"GEO_ID","NAME","S1501_C01_001E","S1501_C01_001M","S1501_C02_001E","S1501_C02_001M","S1501_C03_001E","S1501_C03_001M","S1501_C01_002E","S1501_C01_002M","S1501_C02_002E","S1501_C02_002M","S1501_C03_002E","S1501_C03_002M","S1501_C01_003E","S1501_C01_003M","S1501_C02_003E","S1501_C02_003M","S1501_C03_003E","S1501_C03_003M","S1501_C01_004E","S1501_C01_004M","S1501_C02_004E","S1501_C02_004M","S1501_C03_004E","S1501_C03_004M","S1501_C01_005E","S1501_C01_005M","S1501_C02_005E","S1501_C02_005M","S1501_C03_005E","S1501_C03_005M","S1501_C01_006E","S1501_C01_006M","S1501_C02_006E","S1501_C02_006M","S1501_C03_006E","S1501_C03_006M","S1501_C01_007E","S1501_C01_007M","S1501_C02_007E","S1501_C02_007M","S1501_C03_007E","S1501_C03_007M","S1501_C01_008E","S1501_C01_008M","S1501_C02_008E","S1501_C02_008M","S1501_C03_008E","S1501_C03_008M","S1501_C01_009E","S1501_C01_009M","S1501_C02_009E","S1501_C02_009M","S1501_C03_009E","S1501_C03_009M","S1501_C01_010E","S1501_C01_010M","S1501_C02_010E","S1501_C02_010M","S1501_C03_010E","S1501_C03_010M","S1501_C01_011E","S1501_C01_011M","S1501_C02_011E","S1501_C02_011M","S1501_C03_011E","S1501_C03_011M","S1501_C01_012E","S1501_C01_012M","S1501_C02_012E","S1501_C02_012M","S1501_C03_012E","S1501_C03_012M","S1501_C01_013E","S1501_C01_013M","S1501_C02_013E","S1501_C02_013M","S1501_C03_013E","S1501_C03_013M","S1501_C01_014E","S1501_C01_014M","S1501_C02_014E","S1501_C02_014M","S1501_C03_014E","S1501_C03_014M","S1501_C01_015E","S1501_C01_015M","S1501_C02_015E","S1501_C02_015M","S1501_C03_015E","S1501_C03_015M","S1501_C01_016E","S1501_C01_016M","S1501_C02_016E","S1501_C02_016M","S1501_C03_016E","S1501_C03_016M","S1501_C01_017E","S1501_C01_017M","S1501_C02_017E","S1501_C02_017M","S1501_C03_017E","S1501_C03_017M","S1501_C01_018E","S1501_C01_018M","S1501_C02_018E","S1501_C02_018M","S1501_C03_018E","S1501_C03_018M","S1501_C01_019E","S1501_C01_019M","S1501_C02_019E","S1501_C02_019M","S1501_C03_019E","S1501_C03_019M","S1501_C01_020E","S1501_C01_020M","S1501_C02_020E","S1501_C02_020M","S1501_C03_020E","S1501_C03_020M","S1501_C01_021E","S1501_C01_021M","S1501_C02_021E","S1501_C02_021M","S1501_C03_021E","S1501_C03_021M","S1501_C01_022E","S1501_C01_022M","S1501_C02_022E","S1501_C02_022M","S1501_C03_022E","S1501_C03_022M","S1501_C01_023E","S1501_C01_023M","S1501_C02_023E","S1501_C02_023M","S1501_C03_023E","S1501_C03_023M","S1501_C01_024E","S1501_C01_024M","S1501_C02_024E","S1501_C02_024M","S1501_C03_024E","S1501_C03_024M","S1501_C01_025E","S1501_C01_025M","S1501_C02_025E","S1501_C02_025M","S1501_C03_025E","S1501_C03_025M","S1501_C01_026E","S1501_C01_026M","S1501_C02_026E","S1501_C02_026M","S1501_C03_026E","S1501_C03_026M","S1501_C01_027E","S1501_C01_027M","S1501_C02_027E","S1501_C02_027M","S1501_C03_027E","S1501_C03_027M","S1501_C01_028E","S1501_C01_028M","S1501_C02_028E","S1501_C02_028M","S1501_C03_028E","S1501_C03_028M","S1501_C01_029E","S1501_C01_029M","S1501_C02_029E","S1501_C02_029M","S1501_C03_029E","S1501_C03_029M","S1501_C01_030E","S1501_C01_030M","S1501_C02_030E","S1501_C02_030M","S1501_C03_030E","S1501_C03_030M","S1501_C01_031E","S1501_C01_031M","S1501_C02_031E","S1501_C02_031M","S1501_C03_031E","S1501_C03_031M","S1501_C01_032E","S1501_C01_032M","S1501_C02_032E","S1501_C02_032M","S1501_C03_032E","S1501_C03_032M","S1501_C01_033E","S1501_C01_033M","S1501_C02_033E","S1501_C02_033M","S1501_C03_033E","S1501_C03_033M","S1501_C01_034E","S1501_C01_034M","S1501_C02_034E","S1501_C02_034M","S1501_C03_034E","S1501_C03_034M","S1501_C01_035E","S1501_C01_035M","S1501_C02_035E","S1501_C02_035M","S1501_C03_035E","S1501_C03_035M","S1501_C01_036E","S1501_C01_036M","S1501_C02_036E","S1501_C02_036M","S1501_C03_036E","S1501_C03_036M","S1501_C01_037E","S1501_C01_037M","S1501_C02_037E","S1501_C02_037M","S1501_C03_037E","S1501_C03_037M","S1501_C01_038E","S1501_C01_038M","S1501_C02_038E","S1501_C02_038M","S1501_C03_038E","S1501_C03_038M",
"Geography","Geographic Area Name","Total!!Estimate!!Population 18 to 24 years","Total!!Margin of Error!!Population 18 to 24 years","Male!!Estimate!!Population 18 to 24 years","Male!!Margin of Error!!Population 18 to 24 years","Female!!Estimate!!Population 18 to 24 years","Female!!Margin of Error!!Population 18 to 24 years","Total!!Estimate!!Less than high school graduate","Total!!Margin of Error!!Less than high school graduate","Male!!Estimate!!Less than high school graduate","Male!!Margin of Error!!Less than high school graduate","Female!!Estimate!!Less than high school graduate","Female!!Margin of Error!!Less than high school graduate","Total!!Estimate!!High school graduate (includes equivalency)","Total!!Margin of Error!!High school graduate (includes equivalency)","Male!!Estimate!!High school graduate (includes equivalency)","Male!!Margin of Error!!High school graduate (includes equivalency)","Female!!Estimate!!High school graduate (includes equivalency)","Female!!Margin of Error!!High school graduate (includes equivalency)","Total!!Estimate!!Some college or associate's degree","Total!!Margin of Error!!Some college or associate's degree","Male!!Estimate!!Some college or associate's degree","Male!!Margin of Error!!Some college or associate's degree","Female!!Estimate!!Some college or associate's degree","Female!!Margin of Error!!Some college or associate's degree","Total!!Estimate!!Bachelor's degree or higher","Total!!Margin of Error!!Bachelor's degree or higher","Male!!Estimate!!Bachelor's degree or higher","Male!!Margin of Error!!Bachelor's degree or higher","Female!!Estimate!!Bachelor's degree or higher","Female!!Margin of Error!!Bachelor's degree or higher","Total!!Estimate!!Population 25 years and over","Total!!Margin of Error!!Population 25 years and over","Male!!Estimate!!Population 25 years and over","Male!!Margin of Error!!Population 25 years and over","Female!!Estimate!!Population 25 years and over","Female!!Margin of Error!!Population 25 years and over","Total!!Estimate!!Less than 9th grade","Total!!Margin of Error!!Less than 9th grade","Male!!Estimate!!Less than 9th grade","Male!!Margin of Error!!Less than 9th grade","Female!!Estimate!!Less than 9th grade","Female!!Margin of Error!!Less than 9th grade","Total!!Estimate!!9th to 12th grade, no diploma","Total!!Margin of Error!!9th to 12th grade, no diploma","Male!!Estimate!!9th to 12th grade, no diploma","Male!!Margin of Error!!9th to 12th grade, no diploma","Female!!Estimate!!9th to 12th grade, no diploma","Female!!Margin of Error!!9th to 12th grade, no diploma","Total!!Estimate!!High school graduate (includes equivalency)","Total!!Margin of Error!!High school graduate (includes equivalency)","Male!!Estimate!!High school graduate (includes equivalency)","Male!!Margin of Error!!High school graduate (includes equivalency)","Female!!Estimate!!High school graduate (includes equivalency)","Female!!Margin of Error!!High school graduate (includes equivalency)","Total!!Estimate!!Some college, no degree","Total!!Margin of Error!!Some college, no degree","Male!!Estimate!!Some college, no degree","Male!!Margin of Error!!Some college, no degree","Female!!Estimate!!Some college, no degree","Female!!Margin of Error!!Some college, no degree","Total!!Estimate!!Associate's degree","Total!!Margin of Error!!Associate's degree","Male!!Estimate!!Associate's degree","Male!!Margin of Error!!Associate's degree","Female!!Estimate!!Associate's degree","Female!!Margin of Error!!Associate's degree","Total!!Estimate!!Bachelor's degree","Total!!Margin of Error!!Bachelor's degree","Male!!Estimate!!Bachelor's degree","Male!!Margin of Error!!Bachelor's degree","Female!!Estimate!!Bachelor's degree","Female!!Margin of Error!!Bachelor's degree","Total!!Estimate!!Graduate or professional degree","Total!!Margin of Error!!Graduate or professional degree","Male!!Estimate!!Graduate or professional degree","Male!!Margin of Error!!Graduate or professional degree","Female!!Estimate!!Graduate or professional degree","Female!!Margin of Error!!Graduate or professional degree","Total!!Estimate!!Percent high school graduate or higher","Total!!Margin of Error!!Percent high school graduate or higher","Male!!Estimate!!Percent high school graduate or higher","Male!!Margin of Error!!Percent high school graduate or higher","Female!!Estimate!!Percent high school graduate or higher","Female!!Margin of Error!!Percent high school graduate or higher","Total!!Estimate!!Percent bachelor's degree or higher","Total!!Margin of Error!!Percent bachelor's degree or higher","Male!!Estimate!!Percent bachelor's degree or higher","Male!!Margin of Error!!Percent bachelor's degree or higher","Female!!Estimate!!Percent bachelor's degree or higher","Female!!Margin of Error!!Percent bachelor's degree or higher","Total!!Estimate!!Population 25 to 34 years","Total!!Margin of Error!!Population 25 to 34 years","Male!!Estimate!!Population 25 to 34 years","Male!!Margin of Error!!Population 25 to 34 years","Female!!Estimate!!Population 25 to 34 years","Female!!Margin of Error!!Population 25 to 34 years","Total!!Estimate!!High school graduate or higher","Total!!Margin of Error!!High school graduate or higher","Male!!Estimate!!High school graduate or higher","Male!!Margin of Error!!High school graduate or higher","Female!!Estimate!!High school graduate or higher","Female!!Margin of Error!!High school graduate or higher","Total!!Estimate!!Bachelor's degree or higher","Total!!Margin of Error!!Bachelor's degree or higher","Male!!Estimate!!Bachelor's degree or higher","Male!!Margin of Error!!Bachelor's degree or higher","Female!!Estimate!!Bachelor's degree or higher","Female!!Margin of Error!!Bachelor's degree or higher","Total!!Estimate!!Population 35 to 44 years","Total!!Margin of Error!!Population 35 to 44 years","Male!!Estimate!!Population 35 to 44 years","Male!!Margin of Error!!Population 35 to 44 years","Female!!Estimate!!Population 35 to 44 years","Female!!Margin of Error!!Population 35 to 44 years","Total!!Estimate!!High school graduate or higher","Total!!Margin of Error!!High school graduate or higher","Male!!Estimate!!High school graduate or higher","Male!!Margin of Error!!High school graduate or higher","Female!!Estimate!!High school graduate or higher","Female!!Margin of Error!!High school graduate or higher","Total!!Estimate!!Bachelor's degree or higher","Total!!Margin of Error!!Bachelor's degree or higher","Male!!Estimate!!Bachelor's degree or higher","Male!!Margin of Error!!Bachelor's degree or higher","Female!!Estimate!!Bachelor's degree or higher","Female!!Margin of Error!!Bachelor's degree or higher","Total!!Estimate!!Population 45 to 64 years","Total!!Margin of Error!!Population 45 to 64 years","Male!!Estimate!!Population 45 to 64 years","Male!!Margin of Error!!Population 45 to 64 years","Female!!Estimate!!Population 45 to 64 years","Female!!Margin of Error!!Population 45 to 64 years","Total!!Estimate!!High school graduate or higher","Total!!Margin of Error!!High school graduate or higher","Male!!Estimate!!High school graduate or higher","Male!!Margin of Error!!High school graduate or higher","Female!!Estimate!!High school graduate or higher","Female!!Margin of Error!!High school graduate or higher","Total!!Estimate!!Bachelor's degree or higher","Total!!Margin of Error!!Bachelor's degree or higher","Male!!Estimate!!Bachelor's degree or higher","Male!!Margin of Error!!Bachelor's degree or higher","Female!!Estimate!!Bachelor's degree or higher","Female!!Margin of Error!!Bachelor's degree or higher","Total!!Estimate!!Population 65 years and over","Total!!Margin of Error!!Population 65 years and over","Male!!Estimate!!Population 65 years and over","Male!!Margin of Error!!Population 65 years and over","Female!!Estimate!!Population 65 years and over","Female!!Margin of Error!!Population 65 years and over","Total!!Estimate!!High school graduate or higher","Total!!Margin of Error!!High school graduate or higher","Male!!Estimate!!High school graduate or higher","Male!!Margin of Error!!High school graduate or higher","Female!!Estimate!!High school graduate or higher","Female!!Margin of Error!!High school graduate or higher","Total!!Estimate!!Bachelor's degree or higher","Total!!Margin of Error!!Bachelor's degree or higher","Male!!Estimate!!Bachelor's degree or higher","Male!!Margin of Error!!Bachelor's degree or higher","Female!!Estimate!!Bachelor's degree or higher","Female!!Margin of Error!!Bachelor's degree or higher","Total!!Estimate!!POVERTY RATE FOR THE POPULATION 25 YEARS AND OVER FOR WHOM POVERTY STATUS IS DETERMINED BY EDUCATIONAL ATTAINMENT LEVEL!!Less than high school graduate","Total!!Margin of Error!!POVERTY RATE FOR THE POPULATION 25 YEARS AND OVER FOR WHOM POVERTY STATUS IS DETERMINED BY EDUCATIONAL ATTAINMENT LEVEL!!Less than high school graduate","Male!!Estimate!!POVERTY RATE FOR THE POPULATION 25 YEARS AND OVER FOR WHOM POVERTY STATUS IS DETERMINED BY EDUCATIONAL ATTAINMENT LEVEL!!Less than high school graduate","Male!!Margin of Error!!POVERTY RATE FOR THE POPULATION 25 YEARS AND OVER FOR WHOM POVERTY STATUS IS DETERMINED BY EDUCATIONAL ATTAINMENT LEVEL!!Less than high school graduate","Female!!Estimate!!POVERTY RATE FOR THE POPULATION 25 YEARS AND OVER FOR WHOM POVERTY STATUS IS DETERMINED BY EDUCATIONAL ATTAINMENT LEVEL!!Less than high school graduate","Female!!Margin of Error!!POVERTY RATE FOR THE POPULATION 25 YEARS AND OVER FOR WHOM POVERTY STATUS IS DETERMINED BY EDUCATIONAL ATTAINMENT LEVEL!!Less than high school graduate","Total!!Estimate!!POVERTY RATE FOR THE POPULATION 25 YEARS AND OVER FOR WHOM POVERTY STATUS IS DETERMINED BY EDUCATIONAL ATTAINMENT LEVEL!!High school graduate (includes equivalency)","Total!!Margin of Error!!POVERTY RATE FOR THE POPULATION 25 YEARS AND OVER FOR WHOM POVERTY STATUS IS DETERMINED BY EDUCATIONAL ATTAINMENT LEVEL!!High school graduate (includes equivalency)","Male!!Estimate!!POVERTY RATE FOR THE POPULATION 25 YEARS AND OVER FOR WHOM POVERTY STATUS IS DETERMINED BY EDUCATIONAL ATTAINMENT LEVEL!!High school graduate (includes equivalency)","Male!!Margin of Error!!POVERTY RATE FOR THE POPULATION 25 YEARS AND OVER FOR WHOM POVERTY STATUS IS DETERMINED BY EDUCATIONAL ATTAINMENT LEVEL!!High school graduate (includes equivalency)","Female!!Estimate!!POVERTY RATE FOR THE POPULATION 25 YEARS AND OVER FOR WHOM POVERTY STATUS IS DETERMINED BY EDUCATIONAL ATTAINMENT LEVEL!!High school graduate (includes equivalency)","Female!!Margin of Error!!POVERTY RATE FOR THE POPULATION 25 YEARS AND OVER FOR WHOM POVERTY STATUS IS DETERMINED BY EDUCATIONAL ATTAINMENT LEVEL!!High school graduate (includes equivalency)","Total!!Estimate!!POVERTY RATE FOR THE POPULATION 25 YEARS AND OVER FOR WHOM POVERTY STATUS IS DETERMINED BY EDUCATIONAL ATTAINMENT LEVEL!!Some college or associate's degree","Total!!Margin of Error!!POVERTY RATE FOR THE POPULATION 25 YEARS AND OVER FOR WHOM POVERTY STATUS IS DETERMINED BY EDUCATIONAL ATTAINMENT LEVEL!!Some college or associate's degree","Male!!Estimate!!POVERTY RATE FOR THE POPULATION 25 YEARS AND OVER FOR WHOM POVERTY STATUS IS DETERMINED BY EDUCATIONAL ATTAINMENT LEVEL!!Some college or associate's degree","Male!!Margin of Error!!POVERTY RATE FOR THE POPULATION 25 YEARS AND OVER FOR WHOM POVERTY STATUS IS DETERMINED BY EDUCATIONAL ATTAINMENT LEVEL!!Some college or associate's degree","Female!!Estimate!!POVERTY RATE FOR THE POPULATION 25 YEARS AND OVER FOR WHOM POVERTY STATUS IS DETERMINED BY EDUCATIONAL ATTAINMENT LEVEL!!Some college or associate's degree","Female!!Margin of Error!!POVERTY RATE FOR THE POPULATION 25 YEARS AND OVER FOR WHOM POVERTY STATUS IS DETERMINED BY EDUCATIONAL ATTAINMENT LEVEL!!Some college or associate's degree","Total!!Estimate!!POVERTY RATE FOR THE POPULATION 25 YEARS AND OVER FOR WHOM POVERTY STATUS IS DETERMINED BY EDUCATIONAL ATTAINMENT LEVEL!!Bachelor's degree or higher","Total!!Margin of Error!!POVERTY RATE FOR THE POPULATION 25 YEARS AND OVER FOR WHOM POVERTY STATUS IS DETERMINED BY EDUCATIONAL ATTAINMENT LEVEL!!Bachelor's degree or higher","Male!!Estimate!!POVERTY RATE FOR THE POPULATION 25 YEARS AND OVER FOR WHOM POVERTY STATUS IS DETERMINED BY EDUCATIONAL ATTAINMENT LEVEL!!Bachelor's degree or higher","Male!!Margin of Error!!POVERTY RATE FOR THE POPULATION 25 YEARS AND OVER FOR WHOM POVERTY STATUS IS DETERMINED BY EDUCATIONAL ATTAINMENT LEVEL!!Bachelor's degree or higher","Female!!Estimate!!POVERTY RATE FOR THE POPULATION 25 YEARS AND OVER FOR WHOM POVERTY STATUS IS DETERMINED BY EDUCATIONAL ATTAINMENT LEVEL!!Bachelor's degree or higher","Female!!Margin of Error!!POVERTY RATE FOR THE POPULATION 25 YEARS AND OVER FOR WHOM POVERTY STATUS IS DETERMINED BY EDUCATIONAL ATTAINMENT LEVEL!!Bachelor's degree or higher","Total!!Estimate!!MEDIAN EARNINGS IN THE PAST 12 MONTHS (IN 2012 INFLATION-ADJUSTED DOLLARS)!!Population 25 years and over with earnings","Total!!Margin of Error!!MEDIAN EARNINGS IN THE PAST 12 MONTHS (IN 2012 INFLATION-ADJUSTED DOLLARS)!!Population 25 years and over with earnings","Male!!Estimate!!MEDIAN EARNINGS IN THE PAST 12 MONTHS (IN 2012 INFLATION-ADJUSTED DOLLARS)!!Population 25 years and over with earnings","Male!!Margin of Error!!MEDIAN EARNINGS IN THE PAST 12 MONTHS (IN 2012 INFLATION-ADJUSTED DOLLARS)!!Population 25 years and over with earnings","Female!!Estimate!!MEDIAN EARNINGS IN THE PAST 12 MONTHS (IN 2012 INFLATION-ADJUSTED DOLLARS)!!Population 25 years and over with earnings","Female!!Margin of Error!!MEDIAN EARNINGS IN THE PAST 12 MONTHS (IN 2012 INFLATION-ADJUSTED DOLLARS)!!Population 25 years and over with earnings","Total!!Estimate!!MEDIAN EARNINGS IN THE PAST 12 MONTHS (IN 2012 INFLATION-ADJUSTED DOLLARS)!!Less than high school graduate","Total!!Margin of Error!!MEDIAN EARNINGS IN THE PAST 12 MONTHS (IN 2012 INFLATION-ADJUSTED DOLLARS)!!Less than high school graduate","Male!!Estimate!!MEDIAN EARNINGS IN THE PAST 12 MONTHS (IN 2012 INFLATION-ADJUSTED DOLLARS)!!Less than high school graduate","Male!!Margin of Error!!MEDIAN EARNINGS IN THE PAST 12 MONTHS (IN 2012 INFLATION-ADJUSTED DOLLARS)!!Less than high school graduate","Female!!Estimate!!MEDIAN EARNINGS IN THE PAST 12 MONTHS (IN 2012 INFLATION-ADJUSTED DOLLARS)!!Less than high school graduate","Female!!Margin of Error!!MEDIAN EARNINGS IN THE PAST 12 MONTHS (IN 2012 INFLATION-ADJUSTED DOLLARS)!!Less than high school graduate","Total!!Estimate!!MEDIAN EARNINGS IN THE PAST 12 MONTHS (IN 2012 INFLATION-ADJUSTED DOLLARS)!!High school graduate (includes equivalency)","Total!!Margin of Error!!MEDIAN EARNINGS IN THE PAST 12 MONTHS (IN 2012 INFLATION-ADJUSTED DOLLARS)!!High school graduate (includes equivalency)","Male!!Estimate!!MEDIAN EARNINGS IN THE PAST 12 MONTHS (IN 2012 INFLATION-ADJUSTED DOLLARS)!!High school graduate (includes equivalency)","Male!!Margin of Error!!MEDIAN EARNINGS IN THE PAST 12 MONTHS (IN 2012 INFLATION-ADJUSTED DOLLARS)!!High school graduate (includes equivalency)","Female!!Estimate!!MEDIAN EARNINGS IN THE PAST 12 MONTHS (IN 2012 INFLATION-ADJUSTED DOLLARS)!!High school graduate (includes equivalency)","Female!!Margin of Error!!MEDIAN EARNINGS IN THE PAST 12 MONTHS (IN 2012 INFLATION-ADJUSTED DOLLARS)!!High school graduate (includes equivalency)","Total!!Estimate!!MEDIAN EARNINGS IN THE PAST 12 MONTHS (IN 2012 INFLATION-ADJUSTED DOLLARS)!!Some college or associate's degree","Total!!Margin of Error!!MEDIAN EARNINGS IN THE PAST 12 MONTHS (IN 2012 INFLATION-ADJUSTED DOLLARS)!!Some college or associate's degree","Male!!Estimate!!MEDIAN EARNINGS IN THE PAST 12 MONTHS (IN 2012 INFLATION-ADJUSTED DOLLARS)!!Some college or associate's degree","Male!!Margin of Error!!MEDIAN EARNINGS IN THE PAST 12 MONTHS (IN 2012 INFLATION-ADJUSTED DOLLARS)!!Some college or associate's degree","Female!!Estimate!!MEDIAN EARNINGS IN THE PAST 12 MONTHS (IN 2012 INFLATION-ADJUSTED DOLLARS)!!Some college or associate's degree","Female!!Margin of Error!!MEDIAN EARNINGS IN THE PAST 12 MONTHS (IN 2012 INFLATION-ADJUSTED DOLLARS)!!Some college or associate's degree","Total!!Estimate!!MEDIAN EARNINGS IN THE PAST 12 MONTHS (IN 2012 INFLATION-ADJUSTED DOLLARS)!!Bachelor's degree","Total!!Margin of Error!!MEDIAN EARNINGS IN THE PAST 12 MONTHS (IN 2012 INFLATION-ADJUSTED DOLLARS)!!Bachelor's degree","Male!!Estimate!!MEDIAN EARNINGS IN THE PAST 12 MONTHS (IN 2012 INFLATION-ADJUSTED DOLLARS)!!Bachelor's degree","Male!!Margin of Error!!MEDIAN EARNINGS IN THE PAST 12 MONTHS (IN 2012 INFLATION-ADJUSTED DOLLARS)!!Bachelor's degree","Female!!Estimate!!MEDIAN EARNINGS IN THE PAST 12 MONTHS (IN 2012 INFLATION-ADJUSTED DOLLARS)!!Bachelor's degree","Female!!Margin of Error!!MEDIAN EARNINGS IN THE PAST 12 MONTHS (IN 2012 INFLATION-ADJUSTED DOLLARS)!!Bachelor's degree","Total!!Estimate!!MEDIAN EARNINGS IN THE PAST 12 MONTHS (IN 2012 INFLATION-ADJUSTED DOLLARS)!!Graduate or professional degree","Total!!Margin of Error!!MEDIAN EARNINGS IN THE PAST 12 MONTHS (IN 2012 INFLATION-ADJUSTED DOLLARS)!!Graduate or professional degree","Male!!Estimate!!MEDIAN EARNINGS IN THE PAST 12 MONTHS (IN 2012 INFLATION-ADJUSTED DOLLARS)!!Graduate or professional degree","Male!!Margin of Error!!MEDIAN EARNINGS IN THE PAST 12 MONTHS (IN 2012 INFLATION-ADJUSTED DOLLARS)!!Graduate or professional degree","Female!!Estimate!!MEDIAN EARNINGS IN THE PAST 12 MONTHS (IN 2012 INFLATION-ADJUSTED DOLLARS)!!Graduate or professional degree","Female!!Margin of Error!!MEDIAN EARNINGS IN THE PAST 12 MONTHS (IN 2012 INFLATION-ADJUSTED DOLLARS)!!Graduate or professional degree","Total!!Estimate!!PERCENT IMPUTED!!Educational attainment","Total!!Margin of Error!!PERCENT IMPUTED!!Educational attainment","Male!!Estimate!!PERCENT IMPUTED!!Educational attainment","Male!!Margin of Error!!PERCENT IMPUTED!!Educational attainment","Female!!Estimate!!PERCENT IMPUTED!!Educational attainment","Female!!Margin of Error!!PERCENT IMPUTED!!Educational attainment",
"1400000US06111000100","Census Tract 1, Ventura County, California","50","50","26","26","24","27","24.0","36.5","30.8","45.8","16.7","32.6","0.0","45.1","0.0","62.5","0.0","65.0","76.0","36.5","69.2","45.8","83.3","32.6","0.0","45.1","0.0","62.5","0.0","65.0","524","106","285","66","239","68","2.3","2.9","1.8","2.3","2.9","5.7","5.2","4.7","7.7","7.4","2.1","3.6","23.7","9.0","20.4","10.0","27.6","15.1","24.2","8.2","31.6","11.5","15.5","11.4","5.5","5.2","4.9","7.2","6.3","7.7","28.2","9.0","26.7","10.2","30.1","12.3","10.9","7.2","7.0","6.7","15.5","12.0","92.6","5.4","90.5","7.6","95.0","6.4","39.1","10.2","33.7","11.3","45.6","15.1","53","40","37","37","16","21","100.0","43.8","100.0","52.4","100.0","79.6","39.6","22.1","48.6","20.9","18.8","55.1","46","32","31","29","15","17","89.1","20.3","100.0","57.2","66.7","57.4","50.0","41.2","41.9","51.8","66.7","57.4","316","82","156","51","160","59","96.2","3.6","92.9","6.7","99.4","1.7","40.2","11.4","33.3","14.5","46.9","17.2","109","64","61","41","48","31","79.8","20.1","73.8","30.9","87.5","27.2","31.2","29.4","21.3","27.5","43.8","35.5","84.6","24.4","77.8","35.2","100.0","92.0","10.5","16.6","12.1","20.3","9.1","16.7","21.2","18.2","27.9","25.8","7.7","11.8","6.8","9.5","1.0","2.4","11.9","17.3","27198","9062","35357","21354","21635","18498","8750","39502","31042","14216","6500","778","36429","17724","36518","17826","27404","54076","20577","5864","18304","5560","22404","50883","63250","64562","72404","100051","4087","799","55625","53316","69167","49296","4231","32104","1.1","(X)","(X)","(X)","(X)","(X)",
"1400000US06111000200","Census Tract 2, Ventura County, California","304","76","134","61","170","68","23.0","14.5","17.2","17.8","27.6","20.6","29.3","14.0","48.5","20.3","14.1","15.3","47.7","13.8","34.3","17.5","58.2","21.4","0.0","11.6","0.0","24.1","0.0","19.7","1393","175","671","111","722","102","28.9","7.9","33.2","9.7","24.9","9.6","16.7","5.7","15.5","6.8","17.9","8.5","17.7","6.3","20.9","8.8","14.8","8.7","20.7","6.4","18.6","8.0","22.6","8.6","8.3","5.8","5.5","5.5","10.9","9.7","3.7","3.5","1.8","2.7","5.4","5.3","3.9","2.9","4.5","4.5","3.5","3.3","54.3","7.4","51.3","9.3","57.2","11.1","7.6","5.1","6.3","5.2","8.9","5.5","431","113","177","67","254","71","68.0","13.7","71.2","18.1","65.7","19.7","5.6","8.1","0.0","19.0","9.4","13.2","248","75","142","54","106","37","62.5","22.6","64.8","25.6","59.4","28.4","12.9","14.0","22.5","22.4","0.0","29.0","539","107","272","74","267","68","44.2","12.1","33.8","17.0","54.7","15.5","7.4","5.2","0.0","12.9","15.0","10.3","175","74","80","36","95","58","40.6","20.1","42.5","25.4","38.9","28.9","5.7","9.5","12.5","19.5","0.0","31.4","20.9","10.6","16.8","11.0","25.2","14.1","9.3","8.4","12.1","12.7","5.6","9.4","5.7","6.4","4.9","7.0","6.2","9.2","7.5","14.1","0.0","49.2","12.5","21.5","24539","3313","32750","11645","21528","3507","18839","4308","22688","4867","14427","3213","25769","9776","25962","28011","23750","19643","35600","15495","38750","19502","24148","7131","-","**","-","**","-","**","70114","36991","-","**","72386","107893","2.0","(X)","(X)","(X)","(X)","(X)",
"1400000US06111000302","Census Tract 3.02, Ventura County, California","666","239","286","136","380","213","6.0","7.5","7.7","12.8","4.7","8.0","19.8","13.4","25.5","21.4","15.5","15.5","55.9","14.0","53.5","21.7","57.6","18.4","18.3","12.1","13.3","12.8","22.1","17.2","4088","362","1903","304","2185","262","19.3","6.4","20.4","7.9","18.3","7.6","15.4","6.4","13.3","6.2","17.1","9.8","19.3","6.7","17.9","7.5","20.6","8.7","23.4","5.6","27.4","8.7","19.9","6.5","4.1","2.3","3.2","2.2","4.9","3.6","10.0","4.1","12.5","6.9","7.8","5.2","8.6","3.7","5.4","2.6","11.4","6.6","65.4","8.7","66.3","11.2","64.6","9.9","18.6","6.8","17.9","7.3","19.2","7.9","643","218","285","136","358","154","68.9","16.8","77.2","20.4","62.3","23.0","25.2","16.3","20.7","20.5","28.8","25.0","872","222","490","167","382","139","59.3","14.6","51.4","18.8","69.4","16.5","21.2","15.5","17.1","16.6","26.4","18.0","1562","310","705","154","857","251","69.1","9.3","67.1","14.1","70.8","12.2","18.1","8.7","17.7","10.4","18.4","9.2","1011","156","423","125","588","140","62.5","15.0","74.7","19.5","53.7","18.7","12.9","7.1","17.0","12.8","9.9","6.6","18.7","11.3","15.4","9.5","21.4","16.0","0.0","4.6","0.0","10.4","0.0","8.0","3.0","3.5","0.0","6.2","6.3","6.8","7.1","11.6","0.0","10.4","12.9","19.5","30379","5894","34688","22672","24148","6964","23333","7013","31083","15617","21740","3485","30602","9975","51250","35462","28015","20570","31111","18491","26028","20183","37292","15107","55025","39955","58942","12682","10268","4695","37393","74541","71319","74518","36714","64798","7.4","(X)","(X)","(X)","(X)","(X)",
"1400000US06111000303","Census Tract 3.03, Ventura County, California","386","164","199","127","187","96","23.6","14.1","25.1","25.9","21.9","22.3","26.9","20.4","27.1","34.4","26.7","24.9","37.0","12.6","23.6","20.8","51.3","23.8","12.4","13.3","24.1","22.3","0.0","18.1","3110","252","1571","182","1539","155","15.7","7.5","17.1","7.5","14.4","9.3","12.5","5.5","16.9","9.6","7.9","4.2","22.5","6.8","19.2","7.7","25.9","11.1","25.7","9.8","22.9","11.4","28.6","11.2","8.0","5.0","7.0","5.7","9.0","6.3","7.1","3.2","5.8","4.3","8.4","5.2","8.5","4.0","11.1","6.2","5.9","5.5","71.8","7.9","66.0","10.4","77.7","9.8","15.6","4.8","16.9","7.0","14.3","7.1","549","249","292","173","257","147","90.3","10.1","86.3","14.7","94.9","10.1","16.6","10.9","20.9","19.0","11.7","17.0","1005","208","581","119","424","145","61.7","14.9","57.0","21.7","68.2","23.3","11.1","6.9","4.3","5.6","20.5","17.0","1009","214","440","139","569","133","72.4","10.3","61.8","16.8","80.7","13.1","15.1","9.5","15.2","12.5","14.9","14.0","547","177","258","116","289","109","70.6","15.7","70.5","19.8","70.6","19.1","23.8","15.9","43.4","24.2","6.2","7.8","25.0","19.4","17.4","18.8","37.9","25.1","3.1","5.2","0.0","11.7","5.7","9.6","2.7","3.3","0.0","7.8","4.8","5.7","0.0","7.5","0.0","13.5","0.0","15.6","39172","8707","40140","6017","36932","21862","25026","4114","25540","1871","13021","3869","38512","15576","52762","8775","16477","13023","43342","9984","42951","24343","44750","25813","61983","20366","41125","52459","62457","66584","115250","56195","91500","94904","116250","51487","8.2","(X)","(X)","(X)","(X)","(X)",
"1400000US06111000304","Census Tract 3.04, Ventura County, California","441","192","240","114","201","145","26.5","19.1","24.6","18.9","28.9","33.0","7.9","11.3","10.8","18.2","4.5","9.5","58.7","24.6","55.8","27.8","62.2","40.8","6.8","12.2","8.8","18.8","4.5","9.6","2678","314","1378","229","1300","127","24.1","6.7","23.4","8.5","24.8","7.8","13.5","6.2","13.8","7.8","13.2","7.7","16.9","4.7","17.9","7.1","15.8","6.2","21.8","5.1","24.9","7.6","18.6","7.8","7.1","6.7","7.7","7.1","6.5","6.8","7.4","3.3","6.7","4.3","8.2","5.3","9.1","5.7","5.7","5.1","12.8","7.4","62.4","7.7","62.8","9.7","61.9","9.3","16.5","6.5","12.3","5.7","20.9","9.5","764","238","319","146","445","125","53.9","20.1","45.5","25.8","60.0","21.4","7.1","7.2","2.8","5.3","10.1","9.8","841","191","454","141","387","126","70.6","14.5","73.1","18.3","67.7","17.4","29.5","17.6","20.3","14.9","40.3","23.8","827","197","492","132","335","90","66.9","12.9","64.2","12.6","70.7","18.8","14.6","7.3","11.0","9.4","20.0","13.3","246","106","113","55","133","79","45.5","19.5","64.6","22.0","29.3","25.3","7.7","7.9","13.3","14.1","3.0","6.1","15.2","10.3","14.8","11.8","15.6","11.1","14.6","14.3","18.2","21.8","10.2","11.3","11.9","9.3","2.4","3.8","24.8","19.9","2.3","3.9","0.0","19.7","3.7","6.1","26184","3447","27386","9293","22632","7103","18000","6063","21681","8361","11674","5282","26991","17477","42679","24613","19421","5479","27230","10115","27377","10693","22143","33493","32679","11915","26894","13846","33631","19392","101691","23300","105291","57956","100481","77395","5.2","(X)","(X)","(X)","(X)","(X)",
"1400000US06111000400","Census Tract 4, Ventura County, California","1101","199","527","158","574","136","20.9","8.8","34.5","15.0","8.4","7.8","22.6","8.1","16.3","10.4","28.4","14.0","55.7","12.3","47.4","16.6","63.2","14.3","0.8","1.4","1.7","2.9","0.0","6.3","3709","263","1895","187","1814","174","26.4","5.4","32.3","7.5","20.2","5.6","10.6","4.6","8.2","4.8","13.2","5.8","17.0","3.3","16.0","4.8","18.0","5.3","24.6","4.3","24.7","6.6","24.4","5.4","6.4","2.6","5.0","3.7","7.9","3.2","8.4","2.5","6.5","3.1","10.4","3.7","6.6","2.5","7.3","2.5","5.8","3.8","63.0","5.9","59.5","6.9","66.6","6.6","15.0","3.7","13.8","4.2","16.3","4.7","819","199","366","115","453","143","68.1","14.9","73.8","17.9","63.6","16.1","11.0","7.5","10.7","10.5","11.3","9.7","853","180","469","139","384","95","56.2","14.2","54.2","15.4","58.6","19.7","6.3","4.7","5.1","4.6","7.8","7.5","1379","140","708","92","671","83","64.8","9.3","55.2","12.1","75.0","9.6","18.7","7.0","16.1","7.8","21.5","8.3","658","111","352","75","306","84","61.6","11.5","60.5","14.3","62.7","15.7","23.4","8.5","23.9","10.5","22.9","14.1","17.8","10.7","13.7","9.6","22.9","13.2","5.4","5.9","0.7","2.1","9.8","11.0","8.5","5.4","6.6","7.9","10.4","8.9","2.8","3.7","5.5","8.6","0.7","1.5","26186","2440","29551","7646","21076","6036","18021","6396","20885","5210","10444","5067","26461","2057","32292","21655","19158","6109","30551","6528","55625","25115","23686","6150","58092","31969","8875","123011","58684","22957","102778","18794","119405","74432","69405","13056","4.0","(X)","(X)","(X)","(X)","(X)",
"1400000US06111000500","Census Tract 5, Ventura County, California","330","123","250","116","80","60","30.0","14.7","39.6","20.1","0.0","35.3","39.1","10.7","24.4","10.8","85.0","19.0","30.9","15.2","36.0","18.2","15.0","19.0","0.0","10.7","0.0","13.9","0.0","35.3","1903","219","1102","212","801","118","27.1","9.4","22.8","8.4","33.0","14.6","22.0","7.3","32.8","9.3","7.1","4.3","21.3","7.4","18.5","7.1","25.2","12.1","18.4","5.4","14.2","6.1","24.2","8.3","5.8","3.1","3.8","3.3","8.6","5.4","2.6","2.0","3.5","2.9","1.2","2.0","2.8","3.0","4.4","5.3","0.6","0.8","50.9","6.5","44.4","8.5","59.9","14.8","5.4","3.1","7.9","5.4","1.9","2.2","473","152","332","118","141","63","49.0","13.5","33.7","14.3","85.1","13.6","2.3","3.8","3.3","5.5","0.0","23.1","499","200","367","173","132","75","56.5","18.1","56.1","16.1","57.6","38.9","5.2","5.2","7.1","6.4","0.0","24.4","497","118","204","72","293","64","43.9","17.5","31.9","18.7","52.2","23.4","2.4","3.2","0.0","16.7","4.1","5.5","434","126","199","71","235","74","54.6","11.9","53.3","28.2","55.7","21.7","12.2","12.2","25.1","28.2","1.3","2.4","15.7","13.6","18.9","12.2","12.1","17.3","12.5","12.0","4.2","7.1","17.3","16.8","11.1","8.9","0.0","20.5","17.9","13.7","0.0","36.4","0.0","40.8","0.0","82.3","23253","2918","20459","4576","26447","2698","19359","4445","15938","5156","24773","6284","29938","5943","28438","9602","31277","2188","37143","19303","48563","37947","35625","20594","120057","124897","120625","76375","-","**","13802","162","-","**","-","**","9.8","(X)","(X)","(X)","(X)","(X)",
"1400000US06111000600","Census Tract 6, Ventura County, California","621","180","327","109","294","128","16.6","8.7","31.5","16.4","0.0","12.0","36.6","12.3","32.1","16.5","41.5","18.2","38.5","11.7","27.2","18.2","51.0","18.8","8.4","8.0","9.2","11.2","7.5","10.9","3456","478","1805","323","1651","218","32.5","8.7","29.5","8.8","35.7","10.2","15.2","4.9","19.7","7.0","10.2","5.0","21.1","5.0","21.9","6.4","20.2","7.3","22.2","5.7","20.2","6.2","24.4","8.6","4.0","2.4","2.9","2.8","5.2","3.8","3.2","2.1","3.7","3.0","2.7","2.5","1.9","1.3","2.2","2.0","1.6","1.6","52.3","8.1","50.8","8.2","54.0","11.0","5.1","2.5","5.8","3.6","4.2","2.9","1047","235","546","145","501","149","56.4","12.7","52.6","16.9","60.5","17.1","1.1","1.6","1.1","2.0","1.2","2.2","721","159","384","123","337","92","45.5","12.8","38.5","14.2","53.4","19.3","1.9","2.6","1.8","4.3","2.1","3.2","1026","255","574","173","452","117","57.2","14.8","60.5","17.9","53.1","17.5","10.1","6.1","13.2","9.5","6.2","5.8","662","153","301","141","361","107","45.9","14.1","44.9","16.3","46.8","17.5","6.8","7.3","5.3","9.1","8.0","10.1","23.4","9.5","19.0","11.6","28.6","9.9","40.6","12.6","33.6","18.3","48.9","17.3","11.9","8.7","7.0","10.9","16.2","12.9","16.0","22.5","26.7","35.3","0.0","38.1","18898","2077","20630","2576","17244","2032","16208","2163","17481","3165","13125","6156","16458","5125","20529","6929","11379","4362","27936","6693","46806","13520","22051","6803","33500","9726","31042","37083","33938","11924","78393","26818","78036","53335","82679","42668","10.1","(X)","(X)","(X)","(X)","(X)",
"1400000US06111000701","Census Tract 7.01, Ventura County, California","1018","555","564","432","454","221","59.4","18.6","56.6","27.3","63.0","20.1","31.3","15.4","40.6","25.5","19.8","14.3","8.0","8.1","2.8","5.9","14.3","14.0","1.3","2.4","0.0","6.4","2.9","4.9","3316","313","1599","215","1717","183","21.9","6.0","24.8","9.1","19.2","6.3","10.9","4.0","12.4","8.3","9.6","4.8","33.4","8.4","35.3","9.0","31.6","11.0","20.9","6.6","16.7","7.6","24.8","8.6","3.1","2.1","2.9","2.6","3.3","3.2","8.1","4.1","6.3","5.2","9.7","5.6","1.8","1.6","1.7","2.5","1.9","2.3","67.2","5.9","62.9","10.1","71.2","8.3","9.8","4.4","8.0","6.1","11.5","5.7","922","254","447","207","475","147","75.2","16.3","66.2","31.1","83.6","14.0","7.3","8.0","0.0","8.0","14.1","14.8","783","253","462","186","321","108","81.4","11.9","77.1","15.1","87.5","12.3","17.5","11.5","15.6","14.9","20.2","16.3","1070","196","500","106","570","136","58.6","11.2","53.2","19.8","63.3","16.0","9.5","8.9","10.6","14.7","8.6","9.7","541","113","190","66","351","84","50.1","14.7","45.8","23.9","52.4","18.6","3.7","4.0","1.6","3.6","4.8","6.0","20.7","9.2","8.6","6.7","35.6","13.5","13.8","9.2","12.2","10.5","15.5","15.0","10.2","8.4","19.0","15.7","4.3","5.5","10.2","14.4","0.0","25.6","16.7","22.3","29195","2425","30986","5685","26533","5441","26452","4163","28292","1926","14083","7318","28166","5594","40436","11515","21389","4516","30652","15225","27386","14806","32321","30507","63569","20395","87596","48638","32083","33061","36250","154769","-","**","128333","124590","3.0","(X)","(X)","(X)","(X)","(X)",
"1400000US06111000702","Census Tract 7.02, Ventura County, California","489","218","333","199","156","84","11.5","10.0","8.1","8.4","18.6","21.4","24.3","15.1","30.9","23.6","10.3","16.0","64.2","16.3","61.0","24.1","71.2","24.8","0.0","7.4","0.0","10.6","0.0","21.2","1956","252","1004","184","952","124","24.4","8.6","38.5","14.2","9.5","6.4","10.3","4.7","5.9","4.4","15.0","7.4","24.9","7.2","29.4","13.3","20.2","10.3","22.6","7.6","10.4","6.1","35.6","14.6","8.6","5.3","8.5","5.1","8.7","7.0","5.6","3.4","6.4","5.7","4.8","3.2","3.5","2.7","1.0","1.1","6.2","5.3","65.3","9.0","55.6","14.2","75.5","11.2","9.2","5.6","7.4","5.8","11.0","6.4","566","238","340","174","226","93","60.6","20.8","55.6","40.0","68.1","24.5","4.1","4.3","1.5","2.6","8.0","7.9","410","169","168","89","242","112","73.9","16.4","54.8","24.0","87.2","15.6","6.6","6.3","0.0","19.9","11.2","10.8","684","216","347","141","337","136","73.1","14.2","64.0","18.6","82.5","15.0","16.8","13.3","15.9","14.1","17.8","15.5","296","103","149","81","147","63","44.3","15.5","36.9","21.6","51.7","21.3","4.7","6.9","9.4","14.9","0.0","22.3","21.4","11.8","15.7","16.2","32.2","21.9","1.4","2.5","0.0","11.9","3.6","6.8","9.2","13.0","1.6","2.9","12.6","18.5","0.0","18.8","0.0","36.9","0.0","29.2","36691","7259","36696","10939","36667","9866","26298","7894","27131","13312","15750","18961","35766","9644","36484","17568","33750","9733","43696","9896","44130","11656","41447","23646","53147","9503","54267","44175","34167","38596","66204","18844","151000","133052","66019","17144","1.8","(X)","(X)","(X)","(X)","(X)",
"1400000US06111000800","Census Tract 8, Ventura County, California","689","161","206","78","483","133","7.5","6.8","10.2","12.2","6.4","8.1","25.7","13.9","46.1","25.1","17.0","11.4","58.3","13.8","43.7","22.9","64.6","14.5","8.4","7.9","0.0","16.6","12.0","11.6","4823","357","2198","224","2625","242","13.6","3.3","14.7","4.1","12.7","4.0","6.6","2.8","7.0","3.5","6.2","3.0","21.5","4.4","19.5","6.5","23.1","5.1","26.6","3.9","24.2","5.3","28.6","6.3","6.6","2.3","7.1","3.7","6.1","2.8","16.3","5.0","16.5","5.5","16.2","6.7","8.8","3.2","11.0","4.3","7.0","4.1","79.8","4.0","78.3","5.2","81.1","4.7","25.2","6.2","27.4","7.3","23.2","6.8","821","256","461","175","360","121","83.1","9.1","80.7","11.4","86.1","11.5","30.8","21.9","29.9","27.6","31.9","17.6","915","206","376","106","539","130","72.2","13.1","62.0","16.6","79.4","13.0","29.6","12.5","19.7","13.4","36.5","14.8","1865","229","864","137","1001","172","82.6","6.0","81.8","7.8","83.3","8.7","21.9","7.4","27.3","9.5","17.3","9.1","1222","182","497","118","725","122","79.0","7.7","82.3","8.8","76.7","8.8","22.9","9.0","31.2","14.5","17.2","9.8","23.3","11.1","18.9","9.8","27.6","14.5","13.4","7.9","7.9","7.9","17.3","9.9","5.7","3.6","1.4","1.9","9.0","5.5","11.1","10.2","2.5","2.7","19.7","19.4","36119","5535","39428","5678","30893","7549","21417","4866","23789","11459","18882","7738","42595","10279","40938","13961","43070","19720","36598","4927","41406","20289","35176","16631","37813","34327","24375","40933","44375","34648","71055","29100","75407","31509","70273","68119","5.9","(X)","(X)","(X)","(X)","(X)",
"1400000US06111000901","Census Tract 9.01, Ventura County, California","106","52","46","34","60","38","12.3","18.5","0.0","47.0","21.7","31.1","24.5","24.3","0.0","47.0","43.3","34.8","63.2","30.1","100.0","47.0","35.0","37.7","0.0","29.0","0.0","47.0","0.0","41.1","2089","220","976","139","1113","127","3.1","2.5","1.9","2.6","4.1","3.1","5.2","3.0","5.9","5.0","4.6","3.5","9.6","3.5","9.7","4.2","9.5","4.6","27.7","6.1","18.4","6.8","35.8","8.1","5.8","2.7","3.5","2.8","7.9","4.1","26.5","6.6","33.8","9.2","20.0","6.4","22.0","4.2","26.6","6.6","18.0","5.2","91.7","3.6","92.1","5.2","91.3","4.4","48.5","6.9","60.5","8.6","38.0","7.7","115","60","62","35","53","44","54.8","27.5","33.9","34.7","79.2","26.9","20.0","20.9","16.1","25.1","24.5","35.7","191","52","73","42","118","36","88.5","14.8","98.6","5.5","82.2","21.4","44.5","24.4","57.5","32.7","36.4","26.6","1083","157","537","92","546","99","94.0","4.9","93.9","8.5","94.1","5.3","48.6","8.9","56.4","11.2","40.8","11.6","700","120","304","69","396","78","95.0","5.1","99.3","1.7","91.7","8.1","54.1","11.6","77.3","13.3","36.4","13.1","14.8","16.0","2.7","7.3","25.6","28.6","14.3","15.5","8.6","15.2","20.2","21.8","9.6","6.9","2.5","4.4","12.7","9.4","3.0","2.4","2.7","2.8","3.3","4.5","37606","7642","45208","21210","35038","7828","30703","24765","35917","38033","19861","22243","48125","40130","51625","46493","2,500-","***","30406","9251","25170","9665","31688","6238","62619","46306","48611","64309","63214","27098","89180","46091","106364","121321","66094","71801","8.1","(X)","(X)","(X)","(X)","(X)",
"1400000US06111000902","Census Tract 9.02, Ventura County, California","99","48","44","35","55","40","2.0","6.3","4.5","14.2","0.0","43.0","25.3","23.6","40.9","40.9","12.7","24.1","59.6","28.8","54.5","45.5","63.6","34.8","13.1","16.2","0.0","48.0","23.6","31.6","1529","184","758","139","771","85","13.5","11.5","19.3","15.5","7.8","7.8","2.8","2.1","4.0","3.9","1.7","1.6","15.4","5.4","14.4","7.3","16.5","7.6","21.1","5.5","17.9","7.6","24.3","6.7","8.2","4.3","2.2","2.7","14.1","8.0","20.7","6.1","19.7","8.3","21.7","8.6","18.2","6.9","22.6","8.9","14.0","6.6","83.7","11.4","76.8","15.4","90.5","7.8","38.9","8.7","42.2","12.9","35.7","9.5","243","113","161","103","82","45","76.1","27.6","66.5","38.7","95.1","8.6","24.3","18.3","16.1","19.1","40.2","21.8","212","134","86","68","126","70","43.4","26.9","19.8","26.5","59.5","35.6","4.7","7.3","11.6","18.9","0.0","25.3","694","106","309","54","385","72","94.7","4.5","90.9","9.6","97.7","2.2","48.7","9.5","54.0","15.2","44.4","14.1","380","66","202","53","178","43","91.1","7.9","87.6","11.8","94.9","7.9","49.5","14.2","57.9","18.1","39.9","18.4","21.7","18.0","27.3","28.4","7.4","15.5","22.9","19.3","10.1","12.9","34.4","31.5","15.2","9.6","9.5","10.3","18.3","13.2","2.2","2.6","0.0","11.0","4.7","5.6","42894","14844","44051","8998","30063","12696","11667","20348","15590","31994","8639","425","43021","22534","43977","7146","23750","19592","28833","8095","26250","23810","29323","8374","65156","23665","82794","33050","53625","17881","84688","17703","100179","37231","63125","41405","4.4","(X)","(X)","(X)","(X)","(X)",
"1400000US06111000903","Census Tract 9.03, Ventura County, California","415","102","96","65","319","83","9.4","10.3","14.6","18.6","7.8","11.5","24.1","18.7","34.4","27.6","21.0","19.1","64.1","23.6","51.0","37.7","68.0","22.4","2.4","3.9","0.0","31.2","3.1","5.1","3820","251","1741","186","2079","180","4.0","2.2","4.9","2.9","3.2","2.1","4.0","2.5","5.9","4.5","2.4","2.3","14.7","4.3","16.2","6.1","13.5","5.7","27.9","5.6","28.2","8.6","27.6","7.3","4.6","3.2","1.6","1.7","7.1","5.7","29.9","5.7","26.4","8.0","32.9","8.0","15.0","4.0","16.9","5.8","13.3","4.7","92.0","3.0","89.3","4.8","94.4","3.0","44.9","6.6","43.3","8.9","46.2","8.2","502","254","272","168","230","139","88.0","14.1","77.9","26.0","100.0","15.0","17.9","19.4","20.2","29.2","15.2","25.0","546","116","268","56","278","87","92.7","6.9","85.1","13.7","100.0","12.6","45.1","18.3","40.7","20.7","49.3","24.1","1897","171","869","90","1028","120","92.5","4.4","93.6","6.4","91.6","5.1","55.6","8.1","51.7","11.9","58.9","11.5","875","133","332","77","543","119","92.9","5.8","90.7","11.6","94.3","6.5","37.0","12.2","42.5","15.8","33.7","14.9","14.2","19.9","23.8","33.2","0.0","26.9","3.2","3.8","3.9","6.4","2.6","4.6","9.7","8.5","5.1","6.8","13.0","13.8","4.5","3.9","0.0","4.8","8.0","6.9","42478","7692","50644","8224","34245","13434","11813","12213","12083","18653","-","**","43264","11198","51481","8309","18272","18840","36023","21844","46950","11341","23735","9246","43409","9454","52083","53511","42841","6783","90893","15712","114107","30939","75250","30177","2.3","(X)","(X)","(X)","(X)","(X)",
"1400000US06111001001","Census Tract 10.01, Ventura County, California","338","139","214","113","124","76","25.7","16.9","22.4","19.6","31.5","23.0","18.3","17.2","18.2","26.8","18.5","16.8","38.5","22.5","43.9","35.0","29.0","17.9","17.5","15.8","15.4","21.9","21.0","23.9","1720","232","830","158","890","129","5.1","4.0","7.3","7.8","3.0","2.3","4.1","3.3","2.2","2.7","5.8","5.9","26.0","8.3","31.9","12.5","20.6","9.3","34.8","6.9","31.8","10.6","37.6","11.6","10.3","5.1","4.7","3.8","15.5","8.6","14.5","6.4","19.0","9.6","10.3","5.6","5.1","3.1","3.0","3.2","7.1","4.5","90.8","5.4","90.5","8.5","91.1","6.2","19.7","6.7","22.0","9.7","17.4","6.9","122","81","25","27","97","74","93.4","14.4","100.0","63.7","91.8","19.8","15.6","22.5","0.0","63.7","19.6","27.5","330","125","99","62","231","97","85.5","15.4","69.7","34.4","92.2","12.6","8.5","10.1","9.1","15.3","8.2","9.7","902","191","523","134","379","106","95.9","4.1","98.7","2.8","92.1","9.0","25.8","10.9","28.1","14.0","22.7","12.5","366","115","183","91","183","78","82.2","13.6","77.0","23.3","87.4","11.3","15.8","10.7","14.8","12.6","16.9","15.7","8.5","14.4","16.4","31.4","0.0","38.6","17.3","15.7","29.3","25.4","0.0","18.6","7.4","7.1","10.2","10.5","5.6","6.2","7.9","8.8","5.6","9.7","10.4","14.8","36222","6809","53053","16932","25888","4507","21094","16636","18750","37730","21094","30910","36339","27205","54899","8098","26622","6555","35287","12165","39808","45311","26172","11050","43375","19259","50313","47376","43000","40102","15694","85260","250,000+","***","2,500-","***","6.7","(X)","(X)","(X)","(X)","(X)",
"1400000US06111001002","Census Tract 10.02, Ventura County, California","440","156","155","117","285","106","13.0","12.6","0.0","21.3","20.0","18.4","35.9","20.4","38.1","35.9","34.7","25.3","47.3","22.3","61.9","35.9","39.3","24.8","3.9","6.7","0.0","21.3","6.0","10.0","5283","334","2672","247","2611","217","3.1","1.7","3.1","2.4","3.2","2.1","10.2","4.6","14.1","7.3","6.2","3.5","19.1","5.9","18.5","7.0","19.7","7.2","29.4","4.5","30.2","6.7","28.5","6.3","7.2","2.9","4.9","3.0","9.5","4.1","18.1","4.2","20.7","5.6","15.4","6.6","13.0","3.4","8.5","3.8","17.6","4.7","86.6","4.7","82.8","7.3","90.6","3.9","31.0","5.2","29.2","6.7","32.9","7.9","773","207","536","183","237","94","69.3","15.5","71.6","20.0","64.1","20.9","20.2","11.0","8.4","9.0","46.8","24.3","968","225","475","115","493","154","87.4","8.7","82.5","15.6","92.1","8.2","30.2","13.7","27.4","18.1","32.9","16.8","2239","204","1141","148","1098","150","90.1","4.4","90.9","5.5","89.3","6.2","37.0","7.0","40.1","12.0","33.7","10.3","1303","158","520","124","783","122","90.3","7.6","76.7","15.1","99.4","5.8","27.9","8.2","28.3","10.9","27.7","11.3","13.1","10.3","12.6","11.4","14.0","16.3","9.1","8.1","7.3","10.8","10.9","12.0","5.4","3.3","6.4","5.2","4.4","4.0","6.1","5.1","9.5","9.8","3.0","3.4","33002","6104","46385","15018","29355","3641","28196","7216","28295","8741","28065","10586","28417","7176","27222","30873","29250","14774","32250","20260","46350","20507","21827","19579","42288","8672","68542","30323","22132","32091","54044","19616","109792","108399","38750","15066","2.1","(X)","(X)","(X)","(X)","(X)",
"1400000US06111001101","Census Tract 11.01, Ventura County, California","623","167","448","182","175","81","22.6","13.8","25.2","18.4","16.0","16.1","17.5","10.2","20.3","14.4","10.3","9.6","55.5","19.0","51.8","25.2","65.1","19.7","4.3","5.4","2.7","4.4","8.6","13.1","3252","187","1572","141","1680","141","5.1","2.8","7.6","5.0","2.7","2.0","4.2","2.0","4.3","3.1","4.0","2.5","24.8","5.9","28.5","7.0","21.4","6.8","34.6","5.7","31.4","8.7","37.7","8.0","13.5","5.2","10.0","5.7","16.8","6.8","11.0","3.4","12.5","4.3","9.7","5.4","6.7","2.8","5.7","2.8","7.6","4.0","90.7","3.3","88.0","5.9","93.3","2.9","17.7","4.1","18.2","5.0","17.3","5.8","504","186","224","109","280","108","98.6","2.6","100.0","15.4","97.5","4.7","12.3","10.8","9.4","11.6","14.6","15.2","490","134","219","76","271","94","88.0","8.7","85.4","13.7","90.0","10.5","12.0","8.1","10.5","11.9","13.3","10.7","1655","176","843","122","812","92","88.8","4.9","84.3","8.6","93.3","3.8","17.1","4.8","13.3","5.5","21.1","8.9","603","100","286","75","317","73","91.9","8.2","91.6","9.3","92.1","8.9","28.7","10.5","45.5","15.0","13.6","10.3","4.0","5.8","0.0","18.0","10.6","14.9","16.5","7.7","17.0","10.7","15.8","9.8","9.1","5.2","9.1","9.5","9.1","5.5","4.0","4.6","8.0","9.1","0.0","12.1","34446","4686","39901","5165","30064","4198","28523","20849","34773","9355","8831","1516","29216","6730","37736","12398","24148","19644","35035","5811","43472","10928","32869","4454","58707","23353","60625","84733","58036","70751","63906","27040","72917","78195","63594","30453","3.4","(X)","(X)","(X)","(X)","(X)",
"1400000US06111001102","Census Tract 11.02, Ventura County, California","287","120","168","95","119","80","8.4","9.3","0.0","19.9","20.2","23.5","28.9","23.7","11.3","14.5","53.8","35.4","62.7","24.0","88.7","14.5","26.1","29.8","0.0","12.2","0.0","19.9","0.0","26.5","2696","216","1251","146","1445","179","3.0","2.2","1.6","1.4","4.2","3.6","5.7","3.7","6.6","5.3","4.8","4.1","18.7","4.8","27.8","7.4","10.9","5.5","31.7","6.9","32.1","10.1","31.3","8.8","9.1","2.9","6.8","4.4","11.0","4.4","23.2","7.1","15.7","6.2","29.8","10.8","8.6","2.7","9.4","4.6","8.0","3.7","91.3","4.4","91.8","5.9","90.9","5.4","31.8","7.6","25.0","6.7","37.7","11.2","453","186","197","114","256","129","87.0","9.6","83.8","15.9","89.5","10.9","14.6","15.6","5.1","8.9","21.9","24.5","320","115","175","69","145","55","97.2","4.7","94.9","8.5","100.0","22.5","47.8","14.5","32.6","19.9","66.2","21.7","1337","114","586","94","751","84","90.1","6.5","92.0","8.3","88.7","9.5","33.8","10.7","24.1","10.4","41.4","14.7","586","82","293","53","293","61","94.2","4.7","94.9","7.8","93.5","6.2","31.9","10.4","35.8","13.0","28.0","13.9","37.6","24.7","26.2","32.0","46.6","34.0","16.4","12.1","13.5","15.5","22.9","21.5","2.1","3.2","2.5","3.7","1.8","2.8","11.2","8.8","3.2","5.2","15.8","12.7","36910","9102","51944","11730","29583","8670","9500","13873","15714","17324","8000","1988","37361","29872","31250","46964","38333","90442","35093","13730","51389","12592","21739","16529","50813","17706","105833","49360","31450","23780","53361","14692","72750","24497","39875","36469","2.6","(X)","(X)","(X)","(X)","(X)",
"1400000US06111001201","Census Tract 12.01, Ventura County, California","410","138","243","99","167","78","3.4","4.3","4.9","7.3","1.2","2.4","33.7","15.2","20.6","17.3","52.7","24.0","62.2","15.6","73.3","19.4","46.1","24.0","0.7","1.9","1.2","3.3","0.0","20.0","2781","170","1291","123","1490","112","2.3","1.8","2.3","2.3","2.3","2.1","6.1","2.6","8.4","5.0","4.1","2.9","21.4","4.9","22.5","7.2","20.4","6.8","35.1","4.4","27.4","6.3","41.7","6.6","10.1","3.2","13.9","5.9","6.7","3.3","17.1","4.3","19.2","6.4","15.3","4.9","7.9","3.6","6.2","5.0","9.5","4.5","91.5","3.3","89.2","5.1","93.6","3.8","25.1","5.8","25.4","9.3","24.8","5.3","489","159","246","98","243","82","86.5","11.4","73.2","19.8","100.0","14.3","26.4","13.8","13.4","11.6","39.5","17.9","431","102","203","82","228","55","91.0","9.9","83.7","19.2","97.4","4.5","24.6","11.5","6.4","8.4","40.8","18.6","1061","118","482","65","579","85","93.9","4.6","97.7","4.2","90.7","7.8","22.0","10.4","28.2","15.2","16.8","10.2","800","85","360","79","440","63","91.9","6.0","91.9","7.6","91.8","6.0","28.6","8.8","40.6","16.2","18.9","10.1","3.4","6.1","5.8","10.5","0.0","31.2","5.4","5.3","10.3","10.8","0.7","1.5","6.9","5.1","6.4","7.2","7.2","5.7","1.0","1.5","0.0","10.8","1.9","2.9","39255","4016","50375","7636","37174","8387","20908","1684","20599","6259","21319","5213","23143","10047","20357","17931","32500","22191","40088","3718","50357","9360","36094","8385","51895","13936","76442","33564","43594","31770","103200","45095","132713","87640","84063","63847","2.9","(X)","(X)","(X)","(X)","(X)",
"1400000US06111001202","Census Tract 12.02, Ventura County, California","397","106","257","105","140","87","19.6","15.2","21.8","19.5","15.7","25.8","3.5","5.3","0.4","1.7","9.3","16.0","72.0","18.5","77.8","19.7","61.4","36.5","4.8","8.1","0.0","13.5","13.6","22.8","4818","295","2444","314","2374","175","1.0","1.0","1.1","1.2","1.0","1.2","4.2","2.4","1.3","1.5","7.2","4.1","17.7","5.9","16.6","7.0","18.9","7.2","28.5","6.0","32.6","9.9","24.3","7.3","9.6","2.9","4.8","3.4","14.6","5.2","24.0","5.3","27.3","7.3","20.6","5.7","15.0","4.0","16.4","5.3","13.5","4.7","94.8","2.5","97.6","2.0","91.8","4.3","38.9","7.1","43.7","10.4","34.0","6.7","697","298","443","284","254","118","94.0","7.9","96.4","7.1","89.8","15.7","33.6","25.9","42.2","37.7","18.5","16.9","864","152","404","106","460","123","91.7","7.8","97.3","5.1","86.7","12.7","39.4","13.3","37.4","14.7","41.1","16.0","2158","147","1112","119","1046","113","98.1","2.3","99.6","1.0","96.7","4.6","47.2","9.5","50.7","12.7","43.5","11.3","1099","173","485","110","614","125","91.1","6.6","94.6","7.1","88.3","8.9","25.8","9.8","34.2","13.8","19.1","9.7","28.2","24.3","19.0","29.7","30.9","27.3","5.9","4.8","4.7","7.7","6.9","8.2","5.2","3.7","3.3","3.6","7.1","5.6","3.5","2.9","3.7","4.2","3.3","3.9","44177","11949","47292","18835","41645","11039","24405","1702","2,500-","***","24732","3595","28060","12624","29095","15748","25192","25488","50032","19010","53342","33183","41250","18781","44188","18539","43656","15314","58466","43293","73801","8707","80924","32334","72787","17487","6.8","(X)","(X)","(X)","(X)","(X)",
"1400000US06111001204","Census Tract 12.04, Ventura County, California","295","91","140","64","155","51","6.1","5.7","6.4","7.8","5.8","9.0","29.2","10.8","53.6","24.5","7.1","9.8","58.0","13.4","40.0","25.2","74.2","18.2","6.8","7.5","0.0","23.2","12.9","13.8","1588","199","818","153","770","115","6.5","4.0","5.0","3.8","8.2","6.7","11.8","4.2","9.0","5.3","14.7","5.7","30.0","5.3","41.0","9.6","18.3","7.4","24.9","5.7","25.6","9.3","24.3","7.1","6.0","3.3","2.0","2.3","10.3","5.8","14.0","5.0","9.7","5.2","18.6","8.7","6.8","4.1","7.8","6.4","5.7","4.1","81.7","4.8","85.9","6.4","77.1","8.4","20.8","7.4","17.5","8.2","24.3","9.3","309","155","219","147","90","48","91.6","10.1","94.1","9.5","85.6","23.0","14.9","13.6","4.6","7.5","40.0","29.4","297","94","143","55","154","54","58.2","12.9","58.7","20.2","57.8","20.0","13.1","10.7","9.1","10.4","16.9","12.2","784","139","362","85","422","94","88.6","7.6","93.6","5.8","84.4","11.7","28.1","11.7","27.3","14.7","28.7","14.3","198","70","94","40","104","44","73.7","12.9","78.7","17.1","69.2","18.1","12.6","9.3","22.3","17.8","3.8","7.2","22.7","14.8","16.5","19.0","26.7","16.6","16.8","10.4","12.2","9.3","27.7","17.1","8.1","5.7","9.8","9.3","6.8","8.0","1.2","2.5","0.0","22.8","2.1","4.5","31811","4467","35313","8308","31111","2231","27589","12514","35234","21190","23523","22603","31660","2730","31781","6078","31481","2015","26964","8377","25184","5634","32009","9181","43875","11129","43750","22597","45045","28367","88750","167896","213060","220432","50694","43881","0.9","(X)","(X)","(X)","(X)","(X)",
"1400000US06111001206","Census Tract 12.06, Ventura County, California","45","40","0","13","45","40","0.0","47.5","-","**","0.0","47.5","68.9","44.3","-","**","68.9","44.3","31.1","44.3","-","**","31.1","44.3","0.0","47.5","-","**","0.0","47.5","719","141","369","65","350","92","2.6","2.9","4.1","4.8","1.1","1.8","4.7","4.0","8.1","8.0","1.1","2.1","14.9","8.3","21.7","14.8","7.7","7.6","30.5","7.6","22.8","10.6","38.6","14.6","2.5","2.1","1.1","2.0","4.0","3.9","21.4","7.8","20.3","9.5","22.6","11.7","23.4","9.7","22.0","15.1","24.9","13.7","92.6","4.8","87.8","9.2","97.7","2.8","44.8","12.2","42.3","15.5","47.4","16.4","60","44","23","24","37","36","61.7","33.5","17.4","39.9","89.2","19.8","33.3","40.8","0.0","66.4","54.1","54.1","93","47","33","30","60","42","95.7","8.2","87.9","25.3","100.0","41.1","23.7","22.9","21.2","37.2","25.0","25.5","376","98","218","63","158","56","96.0","4.7","95.0","7.4","97.5","4.6","43.9","15.6","38.5","24.6","51.3","25.5","190","90","95","48","95","56","94.2","7.6","88.4","15.1","100.0","31.4","60.5","21.6","68.4","21.1","52.6","31.2","28.3","35.1","15.6","27.2","100.0","100.0","0.0","28.8","0.0","35.3","0.0","61.3","2.5","3.6","0.0","33.2","4.0","6.0","0.0","11.0","0.0","21.2","0.0","20.1","40938","12072","38333","21538","43977","9864","22273","22899","22273","22899","-","**","28711","20799","28906","35977","-","**","39290","3034","38000","32067","39957","7783","61758","12302","61645","240723","61923","52054","130815","103572","132228","54519","48864","30702","6.8","(X)","(X)","(X)","(X)","(X)",
"1400000US06111001301","Census Tract 13.01, Ventura County, California","1205","468","674","268","531","236","8.3","5.5","12.6","10.1","2.8","5.6","48.4","22.0","45.3","25.1","52.4","23.0","41.0","19.1","42.1","24.2","39.5","21.4","2.3","2.9","0.0","5.4","5.3","6.9","4830","335","2279","227","2551","229","4.7","2.3","3.9","3.0","5.5","3.7","7.1","3.7","6.2","4.7","8.0","4.6","22.2","5.0","29.9","7.9","15.3","5.5","29.0","5.9","25.6","7.9","32.1","6.6","7.9","2.4","6.3","3.4","9.4","4.0","19.5","4.0","18.8","5.2","20.1","6.4","9.5","3.0","9.3","4.6","9.6","4.1","88.1","4.5","89.9","5.6","86.5","5.6","29.0","5.3","28.1","7.2","29.7","6.6","1098","300","453","153","645","190","94.7","6.3","90.1","14.9","98.0","3.3","36.1","11.3","26.9","16.9","42.5","15.8","1084","215","620","175","464","139","87.2","9.5","95.5","5.7","76.1","18.1","26.9","12.1","26.9","16.6","26.9","16.5","2019","232","935","129","1084","164","88.8","7.6","88.4","8.2","89.0","8.8","28.0","8.0","29.7","11.4","26.5","9.0","629","122","271","91","358","92","76.2","10.5","81.9","20.2","71.8","15.7","23.2","7.9","27.3","16.1","20.1","13.5","5.7","7.1","7.4","13.8","4.7","7.3","5.0","5.9","6.3","7.9","2.8","4.6","5.7","3.4","6.7","5.8","4.9","4.8","3.9","3.2","1.9","3.0","5.5","5.3","46523","6391","59500","5536","35413","5815","25363","10288","27250","72523","17091","18858","38833","12829","39783","22269","28214","26826","40677","11409","59333","14827","34444","8788","61375","11086","70481","20802","50929","28951","62708","23527","103415","11272","41875","14112","4.8","(X)","(X)","(X)","(X)","(X)",
"1400000US06111001302","Census Tract 13.02, Ventura County, California","56","51","14","17","42","43","21.4","27.6","50.0","50.0","11.9","28.4","14.3","26.7","0.0","85.1","19.0","36.6","64.3","39.4","50.0","50.0","69.0","42.3","0.0","42.6","0.0","85.1","0.0","49.2","1292","169","597","141","695","117","16.1","8.6","13.7","8.3","18.1","11.3","6.7","4.0","9.2","7.1","4.5","4.5","24.4","6.3","25.1","9.4","23.7","8.2","27.3","6.8","22.4","10.4","31.5","10.0","9.0","4.4","6.0","3.3","11.5","7.2","16.3","6.9","22.8","9.4","10.6","7.3","0.3","0.6","0.7","1.3","0.0","5.2","77.2","9.0","77.1","10.2","77.4","11.2","16.6","7.0","23.5","9.6","10.6","7.3","146","75","45","40","101","53","56.2","31.9","22.2","26.7","71.3","31.0","30.1","29.1","13.3","21.7","37.6","36.8","228","73","141","57","87","46","97.4","4.9","97.9","4.2","96.6","6.5","34.2","18.7","48.2","23.4","11.5","14.3","388","133","209","132","179","82","78.4","14.7","82.3","19.5","73.7","24.1","11.1","7.8","13.9","15.9","7.8","9.4","530","93","202","62","328","63","73.6","11.2","69.3","17.8","76.2","11.5","9.2","6.2","18.3","14.2","3.7","4.1","57.5","29.4","62.0","22.3","53.5","42.2","18.7","12.6","0.0","21.9","35.8","20.4","6.0","5.9","0.0","19.7","9.4","9.1","4.2","6.3","0.0","23.2","12.2","19.1","22238","8597","29226","9058","14880","10211","18462","3895","14803","9032","19191","7767","36528","15064","42601","15256","20313","21578","30054","15134","33750","12839","14750","19423","21716","11501","25104","27073","14243","8059","-","**","-","**","-","**","2.6","(X)","(X)","(X)","(X)","(X)",
"1400000US06111001401","Census Tract 14.01, Ventura County, California","421","104","251","80","170","78","14.3","12.9","23.9","20.5","0.0","19.7","23.5","11.9","19.5","13.9","29.4","18.8","56.8","14.3","52.2","18.2","63.5","20.5","5.5","9.1","4.4","7.6","7.1","11.8","2755","238","1296","186","1459","116","1.2","1.1","2.5","2.5","0.0","2.5","11.5","6.4","9.6","7.8","13.2","6.4","18.6","4.6","23.5","7.9","14.3","4.5","24.7","5.0","25.1","8.1","24.4","6.2","12.3","4.0","9.2","4.6","15.1","6.1","18.0","5.1","21.1","8.0","15.4","5.5","13.6","4.4","9.0","4.4","17.7","6.1","87.3","6.4","87.8","8.0","86.8","6.4","31.7","6.7","30.1","9.0","33.0","7.3","504","205","288","144","216","83","74.8","22.0","83.7","21.0","63.0","29.3","21.6","16.0","13.9","13.0","31.9","22.0","423","119","176","70","247","69","93.1","5.7","100.0","19.1","88.3","10.0","37.4","14.9","29.0","19.7","43.3","18.2","1249","119","629","88","620","64","89.5","7.2","87.3","12.8","91.8","7.9","31.1","7.5","33.7","10.4","28.4","9.9","579","46","203","61","376","67","88.9","7.3","84.7","13.6","91.2","8.7","37.5","13.0","42.9","21.8","34.6","14.7","30.5","17.0","9.5","13.6","47.7","26.8","17.4","13.5","25.3","20.5","5.8","8.2","7.3","5.3","7.0","6.8","7.5","6.6","0.0","4.2","0.0","9.2","0.0","7.5","43455","11775","58875","17014","37841","4990","16191","17289","33403","48132","10641","13235","24737","16003","31250","20776","17188","21396","41314","3887","52500","32079","37031","6191","74375","11653","74107","14135","77969","39832","67292","19569","84625","29757","40750","41542","2.0","(X)","(X)","(X)","(X)","(X)",
"1400000US06111001402","Census Tract 14.02, Ventura County, California","664","171","353","129","311","134","10.8","8.3","16.4","14.3","4.5","7.4","20.8","12.1","24.4","15.0","16.7","20.7","58.3","15.3","59.2","19.9","57.2","26.3","10.1","12.4","0.0","10.1","21.5","23.0","3853","257","1694","181","2159","176","1.4","1.7","0.4","0.7","2.2","2.9","6.4","3.8","7.7","6.7","5.3","3.5","13.7","4.8","9.2","4.7","17.3","6.6","31.2","6.3","37.2","9.8","26.4","7.3","14.1","4.6","16.2","8.7","12.4","5.0","20.0","4.8","13.5","5.1","25.1","6.5","13.2","3.6","15.7","6.4","11.3","4.2","92.2","4.1","91.9","6.7","92.5","4.3","33.2","5.5","29.2","7.8","36.4","6.6","498","162","283","113","215","104","99.0","2.4","100.0","12.4","97.7","5.6","47.0","17.3","35.7","25.2","61.9","21.5","721","213","268","124","453","133","91.5","11.2","77.6","27.4","99.8","0.6","27.5","10.7","6.7","11.1","39.7","16.9","1928","170","844","86","1084","131","96.1","3.4","97.4","3.7","95.1","5.2","34.9","7.9","32.3","12.0","36.9","9.4","706","137","299","83","407","87","77.5","13.9","81.3","17.7","74.7","15.2","24.8","11.4","34.1","18.1","17.9","13.2","17.7","20.3","15.2","22.5","19.8","29.8","2.6","4.1","0.0","21.2","3.8","5.8","2.6","2.2","2.4","2.8","2.7","3.2","4.2","3.8","2.2","3.5","5.5","5.1","44263","2643","62500","19962","42811","13479","8889","5600","8657","3310","-","**","42619","19797","55313","71624","42530","26172","43333","10471","50208","26560","35000","15805","45365","6067","85404","4265","43699","1491","80208","39174","116536","72854","39306","55216","4.0","(X)","(X)","(X)","(X)","(X)",
"1400000US06111001502","Census Tract 15.02, Ventura County, California","813","257","500","207","313","141","1.8","3.2","0.0","7.2","4.8","8.1","26.6","11.0","32.2","17.9","17.6","15.4","53.9","13.4","64.8","18.2","36.4","24.5","17.7","11.0","3.0","4.8","41.2","24.6","5951","392","2697","279","3254","283","4.7","2.7","5.2","3.0","4.2","2.8","4.3","1.9","2.9","2.1","5.4","2.6","18.1","4.6","21.5","7.0","15.4","5.0","32.5","5.3","29.7","8.4","34.8","6.8","10.8","4.4","10.5","5.2","11.1","5.5","18.4","3.8","15.6","4.7","20.8","5.7","11.2","2.8","14.7","5.0","8.3","3.0","91.1","2.9","91.9","3.7","90.4","3.3","29.6","4.8","30.3","6.8","29.1","6.3","1345","312","616","206","729","218","96.1","5.2","100.0","5.9","92.9","9.4","35.2","13.8","27.3","14.5","42.0","18.7","1662","248","789","162","873","164","94.7","5.2","92.8","9.2","96.4","5.4","31.3","9.1","38.3","15.1","25.0","10.3","1938","189","932","132","1006","126","96.8","3.1","96.4","5.5","97.2","2.9","32.4","7.5","30.2","10.0","34.4","9.9","1006","164","360","97","646","118","67.2","12.4","64.7","15.9","68.6","13.2","14.1","6.9","18.3","11.9","11.8","8.0","10.5","14.2","0.0","17.3","17.9","22.4","10.1","7.5","12.6","12.2","6.9","7.7","9.0","5.5","6.8","7.3","10.6","7.6","1.6","1.8","1.5","2.3","1.6","2.7","43645","4635","47923","6413","39976","5855","17466","25440","38272","17064","15743","9314","30329","17052","32105","15339","17885","34514","39475","10015","45921","10921","36524","11241","46250","6191","77917","51404","43220","3409","84107","29819","93750","25752","61979","24434","2.6","(X)","(X)","(X)","(X)","(X)",
"1400000US06111001503","Census Tract 15.03, Ventura County, California","376","124","233","68","143","98","38.0","12.8","58.8","14.5","4.2","8.5","7.4","6.2","12.0","9.1","0.0","22.8","54.5","15.1","29.2","14.6","95.8","8.5","0.0","9.5","0.0","14.8","0.0","22.8","3618","285","2152","254","1466","144","3.7","1.7","4.8","2.5","2.0","2.1","11.2","2.9","13.7","3.9","7.6","3.7","24.4","6.0","26.9","8.8","20.8","8.0","28.2","4.8","30.2","6.5","25.2","6.7","11.1","3.2","7.7","3.6","16.2","5.3","17.7","4.0","14.3","4.1","22.7","7.4","3.6","1.7","2.4","1.7","5.3","2.8","85.0","3.4","81.5","4.4","90.3","4.3","21.3","4.3","16.7","4.5","28.0","7.5","899","187","609","177","290","95","81.3","6.7","77.7","9.0","89.0","8.3","23.1","8.4","14.8","9.4","40.7","18.5","1014","267","705","216","309","94","84.5","6.3","79.9","9.1","95.1","6.1","25.6","10.6","21.8","9.5","34.3","18.7","1038","150","594","111","444","95","86.1","6.7","79.6","9.5","94.8","5.8","12.7","6.5","11.1","6.8","14.9","8.6","667","81","244","69","423","84","89.2","7.4","100.0","14.2","83.0","10.9","25.5","10.3","20.1","13.2","28.6","12.8","17.7","15.5","12.9","21.5","20.8","18.9","10.0","7.5","9.8","9.4","10.2","12.7","7.8","6.2","3.5","3.3","13.1","11.1","1.2","1.8","0.0","10.7","2.2","3.2","36185","6410","35372","8883","38580","8080","13750","6440","15396","7137","-","**","22283","24276","22216","31630","25833","31798","37786","3092","37961","7224","37578","12249","48472","7200","52450","29768","45069","10704","54444","64160","12188","75670","56250","32747","3.7","(X)","(X)","(X)","(X)","(X)",
"1400000US06111001506","Census Tract 15.06, Ventura County, California","404","148","255","126","149","75","20.0","12.4","15.7","16.1","27.5","26.3","21.8","14.7","24.7","15.5","16.8","21.1","55.0","16.4","54.5","22.0","55.7","33.0","3.2","5.7","5.1","9.1","0.0","22.0","3402","200","1599","148","1803","174","0.8","0.7","0.5","0.7","1.0","1.2","6.4","3.5","9.9","5.8","3.4","2.3","17.0","4.2","15.3","5.7","18.6","6.3","34.1","5.8","34.3","7.6","33.9","7.8","7.3","3.3","7.6","4.3","7.1","3.6","20.0","4.9","18.5","6.1","21.3","5.6","14.4","3.4","14.0","4.2","14.8","4.6","92.8","3.6","89.6","5.8","95.6","2.6","34.4","5.3","32.5","5.9","36.1","6.6","479","125","243","88","236","101","86.4","10.6","77.0","20.8","96.2","6.7","22.5","15.7","14.0","14.4","31.4","20.6","808","154","406","84","402","101","96.2","3.3","93.1","6.5","99.3","1.0","28.6","12.4","18.7","9.7","38.6","17.6","1509","155","677","122","832","114","94.2","4.9","92.6","6.6","95.4","4.4","41.5","10.9","44.0","12.5","39.4","12.6","606","53","273","49","333","46","89.9","6.8","88.3","9.4","91.3","7.5","33.8","9.5","41.0","16.9","27.9","11.3","4.5","7.8","6.0","11.2","1.3","4.8","4.9","5.5","7.8","11.3","2.7","4.8","6.1","7.4","6.4","7.7","5.8","7.3","5.1","4.3","5.0","7.3","5.2","4.7","48167","10763","52143","9702","42850","13909","32174","10702","32143","15548","32222","10899","53052","14011","49167","22399","55893","42768","41734","8231","49600","25669","26969","23685","64583","13940","77865","15462","60982","35339","66466","13333","65694","23945","67300","18274","2.4","(X)","(X)","(X)","(X)","(X)",
"1400000US06111001507","Census Tract 15.07, Ventura County, California","546","207","301","170","245","105","15.0","13.4","4.0","7.1","28.6","26.8","22.0","12.8","26.2","22.2","16.7","16.7","61.5","18.5","69.8","25.0","51.4","27.2","1.5","2.6","0.0","11.7","3.3","6.2","2984","290","1632","248","1352","152","6.0","3.2","5.9","5.1","6.1","3.3","9.3","4.8","11.2","5.8","7.1","4.8","22.1","4.8","23.2","6.0","20.7","7.9","31.2","5.5","28.4","8.2","34.5","7.3","8.0","3.1","5.8","3.2","10.7","4.7","14.7","4.3","17.6","6.6","11.2","4.3","8.7","3.5","7.8","3.9","9.8","5.9","84.7","6.6","82.8","8.9","86.8","5.5","23.5","6.2","25.5","8.0","21.0","6.8","741","252","451","216","290","126","80.4","17.9","73.2","26.8","91.7","9.4","20.1","11.5","14.9","10.7","28.3","22.6","519","171","342","163","177","70","84.0","11.9","81.3","16.4","89.3","12.0","17.5","12.3","19.6","18.3","13.6","12.9","1222","162","586","101","636","122","88.3","6.4","93.9","5.1","83.2","10.9","24.1","7.0","29.7","12.1","19.0","7.5","502","155","253","81","249","91","82.7","11.5","76.7","21.8","88.8","10.8","32.9","13.3","42.7","19.0","22.9","14.6","18.6","16.5","22.1","25.5","12.9","14.7","7.9","6.3","3.7","6.2","13.6","12.4","6.1","5.7","1.8","3.3","10.0","9.8","1.1","2.0","1.9","3.4","0.0","12.4","40304","8794","42212","14732","34139","11799","22367","5574","26250","16902","15547","11534","46944","16238","39505","23975","48125","8710","37428","9382","47250","28580","29564","6754","56923","24249","54063","39018","95341","65689","44760","14485","50217","11680","33875","61016","7.6","(X)","(X)","(X)","(X)","(X)",
"1400000US06111001601","Census Tract 16.01, Ventura County, California","174","85","79","48","95","52","9.8","15.9","11.4","18.6","8.4","14.5","30.5","15.7","34.2","36.5","27.4","18.2","59.8","18.6","54.4","35.2","64.2","22.2","0.0","19.3","0.0","35.6","0.0","31.4","620","92","324","83","296","57","10.3","5.1","12.0","7.7","8.4","6.4","4.2","3.8","3.1","4.5","5.4","6.6","24.8","9.5","20.1","11.6","30.1","13.7","20.8","8.5","23.5","14.1","17.9","9.1","7.4","4.2","4.0","3.9","11.1","7.5","26.1","9.5","30.9","11.1","20.9","10.6","6.3","5.9","6.5","6.5","6.1","7.3","85.5","6.9","84.9","11.2","86.1","8.8","32.4","11.0","37.3","12.5","27.0","13.1","163","65","83","47","80","34","85.3","15.2","85.5","22.8","85.0","21.1","46.0","23.0","50.6","34.3","41.3","27.9","152","60","72","37","80","44","91.4","10.1","100.0","37.5","83.8","20.2","27.6","19.7","47.2","31.6","10.0","15.7","181","66","106","57","75","34","85.6","17.6","83.0","22.0","89.3","15.1","18.2","18.5","19.8","20.0","16.0","19.9","124","53","63","28","61","33","78.2","18.6","69.8","25.6","86.9","20.2","41.1","21.0","38.1","22.9","44.3","28.6","8.9","16.1","0.0","45.5","19.5","34.0","5.2","8.7","0.0","39.5","9.0","15.0","0.0","19.2","0.0","32.9","0.0","33.7","2.0","3.5","0.0","26.1","5.0","9.2","51094","10790","48333","15668","55313","13314","19940","18638","29583","2349","-","**","41250","36320","19375","9634","70114","26603","51786","21707","57661","31696","51071","26490","61806","8617","66188","17249","57188","2491","95417","93443","95417","93443","-","**","1.9","(X)","(X)","(X)","(X)","(X)",
"1400000US06111001602","Census Tract 16.02, Ventura County, California","188","65","101","51","87","47","10.1","10.0","7.9","12.6","12.6","16.9","20.2","14.1","20.8","19.6","19.5","17.0","64.9","19.6","62.4","28.2","67.8","25.8","4.8","7.4","8.9","14.4","0.0","33.4","1735","115","762","85","973","90","2.8","2.9","6.3","6.4","0.0","3.8","4.0","2.3","1.6","1.6","5.9","4.0","19.4","5.6","15.7","7.0","22.2","7.8","27.4","8.5","29.4","9.9","25.9","9.3","12.4","4.5","11.2","6.2","13.5","5.6","17.5","5.7","12.3","6.0","21.5","7.5","16.5","4.5","23.5","7.4","11.1","4.9","93.3","4.9","92.1","6.7","94.1","4.0","34.0","7.2","35.8","9.9","32.6","8.5","292","95","64","40","228","72","86.0","13.1","100.0","39.8","82.0","17.3","40.4","12.1","53.1","35.5","36.8","17.3","258","66","154","49","104","39","100.0","13.5","100.0","21.4","100.0","29.4","47.7","19.0","34.4","23.4","67.3","22.3","673","85","350","44","323","78","91.5","7.9","84.3","14.5","99.4","1.5","30.0","12.1","28.6","14.4","31.6","13.7","512","60","194","60","318","54","96.3","3.9","97.4","3.7","95.6","6.7","28.7","10.7","44.3","15.6","19.2","14.4","88.9","20.3","91.7","16.0","85.4","31.5","5.1","6.0","0.0","26.3","7.9","9.2","0.9","1.3","0.3","1.2","1.4","2.2","0.0","6.2","0.0","13.2","0.0","11.1","42019","12689","66688","16757","29429","6037","-","**","-","**","-","**","28500","18360","44875","39704","18380","2808","35539","2056","55500","29909","28542","4800","49196","17181","63625","28830","39167","27894","81713","8943","89375","29453","63750","14681","2.0","(X)","(X)","(X)","(X)","(X)",
"1400000US06111001700","Census Tract 17, Ventura County, California","229","146","107","61","122","124","6.1","10.0","13.1","20.0","0.0","26.0","25.8","23.1","32.7","18.1","19.7","33.9","68.1","24.3","54.2","14.9","80.3","33.9","0.0","15.1","0.0","28.8","0.0","26.0","2688","168","1365","147","1323","130","1.7","1.4","2.1","2.1","1.4","1.7","2.7","1.7","1.9","2.0","3.5","2.7","16.3","4.2","15.3","4.9","17.3","5.9","20.2","4.9","21.7","6.9","18.7","7.1","8.7","3.4","11.9","5.9","5.5","3.7","27.8","5.1","21.5","6.7","34.2","7.6","22.6","4.9","25.6","7.8","19.4","6.0","95.6","2.4","96.0","3.5","95.1","3.2","50.3","7.3","47.2","8.3","53.6","9.5","218","114","92","55","126","88","100.0","15.7","100.0","32.2","100.0","25.3","6.4","12.6","7.6","15.3","5.6","12.1","349","94","158","64","191","56","100.0","10.2","100.0","20.9","100.0","17.7","69.9","17.3","68.4","22.3","71.2","21.0","1309","104","700","81","609","49","94.4","3.5","95.7","4.3","92.9","5.5","57.6","9.6","51.1","12.3","65.0","11.1","812","117","415","73","397","90","94.3","4.2","94.2","6.0","94.5","6.1","42.0","9.8","41.2","12.7","42.8","11.0","8.4","12.5","0.0","43.3","15.4","23.5","5.9","6.2","0.0","16.4","11.4","11.3","4.9","5.3","7.9","8.9","0.6","1.5","1.1","1.3","0.0","5.7","2.1","2.5","57596","8930","73793","13601","35085","7449","3906","151496","-","**","2,500-","***","54792","5965","54931","4333","47143","133257","44375","20942","54938","43538","25875","9705","51389","23141","65000","37471","48462","26398","83846","20787","110583","33700","36667","24502","2.5","(X)","(X)","(X)","(X)","(X)",
"1400000US06111001800","Census Tract 18, Ventura County, California","264","95","139","70","125","60","14.4","13.2","27.3","23.6","0.0","25.5","56.8","18.0","35.3","20.0","80.8","22.5","20.8","13.9","28.8","20.4","12.0","19.3","8.0","9.1","8.6","14.6","7.2","11.9","3213","286","1608","190","1605","151","1.1","0.8","1.3","1.4","0.9","1.2","2.2","1.7","1.5","1.7","3.0","2.8","11.1","3.1","7.8","3.3","14.5","4.8","23.0","4.5","21.0","6.7","25.0","5.5","8.9","2.9","11.0","3.8","6.9","3.0","29.7","4.7","33.1","7.8","26.2","5.3","23.9","5.1","24.3","5.6","23.6","6.5","96.6","1.9","97.2","2.2","96.1","3.1","53.6","6.6","57.4","9.0","49.8","7.0","443","155","296","130","147","67","100.0","8.1","100.0","11.9","100.0","22.3","47.6","21.2","31.1","19.1","81.0","21.1","500","130","250","75","250","76","98.2","3.1","98.4","3.5","98.0","5.0","72.6","13.7","84.0","14.8","61.2","20.2","1414","157","686","110","728","67","97.9","2.2","97.2","3.5","98.5","2.5","50.8","8.5","53.6","10.7","48.2","10.1","856","107","376","59","480","88","91.9","6.3","94.1","6.6","90.2","9.0","50.1","9.3","67.3","13.0","36.7","11.1","8.7","12.3","8.9","21.6","8.5","23.5","7.9","8.8","0.0","25.3","12.5","13.1","4.8","3.7","5.3","5.3","4.3","3.4","2.3","2.0","2.8","3.0","1.6","2.2","48628","4916","63877","11936","42143","4630","4750","15655","-","**","-","**","33594","35265","37083","49208","21591","35213","39350","5641","41406","17022","37550","6694","49487","7729","73750","28160","41094","16039","74727","9960","82917","8289","70703","13113","5.1","(X)","(X)","(X)","(X)","(X)",
"1400000US06111001900","Census Tract 19, Ventura County, California","306","142","148","75","158","105","3.3","7.7","6.8","14.0","0.0","20.9","30.4","14.7","20.3","17.8","39.9","21.8","51.3","19.6","48.6","24.8","53.8","22.4","15.0","13.6","24.3","23.3","6.3","10.2","2711","183","1242","124","1469","124","2.4","2.5","1.6","1.9","3.1","3.9","4.2","2.5","4.2","2.8","4.2","3.7","14.1","5.4","13.5","6.9","14.5","6.0","29.3","5.8","32.7","8.7","26.5","6.5","6.1","2.4","4.8","3.5","7.3","3.1","27.1","5.3","21.3","7.0","32.1","7.1","16.7","3.9","22.0","6.9","12.3","4.9","93.4","3.4","94.2","3.4","92.6","5.0","43.9","5.6","43.2","7.5","44.4","6.9","373","114","139","68","234","85","89.0","12.6","94.2","10.1","85.9","18.3","29.8","14.8","16.5","16.4","37.6","18.3","491","98","263","66","228","61","100.0","7.3","100.0","13.3","100.0","15.1","44.2","10.1","45.6","16.8","42.5","17.9","1253","141","584","102","669","86","95.1","4.8","95.9","4.3","94.5","7.9","51.0","10.8","50.3","13.1","51.6","12.3","594","74","256","56","338","74","86.9","9.0","84.4","12.1","88.8","10.0","37.4","10.1","39.1","15.7","36.1","13.9","32.9","28.7","32.4","31.2","33.3","45.3","15.4","15.9","33.8","31.0","1.9","7.3","8.9","6.1","7.7","7.1","10.1","7.9","0.4","0.7","0.0","6.7","0.8","1.3","43705","11325","64083","8521","35817","6934","12404","7645","12019","6180","-","**","33929","5408","28370","28272","34821","8294","48281","14108","64042","9565","32260","17439","38571","11664","82614","30366","32837","12752","69250","14778","82361","49862","67009","4904","6.2","(X)","(X)","(X)","(X)","(X)",
"1400000US06111002000","Census Tract 20, Ventura County, California","114","59","45","40","69","51","3.5","10.9","0.0","47.5","5.8","21.0","44.7","29.1","48.9","39.0","42.0","47.4","16.7","22.3","24.4","46.1","11.6","21.8","35.1","27.4","26.7","34.3","40.6","42.0","1863","167","968","123","895","138","0.6","1.0","1.1","1.9","0.0","4.1","4.1","2.5","4.6","3.5","3.6","3.7","14.5","4.7","8.2","6.3","21.5","9.3","18.3","5.7","18.4","8.1","18.1","8.2","5.8","3.1","6.0","5.1","5.6","4.0","30.9","7.2","28.4","9.2","33.6","9.7","25.8","6.9","33.3","10.2","17.7","7.9","95.3","2.8","94.2","4.1","96.4","3.7","56.7","9.1","61.7","10.2","51.3","12.3","170","82","82","47","88","63","87.6","16.2","87.8","19.5","87.5","26.8","39.4","23.8","28.0","34.0","50.0","32.0","253","63","96","81","157","53","100.0","13.7","100.0","31.2","100.0","21.1","77.5","15.5","85.4","29.3","72.6","20.0","958","96","505","78","453","67","96.9","2.7","95.8","4.3","98.0","3.0","59.3","11.9","63.4","14.3","54.7","14.4","482","103","285","71","197","93","92.3","7.5","91.2","9.9","93.9","10.2","46.7","16.0","60.4","17.9","26.9","21.7","12.5","27.4","0.0","42.6","34.4","65.6","25.1","21.1","16.5","28.1","28.6","25.2","8.3","10.8","15.7","19.1","0.0","16.2","4.7","3.9","4.2","4.4","5.4","7.2","64797","25488","90122","4800","52321","14372","63295","90593","63295","90593","-","**","50268","74466","64722","33360","15694","55289","62961","2933","64132","15918","55341","35659","64643","32167","90192","15021","49500","15425","105804","10370","115357","61765","94091","28363","1.3","(X)","(X)","(X)","(X)","(X)",
"1400000US06111002102","Census Tract 21.02, Ventura County, California","130","76","31","37","99","73","0.0","24.7","0.0","57.2","0.0","30.5","8.5","10.6","0.0","57.2","11.1","15.0","62.3","38.3","100.0","57.2","50.5","47.3","29.2","34.8","0.0","57.2","38.4","41.8","1306","123","611","131","695","129","3.6","3.2","2.3","2.5","4.7","5.6","0.5","0.7","0.0","5.9","0.9","1.3","5.4","4.4","2.0","2.3","8.5","8.2","27.3","7.9","31.4","11.7","23.6","10.8","19.4","10.2","13.6","8.9","24.5","13.1","26.6","5.9","27.3","10.7","25.9","9.7","17.3","10.0","23.4","14.5","11.9","8.8","95.9","3.3","97.7","2.5","94.4","5.7","43.9","10.5","50.7","15.3","37.8","12.9","410","136","176","92","234","99","100.0","8.7","100.0","19.1","100.0","14.8","41.2","17.1","43.2","28.9","39.7","26.2","260","69","154","60","106","45","100.0","13.4","100.0","21.4","100.0","29.0","48.8","32.2","59.7","30.3","33.0","36.3","400","104","157","67","243","71","97.0","4.7","100.0","21.1","95.1","8.0","54.0","16.3","68.8","21.9","44.4","23.8","236","57","124","49","112","63","82.6","15.1","88.7","12.6","75.9","27.8","25.8","12.0","27.4","20.6","24.1","17.1","39.6","46.9","0.0","85.1","53.8","53.8","33.8","48.4","0.0","92.0","40.7","54.9","19.4","12.0","25.5","18.4","14.4","12.4","1.0","1.6","1.9","2.9","0.0","13.3","46042","8650","61694","10788","40530","22439","-","**","-","**","-","**","20833","15710","-","**","20476","21840","28700","13775","21731","37252","28900","17287","62019","13041","82500","21227","48750","12600","61736","25911","72083","127903","46838","44587","5.7","(X)","(X)","(X)","(X)","(X)",
"1400000US06111002200","Census Tract 22, Ventura County, California","416","145","252","107","164","87","35.8","21.5","43.7","28.0","23.8","23.8","35.8","23.9","42.1","31.5","26.2","22.6","19.2","12.3","6.7","8.3","38.4","24.1","9.1","14.2","7.5","14.3","11.6","15.7","4196","347","2192","290","2004","230","12.6","4.2","8.1","3.7","17.5","7.7","13.6","4.0","15.5","5.9","11.5","5.8","21.5","6.8","23.4","7.7","19.5","8.2","17.2","4.5","19.4","7.1","14.7","6.0","13.7","5.1","9.1","5.9","18.6","6.6","12.9","4.0","16.6","6.3","9.0","3.9","8.5","3.6","7.9","4.6","9.2","4.6","73.8","5.3","76.4","6.4","71.1","7.4","21.5","5.8","24.5","8.6","18.2","5.9","960","261","508","201","452","132","74.1","14.1","71.9","19.0","76.5","19.0","12.2","10.5","14.4","16.1","9.7","8.5","1027","276","616","256","411","139","77.5","10.3","79.4","15.0","74.7","17.5","26.4","14.0","30.4","20.0","20.4","15.0","1785","208","879","129","906","178","75.9","8.0","80.3","10.1","71.6","10.4","23.2","8.4","21.2","10.9","25.3","9.6","424","122","189","74","235","99","55.7","20.7","60.3","27.8","51.9","24.7","23.1","11.9","47.6","27.2","3.4","6.7","17.0","10.8","21.8","17.2","12.8","9.6","21.2","16.6","13.5","15.4","30.9","21.5","14.0","8.2","10.9","9.7","17.0","13.6","6.6","8.4","3.0","6.9","11.8","17.1","27284","3742","29583","8955","26181","2550","21705","8322","23245","3337","14132","13568","24556","5721","26976","8213","19505","7907","32264","8036","39919","13415","27821","8482","66500","30151","68864","27238","52679","21212","70893","63678","29875","145078","70982","36166","4.1","(X)","(X)","(X)","(X)","(X)",
"1400000US06111002300","Census Tract 23, Ventura County, California","897","261","474","207","423","158","22.0","15.2","38.2","24.9","3.8","5.8","36.8","14.8","16.9","20.9","59.1","20.9","39.7","12.2","44.9","24.2","33.8","18.4","1.6","2.4","0.0","7.6","3.3","5.2","4107","434","2271","323","1836","231","18.8","4.8","14.3","6.0","24.3","7.3","17.2","5.0","19.3","6.5","14.7","7.0","21.7","6.1","20.2","7.8","23.6","8.7","27.3","5.6","31.4","8.0","22.3","7.7","3.1","1.7","1.8","1.8","4.7","3.1","7.2","3.2","6.8","4.1","7.7","4.2","4.7","3.1","6.3","4.9","2.7","2.3","64.0","5.7","66.4","7.2","61.0","7.1","11.9","4.6","13.1","6.1","10.4","4.5","1221","371","778","276","443","157","73.8","12.0","78.9","14.3","64.8","16.9","9.5","8.7","10.8","12.4","7.2","7.8","1120","308","467","147","653","223","52.9","13.9","49.5","18.4","55.4","16.2","16.9","9.4","20.1","15.4","14.5","9.7","1342","273","746","240","596","136","68.4","10.4","68.9","13.8","67.8","13.9","10.5","6.0","10.3","7.6","10.7","7.2","424","172","280","119","144","97","51.2","16.0","53.6","25.6","46.5","37.1","10.1","8.1","15.4","11.9","0.0","22.7","35.5","13.3","33.6","13.9","37.6","18.3","26.5","15.9","19.4","16.1","33.9","22.1","19.2","9.6","14.8","11.5","26.0","11.9","22.9","18.5","33.9","27.6","5.8","9.5","23148","3468","26613","8610","18603","4486","19845","5430","23810","3088","11936","9705","14763","5089","25859","19747","11955","3060","36010","5708","37432","8272","29792","15579","40066","24220","21278","29148","54545","21877","21905","53734","12173","76841","30875","75261","6.8","(X)","(X)","(X)","(X)","(X)",
"1400000US06111002400","Census Tract 24, Ventura County, California","246","83","152","57","94","66","7.7","7.7","12.5","12.2","0.0","31.7","24.0","20.4","38.8","30.8","0.0","31.7","61.8","22.0","42.8","30.5","92.6","11.7","6.5","7.8","5.9","9.2","7.4","11.7","2109","169","1129","187","980","182","8.9","4.0","7.7","4.4","10.3","6.9","10.1","5.0","10.0","7.3","10.3","8.2","20.3","6.1","22.7","8.5","17.6","8.0","25.1","5.9","29.8","8.7","19.6","7.7","2.9","2.8","2.2","2.1","3.7","5.5","22.0","5.6","20.7","7.5","23.5","8.5","10.7","4.3","6.8","4.5","15.1","8.2","80.9","5.9","82.3","8.0","79.4","8.7","32.7","6.8","27.5","7.0","38.6","11.2","500","142","254","123","246","114","86.8","12.8","86.6","14.8","87.0","13.6","44.2","15.0","37.0","22.8","51.6","16.7","416","126","241","109","175","92","88.0","12.3","81.3","19.7","97.1","6.7","54.3","19.6","37.3","21.3","77.7","23.1","804","149","487","121","317","91","83.3","9.8","81.3","13.9","86.4","13.5","20.9","8.6","20.3","11.5","21.8","15.2","389","102","147","60","242","95","60.9","18.7","79.6","20.5","49.6","24.3","19.0","11.7","19.0","15.5","19.0","16.1","48.5","23.9","54.5","31.7","42.6","28.7","19.6","15.5","14.8","16.4","26.7","26.0","13.6","12.3","19.1","19.2","4.8","8.2","2.9","3.1","6.4","6.8","0.0","9.4","28281","10134","27452","13687","35066","17386","20152","18556","12353","16985","25833","15290","22143","6277","22885","16173","21518","23324","25387","6605","21685","7993","26894","16428","41458","20006","53697","7921","26964","20136","63952","12490","71042","8373","54375","17402","4.0","(X)","(X)","(X)","(X)","(X)",
"1400000US06111002500","Census Tract 25, Ventura County, California","381","184","144","99","237","164","18.9","20.6","33.3","40.7","10.1","15.5","0.0","9.4","0.0","22.7","0.0","14.6","61.4","17.0","55.6","38.6","65.0","16.3","19.7","14.3","11.1","19.1","24.9","18.7","3775","268","1666","229","2109","186","0.8","0.9","0.7","1.1","0.9","1.4","4.8","2.8","7.7","5.7","2.5","2.0","12.6","3.9","13.4","6.4","11.9","4.5","27.6","6.3","24.7","8.9","29.9","7.8","9.5","4.1","9.9","7.2","9.2","4.1","28.6","6.0","25.7","8.6","30.8","6.8","16.2","4.3","18.0","5.9","14.8","5.5","94.5","2.8","91.7","5.9","96.7","2.5","44.8","7.3","43.7","10.2","45.6","8.1","736","181","280","126","456","123","95.4","6.7","93.9","13.3","96.3","6.8","36.1","16.9","38.6","22.8","34.6","18.5","511","137","288","102","223","112","96.9","4.8","94.4","9.0","100.0","15.4","52.3","20.3","26.4","20.2","85.7","15.5","1427","217","670","132","757","140","93.8","4.9","89.6","11.4","97.6","3.9","53.2","12.0","55.2","17.6","51.4","12.7","1101","166","428","150","673","103","93.6","4.5","91.6","8.5","94.8","4.8","36.1","9.7","40.7","15.4","33.3","12.6","12.9","15.8","11.5","20.6","15.7","23.2","6.1","6.7","5.8","9.7","6.4","9.3","8.1","4.9","10.9","7.6","6.1","5.3","3.9","3.4","0.0","5.0","6.9","6.1","52957","6648","63927","9836","42156","3236","21176","21110","6250","20201","29632","53769","31837","34556","58571","54504","18542","19324","42776","7091","54612","18344","40455","12403","65372","11638","101310","47079","49848","25421","95383","35839","95689","37515","93500","61967","8.6","(X)","(X)","(X)","(X)","(X)",
"1400000US06111002600","Census Tract 26, Ventura County, California","326","114","150","82","176","75","15.0","13.4","5.3","9.9","23.3","20.7","22.7","17.9","36.7","33.4","10.8","11.8","60.4","19.6","54.0","32.0","65.9","25.7","1.8","3.1","4.0","6.7","0.0","19.1","2233","274","1090","174","1143","141","9.7","4.1","9.9","4.7","9.5","5.7","5.6","3.1","5.2","3.7","6.0","4.8","21.9","7.1","28.3","9.7","15.8","6.9","18.3","4.7","13.4","5.6","23.0","7.4","11.0","3.7","14.2","6.4","7.9","4.7","16.9","4.7","17.2","6.3","16.6","5.6","16.5","6.4","11.7","6.6","21.1","8.2","84.6","6.0","84.9","5.8","84.4","7.5","33.4","7.2","28.9","8.9","37.7","8.6","514","212","262","152","252","93","93.0","6.0","88.9","10.9","97.2","4.2","27.8","15.8","7.3","9.6","49.2","19.6","660","123","331","77","329","83","91.2","11.4","91.2","11.7","91.2","11.7","37.1","11.9","42.0","14.5","32.2","14.5","818","122","404","82","414","88","75.3","12.4","80.0","11.4","70.8","16.4","35.6","10.9","32.7","13.3","38.4","13.5","241","71","93","38","148","62","80.5","15.6","72.0","25.7","85.8","14.1","27.8","17.1","26.9","22.3","28.4","21.5","29.2","17.5","22.4","19.1","35.4","22.8","17.3","8.0","12.9","11.9","24.9","22.5","11.5","7.4","6.3","7.8","15.9","12.1","8.0","6.6","10.5","12.7","6.3","6.4","37057","9826","39250","9762","31500","11118","16288","6426","17917","11834","12639","2537","21406","3356","19524","14010","22500","2257","37917","5912","45143","11529","30969","9853","53375","22664","75000","19975","25750","26598","71477","19763","71932","64315","61786","23673","2.3","(X)","(X)","(X)","(X)","(X)",
"1400000US06111002700","Census Tract 27, Ventura County, California","335","118","176","86","159","91","10.7","15.6","0.0","19.1","22.6","30.6","29.3","17.1","38.6","26.8","18.9","19.3","52.2","20.9","55.1","27.5","49.1","32.3","7.8","8.5","6.3","9.7","9.4","15.8","2841","193","1237","152","1604","156","3.7","2.2","3.3","3.2","4.0","3.2","4.0","1.8","7.4","3.7","1.4","1.7","21.8","4.8","28.1","7.3","16.8","5.7","34.2","5.5","29.3","7.7","37.9","8.1","7.7","3.1","4.0","2.9","10.6","4.7","15.9","5.5","14.3","6.7","17.2","6.2","12.7","3.2","13.5","5.4","12.0","4.0","92.3","2.9","89.3","4.8","94.6","3.7","28.6","5.6","27.8","8.4","29.2","6.2","616","151","282","131","334","87","93.0","6.0","84.8","13.2","100.0","10.6","19.2","9.3","18.1","15.9","20.1","11.4","350","88","181","58","169","62","100.0","10.2","100.0","18.6","100.0","19.8","26.0","11.3","13.8","13.1","39.1","19.2","1014","127","453","85","561","76","90.7","5.4","87.4","6.9","93.4","8.0","35.0","9.5","30.0","12.7","39.0","11.4","861","128","321","87","540","99","90.5","6.3","90.0","10.6","90.7","7.2","28.9","10.9","41.1","15.5","21.7","11.5","16.6","16.3","26.8","24.1","0.0","38.3","6.7","5.0","3.2","4.9","11.1","9.2","13.2","5.9","21.2","15.8","9.1","10.3","1.7","2.5","4.1","5.9","0.0","7.7","39457","8592","38900","18617","39773","8906","29583","34998","29583","34998","-","**","22465","10815","28947","14775","14907","5702","40341","13384","44205","33541","39571","14877","46250","23019","36667","60305","50833","35638","60208","8739","61739","25031","51923","16092","3.8","(X)","(X)","(X)","(X)","(X)",
"1400000US06111002800","Census Tract 28, Ventura County, California","545","221","337","163","208","108","12.8","10.9","14.8","18.0","9.6","14.5","33.0","20.2","28.2","27.1","40.9","26.9","51.2","23.2","57.0","28.9","41.8","25.8","2.9","4.8","0.0","10.5","7.7","12.5","4134","246","1837","189","2297","187","3.9","1.8","2.3","2.1","5.1","2.6","7.3","3.2","8.1","4.4","6.7","4.3","21.2","5.3","25.6","6.3","17.6","6.5","31.4","6.2","27.2","6.3","34.9","8.3","9.8","3.5","8.2","4.7","11.0","4.5","17.2","3.5","20.4","5.6","14.8","4.2","9.2","2.9","8.3","3.1","9.9","4.0","88.8","3.5","89.6","4.8","88.2","4.3","26.4","5.0","28.6","6.6","24.6","5.7","1160","256","554","141","606","179","92.6","5.7","91.7","8.4","93.4","8.7","30.0","10.9","28.7","13.1","31.2","11.5","876","161","374","100","502","115","86.0","11.7","86.4","15.9","85.7","13.3","29.3","11.1","34.8","15.0","25.3","13.5","1521","175","745","105","776","118","89.0","4.5","89.0","6.5","88.9","5.4","24.3","7.1","25.4","9.6","23.2","10.2","577","84","164","66","413","67","85.1","9.6","92.7","11.2","82.1","14.1","20.5","10.5","29.3","16.5","16.9","12.4","23.5","17.9","27.2","26.5","21.0","19.7","11.1","8.0","7.0","7.6","15.8","10.7","7.0","5.8","0.0","5.6","11.4","9.4","1.2","1.9","2.5","3.9","0.0","6.4","41508","5014","45720","8415","33517","4904","14196","4128","11690","5956","15580","2209","33309","4858","34332","9574","25813","6654","42813","4275","48375","14370","35000","6293","50694","14590","63068","17247","37601","28709","81333","26167","105391","16127","64879","33774","4.5","(X)","(X)","(X)","(X)","(X)",
"1400000US06111002901","Census Tract 29.01, Ventura County, California","439","176","228","105","211","111","17.8","11.7","19.3","17.6","16.1","22.4","34.2","12.7","56.6","22.4","10.0","13.4","46.2","15.9","24.1","16.1","70.1","25.2","1.8","3.1","0.0","15.1","3.8","6.5","3895","235","1860","135","2035","169","6.9","3.6","7.3","4.1","6.4","4.1","8.2","3.3","8.3","4.8","8.1","3.7","15.4","3.4","15.0","5.2","15.7","4.8","23.1","5.4","22.7","8.1","23.3","5.8","11.6","3.6","11.8","4.9","11.4","4.5","19.8","5.1","18.2","5.7","21.2","7.0","15.2","3.1","16.6","4.2","13.9","4.9","85.0","5.3","84.4","6.0","85.5","5.4","34.9","5.0","34.8","6.4","35.0","7.3","470","160","218","97","252","109","71.7","20.0","55.5","29.5","85.7","15.7","23.4","16.4","10.6","15.3","34.5","28.6","754","126","377","91","377","85","89.7","7.1","91.5","9.0","87.8","10.6","37.8","10.0","25.7","15.3","49.9","18.8","1810","215","858","120","952","148","87.1","7.9","86.7","9.6","87.4","9.3","38.5","8.7","38.5","10.9","38.4","11.2","861","123","407","72","454","96","83.6","9.7","88.2","9.8","79.5","11.9","31.4","8.1","48.6","11.4","15.9","8.2","21.2","16.9","19.2","18.3","23.1","18.5","1.5","4.2","0.0","12.6","2.8","7.8","2.7","3.0","0.0","5.7","5.1","5.5","0.4","0.8","0.9","1.8","0.0","5.1","55508","11506","63216","5031","44375","7651","26136","13693","26136","12590","26250","41189","46756","9875","57782","14292","20517","11706","49507","8556","81061","18344","27115","23697","80121","11603","81597","24400","79324","32931","100833","28255","85833","34039","111250","18639","2.7","(X)","(X)","(X)","(X)","(X)",
"1400000US06111002905","Census Tract 29.05, Ventura County, California","553","160","251","111","302","98","13.6","12.7","7.2","8.8","18.9","21.3","38.0","19.9","29.1","23.2","45.4","23.7","45.4","16.5","57.0","21.9","35.8","17.5","3.1","3.8","6.8","8.9","0.0","11.7","3946","376","1969","268","1977","225","11.9","5.0","12.7","5.6","11.1","4.8","8.6","3.6","11.3","5.4","6.0","3.5","19.2","5.1","18.0","7.7","20.4","6.9","25.0","6.6","26.0","7.6","24.0","8.6","7.8","2.3","7.1","3.1","8.4","3.7","18.0","4.3","14.5","5.8","21.5","6.9","9.5","2.8","10.4","4.1","8.5","4.0","79.5","5.0","76.0","6.2","82.9","5.5","27.5","5.5","24.9","7.7","30.0","7.2","875","273","452","184","423","144","92.6","5.7","87.2","12.4","98.3","2.8","26.4","12.0","21.2","15.8","31.9","15.3","674","171","309","116","365","106","62.8","14.9","49.5","20.5","74.0","17.0","20.9","11.2","7.4","7.3","32.3","19.3","1775","171","880","117","895","103","77.5","8.1","76.7","9.6","78.3","7.6","27.8","6.8","30.1","10.7","25.5","8.8","622","112","328","78","294","77","84.7","10.9","83.8","11.9","85.7","12.5","35.4","12.6","32.6","15.5","38.4","16.7","6.8","9.0","4.7","7.4","9.8","11.7","7.4","5.4","6.5","6.1","8.2","7.9","1.5","1.8","2.2","2.5","0.8","1.5","3.1","4.4","0.0","7.4","5.7","7.7","42508","5788","40848","10669","43487","6847","21721","5075","23036","9506","21210","3201","33203","7024","35536","18951","33086","7764","44511","4897","43403","12464","45833","5770","53606","17127","78063","34706","45724","22150","70625","29604","89313","35971","55600","22932","7.7","(X)","(X)","(X)","(X)","(X)",
"1400000US06111003010","Census Tract 30.10, Ventura County, California","222","98","126","66","96","65","20.7","23.3","3.2","4.4","43.8","45.4","9.0","9.5","15.9","15.8","0.0","31.2","57.2","24.5","65.1","24.7","46.9","42.2","13.1","16.5","15.9","24.7","9.4","16.5","1871","210","870","161","1001","134","7.2","3.3","7.6","6.2","6.9","4.5","10.3","6.3","7.7","5.7","12.6","8.5","17.5","8.1","19.2","12.2","16.1","9.8","28.5","7.9","36.9","13.8","21.2","10.6","4.5","3.3","6.0","6.1","3.3","3.1","22.6","8.1","18.0","9.1","26.5","11.8","9.4","5.0","4.6","5.2","13.5","6.9","82.5","7.4","84.7","8.6","80.5","9.4","31.9","9.3","22.6","10.5","40.0","12.0","755","231","445","158","310","126","87.7","10.0","94.2","7.3","78.4","19.4","20.4","13.3","17.1","15.4","25.2","19.8","389","159","95","60","294","136","81.0","11.2","74.7","25.1","83.0","13.4","53.5","20.2","25.3","24.8","62.6","19.8","585","111","308","87","277","65","80.9","11.7","73.1","16.4","89.5","12.5","35.9","14.9","30.2","17.1","42.2","16.5","142","79","22","22","120","68","65.5","24.9","100.0","67.9","59.2","26.1","17.6","15.5","18.2","29.0","17.5","15.9","16.8","16.5","13.5","14.3","19.0","22.1","2.7","3.5","1.2","2.7","4.3","8.4","12.3","14.2","20.4","21.2","0.0","14.2","4.7","5.7","0.0","17.3","7.0","8.5","36074","10561","32083","13690","37500","13457","22050","18731","30608","16448","15350","16642","26199","4009","26548","15700","21827","12524","37193","13190","44828","15683","35746","7089","58017","9441","47344","44668","58039","8220","67991","45044","12826","20932","69777","20015","5.6","(X)","(X)","(X)","(X)","(X)",
"1400000US06111003011","Census Tract 30.11, Ventura County, California","595","210","291","121","304","129","36.5","18.7","44.0","23.6","29.3","20.7","35.1","19.6","35.1","22.5","35.2","25.8","28.4","23.4","21.0","22.8","35.5","27.5","0.0","6.1","0.0","12.1","0.0","11.6","3186","315","1665","236","1521","199","17.0","5.0","15.6","8.0","18.5","7.3","18.4","4.9","18.3","6.8","18.5","9.1","31.0","7.5","33.8","10.0","27.9","9.4","19.1","6.1","17.7","7.3","20.7","8.6","5.4","3.8","4.1","4.4","6.8","5.1","6.7","3.8","8.5","5.8","4.7","3.3","2.4","1.7","2.0","2.4","2.9","2.7","64.6","6.2","66.1","10.2","63.0","9.1","9.1","4.6","10.5","6.8","7.6","4.5","1233","231","712","213","521","144","63.6","14.0","68.3","18.1","57.2","18.4","5.0","5.1","3.5","4.6","7.1","9.0","537","152","258","107","279","85","83.2","16.9","91.1","14.6","76.0","24.2","13.4","10.4","19.0","17.9","8.2","9.3","1070","177","549","135","521","115","63.6","11.3","56.3","15.7","71.2","14.4","12.3","9.4","17.3","13.8","7.1","7.4","346","89","146","59","200","90","42.8","17.0","48.6","26.3","38.5","24.1","7.2","8.1","4.1","7.3","9.5","11.2","15.4","10.8","9.9","9.3","20.8","15.2","4.0","4.5","0.0","6.4","9.2","9.8","17.7","9.0","12.1","17.9","22.5","16.4","12.7","14.2","17.7","20.8","5.2","10.3","23466","4865","29612","13564","18256","8228","20489","8210","23736","3847","12167","17226","26661","10671","35041","20060","25043","11025","31382","14919","40227","32175","30329","25825","28750","60697","60625","80354","11771","33149","57375","168420","-","**","55125","57631","1.5","(X)","(X)","(X)","(X)","(X)",
"1400000US06111003012","Census Tract 30.12, Ventura County, California","6","9","0","13","6","9","0.0","100.0","-","**","0.0","100.0","100.0","100.0","-","**","100.0","100.0","0.0","100.0","-","**","0.0","100.0","0.0","100.0","-","**","0.0","100.0","195","76","97","46","98","38","24.1","25.9","37.1","37.7","11.2","15.8","20.5","21.1","22.7","27.6","18.4","23.0","18.5","16.2","14.4","17.1","22.4","23.0","17.4","12.0","13.4","15.2","21.4","20.5","0.0","17.4","0.0","31.0","0.0","30.7","19.5","22.8","12.4","20.4","26.5","29.1","0.0","17.4","0.0","31.0","0.0","30.7","55.4","18.8","40.2","28.9","70.4","20.5","19.5","22.8","12.4","20.4","26.5","29.1","28","42","15","22","13","20","46.4","6.8","0.0","82.3","100.0","88.4","0.0","60.2","0.0","82.3","0.0","88.4","63","50","24","23","39","31","74.6","39.8","66.7","53.8","79.5","34.2","60.3","38.8","50.0","50.0","66.7","34.6","86","51","58","35","28","26","46.5","24.2","39.7","31.8","60.7","52.5","0.0","33.7","0.0","41.8","0.0","60.2","18","20","0","13","18","20","44.4","55.6","-","**","44.4","55.6","0.0","75.1","-","**","0.0","75.1","0.0","33.4","0.0","41.8","0.0","59.2","0.0","53.1","0.0","85.1","0.0","67.9","0.0","54.6","0.0","88.4","0.0","69.5","0.0","51.7","0.0","92.0","0.0","62.5","22212","10036","31500","6135","15781","13903","31150","10896","31550","4774","-","**","19083","784","19250","56806","-","**","9844","26756","-","**","-","**","21154","26136","-","**","12500","24568","-","**","-","**","-","**","6.7","(X)","(X)","(X)","(X)","(X)",
"1400000US06111003013","Census Tract 30.13, Ventura County, California","628","170","239","93","389","143","8.4","7.4","22.2","18.9","0.0","9.2","21.3","14.1","28.5","18.5","17.0","18.8","66.1","14.0","49.4","24.1","76.3","20.8","4.1","4.9","0.0","14.5","6.7","8.4","3207","252","1618","192","1589","173","5.4","3.0","3.2","2.9","7.7","5.0","14.7","6.0","15.7","8.6","13.7","6.5","23.0","6.2","25.2","8.1","20.9","7.9","26.2","6.2","23.1","8.0","29.4","8.7","11.9","4.6","10.1","4.7","13.7","7.0","13.2","4.5","18.1","6.7","8.2","4.2","5.6","3.0","4.7","4.1","6.5","4.6","79.9","6.5","81.1","8.7","78.7","7.7","18.8","5.8","22.8","7.4","14.7","6.1","780","257","435","169","345","134","71.3","14.0","64.6","23.0","79.7","15.0","17.8","11.1","19.3","14.2","15.9","12.5","667","175","280","100","387","113","79.2","13.2","84.6","17.5","75.2","17.3","12.4","11.3","7.9","8.8","15.8","17.8","1400","210","756","167","644","124","87.4","7.6","87.7","8.1","87.1","10.7","21.9","7.2","29.9","12.2","12.6","7.1","360","81","147","55","213","66","70.8","16.2","89.8","14.2","57.7","22.9","20.6","17.1","25.2","20.8","17.4","16.7","5.1","6.7","0.0","11.6","9.7","11.8","5.0","6.9","0.0","8.8","11.1","14.5","1.3","1.4","1.1","1.9","1.5","2.3","0.0","6.0","0.0","9.7","0.0","14.8","39299","3482","41121","10171","37837","8001","24693","22154","38644","16364","15758","9634","40231","23017","40486","24835","22457","49676","40250","6520","43319","8813","38977","5282","34805","28587","46000","39846","19097","35911","96131","29820","68969","2788","105577","12246","0.7","(X)","(X)","(X)","(X)","(X)",
"1400000US06111003100","Census Tract 31, Ventura County, California","1715","398","731","265","984","266","31.8","13.4","23.8","22.0","37.8","16.8","21.7","7.9","35.6","17.9","11.4","7.8","42.8","13.8","37.1","16.4","47.1","16.5","3.7","3.7","3.6","5.4","3.8","4.4","9089","688","4326","503","4763","417","18.2","5.1","17.0","5.9","19.3","6.0","16.5","4.9","15.6","6.6","17.3","5.2","18.4","4.4","21.0","6.3","16.1","4.6","23.1","4.3","22.8","5.7","23.3","5.3","7.8","2.3","5.7","3.5","9.8","3.5","11.2","2.7","11.8","4.0","10.7","4.3","4.8","2.0","6.2","3.1","3.6","1.6","65.4","6.2","67.5","6.9","63.5","8.0","16.1","3.3","18.0","5.0","14.3","4.4","2079","584","1144","365","935","385","62.5","14.7","66.9","15.4","57.2","25.3","18.0","7.8","25.8","12.9","8.6","7.4","2653","418","1223","265","1430","209","80.2","8.1","82.1","8.6","78.5","9.3","14.9","5.6","10.8","5.9","18.5","7.0","3075","375","1395","230","1680","213","61.0","7.4","62.4","8.7","59.9","9.1","17.8","4.9","20.6","7.2","15.4","6.0","1282","284","564","173","718","217","49.8","14.2","49.5","15.4","50.0","20.3","11.1","7.3","11.5","9.3","10.7","10.6","17.2","11.0","20.0","17.6","15.0","8.5","5.3","6.1","1.8","3.1","9.4","11.9","4.2","4.7","0.0","3.0","7.6","8.2","0.0","2.5","0.0","4.7","0.0","5.4","30925","4513","34992","5198","26001","4638","16147","3724","24833","12202","14554","1604","25357","7389","22948","5563","32591","13409","38600","9795","53544","10198","32586","10711","51619","14597","54135","15412","50565","24965","80227","11082","81420","13896","76250","26039","6.0","(X)","(X)","(X)","(X)","(X)",
"1400000US06111003201","Census Tract 32.01, Ventura County, California","441","246","339","228","102","51","47.8","27.2","55.8","32.5","21.6","16.3","25.2","16.0","18.9","17.3","46.1","23.3","24.3","19.7","25.4","24.3","20.6","20.0","2.7","4.6","0.0","10.5","11.8","16.6","2147","547","1242","512","905","153","37.5","10.8","32.8","17.0","44.0","9.7","35.3","16.9","43.3","25.9","24.2","8.8","14.8","7.6","12.8","10.0","17.5","7.3","7.5","4.2","7.8","5.7","7.1","5.8","1.9","1.5","1.8","1.9","2.1","2.3","2.2","1.9","1.5","1.9","3.2","3.8","0.8","1.4","0.0","3.0","2.0","3.2","27.2","10.3","23.9","14.0","31.8","10.2","3.1","3.2","1.5","1.9","5.2","6.9","778","413","527","393","251","94","24.6","15.0","19.4","20.5","35.5","19.4","3.7","3.8","2.5","4.2","6.4","7.6","521","144","264","88","257","93","30.5","18.8","28.4","26.3","32.7","17.9","0.0","6.9","0.0","13.2","0.0","13.5","631","136","335","112","296","78","34.2","11.0","33.1","14.8","35.5","18.4","5.9","7.6","1.8","2.8","10.5","15.6","217","87","116","57","101","53","8.8","9.9","7.8","10.6","9.9","16.5","0.0","15.8","0.0","27.0","0.0","30.1","23.4","11.7","14.5","12.3","37.0","12.5","27.8","25.6","34.6","30.0","20.9","26.0","8.4","16.7","4.2","5.9","14.5","36.9","3.0","6.6","0.0","73.1","4.3","10.7","16671","1886","17378","6745","11094","4553","15943","1686","16723","4673","6477","2635","19468","9806","25408","9516","13611","7351","29464","7763","33352","16150","28795","7813","16190","11541","2,500-","***","16607","1413","-","**","-","**","-","**","5.9","(X)","(X)","(X)","(X)","(X)",
"1400000US06111003300","Census Tract 33, Ventura County, California","970","286","706","267","264","142","19.0","10.7","26.1","12.4","0.0","13.2","34.4","11.8","33.6","12.0","36.7","25.0","46.6","17.5","40.4","18.0","63.3","25.0","0.0","3.8","0.0","5.2","0.0","13.2","4723","466","2310","286","2413","315","15.9","7.3","14.2","7.5","17.6","7.8","9.1","3.2","9.4","5.2","8.7","3.6","23.8","5.3","22.8","7.1","24.7","6.1","23.6","5.5","23.9","8.7","23.4","5.6","10.3","3.0","9.0","3.9","11.5","5.1","12.7","4.1","14.1","5.2","11.4","5.1","4.6","2.5","6.6","3.9","2.7","2.2","75.0","7.7","76.4","7.9","73.7","9.4","17.3","4.6","20.6","6.2","14.1","5.2","1050","249","417","154","633","183","80.6","13.1","93.0","7.3","72.4","19.4","13.2","8.5","8.4","8.4","16.4","12.1","1008","239","607","193","401","136","72.6","10.4","69.7","13.9","77.1","12.0","21.0","12.8","21.6","15.6","20.2","16.4","1703","262","862","150","841","182","76.2","10.1","77.1","14.0","75.3","11.3","18.0","6.5","23.8","9.1","12.1","7.1","962","163","424","97","538","124","69.3","11.6","68.2","13.7","70.3","13.3","16.5","9.7","25.0","14.1","9.9","8.1","32.3","19.1","28.1","17.4","35.9","23.4","9.2","7.9","7.0","7.3","11.3","11.9","8.1","7.2","5.8","7.0","10.1","8.8","2.0","3.3","3.4","5.7","0.0","10.6","28997","2392","32992","9203","22480","10979","21230","10710","27721","9107","13972","8176","27879","3670","26583","13543","28434","3485","34676","7936","37188","13009","32097","10244","16838","33272","49792","36592","13401","9645","102727","65603","74083","53853","-","**","1.3","(X)","(X)","(X)","(X)","(X)",
"1400000US06111003605","Census Tract 36.05, Ventura County, California","1004","309","742","277","262","130","24.7","18.2","33.4","22.5","0.0","13.3","24.2","12.0","17.9","12.3","42.0","27.0","44.8","17.4","46.9","18.8","38.9","26.6","6.3","5.8","1.8","3.0","19.1","19.4","6062","733","2923","432","3139","416","11.7","5.5","8.4","4.4","14.8","7.9","8.2","3.9","8.9","5.8","7.6","3.6","15.2","5.0","15.0","6.0","15.3","5.8","29.6","6.0","27.5","6.8","31.6","7.2","10.8","3.0","10.6","4.0","11.1","4.4","17.9","4.1","20.0","6.2","15.9","5.4","6.6","2.5","9.6","3.9","3.7","2.2","80.1","7.1","82.7","6.7","77.6","8.7","24.4","4.2","29.6","5.8","19.7","6.0","1496","474","782","330","714","207","76.9","13.3","83.4","17.0","69.7","17.7","16.8","7.2","18.5","9.3","15.0","10.5","1368","348","705","181","663","219","87.4","6.6","81.7","10.5","93.5","6.1","25.9","11.5","32.5","16.0","18.9","12.3","2477","289","1078","212","1399","206","79.8","9.9","84.6","10.9","76.1","12.8","30.1","8.7","34.4","13.2","26.8","9.7","721","185","358","139","363","103","73.5","16.2","77.1","17.1","70.0","17.6","18.0","10.2","33.5","21.2","2.8","4.2","10.3","9.2","13.0","11.8","8.3","8.8","7.4","10.6","4.6","7.6","10.0","15.7","3.8","4.0","1.9","3.1","5.3","6.8","5.4","5.1","2.2","3.5","9.9","10.8","35141","9270","43343","9605","32742","13735","18214","2342","25021","8450","17521","5251","33255","14150","37056","38169","24141","18751","40642","4041","46144","12850","39033","5069","51446","9663","54048","40487","50809","12270","88404","37939","92847","9137","42109","46463","5.7","(X)","(X)","(X)","(X)","(X)",
"1400000US06111003608","Census Tract 36.08, Ventura County, California","675","136","393","108","282","103","13.2","6.5","19.1","10.4","5.0","6.2","32.1","16.7","37.4","24.2","24.8","17.1","50.4","15.3","37.4","20.2","68.4","16.5","4.3","4.4","6.1","7.8","1.8","3.3","2434","175","1199","110","1235","118","21.0","5.4","16.3","6.8","25.5","6.4","7.6","2.9","9.3","3.7","5.9","3.3","24.0","5.5","27.3","8.6","20.9","6.2","22.1","5.0","22.4","6.3","21.8","6.4","11.7","4.6","9.3","4.2","14.0","6.3","8.8","3.4","9.8","4.3","7.9","3.7","4.8","2.4","5.7","3.4","4.0","2.3","71.4","6.0","74.4","7.2","68.6","6.9","13.7","4.4","15.5","5.7","11.9","4.8","628","129","334","99","294","91","82.2","10.4","84.4","11.2","79.6","14.9","17.0","10.4","17.4","14.4","16.7","11.8","623","120","292","68","331","76","56.5","14.1","54.8","16.6","58.0","17.0","9.8","7.0","6.8","8.3","12.4","7.7","877","115","435","71","442","62","80.5","9.3","87.6","9.2","73.5","13.9","13.0","5.7","17.2","8.7","8.8","6.1","306","42","138","36","168","37","53.9","13.9","50.0","17.7","57.1","18.1","16.7","9.9","23.9","15.4","10.7","10.9","14.2","10.5","7.2","6.7","19.8","15.3","7.9","6.8","14.1","11.9","0.0","13.5","3.0","3.1","1.6","2.3","4.3","4.7","6.0","6.5","0.0","18.2","13.6","14.5","32928","5714","36961","6221","26875","5593","17578","10318","31071","4238","12240","6402","28125","6807","27750","6006","30938","17148","47784","11201","61184","8446","29602","6906","60682","23572","58882","32611","72917","33540","78056","24936","74250","70909","78889","30738","3.0","(X)","(X)","(X)","(X)","(X)",
"1400000US06111003609","Census Tract 36.09, Ventura County, California","351","223","203","149","148","112","3.7","8.7","6.4","16.1","0.0","22.1","48.1","20.6","41.4","35.8","57.4","39.0","26.2","14.9","21.2","29.8","33.1","34.0","21.9","27.1","31.0","40.9","9.5","18.0","4997","374","2425","248","2572","230","1.5","1.6","0.0","1.5","3.0","3.1","1.3","1.2","1.4","1.3","1.2","1.5","14.8","2.9","11.0","4.0","18.5","4.3","29.3","5.0","33.9","6.7","25.0","5.6","8.9","2.3","3.7","2.5","13.8","4.1","26.5","4.0","26.5","6.5","26.5","5.4","17.7","3.5","23.6","5.1","12.1","4.0","97.2","2.2","98.6","1.3","95.8","3.5","44.2","5.2","50.1","7.1","38.6","6.7","618","229","331","137","287","126","98.7","2.7","100.0","10.7","97.2","6.0","28.2","10.4","7.9","9.6","51.6","16.5","683","183","355","89","328","142","100.0","5.3","100.0","10.0","100.0","10.8","36.0","14.9","45.1","18.3","26.2","19.7","2184","244","1070","153","1114","144","97.5","2.4","98.3","2.1","96.7","3.3","44.6","8.0","56.3","11.9","33.5","10.4","1512","176","669","130","843","131","94.9","5.7","97.8","3.5","92.6","9.0","53.8","7.9","63.8","11.3","45.8","11.9","26.4","32.8","21.2","42.5","28.0","35.2","22.1","10.6","36.1","20.7","14.3","10.6","5.0","3.6","5.3","5.4","4.8","4.5","4.2","2.6","6.3","4.4","1.7","2.7","49127","8222","58651","14719","42332","10491","9375","45938","47955","69813","-","**","26339","11660","24194","30607","28125","11139","41059","4995","43482","27455","40442","4140","54778","21476","80956","60750","53327","20576","82331","14097","81111","36877","82829","7106","2.9","(X)","(X)","(X)","(X)","(X)",
"1400000US06111003612","Census Tract 36.12, Ventura County, California","433","171","185","86","248","151","0.0","8.3","0.0","18.2","0.0","14.0","34.9","20.5","40.0","27.4","31.0","29.1","49.4","20.2","34.6","23.1","60.5","28.6","15.7","11.7","25.4","24.3","8.5","9.6","3355","338","1760","222","1595","215","0.0","1.1","0.0","2.1","0.0","2.3","5.2","5.8","1.7","2.1","9.1","12.4","17.3","5.1","18.5","8.2","16.1","6.4","27.3","6.0","29.5","7.8","24.8","8.6","8.3","4.3","8.4","5.5","8.2","5.3","23.3","7.8","26.5","10.1","19.7","8.3","18.6","6.8","15.5","6.4","22.1","8.9","94.8","5.8","98.3","2.1","90.9","12.4","41.9","8.1","42.0","9.4","41.9","11.0","671","233","433","186","238","121","100.0","5.4","100.0","8.3","100.0","14.5","37.3","19.0","41.6","24.0","29.4","20.5","595","159","347","101","248","115","95.0","5.9","91.4","10.2","100.0","14.0","22.9","13.5","16.1","14.2","32.3","25.8","1509","162","748","117","761","129","95.6","6.2","100.0","4.9","91.3","12.2","51.7","10.4","49.9","14.8","53.5","15.0","580","152","232","82","348","145","86.4","17.0","100.0","14.9","77.3","25.9","41.6","15.3","56.0","24.8","31.9","18.5","0.0","19.2","0.0","58.2","0.0","22.5","0.0","6.2","0.0","10.9","0.0","13.6","0.0","3.1","0.0","5.5","0.0","6.9","4.7","4.2","0.7","1.1","9.0","8.4","44851","13427","54375","17708","36518","15766","19318","19283","40000","42336","-","**","26581","10570","27236","16178","22039","26940","36696","15227","52083","19535","22396","9930","59141","19609","61456","15995","48347","22481","83878","13363","74387","30745","84515","14902","1.1","(X)","(X)","(X)","(X)","(X)",
"1400000US06111003700","Census Tract 37, Ventura County, California","805","181","443","141","362","114","15.5","8.0","14.4","11.6","16.9","12.7","37.0","11.2","29.1","12.8","46.7","18.0","47.5","11.8","56.4","12.6","36.5","19.2","0.0","4.5","0.0","8.1","0.0","9.8","3965","428","2127","291","1838","239","32.5","7.0","33.9","8.4","30.8","7.6","9.3","3.0","10.5","4.0","7.9","3.7","27.3","6.2","27.4","9.3","27.3","7.8","16.1","4.1","14.7","5.2","17.8","6.3","8.1","3.1","7.1","3.7","9.3","4.5","4.7","1.9","3.2","2.8","6.4","3.2","1.9","1.5","3.1","2.6","0.5","0.8","58.2","7.7","55.6","9.2","61.2","8.0","6.6","2.7","6.3","3.6","6.9","3.1","923","234","472","173","451","141","75.3","9.6","65.9","17.9","85.1","9.7","7.8","5.5","2.1","3.4","13.7","11.1","919","207","605","141","314","122","62.8","13.3","66.6","13.9","55.4","20.1","15.2","8.7","18.7","10.9","8.6","8.7","1504","296","780","190","724","148","49.0","10.6","41.9","13.1","56.6","11.6","1.3","1.4","0.9","1.5","1.7","2.4","619","148","270","84","349","103","48.3","13.8","52.6","20.2","45.0","16.3","4.8","4.5","1.9","3.3","7.2","7.4","21.3","8.7","21.9","12.5","20.5","7.7","7.6","7.2","4.5","6.5","11.2","9.8","7.1","4.6","6.5","6.5","7.6","6.9","5.0","7.3","0.0","23.9","10.3","14.9","21268","2440","22106","4483","20015","5028","15990","2016","16686","3510","13922","3733","20702","5063","22045","15632","12423","18290","33362","5121","34828","8480","31825","5325","29957","82567","29655","53378","78229","106205","71250","54822","72375","51906","-","**","8.1","(X)","(X)","(X)","(X)","(X)",
"1400000US06111003801","Census Tract 38.01, Ventura County, California","573","161","250","118","323","95","42.1","17.1","65.2","24.6","24.1","14.7","13.6","10.0","15.6","16.8","12.1","12.0","44.3","16.7","19.2","19.7","63.8","18.2","0.0","6.3","0.0","13.9","0.0","10.9","2721","352","1321","220","1400","203","50.0","9.0","49.6","11.5","50.4","9.8","16.9","5.1","17.9","6.8","15.9","6.5","18.3","5.1","16.7","6.5","19.8","5.2","9.4","3.6","10.9","5.2","8.1","4.6","4.1","2.7","3.9","2.7","4.4","4.1","0.6","1.2","0.6","1.2","0.6","1.1","0.7","0.9","0.5","0.9","0.9","1.4","33.1","7.5","32.6","9.4","33.7","7.7","1.3","1.6","1.1","1.7","1.5","2.0","764","229","370","155","394","131","42.5","15.1","35.7","20.4","49.0","17.5","0.0","4.8","0.0","9.6","0.0","9.1","652","221","395","140","257","103","29.1","15.2","32.7","17.1","23.7","16.2","1.1","1.9","1.8","3.1","0.0","13.5","895","150","435","91","460","94","28.8","11.7","28.3","15.6","29.3","12.6","1.3","2.2","0.0","8.3","2.6","4.3","410","87","121","49","289","70","31.5","15.6","38.0","26.2","28.7","14.2","4.1","7.7","6.6","13.3","3.1","5.6","13.7","6.3","10.9","6.6","16.5","7.5","23.1","13.0","12.3","14.5","31.8","17.3","11.4","9.3","7.2","11.3","16.1","13.7","0.0","53.1","0.0","82.3","0.0","69.5","19393","1992","21716","5250","18085","1507","18138","1281","20047","3980","17732","1326","25708","13146","30223","16892","11875","25602","36058","5969","34732","8683","37500","19768","-","**","-","**","-","**","120521","199053","-","**","-","**","6.5","(X)","(X)","(X)","(X)","(X)",
"1400000US06111003802","Census Tract 38.02, Ventura County, California","423","125","240","100","183","113","32.4","19.6","33.3","21.8","31.1","35.9","26.2","13.9","39.6","21.8","8.7","12.9","41.4","17.5","27.1","25.6","60.1","32.9","0.0","8.5","0.0","14.4","0.0","18.4","1751","305","905","202","846","136","58.3","10.4","54.0","15.2","62.8","10.2","12.2","4.4","14.4","10.4","9.9","8.7","20.4","9.2","27.3","13.2","13.1","8.2","4.6","3.9","3.6","3.5","5.7","6.1","0.5","0.8","0.0","4.1","1.1","1.7","3.8","4.7","0.7","0.7","7.2","9.6","0.1","0.2","0.0","4.1","0.2","0.5","29.5","10.6","31.6","13.7","27.3","13.1","3.9","4.7","0.7","0.7","7.4","9.7","455","184","239","127","216","89","45.1","22.3","40.6","22.8","50.0","35.6","9.7","17.7","0.0","14.5","20.4","33.0","457","146","313","119","144","59","37.4","22.8","37.1","24.8","38.2","30.2","0.0","7.9","0.0","11.3","0.0","22.7","594","211","246","117","348","122","10.9","12.8","17.9","20.1","6.0","9.0","0.0","6.1","0.0","14.1","0.0","10.2","245","73","107","38","138","46","31.0","20.3","27.1","23.5","34.1","20.3","10.2","10.0","5.6","5.6","13.8","16.4","33.3","21.5","27.8","24.8","39.0","20.7","31.2","20.0","43.7","23.8","0.0","30.7","35.5","42.0","0.0","63.7","52.9","52.9","0.0","42.2","-","**","0.0","42.2","16209","2439","20404","7172","11824","4908","16339","2238","20657","5908","11000","1539","14944","15553","14500","26667","21333","29356","14688","21368","12143","130333","17679","22997","15881","5274","-","**","15881","5274","-","**","-","**","-","**","6.5","(X)","(X)","(X)","(X)","(X)",
"1400000US06111003900","Census Tract 39, Ventura County, California","658","233","331","176","327","129","23.6","15.5","24.2","21.3","22.9","19.1","36.0","14.3","34.1","18.3","37.9","19.7","36.5","13.4","41.7","22.6","31.2","13.9","4.0","5.1","0.0","10.7","8.0","9.4","3676","423","1866","264","1810","235","31.3","5.9","27.0","8.9","35.7","8.1","19.0","5.4","19.2","8.5","18.8","6.9","23.4","5.1","30.9","8.0","15.6","5.5","13.2","3.8","14.3","5.7","12.1","5.2","4.9","2.7","3.5","2.7","6.4","4.5","5.7","2.0","3.9","2.8","7.6","3.3","2.5","1.6","1.3","1.6","3.7","2.9","49.7","7.2","53.8","8.9","45.4","9.7","8.2","2.8","5.1","4.0","11.3","4.7","1278","339","596","185","682","192","53.8","11.7","61.4","13.0","47.1","16.6","9.4","6.4","1.8","2.9","16.0","11.8","974","263","583","178","391","129","38.4","14.3","29.3","15.7","51.9","19.0","10.7","9.7","6.5","9.9","16.9","13.8","1125","269","591","192","534","144","53.8","10.8","67.0","12.4","39.1","14.9","5.7","4.0","6.9","5.9","4.3","4.9","299","129","96","57","203","96","53.5","20.1","74.0","21.2","43.8","22.4","4.3","3.6","6.3","10.5","3.4","5.6","23.5","10.5","18.4","12.5","27.8","11.8","26.6","11.5","14.2","12.9","51.9","23.2","30.8","13.6","13.9","12.0","47.6","21.4","6.3","9.0","0.0","31.2","9.3","13.1","18204","2687","20831","2484","15288","2925","16787","2285","20524","3260","15180","5677","16557","4343","17760","2576","8869","4536","29674","9862","43365","15929","17557","13833","40595","15618","42262","24508","21591","18798","77647","83012","-","**","43125","71802","11.1","(X)","(X)","(X)","(X)","(X)",
"1400000US06111004000","Census Tract 40, Ventura County, California","719","218","389","141","330","131","28.0","17.5","32.1","17.6","23.0","21.0","33.7","13.9","33.7","15.9","33.6","16.8","33.9","17.9","28.3","16.0","40.6","23.4","4.5","5.2","5.9","6.5","2.7","4.5","3901","320","1913","170","1988","217","28.1","6.1","29.0","7.3","27.3","6.5","14.3","4.7","20.3","7.6","8.6","3.0","28.7","6.8","27.8","8.0","29.6","7.5","15.9","4.4","13.0","4.1","18.8","6.2","8.0","2.7","5.7","2.9","10.3","3.9","4.0","2.0","4.0","2.7","4.0","2.8","0.9","0.9","0.3","0.6","1.5","1.6","57.6","5.8","50.7","7.0","64.2","6.2","4.9","2.2","4.3","2.8","5.5","3.5","1169","304","622","157","547","186","68.3","11.2","59.6","14.6","78.1","12.5","4.8","3.9","5.5","6.4","4.0","5.6","662","173","351","115","311","97","64.0","8.9","55.3","13.7","74.0","15.2","7.1","5.6","5.4","6.8","9.0","9.0","1414","175","714","103","700","107","47.8","11.3","42.0","13.0","53.7","12.0","4.7","2.9","4.1","3.4","5.4","4.5","656","176","226","90","430","116","53.0","13.2","46.5","22.2","56.5","12.6","3.4","3.8","0.0","15.2","5.1","5.9","15.5","7.1","12.2","6.9","19.8","9.2","16.5","6.9","8.1","6.7","24.1","11.1","10.4","6.9","9.8","9.3","10.7","8.9","9.9","11.2","0.0","34.7","17.3","19.5","22218","3225","25007","3918","20798","2928","21178","2531","23013","4665","17453","4033","19662","6258","20982","11889","19028","14588","31157","10174","33148","4293","25350","15236","25313","16310","19318","18413","27188","63381","57941","16662","-","**","58382","10251","5.9","(X)","(X)","(X)","(X)","(X)",
"1400000US06111004101","Census Tract 41.01, Ventura County, California","857","311","519","191","338","150","36.5","12.9","32.6","15.0","42.6","18.5","26.7","9.7","21.8","13.2","34.3","18.5","32.0","11.7","37.8","18.4","23.1","14.9","4.8","8.2","7.9","13.2","0.0","10.5","3882","393","2169","279","1713","190","32.0","5.0","31.7","7.0","32.4","6.3","18.8","5.4","17.0","6.3","21.0","6.8","23.4","4.7","29.2","6.0","16.1","6.3","17.3","3.6","15.1","5.2","20.0","4.9","3.1","1.5","2.6","1.6","3.9","2.8","4.0","2.1","3.6","3.3","4.5","2.7","1.4","1.5","0.9","1.4","2.1","2.0","49.2","6.2","51.3","7.8","46.6","7.0","5.4","2.7","4.5","3.4","6.6","3.1","1303","296","771","211","532","155","47.7","11.8","48.6","15.6","46.2","11.8","3.1","2.4","0.0","4.7","7.7","5.8","800","192","439","152","361","115","64.9","14.8","63.8","17.2","66.2","18.1","5.4","5.8","3.4","5.2","7.8","7.6","1289","183","738","135","551","87","43.2","8.3","48.9","10.6","35.6","10.3","6.6","4.9","8.4","7.8","4.2","4.6","490","138","221","72","269","83","43.7","14.3","43.9","15.7","43.5","17.2","8.4","10.7","9.0","13.0","7.8","9.2","11.9","7.8","8.5","6.9","15.8","9.5","7.8","6.2","7.0","7.8","9.8","10.1","3.9","3.5","5.2","5.7","2.7","4.2","3.3","5.8","0.0","31.0","6.2","10.2","22460","2028","25987","3080","20000","2158","21151","1601","23562","3321","17181","2182","25190","6215","24875","9599","26563","8200","26858","8887","36701","11731","21629","1886","33611","24558","57930","45856","32188","11007","9922","107360","-","**","9922","107360","9.9","(X)","(X)","(X)","(X)","(X)",
"1400000US06111004200","Census Tract 42, Ventura County, California","585","133","236","87","349","105","25.0","10.3","27.1","17.5","23.5","16.0","27.5","13.8","31.4","21.5","24.9","15.9","43.8","12.8","37.7","21.0","47.9","18.4","3.8","3.7","3.8","6.5","3.7","5.0","3159","262","1460","184","1699","182","21.3","4.8","19.4","6.3","23.0","5.5","12.5","4.2","17.7","7.6","8.1","3.9","26.5","5.1","25.8","7.8","27.1","6.1","20.5","3.7","16.5","5.5","24.0","5.6","7.5","3.3","6.8","4.4","8.2","4.9","8.3","2.6","12.1","4.8","5.0","3.0","3.3","2.0","1.8","1.7","4.6","3.4","66.2","5.2","62.9","8.6","68.9","5.7","11.6","2.9","13.9","5.1","9.7","4.1","674","176","346","126","328","88","66.2","13.6","55.5","23.6","77.4","14.7","12.0","7.8","16.8","11.8","7.0","7.7","647","169","248","107","399","109","61.4","12.7","64.9","20.0","59.1","16.0","16.8","7.3","22.6","17.2","13.3","9.1","1297","208","653","132","644","124","69.9","8.5","67.2","11.9","72.7","9.6","10.5","4.7","10.6","7.7","10.4","7.0","541","121","213","65","328","90","62.8","13.7","59.6","17.3","64.9","17.0","7.6","6.8","9.4","10.6","6.4","6.3","19.4","10.3","25.5","18.6","13.1","8.2","16.0","7.8","8.8","8.3","22.0","11.2","9.1","4.9","14.1","10.1","6.0","5.2","10.4","10.8","5.9","9.1","15.9","16.8","31900","2941","35865","6880","29583","4037","21250","11245","28315","14777","15769","3103","29219","11222","36806","11586","23375","22113","37416","2883","44324","15374","35430","5530","50573","19630","50833","21451","41932","64187","84063","66454","2,500-","***","85500","65018","5.1","(X)","(X)","(X)","(X)","(X)",
"1400000US06111004304","Census Tract 43.04, Ventura County, California","546","171","231","114","315","136","13.9","12.6","14.7","13.2","13.3","19.7","22.9","17.8","17.3","16.4","27.0","27.3","54.0","21.5","46.3","29.2","59.7","30.3","9.2","9.9","21.6","23.2","0.0","11.2","4422","384","2158","295","2264","253","8.3","5.2","10.1","6.3","6.6","4.5","13.2","5.2","13.7","8.1","12.7","5.1","22.6","6.0","20.8","7.2","24.3","6.5","26.1","4.7","24.5","6.9","27.5","5.4","11.5","4.8","12.9","5.9","10.2","5.2","10.3","3.1","10.5","4.9","10.2","3.9","8.0","3.0","7.5","4.0","8.5","3.9","78.5","7.5","76.2","10.5","80.7","6.9","18.3","4.7","17.9","6.0","18.7","5.9","973","299","570","240","403","121","57.1","20.0","52.5","24.4","63.8","20.5","12.9","8.2","15.3","12.8","9.7","9.5","907","212","414","132","493","156","81.7","9.8","87.0","13.1","77.3","14.4","17.3","8.6","15.9","15.6","18.5","9.7","1358","278","633","141","725","220","84.4","9.6","90.0","10.2","79.4","13.1","24.8","10.3","20.2","9.7","28.8","16.7","1184","211","541","141","643","159","86.8","10.1","76.7","17.7","95.3","6.8","16.1","7.8","19.6","12.3","13.2","7.4","11.3","11.1","2.3","5.1","21.7","17.5","24.6","10.3","20.0","16.7","28.4","16.5","9.9","6.0","8.8","8.2","11.0","8.3","12.0","8.3","9.8","11.8","13.9","10.7","26463","9365","36185","13004","20110","4910","16193","1263","17477","2676","9205","10262","23698","26288","40697","6286","13103","2524","37134","15167","41406","15067","34583","23816","41333","11150","42250","109359","38750","36032","59648","14626","59375","30081","60337","37928","3.1","(X)","(X)","(X)","(X)","(X)",
"1400000US06111004305","Census Tract 43.05, Ventura County, California","883","331","707","298","176","64","1.8","2.4","2.3","3.0","0.0","19.1","54.0","11.7","55.9","16.0","46.6","18.5","42.5","12.1","41.9","16.4","44.9","18.3","1.7","2.8","0.0","5.2","8.5","13.0","1034","190","549","128","485","103","1.7","2.5","1.6","2.3","1.9","2.7","5.4","3.9","3.3","4.4","7.8","6.8","19.7","11.4","24.4","13.6","14.4","12.7","47.8","13.9","47.9","15.3","47.6","16.4","2.2","2.4","1.8","2.5","2.7","4.1","17.6","8.4","13.1","8.1","22.7","11.3","5.5","3.4","7.8","4.7","2.9","3.5","92.8","4.8","95.1","4.9","90.3","7.5","23.1","9.4","20.9","9.7","25.6","11.9","624","159","301","96","323","99","92.0","6.1","96.0","6.6","88.2","10.1","10.4","7.3","6.6","7.7","13.9","10.9","289","159","206","106","83","69","97.9","5.3","97.1","7.1","100.0","34.5","29.8","19.7","30.1","18.0","28.9","35.4","121","72","42","28","79","55","85.1","19.7","78.6","26.9","88.6","17.9","72.7","23.1","78.6","26.9","69.6","30.0","0","13","0","13","0","13","-","**","-","**","-","**","-","**","-","**","-","**","0.0","47.0","0.0","100.0","0.0","52.4","0.0","19.2","0.0","29.2","0.0","38.1","6.9","8.4","0.0","22.5","11.1","12.7","5.1","7.9","0.0","30.7","9.2","14.1","37171","6169","45350","9777","23250","11725","23542","26147","45625","39472","22625","47474","36090","9984","36383","15506","2,500-","***","37375","11760","43614","8282","9500","37358","64286","67496","80962","17564","26458","1175","103958","9279","104886","21694","62500","124840","0.6","(X)","(X)","(X)","(X)","(X)",
"1400000US06111004400","Census Tract 44, Ventura County, California","617","202","314","152","303","158","19.1","15.7","34.4","26.4","3.3","5.8","46.2","18.3","44.3","28.4","48.2","21.9","34.7","14.1","21.3","16.0","48.5","22.2","0.0","5.9","0.0","11.2","0.0","11.6","4795","378","2316","295","2479","250","10.2","4.1","10.8","6.7","9.8","4.6","8.9","3.4","7.8","4.5","9.9","5.0","21.6","5.3","26.3","7.7","17.1","5.7","27.6","5.8","25.6","6.8","29.6","7.6","8.4","3.3","10.0","5.8","6.9","3.2","13.0","4.2","10.3","4.7","15.5","5.1","10.3","4.1","9.3","5.2","11.2","5.5","80.9","5.2","81.5","7.8","80.4","6.0","23.3","4.8","19.6","5.9","26.7","6.2","1125","286","385","147","740","230","74.3","10.9","68.1","21.2","77.6","14.5","16.7","9.6","14.3","15.0","18.0","12.1","816","245","612","180","204","107","85.9","10.4","89.1","9.5","76.5","23.8","5.0","4.5","4.4","4.9","6.9","11.1","2045","308","962","194","1083","202","83.4","8.4","81.4","13.4","85.2","8.2","29.1","8.6","26.9","12.2","31.1","10.6","809","205","357","104","452","146","78.6","10.5","83.2","17.4","75.0","11.8","36.1","14.7","31.7","17.1","39.6","18.0","23.3","12.7","13.5","14.5","31.8","19.0","10.3","8.6","7.7","8.1","14.1","17.0","15.5","7.4","7.9","5.7","22.3","12.1","5.7","4.6","9.0","10.3","3.5","3.9","38398","5605","41006","5402","31375","13232","21230","9892","30890","10688","4807","11383","37528","5963","45034","8417","29817","5287","36325","11908","41414","9512","27216","16818","62554","17754","31090","27939","64429","49369","60729","38260","62292","67505","49353","49979","2.9","(X)","(X)","(X)","(X)","(X)",
"1400000US06111004503","Census Tract 45.03, Ventura County, California","729","278","421","244","308","132","38.5","21.6","51.5","31.6","20.8","19.7","28.4","14.6","22.1","19.4","37.0","22.0","32.8","14.3","25.9","19.5","42.2","24.9","0.3","0.9","0.5","1.6","0.0","11.4","2517","311","1336","195","1181","191","30.3","7.7","28.3","10.1","32.5","8.4","15.5","6.0","25.4","10.9","4.2","4.6","17.6","5.0","21.0","6.0","13.8","6.8","21.8","7.4","16.2","6.7","28.0","12.9","3.5","2.3","3.2","3.0","3.7","3.2","7.2","3.8","4.1","3.9","10.6","5.4","4.3","2.9","1.7","2.2","7.1","5.1","54.2","8.3","46.3","10.1","63.3","9.5","11.4","5.2","5.8","5.4","17.7","6.6","819","245","412","173","407","134","62.6","14.7","52.9","22.3","72.5","15.0","17.3","10.3","14.6","15.7","20.1","10.1","709","167","379","98","330","94","55.7","15.7","60.9","15.9","49.7","17.8","8.3","5.9","2.4","3.7","15.2","11.7","872","260","487","144","385","143","45.8","15.4","27.5","17.0","68.8","21.8","9.9","7.5","1.8","3.0","20.0","15.8","117","60","58","45","59","43","49.6","31.8","60.3","42.1","39.0","37.9","0.0","26.9","0.0","41.8","0.0","41.5","24.5","11.9","26.3","13.8","21.4","12.6","2.0","3.5","0.0","12.5","5.5","9.8","7.7","6.9","18.8","15.3","0.0","9.5","0.0","12.2","0.0","35.8","0.0","16.4","23578","6151","26047","8119","21673","4448","16645","2311","18255","5403","13109","6792","31065","10701","36034","22931","25417","15039","32232","5671","43750","23201","27500","14792","41250","19108","47100","25071","28229","15844","69028","38187","17054","207569","69722","36471","3.7","(X)","(X)","(X)","(X)","(X)",
"1400000US06111004504","Census Tract 45.04, Ventura County, California","645","170","282","122","363","98","30.5","14.8","30.1","21.7","30.9","22.2","26.4","15.9","33.7","21.4","20.7","17.5","43.1","18.1","36.2","21.6","48.5","23.4","0.0","5.6","0.0","12.4","0.0","9.8","3472","302","1727","226","1745","166","28.6","5.5","27.0","7.8","30.1","7.3","16.0","4.3","15.0","5.9","17.1","6.5","23.0","5.3","27.0","7.2","19.1","6.3","17.3","4.0","17.7","6.9","17.0","5.5","6.6","2.7","4.5","2.8","8.7","4.2","6.0","2.2","5.6","2.6","6.5","3.4","2.4","2.1","3.2","2.5","1.6","2.0","55.4","6.4","58.0","9.0","52.8","7.0","8.4","3.1","8.8","3.5","8.1","4.1","1057","260","593","182","464","137","42.3","10.4","39.0","13.4","46.6","13.0","3.4","3.4","1.3","2.2","6.0","5.8","666","169","286","100","380","108","54.5","13.0","59.4","16.8","50.8","18.0","6.5","6.4","3.8","6.6","8.4","7.9","1278","179","630","147","648","107","64.3","11.3","71.1","13.5","57.7","14.2","13.8","5.5","16.3","7.4","11.3","8.9","471","108","218","62","253","76","61.8","15.6","70.2","19.3","54.5","18.3","8.1","7.7","13.8","14.9","3.2","5.1","16.6","6.7","10.5","7.3","22.0","9.6","8.9","8.8","5.6","12.4","13.5","11.9","9.6","6.3","10.7","10.9","8.7","6.3","14.0","11.2","17.8","15.5","9.9","16.5","27558","3638","29804","4586","25726","5856","21333","2963","27250","9063","19595","2353","35833","6949","31681","13504","36713","4714","32000","6128","38438","29626","31100","4670","30625","6104","31806","13240","28365","13670","30938","7879","32500","12598","29342","100981","8.2","(X)","(X)","(X)","(X)","(X)",
"1400000US06111004505","Census Tract 45.05, Ventura County, California","251","98","160","73","91","61","52.2","20.0","69.4","27.1","22.0","22.3","10.8","9.4","1.3","2.9","27.5","29.0","37.1","17.9","29.4","26.9","50.5","32.5","0.0","13.8","0.0","20.7","0.0","32.4","1229","196","640","123","589","124","30.2","12.4","34.5","16.6","25.5","9.6","8.0","4.7","8.1","6.4","7.8","5.9","18.6","6.4","19.4","9.7","17.7","7.2","26.7","11.9","24.8","14.7","28.7","13.0","4.6","3.8","2.0","3.1","7.5","5.9","9.2","5.8","9.8","7.1","8.5","6.5","2.8","2.5","1.3","2.2","4.4","5.1","61.8","12.6","57.3","17.3","66.7","9.8","12.0","8.0","11.1","7.6","12.9","10.3","275","79","206","64","69","43","58.5","25.2","51.9","29.1","78.3","33.4","2.2","3.7","1.5","2.6","4.3","7.4","197","71","74","31","123","53","58.9","22.1","66.2","33.0","54.5","27.1","5.6","8.1","14.9","20.7","0.0","25.8","501","121","230","80","271","89","60.5","14.1","62.6","20.0","58.7","15.4","14.2","10.3","20.0","20.7","9.2","10.7","256","150","130","67","126","96","70.3","24.7","51.5","29.7","89.7","18.5","23.0","16.5","8.5","14.3","38.1","32.4","5.3","6.7","0.7","1.7","11.7","15.3","14.9","13.6","21.0","21.7","7.7","12.6","12.7","11.0","12.2","14.8","13.1","16.0","7.5","10.4","4.2","7.7","10.5","16.6","24153","4150","24738","3617","19813","10395","23987","2423","24892","2130","9878","14201","21726","6083","21111","13255","25729","8146","27639","21766","12292","40830","27961","16898","37500","64335","73274","13262","-","**","11420","21189","-","**","-","**","15.2","(X)","(X)","(X)","(X)","(X)",
"1400000US06111004506","Census Tract 45.06, Ventura County, California","1136","283","676","228","460","141","54.8","12.4","58.7","13.5","48.9","20.1","18.4","8.4","15.8","10.2","22.2","12.7","26.8","9.5","25.4","10.0","28.9","16.2","0.0","3.2","0.0","5.4","0.0","7.8","3156","275","1535","258","1621","172","44.6","7.3","46.1","10.3","43.1","8.9","19.6","5.7","23.0","7.5","16.3","6.6","14.4","4.7","10.1","6.1","18.4","6.7","14.2","4.4","9.8","4.2","18.3","6.9","1.5","1.4","2.5","3.0","0.6","0.8","4.9","2.7","7.9","5.5","2.2","1.7","0.9","0.7","0.5","1.2","1.2","1.4","35.8","6.3","30.9","8.5","40.5","7.3","5.8","3.1","8.4","5.7","3.3","1.8","1151","248","617","189","534","141","28.3","11.9","20.1","11.9","37.8","15.5","3.2","3.6","5.7","7.1","0.4","1.9","916","199","443","136","473","120","26.4","11.0","25.1","13.6","27.7","14.0","0.0","4.0","0.0","8.1","0.0","7.6","774","145","373","111","401","96","46.8","12.0","47.7","16.4","45.9","17.3","8.9","7.0","13.4","12.6","4.7","4.8","315","93","102","63","213","62","63.8","16.1","59.8","27.9","65.7","15.1","24.4","13.5","43.1","21.0","15.5","11.0","32.7","9.3","31.3","15.7","34.4","11.4","29.1","22.0","43.2","31.5","20.6","17.9","25.1","17.0","0.0","19.4","41.0","23.6","0.0","25.6","0.0","29.6","0.0","69.5","18080","2528","21536","5027","15505","2073","15461","2559","18720","4218","12576","2064","22569","9903","17115","22383","23043","7522","37097","7653","41389","6298","28071","14816","24355","43550","23911","42095","143472","105148","-","**","-","**","-","**","7.2","(X)","(X)","(X)","(X)","(X)",
"1400000US06111004600","Census Tract 46, Ventura County, California","516","145","421","139","95","42","2.9","3.2","1.9","2.9","7.4","10.9","54.1","13.0","58.7","16.1","33.7","21.9","43.0","13.2","39.4","16.3","58.9","22.2","0.0","7.0","0.0","8.5","0.0","31.4","985","207","580","161","405","76","0.9","1.0","0.9","1.2","1.0","1.9","5.2","3.2","3.6","2.9","7.4","6.6","16.6","6.7","14.1","6.6","20.2","13.4","51.7","10.7","57.2","10.8","43.7","16.1","13.5","8.4","11.0","7.9","17.0","12.3","6.9","3.4","5.9","3.4","8.4","6.0","5.2","3.6","7.2","4.5","2.2","3.5","93.9","3.4","95.5","3.2","91.6","7.0","12.1","5.9","13.1","6.3","10.6","7.1","532","150","319","101","213","74","94.9","5.2","94.7","5.1","95.3","10.1","11.5","8.2","9.1","7.1","15.0","11.8","342","159","197","99","145","71","94.7","4.3","98.0","4.3","90.3","9.6","6.1","6.2","10.7","10.1","0.0","22.5","102","54","59","32","43","29","94.1","9.4","100.0","41.5","86.0","22.8","36.3","24.1","44.1","32.9","25.6","26.2","9","10","5","7","4","8","0.0","100.0","0.0","100.0","0.0","100.0","0.0","100.0","0.0","100.0","0.0","100.0","25.0","33.5","41.7","58.3","16.7","27.1","11.0","11.4","11.3","13.6","10.8","14.7","3.8","4.7","2.8","4.1","4.9","5.8","0.0","32.9","0.0","47.0","0.0","48.6","39615","5991","45337","8558","26932","7089","24231","28784","46429","25543","23000","7394","31094","19022","46250","22733","28798","9753","39839","4967","42339","9757","26136","22247","37656","6459","36500","5789","43125","27586","75156","23044","76563","43137","2,500-","***","4.0","(X)","(X)","(X)","(X)","(X)",
"1400000US06111004704","Census Tract 47.04, Ventura County, California","102","66","47","45","55","44","10.8","16.1","23.4","32.7","0.0","43.0","33.3","24.4","44.7","36.7","23.6","26.6","39.2","32.6","31.9","31.8","45.5","52.7","16.7","16.0","0.0","46.5","30.9","28.6","953","113","440","93","513","61","33.1","9.5","24.8","12.5","40.2","13.9","21.0","6.8","26.4","11.0","16.4","9.2","24.2","5.7","22.3","9.7","25.9","8.3","13.4","6.5","15.7","9.9","11.5","7.6","2.2","2.1","1.1","1.7","3.1","3.3","6.1","4.0","9.8","7.3","2.9","3.6","0.0","3.9","0.0","8.2","0.0","7.0","46.0","8.9","48.9","13.7","43.5","10.6","6.1","4.0","9.8","7.3","2.9","3.6","337","99","159","73","178","54","45.1","24.5","49.7","31.3","41.0","25.4","4.5","5.7","0.0","20.8","8.4","10.4","189","108","92","68","97","58","45.0","26.2","43.5","36.8","46.4","28.7","0.0","17.9","0.0","32.2","0.0","31.0","308","66","143","35","165","49","47.4","19.0","55.9","26.6","40.0","20.8","14.0","11.2","30.1","22.3","0.0","20.2","119","66","46","32","73","41","46.2","32.2","34.8","38.1","53.4","32.3","0.0","26.5","0.0","47.0","0.0","37.2","12.8","12.4","12.0","12.7","13.4","13.5","0.0","14.9","0.0","30.7","0.0","24.2","8.1","8.2","0.0","36.9","16.0","16.0","0.0","41.8","0.0","48.6","0.0","82.3","26396","3322","28403","5120","22500","7412","25048","4712","26712","21375","17120","11074","14625","27695","23750","22779","2,500-","***","31223","2037","31161","3838","31316","11248","23750","36163","25469","65052","4583","112106","-","**","-","**","-","**","6.7","(X)","(X)","(X)","(X)","(X)",
"1400000US06111004710","Census Tract 47.10, Ventura County, California","532","180","329","146","203","100","45.3","16.2","46.8","19.5","42.9","28.3","33.3","12.6","43.8","16.8","16.3","24.1","17.3","11.9","5.8","8.7","36.0","22.4","4.1","4.3","3.6","4.8","4.9","8.3","3120","325","1597","197","1523","224","29.7","7.4","25.0","9.6","34.6","9.2","11.7","4.3","12.0","5.4","11.4","4.9","16.2","5.3","23.0","7.9","9.1","4.3","21.9","5.8","19.3","7.3","24.7","7.3","10.1","4.4","13.3","7.7","6.8","4.2","7.8","3.1","4.4","2.5","11.3","6.0","2.6","1.8","3.1","2.6","2.0","1.7","58.6","7.1","63.0","9.1","54.0","8.0","10.3","3.3","7.5","3.7","13.3","5.8","920","218","513","166","407","117","56.2","18.9","57.1","22.7","55.0","18.5","5.7","4.7","3.3","4.6","8.6","8.2","823","204","398","109","425","146","52.0","13.4","62.6","15.4","42.1","18.3","7.5","5.7","6.5","9.3","8.5","5.9","929","116","513","105","416","91","62.1","13.8","63.2","17.5","60.8","15.9","11.2","6.4","6.6","6.6","16.8","10.9","448","113","173","81","275","79","68.3","17.2","80.9","22.3","60.4","18.4","23.2","17.4","24.3","22.0","22.5","23.5","16.6","6.8","12.7","9.0","20.0","9.6","4.0","4.5","4.4","6.9","2.9","5.9","5.2","4.7","1.7","3.1","9.0","7.8","8.1","13.0","0.0","26.5","12.8","20.2","26010","3061","27380","8469","22841","8058","19710","5272","24608","5819","16392","3970","25398","18631","30469","21973","25227","27298","35463","6595","32383","11529","36047","9795","34792","26900","44722","27920","29583","32158","70750","115700","2,500-","***","72375","12953","6.7","(X)","(X)","(X)","(X)","(X)",
"1400000US06111004711","Census Tract 47.11, Ventura County, California","449","136","323","142","126","63","6.2","8.1","2.2","3.9","16.7","27.5","29.4","16.4","30.3","18.2","27.0","32.2","59.2","18.4","66.3","20.3","41.3","32.4","5.1","6.9","1.2","4.0","15.1","23.3","2154","278","993","190","1161","161","17.9","5.2","8.7","4.2","25.8","7.3","12.0","5.5","18.1","7.9","6.8","8.6","11.2","4.6","12.2","6.0","10.3","5.4","25.1","7.0","30.0","9.7","20.8","7.5","6.2","4.0","8.0","5.4","4.7","4.0","25.4","5.8","20.7","9.2","29.4","6.5","2.3","1.5","2.3","2.7","2.2","2.2","70.1","6.1","73.2","8.4","67.4","8.7","27.7","6.0","23.1","9.8","31.6","6.8","403","101","199","98","204","106","68.0","12.7","67.8","26.1","68.1","28.3","23.1","10.6","29.6","20.8","16.7","13.3","413","136","227","100","186","89","68.0","18.5","65.2","22.8","71.5","23.4","37.0","20.1","29.5","25.6","46.2","30.7","868","195","360","116","508","117","72.7","11.1","80.6","12.2","67.1","15.9","22.5","8.3","18.1","10.6","25.6","10.5","470","101","207","51","263","74","68.9","16.0","74.4","18.6","64.6","21.2","33.0","11.1","18.4","15.6","44.5","18.6","41.1","16.4","47.0","21.4","37.0","19.8","6.2","7.8","7.4","10.0","5.0","7.3","20.8","13.1","15.1","13.5","28.0","22.0","0.0","6.1","0.0","15.1","0.0","9.7","27372","6345","30208","9655","22250","10942","15000","2078","15978","7797","14392","3141","44091","9399","43750","24792","44327","15360","29615","17181","47100","10528","18295","23547","39318","22983","28846","14012","50833","10238","46250","40674","34297","17227","105694","103076","8.5","(X)","(X)","(X)","(X)","(X)",
"1400000US06111004715","Census Tract 47.15, Ventura County, California","702","137","426","141","276","99","29.3","13.6","40.6","20.3","12.0","13.7","20.4","11.4","17.8","15.1","24.3","17.1","43.9","16.4","31.0","20.6","63.8","28.3","6.4","7.0","10.6","11.6","0.0","12.7","3190","322","1511","183","1679","207","22.4","6.2","18.0","6.7","26.3","8.0","17.1","5.4","19.3","6.5","15.2","6.9","23.3","5.3","26.0","6.9","20.8","6.5","22.9","4.9","21.6","7.5","24.1","5.7","5.4","2.1","7.1","3.7","3.9","2.8","6.6","2.9","4.2","2.9","8.9","4.5","2.2","1.3","3.7","2.5","0.8","1.3","60.5","7.7","62.7","8.6","58.5","8.9","8.8","3.2","7.9","3.7","9.7","4.6","893","224","422","128","471","129","62.6","13.6","64.0","15.7","61.4","16.5","10.5","6.2","5.5","6.4","15.1","10.0","834","220","340","123","494","137","58.8","12.5","65.0","15.9","54.5","14.5","11.3","9.0","16.5","13.0","7.7","7.8","1115","156","599","105","516","100","62.8","11.0","65.1","14.1","60.1","15.5","4.6","2.9","4.0","4.6","5.2","5.5","348","58","150","36","198","47","51.7","20.9","44.0","25.2","57.6","21.7","12.4","10.8","10.7","16.9","13.6","14.0","22.1","9.8","18.4","11.5","25.1","11.3","10.0","11.2","14.0","16.9","5.4","7.1","11.2","6.6","6.4","6.1","15.5","12.1","0.0","12.4","0.0","26.5","0.0","20.4","23846","5061","26071","7265","22258","6313","16511","2031","20405","4565","15121","1966","26861","5801","27179","6409","24948","10537","32981","13033","34471","12942","28155","24030","51389","25243","72679","41286","35972","35752","83333","57109","83333","57109","-","**","16.4","(X)","(X)","(X)","(X)","(X)",
"1400000US06111004716","Census Tract 47.16, Ventura County, California","378","138","228","91","150","74","24.9","13.0","31.6","18.7","14.7","22.4","22.2","14.7","25.0","15.6","18.0","17.2","49.5","17.9","37.7","19.9","67.3","25.9","3.4","5.7","5.7","9.2","0.0","21.9","2333","197","1256","181","1077","102","19.7","6.8","18.2","7.8","21.4","8.5","12.8","4.8","13.4","5.6","12.2","5.7","28.4","5.7","31.6","7.6","24.6","8.9","18.2","4.4","20.3","5.5","15.7","5.7","5.3","2.6","5.6","3.8","5.0","3.4","13.5","3.5","8.2","4.7","19.6","6.9","2.2","2.6","2.8","4.3","1.5","2.1","67.5","8.3","68.5","7.6","66.4","10.9","15.6","5.1","11.0","6.3","21.1","7.4","498","121","260","118","238","88","76.5","15.9","66.5","19.5","87.4","15.9","16.9","12.4","5.4","9.3","29.4","22.2","610","132","410","78","200","81","66.1","14.6","65.4","15.2","67.5","18.9","15.9","11.7","15.1","15.5","17.5","19.2","811","103","354","63","457","73","73.7","10.8","79.1","11.4","69.6","13.7","12.2","4.5","4.0","5.6","18.6","7.9","414","114","232","82","182","79","46.6","15.2","59.9","20.0","29.7","16.5","20.5","10.5","20.7","16.1","20.3","15.2","14.7","10.9","9.9","8.9","19.9","17.0","11.0","8.3","16.1","12.4","3.4","5.7","14.1","8.3","14.9","11.7","13.0","12.2","9.6","10.5","0.0","23.6","15.4","16.1","31375","9116","37092","8776","24814","7295","17604","10437","20208","11531","13800","9632","26700","13915","40433","15751","23963","3751","37198","5532","37155","11684","37566","21806","36964","19095","43287","7636","29219","33566","-","**","-","**","-","**","8.5","(X)","(X)","(X)","(X)","(X)",
"1400000US06111004717","Census Tract 47.17, Ventura County, California","792","265","205","109","587","180","43.7","14.5","62.9","23.8","37.0","13.5","31.2","11.1","12.7","14.4","37.6","12.5","23.9","11.1","24.4","20.4","23.7","12.0","1.3","2.1","0.0","16.6","1.7","2.9","2264","373","1276","268","988","143","45.3","8.7","42.8","11.1","48.5","8.9","11.0","4.7","10.7","6.2","11.4","4.9","15.5","6.3","14.7","8.2","16.7","8.6","19.0","6.2","24.9","10.0","11.4","5.4","5.1","2.5","3.3","3.2","7.5","4.3","2.8","2.0","1.7","1.6","4.3","3.7","1.2","1.6","2.0","2.9","0.2","0.4","43.7","9.0","46.6","11.0","40.1","10.4","4.0","2.7","3.7","3.5","4.5","3.7","769","307","523","224","246","121","45.1","20.6","45.5","23.2","44.3","24.8","4.3","4.7","1.5","2.7","10.2","9.2","499","181","282","117","217","104","48.1","14.7","43.3","18.6","54.4","25.4","0.0","7.2","0.0","12.4","0.0","15.8","736","95","371","64","365","60","42.4","12.6","49.6","15.5","35.1","12.3","7.9","6.1","10.5","10.8","5.2","5.7","260","114","100","55","160","69","35.0","22.0","50.0","32.3","25.6","19.2","0.0","13.4","0.0","30.3","0.0","20.7","15.7","9.8","13.8","8.5","17.9","14.7","0.0","10.1","0.0","18.1","0.0","20.2","5.9","7.7","8.9","10.9","0.0","18.1","0.0","32.4","0.0","46.5","0.0","48.0","25103","2041","25411","1492","23750","6707","18766","3690","22979","4750","16496","2885","29063","5709","22125","28166","29297","3484","40841","4507","33000","20601","41148","1582","65000","55571","112656","92061","26932","55548","73650","330","-","**","-","**","4.9","(X)","(X)","(X)","(X)","(X)",
"1400000US06111004901","Census Tract 49.01, Ventura County, California","954","220","500","157","454","153","13.2","8.9","16.8","13.8","9.3","13.2","36.0","17.7","32.4","18.9","39.9","21.3","47.6","16.5","50.8","19.2","44.1","22.8","3.2","3.8","0.0","7.2","6.8","7.7","3755","308","1827","234","1928","196","9.7","4.4","9.1","4.5","10.2","5.9","2.8","1.8","4.0","2.9","1.7","1.7","27.9","5.7","29.6","10.3","26.3","8.8","25.0","5.2","28.4","8.4","21.7","6.4","12.5","4.2","9.1","4.5","15.8","7.0","14.5","3.6","13.5","4.7","15.5","4.8","7.7","3.8","6.3","4.0","8.9","4.6","87.5","4.8","86.9","5.6","88.1","6.2","22.2","4.8","19.8","5.9","24.4","6.1","1453","315","785","222","668","168","97.2","3.2","94.8","5.6","100.0","5.5","25.2","8.7","12.0","7.8","40.7","12.4","883","172","413","103","470","119","87.3","9.1","85.7","11.2","88.7","12.5","22.2","8.9","28.3","15.6","16.8","12.1","1186","144","516","97","670","115","81.3","11.2","82.9","13.6","80.0","11.7","20.4","8.1","24.8","13.0","17.0","9.3","233","72","113","52","120","52","60.1","22.8","54.9","33.2","65.0","28.3","12.0","11.8","20.4","22.4","4.2","9.3","0.0","7.8","0.0","15.0","0.0","15.1","4.7","5.8","0.0","6.7","9.7","11.8","3.5","3.0","0.0","5.4","6.8","5.5","4.8","4.8","11.0","10.5","0.0","7.7","41890","3370","48533","5095","35581","5655","25845","5816","24000","8095","27083","10365","43166","3203","44918","8637","35040","20757","38795","4527","42250","11880","33343","5652","60056","14143","64688","10491","50972","15211","61987","18494","97232","54511","48875","20019","7.7","(X)","(X)","(X)","(X)","(X)",
"1400000US06111004902","Census Tract 49.02, Ventura County, California","751","309","364","206","387","196","53.0","16.4","51.6","26.3","54.3","22.4","21.0","12.2","25.0","20.3","17.3","14.4","26.0","15.3","23.4","24.9","28.4","17.0","0.0","4.9","0.0","9.8","0.0","9.2","2603","328","1382","257","1221","170","53.2","9.4","56.4","9.7","49.6","12.2","12.7","5.6","8.7","5.8","17.2","9.0","12.4","5.0","11.1","6.9","13.8","7.2","17.9","6.5","20.5","9.0","15.0","7.9","1.2","1.6","1.4","2.4","1.0","1.6","1.7","1.8","1.8","2.5","1.6","2.6","0.8","1.1","0.0","2.7","1.8","2.4","34.1","8.4","34.9","10.5","33.2","9.9","2.6","2.8","1.8","2.5","3.4","3.6","660","246","382","179","278","110","45.2","20.6","41.6","25.8","50.0","19.8","7.1","9.3","6.5","8.6","7.9","10.7","561","184","318","127","243","115","41.7","17.2","68.2","21.8","7.0","9.3","0.0","6.5","0.0","11.1","0.0","14.3","970","190","509","151","461","122","30.1","13.4","17.3","15.8","44.3","15.1","0.0","3.8","0.0","7.1","0.0","7.8","412","174","173","92","239","108","15.5","13.1","11.0","12.8","18.8","18.4","4.9","8.3","0.0","19.4","8.4","14.2","14.5","8.0","14.5","9.0","14.5","8.6","20.8","20.1","0.0","21.4","39.9","33.1","11.4","14.5","10.9","13.7","12.3","18.4","29.9","48.5","0.0","63.7","47.6","52.4","16796","1724","19517","3674","10859","2682","15560","2085","17861","2395","10625","2751","23864","5430","25000","5900","22000","10989","19091","14412","24231","13156","7652","2755","-","**","-","**","-","**","-","**","-","**","-","**","6.6","(X)","(X)","(X)","(X)","(X)",
"1400000US06111005002","Census Tract 50.02, Ventura County, California","370","119","172","65","198","94","31.4","19.4","39.5","22.4","24.2","22.4","34.6","18.1","44.8","23.1","25.8","19.6","34.1","17.5","15.7","14.6","50.0","22.3","0.0","9.6","0.0","19.5","0.0","17.2","1521","236","714","155","807","115","36.2","9.1","44.8","11.0","28.5","10.4","10.0","4.8","10.9","7.9","9.2","5.8","26.0","6.9","19.6","7.0","31.7","11.8","20.9","7.3","19.9","11.8","21.8","9.7","1.6","1.3","1.7","2.2","1.6","1.5","3.4","2.8","0.6","1.0","5.8","5.0","1.9","2.1","2.5","2.7","1.4","1.9","53.8","10.3","44.3","12.2","62.3","11.9","5.3","3.7","3.1","2.9","7.2","5.3","630","165","259","93","371","93","66.3","11.8","37.1","18.7","86.8","13.1","6.0","6.6","3.9","6.1","7.5","8.3","303","92","161","54","142","53","49.2","15.6","46.6","20.6","52.1","19.5","0.0","11.6","0.0","20.6","0.0","22.9","535","119","277","74","258","70","40.9","14.9","46.2","19.0","35.3","17.0","7.9","7.2","4.3","5.0","11.6","12.9","53","34","17","14","36","27","62.3","37.0","100.0","77.3","44.4","45.0","0.0","43.8","0.0","77.3","0.0","53.1","22.6","11.6","14.3","11.2","33.6","17.5","11.1","11.1","7.1","11.8","13.3","15.1","8.7","14.9","0.0","21.4","15.9","24.7","33.8","36.4","0.0","67.9","46.6","44.0","22061","3049","25300","3255","20156","7236","17438","7708","24938","5169","16020","854","23519","5500","24886","12611","21806","6103","26071","8428","26683","25095","22337","14431","7337","77460","-","**","7120","85378","25114","14244","-","**","-","**","3.3","(X)","(X)","(X)","(X)","(X)",
"1400000US06111005003","Census Tract 50.03, Ventura County, California","1074","355","547","213","527","207","15.9","18.7","17.6","20.0","14.2","19.1","41.2","16.2","46.1","20.0","36.2","19.7","39.9","12.8","36.4","15.6","43.5","19.8","3.0","3.8","0.0","6.6","6.1","7.9","3800","375","1995","242","1805","216","32.7","7.6","32.0","9.0","33.4","8.1","18.9","6.3","18.6","7.2","19.2","8.1","26.3","7.6","32.1","9.7","19.9","7.5","15.1","3.9","11.4","4.7","19.1","6.8","3.4","2.4","3.1","3.1","3.8","3.0","2.0","1.6","2.0","2.2","2.0","2.3","1.6","1.6","0.8","1.2","2.6","3.2","48.5","9.4","49.4","10.5","47.5","10.9","3.7","2.3","2.8","2.5","4.7","3.9","716","231","412","162","304","133","73.7","16.1","70.1","22.0","78.6","17.8","4.1","5.2","0.0","8.7","9.5","12.9","957","246","520","150","437","137","56.7","13.2","62.9","16.4","49.4","19.1","4.2","4.7","7.7","8.4","0.0","8.2","1495","224","720","140","775","152","42.7","14.5","38.5","15.5","46.7","16.3","3.7","3.8","0.0","5.1","7.1","7.1","632","148","343","100","289","99","20.9","14.4","26.8","17.2","13.8","15.9","2.4","3.9","4.4","7.2","0.0","12.2","19.2","9.6","12.5","8.9","26.3","12.7","6.9","5.6","7.2","6.7","6.4","7.1","9.1","8.1","15.2","14.6","4.8","7.8","0.0","23.3","0.0","43.0","0.0","34.2","25455","1880","27808","3794","19153","3347","22571","8389","27366","7215","15995","3707","26280","2638","27036","3664","20820","3884","21897","5969","33750","38480","20412","5929","46875","21468","46538","13237","60486","40207","61433","603","-","**","61433","603","5.4","(X)","(X)","(X)","(X)","(X)",
"1400000US06111005004","Census Tract 50.04, Ventura County, California","701","221","313","151","388","181","9.1","10.4","0.6","2.3","16.0","18.0","33.0","14.1","36.4","32.5","30.2","23.7","48.5","18.9","47.3","35.9","49.5","25.9","9.4","10.4","15.7","17.6","4.4","7.1","2720","261","1266","167","1454","182","17.5","6.6","19.8","8.8","15.4","8.0","2.6","2.8","2.4","2.9","2.8","3.0","14.0","6.1","15.5","8.7","12.7","6.5","17.1","5.2","18.6","7.4","15.9","6.3","10.9","5.2","8.2","7.6","13.3","8.2","30.3","5.9","31.8","8.8","29.0","8.2","7.6","3.2","3.7","3.2","11.0","5.1","79.9","7.4","77.7","9.3","81.8","8.6","37.9","5.8","35.5","8.6","40.0","8.7","990","276","471","139","519","181","97.7","3.9","99.2","3.9","96.3","4.9","48.2","11.3","38.0","16.1","57.4","13.4","764","190","427","112","337","113","79.7","11.5","71.2","18.7","90.5","10.6","41.1","11.9","39.6","14.0","43.0","22.0","813","262","308","123","505","171","67.3","21.5","63.3","28.9","69.7","20.3","29.4","14.4","32.8","23.0","27.3","13.1","153","89","60","46","93","55","32.7","17.9","30.0","40.5","34.4","34.3","0.0","21.5","0.0","41.1","0.0","31.9","43.3","31.4","42.9","36.0","43.8","30.9","5.0","8.5","9.7","15.9","0.0","18.3","11.4","8.4","6.8","8.9","15.1","14.4","1.5","2.2","0.0","8.0","2.6","3.9","45234","13632","54695","15105","38411","7442","20052","17608","20365","74543","17167","13896","20446","13407","21898","28544","16452","5236","44570","16270","59330","16579","31667","11593","59009","3524","63750","23147","58750","1293","47917","17100","105875","41763","38173","15909","1.2","(X)","(X)","(X)","(X)","(X)",
"1400000US06111005100","Census Tract 51, Ventura County, California","550","165","382","128","168","75","34.5","13.5","44.0","14.3","13.1","12.0","26.4","9.8","31.9","11.6","13.7","16.6","35.8","12.7","24.1","13.5","62.5","19.7","3.3","3.7","0.0","9.3","10.7","11.4","2334","225","1100","147","1234","131","11.5","4.7","12.3","5.4","10.9","4.9","6.6","3.0","6.2","4.2","7.1","3.9","16.7","4.6","16.7","6.2","16.7","5.7","28.7","5.4","19.8","5.8","36.7","8.2","3.8","1.9","1.5","1.5","5.8","3.4","19.8","4.8","26.1","9.1","14.2","5.0","12.8","3.4","17.4","4.6","8.8","4.1","81.8","5.5","81.5","7.6","82.1","5.6","32.6","5.7","43.5","10.1","22.9","5.1","447","134","215","76","232","87","78.7","13.3","76.7","18.7","80.6","15.2","28.2","12.1","50.7","21.4","7.3","8.2","349","89","142","64","207","59","74.5","13.1","66.2","21.1","80.2","14.2","14.9","12.6","21.8","25.8","10.1","10.3","969","141","480","119","489","78","85.6","5.9","90.4","7.6","80.8","8.0","39.5","9.5","46.7","13.8","32.5","10.8","569","71","263","56","306","63","82.4","7.0","77.6","10.4","86.6","7.9","35.1","9.1","43.3","12.2","28.1","11.9","21.2","17.7","13.0","18.2","29.8","20.9","11.6","11.0","10.8","12.0","12.5","14.4","3.2","3.0","2.3","3.4","3.7","4.0","2.4","2.3","2.3","2.8","2.5","3.7","41985","9721","51438","13922","27292","14539","20125","8312","21313","10378","11979","18657","24773","24284","43125","39985","16250","33909","30972","17158","49375","21263","23235","10797","64375","34398","79432","31487","46000","21323","107153","32612","124286","14445","68625","86345","3.3","(X)","(X)","(X)","(X)","(X)",
"1400000US06111005202","Census Tract 52.02, Ventura County, California","256","150","149","101","107","62","7.4","7.9","6.0","9.5","9.3","13.3","47.7","33.1","58.4","35.3","32.7","32.1","35.2","25.8","22.8","22.8","52.3","33.0","9.8","12.4","12.8","17.1","5.6","10.7","1887","140","872","111","1015","80","7.4","5.9","9.2","7.3","5.9","5.0","2.4","2.1","1.4","2.0","3.3","2.6","14.9","4.5","9.4","4.7","19.6","7.7","28.4","5.9","34.2","9.4","23.3","7.3","12.2","6.0","10.2","6.3","13.9","7.3","21.4","5.3","23.6","7.6","19.5","6.9","13.4","4.6","12.0","5.6","14.5","6.1","90.2","6.3","89.4","7.7","90.8","5.6","34.8","7.1","35.7","8.3","34.0","9.1","171","82","56","51","115","65","100.0","19.6","100.0","42.6","100.0","27.2","35.7","25.6","25.0","36.0","40.9","30.5","295","85","166","57","129","62","100.0","11.9","100.0","20.1","100.0","24.8","34.6","19.0","24.1","18.8","48.1","32.1","955","118","453","86","502","64","84.8","11.1","82.3","13.4","87.1","9.8","42.2","11.4","46.8","13.8","38.0","14.1","466","58","197","37","269","48","91.4","8.0","93.9","9.2","89.6","8.8","19.3","9.1","22.8","12.1","16.7","10.9","5.4","9.4","0.0","32.2","10.8","17.0","16.0","15.1","0.0","34.7","22.6","20.2","7.1","6.6","14.0","11.9","0.0","9.4","1.1","1.6","0.0","11.3","2.0","3.1","41736","10394","51563","19645","27702","19906","26900","5560","26900","5560","-","**","25577","25560","27857","32352","25385","41017","36719","9628","42656","47645","13553","21144","51667","14195","94167","81957","39423","39561","96458","35521","118889","23899","77292","69867","4.2","(X)","(X)","(X)","(X)","(X)",
"1400000US06111005203","Census Tract 52.03, Ventura County, California","488","172","251","150","237","99","21.5","15.4","27.5","29.3","15.2","11.5","20.9","17.9","4.0","8.0","38.8","28.0","53.3","14.2","62.9","24.0","43.0","23.0","4.3","5.9","5.6","10.3","3.0","5.1","3557","245","1757","187","1800","142","2.2","1.6","1.4","1.6","3.1","2.2","5.9","2.7","4.6","3.1","7.1","3.4","14.5","3.5","17.0","5.4","12.1","4.0","23.1","3.4","18.9","5.2","27.1","4.9","9.4","2.5","10.2","3.6","8.7","3.4","30.4","4.0","29.0","6.5","31.8","5.4","14.5","3.4","19.0","5.8","10.2","3.5","91.9","2.7","94.0","2.9","89.8","3.8","44.9","5.3","47.9","7.3","41.9","5.6","293","127","158","85","135","68","92.5","11.1","93.0","11.8","91.9","11.6","33.1","14.9","25.3","20.5","42.2","21.2","667","111","347","85","320","96","86.4","7.7","91.9","6.8","80.3","14.3","33.7","10.6","28.8","15.2","39.1","14.6","1625","122","819","113","806","76","93.7","3.1","92.9","4.2","94.5","3.4","49.2","8.5","55.1","11.0","43.2","9.6","972","94","433","74","539","87","92.5","4.6","98.2","3.1","87.9","7.7","49.0","8.1","58.0","12.6","41.7","11.0","9.0","9.1","0.0","29.2","14.2","13.4","8.1","7.0","11.0","10.2","4.1","9.7","5.4","3.4","4.9","5.2","5.7","4.7","6.1","4.8","4.6","3.5","7.8","9.0","46447","10930","69510","11152","28852","4962","18508","12385","38281","34437","17198","4383","37333","8635","40609","11663","33542","8808","39750","9788","47434","70178","27063","7693","66830","13938","97500","12135","28024","12046","83261","12119","93519","19499","70500","8568","6.0","(X)","(X)","(X)","(X)","(X)",
"1400000US06111005204","Census Tract 52.04, Ventura County, California","146","90","84","53","62","68","30.8","32.7","8.3","14.9","61.3","52.4","17.1","16.6","21.4","22.6","11.3","23.9","35.6","25.2","52.4","27.8","12.9","23.7","16.4","13.6","17.9","20.9","14.5","22.6","2594","144","1194","112","1400","148","2.0","1.8","1.2","1.3","2.7","2.6","2.0","1.8","3.3","3.5","1.0","1.6","20.7","6.0","20.1","7.9","21.1","6.9","21.5","6.9","14.6","5.3","27.4","10.4","4.7","2.3","4.4","3.2","5.0","3.4","25.0","4.9","20.9","7.1","28.5","7.0","24.1","4.8","35.7","8.4","14.2","5.2","96.0","2.5","95.6","3.6","96.3","3.0","49.1","7.5","56.5","9.4","42.7","9.0","246","107","84","46","162","93","100.0","14.1","100.0","34.2","100.0","20.5","30.1","17.3","9.5","15.8","40.7","25.4","442","86","207","71","235","59","95.7","6.6","90.8","13.9","100.0","14.7","45.0","17.3","46.9","22.2","43.4","21.1","958","160","445","102","513","94","99.5","0.4","99.1","1.1","99.8","0.7","55.7","9.0","61.8","11.6","50.5","12.2","948","166","458","92","490","128","91.5","6.5","93.4","7.7","89.6","8.4","49.2","10.8","64.4","14.5","34.9","13.1","4.8","5.6","7.5","11.8","1.9","7.1","2.6","3.2","0.4","1.7","4.4","5.7","9.1","8.4","6.2","10.5","10.6","9.5","4.2","4.0","6.1","5.2","2.0","3.5","54554","13778","77171","10805","40024","11349","-","**","-","**","-","**","26750","16125","31827","26947","16438","8508","57792","15434","63315","9043","41818","40017","44265","55560","81422","23009","40268","20069","97750","29462","117054","12375","80694","29406","2.2","(X)","(X)","(X)","(X)","(X)",
"1400000US06111005205","Census Tract 52.05, Ventura County, California","389","148","267","114","122","83","8.7","9.1","10.1","13.8","5.7","11.5","40.6","18.9","46.4","26.2","27.9","25.7","42.4","19.6","31.5","23.7","66.4","29.2","8.2","9.8","12.0","13.5","0.0","26.0","4358","291","2122","187","2236","196","2.5","1.6","2.0","2.2","3.0","2.8","4.6","1.9","3.6","2.6","5.5","3.4","14.3","3.7","12.7","5.6","15.9","5.9","24.9","6.2","25.9","8.5","23.8","6.3","10.5","3.9","7.8","4.7","13.1","5.9","22.3","5.1","23.7","5.5","21.0","6.3","20.9","4.9","24.2","6.7","17.8","4.5","92.9","2.7","94.4","3.3","91.5","4.7","43.2","6.8","47.9","8.5","38.8","7.0","848","260","440","139","408","169","98.6","2.5","97.3","4.9","100.0","8.8","27.6","12.0","25.0","14.5","30.4","14.1","522","171","243","99","279","94","78.9","12.7","78.6","17.1","79.2","21.5","30.8","14.4","30.9","19.7","30.8","17.2","1915","183","896","110","1019","136","96.8","2.4","97.1","3.5","96.5","3.1","51.7","10.3","55.5","13.7","48.5","10.9","1073","121","543","100","530","83","88.4","6.7","94.7","7.2","82.1","12.0","46.4","9.9","61.7","13.7","30.8","12.9","25.0","22.5","14.3","23.1","31.9","28.8","3.0","3.5","0.0","12.9","5.4","6.3","10.1","9.0","12.8","11.2","7.8","7.8","2.7","2.3","2.0","2.9","3.6","3.5","50808","13682","71588","20791","35568","11542","24130","31270","45865","50094","2,500-","***","43631","22936","44405","31686","41645","42571","35500","10078","41453","19669","30395","11711","64722","34307","105104","31324","41418","2879","103333","33619","170288","114454","75074","26542","5.0","(X)","(X)","(X)","(X)","(X)",
"1400000US06111005303","Census Tract 53.03, Ventura County, California","641","222","330","136","311","163","6.4","6.7","7.9","10.0","4.8","8.1","26.5","13.4","37.3","17.1","15.1","13.6","62.6","15.4","50.3","19.6","75.6","15.7","4.5","5.4","4.5","7.3","4.5","7.5","5886","323","2841","200","3045","214","0.3","0.5","0.7","1.1","0.0","1.2","1.7","0.9","2.1","1.6","1.4","1.2","15.6","3.7","11.7","4.1","19.3","5.3","26.2","4.3","24.5","6.8","27.7","4.8","12.4","3.7","9.2","4.1","15.4","5.3","28.6","4.0","34.7","5.6","22.9","5.3","15.2","3.7","17.1","4.9","13.3","4.3","97.9","1.0","97.3","1.8","98.6","1.2","43.7","5.7","51.8","6.7","36.2","6.9","968","261","461","170","507","144","100.0","3.8","100.0","7.8","100.0","7.1","41.7","12.7","42.5","14.3","41.0","15.5","1400","207","609","116","791","140","97.9","2.2","97.5","4.0","98.2","2.1","56.4","8.4","61.6","13.2","52.3","10.2","2549","227","1307","149","1242","124","98.6","1.6","98.5","2.3","98.6","2.2","42.6","8.7","53.3","11.9","31.5","9.9","969","179","464","89","505","157","94.2","4.3","90.5","8.5","97.6","4.1","30.4","10.4","44.2","13.6","17.8","11.5","13.2","19.6","20.5","31.2","0.0","48.6","1.6","2.7","0.0","10.6","2.6","4.2","1.8","1.7","0.0","3.8","3.1","3.0","2.4","2.1","2.2","2.3","2.6","2.9","65049","6173","76362","4560","44817","5105","42250","68291","75263","62263","-","**","36686","5240","43942","34778","34514","5783","48721","3924","74495","8833","40000","16218","79496","15557","79914","28658","79063","21183","82378","10335","94950","25959","71492","7576","1.6","(X)","(X)","(X)","(X)","(X)",
"1400000US06111005304","Census Tract 53.04, Ventura County, California","141","70","82","45","59","66","17.7","27.3","30.5","39.8","0.0","41.5","20.6","17.0","7.3","13.3","39.0","24.3","25.5","19.2","0.0","34.7","61.0","24.3","36.2","28.4","62.2","42.9","0.0","41.5","4361","273","1769","184","2592","202","1.2","0.9","0.8","1.3","1.5","1.8","6.5","3.9","7.9","4.5","5.6","4.6","25.2","5.7","16.2","6.3","31.3","7.3","26.7","4.4","22.2","7.1","29.8","5.9","9.0","3.1","7.3","4.9","10.2","4.8","19.4","4.0","27.5","6.6","13.9","5.1","11.9","3.7","18.1","5.8","7.7","3.8","92.3","3.9","91.3","4.7","92.9","4.9","31.3","5.8","45.6","8.0","21.6","6.9","371","102","126","61","245","89","100.0","9.6","100.0","25.3","100.0","14.2","27.0","14.3","41.3","31.9","19.6","17.5","293","74","174","58","119","45","100.0","12.0","100.0","19.3","100.0","26.5","50.2","25.4","48.9","26.0","52.1","34.1","1171","132","542","88","629","100","91.5","8.1","88.9","10.7","93.6","8.5","35.6","10.5","43.7","13.8","28.6","13.4","2526","225","927","136","1599","176","90.6","4.6","89.9","5.7","91.1","6.5","27.8","6.0","46.7","9.5","16.9","8.0","2.7","4.9","5.8","10.4","0.0","18.4","8.6","5.3","0.0","12.6","11.6","7.2","2.7","2.6","2.5","4.2","2.8","3.1","1.7","2.0","1.2","1.9","2.4","4.0","50787","4747","67259","5224","37661","7527","16713","70848","-","**","15185","18416","50208","44648","65714","20484","17292","4140","44779","12433","63750","33430","39012","10156","65243","18833","66528","16592","55188","19581","72857","32382","91250","63983","48235","46406","2.9","(X)","(X)","(X)","(X)","(X)",
"1400000US06111005305","Census Tract 53.05, Ventura County, California","615","153","391","105","224","90","0.0","5.9","0.0","9.1","0.0","15.4","25.2","14.0","15.1","12.5","42.9","27.8","56.3","15.3","67.3","16.0","37.1","22.4","18.5","7.8","17.6","12.4","20.1","21.9","3819","204","2037","168","1782","116","2.7","2.0","4.0","3.3","1.3","1.6","0.4","0.5","0.8","0.9","0.0","2.1","12.8","4.0","11.7","5.7","14.1","4.6","19.5","4.4","16.2","4.7","23.3","6.3","7.4","4.1","5.4","3.9","9.7","5.3","30.4","4.5","30.8","5.9","29.9","6.8","26.7","5.1","31.0","6.7","21.8","6.4","96.8","2.1","95.2","3.4","98.7","1.6","57.1","6.2","61.9","7.7","51.6","8.3","398","170","301","136","97","63","89.2","12.9","85.7","18.4","100.0","31.0","37.2","22.1","42.9","26.5","19.6","21.7","541","130","225","68","316","74","93.5","8.6","90.7","11.6","95.6","6.7","59.7","12.4","62.2","18.8","57.9","16.5","2212","128","1126","91","1086","78","99.6","0.6","99.3","1.2","100.0","3.4","60.6","8.1","65.1","10.3","55.9","10.5","668","94","385","71","283","56","94.8","5.8","93.2","9.0","96.8","5.3","55.2","12.5","67.0","14.5","39.2","16.7","11.6","17.6","0.0","30.7","60.9","54.7","6.3","5.8","5.0","8.5","7.5","8.6","5.8","4.8","0.0","8.1","10.2","7.9","3.8","3.0","3.8","4.3","3.8","3.4","80369","9697","104722","12340","56287","11374","60930","26918","61337","1155","-","**","47632","43851","28611","94602","47961","30157","64359","21672","78750","26198","21500","44487","83015","21984","111719","64185","69861","13541","122500","62724","162955","20157","86875","25896","4.2","(X)","(X)","(X)","(X)","(X)",
"1400000US06111005306","Census Tract 53.06, Ventura County, California","561","161","347","135","214","82","0.0","6.5","0.0","10.2","0.0","16.0","49.2","18.3","60.8","16.5","30.4","28.1","43.9","19.7","39.2","16.5","51.4","30.8","7.0","7.8","0.0","10.2","18.2","20.3","3207","166","1559","115","1648","121","1.1","1.0","2.2","2.1","0.0","2.2","1.6","1.3","1.1","1.3","2.0","2.6","12.8","3.6","8.5","4.4","16.9","5.9","24.4","4.9","21.1","6.1","27.5","6.2","11.0","3.3","12.0","4.6","10.1","5.0","31.6","4.2","34.6","5.6","28.7","5.3","17.5","3.7","20.4","5.7","14.8","4.8","97.3","1.6","96.7","2.4","98.0","2.6","49.1","5.3","55.0","7.2","43.5","6.4","463","120","244","88","219","88","94.4","8.6","100.0","14.2","88.1","17.4","51.6","15.3","63.1","17.2","38.8","21.9","555","97","245","76","310","62","98.6","2.2","96.7","5.0","100.0","11.4","52.6","13.6","44.1","17.2","59.4","16.8","1596","124","775","96","821","77","98.7","1.4","97.3","2.9","100.0","4.5","47.5","8.5","55.5","11.9","40.0","9.4","593","79","295","52","298","57","94.9","4.9","92.2","8.4","97.7","4.3","48.2","12.8","56.3","15.4","40.3","15.9","0.0","33.9","0.0","44.2","0.0","55.5","5.6","6.7","5.3","9.6","5.7","6.8","4.1","3.4","4.8","4.8","3.4","4.0","1.4","1.3","0.9","1.5","2.0","2.2","59833","10318","74676","11034","42426","9748","12813","2084","12813","2084","-","**","32742","22356","63438","95607","21944","24744","43095","7393","52556","11404","38056","2594","79196","15352","96711","16567","53472","30593","81875","16855","105833","22142","80045","22989","3.1","(X)","(X)","(X)","(X)","(X)",
"1400000US06111005401","Census Tract 54.01, Ventura County, California","433","157","220","94","213","92","3.9","4.4","3.2","5.6","4.7","7.4","28.2","14.7","34.5","17.0","21.6","17.4","51.5","15.1","57.3","18.2","45.5","22.2","16.4","12.1","5.0","7.9","28.2","20.8","2857","329","1399","200","1458","206","7.2","6.6","4.4","6.5","9.9","7.2","2.4","1.9","2.1","2.0","2.6","3.2","18.7","5.1","18.2","6.3","19.1","5.6","31.3","8.2","34.9","12.7","27.9","7.6","14.8","5.3","10.7","4.8","18.8","7.5","19.1","4.8","21.2","7.5","17.1","5.1","6.4","2.7","8.4","4.1","4.5","2.6","90.4","7.0","93.4","6.7","87.4","8.6","25.6","6.0","29.6","8.6","21.7","5.8","471","195","311","175","160","67","88.5","13.8","86.2","21.9","93.1","10.8","18.3","13.5","4.5","7.2","45.0","23.8","535","128","260","71","275","75","100.0","6.8","100.0","13.4","100.0","12.7","17.8","11.1","21.5","13.4","14.2","11.7","1145","99","549","75","596","54","95.6","3.8","93.8","7.7","97.3","2.9","35.5","8.9","43.9","12.5","27.7","9.2","706","102","279","50","427","123","75.8","17.9","94.6","6.4","63.5","25.6","20.3","9.2","36.9","15.9","9.4","6.8","4.4","7.3","1.1","2.8","6.0","10.8","4.9","5.7","6.7","10.6","3.2","5.4","2.7","2.4","3.9","5.0","1.6","2.4","6.4","5.9","3.1","4.7","10.8","10.8","44966","9076","62841","16579","34706","12793","25417","2192","27500","1135","23036","12111","26563","39055","53646","19674","16250","12715","44808","8555","60769","43173","42981","4819","62222","16285","89375","35322","43068","29599","77969","21307","79922","3395","56375","38786","1.0","(X)","(X)","(X)","(X)","(X)",
"1400000US06111005403","Census Tract 54.03, Ventura County, California","269","68","126","70","143","77","24.5","17.9","27.8","30.4","21.7","28.2","34.2","21.1","54.0","34.6","16.8","22.6","41.3","21.6","18.3","19.7","61.5","32.0","0.0","13.0","0.0","25.3","0.0","22.8","1668","148","802","134","866","135","18.5","5.8","15.7","5.7","21.0","9.0","5.6","2.9","3.1","3.6","7.9","4.1","18.0","5.8","21.1","10.4","15.1","7.1","25.1","6.0","15.7","5.5","33.8","9.5","12.4","5.8","16.0","11.1","9.1","4.7","16.7","5.7","24.7","11.0","9.4","4.4","3.7","2.1","3.7","3.4","3.7","3.1","76.0","6.3","81.2","7.0","71.1","9.2","20.4","6.4","28.4","11.6","13.0","5.4","375","130","220","97","155","77","80.0","15.1","85.9","21.2","71.6","21.0","28.0","13.7","31.4","19.3","23.2","16.8","326","159","186","114","140","62","70.9","24.6","69.4","26.1","72.9","25.0","16.6","16.4","21.5","25.6","10.0","10.9","514","114","192","61","322","84","78.4","13.7","83.3","15.9","75.5","13.7","20.8","10.5","32.3","17.0","14.0","10.0","453","126","204","66","249","84","73.5","11.4","84.8","11.3","64.3","17.2","16.6","9.6","27.9","21.4","7.2","6.9","13.7","10.1","4.6","7.5","19.2","13.5","15.7","13.0","16.0","18.7","15.3","17.4","8.3","7.2","4.3","6.8","11.0","10.2","2.9","3.5","1.8","3.5","5.3","8.3","41688","11784","43200","10951","31750","18951","19072","2523","19735","8346","18750","323","21705","12223","21932","18047","9545","29532","44746","3470","47621","7379","43882","8669","88750","19979","99348","13229","71500","36502","106667","45861","78636","383","113214","7502","7.7","(X)","(X)","(X)","(X)","(X)",
"1400000US06111005404","Census Tract 54.04, Ventura County, California","355","117","228","97","127","76","12.7","10.9","0.0","15.1","35.4","27.3","8.5","9.1","13.2","13.9","0.0","25.1","70.1","14.1","80.7","16.8","51.2","28.4","8.7","8.6","6.1","9.5","13.4","18.3","2555","158","1258","122","1297","82","3.7","3.0","4.7","6.1","2.7","2.4","6.8","3.7","6.9","4.2","6.7","4.0","20.0","6.1","19.9","9.5","20.2","8.4","24.2","4.8","18.9","6.4","29.4","8.5","8.2","2.9","9.5","4.7","6.9","3.2","22.5","5.4","26.9","9.7","18.3","6.0","14.5","3.9","13.1","5.9","15.9","4.9","89.5","4.9","88.4","7.8","90.6","4.5","37.1","6.7","40.1","10.1","34.2","7.3","356","116","219","89","137","77","79.2","19.8","70.3","31.3","93.4","11.3","25.6","13.5","31.5","21.9","16.1","18.9","638","144","374","143","264","67","94.5","5.2","97.9","5.6","89.8","10.6","44.8","17.9","43.0","23.0","47.3","19.7","933","112","463","75","470","79","89.4","6.2","87.0","7.7","91.7","7.4","37.4","10.7","37.1","12.4","37.7","14.2","628","102","202","54","426","87","90.4","8.9","93.6","8.0","89.0","11.3","35.2","12.5","50.5","18.4","27.9","13.1","6.7","9.8","12.3","19.2","0.0","26.0","0.0","7.1","0.0","13.9","0.0","13.3","4.0","3.2","3.1","4.3","4.7","5.7","0.0","3.9","0.0","7.2","0.0","8.1","43750","6466","45441","11746","42546","10407","26330","6754","26782","2105","13229","21446","31000","19646","31786","22317","30313","130918","49750","14383","68875","23491","39514","9415","60667","27126","47188","39613","66250","25331","82679","34607","120000","66911","49375","25793","3.6","(X)","(X)","(X)","(X)","(X)",
"1400000US06111005502","Census Tract 55.02, Ventura County, California","761","208","320","161","441","146","0.0","4.8","0.0","11.0","0.0","8.1","32.2","13.0","25.3","17.2","37.2","15.4","42.7","13.8","47.5","29.8","39.2","13.9","25.1","11.4","27.2","21.5","23.6","15.6","3181","385","1521","350","1660","227","9.1","7.5","11.8","13.6","6.7","7.0","5.0","3.2","4.5","4.2","5.5","4.0","20.6","4.2","25.9","7.5","15.7","5.3","35.0","7.6","28.7","10.5","40.8","10.1","6.7","2.7","3.9","2.7","9.2","4.6","11.3","3.9","14.7","5.9","8.1","4.2","12.3","4.4","10.5","4.9","13.9","6.4","85.8","7.5","83.7","13.3","87.8","7.3","23.5","5.8","25.2","7.9","22.0","7.4","987","203","501","156","486","115","94.5","5.4","97.8","3.7","91.2","9.5","23.9","10.9","16.8","11.0","31.3","16.6","782","224","387","202","395","131","70.1","19.6","51.4","31.6","88.4","8.8","14.1","11.8","21.2","20.6","7.1","8.2","1054","176","492","117","562","105","88.5","8.9","90.4","11.2","86.8","14.0","28.7","8.3","31.3","11.6","26.5","10.9","358","91","141","60","217","86","88.3","11.3","98.6","3.2","81.6","18.6","27.9","12.9","45.4","24.1","16.6","15.4","8.9","10.9","4.8","9.3","13.8","22.0","7.3","6.5","2.3","4.3","14.9","14.2","1.6","2.0","2.2","3.6","1.2","2.4","0.0","4.9","0.0","9.3","0.0","9.8","34708","3024","37733","7254","32575","2494","22338","11066","22448","12429","22196","18507","33647","4223","33931","3057","33143","12757","34906","3796","41424","8257","31840","1477","54231","11199","75919","23844","42054","12209","54000","32910","53906","15853","72750","63941","3.7","(X)","(X)","(X)","(X)","(X)",
"1400000US06111005503","Census Tract 55.03, Ventura County, California","174","96","105","61","69","56","11.5","15.8","1.0","3.6","27.5","39.3","31.0","17.5","36.2","33.5","23.2","24.8","57.5","17.5","62.9","33.4","49.3","36.4","0.0","19.3","0.0","29.2","0.0","38.3","2157","181","960","118","1197","125","4.1","3.5","5.6","7.2","2.8","2.8","4.8","3.6","5.5","6.8","4.2","3.6","22.2","5.8","25.8","9.1","19.3","5.8","24.3","5.7","17.7","7.7","29.7","7.8","13.9","4.3","11.4","5.2","16.0","6.2","22.8","5.3","26.3","8.8","20.1","6.6","7.9","3.5","7.7","4.2","8.0","5.1","91.1","4.0","88.9","9.2","93.0","4.5","30.7","6.1","34.0","9.1","28.1","7.5","346","125","171","77","175","75","93.6","7.2","93.0","10.7","94.3","9.2","39.9","15.7","40.4","19.8","39.4","20.8","457","146","198","89","259","96","85.3","11.9","72.2","26.3","95.4","6.9","28.4","12.1","17.7","15.0","36.7","24.0","736","158","349","95","387","82","96.2","4.5","96.3","9.2","96.1","8.6","34.4","8.3","41.3","13.4","28.2","12.6","618","130","242","78","376","88","88.0","6.7","88.8","11.0","87.5","10.0","22.8","13.3","32.2","16.2","16.8","12.9","8.2","17.7","14.7","30.2","0.0","36.4","5.9","5.7","4.4","7.6","7.6","8.3","4.0","4.6","2.9","4.7","4.6","5.4","0.0","5.5","0.0","10.9","0.0","10.6","37361","11117","43056","18734","29886","14870","23171","4881","23841","17973","4792","22760","40227","20993","48036","27058","27813","8693","29500","19024","27386","29527","29625","21864","44674","43859","69773","36947","36136","46042","59808","13400","85278","20460","58269","63361","1.7","(X)","(X)","(X)","(X)","(X)",
"1400000US06111005504","Census Tract 55.04, Ventura County, California","189","87","117","55","72","58","12.2","18.1","19.7","27.4","0.0","37.5","31.2","23.5","26.5","24.7","38.9","41.0","48.7","26.1","53.8","30.7","40.3","47.0","7.9","11.7","0.0","26.9","20.8","31.0","2989","190","1434","161","1555","106","3.5","2.9","4.3","3.3","2.7","2.8","7.1","2.5","6.1","3.3","8.0","4.3","18.6","5.5","17.9","6.4","19.2","6.3","28.1","4.5","27.2","6.1","28.9","5.9","12.4","3.4","15.8","6.0","9.3","3.6","22.0","5.0","20.6","6.2","23.2","6.1","8.3","2.9","8.0","4.0","8.6","4.6","89.4","3.6","89.5","5.2","89.3","4.3","30.3","5.9","28.7","7.2","31.8","7.4","473","159","184","103","289","99","90.3","10.4","92.9","11.0","88.6","14.4","38.9","17.9","34.2","24.3","41.9","20.6","658","159","418","112","240","86","88.9","8.5","84.9","12.2","95.8","6.6","30.7","11.3","23.0","12.2","44.2","24.1","1148","87","574","55","574","65","92.4","4.5","95.3","5.1","89.5","9.6","32.9","8.2","35.4","10.9","30.5","9.8","710","98","258","68","452","62","84.5","7.8","81.8","12.6","86.1","6.8","20.0","8.4","19.0","10.8","20.6","9.7","27.8","15.9","10.0","15.9","44.0","28.2","2.9","4.9","6.2","10.8","0.0","11.8","8.5","4.9","5.8","4.8","11.3","6.8","4.6","4.2","0.0","8.7","8.5","7.6","43151","7265","55095","6351","35381","11669","17439","11617","27153","39087","16494","653","40032","5884","42311","6068","28125","17114","41897","4992","52569","14416","30144","12533","59716","12514","63125","12144","37330","34608","83942","21326","79861","37483","92955","38290","6.2","(X)","(X)","(X)","(X)","(X)",
"1400000US06111005600","Census Tract 56, Ventura County, California","716","274","491","236","225","121","20.0","18.4","29.1","24.2","0.0","15.3","15.5","9.6","20.2","15.7","5.3","8.2","48.6","14.7","40.7","19.7","65.8","24.3","15.9","9.4","10.0","13.4","28.9","22.0","6709","355","3261","238","3448","234","3.7","1.9","4.5","2.6","3.0","2.2","6.6","2.5","5.5","2.7","7.7","4.0","15.5","3.0","14.0","4.1","16.8","4.1","26.8","3.8","23.1","5.4","30.2","5.8","10.7","2.5","12.1","3.9","9.4","3.0","24.5","4.1","26.6","5.2","22.6","4.7","12.2","2.9","14.3","3.9","10.3","3.1","89.7","3.3","90.0","3.3","89.3","4.5","36.7","4.7","40.8","5.7","32.9","5.3","1203","282","533","150","670","180","95.3","3.5","93.8","5.3","96.4","4.5","36.4","9.9","35.1","13.1","37.5","13.2","1623","281","877","172","746","157","87.9","7.8","84.3","8.7","92.1","8.5","50.2","11.3","51.2","13.2","49.1","13.0","2403","241","1129","161","1274","179","91.9","4.8","95.7","3.5","88.5","7.1","35.4","7.4","36.8","8.7","34.2","10.1","1480","177","722","133","758","121","83.4","7.3","85.3","7.9","81.7","11.2","24.4","8.1","38.8","13.5","10.7","7.9","18.3","13.1","15.0","14.6","20.7","22.8","7.0","9.4","10.6","17.5","4.2","5.0","2.4","1.8","2.3","1.9","2.5","2.3","1.7","1.8","1.9","2.1","1.3","3.2","51250","7555","63761","4839","36669","6225","10662","12235","17266","14683","6597","10108","30727","12151","36250","41285","14138","22202","45880","6018","62676","14829","29143","14920","63616","9363","85197","13429","46250","24939","83068","25401","87917","41588","63860","7846","1.6","(X)","(X)","(X)","(X)","(X)",
"1400000US06111005700","Census Tract 57, Ventura County, California","798","385","217","118","581","363","0.0","4.6","0.0","15.8","0.0","6.2","17.8","11.9","7.8","8.0","21.5","14.1","76.8","9.5","79.3","15.9","75.9","12.9","5.4","5.8","12.9","13.1","2.6","3.4","1122","155","517","115","605","84","0.0","3.3","0.0","7.0","0.0","6.0","2.6","2.4","0.0","7.0","4.8","4.7","12.5","9.1","13.9","11.4","11.2","8.5","19.3","5.8","29.0","9.2","10.9","6.1","11.9","5.4","10.1","6.9","13.6","8.8","34.0","9.5","36.4","14.5","31.9","10.9","19.8","6.6","10.6","5.9","27.6","11.0","97.4","2.4","100.0","7.0","95.2","4.7","53.7","12.8","47.0","15.4","59.5","12.4","454","108","193","75","261","73","100.0","7.9","100.0","17.6","100.0","13.4","62.1","16.6","46.6","23.7","73.6","15.1","255","98","115","47","140","67","100.0","13.6","100.0","27.2","100.0","23.2","54.5","18.9","53.9","21.5","55.0","24.9","405","123","201","70","204","63","92.8","6.5","100.0","16.9","85.8","12.8","43.0","17.4","41.3","17.9","44.6","19.2","8","13","8","13","0","13","100.0","100.0","100.0","100.0","-","**","100.0","100.0","100.0","100.0","-","**","0.0","59.2","-","**","0.0","59.2","0.0","23.2","0.0","37.5","0.0","38.6","17.0","13.6","7.9","8.0","31.3","29.7","1.5","2.2","0.0","14.3","2.5","3.8","48650","9878","54879","7227","39714","6996","16750","5683","-","**","16750","5683","31034","6506","27171","29114","31250","4311","55586","6394","64375","18254","43092","40405","48350","10470","51208","5738","40125","2958","56700","9706","65750","23016","55850","20955","0.6","(X)","(X)","(X)","(X)","(X)",
"1400000US06111005801","Census Tract 58.01, Ventura County, California","397","125","295","111","102","70","11.8","12.3","15.9","16.2","0.0","29.8","27.5","16.5","36.9","19.7","0.0","29.8","46.9","16.9","33.9","16.2","84.3","26.6","13.9","11.4","13.2","12.9","15.7","26.6","3400","196","1643","177","1757","107","1.6","1.3","1.6","2.1","1.7","1.5","1.9","1.9","2.1","3.2","1.8","2.1","22.9","6.8","24.8","8.9","21.1","7.6","16.1","4.1","13.9","5.1","18.1","6.3","9.1","3.9","8.9","5.0","9.3","4.9","27.9","5.4","25.1","6.6","30.5","7.5","20.5","5.2","23.7","8.0","17.6","5.6","96.4","2.1","96.3","3.5","96.6","2.6","48.4","6.8","48.8","9.8","48.1","8.0","477","163","258","133","219","92","92.7","11.7","86.4","21.5","100.0","15.7","54.7","21.8","59.7","26.2","48.9","29.0","880","141","359","114","521","78","100.0","4.2","100.0","9.9","100.0","6.9","53.1","13.5","38.7","19.0","63.0","16.0","1518","84","748","58","770","62","97.3","2.8","96.5","4.7","98.1","3.1","48.7","8.4","56.1","12.5","41.4","11.7","525","55","278","54","247","44","91.4","7.8","100.0","12.6","81.8","16.4","34.1","15.4","31.7","19.6","36.8","21.1","0.0","26.1","0.0","40.8","0.0","41.1","1.8","3.0","0.0","8.8","3.8","6.3","1.9","3.1","0.0","9.5","3.3","5.5","2.7","2.5","3.4","3.9","2.0","3.0","60744","6795","84432","11764","44410","10867","8724","94","8702","218","-","**","34183","18684","51250","38201","31196","8033","53941","7289","83381","14218","41161","14524","76743","18155","140464","34748","60086","22933","92989","30268","95718","18893","60968","29282","3.3","(X)","(X)","(X)","(X)","(X)",
"1400000US06111005802","Census Tract 58.02, Ventura County, California","536","148","278","129","258","102","29.9","14.3","47.5","25.1","10.9","11.7","23.1","12.7","23.0","17.6","23.3","15.8","36.2","14.6","14.4","13.4","59.7","21.9","10.8","12.3","15.1","21.0","6.2","9.3","6041","246","2951","197","3090","149","0.4","0.5","0.5","0.8","0.4","0.7","0.6","0.6","0.3","0.5","0.9","1.1","11.2","3.7","6.7","3.3","15.6","5.0","14.5","3.7","14.7","5.0","14.4","4.7","6.3","2.3","5.5","3.0","7.1","3.2","39.2","5.6","42.1","7.1","36.5","6.1","27.6","5.0","30.2","6.3","25.1","6.3","98.9","0.9","99.2","1.1","98.7","1.3","66.8","5.2","72.3","6.8","61.6","6.4","615","197","367","146","248","112","100.0","5.9","100.0","9.7","100.0","14.0","58.2","18.0","57.8","25.0","58.9","24.8","1627","224","734","129","893","138","100.0","2.3","100.0","5.0","100.0","4.1","84.3","10.7","88.0","9.4","81.3","13.2","2695","247","1357","125","1338","163","99.7","0.6","99.3","1.1","100.0","2.8","67.0","6.8","73.5","7.8","60.4","11.0","1104","226","493","143","611","132","94.9","4.5","97.0","4.6","93.3","6.8","45.5","11.8","56.4","14.4","36.7","15.0","0.0","39.5","0.0","65.0","0.0","49.7","0.0","5.4","0.0","17.3","0.0","7.5","1.0","1.7","0.0","6.1","2.0","3.2","2.1","2.2","1.3","1.7","3.0","3.7","81053","10404","98214","14200","59000","14703","-","**","-","**","-","**","31875","8446","33720","30097","30788","10411","55000","20128","67125","17083","40000","18865","76089","14020","95787","6154","42875","38283","116412","14033","148375","34223","92566","22521","1.2","(X)","(X)","(X)","(X)","(X)",
"1400000US06111005901","Census Tract 59.01, Ventura County, California","418","129","232","107","186","93","7.9","7.5","8.6","10.3","7.0","10.8","35.2","17.8","46.6","23.1","21.0","20.7","41.1","18.3","38.4","23.7","44.6","28.1","15.8","11.4","6.5","10.6","27.4","23.6","4518","182","2229","142","2289","117","1.7","2.1","2.6","3.2","0.8","1.0","2.2","1.2","0.7","1.2","3.6","2.1","15.3","4.0","15.4","5.3","15.1","4.9","25.3","5.6","25.3","6.9","25.3","7.0","11.3","3.6","9.5","3.9","13.1","5.8","29.6","4.5","27.5","6.5","31.5","6.1","14.7","3.7","19.0","5.9","10.4","4.2","96.1","2.6","96.7","3.4","95.6","2.5","44.2","5.2","46.6","7.3","42.0","6.6","647","184","406","130","241","91","100.0","5.6","100.0","8.8","100.0","14.4","45.1","12.4","38.2","17.8","56.8","22.2","764","181","293","106","471","111","100.0","4.8","100.0","12.0","100.0","7.6","70.7","14.9","63.8","20.9","74.9","17.3","2313","131","1178","93","1135","109","94.0","4.1","96.8","4.0","91.1","5.1","42.0","6.7","47.7","9.7","36.1","8.6","794","99","352","68","442","79","95.5","4.6","89.8","10.3","100.0","8.1","24.6","11.2","38.1","17.0","13.8","11.0","0.0","19.2","0.0","36.9","0.0","30.1","4.8","4.5","5.8","9.0","3.8","6.0","7.6","5.3","11.8","8.8","4.0","4.4","2.7","2.5","2.7","3.2","2.6","2.8","63041","7515","87333","16217","38281","13024","23155","7499","24762","225","17589","2042","48750","24401","57692","26617","20078","31808","50100","16957","62083","14279","31833","23897","80850","36677","106538","5723","39609","15392","103438","41540","131393","27656","63565","29302","2.7","(X)","(X)","(X)","(X)","(X)",
"1400000US06111005906","Census Tract 59.06, Ventura County, California","543","274","138","126","405","176","0.0","6.7","0.0","23.5","0.0","8.8","40.1","33.1","44.2","52.2","38.8","29.9","37.4","24.4","44.9","55.1","34.8","29.9","22.5","18.8","10.9","28.0","26.4","27.2","4463","366","2181","268","2282","205","0.5","0.5","0.1","0.2","0.8","1.0","2.8","3.0","2.5","3.0","3.1","3.1","15.3","5.1","12.0","7.5","18.5","7.2","15.4","5.4","16.9","7.2","14.1","5.2","6.0","2.8","5.6","3.7","6.3","3.7","37.1","5.3","38.7","8.0","35.5","7.0","22.9","4.1","24.2","5.1","21.7","6.3","96.8","3.0","97.4","3.0","96.1","3.3","60.0","6.0","62.9","8.7","57.2","7.3","723","247","426","219","297","131","97.9","3.4","100.0","8.4","94.9","8.2","64.9","19.1","59.2","30.2","73.1","25.6","909","157","406","102","503","102","100.0","4.0","100.0","8.8","100.0","7.2","67.4","13.2","67.0","17.2","67.8","15.8","1809","222","781","137","1028","147","97.0","3.7","100.0","4.7","94.6","6.6","65.0","9.3","74.8","11.1","57.6","11.5","1022","165","568","127","454","106","92.7","6.6","90.1","11.1","95.8","5.0","41.1","11.0","46.5","14.1","34.4","14.7","0.0","23.5","0.0","43.3","0.0","34.2","12.1","12.9","31.3","22.6","0.0","8.7","19.3","20.1","16.7","20.6","22.2","20.5","3.1","3.8","0.7","1.1","5.6","7.5","43108","8512","66995","26659","24310","23062","15023","2372","-","**","-","**","20980","7703","22010","37147","14194","10177","36201","10847","36685","16370","35804","21304","62757","23087","97833","40087","18447","24509","109015","25125","139524","49668","80000","37267","3.2","(X)","(X)","(X)","(X)","(X)",
"1400000US06111005907","Census Tract 59.07, Ventura County, California","192","69","109","52","83","53","4.7","7.1","8.3","12.8","0.0","34.5","25.5","17.3","22.0","21.9","30.1","23.9","55.7","19.2","54.1","24.7","57.8","22.5","14.1","16.8","15.6","16.7","12.0","21.1","2959","174","1384","156","1575","148","0.3","0.5","0.7","1.0","0.0","2.3","2.9","2.4","3.5","3.2","2.5","2.2","13.4","3.5","10.5","5.5","15.9","4.3","19.2","3.7","15.1","5.6","22.9","5.0","8.9","2.9","5.5","3.0","11.9","4.6","31.2","5.7","38.9","8.8","24.4","6.4","24.0","5.8","25.8","8.7","22.3","6.6","96.8","2.6","95.9","3.6","97.5","2.2","55.2","6.8","64.7","9.4","46.8","7.5","133","77","95","66","38","34","100.0","24.2","100.0","31.4","100.0","51.7","60.9","29.7","57.9","37.7","68.4","41.2","352","89","164","62","188","43","92.3","11.8","92.1","12.9","92.6","11.2","77.3","16.2","78.0","19.5","76.6","20.1","1235","120","576","111","659","87","97.2","3.0","93.9","6.5","100.0","5.5","60.9","9.5","64.1","12.9","58.1","12.8","1239","107","549","86","690","95","97.3","2.4","98.4","2.4","96.4","3.9","42.6","9.2","62.7","13.3","26.7","9.4","0.0","31.2","0.0","42.2","0.0","51.0","10.6","11.6","9.6","14.8","11.2","12.0","4.6","4.1","4.9","7.3","4.4","4.8","7.3","4.2","5.9","4.4","9.0","5.9","63205","8788","95756","64105","60125","21185","43482","25214","27266","323831","-","**","35542","9099","35542","17732","36250","78734","57600","31449","61510","31952","41250","16666","80870","27337","102000","29740","63095","61382","97250","52078","115250","69740","67306","78073","3.7","(X)","(X)","(X)","(X)","(X)",
"1400000US06111005908","Census Tract 59.08, Ventura County, California","259","80","102","53","157","76","0.0","13.5","0.0","29.8","0.0","21.1","22.4","13.9","12.7","15.6","28.7","20.6","59.1","19.2","87.3","15.6","40.8","24.0","18.5","16.6","0.0","29.8","30.6","24.1","1781","158","846","118","935","93","2.1","1.9","1.8","4.1","2.4","1.8","3.0","2.6","2.5","2.7","3.4","3.5","14.5","4.7","13.9","6.3","15.0","5.9","29.4","9.0","23.9","10.9","34.3","12.5","8.8","4.0","10.0","5.3","7.7","5.3","25.8","6.8","28.8","9.6","23.0","7.7","16.5","5.1","19.0","8.1","14.2","6.6","94.9","3.5","95.7","4.9","94.2","4.3","42.3","9.0","47.9","12.5","37.2","10.4","191","81","82","52","109","73","100.0","17.7","100.0","34.7","100.0","28.4","14.1","13.4","7.3","13.2","19.3","21.9","335","84","106","45","229","59","97.6","3.2","100.0","29.0","96.5","4.6","41.8","11.5","67.9","19.6","29.7","15.4","781","119","395","77","386","74","94.0","5.6","92.2","10.1","95.9","4.3","54.3","13.1","61.8","18.0","46.6","15.1","474","141","263","85","211","81","92.6","6.8","98.1","3.2","85.8","15.2","34.2","12.1","31.6","15.4","37.4","21.0","0.0","32.7","0.0","53.1","0.0","43.3","0.0","13.5","0.0","26.7","0.0","23.2","0.6","0.9","0.0","12.2","1.0","1.7","0.8","1.2","0.0","8.8","1.7","2.6","53600","14781","79276","12214","24297","6461","22639","36155","-","**","22639","36155","47500","19256","49837","10713","28906","12093","39917","12426","71944","18518","24886","13238","71941","7126","91250","59334","27188","34497","76417","23528","95250","17322","21705","47359","3.6","(X)","(X)","(X)","(X)","(X)",
"1400000US06111005909","Census Tract 59.09, Ventura County, California","269","108","108","66","161","69","0.0","13.0","0.0","28.6","0.0","20.6","28.6","20.1","25.0","26.2","31.1","27.6","61.7","20.7","66.7","29.0","58.4","24.1","9.7","13.6","8.3","12.5","10.6","21.0","2448","189","1049","109","1399","128","5.4","6.2","3.8","5.3","6.6","7.0","4.8","2.3","5.7","5.0","4.1","2.7","16.7","4.8","8.8","4.4","22.7","7.3","25.2","6.1","15.9","6.9","32.2","8.8","9.8","3.0","14.5","6.5","6.4","3.8","21.5","5.3","28.7","8.4","16.1","5.8","16.5","4.3","22.6","7.9","12.0","5.0","89.8","7.8","90.5","9.9","89.3","6.8","38.0","6.6","51.3","10.1","28.1","7.0","256","106","136","64","120","72","80.9","22.2","64.0","33.8","100.0","26.3","28.1","20.0","20.6","21.3","36.7","29.5","489","93","207","48","282","67","85.5","17.5","80.2","23.6","89.4","13.8","42.5","15.2","52.7","25.6","35.1","18.8","993","101","426","57","567","86","96.1","5.3","100.0","8.4","93.1","9.1","37.8","10.2","46.9","16.5","30.9","11.3","710","73","280","66","430","52","87.3","6.8","96.4","6.0","81.4","9.9","38.9","10.4","71.8","15.2","17.4","9.2","10.0","12.5","13.0","20.9","8.1","14.9","10.8","11.4","0.0","32.2","13.9","14.1","5.0","4.1","2.8","4.0","6.3","5.2","0.0","3.9","0.0","6.7","0.0","9.1","52784","10656","80625","36161","42108","9371","26844","1275","26844","1275","-","**","28359","16655","43056","18715","26750","13093","45658","15154","67361","37078","40531","8694","65435","25074","89000","90485","59444","20452","97411","16539","99357","49993","95089","15942","3.4","(X)","(X)","(X)","(X)","(X)",
"1400000US06111005910","Census Tract 59.10, Ventura County, California","153","62","52","38","101","52","3.9","6.5","0.0","44.2","5.9","10.2","20.9","19.9","9.6","15.4","26.7","26.4","53.6","24.1","90.4","15.4","34.7","24.2","21.6","20.6","0.0","44.2","32.7","28.9","1199","68","583","38","616","57","0.6","0.9","0.0","6.2","1.1","1.7","5.2","3.1","2.9","3.2","7.3","4.9","11.7","4.8","12.0","6.1","11.4","6.5","22.9","7.0","24.0","8.6","21.9","7.5","5.2","2.6","2.1","3.1","8.1","4.3","40.5","8.7","39.5","9.4","41.4","10.5","14.0","5.4","19.6","8.5","8.8","4.6","94.2","3.2","97.1","3.2","91.6","5.0","54.5","9.2","59.0","10.7","50.2","10.5","86","52","32","26","54","35","100.0","33.7","100.0","56.3","100.0","43.3","90.7","18.3","75.0","39.5","100.0","43.3","184","58","58","26","126","55","89.7","10.5","100.0","41.8","84.9","14.1","46.7","18.4","72.4","29.7","34.9","20.4","709","55","367","36","342","40","93.8","4.1","97.0","4.5","90.4","7.3","58.0","12.0","61.3","13.7","54.4","14.1","220","49","126","32","94","36","97.3","4.0","95.2","7.1","100.0","31.7","35.5","16.9","42.1","20.8","26.6","23.8","33.3","29.4","0.0","77.3","44.2","36.3","0.0","23.2","0.0","38.1","0.0","38.1","2.7","3.4","0.0","21.6","4.9","6.1","7.8","10.7","7.6","10.4","8.1","11.1","73676","15931","96667","21693","38056","13631","12292","17571","-","**","13393","30477","44432","31525","73611","8130","2,500-","***","33971","7207","63906","54233","30417","18236","103077","31503","128208","13823","52917","42036","116000","20131","102083","167390","116125","1429","10.5","(X)","(X)","(X)","(X)","(X)",
"1400000US06111005911","Census Tract 59.11, Ventura County, California","292","104","147","82","145","81","2.7","4.2","5.4","8.3","0.0","22.5","12.3","10.8","20.4","21.2","4.1","7.5","62.3","17.6","49.7","26.3","75.2","19.9","22.6","11.1","24.5","17.5","20.7","16.8","2755","246","1295","184","1460","178","0.7","0.8","0.0","2.9","1.3","1.5","1.3","1.8","0.0","2.9","2.4","3.3","14.9","6.2","17.1","8.8","13.0","8.0","21.5","4.9","20.5","7.5","22.3","6.5","11.9","4.1","9.9","5.4","13.6","6.2","26.2","4.5","23.5","6.6","28.6","6.9","23.6","5.7","29.1","7.1","18.8","6.9","98.0","2.0","100.0","2.9","96.3","3.7","49.8","6.8","52.6","8.8","47.3","9.5","502","235","251","144","251","110","94.2","9.0","100.0","13.8","88.4","17.7","30.1","14.8","16.7","13.7","43.4","21.5","348","117","168","64","180","99","100.0","10.2","100.0","19.9","100.0","18.7","52.9","19.3","60.7","16.9","45.6","30.5","1263","216","594","150","669","126","99.5","0.8","100.0","6.1","99.1","1.5","52.7","9.2","56.7","12.9","49.2","12.0","642","145","282","89","360","93","97.0","3.3","100.0","12.4","94.7","5.8","57.8","11.7","70.9","15.2","47.5","14.5","0.0","43.3","-","**","0.0","43.3","20.0","23.8","0.0","15.6","43.2","38.8","3.8","3.1","4.6","5.1","3.2","3.7","2.3","3.5","0.0","5.4","4.5","6.7","58617","9412","78058","15063","48750","10922","2,500-","***","-","**","2,500-","***","27326","7810","28711","11881","13750","18215","51250","9672","51818","19737","51019","10550","62250","18963","105921","40302","44141","20822","94643","25074","106489","10236","85625","19793","4.2","(X)","(X)","(X)","(X)","(X)",
"1400000US06111006000","Census Tract 60, Ventura County, California","486","144","285","105","201","120","6.0","6.5","4.6","7.2","8.0","13.2","33.3","19.7","41.1","25.4","22.4","20.0","58.0","18.6","49.8","22.7","69.7","24.9","2.7","3.8","4.6","6.4","0.0","16.9","3479","234","1755","126","1724","169","1.5","1.5","0.0","2.1","3.0","3.0","6.2","3.8","7.6","5.6","4.7","3.0","29.7","7.0","27.4","8.7","32.1","7.9","31.0","4.8","37.0","7.5","24.9","6.3","5.2","2.3","2.9","2.3","7.5","3.9","17.9","5.9","17.0","5.3","18.9","8.0","8.5","3.0","8.2","3.8","8.8","3.8","92.4","4.0","92.4","5.6","92.3","4.1","26.4","6.7","25.2","6.6","27.7","9.1","648","203","294","100","354","149","97.5","4.1","100.0","12.0","95.5","7.8","36.9","18.0","21.8","16.4","49.4","26.3","869","183","504","118","365","86","85.4","10.0","81.5","14.4","90.7","9.5","30.0","10.3","35.5","14.5","22.5","11.5","1352","104","700","64","652","75","92.8","5.1","94.3","5.4","91.1","6.7","19.5","6.5","20.3","7.7","18.6","8.1","610","102","257","56","353","83","95.9","5.8","100.0","13.5","92.9","10.0","25.7","10.8","22.2","13.3","28.3","13.3","25.4","15.5","11.3","11.5","41.2","27.1","9.2","8.6","14.2","15.2","4.8","5.4","3.6","4.3","2.9","4.6","4.6","8.1","0.9","2.2","1.8","4.4","0.0","7.8","31158","3543","36968","6597","23239","6272","22463","1825","24583","3373","19556","1436","21672","6837","28575","18054","20588","6246","38158","6821","39474","6929","31957","26770","45958","17193","103229","26949","28649","5857","73125","50610","106563","24480","45927","21636","8.0","(X)","(X)","(X)","(X)","(X)",
"1400000US06111006100","Census Tract 61, Ventura County, California","809","250","575","206","234","102","9.8","7.8","6.6","9.1","17.5","15.1","36.8","15.8","42.6","22.1","22.6","16.7","50.1","15.2","49.0","20.8","52.6","23.4","3.3","4.3","1.7","3.1","7.3","12.5","4866","345","2397","264","2469","235","10.0","4.0","3.3","2.3","16.6","7.0","8.3","3.1","8.6","4.4","8.0","6.0","11.7","3.4","15.6","5.7","7.9","4.1","24.0","5.5","26.9","8.0","21.1","6.1","5.9","2.7","3.8","3.4","7.9","4.5","23.3","4.9","22.7","6.8","23.9","5.6","16.9","4.2","19.1","4.8","14.6","5.7","81.7","4.6","88.2","4.8","75.4","6.7","40.1","5.8","41.8","7.8","38.5","7.0","1218","291","577","192","641","215","83.2","11.3","93.2","8.9","74.1","18.7","48.6","12.9","41.8","19.3","54.8","18.9","1594","342","846","181","748","209","77.7","10.6","83.6","10.7","71.0","14.2","33.1","10.4","33.0","11.7","33.3","13.0","1573","206","765","145","808","153","84.1","9.1","88.5","8.5","80.0","12.3","43.2","8.5","48.9","12.2","37.9","10.1","481","161","209","86","272","113","83.4","11.7","91.4","12.8","77.2","17.9","31.8","11.2","52.2","20.8","16.2","13.5","31.9","20.8","32.7","27.2","31.5","20.0","19.9","14.2","22.0","17.3","15.8","15.1","12.2","8.6","7.7","9.3","16.8","11.1","0.6","1.0","1.2","1.9","0.0","3.9","49509","11683","52833","14085","43231","13337","12690","6398","17419","3797","8398","5555","28056","7033","26898","6477","35893","21234","44321","7704","44691","11345","42277","12174","84554","10675","93505","18984","81600","8725","102115","18241","112237","20205","64698","32132","4.3","(X)","(X)","(X)","(X)","(X)",
"1400000US06111006200","Census Tract 62, Ventura County, California","208","76","129","66","79","51","0.0","16.4","0.0","24.8","0.0","35.6","39.4","18.5","35.7","26.2","45.6","25.1","46.2","18.4","49.6","25.2","40.5","24.7","14.4","12.9","14.7","17.0","13.9","22.1","2396","227","1237","172","1159","122","0.8","1.1","0.0","3.0","1.6","2.3","2.1","1.9","3.6","3.5","0.5","0.8","16.6","4.5","16.7","5.5","16.5","6.2","21.7","6.4","20.0","8.0","23.6","7.7","8.0","4.1","6.8","4.5","9.2","5.1","24.4","6.1","22.6","8.6","26.3","6.7","26.4","5.2","30.3","8.0","22.3","6.6","97.1","2.0","96.4","3.5","97.9","2.4","50.8","6.9","52.9","10.0","48.6","8.3","243","147","170","130","73","44","88.9","13.8","84.1","22.4","100.0","37.2","50.2","32.8","67.6","33.5","9.6","16.4","238","91","111","53","127","44","100.0","14.5","100.0","28.0","100.0","25.1","58.0","25.4","57.7","29.7","58.3","26.7","1185","139","584","81","601","91","100.0","3.1","100.0","6.2","100.0","6.0","53.1","9.1","49.8","13.5","56.2","11.4","730","110","372","71","358","74","94.2","4.9","95.2","5.9","93.3","8.0","44.9","11.1","49.5","15.1","40.2","14.9","0.0","38.3","0.0","47.5","0.0","65.0","0.0","9.0","0.0","16.5","0.0","17.7","1.5","2.3","0.0","10.7","2.9","4.3","1.0","1.7","0.9","1.7","1.1","1.9","67026","31468","97875","24065","34688","13352","-","**","-","**","-","**","52228","94776","80313","112979","30156","118755","39271","26981","81875","46290","17202","10142","85030","50705","86662","23837","33281","33827","105598","15137","133393","56101","63713","26343","0.9","(X)","(X)","(X)","(X)","(X)",
"1400000US06111006301","Census Tract 63.01, Ventura County, California","497","116","216","89","281","86","10.1","8.4","17.6","15.4","4.3","7.2","33.4","13.6","34.7","25.5","32.4","27.2","48.5","11.1","47.7","24.2","49.1","22.8","8.0","9.5","0.0","15.9","14.2","16.2","4725","257","2271","183","2454","182","0.5","0.7","1.0","1.5","0.0","1.5","2.7","2.1","2.3","3.0","3.1","2.3","13.1","5.5","15.6","8.0","10.7","4.5","24.2","5.0","20.4","7.3","27.7","5.4","9.6","3.5","8.4","4.2","10.6","4.5","31.4","5.2","32.0","7.0","30.8","5.6","18.6","3.9","20.3","6.2","17.0","4.7","96.8","2.1","96.7","3.4","96.9","2.3","50.0","6.2","52.3","8.6","47.8","6.3","431","150","216","116","215","114","100.0","8.3","100.0","15.9","100.0","15.9","71.2","19.8","57.4","34.9","85.1","16.5","818","143","440","115","378","72","95.6","4.5","91.8","8.6","100.0","9.4","59.9","14.3","60.9","18.0","58.7","17.7","2029","173","1040","132","989","69","97.6","3.4","97.6","5.4","97.6","3.9","51.0","10.6","53.2","12.7","48.6","11.3","1447","223","575","121","872","152","95.4","3.4","97.6","3.8","94.0","4.2","36.6","7.8","42.1","14.2","33.0","10.1","16.6","34.0","33.3","63.8","0.0","36.4","2.5","4.4","0.0","10.0","6.1","10.6","5.5","4.5","2.4","3.7","7.7","7.3","2.2","2.1","2.5","2.8","1.9","2.1","54919","6144","72009","15617","46824","7404","-","**","-","**","-","**","37568","21444","26827","20289","49138","37824","46404","6749","54453","16544","38792","22417","60688","9798","93571","27531","40476","18464","91250","12032","116719","30088","69875","21501","2.8","(X)","(X)","(X)","(X)","(X)",
"1400000US06111006302","Census Tract 63.02, Ventura County, California","1394","229","525","122","869","169","2.9","3.5","7.8","9.0","0.0","4.2","11.5","5.7","9.3","7.3","12.8","6.8","83.4","7.0","82.9","11.4","83.7","7.5","2.2","2.1","0.0","6.9","3.6","3.4","1651","170","818","93","833","119","3.0","3.3","3.3","3.4","2.6","3.3","7.0","6.9","2.7","2.8","11.2","13.2","16.4","5.4","15.8","7.5","16.9","7.3","21.0","6.5","21.9","8.3","20.0","7.9","7.7","3.3","4.6","3.5","10.7","5.7","28.0","6.5","28.2","8.6","27.7","7.2","17.1","4.7","23.5","7.3","10.8","5.4","90.1","7.1","94.0","4.3","86.2","12.9","45.1","8.8","51.7","11.6","38.5","9.1","189","90","95","56","94","53","99.5","1.8","98.9","3.6","100.0","31.7","62.4","23.5","73.7","25.4","51.1","29.4","211","75","128","55","83","42","100.0","16.2","100.0","25.0","100.0","34.5","41.7","20.0","46.1","27.7","34.9","26.2","816","91","388","59","428","68","93.0","7.7","99.5","1.2","87.1","13.6","54.2","10.5","58.0","14.3","50.7","12.8","435","127","207","75","228","81","75.6","11.4","77.8","15.5","73.7","20.0","22.1","10.9","33.3","15.8","11.8","11.7","1.5","5.4","5.1","17.7","0.0","31.4","3.3","4.9","1.6","4.1","5.0","8.4","0.4","1.3","0.9","2.8","0.0","13.6","2.4","2.9","0.8","1.4","4.5","6.4","53631","21776","87500","23663","35598","9853","13906","68805","60268","80006","-","**","34196","13625","35000","43384","31250","40724","40455","10081","82222","55080","21579","9938","52250","54404","79205","61340","45962","36900","130444","34856","132109","26522","82292","57431","2.2","(X)","(X)","(X)","(X)","(X)",
"1400000US06111006400","Census Tract 64, Ventura County, California","465","147","226","115","239","142","11.4","13.0","16.4","23.0","6.7","11.0","18.9","15.9","34.5","27.2","4.2","6.8","67.1","21.0","43.8","30.9","89.1","12.6","2.6","4.0","5.3","9.3","0.0","14.5","4678","379","2204","233","2474","219","1.9","2.4","1.9","2.8","1.9","2.2","2.3","1.7","2.7","2.4","2.0","1.8","16.1","4.4","14.2","6.3","17.8","4.5","23.1","4.9","26.3","7.1","20.3","6.0","7.3","3.1","5.1","3.2","9.3","4.8","28.6","5.2","25.5","6.9","31.3","6.4","20.6","4.0","24.3","5.7","17.4","4.5","95.8","2.8","95.5","3.5","96.1","2.6","49.2","6.1","49.8","8.2","48.7","7.3","573","227","327","133","246","120","100.0","6.3","100.0","10.8","100.0","14.1","59.0","19.8","47.4","25.6","74.4","25.1","933","320","384","144","549","201","89.4","10.4","82.8","16.2","94.0","7.7","46.9","19.0","48.4","20.7","45.9","20.7","2111","200","1025","158","1086","110","99.3","1.1","100.0","3.6","98.7","2.1","51.4","8.8","48.3","11.1","54.3","10.8","1061","86","468","87","593","105","92.1","6.6","92.7","8.5","91.6","7.5","41.6","10.2","56.0","14.1","30.2","12.2","0.0","17.3","0.0","30.3","0.0","31.0","8.5","8.9","16.2","17.6","2.9","4.8","0.0","2.6","0.0","5.3","0.0","5.0","2.1","2.8","1.6","2.4","2.5","3.4","58201","11180","82250","16299","38698","7459","38144","127276","19512","192470","-","**","45426","30630","46170","19006","2,500-","***","53824","15659","88464","22442","36546","18620","63938","13880","86275","16508","29982","12610","88508","24010","108889","30652","74583","39608","3.1","(X)","(X)","(X)","(X)","(X)",
"1400000US06111006500","Census Tract 65, Ventura County, California","387","118","174","75","213","102","4.9","7.5","10.9","16.7","0.0","16.1","30.5","16.1","62.6","25.4","4.2","7.9","39.0","20.2","26.4","19.9","49.3","28.4","25.6","17.5","0.0","19.3","46.5","28.4","2117","280","1033","146","1084","172","11.0","8.1","10.6","8.2","11.3","8.9","10.2","5.2","10.5","6.3","10.0","5.0","30.6","6.5","31.5","9.2","29.7","7.2","17.5","5.5","17.1","7.9","17.9","8.5","9.1","4.4","8.9","5.7","9.2","6.1","15.3","5.5","14.9","10.2","15.6","6.7","6.4","3.9","6.6","4.7","6.3","4.7","78.8","7.0","79.0","8.0","78.7","7.7","21.7","6.7","21.5","9.8","21.9","7.8","328","216","169","124","159","111","88.4","18.8","100.0","19.8","76.1","33.5","31.4","33.1","31.4","40.9","31.4","32.0","611","125","277","62","334","82","65.3","13.2","52.3","15.1","76.0","15.3","9.7","9.9","0.0","12.6","17.7","18.2","945","166","477","99","468","102","86.7","8.5","87.0","10.0","86.3","9.4","28.8","9.1","30.2","14.3","27.4","9.7","233","84","110","49","123","50","69.1","15.4","79.1","23.3","60.2","24.9","10.7","11.9","22.7","22.9","0.0","25.8","12.9","11.9","12.4","13.4","13.4","15.5","25.3","18.0","23.4","18.4","27.3","22.6","13.5","11.5","13.8","19.3","13.3","12.1","7.6","7.0","15.8","13.1","0.0","14.6","43864","13017","48214","7067","32444","12876","29750","9596","36875","21096","13333","18779","30417","28905","35341","41558","30238","38683","37917","13331","52938","26741","32823","26350","91050","21589","92917","61213","90625","25942","64957","2388","63922","16259","66071","20712","5.7","(X)","(X)","(X)","(X)","(X)",
"1400000US06111006600","Census Tract 66, Ventura County, California","444","109","215","64","229","100","5.2","4.9","6.0","9.5","4.4","6.9","41.4","13.6","16.7","13.9","64.6","17.8","32.0","12.7","41.9","20.9","22.7","16.9","21.4","12.3","35.3","21.8","8.3","8.0","2802","173","1364","111","1438","123","1.1","1.3","2.0","2.4","0.3","0.7","2.5","1.5","1.4","1.5","3.5","2.7","15.2","3.9","18.3","6.3","12.2","4.3","26.3","5.2","21.0","6.0","31.3","7.6","9.3","4.6","10.1","5.7","8.6","5.3","29.1","5.5","29.8","8.2","28.4","7.6","16.6","4.1","17.4","5.4","15.7","5.5","96.4","1.9","96.6","2.8","96.2","2.6","45.6","6.6","47.2","9.1","44.1","8.2","220","107","134","71","86","53","100.0","15.6","100.0","24.1","100.0","33.7","60.0","24.5","44.8","31.6","83.7","26.2","549","110","250","77","299","53","97.8","3.3","100.0","13.9","96.0","6.1","32.2","13.7","28.8","14.4","35.1","17.4","1235","133","658","100","577","69","96.3","3.1","93.8","5.3","99.1","1.8","54.4","8.8","52.9","13.5","56.2","11.7","798","126","322","50","476","103","94.6","4.1","98.4","3.1","92.0","6.2","37.2","8.8","50.9","15.2","27.9","10.3","13.4","22.0","26.8","44.8","0.0","49.7","5.9","6.5","3.6","5.8","9.7","13.5","0.6","1.1","1.5","2.4","0.0","6.5","2.5","2.2","0.0","5.7","5.0","4.3","53649","8148","73605","21287","47011","5501","33594","48664","9479","54375","-","**","34000","27124","52625","38689","21705","8452","48179","5038","51875","20810","43867","11539","71331","16276","95721","8074","53636","26731","79559","19616","94583","14774","60875","21622","5.0","(X)","(X)","(X)","(X)","(X)",
"1400000US06111006700","Census Tract 67, Ventura County, California","155","88","123","78","32","26","9.7","12.2","6.5","11.0","21.9","35.1","46.5","26.4","48.0","32.5","40.6","45.2","27.1","15.6","24.4","20.2","37.5","43.4","16.8","13.6","21.1","16.0","0.0","56.3","2275","152","990","148","1285","144","0.9","0.9","0.6","0.8","1.1","1.2","4.0","2.8","3.0","2.5","4.8","4.3","19.4","7.2","11.2","5.5","25.8","10.9","25.1","5.1","30.2","7.2","21.1","7.2","6.7","3.9","7.7","5.1","5.9","4.4","30.0","5.9","30.7","7.8","29.4","8.0","13.9","4.5","16.6","6.7","11.9","5.8","95.1","2.8","96.4","2.7","94.1","4.3","43.9","6.8","47.3","7.6","41.3","9.3","319","132","211","125","108","66","100.0","11.1","100.0","16.2","100.0","28.6","53.0","15.0","43.6","18.4","71.3","34.4","445","137","169","72","276","90","96.9","5.1","100.0","19.8","94.9","8.2","38.2","16.4","18.3","17.0","50.4","21.4","938","152","380","103","558","93","94.0","5.5","98.2","3.8","91.2","8.4","55.5","8.7","61.6","12.4","51.4","11.1","573","122","230","71","343","107","92.7","4.8","87.4","10.1","96.2","4.7","24.3","9.0","48.3","14.1","8.2","13.0","36.4","33.0","50.0","47.7","30.3","46.0","16.5","12.2","20.7","23.7","15.1","12.7","8.2","7.7","2.7","4.0","14.2","13.9","3.5","4.7","1.5","2.6","5.3","8.5","47256","5221","60568","31655","43277","18165","17083","24986","35313","48780","14583","29790","19063","5498","21094","131558","16422","9268","45216","9201","50909","17271","28854","12499","48836","7672","70250","64333","48100","9118","81818","19886","82386","29048","69107","44027","5.0","(X)","(X)","(X)","(X)","(X)",
"1400000US06111006800","Census Tract 68, Ventura County, California","451","149","307","113","144","75","32.2","15.3","47.2","19.1","0.0","22.7","11.3","12.2","10.1","15.8","13.9","17.0","50.8","17.5","37.8","21.5","78.5","20.6","5.8","6.9","4.9","8.0","7.6","12.9","2694","296","1447","293","1247","132","9.0","4.6","15.0","7.2","2.0","2.4","11.8","8.2","14.3","13.8","9.0","6.1","21.2","6.8","19.4","10.5","23.4","7.7","28.2","6.1","22.3","7.7","35.0","10.0","7.5","3.4","10.4","6.4","4.2","3.4","13.7","4.8","11.5","5.4","16.2","7.0","8.6","5.0","7.3","5.7","10.2","6.7","79.2","10.8","70.7","17.7","89.0","6.5","22.3","7.2","18.7","8.2","26.4","9.8","468","204","260","146","208","128","70.3","29.6","61.5","49.6","81.3","25.3","18.2","13.8","8.5","12.2","30.3","25.6","474","104","197","93","277","91","87.1","12.9","77.2","27.9","94.2","7.7","30.0","18.5","36.5","30.0","25.3","17.0","1242","171","727","157","515","48","79.3","8.8","69.6","12.8","93.0","6.8","20.6","7.0","15.8","8.0","27.4","15.6","510","55","263","59","247","46","79.6","12.0","77.9","13.8","81.4","15.5","22.9","12.6","23.6","19.1","22.3","14.8","21.7","19.5","22.9","24.6","18.2","22.9","14.3","8.5","15.4","11.8","13.4","11.4","13.0","9.6","1.9","2.9","23.9","17.6","1.3","2.6","0.0","12.9","2.4","4.8","41270","11470","38750","34806","41921","5561","14033","6917","14242","8343","13688","35530","43287","10904","46736","24299","41389","23312","42361","9186","54808","43254","31694","17627","86638","10540","120481","22864","54479","40017","73910","19443","105417","69243","73431","22702","8.9","(X)","(X)","(X)","(X)","(X)",
"1400000US06111006900","Census Tract 69, Ventura County, California","272","127","114","65","158","97","10.3","10.1","15.8","17.4","6.3","10.9","24.3","15.3","37.7","23.9","14.6","15.1","31.3","21.2","30.7","24.3","31.6","26.6","34.2","24.7","15.8","20.0","47.5","33.4","2727","285","1163","211","1564","182","5.1","2.5","3.3","2.9","6.4","3.8","8.7","3.9","3.9","3.6","12.3","5.8","15.6","5.1","16.2","6.8","15.2","6.2","24.7","5.3","21.9","6.3","26.8","7.0","9.2","3.3","10.4","4.8","8.3","4.3","24.9","5.1","33.3","7.0","18.7","6.3","11.8","4.1","11.1","4.7","12.3","5.3","86.2","4.2","92.9","4.2","81.3","6.3","36.7","6.2","44.4","8.4","31.1","7.6","514","153","243","90","271","105","80.4","8.4","93.0","10.0","69.0","18.9","48.6","16.6","51.4","22.0","46.1","21.4","451","150","224","122","227","80","81.4","13.8","81.7","15.7","81.1","19.5","36.1","14.6","43.8","26.3","28.6","16.7","999","136","462","96","537","81","91.7","5.4","96.1","4.6","87.9","9.0","35.7","10.2","42.2","13.0","30.2","11.6","763","96","234","63","529","88","86.0","7.1","97.0","4.5","81.1","9.7","30.4","8.4","41.9","13.2","25.3","9.7","43.2","17.9","25.3","29.9","48.3","18.3","20.9","13.3","18.1","19.2","23.2","17.1","8.0","5.9","6.9","8.5","8.7","8.2","3.2","3.2","1.6","2.5","4.9","4.8","36277","8934","52766","5812","25087","4274","15263","9745","16316","1311","5395","12653","25000","11224","41125","35695","10104","19508","32143","10863","43409","17228","23021","9504","62917","31481","73333","8687","34444","15105","74432","19119","106136","27831","44181","34487","6.1","(X)","(X)","(X)","(X)","(X)",
"1400000US06111007000","Census Tract 70, Ventura County, California","339","184","87","66","252","190","8.6","10.8","12.6","20.8","7.1","12.5","16.5","20.9","54.0","39.4","3.6","8.4","43.7","35.6","13.8","23.5","54.0","40.2","31.3","21.0","19.5","24.1","35.3","30.7","2897","299","1285","247","1612","211","9.1","6.5","9.1","9.2","9.2","5.3","4.8","2.9","8.4","6.0","1.9","2.5","28.2","6.1","24.6","9.8","31.0","7.8","18.7","5.4","23.3","9.7","15.0","5.8","3.9","3.1","1.7","1.8","5.6","5.6","23.7","6.7","21.8","8.2","25.2","11.0","11.7","4.9","11.1","7.3","12.2","5.2","86.1","8.7","82.5","13.5","89.0","6.1","35.4","7.9","32.8","11.0","37.4","10.6","1074","273","441","124","633","195","85.8","11.8","78.9","16.3","90.7","10.5","51.5","11.6","37.0","15.7","61.6","15.3","576","192","315","128","261","99","71.7","14.2","74.3","19.3","68.6","20.5","35.2","18.8","36.8","22.7","33.3","24.0","716","184","358","130","358","116","95.4","7.7","98.0","7.7","92.7","8.7","29.7","13.5","34.6","17.6","24.9","14.7","531","142","171","82","360","122","89.6","10.6","74.3","27.9","96.9","5.0","10.5","7.7","11.1","13.3","10.3","9.6","28.5","14.9","32.0","15.1","24.2","21.3","10.5","7.0","1.3","2.4","16.4","9.5","21.4","12.4","17.1","13.0","25.7","17.0","8.9","6.4","6.9","5.3","10.3","9.8","36146","8994","37128","11515","30727","15386","19236","9430","21294","3079","4764","10673","32188","8630","36146","3849","17750","5947","37969","18007","47143","21157","30087","28197","63813","12579","58889","49858","64646","10711","72237","48111","106474","26146","53456","34263","6.9","(X)","(X)","(X)","(X)","(X)",
"1400000US06111007100","Census Tract 71, Ventura County, California","314","147","146","108","168","87","22.9","22.4","36.3","43.9","11.3","14.2","27.1","17.7","24.0","24.1","29.8","26.3","35.7","20.3","32.2","32.8","38.7","31.8","14.3","14.3","7.5","12.6","20.2","22.6","3712","344","1901","309","1811","280","10.8","5.3","12.2","8.0","9.3","5.4","7.6","3.8","6.4","4.6","8.8","5.5","15.1","4.5","16.9","6.0","13.1","5.5","26.1","5.8","23.8","8.5","28.5","7.4","10.2","4.0","9.4","6.2","11.0","5.0","20.0","5.8","17.1","6.8","23.0","9.3","10.2","3.8","14.2","6.0","6.1","4.0","81.6","6.1","81.4","8.2","81.8","8.1","30.3","5.8","31.4","7.4","29.1","8.8","948","289","455","161","493","221","91.9","8.0","88.1","13.4","95.3","6.8","40.1","13.3","29.5","18.5","49.9","18.6","865","218","439","211","426","144","73.5","14.9","82.0","19.9","64.8","17.8","30.4","15.1","34.9","20.6","25.8","18.4","1396","236","794","167","602","165","77.1","11.4","73.6","16.3","81.7","15.3","27.1","7.9","30.4","12.0","22.8","13.2","503","139","213","99","290","99","88.7","8.8","94.8","7.2","84.1","15.0","20.3","12.3","31.9","21.9","11.7","11.3","25.0","14.2","20.9","19.6","29.5","19.8","12.9","9.1","12.1","11.9","13.9","13.0","15.7","10.2","2.1","3.3","27.8","17.2","6.9","7.5","0.0","6.1","14.6","14.1","41157","8175","51198","10352","31713","13807","21772","6943","22361","15770","19028","19662","26507","6884","25349","11776","36250","11150","43813","15331","52007","8725","27500","26863","49564","17429","75102","8277","36696","17903","75787","10502","75995","14343","73977","41534","4.6","(X)","(X)","(X)","(X)","(X)",
"1400000US06111007201","Census Tract 72.01, Ventura County, California","213","84","89","43","124","70","0.0","16.1","0.0","32.9","0.0","25.6","30.5","22.0","25.8","25.1","33.9","31.3","58.2","25.6","74.2","25.1","46.8","36.2","11.3","11.5","0.0","32.9","19.4","19.4","2342","119","1159","88","1183","99","0.7","0.9","0.3","0.6","1.1","1.6","2.7","1.6","3.8","2.7","1.6","1.4","14.1","3.8","7.0","3.7","21.1","6.3","23.7","4.7","26.3","6.8","21.0","7.0","8.2","3.1","9.2","4.5","7.1","4.4","26.6","5.4","26.6","7.2","26.6","7.3","24.1","5.0","26.8","6.2","21.4","6.9","96.6","1.9","95.9","2.7","97.3","2.5","50.7","6.7","53.4","8.0","48.0","9.5","190","105","93","86","97","74","100.0","17.8","100.0","31.9","100.0","31.0","60.5","28.0","52.7","45.4","68.0","34.2","327","79","161","57","166","51","100.0","10.8","100.0","20.6","100.0","20.1","49.5","19.3","46.0","28.2","53.0","22.7","1238","78","643","44","595","64","95.6","2.8","94.4","4.5","96.8","2.7","57.9","9.0","60.2","9.8","55.5","13.0","587","42","262","39","325","46","95.9","4.2","95.8","6.0","96.0","5.6","32.9","10.4","41.6","14.2","25.8","12.5","16.5","23.8","27.7","37.4","0.0","56.3","3.6","4.6","3.7","7.7","3.6","5.3","2.4","2.5","1.9","2.6","3.0","4.6","0.8","1.2","0.0","5.9","1.6","2.5","76250","21778","98892","16524","60481","38004","3229","66917","2,500-","***","-","**","74271","43689","87115","38964","21058","71065","40025","19144","40521","13934","31181","25049","93838","13924","110833","27945","92525","71227","121477","26865","138203","50700","68542","50186","1.6","(X)","(X)","(X)","(X)","(X)",
"1400000US06111007202","Census Tract 72.02, Ventura County, California","384","97","249","99","135","50","0.0","9.3","0.0","13.9","0.0","23.9","9.4","9.1","11.2","13.4","5.9","9.3","80.7","12.5","76.7","19.3","88.1","15.1","9.9","9.6","12.0","14.6","5.9","11.7","3346","178","1519","138","1827","134","2.7","2.3","0.0","2.4","5.0","4.2","0.8","0.7","1.0","1.1","0.7","1.1","8.8","2.5","6.8","3.3","10.5","4.5","19.3","5.1","14.6","6.0","23.3","7.7","10.0","3.3","10.1","5.7","9.9","3.6","39.0","5.6","42.2","9.2","36.3","6.6","19.3","4.7","25.3","7.3","14.4","5.2","96.5","2.2","99.0","1.1","94.4","3.7","58.3","5.8","67.5","8.6","50.7","7.4","309","102","150","88","159","75","100.0","11.4","100.0","21.9","100.0","20.8","48.9","21.9","35.3","30.0","61.6","31.6","347","86","185","51","162","65","100.0","10.2","100.0","18.2","100.0","20.5","62.2","19.7","58.4","24.6","66.7","22.1","1755","133","827","110","928","77","99.5","0.8","99.0","1.6","100.0","4.0","66.2","6.9","72.3","9.8","60.7","9.3","935","118","357","82","578","104","88.2","6.8","98.0","3.1","82.2","10.9","45.3","9.8","74.5","12.2","27.3","13.1","66.1","36.3","0.0","82.3","75.7","37.1","2.7","4.3","0.0","29.4","4.2","6.7","2.2","2.0","0.0","9.5","3.6","3.3","0.4","0.6","0.7","1.1","0.0","4.0","72115","12884","107167","31661","56500","9107","-","**","-","**","-","**","43828","47784","65000","9731","15096","22836","41500","25859","49792","44402","40125","25054","91875","47541","114231","53820","56400","9936","107604","50888","131750","37417","74737","11137","1.8","(X)","(X)","(X)","(X)","(X)",
"1400000US06111007300","Census Tract 73, Ventura County, California","57","47","46","44","11","16","0.0","42.2","0.0","47.0","0.0","96.0","57.9","39.1","71.7","37.3","0.0","96.0","28.1","31.3","10.9","19.3","100.0","96.0","14.0","24.0","17.4","30.2","0.0","96.0","1316","170","692","105","624","95","0.9","1.6","0.0","5.3","1.9","3.3","1.8","1.8","3.5","3.3","0.0","5.8","16.5","5.7","15.9","8.4","17.1","7.3","20.6","6.4","21.8","10.0","19.2","8.1","1.6","1.4","1.2","1.6","2.1","2.5","34.1","7.4","28.2","8.8","40.7","10.9","24.5","6.7","29.5","10.1","18.9","6.3","97.3","2.5","96.5","3.3","98.1","3.3","58.6","8.0","57.7","11.4","59.6","10.4","140","117","76","79","64","53","100.0","23.2","100.0","36.4","100.0","39.8","80.7","20.0","64.5","29.4","100.0","39.8","127","63","31","29","96","54","100.0","25.1","100.0","57.2","100.0","31.2","37.8","24.7","16.1","27.5","44.8","31.5","715","108","394","73","321","67","96.1","4.1","95.9","4.6","96.3","6.2","57.2","12.7","55.6","15.0","59.2","16.0","334","56","191","52","143","39","97.6","4.0","95.8","7.2","100.0","22.8","60.2","9.8","66.0","15.5","52.4","15.9","0.0","53.1","0.0","65.0","0.0","92.0","6.9","10.6","0.0","28.2","14.0","20.0","11.6","9.7","21.4","16.0","0.0","24.2","3.4","3.8","0.0","9.0","7.0","7.9","71094","30225","80391","19005","52845","34228","57500","67579","36000","130033","-","**","79231","53618","85556","25161","23846","129389","43295","16294","44830","21882","32614","4599","63839","40679","76500","120124","54871","25693","104750","114200","211310","104936","21705","40638","7.9","(X)","(X)","(X)","(X)","(X)",
"1400000US06111007402","Census Tract 74.02, Ventura County, California","380","169","191","84","189","118","15.3","13.5","19.9","20.2","10.6","16.9","12.1","11.3","24.1","20.3","0.0","17.9","51.3","21.4","37.7","27.2","65.1","26.5","21.3","25.1","18.3","23.8","24.3","27.6","4473","310","2042","190","2431","184","0.0","0.8","0.0","1.8","0.0","1.5","1.4","1.2","1.4","1.5","1.4","1.4","17.1","3.6","8.2","3.8","24.6","5.7","22.0","4.7","18.0","6.7","25.3","6.5","2.6","1.5","2.2","2.1","2.9","2.2","34.9","5.7","37.4","7.6","32.7","7.1","22.1","4.6","32.8","7.7","13.0","4.9","98.6","1.2","98.6","1.5","98.6","1.4","56.9","4.7","70.2","7.4","45.7","6.6","416","198","147","92","269","153","100.0","8.6","100.0","22.3","100.0","13.0","57.2","17.7","58.5","34.5","56.5","28.4","440","140","156","73","284","108","100.0","8.2","100.0","21.2","100.0","12.4","60.7","20.0","84.0","20.5","47.9","24.2","2588","193","1273","148","1315","108","100.0","1.4","100.0","2.9","100.0","2.8","60.7","7.2","71.3","9.9","50.3","8.9","1029","113","466","114","563","79","93.9","5.3","93.8","6.8","94.0","6.3","45.8","10.6","66.3","12.7","28.8","12.8","0.0","41.8","0.0","59.2","0.0","59.2","5.2","5.7","13.2","18.4","2.9","4.5","5.6","4.0","8.3","8.6","4.1","3.6","4.0","3.0","3.4","3.2","4.7","3.8","80386","12389","112941","42142","50321","15706","-","**","-","**","-","**","59345","17794","55263","70952","61106","20178","50893","23544","95968","24998","37454","13580","83947","18144","139375","65335","43333","22501","133315","49786","166750","130625","88194","60811","2.9","(X)","(X)","(X)","(X)","(X)",
"1400000US06111007403","Census Tract 74.03, Ventura County, California","365","100","167","79","198","88","3.8","6.3","8.4","13.4","0.0","17.2","32.3","18.4","29.3","22.7","34.8","26.0","37.0","15.1","41.3","23.7","33.3","21.8","26.8","18.2","21.0","28.5","31.8","23.9","3781","187","1683","168","2098","110","1.1","0.9","0.0","2.2","2.0","1.7","2.1","1.5","1.5","1.9","2.5","2.7","8.6","3.2","7.6","4.5","9.4","4.4","18.9","5.2","18.2","7.3","19.5","6.1","9.9","3.4","7.7","4.3","11.6","4.7","35.6","5.0","40.1","9.0","32.0","6.8","23.8","4.9","24.9","7.2","22.9","6.7","96.8","1.6","98.5","1.9","95.4","3.0","59.4","6.9","65.0","10.3","54.9","7.2","433","169","232","94","201","90","100.0","8.3","100.0","14.9","100.0","16.9","65.6","18.2","57.8","24.8","74.6","19.5","849","153","351","106","498","93","91.5","6.7","96.3","6.4","88.2","11.8","66.5","16.1","68.4","20.5","65.3","17.5","1949","171","887","128","1062","109","98.7","1.4","98.5","2.3","98.9","1.8","55.6","7.7","61.2","12.3","50.8","8.5","550","139","213","77","337","95","95.5","5.7","100.0","16.1","92.6","9.7","56.9","15.8","83.1","16.4","40.4","18.4","33.6","39.0","0.0","62.5","42.7","44.2","16.3","19.6","0.0","25.0","26.9","29.1","9.8","7.4","3.7","5.6","13.9","10.6","3.1","2.9","2.9","3.1","3.3","3.1","75577","10301","100086","19064","64018","8629","49423","31310","106250","179636","24583","44002","38854","35811","62143","33001","29018","23924","62679","29778","69196","37118","39572","48372","65500","13641","88697","13614","58750","16947","113510","16788","156033","51772","92000","20813","1.1","(X)","(X)","(X)","(X)","(X)",
"1400000US06111007405","Census Tract 74.05, Ventura County, California","402","131","183","80","219","97","1.2","3.5","2.7","7.8","0.0","15.7","55.2","16.5","56.3","26.9","54.3","23.2","28.9","16.3","29.5","25.4","28.3","20.6","14.7","9.7","11.5","17.8","17.4","17.0","4459","202","2112","168","2347","133","1.5","1.3","0.6","0.9","2.3","2.1","2.8","1.6","4.0","3.1","1.8","1.9","9.4","4.0","7.6","3.3","10.9","6.3","20.4","4.4","16.9","6.5","23.6","5.8","8.9","3.4","8.3","4.0","9.5","5.0","31.0","6.6","32.5","7.6","29.6","7.7","26.0","5.7","30.1","7.7","22.4","6.4","95.7","2.0","95.5","3.3","95.9","2.5","57.0","7.2","62.6","8.5","51.9","8.1","437","224","237","124","200","122","99.8","0.6","100.0","14.6","99.5","1.3","43.0","26.4","51.5","28.6","33.0","31.9","1096","153","449","103","647","134","100.0","3.4","100.0","8.0","100.0","5.6","69.3","11.5","76.4","14.8","64.3","16.1","2362","131","1178","115","1184","82","97.0","2.6","95.1","5.0","99.0","1.6","62.9","8.4","66.9","12.4","58.9","8.9","564","97","248","64","316","72","78.5","11.4","84.7","13.2","73.7","17.8","19.5","10.3","28.2","17.7","12.7","11.6","14.1","24.0","13.5","24.4","14.6","27.7","12.5","11.6","16.1","20.4","10.2","14.4","5.8","6.9","11.3","15.5","2.1","3.1","2.8","2.2","1.6","2.4","4.0","3.8","69818","10833","100337","17846","51529","10536","30500","49937","31375","9660","2,500-","***","13981","27532","105170","135270","12769","8992","51732","10954","70000","24513","42371","17000","92738","19334","115162","25521","64830","25836","91103","17706","104286","10915","77699","14590","2.6","(X)","(X)","(X)","(X)","(X)",
"1400000US06111007406","Census Tract 74.06, Ventura County, California","192","79","69","76","123","60","18.2","18.6","26.1","47.1","13.8","20.7","25.0","32.4","69.6","52.1","0.0","25.8","34.4","29.1","4.3","15.0","51.2","30.7","22.4","20.1","0.0","38.3","35.0","29.0","1543","134","751","82","792","94","0.0","2.4","0.0","4.9","0.0","4.6","0.0","2.4","0.0","4.9","0.0","4.6","8.3","4.5","3.3","4.0","13.0","7.9","10.0","5.0","12.6","8.3","7.4","5.9","5.5","3.7","0.0","4.9","10.7","7.2","44.1","8.4","43.0","11.6","45.2","13.1","32.1","7.4","41.0","11.0","23.6","11.3","100.0","2.4","100.0","4.9","100.0","4.6","76.2","8.6","84.0","9.1","68.8","10.4","155","82","63","43","92","53","100.0","21.3","100.0","40.1","100.0","32.2","70.3","39.7","58.7","44.2","78.3","39.2","380","106","148","75","232","72","100.0","9.4","100.0","22.1","100.0","14.9","85.8","12.1","100.0","22.1","76.7","16.8","769","130","411","90","358","74","100.0","4.8","100.0","8.7","100.0","9.9","79.5","11.2","83.2","11.4","75.1","16.1","239","127","129","74","110","64","100.0","14.5","100.0","24.8","100.0","28.2","54.4","22.1","80.6","23.1","23.6","26.7","-","**","-","**","-","**","6.3","10.6","0.0","63.7","7.8","13.3","4.6","5.9","7.4","12.6","2.8","4.8","1.1","1.8","1.1","1.7","1.1","2.0","76809","13461","106270","15254","53889","14969","-","**","-","**","-","**","62697","64266","105764","29293","33553","40317","49844","69643","77105","82551","19881","63917","65298","32841","67083","84846","52656","31620","104875","33834","108288","19126","75526","8147","0.0","(X)","(X)","(X)","(X)","(X)",
"1400000US06111007505","Census Tract 75.05, Ventura County, California","368","144","192","75","176","95","12.0","13.0","17.2","22.1","6.3","11.3","11.7","12.6","0.0","17.7","24.4","26.8","69.0","19.3","68.8","29.2","69.3","28.7","7.3","9.4","14.1","20.0","0.0","19.1","2294","220","1103","136","1191","132","3.1","2.6","5.2","5.2","1.1","1.7","7.9","5.3","6.8","5.0","9.0","6.5","14.4","3.8","18.9","5.5","10.3","5.2","30.9","4.9","26.8","7.8","34.6","9.2","11.3","4.5","9.0","6.0","13.4","7.2","19.4","5.3","18.7","7.7","20.0","7.0","13.1","4.4","14.7","6.5","11.6","4.8","89.0","5.4","88.0","6.2","89.9","6.8","32.4","6.0","33.4","8.2","31.6","9.1","514","144","224","73","290","89","80.4","14.5","70.5","21.4","87.9","12.6","50.0","13.7","38.8","19.1","58.6","20.1","281","102","130","61","151","60","96.8","15.9","95.4","26.7","98.0","7.0","51.6","18.6","60.0","33.9","44.4","22.0","1021","118","508","89","513","74","93.3","4.6","97.6","3.1","89.1","8.4","16.3","8.3","19.1","11.9","13.5","9.5","478","67","241","65","237","52","84.5","11.1","80.1","19.0","89.0","11.6","36.8","12.9","44.0","21.0","29.5","17.1","0.0","13.8","0.0","24.4","0.0","26.3","10.3","10.5","11.5","11.7","8.1","12.7","1.9","2.6","2.0","3.9","1.7","3.1","0.0","4.9","0.0","9.7","0.0","9.5","46223","4210","60259","11555","42857","12500","25885","17306","25573","20864","35357","34766","31458","11811","35486","15586","28882","21198","53050","9885","62391","12113","46367","7788","36731","22693","66058","39940","25729","22348","83578","15245","90114","31615","72500","38428","3.6","(X)","(X)","(X)","(X)","(X)",
"1400000US06111007506","Census Tract 75.06, Ventura County, California","645","185","230","121","415","156","8.2","8.9","0.0","15.0","12.8","12.9","30.4","13.9","28.7","23.5","31.3","18.5","55.7","16.0","55.2","22.7","55.9","21.7","5.7","6.1","16.1","15.2","0.0","8.6","4767","245","2199","173","2568","203","1.1","1.1","0.2","0.5","1.9","2.0","2.3","1.4","1.9","1.8","2.6","2.0","23.4","5.8","25.7","8.2","21.3","5.9","25.9","5.8","22.1","6.9","29.2","7.2","11.0","3.4","12.7","5.1","9.6","4.1","22.9","5.0","23.1","6.5","22.7","7.6","13.4","3.5","14.2","4.9","12.7","4.6","96.6","1.6","97.9","1.8","95.5","2.4","36.3","6.0","37.3","8.2","35.4","7.3","672","286","196","100","476","254","100.0","5.4","100.0","17.3","100.0","7.6","51.6","14.5","27.6","26.6","61.6","14.8","1024","236","530","155","494","138","97.5","4.5","97.0","4.6","98.0","4.7","32.6","13.2","24.2","14.1","41.7","20.3","2341","205","1156","145","1185","120","96.6","2.5","98.4","2.4","94.9","4.4","39.4","8.5","46.7","11.5","32.2","9.3","730","96","317","64","413","86","92.3","6.2","96.5","5.9","89.1","9.9","17.4","11.2","30.9","16.9","7.0","8.3","5.6","6.7","10.9","24.8","3.5","7.8","3.6","5.0","7.1","9.7","0.0","6.6","0.7","1.0","0.0","4.8","1.2","1.8","0.0","2.1","0.0","4.5","0.0","4.0","47661","8954","85066","17232","35980","2531","47647","56870","-","**","48346","50916","35156","16697","59643","29196","17056","17964","43611","17513","83603","30403","35720","4551","51448","32306","94600","18227","40642","9729","63000","38401","128594","77884","46895","12352","5.0","(X)","(X)","(X)","(X)","(X)",
"1400000US06111007507","Census Tract 75.07, Ventura County, California","383","147","195","113","188","133","11.5","15.8","0.0","17.4","23.4","29.7","29.5","21.2","21.0","22.4","38.3","33.6","52.0","23.4","65.1","26.1","38.3","36.2","7.0","9.9","13.8","19.1","0.0","18.0","4550","251","2274","252","2276","117","1.0","1.2","1.4","2.1","0.5","1.0","4.0","2.4","1.9","1.9","6.2","4.1","12.9","4.2","10.8","5.3","15.0","5.4","19.4","4.2","19.7","6.6","19.2","5.5","6.6","2.6","6.9","4.1","6.4","3.4","33.8","6.8","28.9","7.1","38.8","8.8","22.2","4.1","30.4","6.3","14.0","5.2","95.0","2.7","96.7","3.0","93.3","4.3","56.1","6.7","59.4","8.3","52.8","8.5","432","236","319","212","113","83","97.2","5.8","96.2","8.0","100.0","27.6","42.6","30.1","26.6","31.7","87.6","21.7","1016","185","400","102","616","124","90.3","9.4","92.0","12.0","89.1","12.1","58.4","14.1","56.8","18.9","59.4","16.4","2387","245","1195","153","1192","134","97.7","2.0","100.0","3.1","95.4","4.0","61.9","7.1","72.2","9.3","51.5","9.9","715","121","360","83","355","77","91.5","6.9","91.4","10.1","91.5","8.8","41.5","13.8","48.6","16.6","34.4","15.5","0.0","15.2","0.0","36.7","0.0","21.6","0.0","6.2","0.0","14.1","0.0","10.4","0.0","3.1","0.0","6.0","0.0","6.2","0.6","0.9","1.1","1.8","0.0","3.1","91007","18400","102041","4641","53506","22067","31458","127517","93281","74551","2,500-","***","31724","43867","32000","67131","31429","31376","50729","36027","59833","42948","49095","38544","101068","13795","117750","26794","54440","29818","143083","38163","163284","33172","106023","51539","3.1","(X)","(X)","(X)","(X)","(X)",
"1400000US06111007508","Census Tract 75.08, Ventura County, California","243","82","127","74","116","70","9.5","9.2","11.8","13.1","6.9","12.5","13.6","11.4","17.3","16.3","9.5","13.8","72.4","17.0","66.9","21.4","78.4","22.7","4.5","7.9","3.9","7.0","5.2","9.9","2562","146","1210","125","1352","79","0.8","1.0","0.4","0.7","1.2","1.8","3.2","1.9","2.1","1.9","4.1","3.7","13.7","3.9","10.9","5.2","16.3","5.9","24.9","5.1","25.0","8.1","24.8","5.8","8.9","3.7","5.8","3.8","11.6","5.4","27.6","6.5","30.0","7.6","25.5","8.3","20.9","5.8","25.8","9.7","16.5","5.7","96.0","2.0","97.4","2.1","94.7","3.9","48.5","7.4","55.8","9.3","42.0","8.4","383","147","254","117","129","56","100.0","9.3","100.0","13.7","100.0","24.8","55.6","17.0","50.8","19.7","65.1","24.1","418","106","187","76","231","54","93.3","9.9","95.7","7.3","91.3","14.9","63.2","22.3","67.4","24.0","59.7","27.4","1191","94","535","55","656","60","97.3","2.7","99.1","1.6","95.9","4.5","46.0","11.2","55.0","14.2","38.7","11.7","570","91","234","61","336","58","92.5","4.7","92.3","8.2","92.6","7.7","38.2","12.4","53.8","18.3","27.4","14.7","7.8","11.8","25.8","40.3","0.0","37.5","0.0","10.1","0.0","24.4","0.0","15.6","6.7","5.1","1.1","2.0","11.0","8.6","0.6","0.9","1.0","1.7","0.0","6.4","53226","8233","74821","19556","41406","6478","37625","61933","-","**","-","**","29938","8960","35789","11635","29300","22584","47379","16033","36818","27968","48523","12107","53922","11444","81907","34261","26923","27414","85625","27282","113393","70291","70938","43466","6.3","(X)","(X)","(X)","(X)","(X)",
"1400000US06111007509","Census Tract 75.09, Ventura County, California","443","210","180","99","263","148","9.3","10.2","6.7","11.3","11.0","17.3","26.0","12.7","55.6","27.6","5.7","8.9","30.9","19.4","30.6","24.3","31.2","25.0","33.9","19.8","7.2","12.9","52.1","28.5","2846","233","1423","235","1423","118","1.2","1.4","1.3","1.4","1.1","1.4","1.0","1.2","0.6","1.0","1.3","1.5","9.2","3.7","5.1","4.7","13.4","5.6","17.5","5.6","16.7","6.4","18.3","7.2","9.9","4.2","7.2","6.3","12.6","5.3","34.2","7.3","43.6","10.7","24.8","8.5","27.0","8.0","25.5","10.3","28.4","9.2","97.8","1.8","98.1","1.7","97.5","2.0","61.2","6.7","69.1","8.2","53.2","8.0","567","291","341","252","226","105","100.0","6.4","100.0","10.4","100.0","15.2","72.8","16.4","78.3","16.1","64.6","29.2","768","160","328","110","440","87","97.1","4.3","98.2","4.3","96.4","4.9","52.6","12.8","69.5","16.5","40.0","14.6","1262","158","644","117","618","109","96.8","3.7","96.7","4.0","96.9","4.1","62.5","10.1","67.9","13.1","57.0","13.0","249","67","110","54","139","33","100.0","13.9","100.0","28.2","100.0","23.3","54.2","19.5","47.3","24.6","59.7","21.3","30.6","44.3","33.3","50.8","28.6","41.2","0.0","13.3","0.0","37.5","0.0","17.7","0.0","4.7","0.0","10.4","0.0","8.2","0.0","2.1","0.0","3.7","0.0","4.8","56250","20648","77315","20981","40000","15121","14063","13670","13438","15288","15750","13545","30000","13372","19844","157941","30104","13552","65078","34163","74122","19444","48318","12160","61250","32632","85048","38617","45375","21474","81146","22637","93343","5515","62788","53885","3.8","(X)","(X)","(X)","(X)","(X)",
"1400000US06111007510","Census Tract 75.10, Ventura County, California","400","121","205","83","195","69","9.3","7.5","18.0","14.8","0.0","17.4","33.0","15.6","30.2","21.2","35.9","25.7","33.3","12.6","28.3","17.1","38.5","21.7","24.5","13.4","23.4","19.3","25.6","19.9","4123","246","1968","175","2155","122","0.7","1.0","0.9","1.1","0.6","0.9","0.0","0.9","0.0","1.9","0.0","1.7","7.6","2.9","6.9","3.9","8.2","3.6","14.4","4.8","12.1","5.9","16.5","5.5","7.6","2.5","4.7","2.5","10.2","4.3","38.4","5.4","36.8","7.7","39.9","6.2","31.4","5.8","38.7","8.1","24.7","6.8","99.3","1.0","99.1","1.1","99.4","0.9","69.8","4.9","75.5","6.5","64.5","5.8","584","175","244","133","340","93","100.0","6.2","100.0","14.2","100.0","10.4","86.6","13.6","68.0","27.2","100.0","10.4","864","167","338","107","526","131","99.5","0.8","98.8","2.0","100.0","6.9","79.7","9.0","95.3","3.8","69.8","14.1","2003","193","1047","94","956","145","100.0","1.9","100.0","3.5","100.0","3.8","66.9","7.8","76.1","9.1","56.9","10.1","672","65","339","66","333","68","96.3","6.1","96.2","6.2","96.4","6.2","50.6","13.5","59.0","16.1","42.0","18.3","0.0","63.7","0.0","88.4","0.0","92.0","5.5","9.0","0.0","24.4","9.6","15.1","0.8","1.3","0.0","10.8","1.2","2.1","3.0","3.0","0.0","2.5","6.2","6.0","71017","19093","106226","18913","38056","15136","-","**","-","**","-","**","31184","25485","32500","36705","31184","50647","58966","5616","128146","78173","40313","33515","70378","29153","101414","3905","34750","22743","115110","29266","146324","31023","44191","38325","3.8","(X)","(X)","(X)","(X)","(X)",
"1400000US06111007511","Census Tract 75.11, Ventura County, California","147","86","102","63","45","40","8.2","12.8","11.8","19.7","0.0","47.5","10.9","18.3","15.7","24.9","0.0","47.5","32.0","19.0","33.3","24.4","28.9","43.8","49.0","27.1","39.2","26.7","71.1","43.8","1672","205","804","79","868","161","2.2","1.9","0.0","4.6","4.3","3.6","3.2","3.9","6.1","8.0","0.6","1.0","14.0","6.3","13.4","7.7","14.5","9.4","14.8","6.1","23.3","9.3","6.9","5.6","7.1","5.2","4.5","4.6","9.6","7.4","38.5","9.0","30.2","12.4","46.2","9.8","20.2","8.3","22.5","9.1","18.0","9.6","94.6","4.2","93.9","8.0","95.2","4.0","58.7","8.5","52.7","12.4","64.2","8.7","156","96","66","51","90","56","100.0","21.2","100.0","39.2","100.0","32.7","23.1","25.2","19.7","30.2","25.6","26.1","319","143","145","78","174","73","84.6","17.2","66.2","38.0","100.0","19.3","64.3","12.6","29.0","22.7","93.7","8.8","926","97","452","66","474","101","99.5","1.0","100.0","8.0","98.9","1.9","62.3","12.8","62.2","17.8","62.4","16.6","271","57","141","43","130","45","86.3","11.0","100.0","23.1","71.5","23.6","60.1","20.9","62.4","27.1","57.7","25.1","23.1","39.7","0.0","45.5","50.0","50.0","8.5","13.1","18.5","25.2","0.0","25.3","5.2","7.1","8.5","12.0","0.0","22.8","0.6","1.2","0.0","8.5","1.1","2.1","54881","16884","98125","45937","31215","16359","-","**","-","**","-","**","28929","22468","47760","33048","7096","33439","56597","36435","89545","62369","22467","35448","68000","43059","221016","104228","31152","38192","61750","53153","107813","66494","52679","15142","4.4","(X)","(X)","(X)","(X)","(X)",
"1400000US06111007512","Census Tract 75.12, Ventura County, California","418","140","206","85","212","131","33.7","15.9","43.7","28.7","24.1","19.6","34.9","21.2","34.0","24.4","35.8","35.5","19.6","16.2","4.9","8.2","34.0","22.4","11.7","11.8","17.5","19.2","6.1","12.1","3376","260","1744","155","1632","189","0.3","0.5","0.0","2.1","0.7","1.1","4.5","2.1","5.2","3.3","3.7","2.5","13.7","4.5","15.4","5.6","11.9","5.0","30.1","7.0","30.6","8.8","29.6","9.6","12.4","4.1","10.0","5.1","14.9","6.4","25.5","5.1","26.3","7.2","24.7","8.1","13.5","4.9","12.6","5.8","14.6","5.7","95.2","2.2","94.8","3.3","95.6","2.9","39.0","5.6","38.8","7.7","39.3","8.0","563","174","335","111","228","97","100.0","6.4","100.0","10.6","100.0","15.1","38.4","19.1","41.8","21.1","33.3","22.2","848","186","355","101","493","135","95.9","4.5","93.8","6.4","97.4","3.8","48.6","14.6","61.7","22.0","39.1","15.0","1637","143","899","121","738","75","96.4","3.5","95.0","6.0","98.1","3.0","38.9","7.0","32.5","11.8","46.7","12.3","328","92","155","56","173","78","79.3","13.2","84.5","16.8","74.6","26.1","16.2","15.3","16.8","18.1","15.6","17.4","6.8","11.2","0.0","32.4","15.5","23.9","13.4","10.6","23.1","17.1","0.0","17.5","4.5","4.2","2.8","4.2","6.1","7.3","4.5","4.9","1.9","2.9","7.2","9.8","64978","13057","87035","22178","47691","6196","53207","26086","53940","1147","30089","22881","41473","17619","41830","24150","36500","25529","61538","15940","102061","6856","37154","10590","87069","17514","92614","19933","86518","43586","79922","16131","100167","70868","71364","21244","2.3","(X)","(X)","(X)","(X)","(X)",
"1400000US06111007513","Census Tract 75.13, Ventura County, California","68","55","41","34","27","31","0.0","38.6","0.0","49.7","0.0","61.3","42.6","40.9","41.5","38.2","44.4","55.6","57.4","40.9","58.5","38.2","55.6","55.6","0.0","38.6","0.0","49.7","0.0","61.3","1126","85","539","58","587","65","3.9","4.4","0.0","6.7","7.5","8.2","6.4","5.3","3.9","5.1","8.7","9.4","21.5","12.7","21.2","14.2","21.8","12.8","25.0","10.5","19.9","10.3","29.6","14.0","3.6","3.0","6.7","5.9","0.9","1.6","28.9","9.2","38.4","13.4","20.1","11.3","10.7","6.7","10.0","8.4","11.4","8.0","89.7","6.5","96.1","5.1","83.8","12.3","39.6","11.5","48.4","15.3","31.5","12.6","84","51","75","47","9","13","84.5","24.3","82.7","27.0","100.0","100.0","42.9","34.3","48.0","38.4","0.0","100.0","246","75","135","34","111","47","100.0","14.1","100.0","23.9","100.0","28.0","56.9","31.3","55.6","35.5","58.6","33.1","409","111","158","77","251","88","87.3","12.4","94.9","10.1","82.5","19.2","42.8","16.4","49.4","26.5","38.6","21.0","387","104","171","61","216","84","86.8","15.5","100.0","19.6","76.4","25.6","24.5","13.9","42.1","30.6","10.6","12.9","0.0","27.0","0.0","69.5","0.0","31.4","38.0","33.9","35.1","37.3","40.6","33.0","5.3","7.5","0.0","22.8","9.5","13.5","0.0","8.1","0.0","13.4","0.0","18.2","51713","13204","53421","25561","51065","6985","14519","6255","14519","6255","-","**","40387","7209","41280","37652","4559","42005","82730","28799","70625","54176","83553","11850","52961","17282","63309","77677","46375","19886","51750","20845","122813","136495","51417","24339","2.6","(X)","(X)","(X)","(X)","(X)",
"1400000US06111007514","Census Tract 75.14, Ventura County, California","697","234","394","192","303","159","3.0","4.8","5.3","8.7","0.0","11.6","33.0","20.3","44.7","29.1","17.8","13.7","52.9","20.0","36.3","23.5","74.6","18.0","11.0","11.2","13.7","17.2","7.6","10.0","4524","272","1936","221","2588","194","3.8","3.2","2.9","3.4","4.6","3.8","2.1","1.6","0.7","1.1","3.2","2.6","15.3","4.0","10.8","4.8","18.5","5.8","27.9","5.2","26.9","7.5","28.6","7.0","7.5","2.9","8.5","4.9","6.8","3.2","25.2","4.7","28.3","7.9","22.9","5.4","18.2","4.3","22.0","7.5","15.4","4.7","94.0","3.5","96.4","3.5","92.2","4.5","43.4","5.8","50.2","8.3","38.3","6.4","895","226","378","128","517","185","98.5","2.4","96.6","5.5","100.0","7.0","50.1","12.3","53.4","19.0","47.6","15.1","738","187","329","123","409","122","91.9","9.5","100.0","10.8","85.3","16.5","50.4","16.5","68.4","20.0","35.9","17.0","1793","169","890","124","903","112","99.3","1.3","100.0","4.1","98.6","2.5","46.3","9.8","49.8","14.0","43.0","12.3","1098","138","339","84","759","120","83.2","12.6","83.5","18.8","83.1","11.2","28.3","9.0","30.1","15.6","27.5","10.5","21.1","24.9","0.0","38.3","28.4","29.6","14.5","12.9","21.4","30.5","11.5","13.3","3.5","2.7","4.4","4.7","2.8","3.2","3.0","3.9","6.1","7.6","0.0","3.7","63017","7137","85099","24565","47772","5707","19375","72125","-","**","18359","130889","30559","12022","41771","70494","19886","16013","60833","6801","63942","7476","57582","9291","65703","12155","76250","36182","48611","8680","92120","17280","107768","25887","38313","17703","2.3","(X)","(X)","(X)","(X)","(X)",
"1400000US06111007606","Census Tract 76.06, Ventura County, California","111","46","39","32","72","45","0.0","28.0","0.0","51.0","0.0","37.5","74.8","20.5","56.4","40.2","84.7","22.8","20.7","20.2","43.6","40.2","8.3","19.1","4.5","7.4","0.0","51.0","6.9","11.9","974","103","516","58","458","56","9.0","4.8","7.6","5.5","10.7","7.1","4.3","3.4","1.9","3.6","7.0","6.9","16.6","7.7","10.7","7.7","23.4","10.0","22.6","6.4","36.4","10.3","7.0","4.8","3.9","2.8","1.4","2.1","6.8","5.9","25.6","8.5","18.8","10.4","33.2","12.4","18.0","7.6","23.3","8.6","12.0","8.9","86.7","6.8","90.5","6.6","82.3","11.4","43.5","11.5","42.1","13.2","45.2","12.9","184","64","116","40","68","41","91.8","12.2","100.0","27.0","77.9","32.9","16.8","18.7","10.3","17.6","27.9","35.4","149","53","59","30","90","29","90.6","10.0","100.0","41.5","84.4","16.3","65.1","25.4","50.8","38.7","74.4","23.0","458","75","265","60","193","34","89.5","7.3","85.7","10.3","94.8","8.1","50.7","10.8","49.1","12.2","52.8","16.4","183","68","76","46","107","32","71.0","17.9","85.5","21.2","60.7","24.6","35.0","17.4","59.2","27.1","17.8","14.7","6.9","11.1","18.4","26.0","0.0","35.0","13.6","13.4","21.8","29.0","9.3","13.6","1.2","2.9","0.0","17.4","4.8","13.0","0.0","8.5","0.0","15.8","0.0","16.5","41779","27500","54472","46824","31111","16596","28603","11809","83438","96462","19583","14648","38571","1521","39083","1736","37981","32590","32315","11915","39375","29997","19722","24662","65625","88467","108393","128465","26994","54011","119688","93707","161016","68805","99306","78207","9.1","(X)","(X)","(X)","(X)","(X)",
"1400000US06111007607","Census Tract 76.07, Ventura County, California","560","143","229","91","331","107","5.9","8.3","0.0","15.1","10.0","14.6","15.4","9.3","18.3","16.2","13.3","11.6","73.6","10.5","81.7","16.2","68.0","16.2","5.2","5.4","0.0","15.1","8.8","8.5","3877","201","1766","141","2111","191","0.6","0.8","0.0","2.1","1.2","1.4","2.0","1.6","3.1","2.9","1.2","1.3","9.4","3.2","7.3","3.1","11.1","4.8","24.9","5.0","24.1","6.3","25.6","6.2","9.9","3.0","5.3","3.2","13.7","5.1","34.4","5.2","41.6","7.6","28.4","6.2","18.8","4.3","18.6","6.2","18.9","5.8","97.3","1.8","96.9","2.9","97.6","1.9","53.1","5.3","60.2","7.1","47.2","6.8","358","125","142","66","216","86","94.4","6.5","95.1","8.2","94.0","9.4","61.7","17.7","79.6","18.1","50.0","21.9","718","136","273","69","445","94","96.7","5.1","95.6","6.7","97.3","4.2","38.6","10.9","54.9","21.7","28.5","13.1","2305","145","1071","110","1234","130","97.9","2.2","96.7","4.2","98.9","1.8","56.3","8.3","58.5","10.8","54.5","9.9","496","134","280","86","216","94","97.6","3.9","100.0","12.5","94.4","9.6","53.2","15.1","62.1","16.9","41.7","25.1","0.0","29.4","0.0","43.3","0.0","45.1","0.0","9.8","0.0","24.8","0.0","14.8","2.1","2.1","1.5","2.8","2.4","2.9","0.9","1.1","0.0","3.5","1.9","2.2","56773","14431","79551","17493","36332","11221","31157","27712","31759","52853","-","**","47600","27974","60703","27597","33125","16571","37596","7812","51821","8599","29167","6167","79917","12253","107841","32485","52862","26587","94818","15061","107875","28176","92656","34549","1.8","(X)","(X)","(X)","(X)","(X)",
"1400000US06111007609","Census Tract 76.09, Ventura County, California","224","78","117","62","107","53","11.6","13.3","17.9","25.2","4.7","9.6","11.2","9.9","14.5","17.1","7.5","11.9","66.5","17.6","67.5","24.9","65.4","26.3","10.7","10.2","0.0","26.9","22.4","20.4","1697","114","851","96","846","81","3.5","3.1","1.5","1.7","5.6","4.8","0.6","1.1","1.3","2.3","0.0","4.3","8.1","5.3","4.9","4.7","11.2","7.5","19.2","5.4","20.6","7.2","17.8","8.1","11.6","4.4","10.3","6.8","12.9","7.0","35.9","7.8","29.3","11.4","42.6","8.7","21.0","6.9","32.1","11.5","9.9","5.3","95.8","3.0","97.2","2.4","94.4","4.8","56.9","8.1","61.3","12.7","52.5","10.2","296","132","129","84","167","87","94.6","6.2","100.0","24.8","90.4","10.6","42.9","22.2","25.6","22.8","56.3","28.0","297","79","184","55","113","50","96.3","6.6","94.0","11.1","100.0","27.6","49.5","17.2","53.3","23.8","43.4","26.6","936","88","452","49","484","75","98.6","1.6","100.0","8.0","97.3","3.1","64.9","9.1","71.7","12.1","58.5","12.3","168","59","86","36","82","36","81.5","19.9","84.9","17.2","78.0","30.8","50.6","17.2","77.9","20.3","22.0","20.7","0.0","37.8","0.0","65.0","0.0","46.5","0.0","23.6","0.0","49.2","0.0","31.4","0.0","6.9","0.0","13.3","0.0","13.4","0.0","3.8","0.0","6.9","0.0","8.1","68672","11614","105755","16642","36949","7804","-","**","-","**","-","**","41339","29699","105500","47140","30893","7150","42578","10148","64375","44481","24808","27611","68906","17041","119135","29743","55441","27576","112934","7072","114209","3190","63056","50934","4.1","(X)","(X)","(X)","(X)","(X)",
"1400000US06111007610","Census Tract 76.10, Ventura County, California","552","158","309","168","243","125","7.2","7.6","4.2","7.2","11.1","14.4","26.3","19.6","23.0","25.3","30.5","26.8","66.5","20.9","72.8","27.0","58.4","26.8","0.0","6.6","0.0","11.4","0.0","14.3","3312","172","1657","153","1655","129","2.2","2.2","3.0","2.7","1.3","2.1","1.8","1.3","2.1","1.9","1.5","1.7","16.1","4.4","14.2","6.6","17.9","6.1","27.6","6.3","26.2","8.0","29.1","8.3","11.8","4.3","10.4","5.1","13.3","6.5","25.9","6.3","27.5","8.3","24.4","7.3","14.6","4.5","16.6","6.5","12.5","4.8","96.0","2.4","94.9","3.0","97.2","2.6","40.5","7.0","44.1","8.9","36.9","7.8","461","150","189","86","272","104","100.0","7.8","100.0","17.9","100.0","12.9","55.3","15.6","50.3","24.3","58.8","21.2","749","166","384","117","365","117","95.5","5.2","96.9","5.2","94.0","9.0","49.5","15.9","49.7","19.0","49.3","19.3","1594","183","868","120","726","124","96.4","2.8","93.4","5.1","100.0","5.0","41.6","9.1","45.2","11.5","37.3","11.8","508","151","216","85","292","102","92.1","7.1","92.6","10.6","91.8","9.6","10.2","8.6","24.1","19.5","0.0","12.0","1.5","3.4","2.4","5.0","0.0","47.0","0.0","6.8","0.0","14.7","0.0","11.8","0.8","1.1","0.0","6.0","1.4","2.1","0.1","0.3","0.3","0.6","0.0","5.9","55462","5467","67083","31646","49297","8006","50972","8806","50972","8806","-","**","29688","72012","100921","91759","21118","6814","45417","8743","52286","11917","41821","10542","65978","26137","93642","13340","58110","7723","75820","32336","104500","93499","69732","24922","2.3","(X)","(X)","(X)","(X)","(X)",
"1400000US06111007611","Census Tract 76.11, Ventura County, California","595","196","335","134","260","104","15.3","9.5","24.5","17.3","3.5","7.2","38.8","9.4","41.2","20.4","35.8","18.5","45.2","12.3","34.3","21.6","59.2","19.7","0.7","1.1","0.0","10.6","1.5","2.6","2563","293","1224","172","1339","186","30.4","7.4","27.9","8.5","32.7","8.7","10.2","4.9","10.2","5.6","10.2","5.8","19.2","5.5","21.3","8.6","17.3","7.3","23.9","5.6","22.8","7.8","24.9","8.9","3.4","2.2","0.0","3.0","6.6","4.2","12.8","6.2","17.7","10.6","8.4","6.3","0.0","1.5","0.0","3.0","0.0","2.8","59.4","7.1","61.8","7.0","57.1","10.0","12.8","6.2","17.7","10.6","8.4","6.3","947","227","446","138","501","185","76.5","12.1","74.2","13.9","78.4","13.7","18.9","13.7","35.0","26.7","4.6","5.1","554","144","260","89","294","110","45.3","18.6","45.4","26.7","45.2","17.2","7.4","5.7","11.2","10.7","4.1","8.1","846","141","409","95","437","87","50.1","13.1","59.7","16.1","41.2","20.2","12.9","12.5","7.8","10.4","17.6","16.3","216","64","109","50","107","45","56.9","34.1","58.7","33.9","55.1","44.5","0.0","15.9","0.0","28.4","0.0","28.8","32.3","14.8","26.1","17.3","37.3","15.8","3.9","5.0","4.2","6.9","3.4","7.3","11.6","11.9","14.0","22.1","10.0","12.5","0.0","10.8","0.0","15.8","0.0","27.8","28318","11971","32882","4339","18291","6046","20202","2846","22445","10735","16129","5348","32724","14307","37438","8221","19450","22619","31683","13249","36333","27359","30807","21905","34151","7493","34696","11668","6364","84902","-","**","-","**","-","**","3.6","(X)","(X)","(X)","(X)","(X)",
"1400000US06111007612","Census Tract 76.12, Ventura County, California","475","169","210","117","265","136","0.0","7.6","0.0","16.3","0.0","13.2","37.3","20.9","31.9","36.5","41.5","24.6","57.5","20.9","56.2","39.0","58.5","24.6","5.3","6.7","11.9","13.7","0.0","13.2","2893","430","1289","259","1604","237","5.2","3.6","8.3","6.8","2.6","2.6","9.3","4.0","9.0","6.5","9.5","6.0","30.3","7.0","19.2","9.1","39.2","10.4","21.3","6.0","17.9","9.0","23.9","8.4","14.5","5.1","15.9","7.6","13.3","6.5","14.1","5.0","25.1","9.2","5.3","4.6","5.4","3.7","4.5","4.2","6.1","5.0","85.6","5.6","82.7","9.1","87.9","5.8","19.5","6.1","29.6","9.5","11.4","7.7","759","268","308","133","451","189","97.0","3.9","94.2","7.9","98.9","2.1","21.3","13.9","27.3","19.1","17.3","18.1","557","176","239","90","318","122","71.3","14.4","58.6","26.2","80.8","19.9","20.1","16.5","31.4","23.2","11.6","13.0","1265","395","632","221","633","207","87.2","10.9","86.9","11.7","87.5","11.1","20.1","6.6","30.5","13.5","9.6","11.3","312","94","110","55","202","64","76.9","19.9","79.1","25.3","75.7","19.0","11.9","11.8","27.3","28.5","3.5","5.6","7.5","6.6","3.6","6.1","11.9","11.5","12.4","10.1","3.6","6.2","15.9","12.8","7.3","5.6","7.6","7.1","7.0","5.6","0.0","6.4","0.0","9.3","0.0","18.4","41338","13866","48922","10634","27000","10764","29792","30810","45417","29608","26250","25893","26779","12573","53244","17420","19458","7238","48000","19043","61630","33271","40789","40728","44500","16719","46250","24641","31339","10138","97188","21264","95813","9119","106447","74815","4.0","(X)","(X)","(X)","(X)","(X)",
"1400000US06111007613","Census Tract 76.13, Ventura County, California","95","71","13","22","82","66","0.0","31.4","0.0","88.4","0.0","34.7","24.2","27.2","100.0","88.4","12.2","23.6","40.0","38.6","0.0","88.4","46.3","44.2","35.8","40.8","0.0","88.4","41.5","45.6","2419","183","1158","126","1261","123","4.1","3.9","6.2","7.4","2.1","2.7","4.3","2.4","8.2","5.3","0.6","1.2","15.1","6.0","11.7","7.4","18.3","7.8","24.9","7.4","22.9","8.5","26.7","9.0","7.5","3.5","7.9","4.6","7.1","4.3","27.1","7.0","22.2","7.4","31.6","10.1","17.1","5.0","20.9","6.1","13.6","6.3","91.7","4.1","85.6","8.3","97.3","3.6","44.2","8.5","43.1","9.6","45.2","11.0","271","122","133","93","138","72","100.0","12.9","100.0","24.2","100.0","23.5","53.1","18.7","56.4","22.9","50.0","29.0","798","132","437","100","361","81","83.2","10.4","71.2","19.6","97.8","4.5","34.0","11.0","29.5","15.8","39.3","15.0","1078","123","479","61","599","120","96.0","3.9","93.7","6.6","97.8","3.9","51.0","15.3","51.1","15.9","50.9","18.5","272","59","109","45","163","48","91.2","10.3","89.9","19.7","92.0","12.7","38.2","20.9","45.9","28.7","33.1","26.2","33.3","42.0","38.3","43.3","8.8","46.0","0.0","9.7","0.0","23.9","0.0","14.9","2.0","3.5","2.2","3.9","1.9","3.3","4.8","6.3","0.0","7.2","8.9","11.3","69250","8724","82090","13091","49745","11696","9795","57262","10000","73010","2,500-","***","51071","9009","80250","48119","39509","10498","37946","19925","44271","60969","36250","14587","100139","41401","130401","16199","74531","2193","94922","15519","102232","9417","78578","14750","2.1","(X)","(X)","(X)","(X)","(X)",
"1400000US06111007614","Census Tract 76.14, Ventura County, California","1088","244","706","238","382","144","4.0","3.8","6.1","5.9","0.0","9.3","34.5","15.1","43.9","19.4","17.0","14.3","50.6","14.3","43.8","16.0","63.1","22.2","11.0","8.5","6.2","6.9","19.9","19.5","4595","357","2367","296","2228","222","2.5","1.8","1.4","1.5","3.7","3.1","5.6","2.5","4.4","3.1","6.9","3.9","20.0","6.3","23.5","9.1","16.2","6.6","24.4","5.4","23.7","6.4","25.1","7.6","9.6","3.5","8.1","3.9","11.2","4.9","27.6","6.7","27.0","8.5","28.3","8.4","10.2","2.9","11.9","4.4","8.4","4.1","91.8","3.5","94.1","3.4","89.4","5.0","37.8","7.2","38.9","9.0","36.8","8.5","1014","338","584","324","430","166","96.8","4.1","100.0","6.2","92.6","9.4","46.1","18.9","33.4","19.4","63.3","25.5","1038","188","555","124","483","118","90.5","6.6","89.5","9.7","91.5","8.3","43.6","15.0","36.9","17.8","51.3","17.6","1892","175","945","116","947","97","93.8","4.1","92.4","5.3","95.2","4.6","35.4","7.6","39.2","11.7","31.6","10.5","651","174","283","91","368","116","80.3","11.5","96.8","5.4","67.7","18.2","23.0","11.9","53.0","21.5","0.0","9.7","6.1","8.1","5.8","9.2","6.3","11.4","0.9","1.5","0.0","6.5","2.2","3.7","1.9","2.1","4.0","4.4","0.0","4.5","2.1","3.2","0.0","4.0","4.4","6.6","50790","5583","54977","12751","36932","6814","44911","17280","51953","6701","30400","13421","43669","3169","43545","6317","44141","19938","38791","6651","44643","16598","36037","3898","55250","10898","66434","26216","22171","36286","90917","20410","118398","26259","62905","18671","3.5","(X)","(X)","(X)","(X)","(X)",
"1400000US06111007700","Census Tract 77, Ventura County, California","455","133","219","85","236","116","6.8","8.0","14.2","16.7","0.0","14.7","43.1","13.9","41.1","21.4","44.9","20.8","50.1","13.4","44.7","22.0","55.1","20.8","0.0","7.9","0.0","15.7","0.0","14.7","3925","280","1745","192","2180","183","8.1","4.2","7.6","3.9","8.6","6.5","7.3","3.4","5.7","4.1","8.5","3.6","27.3","5.2","33.2","8.0","22.5","5.7","19.8","5.3","15.9","5.8","22.9","6.6","9.0","2.9","4.8","2.8","12.3","4.6","18.8","3.8","21.6","6.1","16.6","4.1","9.8","3.7","11.2","5.0","8.6","3.9","84.6","5.1","86.7","5.1","82.9","6.9","28.6","4.9","32.8","6.5","25.2","5.2","930","244","432","138","498","130","82.3","12.2","88.0","10.4","77.3","18.4","24.3","10.2","22.0","12.4","26.3","11.5","921","158","487","114","434","93","87.7","8.2","84.4","12.1","91.5","8.4","43.9","14.0","49.7","16.1","37.3","16.1","1501","155","601","104","900","115","87.3","6.4","88.2","7.3","86.8","8.0","26.3","6.9","27.8","10.0","25.3","8.3","573","82","225","50","348","75","76.3","9.9","85.3","17.4","70.4","11.0","16.8","9.4","30.2","18.1","8.0","7.7","14.6","14.8","21.1","20.9","10.5","11.6","12.0","9.1","15.9","15.8","7.3","7.8","3.8","2.7","6.9","5.9","2.3","2.8","1.6","1.9","2.1","3.1","1.1","2.1","41396","7085","44353","9948","36341","6925","12107","17956","17083","24151","11750","22526","25946","4438","23864","13156","26629","10165","41042","8896","51765","8151","35944","8247","62344","23179","70100","18764","43295","28800","91250","6743","113214","46047","76875","25064","5.8","(X)","(X)","(X)","(X)","(X)",
"1400000US06111007800","Census Tract 78, Ventura County, California","424","151","166","81","258","101","34.0","18.5","21.7","24.1","41.9","19.5","22.4","13.1","34.3","26.3","14.7","12.5","34.9","15.8","44.0","26.4","29.1","20.5","8.7","7.2","0.0","20.1","14.3","11.9","2553","192","1241","179","1312","135","10.8","4.8","10.0","5.4","11.7","6.0","13.4","4.7","11.2","6.4","15.5","7.0","25.9","7.4","26.7","9.7","25.2","8.2","21.5","5.3","20.6","7.8","22.4","7.4","8.4","3.8","7.6","4.8","9.1","4.9","14.6","4.8","19.4","6.7","10.0","5.0","5.3","2.6","4.5","3.3","6.1","3.2","75.8","5.4","78.8","7.1","72.9","7.4","19.9","5.3","23.9","7.4","16.1","5.8","661","183","343","141","318","118","69.4","11.9","73.8","12.2","64.8","19.7","24.1","12.8","23.9","13.1","24.2","16.2","789","156","345","97","444","103","75.0","12.3","83.8","10.7","68.2","17.7","18.3","7.9","24.1","11.9","13.7","8.6","818","193","463","133","355","105","87.3","7.2","87.7","9.8","86.8","11.3","19.1","10.7","24.6","15.8","11.8","10.8","285","104","90","67","195","79","59.3","18.9","33.3","33.5","71.3","17.5","17.2","11.3","20.0","25.3","15.9","16.7","40.7","18.0","31.6","24.4","47.5","19.2","5.6","6.6","4.5","7.5","6.6","6.6","8.5","4.6","7.1","6.5","9.7","7.4","3.7","5.8","6.4","10.0","0.0","16.2","29803","5798","35581","8104","24549","6073","16442","6301","22174","8783","9967","8082","30357","16048","38412","37678","28512","7887","33068","8064","37465","9161","29412","9030","49219","24876","39940","46108","51875","50714","103214","31307","140625","71285","75938","36775","6.7","(X)","(X)","(X)","(X)","(X)",
"1400000US06111007901","Census Tract 79.01, Ventura County, California","829","200","482","207","347","118","34.9","16.0","33.0","20.3","37.5","17.8","20.5","11.3","14.9","11.2","28.2","19.3","37.2","13.7","43.4","17.5","28.5","15.4","7.5","6.2","8.7","7.8","5.8","10.1","3360","258","1577","167","1783","168","9.4","4.3","10.7","5.6","8.2","3.7","7.1","3.0","8.7","3.8","5.8","3.3","26.2","5.2","22.4","6.2","29.5","7.4","28.6","5.9","31.3","8.1","26.2","6.9","11.5","3.6","12.6","5.9","10.5","3.9","12.5","3.7","9.2","3.7","15.4","5.6","4.8","2.7","5.1","3.7","4.4","2.7","83.5","5.0","80.6","6.2","86.0","5.0","17.2","4.4","14.3","5.1","19.8","6.2","983","194","567","137","416","100","90.0","5.0","84.7","8.1","97.4","4.0","13.9","7.7","9.3","8.4","20.2","11.9","774","134","357","100","417","91","91.3","6.8","92.2","7.6","90.6","8.4","20.5","11.0","21.6","12.7","19.7","13.3","1290","180","526","90","764","131","76.3","10.2","73.0","13.4","78.5","9.5","18.8","7.4","13.3","8.6","22.5","10.3","313","75","127","37","186","61","72.8","14.4","61.4","21.3","80.6","17.3","13.1","8.5","20.5","16.2","8.1","10.0","5.9","6.2","9.8","10.5","1.2","3.0","4.8","3.9","0.0","10.1","8.0","6.5","1.4","2.2","1.4","2.5","1.4","2.0","0.0","6.3","0.0","15.2","0.0","10.1","39893","4400","46818","12972","37130","5970","23016","6410","24538","1817","15313","4454","31191","1650","31305","1202","30965","8106","50046","12628","55341","7668","40000","7264","67159","27318","87137","11739","61806","10204","82083","28489","103920","27152","80156","32970","3.2","(X)","(X)","(X)","(X)","(X)",
"1400000US06111007903","Census Tract 79.03, Ventura County, California","317","125","188","90","129","70","3.2","4.6","2.1","4.2","4.7","8.9","38.8","17.1","36.7","21.0","41.9","28.1","53.9","17.9","61.2","22.5","43.4","28.5","4.1","6.7","0.0","18.0","10.1","15.9","2978","160","1398","124","1580","106","2.1","1.5","3.4","2.7","0.9","1.3","1.8","1.7","0.4","0.7","3.0","3.1","16.6","4.4","14.2","6.1","18.7","5.9","24.8","4.5","24.0","6.9","25.5","5.6","8.8","3.2","12.0","5.6","6.0","3.4","32.8","6.8","34.3","9.6","31.5","7.1","13.1","3.8","11.7","4.5","14.4","5.3","96.1","2.1","96.2","2.5","96.1","3.7","45.9","7.0","46.0","9.6","45.8","7.9","476","138","218","81","258","96","93.9","9.1","100.0","15.7","88.8","16.1","43.1","20.0","40.4","24.1","45.3","24.0","768","124","359","72","409","66","99.6","1.1","99.2","2.3","100.0","8.8","68.2","12.5","66.9","14.4","69.4","14.4","1345","101","661","68","684","65","96.0","2.8","92.9","5.0","99.0","2.5","41.4","8.4","41.5","13.1","41.4","10.5","389","77","160","47","229","58","92.5","6.1","98.1","3.6","88.6","9.8","20.8","11.4","25.6","16.4","17.5","13.7","16.1","18.3","6.0","15.9","24.2","29.1","11.1","10.2","0.0","17.2","18.7","16.1","2.6","3.4","5.2","6.8","0.0","7.2","2.6","2.3","0.0","5.7","4.8","4.3","64554","3140","65240","14153","63387","9986","39871","22319","56458","72586","-","**","40045","21104","58393","35945","24038","19013","55944","15095","62031","10846","44155","11198","83029","9947","83940","10838","77461","10795","86016","34882","86875","31858","84402","53681","2.7","(X)","(X)","(X)","(X)","(X)",
"1400000US06111007904","Census Tract 79.04, Ventura County, California","527","167","351","128","176","90","27.7","11.5","41.6","15.5","0.0","19.1","15.6","9.9","14.0","9.6","18.8","22.3","56.7","12.2","44.4","14.3","81.3","22.3","0.0","6.9","0.0","10.1","0.0","19.1","4169","370","2035","245","2134","249","4.2","2.0","4.9","3.0","3.7","2.7","8.3","3.9","5.4","3.3","11.2","5.1","19.5","4.9","20.3","5.9","18.8","5.7","32.3","5.3","35.3","6.1","29.4","7.9","11.9","3.3","13.4","4.6","10.5","4.2","16.9","4.1","17.7","5.4","16.1","5.4","6.8","2.7","3.0","2.1","10.4","4.4","87.4","5.0","89.8","5.6","85.2","5.3","23.7","5.0","20.7","5.9","26.4","6.4","937","276","481","221","456","165","86.7","10.4","86.7","12.5","86.6","10.2","15.6","10.3","8.1","7.2","23.5","17.1","808","130","419","82","389","87","80.3","8.2","86.2","9.3","74.0","14.8","20.4","11.8","20.0","13.1","20.8","14.7","1772","195","859","96","913","131","92.1","6.3","92.9","6.8","91.3","6.4","27.5","6.8","24.6","9.1","30.2","8.8","652","58","276","52","376","71","84.7","9.7","90.9","9.4","80.1","13.0","28.8","11.0","31.9","16.1","26.6","12.7","14.5","14.3","14.0","17.4","14.9","14.9","0.9","2.0","1.7","4.0","0.0","9.0","3.4","2.6","2.6","3.6","4.2","4.0","1.0","1.8","0.0","8.5","1.8","3.1","43125","5833","48883","7127","31619","13235","21836","7211","22348","7342","21313","12698","42143","6682","44097","8528","30694","24837","45014","11122","59031","10984","25373","9922","51375","17306","76719","44897","49063","12724","57857","14827","22321","128335","60469","19474","3.7","(X)","(X)","(X)","(X)","(X)",
"1400000US06111008001","Census Tract 80.01, Ventura County, California","393","123","184","90","209","78","24.2","15.1","7.6","8.9","38.8","22.6","35.1","11.1","41.8","18.3","29.2","14.5","38.4","14.4","50.5","17.9","27.8","18.3","2.3","3.4","0.0","18.3","4.3","6.0","2145","208","995","136","1150","118","9.4","5.1","11.1","6.2","7.9","5.7","9.8","6.0","14.1","8.3","6.2","4.9","23.0","4.1","18.8","6.2","26.6","6.3","24.0","5.6","25.3","6.9","22.9","7.6","11.2","3.7","8.0","4.5","13.9","5.6","16.1","7.2","14.5","6.8","17.6","8.7","6.5","2.8","8.2","4.5","5.0","3.7","80.8","6.7","74.9","9.0","85.9","6.7","22.6","7.0","22.7","6.9","22.5","8.9","449","173","190","85","259","107","96.9","4.3","93.7","9.6","99.2","1.6","31.4","16.5","19.5","20.0","40.2","17.1","518","127","246","78","272","84","85.3","8.3","85.4","11.5","85.3","9.8","22.2","9.4","25.2","13.6","19.5","14.9","894","131","424","92","470","70","67.4","13.7","57.1","17.7","76.8","12.7","19.9","8.9","21.7","12.3","18.3","8.8","284","57","135","37","149","49","89.1","9.1","85.2","15.0","92.6","11.6","18.0","12.8","25.9","16.7","10.7","12.6","0.5","1.0","0.0","13.9","1.2","2.6","20.5","9.0","11.2","12.5","26.1","13.0","9.7","6.2","8.1","8.3","10.9","9.8","3.1","4.2","0.0","15.2","5.8","8.0","49527","4070","60417","11424","44861","8491","33490","1600","34115","4568","20000","27610","46875","6745","61786","13276","34063","8440","53013","8737","67266","11199","46635","11374","66146","21051","75648","40833","65417","21299","103750","17354","113750","7271","37625","61111","3.5","(X)","(X)","(X)","(X)","(X)",
"1400000US06111008002","Census Tract 80.02, Ventura County, California","627","178","322","127","305","112","13.6","9.5","8.7","10.5","18.7","15.1","38.9","14.8","51.9","18.6","25.2","16.5","46.4","14.9","37.3","20.0","56.1","19.6","1.1","2.1","2.2","4.1","0.0","11.6","3038","205","1522","161","1516","107","6.1","3.4","5.5","3.9","6.7","5.0","6.8","2.5","6.5","4.1","7.1","4.2","23.0","5.1","22.7","7.3","23.4","6.4","36.1","6.1","33.5","7.5","38.7","7.6","7.4","2.9","6.5","3.7","8.3","4.7","15.4","3.8","18.0","6.4","12.8","5.1","5.1","2.2","7.3","3.5","3.0","2.1","87.1","4.4","88.0","5.1","86.1","6.3","20.5","4.3","25.3","7.0","15.8","5.2","823","203","487","149","336","97","87.1","8.6","80.7","14.0","96.4","5.9","22.1","8.0","14.2","11.1","33.6","16.6","694","146","333","113","361","94","87.8","10.9","93.4","6.6","82.5","17.2","19.9","7.2","32.4","13.2","8.3","8.7","1125","131","555","97","570","70","88.6","6.0","90.6","5.8","86.7","10.3","21.8","7.5","28.5","12.8","15.3","7.8","396","87","147","45","249","65","81.3","16.0","89.8","13.0","76.3","19.4","14.9","10.5","34.0","24.1","3.6","5.9","19.3","8.8","4.5","9.1","32.4","18.9","9.2","6.4","8.4","8.5","10.0","9.3","12.3","7.4","11.7","9.4","12.8","9.0","0.5","1.3","0.0","9.5","1.3","3.5","40801","5419","46953","7534","28092","7983","21740","10834","34868","7398","2,500-","***","31250","8400","39766","9602","15455","5301","46691","9478","51297","4683","32201","23632","42955","7042","42060","14519","43674","9819","82115","32363","84107","26326","46023","57123","8.7","(X)","(X)","(X)","(X)","(X)",
"1400000US06111008004","Census Tract 80.04, Ventura County, California","516","174","219","97","297","109","13.0","8.1","22.4","16.9","6.1","6.5","32.4","13.0","45.7","21.2","22.6","20.7","52.5","14.4","32.0","20.4","67.7","22.5","2.1","3.8","0.0","15.7","3.7","6.7","3397","337","1610","186","1787","225","11.9","7.3","11.5","9.9","12.3","5.6","7.6","3.5","8.1","4.7","7.2","4.0","28.9","6.9","28.8","9.9","29.0","6.3","23.9","5.2","27.6","7.4","20.6","5.3","8.2","2.6","8.3","3.9","8.2","3.8","14.6","4.5","11.6","5.1","17.3","5.6","4.8","2.2","4.2","2.7","5.4","3.0","80.5","6.7","80.4","9.1","80.5","5.5","19.4","4.9","15.8","5.6","22.7","5.9","625","192","294","108","331","122","88.5","7.3","87.4","16.8","89.4","9.6","15.5","8.9","9.2","8.5","21.1","13.9","855","201","373","109","482","121","75.7","13.6","66.2","17.4","83.0","12.9","18.8","8.1","8.0","5.8","27.2","13.0","1474","210","777","138","697","107","77.9","8.2","83.1","8.2","72.0","10.9","19.3","9.3","20.1","9.8","18.4","11.1","443","154","166","64","277","131","87.1","8.9","87.3","13.5","87.0","12.2","26.4","11.0","24.7","15.7","27.4","14.8","3.5","4.7","2.2","4.0","4.6","6.0","4.3","4.2","4.1","4.8","4.4","6.9","0.6","0.8","0.3","0.9","1.0","1.1","7.0","5.6","10.2","12.0","4.9","5.1","37391","8480","44682","13435","31331","8803","19102","3534","22128","6033","9755","12618","40033","13236","44100","18841","32470","14001","47589","8867","54063","7243","36563","10026","55323","25283","84464","57818","40924","28450","58472","48076","54375","104592","59306","49872","3.1","(X)","(X)","(X)","(X)","(X)",
"1400000US06111008005","Census Tract 80.05, Ventura County, California","304","105","186","97","118","64","15.1","13.5","19.4","17.5","8.5","13.6","23.7","16.7","34.4","25.9","6.8","11.0","58.2","21.1","44.1","29.8","80.5","18.3","3.0","3.4","2.2","4.1","4.2","6.9","1734","145","871","127","863","103","5.3","3.3","3.4","3.5","7.2","6.6","13.9","5.0","14.9","6.8","12.9","5.7","23.4","6.5","22.3","7.7","24.4","7.8","29.0","6.9","32.7","10.3","25.1","8.3","8.8","3.8","5.7","4.4","11.8","6.5","13.3","4.5","12.9","5.7","13.8","6.5","6.4","3.5","8.0","7.2","4.8","3.2","80.8","6.8","81.6","7.4","80.0","11.4","19.7","5.2","20.9","7.7","18.5","7.4","396","130","228","96","168","62","73.7","13.4","63.2","15.9","88.1","12.4","21.7","11.4","21.9","15.8","21.4","15.9","467","129","245","77","222","82","78.6","10.9","82.4","11.7","74.3","19.5","23.6","10.9","20.4","14.6","27.0","17.7","621","90","273","53","348","70","84.9","11.6","95.2","7.3","76.7","16.5","18.2","7.5","22.3","12.9","14.9","8.2","250","73","125","41","125","46","86.0","10.2","84.0","15.0","88.0","11.8","13.2","8.2","16.8","13.1","9.6","10.7","6.9","8.1","10.0","12.4","4.0","10.3","17.0","11.1","19.6","14.9","14.7","10.3","6.6","5.7","8.7","9.7","4.4","5.4","5.0","5.7","0.0","18.5","10.6","11.8","35222","5291","36343","12699","34485","8768","23750","15255","20345","5604","34655","76336","27946","10563","21908","15695","28897","7403","36800","17679","46750","23037","26625","20210","43917","10749","38750","8542","56071","60797","61250","34061","51310","15589","81250","36761","3.5","(X)","(X)","(X)","(X)","(X)",
"1400000US06111008101","Census Tract 81.01, Ventura County, California","217","89","98","47","119","74","5.1","7.8","11.2","16.2","0.0","26.5","36.9","18.7","40.8","29.4","33.6","22.6","32.3","19.7","48.0","31.1","19.3","21.9","25.8","22.8","0.0","30.7","47.1","34.1","2249","209","1073","132","1176","136","1.6","1.9","0.4","0.9","2.8","3.6","4.6","2.3","3.9","2.9","5.2","3.3","23.7","5.2","18.5","6.1","28.5","6.7","34.8","6.5","38.1","9.1","31.7","7.7","9.2","3.7","8.9","5.8","9.4","4.9","19.1","5.4","24.0","7.3","14.6","6.8","7.1","3.6","6.2","3.7","7.8","5.8","93.8","2.8","95.7","3.1","92.0","4.7","26.1","6.4","30.2","8.2","22.4","6.9","296","118","177","88","119","56","91.6","9.8","93.2","11.7","89.1","16.5","18.9","18.0","18.6","20.0","19.3","20.5","663","120","337","71","326","70","98.5","2.6","97.0","5.1","100.0","10.9","30.2","13.9","32.6","17.9","27.6","16.9","990","129","420","87","570","93","93.4","4.4","94.3","5.5","92.8","5.5","27.4","10.8","32.4","13.5","23.7","11.2","300","96","139","57","161","60","86.7","12.5","100.0","23.3","75.2","22.1","20.3","14.0","32.4","23.1","9.9","10.6","2.9","6.8","8.7","21.1","0.0","31.7","1.9","2.8","0.0","17.2","3.0","4.5","2.4","2.5","2.8","3.8","2.1","3.3","3.2","3.7","0.0","10.9","7.2","7.9","45625","4996","52904","9589","40016","9255","11591","19887","19444","46566","2,500-","***","39205","8564","40365","6528","30556","25648","41875","6446","49271","11234","32446","8406","57083","13983","66029","14535","47045","10946","58295","48288","115625","104207","41917","28940","1.6","(X)","(X)","(X)","(X)","(X)",
"1400000US06111008201","Census Tract 82.01, Ventura County, California","293","110","124","87","169","78","19.5","15.4","17.7","22.0","20.7","21.1","38.6","24.0","49.2","32.0","30.8","33.4","42.0","23.5","33.1","39.3","48.5","32.8","0.0","12.0","0.0","25.6","0.0","19.8","2742","282","1400","169","1342","165","6.3","5.1","3.5","5.1","9.3","6.2","4.7","2.6","2.1","2.2","7.3","4.2","22.4","5.8","25.6","7.7","19.2","6.7","30.6","7.0","34.3","9.6","26.7","7.4","8.5","3.1","8.3","4.3","8.6","4.1","21.6","6.9","20.6","8.0","22.7","8.2","5.9","2.9","5.6","2.8","6.3","3.8","89.0","5.0","94.4","5.5","83.4","6.1","27.5","7.3","26.2","8.3","28.9","8.6","636","314","321","181","315","148","81.8","18.0","81.3","19.1","82.2","17.5","19.0","15.6","14.0","15.9","24.1","17.7","609","146","290","112","319","87","96.7","4.7","100.0","12.1","93.7","9.0","54.4","13.8","63.4","17.3","46.1","18.4","1025","123","548","84","477","85","90.2","6.3","96.5","4.0","83.0","12.9","19.9","10.8","17.9","10.2","22.2","14.5","472","89","241","76","231","65","86.0","9.7","100.0","14.4","71.4","17.4","21.0","13.0","16.6","14.1","25.5","15.5","16.6","15.0","12.7","25.9","17.9","15.3","0.0","5.9","0.0","9.9","0.0","13.5","12.8","7.8","8.2","6.8","18.6","10.2","7.3","6.9","0.0","9.7","14.2","12.8","37442","5939","36640","3189","41975","11694","17778","4350","16199","4302","19194","7150","38456","8982","36679","9667","48030","23029","35644","4355","35264","8352","37054","11881","58929","7534","55057","21752","68207","16909","97500","97504","165900","91456","37500","89944","4.9","(X)","(X)","(X)","(X)","(X)",
"1400000US06111008202","Census Tract 82.02, Ventura County, California","456","143","186","124","270","112","7.7","9.3","7.0","12.9","8.1","8.9","41.0","15.0","22.0","15.9","54.1","17.8","42.3","15.5","59.7","20.6","30.4","14.9","9.0","9.5","11.3","15.1","7.4","11.1","2975","168","1515","139","1460","157","3.1","1.7","1.8","1.6","4.5","2.6","6.5","3.2","7.5","4.4","5.5","4.0","19.6","4.6","16.0","5.9","23.4","7.2","30.0","6.2","32.2","7.9","27.7","6.7","6.0","2.6","5.4","3.5","6.6","3.2","26.5","5.5","31.0","9.1","21.8","6.3","8.3","3.4","6.1","3.9","10.5","5.6","90.4","3.6","90.7","4.9","90.1","4.2","34.8","7.0","37.1","9.9","32.3","8.6","736","172","383","145","353","108","98.5","2.4","97.1","4.8","100.0","10.1","51.9","13.4","59.0","18.8","44.2","14.8","672","150","386","94","286","86","86.3","10.3","85.2","13.4","87.8","10.0","23.4","14.3","20.2","16.1","27.6","16.3","1168","154","544","98","624","87","90.3","5.2","92.8","6.0","88.1","7.3","32.4","8.3","37.3","13.2","28.0","11.4","399","92","202","55","197","78","82.5","11.5","83.2","13.6","81.7","17.8","29.3","15.1","27.2","18.7","31.5","22.2","19.9","16.0","21.3","17.7","18.6","16.8","15.6","10.5","0.0","14.3","26.8","16.8","14.0","7.3","16.8","12.3","10.8","7.8","2.6","3.6","2.0","3.3","3.4","4.4","40485","7011","44375","9392","33042","4078","19349","1436","19961","2370","18125","8984","37167","19216","58261","22030","32642","6496","42054","8537","44583","16866","32679","15221","42202","9493","42875","7576","35341","38514","44355","22723","100536","116709","44113","21929","5.5","(X)","(X)","(X)","(X)","(X)",
"1400000US06111008302","Census Tract 83.02, Ventura County, California","447","143","233","89","214","101","18.3","13.9","18.9","16.9","17.8","20.3","25.1","15.6","28.3","20.8","21.5","20.6","47.2","13.5","47.6","17.7","46.7","18.0","9.4","9.8","5.2","8.3","14.0","12.3","3562","158","1627","143","1935","114","2.8","1.9","2.8","1.8","2.8","3.1","5.1","2.3","4.7","3.2","5.5","3.2","24.8","4.4","20.2","5.8","28.6","5.8","27.2","4.2","28.8","6.9","25.8","5.3","14.5","4.6","16.3","5.9","13.0","5.4","20.7","4.4","21.1","5.5","20.3","4.9","4.9","2.3","6.0","3.6","4.0","2.3","92.1","3.0","92.5","3.6","91.7","4.3","25.6","4.1","27.2","5.5","24.3","4.8","448","164","255","100","193","89","87.1","11.7","92.9","10.8","79.3","21.6","25.2","13.0","24.7","15.6","25.9","17.7","831","191","398","119","433","104","90.1","8.6","88.4","12.3","91.7","11.5","25.3","10.2","24.4","12.8","26.1","15.1","1479","160","681","99","798","97","96.1","2.8","93.8","4.8","98.0","2.3","35.6","6.8","33.2","9.6","37.6","9.0","804","87","293","67","511","83","89.6","5.6","94.5","7.9","86.7","8.1","8.0","4.0","19.1","10.0","1.6","2.6","17.7","12.3","13.1","20.7","21.3","22.7","9.4","6.1","2.7","4.4","13.4","9.2","7.7","4.9","4.6","5.8","10.8","7.1","3.9","4.2","4.5","7.2","3.4","3.9","44488","11289","53250","10791","39036","5925","13750","5644","26250","16975","11875","5719","27125","14002","38988","10879","23563","15994","44653","14243","54875","21977","33438","12565","65747","8216","66389","5050","65060","21035","79904","15799","82188","52683","78558","31065","2.7","(X)","(X)","(X)","(X)","(X)",
"1400000US06111008303","Census Tract 83.03, Ventura County, California","453","147","227","128","226","97","28.3","20.3","56.4","28.9","0.0","15.2","26.9","17.2","6.6","12.3","47.3","25.5","39.7","17.1","37.0","27.8","42.5","23.4","5.1","6.4","0.0","15.2","10.2","12.6","2913","231","1369","157","1544","169","4.3","3.4","2.8","3.3","5.5","4.3","10.2","4.6","14.1","6.1","6.7","4.6","29.6","4.9","28.9","6.5","30.2","7.4","21.2","5.2","16.0","5.4","25.8","8.1","9.1","3.4","6.0","3.2","11.9","5.7","13.7","4.5","17.2","5.6","10.6","5.5","11.9","4.4","15.0","8.0","9.2","3.3","85.5","5.7","83.1","6.5","87.8","6.7","25.6","5.7","32.1","8.1","19.8","6.1","614","171","291","116","323","103","87.5","10.1","96.2","5.6","79.6","18.2","24.9","12.0","22.0","16.9","27.6","15.8","534","159","272","96","262","98","85.2","10.2","72.4","18.0","98.5","3.0","19.1","11.4","25.0","16.1","13.0","11.7","1112","224","573","135","539","117","86.5","9.8","82.2","12.1","91.1","9.9","36.3","11.5","43.5","15.1","28.8","12.8","653","157","233","57","420","131","82.4","9.3","81.1","12.8","83.1","11.6","13.2","6.4","25.3","13.3","6.4","6.2","12.7","13.8","20.4","24.7","2.8","6.2","13.8","8.8","10.3","8.0","17.0","11.6","8.2","7.0","0.0","12.1","12.3","10.1","4.5","6.3","7.5","10.1","0.0","11.8","38853","5250","42297","4138","29913","6863","20845","10316","28241","19159","20304","11014","32230","14877","43047","17913","29509","7919","33914","7817","37260","3592","31111","11301","58603","13941","74844","23333","43295","12385","65093","15993","60833","43246","66111","17981","1.2","(X)","(X)","(X)","(X)","(X)",
"1400000US06111008304","Census Tract 83.04, Ventura County, California","288","144","156","109","132","78","10.4","10.3","19.2","22.1","0.0","24.4","9.7","12.0","5.1","10.8","15.2","19.5","79.9","15.8","75.6","25.8","84.8","19.5","0.0","12.2","0.0","21.2","0.0","24.4","3796","254","1899","222","1897","150","2.8","1.9","1.1","1.5","4.6","3.2","4.5","2.2","3.7","2.6","5.3","3.1","22.6","5.0","20.7","6.2","24.4","6.4","31.9","4.7","36.0","7.7","27.8","6.7","9.6","4.0","10.0","5.2","9.2","4.9","22.8","5.2","22.1","6.6","23.4","7.1","5.8","2.4","6.4","4.0","5.3","2.9","92.6","2.8","95.2","2.8","90.0","4.6","28.6","5.5","28.5","7.1","28.7","7.3","704","199","329","102","375","143","82.2","9.7","88.4","12.5","76.8","16.0","28.6","10.4","39.5","21.2","18.9","15.7","954","165","562","153","392","109","99.9","0.2","99.8","0.4","100.0","9.1","40.6","16.5","28.3","17.1","58.2","20.8","1611","184","788","112","823","123","96.2","3.4","95.9","4.3","96.4","4.0","22.7","6.5","19.7","7.8","25.6","8.3","527","96","220","75","307","93","82.5","8.8","90.9","13.1","76.5","12.9","25.0","12.9","44.1","26.8","11.4","9.3","34.3","18.6","0.0","32.4","50.8","23.0","3.3","3.7","4.3","6.6","2.4","3.7","3.7","4.1","4.9","6.8","2.1","3.3","0.0","3.4","0.0","6.7","0.0","6.6","59498","6109","67778","15132","48808","10425","21010","9637","34432","34817","2,500-","***","38304","22693","34848","19971","44948","42074","61750","12849","71250","13076","46932","10394","59876","18177","69922","37130","58654","26929","87813","18560","104904","20109","73482","13951","3.1","(X)","(X)","(X)","(X)","(X)",
"1400000US06111008305","Census Tract 83.05, Ventura County, California","321","135","170","95","151","85","3.7","6.2","0.0","19.7","7.9","15.3","14.3","14.7","22.9","23.3","4.6","8.2","60.4","16.2","53.5","29.2","68.2","27.2","21.5","18.6","23.5","32.7","19.2","24.9","2491","158","1174","107","1317","115","0.3","0.5","0.0","3.1","0.6","1.0","1.4","1.4","2.3","2.7","0.7","1.1","14.8","4.1","11.1","5.2","18.1","6.2","18.9","5.1","18.1","6.6","19.7","7.1","11.8","4.2","10.5","5.0","12.9","6.2","35.0","5.4","34.8","8.2","35.1","7.6","17.7","5.0","23.2","7.7","12.9","5.7","98.2","1.5","97.7","2.7","98.7","1.5","52.7","5.3","58.0","8.3","48.0","7.4","207","94","88","52","119","78","100.0","16.5","100.0","33.2","100.0","26.5","71.5","18.5","71.6","28.2","71.4","25.8","624","118","308","65","316","76","98.7","2.1","100.0","11.4","97.5","4.2","67.1","9.2","73.1","14.0","61.4","15.4","1171","139","546","94","625","95","99.2","1.2","100.0","6.6","98.6","2.2","47.7","8.7","50.7","13.2","45.1","12.0","489","134","232","77","257","90","94.5","6.4","88.4","12.8","100.0","13.5","38.2","14.7","50.0","17.1","27.6","20.2","0.0","48.0","0.0","61.3","0.0","77.3","3.5","4.8","0.0","24.7","5.4","7.6","2.6","2.8","0.0","10.6","4.7","5.1","2.6","2.9","5.0","5.6","0.0","5.8","66528","13997","93793","14031","50272","18623","-","**","-","**","-","**","53542","69097","90192","47570","16500","77124","54960","19434","86250","30952","41213","20397","60938","14985","68068","36500","52391","26540","109327","44594","148672","45523","60714","53761","0.9","(X)","(X)","(X)","(X)","(X)",
"1400000US06111008306","Census Tract 83.06, Ventura County, California","338","91","117","62","221","97","13.3","11.2","16.2","19.2","11.8","16.4","31.4","13.0","26.5","24.6","33.9","15.5","33.7","17.3","57.3","28.2","21.3","16.8","21.6","13.1","0.0","26.9","33.0","16.7","2662","190","1237","157","1425","136","2.1","1.5","0.6","1.1","3.3","2.4","4.5","4.1","4.7","4.3","4.4","4.6","25.8","6.2","21.8","8.3","29.2","9.0","23.0","6.4","21.7","6.6","24.2","9.3","9.1","3.2","10.0","4.9","8.3","4.0","24.9","4.8","26.6","6.8","23.5","5.3","10.6","3.5","14.6","5.8","7.1","3.5","93.4","4.4","94.7","4.4","92.3","5.3","35.5","6.1","41.1","9.2","30.6","6.4","703","238","325","157","378","125","91.2","11.3","91.7","12.7","90.7","10.9","42.4","14.9","44.3","18.1","40.7","17.5","494","141","224","82","270","98","92.5","8.3","92.4","10.9","92.6","12.1","34.4","15.3","49.1","18.9","22.2","15.5","1130","83","514","64","616","67","96.9","3.8","97.3","4.2","96.6","3.8","36.7","8.4","39.1","11.9","34.7","10.0","335","51","174","45","161","47","87.5","12.0","95.4","8.1","78.9","18.9","18.5","11.0","31.0","18.5","5.0","7.4","0.0","19.1","0.0","39.2","0.0","28.2","9.0","8.9","4.8","8.1","11.8","11.8","4.7","3.0","3.6","4.4","5.6","4.4","3.5","4.0","2.4","3.9","4.8","7.2","49328","3687","62250","12457","31316","10999","18796","5845","17963","21864","21125","14380","27929","9756","52702","25663","19828","12550","46250","6657","51369","15261","31552","17054","72171","9376","79135","22996","51875","7415","74091","22690","105893","51829","49286","37985","2.4","(X)","(X)","(X)","(X)","(X)",
"1400000US06111008401","Census Tract 84.01, Ventura County, California","393","125","238","107","155","66","21.9","11.8","18.9","14.6","26.5","20.3","29.8","17.5","34.0","22.6","23.2","19.3","45.8","17.5","47.1","22.7","43.9","26.9","2.5","4.1","0.0","14.5","6.5","10.5","3538","228","1748","185","1790","119","3.2","2.6","2.6","2.8","3.7","2.7","6.4","3.0","8.0","5.0","5.0","3.4","26.3","5.4","29.7","7.6","22.8","5.9","27.7","5.3","24.3","7.2","31.1","6.5","8.6","2.5","5.5","3.0","11.7","3.7","21.4","4.2","24.3","6.9","18.5","5.9","6.4","2.4","5.5","3.4","7.2","3.9","90.4","3.4","89.4","5.5","91.3","3.5","27.8","4.9","29.9","7.2","25.8","5.7","643","215","394","152","249","115","91.3","8.5","87.6","13.0","97.2","5.0","23.6","13.8","8.6","7.6","47.4","23.3","667","150","264","101","403","95","87.0","8.9","92.0","10.0","83.6","12.2","31.8","11.9","27.7","19.5","34.5","13.1","1483","143","767","93","716","97","94.5","4.2","90.1","7.8","99.3","1.6","28.7","8.7","33.8","10.6","23.3","9.8","745","111","323","80","422","70","84.4","6.5","87.9","9.9","81.8","8.6","25.9","8.5","48.3","16.3","8.8","6.5","46.2","20.5","49.2","25.3","42.6","25.9","8.2","7.5","5.2","6.6","12.1","13.4","8.1","4.6","6.9","7.6","8.9","6.9","2.1","2.5","2.5","4.3","1.7","2.8","44388","11178","44543","18119","44205","15564","20802","8728","20212","14658","25893","9023","41544","11110","44727","21016","13333","19601","38309","12757","36023","10628","50306","33255","82542","15577","95972","7421","64743","17693","75729","22485","105893","116459","75208","9890","3.1","(X)","(X)","(X)","(X)","(X)",
"1400000US06111008402","Census Tract 84.02, Ventura County, California","371","137","194","90","177","97","17.5","12.7","19.6","18.7","15.3","15.8","21.3","13.9","19.1","17.9","23.7","21.3","49.1","17.2","52.1","25.3","45.8","26.5","12.1","9.2","9.3","14.0","15.3","16.0","3376","202","1640","128","1736","142","1.5","1.3","0.9","1.4","2.1","2.2","3.8","1.7","6.5","3.3","1.2","1.3","21.6","4.1","22.7","5.0","20.6","5.8","27.3","4.7","26.0","6.3","28.5","7.1","10.7","2.6","12.7","4.5","8.8","3.8","27.6","5.3","23.5","6.5","31.5","7.0","7.4","2.9","7.6","4.4","7.3","3.2","94.7","2.1","92.6","3.5","96.7","2.6","35.1","6.2","31.2","7.8","38.8","7.5","410","143","150","79","260","98","96.3","5.4","90.0","14.2","100.0","13.4","44.6","18.3","48.0","26.4","42.7","22.6","862","125","410","106","452","67","96.3","4.6","100.0","8.7","92.9","8.5","30.7","10.2","20.7","11.8","39.8","14.1","1631","157","838","92","793","106","93.1","3.4","88.5","6.2","98.0","2.2","32.7","7.8","31.1","10.1","34.3","9.0","473","69","242","50","231","61","95.8","4.5","95.5","6.6","96.1","6.4","42.9","11.7","38.4","14.4","47.6","16.4","8.4","15.4","6.6","12.5","12.3","24.6","2.7","3.4","0.0","9.6","5.6","6.6","3.2","3.2","1.3","2.0","5.1","5.8","3.5","5.3","4.5","6.6","2.8","4.3","58010","6696","66750","13762","43711","11707","41037","22482","41799","11220","-","**","31458","20625","32045","39477","31118","19789","52614","12544","64944","15370","35324","8198","85323","22238","97262","32712","72679","30926","88194","55139","137723","40969","75750","8479","4.8","(X)","(X)","(X)","(X)","(X)",
"1400000US06111008500","Census Tract 85, Ventura County, California","629","167","359","120","270","140","7.2","6.1","0.0","9.9","16.7","12.9","16.1","12.3","23.7","20.2","5.9","9.8","62.0","16.8","57.7","26.6","67.8","16.2","14.8","9.6","18.7","15.7","9.6","11.4","5803","337","2804","226","2999","218","1.8","1.6","1.6","2.6","1.9","1.8","3.4","1.5","3.3","2.1","3.5","2.1","19.1","4.4","19.4","5.3","18.9","5.2","30.4","3.9","28.7","4.9","32.1","5.8","11.0","2.9","10.0","3.4","12.0","3.4","24.3","3.9","28.7","6.1","20.1","4.8","9.9","3.0","8.3","4.2","11.4","4.0","94.8","2.1","95.1","3.2","94.6","2.7","34.2","4.9","37.0","6.5","31.5","5.7","1115","288","466","164","649","198","96.0","4.3","100.0","7.7","93.1","7.3","46.3","12.1","51.3","16.8","42.7","14.8","935","216","475","124","460","125","97.8","2.7","97.7","3.8","97.8","3.7","28.0","11.2","18.7","12.5","37.6","16.7","2850","211","1394","165","1456","120","94.4","3.6","92.5","6.0","96.2","3.1","30.8","7.0","35.4","9.7","26.5","7.7","903","92","469","65","434","88","91.7","4.8","95.3","4.6","87.8","10.0","36.2","13.4","46.3","16.6","25.3","15.3","20.2","23.4","44.8","42.3","0.0","20.4","10.3","8.2","2.2","3.8","18.1","15.6","4.6","2.7","5.6","4.4","3.7","3.5","1.9","1.8","1.1","1.8","2.7","3.1","53085","6331","61167","18187","47409","8348","17095","36310","12137","68663","17399","39331","47525","9263","49926","11206","14229","40969","51335","6603","69457","10579","41518","11227","57995","19781","78068","31560","48977","15074","83494","22370","96583","66715","81029","9769","1.4","(X)","(X)","(X)","(X)","(X)",
"1400000US06111008600","Census Tract 86, Ventura County, California","1005","225","480","150","525","163","30.9","11.9","36.3","18.6","26.1","13.4","28.4","9.7","18.8","11.8","37.1","14.2","33.3","13.2","37.9","17.1","29.1","17.2","7.4","5.5","7.1","7.6","7.6","8.3","4546","362","2157","294","2389","233","30.9","5.7","34.2","8.5","27.9","6.4","15.6","4.6","16.1","6.4","15.2","4.8","20.3","4.3","20.8","5.8","19.8","5.8","14.9","3.8","14.2","4.8","15.5","5.6","5.2","2.5","4.1","2.4","6.2","3.9","8.6","3.1","5.8","2.8","11.1","4.5","4.5","2.5","4.7","3.1","4.3","2.7","53.5","5.7","49.7","7.9","56.9","6.7","13.1","3.9","10.5","4.2","15.4","5.0","1165","286","614","176","551","167","63.4","12.6","59.8","14.8","67.5","16.6","16.8","10.1","18.9","11.7","14.5","10.1","1385","286","706","182","679","161","48.7","11.6","47.3","14.8","50.1","15.3","14.9","7.3","8.5","6.5","21.6","11.9","1368","223","513","130","855","152","56.7","9.0","48.5","14.8","61.6","9.4","9.6","4.8","7.0","6.2","11.1","5.9","628","128","324","114","304","93","38.7","14.9","37.7","19.3","39.8","18.8","9.6","7.9","4.6","5.5","14.8","14.5","28.3","7.8","19.3","9.4","37.9","9.8","24.1","9.5","21.2","11.4","26.8","14.4","18.7","8.6","5.1","5.7","29.1","12.9","1.5","3.7","0.0","15.2","2.5","6.0","28061","4946","30167","6350","25798","8638","19841","3354","19471","6150","20726","4505","22056","6332","35000","10281","15469","6425","43116","4032","44559","9263","34479","22171","32379","9313","25817","12153","36818","27703","85139","32879","100068","40500","85083","80456","9.0","(X)","(X)","(X)","(X)","(X)",
"1400000US06111008700","Census Tract 87, Ventura County, California","670","179","411","144","259","111","36.9","15.8","47.2","22.1","20.5","16.1","20.4","9.5","11.2","9.8","35.1","18.4","39.0","16.1","41.6","20.2","34.7","20.0","3.7","4.5","0.0","8.7","9.7","11.2","3491","292","1616","218","1875","153","22.4","5.6","22.8","6.6","22.0","6.9","15.1","4.0","14.2","5.4","15.9","5.2","21.9","5.3","20.8","6.7","22.9","7.1","22.1","5.3","20.3","6.7","23.7","6.7","7.6","3.1","10.6","5.4","5.0","3.7","8.2","2.9","7.2","4.3","9.1","3.9","2.7","1.4","4.1","2.5","1.4","1.2","62.5","7.4","63.0","8.4","62.1","9.1","10.9","3.2","11.3","4.6","10.6","3.9","804","206","401","125","403","127","60.1","14.7","50.9","19.3","69.2","17.2","4.0","4.0","0.0","8.9","7.9","8.0","772","171","401","122","371","102","69.7","15.5","74.3","16.0","64.7","20.5","11.0","6.7","1.7","2.7","21.0","13.5","1324","146","594","86","730","135","64.6","8.1","69.2","9.9","60.8","12.4","12.6","4.3","20.7","8.3","6.0","4.4","591","138","220","79","371","130","51.9","16.4","47.7","21.8","54.4","22.9","16.4","11.2","24.1","24.7","11.9","7.7","16.7","7.6","16.9","10.9","16.6","8.4","10.8","7.5","3.6","5.6","16.6","12.5","9.7","6.3","5.5","5.0","13.6","10.6","6.8","7.3","3.8","6.1","9.6","12.1","22185","3357","26628","5246","16335","6779","15857","3720","21473","8548","13760","1483","26953","11689","26389","34621","27174","10785","23588","4776","25329","15173","21544","9489","55972","29980","86538","17870","38750","52149","105938","15293","106771","25860","-","**","7.4","(X)","(X)","(X)","(X)","(X)",
"1400000US06111008800","Census Tract 88, Ventura County, California","422","134","310","125","112","60","16.8","13.8","20.6","18.3","6.3","12.0","33.6","20.7","35.2","25.1","29.5","27.8","40.8","19.0","36.1","22.6","53.6","26.0","8.8","8.5","8.1","10.4","10.7","16.1","3170","307","1481","217","1689","165","18.3","4.8","17.4","6.3","19.1","6.5","14.8","6.0","16.1","8.9","13.7","6.2","21.4","4.2","23.2","6.9","19.8","6.0","22.5","5.1","19.4","5.7","25.2","7.3","12.5","3.8","15.8","6.9","9.7","5.0","7.9","2.5","4.3","2.4","11.1","4.5","2.6","1.5","3.8","2.7","1.5","1.5","66.9","7.1","66.5","9.3","67.3","7.7","10.5","3.1","8.1","3.3","12.6","4.5","596","178","211","98","385","127","75.3","10.6","63.0","19.3","82.1","12.7","12.6","8.0","0.0","16.2","19.5","12.3","566","136","290","94","276","87","65.0","19.3","64.1","23.3","65.9","23.5","2.8","3.5","2.4","4.6","3.3","5.3","1370","192","716","145","654","101","68.7","10.1","73.0","11.3","63.9","13.5","14.7","5.4","13.5","6.4","16.1","7.8","638","123","264","69","374","94","56.9","15.2","54.2","20.3","58.8","16.1","6.3","5.6","6.1","7.4","6.4","8.2","4.6","5.3","7.7","9.8","1.8","3.0","15.3","12.0","22.1","21.8","8.4","8.0","3.2","2.6","2.9","3.6","3.6","3.9","3.3","5.5","9.2","14.9","0.0","16.1","35250","9989","44583","11297","28034","5562","28466","14584","43019","17674","14831","14862","21513","1912","27083","9083","20227","5116","52202","6737","54387","6521","48622","7817","29125","24659","65417","70899","23393","15895","94375","17194","98036","11369","73250","24800","8.4","(X)","(X)","(X)","(X)","(X)",
"1400000US06111008900","Census Tract 89, Ventura County, California","292","108","137","69","155","64","5.8","6.3","12.4","13.2","0.0","21.3","46.9","12.3","41.6","22.1","51.6","28.2","42.5","12.8","46.0","23.1","39.4","28.4","4.8","6.8","0.0","23.6","9.0","12.3","2120","261","1008","159","1112","156","26.2","6.2","26.1","8.8","26.3","6.2","10.7","4.6","11.1","6.3","10.3","4.8","22.6","5.8","29.7","8.6","16.3","6.7","20.1","4.7","17.9","6.0","22.2","7.3","11.0","3.1","5.8","3.8","15.7","5.8","7.3","3.2","6.7","4.4","7.7","4.5","2.1","1.8","2.8","3.3","1.4","1.7","63.1","7.7","62.8","10.4","63.4","7.8","9.3","3.7","9.5","5.5","9.2","5.0","484","190","211","94","273","124","82.4","9.5","82.5","15.6","82.4","15.2","7.6","7.8","5.2","9.4","9.5","11.4","472","150","216","92","256","85","74.6","15.4","68.5","19.9","79.7","18.5","6.4","6.6","1.9","3.4","10.2","12.0","859","126","453","110","406","90","55.2","10.3","58.1","14.8","52.0","13.9","14.3","6.5","16.1","10.1","12.3","9.0","305","86","128","78","177","57","37.0","18.5","37.5","29.0","36.7","23.9","2.6","3.6","6.3","8.7","0.0","19.0","8.1","5.1","2.4","4.1","13.3","8.9","6.3","5.6","0.0","11.8","16.6","13.7","10.5","10.8","8.8","9.9","11.4","15.6","0.0","17.2","0.0","31.2","0.0","29.8","33258","6201","39858","8077","24868","13908","27701","8469","28013","4028","22813","32883","34456","21710","49151","19591","21042","14489","34219","6111","45938","26535","32348","3384","20625","36841","63672","27815","13438","10722","42361","35571","-","**","59500","5644","9.1","(X)","(X)","(X)","(X)","(X)",
"1400000US06111009100","Census Tract 91, Ventura County, California","923","183","465","129","458","133","28.9","11.8","45.8","17.0","11.8","9.9","22.6","11.4","17.8","11.6","27.5","20.1","43.3","11.7","32.7","15.6","54.1","18.7","5.1","5.1","3.7","4.8","6.6","9.7","2553","251","1282","204","1271","118","48.3","5.7","45.3","8.4","51.2","8.1","16.0","4.3","17.2","6.5","14.8","5.6","14.5","5.0","12.5","5.2","16.6","7.7","14.2","4.8","16.2","7.9","12.2","4.3","2.5","1.6","1.2","1.4","3.9","3.1","4.2","2.2","7.0","4.2","1.3","1.6","0.3","0.5","0.6","1.0","0.0","2.9","35.8","5.1","37.5","7.5","34.0","8.7","4.5","2.2","7.6","4.3","1.3","1.6","651","196","373","121","278","108","45.5","13.3","46.1","14.5","44.6","22.0","5.4","6.5","6.4","9.5","4.0","7.0","639","125","304","88","335","83","39.0","13.5","33.9","18.8","43.6","17.5","3.4","4.0","5.6","8.6","1.5","2.4","899","187","442","135","457","101","30.3","8.4","39.1","14.5","21.7","9.9","4.2","3.3","8.6","6.8","0.0","7.9","364","89","163","76","201","69","26.4","8.5","20.2","13.6","31.3","15.8","5.2","5.5","11.7","11.7","0.0","16.9","38.4","10.6","29.8","13.7","46.6","12.0","21.3","17.1","11.3","15.3","28.9","23.2","22.7","14.5","22.4","21.0","22.9","22.4","10.5","17.8","12.2","20.5","0.0","79.6","16094","4142","21748","2479","12185","2221","13295","3160","20532","5136","9767","2901","25417","12132","30855","3289","17917","3303","24792","8806","23594","11691","25927","7598","17135","52024","45556","59810","-","**","-","**","-","**","-","**","7.8","(X)","(X)","(X)","(X)","(X)",
"1400000US06111980000","Census Tract 9800, Ventura County, California","28","24","28","24","0","13","0.0","60.2","0.0","60.2","-","**","17.9","36.6","17.9","36.6","-","**","82.1","36.6","82.1","36.6","-","**","0.0","60.2","0.0","60.2","-","**","19","28","19","28","0","13","0.0","73.1","0.0","73.1","-","**","47.4","52.6","47.4","52.6","-","**","0.0","73.1","0.0","73.1","-","**","26.3","70.6","26.3","70.6","-","**","0.0","73.1","0.0","73.1","-","**","0.0","73.1","0.0","73.1","-","**","26.3","63.5","26.3","63.5","-","**","52.6","52.6","52.6","52.6","-","**","26.3","63.5","26.3","63.5","-","**","9","21","9","21","0","13","0.0","100.0","0.0","100.0","-","**","0.0","100.0","0.0","100.0","-","**","5","12","5","12","0","13","100.0","100.0","100.0","100.0","-","**","0.0","100.0","0.0","100.0","-","**","5","11","5","11","0","13","100.0","100.0","100.0","100.0","-","**","100.0","100.0","100.0","100.0","-","**","0","13","0","13","0","13","-","**","-","**","-","**","-","**","-","**","-","**","-","**","-","**","-","**","-","**","-","**","-","**","-","**","-","**","-","**","-","**","-","**","-","**","90250","91258","90250","91258","-","**","-","**","-","**","-","**","-","**","-","**","-","**","-","**","-","**","-","**","-","**","-","**","-","**","-","**","-","**","-","**","0.0","(X)","(X)","(X)","(X)","(X)",
"1400000US06111990100","Census Tract 9901, Ventura County, California","0","13","0","13","0","13","-","**","-","**","-","**","-","**","-","**","-","**","-","**","-","**","-","**","-","**","-","**","-","**","0","13","0","13","0","13","-","**","-","**","-","**","-","**","-","**","-","**","-","**","-","**","-","**","-","**","-","**","-","**","-","**","-","**","-","**","-","**","-","**","-","**","-","**","-","**","-","**","-","**","-","**","-","**","-","**","-","**","-","**","0","13","0","13","0","13","-","**","-","**","-","**","-","**","-","**","-","**","0","13","0","13","0","13","-","**","-","**","-","**","-","**","-","**","-","**","0","13","0","13","0","13","-","**","-","**","-","**","-","**","-","**","-","**","0","13","0","13","0","13","-","**","-","**","-","**","-","**","-","**","-","**","-","**","-","**","-","**","-","**","-","**","-","**","-","**","-","**","-","**","-","**","-","**","-","**","-","**","-","**","-","**","-","**","-","**","-","**","-","**","-","**","-","**","-","**","-","**","-","**","-","**","-","**","-","**","-","**","-","**","-","**","-","(X)","(X)","(X)","(X)","(X)",
