"GEO_ID","NAME","S1501_C01_001E","S1501_C01_001M","S1501_C02_001E","S1501_C02_001M","S1501_C03_001E","S1501_C03_001M","S1501_C01_002E","S1501_C01_002M","S1501_C02_002E","S1501_C02_002M","S1501_C03_002E","S1501_C03_002M","S1501_C01_003E","S1501_C01_003M","S1501_C02_003E","S1501_C02_003M","S1501_C03_003E","S1501_C03_003M","S1501_C01_004E","S1501_C01_004M","S1501_C02_004E","S1501_C02_004M","S1501_C03_004E","S1501_C03_004M","S1501_C01_005E","S1501_C01_005M","S1501_C02_005E","S1501_C02_005M","S1501_C03_005E","S1501_C03_005M","S1501_C01_006E","S1501_C01_006M","S1501_C02_006E","S1501_C02_006M","S1501_C03_006E","S1501_C03_006M","S1501_C01_007E","S1501_C01_007M","S1501_C02_007E","S1501_C02_007M","S1501_C03_007E","S1501_C03_007M","S1501_C01_008E","S1501_C01_008M","S1501_C02_008E","S1501_C02_008M","S1501_C03_008E","S1501_C03_008M","S1501_C01_009E","S1501_C01_009M","S1501_C02_009E","S1501_C02_009M","S1501_C03_009E","S1501_C03_009M","S1501_C01_010E","S1501_C01_010M","S1501_C02_010E","S1501_C02_010M","S1501_C03_010E","S1501_C03_010M","S1501_C01_011E","S1501_C01_011M","S1501_C02_011E","S1501_C02_011M","S1501_C03_011E","S1501_C03_011M","S1501_C01_012E","S1501_C01_012M","S1501_C02_012E","S1501_C02_012M","S1501_C03_012E","S1501_C03_012M","S1501_C01_013E","S1501_C01_013M","S1501_C02_013E","S1501_C02_013M","S1501_C03_013E","S1501_C03_013M","S1501_C01_014E","S1501_C01_014M","S1501_C02_014E","S1501_C02_014M","S1501_C03_014E","S1501_C03_014M","S1501_C01_015E","S1501_C01_015M","S1501_C02_015E","S1501_C02_015M","S1501_C03_015E","S1501_C03_015M","S1501_C01_016E","S1501_C01_016M","S1501_C02_016E","S1501_C02_016M","S1501_C03_016E","S1501_C03_016M","S1501_C01_017E","S1501_C01_017M","S1501_C02_017E","S1501_C02_017M","S1501_C03_017E","S1501_C03_017M","S1501_C01_018E","S1501_C01_018M","S1501_C02_018E","S1501_C02_018M","S1501_C03_018E","S1501_C03_018M","S1501_C01_019E","S1501_C01_019M","S1501_C02_019E","S1501_C02_019M","S1501_C03_019E","S1501_C03_019M","S1501_C01_020E","S1501_C01_020M","S1501_C02_020E","S1501_C02_020M","S1501_C03_020E","S1501_C03_020M","S1501_C01_021E","S1501_C01_021M","S1501_C02_021E","S1501_C02_021M","S1501_C03_021E","S1501_C03_021M","S1501_C01_022E","S1501_C01_022M","S1501_C02_022E","S1501_C02_022M","S1501_C03_022E","S1501_C03_022M","S1501_C01_023E","S1501_C01_023M","S1501_C02_023E","S1501_C02_023M","S1501_C03_023E","S1501_C03_023M","S1501_C01_024E","S1501_C01_024M","S1501_C02_024E","S1501_C02_024M","S1501_C03_024E","S1501_C03_024M","S1501_C01_025E","S1501_C01_025M","S1501_C02_025E","S1501_C02_025M","S1501_C03_025E","S1501_C03_025M","S1501_C01_026E","S1501_C01_026M","S1501_C02_026E","S1501_C02_026M","S1501_C03_026E","S1501_C03_026M","S1501_C01_027E","S1501_C01_027M","S1501_C02_027E","S1501_C02_027M","S1501_C03_027E","S1501_C03_027M","S1501_C01_028E","S1501_C01_028M","S1501_C02_028E","S1501_C02_028M","S1501_C03_028E","S1501_C03_028M","S1501_C01_029E","S1501_C01_029M","S1501_C02_029E","S1501_C02_029M","S1501_C03_029E","S1501_C03_029M","S1501_C01_030E","S1501_C01_030M","S1501_C02_030E","S1501_C02_030M","S1501_C03_030E","S1501_C03_030M","S1501_C01_031E","S1501_C01_031M","S1501_C02_031E","S1501_C02_031M","S1501_C03_031E","S1501_C03_031M","S1501_C01_032E","S1501_C01_032M","S1501_C02_032E","S1501_C02_032M","S1501_C03_032E","S1501_C03_032M","S1501_C01_033E","S1501_C01_033M","S1501_C02_033E","S1501_C02_033M","S1501_C03_033E","S1501_C03_033M","S1501_C01_034E","S1501_C01_034M","S1501_C02_034E","S1501_C02_034M","S1501_C03_034E","S1501_C03_034M","S1501_C01_035E","S1501_C01_035M","S1501_C02_035E","S1501_C02_035M","S1501_C03_035E","S1501_C03_035M","S1501_C01_036E","S1501_C01_036M","S1501_C02_036E","S1501_C02_036M","S1501_C03_036E","S1501_C03_036M","S1501_C01_037E","S1501_C01_037M","S1501_C02_037E","S1501_C02_037M","S1501_C03_037E","S1501_C03_037M","S1501_C01_038E","S1501_C01_038M","S1501_C02_038E","S1501_C02_038M","S1501_C03_038E","S1501_C03_038M",
"Geography","Geographic Area Name","Total!!Estimate!!Population 18 to 24 years","Total!!Margin of Error!!Population 18 to 24 years","Male!!Estimate!!Population 18 to 24 years","Male!!Margin of Error!!Population 18 to 24 years","Female!!Estimate!!Population 18 to 24 years","Female!!Margin of Error!!Population 18 to 24 years","Total!!Estimate!!Less than high school graduate","Total!!Margin of Error!!Less than high school graduate","Male!!Estimate!!Less than high school graduate","Male!!Margin of Error!!Less than high school graduate","Female!!Estimate!!Less than high school graduate","Female!!Margin of Error!!Less than high school graduate","Total!!Estimate!!High school graduate (includes equivalency)","Total!!Margin of Error!!High school graduate (includes equivalency)","Male!!Estimate!!High school graduate (includes equivalency)","Male!!Margin of Error!!High school graduate (includes equivalency)","Female!!Estimate!!High school graduate (includes equivalency)","Female!!Margin of Error!!High school graduate (includes equivalency)","Total!!Estimate!!Some college or associate's degree","Total!!Margin of Error!!Some college or associate's degree","Male!!Estimate!!Some college or associate's degree","Male!!Margin of Error!!Some college or associate's degree","Female!!Estimate!!Some college or associate's degree","Female!!Margin of Error!!Some college or associate's degree","Total!!Estimate!!Bachelor's degree or higher","Total!!Margin of Error!!Bachelor's degree or higher","Male!!Estimate!!Bachelor's degree or higher","Male!!Margin of Error!!Bachelor's degree or higher","Female!!Estimate!!Bachelor's degree or higher","Female!!Margin of Error!!Bachelor's degree or higher","Total!!Estimate!!Population 25 years and over","Total!!Margin of Error!!Population 25 years and over","Male!!Estimate!!Population 25 years and over","Male!!Margin of Error!!Population 25 years and over","Female!!Estimate!!Population 25 years and over","Female!!Margin of Error!!Population 25 years and over","Total!!Estimate!!Less than 9th grade","Total!!Margin of Error!!Less than 9th grade","Male!!Estimate!!Less than 9th grade","Male!!Margin of Error!!Less than 9th grade","Female!!Estimate!!Less than 9th grade","Female!!Margin of Error!!Less than 9th grade","Total!!Estimate!!9th to 12th grade, no diploma","Total!!Margin of Error!!9th to 12th grade, no diploma","Male!!Estimate!!9th to 12th grade, no diploma","Male!!Margin of Error!!9th to 12th grade, no diploma","Female!!Estimate!!9th to 12th grade, no diploma","Female!!Margin of Error!!9th to 12th grade, no diploma","Total!!Estimate!!High school graduate (includes equivalency)","Total!!Margin of Error!!High school graduate (includes equivalency)","Male!!Estimate!!High school graduate (includes equivalency)","Male!!Margin of Error!!High school graduate (includes equivalency)","Female!!Estimate!!High school graduate (includes equivalency)","Female!!Margin of Error!!High school graduate (includes equivalency)","Total!!Estimate!!Some college, no degree","Total!!Margin of Error!!Some college, no degree","Male!!Estimate!!Some college, no degree","Male!!Margin of Error!!Some college, no degree","Female!!Estimate!!Some college, no degree","Female!!Margin of Error!!Some college, no degree","Total!!Estimate!!Associate's degree","Total!!Margin of Error!!Associate's degree","Male!!Estimate!!Associate's degree","Male!!Margin of Error!!Associate's degree","Female!!Estimate!!Associate's degree","Female!!Margin of Error!!Associate's degree","Total!!Estimate!!Bachelor's degree","Total!!Margin of Error!!Bachelor's degree","Male!!Estimate!!Bachelor's degree","Male!!Margin of Error!!Bachelor's degree","Female!!Estimate!!Bachelor's degree","Female!!Margin of Error!!Bachelor's degree","Total!!Estimate!!Graduate or professional degree","Total!!Margin of Error!!Graduate or professional degree","Male!!Estimate!!Graduate or professional degree","Male!!Margin of Error!!Graduate or professional degree","Female!!Estimate!!Graduate or professional degree","Female!!Margin of Error!!Graduate or professional degree","Total!!Estimate!!Percent high school graduate or higher","Total!!Margin of Error!!Percent high school graduate or higher","Male!!Estimate!!Percent high school graduate or higher","Male!!Margin of Error!!Percent high school graduate or higher","Female!!Estimate!!Percent high school graduate or higher","Female!!Margin of Error!!Percent high school graduate or higher","Total!!Estimate!!Percent bachelor's degree or higher","Total!!Margin of Error!!Percent bachelor's degree or higher","Male!!Estimate!!Percent bachelor's degree or higher","Male!!Margin of Error!!Percent bachelor's degree or higher","Female!!Estimate!!Percent bachelor's degree or higher","Female!!Margin of Error!!Percent bachelor's degree or higher","Total!!Estimate!!Population 25 to 34 years","Total!!Margin of Error!!Population 25 to 34 years","Male!!Estimate!!Population 25 to 34 years","Male!!Margin of Error!!Population 25 to 34 years","Female!!Estimate!!Population 25 to 34 years","Female!!Margin of Error!!Population 25 to 34 years","Total!!Estimate!!High school graduate or higher","Total!!Margin of Error!!High school graduate or higher","Male!!Estimate!!High school graduate or higher","Male!!Margin of Error!!High school graduate or higher","Female!!Estimate!!High school graduate or higher","Female!!Margin of Error!!High school graduate or higher","Total!!Estimate!!Bachelor's degree or higher","Total!!Margin of Error!!Bachelor's degree or higher","Male!!Estimate!!Bachelor's degree or higher","Male!!Margin of Error!!Bachelor's degree or higher","Female!!Estimate!!Bachelor's degree or higher","Female!!Margin of Error!!Bachelor's degree or higher","Total!!Estimate!!Population 35 to 44 years","Total!!Margin of Error!!Population 35 to 44 years","Male!!Estimate!!Population 35 to 44 years","Male!!Margin of Error!!Population 35 to 44 years","Female!!Estimate!!Population 35 to 44 years","Female!!Margin of Error!!Population 35 to 44 years","Total!!Estimate!!High school graduate or higher","Total!!Margin of Error!!High school graduate or higher","Male!!Estimate!!High school graduate or higher","Male!!Margin of Error!!High school graduate or higher","Female!!Estimate!!High school graduate or higher","Female!!Margin of Error!!High school graduate or higher","Total!!Estimate!!Bachelor's degree or higher","Total!!Margin of Error!!Bachelor's degree or higher","Male!!Estimate!!Bachelor's degree or higher","Male!!Margin of Error!!Bachelor's degree or higher","Female!!Estimate!!Bachelor's degree or higher","Female!!Margin of Error!!Bachelor's degree or higher","Total!!Estimate!!Population 45 to 64 years","Total!!Margin of Error!!Population 45 to 64 years","Male!!Estimate!!Population 45 to 64 years","Male!!Margin of Error!!Population 45 to 64 years","Female!!Estimate!!Population 45 to 64 years","Female!!Margin of Error!!Population 45 to 64 years","Total!!Estimate!!High school graduate or higher","Total!!Margin of Error!!High school graduate or higher","Male!!Estimate!!High school graduate or higher","Male!!Margin of Error!!High school graduate or higher","Female!!Estimate!!High school graduate or higher","Female!!Margin of Error!!High school graduate or higher","Total!!Estimate!!Bachelor's degree or higher","Total!!Margin of Error!!Bachelor's degree or higher","Male!!Estimate!!Bachelor's degree or higher","Male!!Margin of Error!!Bachelor's degree or higher","Female!!Estimate!!Bachelor's degree or higher","Female!!Margin of Error!!Bachelor's degree or higher","Total!!Estimate!!Population 65 years and over","Total!!Margin of Error!!Population 65 years and over","Male!!Estimate!!Population 65 years and over","Male!!Margin of Error!!Population 65 years and over","Female!!Estimate!!Population 65 years and over","Female!!Margin of Error!!Population 65 years and over","Total!!Estimate!!High school graduate or higher","Total!!Margin of Error!!High school graduate or higher","Male!!Estimate!!High school graduate or higher","Male!!Margin of Error!!High school graduate or higher","Female!!Estimate!!High school graduate or higher","Female!!Margin of Error!!High school graduate or higher","Total!!Estimate!!Bachelor's degree or higher","Total!!Margin of Error!!Bachelor's degree or higher","Male!!Estimate!!Bachelor's degree or higher","Male!!Margin of Error!!Bachelor's degree or higher","Female!!Estimate!!Bachelor's degree or higher","Female!!Margin of Error!!Bachelor's degree or higher","Total!!Estimate!!POVERTY RATE FOR THE POPULATION 25 YEARS AND OVER FOR WHOM POVERTY STATUS IS DETERMINED BY EDUCATIONAL ATTAINMENT LEVEL!!Less than high school graduate","Total!!Margin of Error!!POVERTY RATE FOR THE POPULATION 25 YEARS AND OVER FOR WHOM POVERTY STATUS IS DETERMINED BY EDUCATIONAL ATTAINMENT LEVEL!!Less than high school graduate","Male!!Estimate!!POVERTY RATE FOR THE POPULATION 25 YEARS AND OVER FOR WHOM POVERTY STATUS IS DETERMINED BY EDUCATIONAL ATTAINMENT LEVEL!!Less than high school graduate","Male!!Margin of Error!!POVERTY RATE FOR THE POPULATION 25 YEARS AND OVER FOR WHOM POVERTY STATUS IS DETERMINED BY EDUCATIONAL ATTAINMENT LEVEL!!Less than high school graduate","Female!!Estimate!!POVERTY RATE FOR THE POPULATION 25 YEARS AND OVER FOR WHOM POVERTY STATUS IS DETERMINED BY EDUCATIONAL ATTAINMENT LEVEL!!Less than high school graduate","Female!!Margin of Error!!POVERTY RATE FOR THE POPULATION 25 YEARS AND OVER FOR WHOM POVERTY STATUS IS DETERMINED BY EDUCATIONAL ATTAINMENT LEVEL!!Less than high school graduate","Total!!Estimate!!POVERTY RATE FOR THE POPULATION 25 YEARS AND OVER FOR WHOM POVERTY STATUS IS DETERMINED BY EDUCATIONAL ATTAINMENT LEVEL!!High school graduate (includes equivalency)","Total!!Margin of Error!!POVERTY RATE FOR THE POPULATION 25 YEARS AND OVER FOR WHOM POVERTY STATUS IS DETERMINED BY EDUCATIONAL ATTAINMENT LEVEL!!High school graduate (includes equivalency)","Male!!Estimate!!POVERTY RATE FOR THE POPULATION 25 YEARS AND OVER FOR WHOM POVERTY STATUS IS DETERMINED BY EDUCATIONAL ATTAINMENT LEVEL!!High school graduate (includes equivalency)","Male!!Margin of Error!!POVERTY RATE FOR THE POPULATION 25 YEARS AND OVER FOR WHOM POVERTY STATUS IS DETERMINED BY EDUCATIONAL ATTAINMENT LEVEL!!High school graduate (includes equivalency)","Female!!Estimate!!POVERTY RATE FOR THE POPULATION 25 YEARS AND OVER FOR WHOM POVERTY STATUS IS DETERMINED BY EDUCATIONAL ATTAINMENT LEVEL!!High school graduate (includes equivalency)","Female!!Margin of Error!!POVERTY RATE FOR THE POPULATION 25 YEARS AND OVER FOR WHOM POVERTY STATUS IS DETERMINED BY EDUCATIONAL ATTAINMENT LEVEL!!High school graduate (includes equivalency)","Total!!Estimate!!POVERTY RATE FOR THE POPULATION 25 YEARS AND OVER FOR WHOM POVERTY STATUS IS DETERMINED BY EDUCATIONAL ATTAINMENT LEVEL!!Some college or associate's degree","Total!!Margin of Error!!POVERTY RATE FOR THE POPULATION 25 YEARS AND OVER FOR WHOM POVERTY STATUS IS DETERMINED BY EDUCATIONAL ATTAINMENT LEVEL!!Some college or associate's degree","Male!!Estimate!!POVERTY RATE FOR THE POPULATION 25 YEARS AND OVER FOR WHOM POVERTY STATUS IS DETERMINED BY EDUCATIONAL ATTAINMENT LEVEL!!Some college or associate's degree","Male!!Margin of Error!!POVERTY RATE FOR THE POPULATION 25 YEARS AND OVER FOR WHOM POVERTY STATUS IS DETERMINED BY EDUCATIONAL ATTAINMENT LEVEL!!Some college or associate's degree","Female!!Estimate!!POVERTY RATE FOR THE POPULATION 25 YEARS AND OVER FOR WHOM POVERTY STATUS IS DETERMINED BY EDUCATIONAL ATTAINMENT LEVEL!!Some college or associate's degree","Female!!Margin of Error!!POVERTY RATE FOR THE POPULATION 25 YEARS AND OVER FOR WHOM POVERTY STATUS IS DETERMINED BY EDUCATIONAL ATTAINMENT LEVEL!!Some college or associate's degree","Total!!Estimate!!POVERTY RATE FOR THE POPULATION 25 YEARS AND OVER FOR WHOM POVERTY STATUS IS DETERMINED BY EDUCATIONAL ATTAINMENT LEVEL!!Bachelor's degree or higher","Total!!Margin of Error!!POVERTY RATE FOR THE POPULATION 25 YEARS AND OVER FOR WHOM POVERTY STATUS IS DETERMINED BY EDUCATIONAL ATTAINMENT LEVEL!!Bachelor's degree or higher","Male!!Estimate!!POVERTY RATE FOR THE POPULATION 25 YEARS AND OVER FOR WHOM POVERTY STATUS IS DETERMINED BY EDUCATIONAL ATTAINMENT LEVEL!!Bachelor's degree or higher","Male!!Margin of Error!!POVERTY RATE FOR THE POPULATION 25 YEARS AND OVER FOR WHOM POVERTY STATUS IS DETERMINED BY EDUCATIONAL ATTAINMENT LEVEL!!Bachelor's degree or higher","Female!!Estimate!!POVERTY RATE FOR THE POPULATION 25 YEARS AND OVER FOR WHOM POVERTY STATUS IS DETERMINED BY EDUCATIONAL ATTAINMENT LEVEL!!Bachelor's degree or higher","Female!!Margin of Error!!POVERTY RATE FOR THE POPULATION 25 YEARS AND OVER FOR WHOM POVERTY STATUS IS DETERMINED BY EDUCATIONAL ATTAINMENT LEVEL!!Bachelor's degree or higher","Total!!Estimate!!MEDIAN EARNINGS IN THE PAST 12 MONTHS (IN 2010 INFLATION-ADJUSTED DOLLARS)!!Population 25 years and over with earnings","Total!!Margin of Error!!MEDIAN EARNINGS IN THE PAST 12 MONTHS (IN 2010 INFLATION-ADJUSTED DOLLARS)!!Population 25 years and over with earnings","Male!!Estimate!!MEDIAN EARNINGS IN THE PAST 12 MONTHS (IN 2010 INFLATION-ADJUSTED DOLLARS)!!Population 25 years and over with earnings","Male!!Margin of Error!!MEDIAN EARNINGS IN THE PAST 12 MONTHS (IN 2010 INFLATION-ADJUSTED DOLLARS)!!Population 25 years and over with earnings","Female!!Estimate!!MEDIAN EARNINGS IN THE PAST 12 MONTHS (IN 2010 INFLATION-ADJUSTED DOLLARS)!!Population 25 years and over with earnings","Female!!Margin of Error!!MEDIAN EARNINGS IN THE PAST 12 MONTHS (IN 2010 INFLATION-ADJUSTED DOLLARS)!!Population 25 years and over with earnings","Total!!Estimate!!MEDIAN EARNINGS IN THE PAST 12 MONTHS (IN 2010 INFLATION-ADJUSTED DOLLARS)!!Less than high school graduate","Total!!Margin of Error!!MEDIAN EARNINGS IN THE PAST 12 MONTHS (IN 2010 INFLATION-ADJUSTED DOLLARS)!!Less than high school graduate","Male!!Estimate!!MEDIAN EARNINGS IN THE PAST 12 MONTHS (IN 2010 INFLATION-ADJUSTED DOLLARS)!!Less than high school graduate","Male!!Margin of Error!!MEDIAN EARNINGS IN THE PAST 12 MONTHS (IN 2010 INFLATION-ADJUSTED DOLLARS)!!Less than high school graduate","Female!!Estimate!!MEDIAN EARNINGS IN THE PAST 12 MONTHS (IN 2010 INFLATION-ADJUSTED DOLLARS)!!Less than high school graduate","Female!!Margin of Error!!MEDIAN EARNINGS IN THE PAST 12 MONTHS (IN 2010 INFLATION-ADJUSTED DOLLARS)!!Less than high school graduate","Total!!Estimate!!MEDIAN EARNINGS IN THE PAST 12 MONTHS (IN 2010 INFLATION-ADJUSTED DOLLARS)!!High school graduate (includes equivalency)","Total!!Margin of Error!!MEDIAN EARNINGS IN THE PAST 12 MONTHS (IN 2010 INFLATION-ADJUSTED DOLLARS)!!High school graduate (includes equivalency)","Male!!Estimate!!MEDIAN EARNINGS IN THE PAST 12 MONTHS (IN 2010 INFLATION-ADJUSTED DOLLARS)!!High school graduate (includes equivalency)","Male!!Margin of Error!!MEDIAN EARNINGS IN THE PAST 12 MONTHS (IN 2010 INFLATION-ADJUSTED DOLLARS)!!High school graduate (includes equivalency)","Female!!Estimate!!MEDIAN EARNINGS IN THE PAST 12 MONTHS (IN 2010 INFLATION-ADJUSTED DOLLARS)!!High school graduate (includes equivalency)","Female!!Margin of Error!!MEDIAN EARNINGS IN THE PAST 12 MONTHS (IN 2010 INFLATION-ADJUSTED DOLLARS)!!High school graduate (includes equivalency)","Total!!Estimate!!MEDIAN EARNINGS IN THE PAST 12 MONTHS (IN 2010 INFLATION-ADJUSTED DOLLARS)!!Some college or associate's degree","Total!!Margin of Error!!MEDIAN EARNINGS IN THE PAST 12 MONTHS (IN 2010 INFLATION-ADJUSTED DOLLARS)!!Some college or associate's degree","Male!!Estimate!!MEDIAN EARNINGS IN THE PAST 12 MONTHS (IN 2010 INFLATION-ADJUSTED DOLLARS)!!Some college or associate's degree","Male!!Margin of Error!!MEDIAN EARNINGS IN THE PAST 12 MONTHS (IN 2010 INFLATION-ADJUSTED DOLLARS)!!Some college or associate's degree","Female!!Estimate!!MEDIAN EARNINGS IN THE PAST 12 MONTHS (IN 2010 INFLATION-ADJUSTED DOLLARS)!!Some college or associate's degree","Female!!Margin of Error!!MEDIAN EARNINGS IN THE PAST 12 MONTHS (IN 2010 INFLATION-ADJUSTED DOLLARS)!!Some college or associate's degree","Total!!Estimate!!MEDIAN EARNINGS IN THE PAST 12 MONTHS (IN 2010 INFLATION-ADJUSTED DOLLARS)!!Bachelor's degree","Total!!Margin of Error!!MEDIAN EARNINGS IN THE PAST 12 MONTHS (IN 2010 INFLATION-ADJUSTED DOLLARS)!!Bachelor's degree","Male!!Estimate!!MEDIAN EARNINGS IN THE PAST 12 MONTHS (IN 2010 INFLATION-ADJUSTED DOLLARS)!!Bachelor's degree","Male!!Margin of Error!!MEDIAN EARNINGS IN THE PAST 12 MONTHS (IN 2010 INFLATION-ADJUSTED DOLLARS)!!Bachelor's degree","Female!!Estimate!!MEDIAN EARNINGS IN THE PAST 12 MONTHS (IN 2010 INFLATION-ADJUSTED DOLLARS)!!Bachelor's degree","Female!!Margin of Error!!MEDIAN EARNINGS IN THE PAST 12 MONTHS (IN 2010 INFLATION-ADJUSTED DOLLARS)!!Bachelor's degree","Total!!Estimate!!MEDIAN EARNINGS IN THE PAST 12 MONTHS (IN 2010 INFLATION-ADJUSTED DOLLARS)!!Graduate or professional degree","Total!!Margin of Error!!MEDIAN EARNINGS IN THE PAST 12 MONTHS (IN 2010 INFLATION-ADJUSTED DOLLARS)!!Graduate or professional degree","Male!!Estimate!!MEDIAN EARNINGS IN THE PAST 12 MONTHS (IN 2010 INFLATION-ADJUSTED DOLLARS)!!Graduate or professional degree","Male!!Margin of Error!!MEDIAN EARNINGS IN THE PAST 12 MONTHS (IN 2010 INFLATION-ADJUSTED DOLLARS)!!Graduate or professional degree","Female!!Estimate!!MEDIAN EARNINGS IN THE PAST 12 MONTHS (IN 2010 INFLATION-ADJUSTED DOLLARS)!!Graduate or professional degree","Female!!Margin of Error!!MEDIAN EARNINGS IN THE PAST 12 MONTHS (IN 2010 INFLATION-ADJUSTED DOLLARS)!!Graduate or professional degree","Total!!Estimate!!PERCENT IMPUTED!!Educational attainment","Total!!Margin of Error!!PERCENT IMPUTED!!Educational attainment","Male!!Estimate!!PERCENT IMPUTED!!Educational attainment","Male!!Margin of Error!!PERCENT IMPUTED!!Educational attainment","Female!!Estimate!!PERCENT IMPUTED!!Educational attainment","Female!!Margin of Error!!PERCENT IMPUTED!!Educational attainment",
"1400000US06111000100","Census Tract 1, Ventura County, California","55","71","32","36","23","37","0.0","44.4","0.0","58.2","0.0","68.6","20.0","47.5","34.4","57.2","0.0","68.6","80.0","47.5","65.6","57.2","100.0","68.6","0.0","44.4","0.0","58.2","0.0","68.6","631","106","311","77","320","62","7.3","10.7","9.3","13.2","5.3","8.1","10.8","7.3","12.2","11.3","9.4","7.6","19.0","9.6","17.4","10.0","20.6","14.3","27.4","11.5","21.9","11.0","32.8","19.5","4.6","4.5","9.3","9.1","0.0","11.7","19.7","11.2","18.3","13.1","20.9","12.8","11.3","6.3","11.6","7.0","10.9","10.3","81.9","11.5","78.5","17.2","85.3","8.6","30.9","12.6","29.9","14.5","31.9","16.0","50","35","33","31","17","19","100.0","46.5","100.0","57.3","100.0","79.8","50.0","25.1","60.6","30.2","29.4","53.0","101","37","60","37","41","22","75.2","17.2","80.0","27.4","68.3","36.9","31.7","19.7","20.0","29.0","48.8","37.6","335","89","137","46","198","68","81.8","15.7","80.3","19.3","82.8","14.6","24.5","13.4","26.3","16.1","23.2","18.7","145","37","81","29","64","14","80.7","22.7","65.4","42.2","100.0","41.1","38.6","46.2","30.9","41.8","48.4","51.6","41.2","38.4","50.7","42.9","27.7","46.8","0.0","27.7","0.0","44.8","0.0","40.5","6.4","10.3","13.4","20.0","0.0","30.6","6.7","10.0","0.0","33.4","12.7","18.6","31932","16135","36667","19501","24563","25067","16985","7496","16985","7496","-","-222222222","46607","14045","47143","61710","24625","50460","21635","12673","24327","62250","7432","35743","60927","1110","31389","58028","-","-222222222","47000","36271","65789","38166","4615","73145","1.4","(X)","(X)","(X)","(X)","-888888888",
"1400000US06111000200","Census Tract 2, Ventura County, California","319","107","171","93","148","71","15.4","11.3","7.6","12.9","24.3","18.9","44.2","16.0","55.0","20.3","31.8","22.8","40.4","15.2","37.4","20.1","43.9","26.1","0.0","11.8","0.0","20.7","0.0","23.4","1482","177","755","119","727","113","31.4","8.7","32.8","10.0","29.8","8.9","15.0","6.3","14.3","7.0","15.8","8.8","19.0","6.4","22.5","10.3","15.3","7.7","20.8","11.0","20.3","12.4","21.3","11.2","6.7","5.8","5.4","5.3","8.0","10.1","5.3","4.4","2.0","3.1","8.8","7.1","1.8","2.4","2.6","4.5","1.0","1.5","53.6","10.0","52.8","12.8","54.3","10.5","7.2","5.9","4.6","5.6","9.8","7.0","461","137","196","91","265","77","71.8","15.8","74.5","22.5","69.8","18.9","4.3","7.8","0.0","18.4","7.5","12.9","249","113","131","73","118","58","70.3","18.3","65.6","25.9","75.4","20.1","20.1","18.0","26.7","27.0","12.7","19.3","619","130","327","86","292","76","40.5","15.5","42.2","20.1","38.7","17.1","5.8","4.8","0.0","11.5","12.3","9.6","153","75","101","60","52","44","24.2","14.5","28.7","16.0","15.4","27.2","0.0","22.7","0.0","31.5","0.0","45.6","17.7","11.4","16.3","12.7","19.3","13.7","0.0","13.2","0.0","20.8","0.0","29.4","6.9","8.6","9.3","15.0","4.7","7.7","0.0","30.4","0.0","55.6","0.0","39.0","26284","4012","32805","3901","23205","3513","19375","8046","20882","6815","15278","8569","27466","17709","46190","24228","17679","16959","34514","6467","34785","10991","24938","22967","41250","37556","-","**","37500","9686","51688","81923","-","**","-","-222222222","2.5","(X)","(X)","(X)","(X)","-888888888",
"1400000US06111000302","Census Tract 3.02, Ventura County, California","544","182","301","129","243","129","3.5","5.9","6.3","10.6","0.0","15.1","35.8","20.5","49.8","27.3","18.5","19.2","60.7","20.8","43.9","26.5","81.5","19.2","0.0","7.1","0.0","12.4","0.0","15.1","4408","328","2138","210","2270","206","18.7","6.3","20.3","6.7","17.3","6.5","8.4","3.5","6.2","2.9","10.5","5.8","30.1","6.6","28.8","8.1","31.3","8.5","19.6","4.9","17.5","6.1","21.5","6.7","5.1","2.4","5.9","3.7","4.4","2.9","10.4","4.1","16.8","8.8","4.3","3.2","7.7","3.6","4.4","3.2","10.7","6.0","72.8","6.3","73.5","7.4","72.2","6.9","18.0","6.6","21.2","8.7","15.0","6.5","815","283","378","159","437","179","81.0","10.5","86.0","12.9","76.7","15.5","25.4","16.5","31.2","21.2","20.4","19.4","911","194","498","126","413","115","76.8","10.9","76.9","13.4","76.8","17.7","26.8","17.2","31.7","21.0","20.8","21.2","1625","274","760","159","865","168","76.0","10.3","70.9","12.3","80.5","9.9","14.2","7.5","15.3","9.2","13.2","7.4","1057","171","502","129","555","118","58.3","17.4","64.5","20.4","52.6","17.6","10.8","7.5","12.4","10.7","9.4","7.3","21.6","15.1","21.0","14.3","22.2","17.6","8.1","9.6","7.3","11.4","8.7","8.8","4.2","5.2","0.0","7.7","7.8","9.7","0.0","4.9","0.0","8.4","0.0","11.1","34709","3424","40167","20465","32308","5493","19861","9405","17422","11135","22841","9564","35305","8375","51000","19850","27083","8401","35399","2903","50588","31364","34688","2672","54926","17977","65212","17044","48140","38307","36793","42416","32344","123928","36929","35356","4.9","(X)","(X)","(X)","(X)","-888888888",
"1400000US06111000303","Census Tract 3.03, Ventura County, California","526","175","236","149","290","113","9.5","7.7","11.4","19.5","7.9","11.8","32.9","21.4","39.0","35.0","27.9","23.6","54.6","20.5","42.8","29.4","64.1","24.1","3.0","5.7","6.8","11.7","0.0","12.9","3091","284","1413","171","1678","188","19.2","5.9","26.7","8.2","13.0","6.7","12.7","5.8","15.1","8.9","10.7","7.4","20.3","6.6","15.6","6.9","24.3","9.9","28.0","8.0","24.0","9.9","31.4","9.7","6.2","3.4","6.4","5.0","6.1","4.0","7.4","4.2","8.6","6.4","6.4","4.1","6.0","3.3","3.5","3.4","8.2","5.1","68.0","8.5","58.2","11.6","76.3","8.8","13.5","4.8","12.1","7.0","14.6","6.3","433","185","242","125","191","117","71.1","22.8","65.7","28.5","78.0","32.1","12.9","10.9","15.7","16.8","9.4","16.6","1016","186","544","112","472","126","62.2","13.8","45.4","19.0","81.6","15.1","9.4","5.9","4.8","5.9","14.8","11.7","1133","160","469","91","664","115","73.1","8.6","69.7","17.4","75.5","14.5","20.7","8.2","18.3","12.9","22.4","13.4","509","190","158","83","351","167","65.8","13.8","56.3","27.6","70.1","14.1","5.7","7.0","13.3","20.3","2.3","3.6","20.8","15.3","20.2","15.1","21.7","19.3","3.1","5.3","0.0","16.5","4.9","8.6","3.3","4.6","0.0","9.2","5.6","7.7","5.4","8.1","0.0","20.7","9.5","15.4","40503","5814","39756","9759","41250","8522","23690","3682","25986","7721","13679","4300","35703","19964","61106","21954","28987","2394","44722","9876","50074","25294","44653","8724","66607","45228","22981","61585","87438","36580","86313","47474","85438","92772","111029","57891","6.3","(X)","(X)","(X)","(X)","-888888888",
"1400000US06111000304","Census Tract 3.04, Ventura County, California","453","208","164","93","289","188","24.9","20.7","10.4","15.6","33.2","31.6","21.2","22.1","21.3","32.9","21.1","26.1","53.9","27.0","68.3","36.5","45.7","34.3","0.0","8.4","0.0","21.4","0.0","12.9","2671","326","1382","246","1289","130","21.0","7.1","17.8","7.9","24.4","8.7","14.5","7.0","15.0","7.8","14.0","8.6","21.3","8.9","19.5","12.1","23.1","9.5","21.8","5.7","30.5","9.6","12.3","4.7","6.6","4.5","6.5","5.1","6.7","4.9","6.1","3.0","4.5","3.3","7.8","5.5","8.8","5.9","6.2","5.0","11.7","8.3","64.5","7.7","67.2","9.5","61.7","9.5","14.9","6.9","10.6","6.0","19.6","10.0","775","223","362","157","413","124","52.0","18.2","57.2","23.0","47.5","17.9","2.7","3.2","0.0","10.5","5.1","6.0","801","210","424","145","377","137","68.2","15.4","61.6","20.1","75.6","17.4","31.1","18.7","21.9","16.1","41.4","25.1","874","242","506","178","368","90","75.7","10.7","76.7","11.7","74.5","15.2","11.1","6.7","5.1","5.5","19.3","13.9","221","119","90","62","131","80","51.1","27.1","81.1","24.7","30.5","27.7","14.5","16.9","31.1","33.3","3.1","4.7","16.3","14.5","15.0","16.2","17.4","14.2","0.9","1.6","1.9","3.9","0.0","12.5","4.6","4.3","2.9","3.5","8.2","10.5","4.8","5.7","7.5","12.3","3.2","5.5","33357","9031","35250","13921","32795","19347","23059","5935","27424","11911","12324","11475","40804","35544","52118","31475","20333","20714","35777","10502","33750","14938","43000","18968","67569","49206","35417","62239","68264","27818","84875","43480","54583","77609","110214","84556","4.3","(X)","(X)","(X)","(X)","-888888888",
"1400000US06111000400","Census Tract 4, Ventura County, California","1006","300","387","135","619","277","22.8","12.1","45.5","18.6","8.6","8.5","32.0","12.3","18.9","12.1","40.2","17.3","43.6","13.2","35.7","16.6","48.6","15.2","1.6","2.5","0.0","9.8","2.6","3.9","3468","273","1689","168","1779","165","29.0","5.5","33.6","8.9","24.7","6.0","10.8","4.0","6.7","4.8","14.6","4.8","16.8","3.8","17.6","4.9","16.1","5.7","24.4","5.2","25.8","8.5","23.2","6.4","6.4","2.2","5.0","2.9","7.6","3.8","6.3","2.5","6.8","3.4","5.8","2.7","6.3","3.0","4.5","2.4","8.0","4.8","60.2","5.8","59.7","8.5","60.7","6.3","12.6","3.4","11.3","3.3","13.8","5.0","808","209","371","126","437","126","59.0","14.0","61.7","20.4","56.8","15.0","4.7","4.6","4.6","8.0","4.8","4.7","791","167","380","107","411","102","45.9","14.5","50.0","18.2","42.1","16.1","4.3","4.3","3.7","4.3","4.9","5.3","1324","173","643","97","681","103","67.2","7.8","63.8","10.6","70.5","9.7","18.0","5.7","16.2","7.2","19.7","6.5","545","143","295","103","250","96","65.7","14.1","60.7","21.1","71.6","14.4","23.3","12.0","19.0","12.0","28.4","19.8","26.0","12.2","25.0","13.5","27.0","13.1","12.7","12.1","8.1","12.2","17.5","15.3","4.0","3.8","6.2","7.1","2.0","3.1","3.9","6.2","8.9","13.9","0.0","15.0","25926","3936","30858","9176","22920","3955","16630","7529","21708","4822","10625","4679","26845","8959","40641","17939","19423","8836","35017","7449","55600","21369","25363","6022","70966","19619","71591","7685","59583","25711","90000","19134","153462","89688","68750","15572","5.4","(X)","(X)","(X)","(X)","-888888888",
"1400000US06111000500","Census Tract 5, Ventura County, California","404","165","365","156","39","37","67.3","14.2","72.6","11.9","17.9","30.8","24.8","8.7","18.6","6.6","82.1","30.8","7.9","9.5","8.8","11.3","0.0","52.7","0.0","9.4","0.0","10.4","0.0","52.7","1982","333","1246","281","736","118","19.2","7.1","15.4","5.3","25.7","14.0","26.8","6.6","34.8","8.4","13.3","7.0","26.7","6.8","25.4","7.0","29.1","11.7","17.0","5.4","12.0","5.0","25.5","9.7","2.6","1.8","2.1","2.3","3.4","3.2","5.0","3.0","6.6","4.0","2.4","3.0","2.6","2.6","3.8","4.3","0.5","0.8","53.9","6.9","49.8","8.3","61.0","13.5","7.6","3.8","10.4","5.5","3.0","3.0","459","116","366","105","93","45","46.2","17.6","42.6","17.8","60.2","35.9","1.1","2.1","1.4","2.7","0.0","33.4","675","245","459","213","216","91","54.1","12.6","51.9","13.5","58.8","22.3","7.1","6.1","10.0","8.0","0.9","1.9","442","162","263","114","179","82","56.6","13.3","55.1","16.7","58.7","25.8","13.8","11.1","16.3","14.6","10.1","12.5","406","128","158","74","248","71","59.6","14.2","51.3","35.9","64.9","19.9","9.1","11.3","22.2","29.3","0.8","1.7","15.3","16.2","18.4","19.5","12.2","15.2","2.6","4.6","0.0","25.5","4.2","7.2","3.6","6.0","0.0","27.3","5.6","9.4","0.0","36.7","0.0","43.2","0.0","70.1","22447","4560","17875","4409","27056","3329","16366","4715","12218","6438","26695","4187","25313","7901","25929","10459","22038","10988","32500","16305","45227","43505","29583","13322","67039","37359","76964","49080","34750","24859","13821","342","-","**","-","-222222222","8.9","(X)","(X)","(X)","(X)","-888888888",
"1400000US06111000600","Census Tract 6, Ventura County, California","455","141","285","125","170","76","29.9","15.7","36.8","22.8","18.2","19.4","42.6","16.2","35.8","22.6","54.1","24.8","27.5","14.9","27.4","20.1","27.6","24.1","0.0","8.4","0.0","13.1","0.0","20.8","3570","546","1719","357","1851","244","36.9","7.3","36.4","9.6","37.3","8.6","12.2","3.6","12.9","5.0","11.6","5.3","25.8","5.9","28.6","9.5","23.2","7.0","17.6","5.2","17.6","7.7","17.6","6.3","2.6","2.1","0.0","2.3","5.0","3.9","3.2","1.9","2.7","2.2","3.7","2.9","1.7","1.4","1.8","1.6","1.6","2.1","50.9","8.2","50.7","11.0","51.1","9.2","4.9","2.3","4.5","2.7","5.3","3.5","1031","284","536","194","495","147","56.8","18.2","56.0","19.7","57.8","22.2","2.2","3.5","0.0","7.2","4.6","7.3","500","138","243","94","257","94","53.8","17.2","42.0","22.9","65.0","20.3","2.0","3.1","0.0","15.1","3.9","6.1","1278","216","633","143","645","127","49.9","12.6","52.8","19.4","47.1","14.0","7.0","4.9","7.9","6.3","6.0","6.7","761","190","307","172","454","102","42.6","10.5","44.0","18.2","41.6","13.7","7.1","5.9","9.1","9.4","5.7","9.1","28.9","8.5","24.6","11.5","32.8","9.6","41.3","13.6","38.1","20.9","45.0","16.4","19.4","12.6","15.2","16.7","22.4","17.1","0.0","20.2","0.0","37.2","0.0","32.2","18351","2858","19558","3100","16387","1981","16545","3946","19150","4570","14554","4812","15814","4378","18445","6229","11953","8860","24798","6905","31250","30944","23226","9497","30337","19821","20962","25227","31106","15557","80345","32501","60313","72500","-","-222222222","16.2","(X)","(X)","(X)","(X)","-888888888",
"1400000US06111000701","Census Tract 7.01, Ventura County, California","822","333","373","220","449","265","33.9","21.1","26.8","22.3","39.9","33.9","45.9","21.0","49.3","21.3","43.0","31.6","20.2","13.5","23.9","17.9","17.1","20.5","0.0","4.7","0.0","10.2","0.0","8.5","3239","339","1589","296","1650","228","26.5","9.0","31.9","13.8","21.2","8.8","13.5","5.3","11.9","9.0","15.0","7.6","35.2","8.3","40.7","12.6","29.9","9.4","14.5","6.8","11.3","6.3","17.6","9.3","4.2","2.9","0.9","1.6","7.3","5.2","4.6","2.9","3.3","3.2","5.8","3.9","1.6","1.7","0.0","2.5","3.2","3.3","60.0","9.2","56.2","14.3","63.8","10.1","6.2","3.3","3.3","3.2","8.9","4.7","1047","330","553","304","494","168","63.7","21.1","54.6","33.8","73.9","18.4","4.8","5.4","0.0","7.0","10.1","11.4","853","206","506","159","347","131","63.9","13.6","65.8","17.8","61.1","23.4","8.9","7.0","6.1","8.2","13.0","13.1","939","232","397","113","542","140","59.7","15.3","57.2","20.9","61.6","18.4","7.9","6.8","5.5","8.9","9.6","9.2","400","154","133","80","267","121","43.0","19.2","23.3","22.2","52.8","24.0","0.0","9.5","0.0","25.5","0.0","13.9","17.4","11.1","7.4","8.3","29.3","17.4","4.6","4.5","5.4","6.2","3.5","5.8","15.3","13.0","9.3","13.7","18.2","17.8","0.0","18.8","0.0","49.6","0.0","23.5","29135","2127","29448","3021","26429","7620","22048","9197","26231","7435","11279","7917","30753","1885","32225","16549","26786","8865","44020","10181","44625","46035","43309","17795","61228","9055","61774","32079","60602","45937","120875","135850","-","**","120875","135850","3.5","(X)","(X)","(X)","(X)","-888888888",
"1400000US06111000702","Census Tract 7.02, Ventura County, California","509","213","372","186","137","91","16.9","11.9","16.7","13.8","17.5","24.2","30.5","15.3","33.1","20.2","23.4","27.8","52.7","20.3","50.3","26.9","59.1","33.0","0.0","7.6","0.0","10.2","0.0","24.9","2109","242","1027","186","1082","195","21.1","8.1","34.4","14.6","8.4","5.2","8.8","4.4","5.1","3.9","12.4","6.8","26.4","8.1","31.3","13.3","21.7","9.7","21.2","7.0","9.4","5.3","32.3","11.2","11.6","5.6","10.2","5.7","12.9","7.3","7.3","5.2","6.9","6.2","7.6","6.1","3.7","2.3","2.7","2.5","4.6","4.5","70.1","8.0","60.6","14.6","79.2","8.9","11.0","6.3","9.6","6.1","12.2","7.5","681","265","364","189","317","124","72.2","18.6","63.7","36.6","82.0","16.4","5.6","6.5","2.7","5.1","8.8","10.2","443","172","218","119","225","108","73.6","15.5","54.6","21.8","92.0","13.4","9.3","10.0","9.6","15.6","8.9","10.5","698","196","300","126","398","138","71.8","15.7","68.0","21.1","74.6","17.8","20.9","12.4","20.7","15.8","21.1","14.7","287","129","145","82","142","97","55.7","20.3","46.2","29.7","65.5","20.3","2.1","3.5","4.1","7.4","0.0","24.2","14.3","11.9","12.1","15.5","18.2","19.5","4.7","5.7","6.5","8.8","2.1","4.0","6.9","10.7","0.0","17.9","9.8","15.0","0.0","15.8","0.0","32.0","0.0","25.7","35341","6869","36442","9669","31913","6937","22983","10447","26579","18352","14088","4426","32868","9019","34485","23678","30972","15318","38824","12802","41197","8969","33750","13442","51382","8446","51208","35723","52031","36477","62143","48149","220208","254463","61161","15054","3.7","(X)","(X)","(X)","(X)","-888888888",
"1400000US06111000800","Census Tract 8, Ventura County, California","603","129","212","77","391","113","6.8","6.4","14.6","15.1","2.6","4.1","28.4","11.0","45.3","18.4","19.2","11.9","59.2","13.4","40.1","17.8","69.6","15.4","5.6","5.2","0.0","17.1","8.7","8.2","4903","385","2300","222","2603","263","14.8","3.8","15.9","4.5","13.9","4.1","7.2","3.2","7.1","3.9","7.3","3.2","23.2","4.0","24.7","6.0","21.9","5.1","28.6","4.2","23.0","4.8","33.5","6.3","6.9","2.2","6.7","3.2","7.1","2.4","13.5","4.5","12.9","4.6","14.0","6.1","5.9","2.2","9.8","4.4","2.5","1.3","78.0","4.9","77.0","5.7","78.9","5.1","19.4","5.8","22.7","7.7","16.4","6.0","940","225","529","159","411","113","80.3","9.8","86.4","10.0","72.5","13.4","33.7","20.6","36.7","23.8","29.9","18.7","853","153","411","92","442","101","66.6","14.5","58.2","16.4","74.4","14.9","9.3","6.5","14.4","9.9","4.5","4.1","2015","172","967","127","1048","110","82.3","5.6","79.8","7.1","84.5","6.0","19.4","6.6","21.4","8.8","17.5","8.3","1095","159","393","89","702","114","77.0","7.5","77.1","10.3","76.9","8.6","15.0","7.9","15.8","9.2","14.5","10.0","17.1","8.4","14.6","9.5","19.5","10.3","9.3","6.9","0.9","1.3","17.8","12.7","4.9","3.3","0.7","1.2","7.6","5.1","12.4","14.7","1.1","2.2","26.2","28.1","36903","3176","40009","2699","30603","5446","20747","3708","22074","5231","16875","4766","39094","3076","39565","7761","35179","20654","38079","6690","45000","13609","34375","4483","40500","31506","48600","17093","20000","31814","79464","21795","87635","38037","77857","10748","4.5","(X)","(X)","(X)","(X)","-888888888",
"1400000US06111000901","Census Tract 9.01, Ventura County, California","241","84","98","74","143","45","5.0","8.6","0.0","32.2","8.4","13.3","41.1","37.4","30.6","43.9","48.3","37.3","53.9","40.8","69.4","43.9","43.4","41.5","0.0","15.2","0.0","32.2","0.0","24.1","2110","201","996","132","1114","131","1.8","1.3","1.4","2.2","2.1","2.2","4.1","2.9","2.0","2.2","6.0","5.0","14.5","6.5","14.1","8.3","14.9","7.0","21.3","5.7","20.0","7.9","22.5","7.2","7.9","3.9","1.2","1.7","13.9","6.8","25.4","5.9","33.1","9.0","18.4","6.7","25.0","5.2","28.2","7.4","22.2","7.7","94.1","3.6","96.6","3.2","91.9","4.8","50.4","6.8","61.3","8.4","40.6","8.4","133","77","20","30","113","56","100.0","25.5","100.0","73.6","100.0","29.0","54.1","33.5","100.0","73.6","46.0","32.9","199","62","108","40","91","52","95.0","7.8","100.0","30.0","89.0","16.5","47.7","25.0","52.8","34.8","41.8","27.6","995","118","518","78","477","77","96.0","2.9","96.7","3.7","95.2","5.2","56.8","10.5","61.0","12.5","52.2","13.2","783","141","350","79","433","90","90.5","8.2","95.1","5.4","86.8","11.5","42.3","11.3","62.3","15.5","26.1","13.4","13.7","20.9","0.0","73.6","18.9","30.3","6.9","8.5","7.6","14.2","6.0","10.3","3.8","3.9","0.0","19.2","5.6","5.9","4.4","4.1","2.8","3.5","6.4","6.3","44494","11163","62361","24154","32097","11152","18500","10380","-","**","17292","1959","44250","14267","62727","32696","21563","13139","32159","33942","62500","99887","17656","34232","48958","31470","45000","33789","62031","43981","62895","38253","100795","40628","34152","24916","1.3","(X)","(X)","(X)","(X)","-888888888",
"1400000US06111000902","Census Tract 9.02, Ventura County, California","245","104","165","103","80","60","24.5","17.8","30.3","27.7","12.5","20.2","48.6","22.7","55.8","30.1","33.8","43.4","22.4","20.5","13.9","21.7","40.0","41.6","4.5","7.3","0.0","21.3","13.8","22.4","1530","207","833","161","697","119","16.7","13.0","20.4","15.6","12.2","10.7","3.4","2.7","3.8","3.6","2.9","3.1","16.1","7.6","19.8","11.9","11.6","7.8","22.1","8.7","16.2","8.1","29.1","12.4","9.5","4.4","6.7","6.3","12.8","6.6","20.1","7.8","18.0","8.8","22.7","10.5","12.2","4.9","15.0","6.9","8.8","4.9","79.9","12.9","75.8","15.4","84.9","11.1","32.3","10.0","33.0","12.9","31.4","11.1","173","125","122","119","51","43","67.1","36.8","62.3","50.1","78.4","35.7","5.2","10.5","7.4","18.0","0.0","46.1","340","178","166","124","174","86","49.4","28.6","53.0","43.3","46.0","28.0","5.3","6.5","5.4","10.9","5.2","8.8","720","139","358","78","362","104","92.5","6.9","84.9","12.7","100.0","10.5","44.3","11.9","43.9","16.7","44.8","15.2","297","113","187","75","110","55","91.9","8.2","87.2","12.4","100.0","29.6","49.8","15.0","53.5","16.2","43.6","25.7","15.0","16.7","22.8","24.8","0.0","30.6","14.6","18.6","0.0","21.3","44.4","38.8","5.8","5.5","9.4","8.5","3.4","5.3","2.0","3.0","3.6","5.5","0.0","16.6","40104","24298","41361","1613","23026","12477","14970","12252","17424","26400","13065","5216","41012","5030","41548","1463","24750","15992","40218","22602","41607","19358","26071","12270","50690","46967","63380","43340","17083","73713","100313","27868","101875","29528","81111","41116","2.3","(X)","(X)","(X)","(X)","-888888888",
"1400000US06111000903","Census Tract 9.03, Ventura County, California","419","123","156","90","263","93","16.5","12.2","19.9","17.6","14.4","20.3","28.4","17.1","31.4","21.8","26.6","21.5","52.3","22.0","48.7","32.8","54.4","24.3","2.9","5.0","0.0","22.4","4.6","8.0","3918","264","1681","212","2237","171","6.8","3.5","5.4","3.6","7.9","5.8","4.2","2.6","4.7","4.8","3.9","2.8","15.7","3.7","15.7","5.3","15.8","5.6","25.2","5.7","22.7","9.3","27.1","7.1","5.1","2.9","4.1","3.5","5.8","4.1","23.6","5.2","24.7","8.0","22.8","5.7","19.3","4.8","22.7","6.3","16.8","5.7","88.9","5.1","89.9","5.0","88.2","6.0","42.9","6.0","47.4","8.3","39.5","7.4","695","315","348","181","347","159","80.7","25.3","85.1","19.3","76.4","32.5","18.8","15.2","19.0","18.8","18.7","18.8","649","166","304","85","345","124","91.1","6.6","80.9","13.8","100.0","10.9","38.8","15.7","42.4","18.3","35.7","18.0","1700","177","705","128","995","115","89.9","4.6","93.5","5.3","87.3","6.1","59.6","7.6","63.4","11.5","56.9","10.5","874","162","324","83","550","128","92.1","6.4","95.7","6.5","90.0","7.8","32.5","11.0","47.5","16.2","23.6","13.6","0.0","8.8","0.0","20.8","0.0","14.1","0.0","6.3","0.0","14.0","0.0","10.7","2.0","2.2","0.0","8.5","3.3","3.6","3.7","2.9","3.3","3.7","4.1","4.5","39962","4908","53190","8481","36583","6198","22895","11523","24063","13117","4667","35658","34571","8301","36875","14932","32563","14420","39816","10161","52589","5413","35069","12604","41815","9419","60893","38558","40458","3999","79766","13286","105388","22595","70577","76409","2.7","(X)","(X)","(X)","(X)","-888888888",
"1400000US06111001001","Census Tract 10.01, Ventura County, California","352","137","211","88","141","75","17.6","11.0","27.0","17.5","3.5","13.1","12.8","14.7","1.9","5.6","29.1","35.3","54.3","16.2","71.1","18.7","29.1","34.7","15.3","15.9","0.0","17.2","38.3","33.1","1933","317","983","193","950","180","4.8","3.5","5.1","4.2","4.5","4.5","4.8","2.9","1.8","2.6","7.8","5.8","24.7","7.9","29.2","10.0","20.0","11.9","33.2","8.0","28.1","9.0","38.5","12.0","5.3","2.7","5.5","4.7","5.2","4.3","20.4","9.4","26.4","11.5","14.1","9.5","6.8","4.7","3.9","3.5","9.9","6.8","90.4","4.6","93.1","5.7","87.7","6.1","27.2","9.8","30.3","11.3","24.0","11.4","195","147","146","115","49","47","97.4","8.7","100.0","23.6","89.8","37.8","40.5","32.5","50.7","37.4","10.2","27.3","255","98","63","63","192","82","92.5","11.7","90.5","34.4","93.2","10.0","22.7","25.5","66.7","46.9","8.3","14.6","1014","138","552","110","462","97","94.4","3.7","95.1","5.5","93.5","6.0","26.4","11.9","23.0","12.3","30.5","16.4","469","162","222","81","247","120","77.8","13.5","84.2","15.1","72.1","16.9","25.8","10.6","24.8","14.0","26.7","14.3","16.2","19.5","30.9","36.5","6.1","12.0","5.0","7.8","8.8","13.4","0.0","18.9","11.0","10.3","8.8","10.1","12.8","14.2","0.0","7.8","0.0","13.3","0.0","17.3","40152","6085","50657","7383","37720","14212","12292","13795","10104","8196","21750","31515","43567","12230","52378","3232","38622","37560","35962","8089","50903","42123","32313","13495","49000","25209","48107","21530","70417","65770","87578","173809","-","**","6397","287615","17.9","(X)","(X)","(X)","(X)","-888888888",
"1400000US06111001002","Census Tract 10.02, Ventura County, California","450","153","160","100","290","100","20.4","11.1","30.0","28.9","15.2","15.3","38.7","16.1","51.9","36.5","31.4","20.3","37.8","16.5","18.1","22.3","48.6","19.3","3.1","4.9","0.0","21.9","4.8","7.3","4975","281","2421","182","2554","224","4.4","1.5","5.6","2.2","3.3","2.0","6.3","2.5","9.0","4.5","3.8","2.2","25.1","5.4","21.6","6.7","28.5","6.8","25.6","3.8","26.3","5.6","25.1","5.6","7.2","2.6","5.3","2.6","9.0","4.2","18.5","3.7","21.1","5.4","16.0","5.8","12.7","3.1","11.1","4.2","14.2","4.4","89.2","2.8","85.4","4.9","92.8","2.8","31.2","5.0","32.2","6.5","30.2","6.3","594","205","341","137","253","110","77.6","12.0","80.1","13.9","74.3","18.7","22.9","13.4","16.4","16.8","31.6","19.2","990","178","506","110","484","139","87.4","9.3","77.1","16.5","98.1","3.2","33.6","12.7","30.2","16.0","37.2","15.8","2190","246","1110","147","1080","180","91.9","4.3","90.6","6.0","93.2","4.3","35.6","6.5","39.0","9.9","32.1","9.5","1201","164","464","125","737","152","91.6","5.7","86.0","10.0","95.1","7.4","25.2","8.7","29.7","13.1","22.4","10.6","6.0","6.9","3.1","5.2","11.5","15.6","11.8","8.2","16.8","14.2","8.1","8.2","5.0","3.6","4.6","4.2","5.4","5.8","4.4","4.2","5.9","7.5","2.8","3.3","35897","7859","51484","8031","27065","9134","25781","3888","27455","4484","16335","2180","29315","11891","43523","17543","18917","4633","48779","7685","51905","9262","38000","16337","38542","14371","65645","15843","26875","14716","59728","32985","113500","43850","31452","18808","1.9","(X)","(X)","(X)","(X)","-888888888",
"1400000US06111001101","Census Tract 11.01, Ventura County, California","490","163","328","160","162","82","25.7","17.2","20.4","23.7","36.4","19.9","10.0","9.8","14.9","16.3","0.0","21.7","57.1","20.1","58.5","30.5","54.3","19.9","7.1","7.2","6.1","8.2","9.3","14.2","3404","196","1687","150","1717","109","3.4","2.1","6.3","4.0","0.5","0.9","4.5","2.3","4.6","3.2","4.4","2.6","26.1","5.6","30.4","7.4","21.9","6.7","33.9","5.1","30.6","7.3","37.2","8.1","11.7","5.3","8.8","5.0","14.5","6.7","13.0","4.2","12.6","4.4","13.3","7.0","7.4","2.6","6.7","3.3","8.2","3.4","92.1","2.8","89.1","4.5","95.1","2.7","20.4","4.9","19.3","5.8","21.5","7.7","530","147","300","93","230","93","93.0","8.2","91.3","12.9","95.2","7.8","10.8","8.4","6.0","8.6","17.0","16.6","540","129","252","89","288","87","92.6","5.5","87.3","11.4","97.2","4.2","12.0","8.1","4.4","6.8","18.8","12.9","1552","203","761","126","791","111","92.3","3.9","87.6","7.7","96.7","3.1","25.5","8.8","20.9","9.4","29.8","13.7","782","107","374","74","408","66","90.9","6.8","91.4","7.5","90.4","7.7","22.6","9.7","36.6","14.6","9.8","6.9","12.7","14.3","14.1","19.5","9.5","15.3","9.4","5.0","9.4","7.5","9.6","7.8","7.9","5.4","7.4","9.8","8.3","6.3","3.7","4.4","6.2","7.3","1.6","3.0","35733","5344","41375","2417","29636","3157","26719","14080","31579","12394","18472","14541","32500","8078","40303","11990","23958","17960","32702","9280","41787","6644","28889","4483","55265","24438","62946","26871","32150","50083","70441","23260","87222","143745","58077","29668","2.7","(X)","(X)","(X)","(X)","-888888888",
"1400000US06111001102","Census Tract 11.02, Ventura County, California","346","122","195","101","151","72","8.4","9.7","3.1","6.1","15.2","18.5","24.6","18.5","13.3","15.7","39.1","27.8","54.0","20.2","73.3","19.1","29.1","25.0","13.0","11.2","10.3","11.8","16.6","17.3","2319","176","1112","128","1207","152","2.5","2.4","1.4","2.5","3.6","4.1","3.1","1.8","4.4","3.3","1.8","2.0","15.8","5.3","17.4","6.7","14.3","7.6","29.1","6.3","30.8","9.6","27.4","7.6","9.3","3.2","8.2","4.2","10.4","4.6","24.6","7.8","18.4","6.7","30.3","11.9","15.6","3.9","19.2","6.7","12.2","5.5","94.4","2.9","94.2","4.1","94.6","3.9","40.2","8.6","37.7","9.7","42.5","11.7","267","133","117","83","150","99","91.4","9.9","86.3","18.7","95.3","13.2","33.0","22.0","21.4","26.4","42.0","27.3","419","88","189","59","230","60","96.9","5.6","93.1","12.8","100.0","15.9","52.0","14.2","18.0","18.6","80.0","23.9","1244","108","605","87","639","91","95.9","3.7","100.0","6.4","92.0","7.2","39.3","11.2","47.9","13.6","31.1","13.7","389","76","201","53","188","43","88.9","9.1","82.1","16.2","96.3","6.2","35.2","16.4","34.8","19.2","35.6","19.7","33.8","30.6","0.0","40.8","67.7","41.9","10.1","10.5","6.2","9.7","14.5","19.8","1.7","2.1","1.2","2.3","2.2","3.4","5.9","6.1","4.5","5.0","7.0","9.8","50625","2486","62560","24877","38750","22269","24271","34689","24271","54258","20000","40855","33906","23298","30789","16234","96667","118364","46875","22042","51330","7469","29155","12088","61010","19100","101818","57129","22481","34078","52986","20366","73464","17601","50868","1538","4.4","(X)","(X)","(X)","(X)","-888888888",
"1400000US06111001201","Census Tract 12.01, Ventura County, California","329","122","211","86","118","70","3.3","5.9","5.2","9.1","0.0","28.1","23.4","16.5","9.5","12.6","48.3","32.9","71.4","16.1","82.5","17.2","51.7","32.9","1.8","3.7","2.8","5.9","0.0","28.1","2850","192","1273","186","1577","117","2.3","1.7","1.7","1.6","2.7","2.3","8.4","3.5","11.3","5.2","6.1","4.9","20.8","5.9","19.4","8.0","21.9","6.9","36.9","5.9","33.3","10.0","39.8","7.5","6.8","2.7","7.1","4.1","6.5","3.5","17.6","4.9","20.0","7.1","15.7","4.7","7.2","2.8","7.1","4.6","7.4","3.4","89.3","3.7","87.0","5.4","91.2","5.3","24.8","5.3","27.1","8.5","23.0","5.4","543","172","243","115","300","89","83.6","9.9","69.5","19.4","95.0","8.2","34.3","15.1","22.6","18.9","43.7","14.9","367","138","194","83","173","72","89.1","11.6","79.4","19.6","100.0","20.5","22.1","17.2","12.4","14.4","32.9","24.9","1100","120","510","100","590","70","90.4","6.7","98.4","3.0","83.4","11.8","24.5","8.6","33.5","14.5","16.6","9.9","840","110","326","93","514","76","91.7","5.9","86.5","9.7","94.9","5.4","20.5","6.6","29.1","14.5","15.0","6.9","3.0","4.6","5.4","8.5","0.0","24.6","3.5","4.2","8.5","9.9","0.0","10.9","5.2","4.2","5.2","7.4","5.2","5.0","0.0","5.5","0.0","10.9","0.0","10.4","31010","11691","53400","11492","21629","4546","16810","2627","18729","865","15539","4594","23906","20546","12381","74262","23969","15536","35051","8216","55655","14691","24042","6092","55273","15079","80536","27181","19635","15025","76563","53948","101000","81992","23646","54816","4.1","(X)","(X)","(X)","(X)","-888888888",
"1400000US06111001202","Census Tract 12.02, Ventura County, California","355","112","191","86","164","95","29.6","17.9","37.2","27.3","20.7","21.1","4.5","7.3","0.0","18.8","9.8","16.7","62.3","18.7","62.8","27.3","61.6","28.6","3.7","6.5","0.0","18.8","7.9","14.9","4851","310","2491","306","2360","220","0.2","0.4","0.0","1.6","0.5","0.8","2.8","1.8","1.7","2.0","4.0","2.7","16.8","5.0","17.1","6.8","16.4","5.5","29.7","5.3","30.5","8.8","28.8","6.0","8.3","3.0","5.0","3.0","11.7","4.9","24.4","5.3","27.4","7.7","21.2","5.8","17.8","3.9","18.3","4.9","17.4","5.1","96.9","1.8","98.3","2.0","95.5","2.7","42.2","6.1","45.6","9.2","38.6","6.2","630","271","357","234","273","115","94.4","6.7","95.5","10.0","93.0","11.2","38.1","21.9","61.1","35.5","8.1","9.5","1086","223","552","158","534","121","100.0","3.6","100.0","7.0","100.0","7.2","46.4","12.1","37.9","12.8","55.2","16.4","2221","175","1174","98","1047","157","98.6","1.8","98.9","2.0","98.2","2.8","46.5","7.8","47.6","10.0","45.3","11.0","914","103","408","79","506","87","90.9","6.7","96.6","5.7","86.4","10.2","29.5","9.6","37.0","14.1","23.5","10.8","0.0","23.1","0.0","50.2","0.0","30.2","3.6","3.8","3.3","5.1","3.9","6.0","4.7","3.7","4.2","4.2","5.1","4.3","1.0","1.2","0.0","3.5","2.3","2.7","43750","11452","52670","19530","27344","14288","-","**","-","**","-","-222222222","35076","21035","36888","22244","21500","9129","48446","15327","62125","26740","22050","20656","41871","11423","42491","39003","14489","34535","61912","17439","79911","29164","55221","22517","6.5","(X)","(X)","(X)","(X)","-888888888",
"1400000US06111001204","Census Tract 12.04, Ventura County, California","328","99","169","77","159","56","11.0","9.6","20.1","18.4","1.3","5.2","38.7","15.7","50.9","24.8","25.8","19.4","43.0","16.3","29.0","22.5","57.9","23.0","7.3","8.1","0.0","20.9","15.1","16.1","1446","161","827","136","619","91","6.9","4.7","2.7","2.7","12.6","9.6","8.9","4.7","3.3","3.9","16.3","8.7","32.7","7.6","44.1","10.6","17.4","9.0","28.2","8.0","34.7","10.5","19.5","8.4","6.4","3.9","1.9","2.4","12.3","7.7","10.3","5.5","5.4","4.3","16.8","10.9","6.6","4.0","7.9","5.5","5.0","4.7","84.2","6.6","94.1","4.5","71.1","12.4","16.9","7.4","13.3","7.2","21.8","10.4","349","133","256","113","93","57","86.5","13.9","98.0","4.4","54.8","36.1","2.3","4.2","0.0","14.4","8.6","16.3","178","70","101","50","77","39","83.1","20.6","96.0","16.5","66.2","32.7","11.2","14.0","6.9","11.5","16.9","20.6","768","133","395","91","373","83","85.9","9.1","95.2","5.4","76.1","15.4","27.0","13.3","23.5","14.5","30.6","17.5","151","78","75","45","76","47","71.5","21.4","72.0","26.8","71.1","27.0","6.6","11.5","13.3","22.6","0.0","37.7","32.5","19.8","20.4","32.4","35.8","23.6","4.9","8.1","3.6","5.7","9.3","17.6","11.0","14.0","11.6","13.6","10.2","16.5","0.0","15.0","0.0","29.6","0.0","25.2","30452","9363","37083","8770","26492","12002","25121","11644","30000","34928","25121","19136","30035","5504","31510","8655","16625","7637","31591","26090","26964","28970","41625","29762","40167","23746","51563","21327","28371","19747","53750","270304","202917","259708","47917","51288","0.1","(X)","(X)","(X)","(X)","-888888888",
"1400000US06111001206","Census Tract 12.06, Ventura County, California","56","27","14","17","42","24","0.0","44.0","0.0","87.9","0.0","50.8","23.2","35.5","0.0","87.9","31.0","38.7","76.8","35.5","100.0","87.9","69.0","38.7","0.0","44.0","0.0","87.9","0.0","50.8","633","100","330","64","303","61","1.7","3.1","3.3","5.8","0.0","12.3","1.7","2.7","3.3","5.1","0.0","12.3","15.6","8.1","20.6","12.7","10.2","7.6","33.2","10.6","22.1","13.3","45.2","15.3","5.8","5.9","6.7","6.7","5.0","6.7","22.4","10.4","22.1","13.6","22.8","14.2","19.4","11.1","21.8","12.9","16.8","15.9","96.5","4.0","93.3","7.3","100.0","12.3","41.9","12.6","43.9","15.4","39.6","17.0","16","23","0","132","16","23","100.0","82.2","-","**","100.0","82.2","37.5","62.5","-","-222222222.0","37.5","62.5","104","32","55","15","49","19","100.0","30.9","100.0","44.4","100.0","47.0","26.9","32.6","25.5","30.0","28.6","36.5","290","62","175","42","115","40","96.2","6.6","93.7","10.8","100.0","28.6","46.6","12.5","51.4","20.8","39.1","21.8","223","61","100","41","123","41","95.1","7.4","89.0","16.2","100.0","27.2","43.0","27.2","41.0","27.4","44.7","33.4","0.0","70.1","0.0","70.1","-","**","4.0","9.8","5.9","14.2","0.0","59.1","1.6","4.3","0.0","32.9","2.6","7.0","0.0","14.0","0.0","23.8","0.0","27.7","37399","10961","42917","75266","37216","8725","-","**","-","**","-","-222222222","26150","2575","26150","2575","-","-222222222","35574","11063","27500","34989","35966","7922","67656","134706","250,000+","***","46875","97173","124009","32837","124828","58614","46625","26252","5.2","(X)","(X)","(X)","(X)","-888888888",
"1400000US06111001301","Census Tract 13.01, Ventura County, California","937","266","501","179","436","142","13.7","7.8","10.6","10.4","17.2","15.7","22.2","11.2","21.2","19.4","23.4","15.5","62.3","12.4","68.3","21.3","55.5","20.6","1.8","2.9","0.0","7.7","3.9","6.3","4872","308","2288","216","2584","223","7.6","2.4","8.2","3.7","7.0","3.9","12.4","4.5","9.6","5.2","14.8","5.6","23.5","4.9","31.7","8.8","16.2","4.8","27.8","5.2","22.4","6.4","32.5","6.8","5.9","2.2","4.3","2.6","7.4","3.5","15.1","3.4","17.5","5.7","12.9","4.7","7.8","2.2","6.3","2.9","9.1","3.1","80.1","5.1","82.2","6.2","78.2","5.9","22.9","4.3","23.9","6.8","22.1","5.2","1200","264","580","172","620","212","80.2","10.1","74.1","14.0","85.8","13.1","26.4","8.7","17.4","11.3","34.8","14.2","1295","242","632","153","663","172","83.6","9.1","86.2","11.9","81.1","12.4","19.3","8.2","24.4","11.1","14.5","10.6","1859","332","855","241","1004","152","79.0","8.2","86.4","8.6","72.6","10.5","26.0","8.1","28.5","12.5","23.8","8.7","518","94","221","60","297","71","74.9","13.0","75.6","23.9","74.4","18.9","12.7","7.6","21.3","16.4","6.4","7.8","3.7","3.9","3.4","5.9","3.9","5.0","7.1","8.0","7.2","7.9","6.9","9.7","2.4","2.4","3.0","3.7","2.0","3.1","3.9","3.4","0.0","7.1","7.5","6.8","43957","4172","52297","7124","34200","8082","21176","13823","20735","12538","26250","18666","41574","6906","44904","28788","25867","5668","43621","9472","53650","7151","28587","13384","61417","4997","70852","23465","60791","5749","66176","11973","67829","37861","65809","12561","4.8","(X)","(X)","(X)","(X)","-888888888",
"1400000US06111001302","Census Tract 13.02, Ventura County, California","84","78","47","40","37","41","15.5","28.6","27.7","43.3","0.0","54.1","47.6","46.3","40.4","45.9","56.8","53.3","36.9","46.6","31.9","43.4","43.2","53.3","0.0","35.6","0.0","48.0","0.0","54.1","1163","186","551","142","612","120","19.6","9.9","20.0","8.8","19.3","13.3","6.4","4.3","6.4","5.9","6.4","7.2","28.3","6.9","35.2","9.9","22.1","9.6","25.3","7.5","23.6","11.7","26.8","11.0","9.2","4.7","0.0","7.0","17.5","9.0","9.0","4.5","12.3","8.2","6.0","4.8","2.2","2.4","2.5","3.9","2.0","3.0","74.0","9.7","73.7","11.0","74.3","11.9","11.3","5.0","14.9","7.9","8.0","6.1","95","70","44","34","51","41","50.5","42.7","54.5","51.0","47.1","41.9","10.5","15.9","0.0","49.6","19.6","28.1","148","58","61","40","87","33","79.7","22.4","75.4","34.2","82.8","27.1","18.9","17.0","32.8","36.7","9.2","13.5","412","151","229","145","183","73","77.2","14.8","80.3","18.5","73.2","23.1","10.2","7.3","15.3","15.5","3.8","6.6","508","107","217","68","291","65","74.2","15.5","70.0","18.2","77.3","16.7","10.0","7.0","12.4","12.4","8.2","9.0","36.1","36.2","33.1","29.2","38.9","45.4","16.7","11.6","5.7","8.8","32.6","22.2","14.0","10.6","8.5","15.0","16.6","13.5","13.0","13.4","0.0","36.1","34.7","31.3","29091","14816","42768","8349","14441","9186","54250","31514","54813","26303","-","-222222222","40385","23555","40801","19047","-","-222222222","14638","14855","29306","26306","13783","8413","43906","23395","44844","23700","4750","103901","-","**","-","**","-","-222222222","5.6","(X)","(X)","(X)","(X)","-888888888",
"1400000US06111001401","Census Tract 14.01, Ventura County, California","292","114","183","91","109","68","16.8","15.0","26.8","21.9","0.0","29.8","29.5","12.8","22.4","16.3","41.3","26.8","46.2","12.9","44.8","18.8","48.6","26.9","7.5","11.7","6.0","10.4","10.1","14.6","2395","142","1090","117","1305","82","0.7","1.0","1.6","2.3","0.0","3.0","9.8","5.9","11.0","7.4","8.8","5.5","21.0","5.1","23.3","7.1","19.0","7.0","19.2","3.6","15.5","5.7","22.3","5.5","15.7","4.3","14.7","6.4","16.5","6.2","20.5","5.4","22.0","9.0","19.2","6.4","13.2","5.3","11.9","5.4","14.3","6.8","89.5","6.0","87.4","7.7","91.2","5.5","33.7","7.4","33.9","9.6","33.4","9.3","329","135","177","84","152","61","70.8","27.7","75.7","29.4","65.1","30.8","29.5","21.4","20.9","16.3","39.5","29.2","362","116","166","64","196","69","95.3","6.0","92.2","11.4","98.0","4.9","37.3","14.2","24.7","20.6","48.0","21.8","1090","118","538","79","552","61","93.4","5.9","91.4","10.0","95.3","6.7","37.0","9.7","41.3","12.4","32.8","11.3","614","33","209","52","405","63","89.1","8.2","83.3","17.2","92.1","7.0","27.9","11.1","33.5","22.8","24.9","13.8","28.2","21.9","9.5","16.3","50.4","37.7","5.6","8.3","11.0","15.4","0.0","14.9","9.2","7.1","4.6","6.5","12.3","10.4","1.2","1.9","0.0","10.2","2.3","3.4","49191","15540","61714","7220","29375","12120","16515","17532","32279","61821","10750","10669","37019","12668","52865","39216","16724","17538","32951","10588","56429","27985","26302","14470","70089","9882","73281","11626","63125","22606","66818","13655","76932","52958","39018","46391","1.9","(X)","(X)","(X)","(X)","-888888888",
"1400000US06111001402","Census Tract 14.02, Ventura County, California","701","262","434","230","267","133","3.4","5.8","5.5","9.8","0.0","13.9","28.0","24.2","41.7","32.1","5.6","10.6","57.3","24.0","52.8","31.5","64.8","26.9","11.3","11.6","0.0","8.8","29.6","26.0","3830","208","1661","144","2169","172","0.0","1.0","0.0","2.4","0.0","1.8","7.8","3.9","9.9","5.3","6.1","4.5","15.3","3.8","12.2","5.4","17.8","6.2","32.1","6.5","35.3","9.3","29.7","8.1","14.9","4.3","17.9","6.5","12.6","4.5","19.8","4.6","14.3","5.0","24.1","6.5","10.0","3.5","10.5","5.4","9.6","4.1","92.2","3.9","90.1","5.3","93.9","4.5","29.8","5.0","24.7","6.7","33.7","6.6","571","169","236","102","335","133","93.0","6.2","85.2","14.4","98.5","3.3","37.0","13.8","12.3","13.5","54.3","18.6","703","177","298","106","405","137","92.7","7.8","82.9","15.9","100.0","9.4","25.2","10.8","11.4","10.8","35.3","17.4","1946","150","893","78","1053","121","96.5","3.2","97.1","3.5","96.0","6.2","31.3","7.5","30.8","10.9","31.7","9.3","610","128","234","67","376","102","77.2","16.4","77.4","20.3","77.1","16.8","23.9","12.5","31.2","18.2","19.4","14.6","23.5","22.9","17.0","20.4","31.6","40.5","2.6","4.0","0.0","17.9","3.9","6.0","2.5","2.2","2.3","2.6","2.7","3.1","1.1","1.8","0.0","9.3","1.8","2.9","43504","3545","64154","15729","36625","11158","17440","52079","17763","75044","-","-222222222","42326","7023","44135","29706","40583","22018","40762","7569","46111","16614","33929","12464","44932","24238","81023","20967","40758","10220","77212","76346","160833","10483","50588","34426","2.7","(X)","(X)","(X)","(X)","-888888888",
"1400000US06111001502","Census Tract 15.02, Ventura County, California","716","252","348","195","368","137","13.0","15.0","13.8","21.6","12.2","11.7","25.6","10.1","34.5","18.2","17.1","12.7","41.2","17.4","47.1","19.5","35.6","20.7","20.3","15.6","4.6","7.7","35.1","22.3","5847","430","2577","264","3270","372","6.5","2.4","4.2","2.9","8.3","3.7","8.9","2.3","8.0","3.7","9.6","3.2","16.5","3.5","17.9","5.4","15.3","5.0","25.7","4.2","22.7","6.1","28.1","5.1","7.5","3.2","10.6","4.4","5.0","3.3","22.7","4.0","20.2","5.2","24.6","5.7","12.3","3.0","16.5","5.7","9.1","3.5","84.6","3.6","87.8","4.4","82.1","4.9","35.0","4.3","36.7","5.9","33.7","6.2","1559","354","650","182","909","271","85.4","9.2","90.9","7.3","81.4","14.1","43.7","12.0","36.6","15.4","48.8","16.1","1167","167","573","111","594","122","81.7","14.5","81.0","15.2","82.3","16.9","39.0","10.8","38.6","10.2","39.4","19.8","2021","187","1003","162","1018","134","94.1","3.8","94.4","5.5","93.7","4.6","36.8","9.6","36.0","11.8","37.6","12.7","1100","239","351","108","749","183","69.3","10.5","74.4","10.8","66.9","14.3","15.1","6.4","35.6","15.4","5.5","4.9","21.1","15.0","5.6","9.2","29.5","19.6","11.1","5.7","4.0","6.3","18.7","12.9","3.2","3.3","2.3","2.8","4.0","5.0","1.3","1.7","0.0","4.1","2.5","3.2","45518","3833","53201","6561","37207","7546","18750","26708","41597","20933","10848","5423","30729","14665","31474","24172","23594","17428","44328","5950","46910","6883","37463","16407","50112","7061","62772","12607","42157","5504","78750","18140","100898","19713","46667","28512","6.8","(X)","(X)","(X)","(X)","-888888888",
"1400000US06111001503","Census Tract 15.03, Ventura County, California","409","191","242","114","167","109","31.8","11.3","35.5","17.6","26.3","28.4","39.4","14.0","44.6","25.1","31.7","27.3","28.9","15.6","19.8","17.0","41.9","26.5","0.0","9.3","0.0","15.2","0.0","21.1","3274","321","1712","263","1562","145","5.0","4.4","7.2","7.8","2.5","2.7","5.5","2.2","4.7","3.1","6.3","3.3","30.1","6.5","30.8","10.6","29.4","8.6","25.7","5.5","29.3","7.2","21.6","7.0","12.5","3.2","10.5","4.2","14.7","5.0","16.0","4.7","12.5","6.3","19.8","5.6","5.3","2.1","5.0","2.8","5.6","2.9","89.5","4.4","88.0","7.9","91.2","4.3","21.3","5.2","17.5","7.1","25.5","5.9","887","239","513","169","374","122","83.4","14.0","76.6","23.7","92.8","8.2","30.3","13.0","24.0","16.0","39.0","15.4","747","209","450","176","297","97","94.4","4.4","90.7","7.6","100.0","12.6","25.7","13.8","20.0","15.0","34.3","16.5","979","150","519","112","460","90","94.4","3.9","91.7","6.6","97.4","4.3","11.0","5.9","11.4","7.1","10.7","6.7","661","109","230","65","431","89","85.0","8.1","100.0","15.9","77.0","12.3","19.4","8.1","11.7","11.6","23.4","10.5","12.5","11.0","5.5","11.2","21.0","23.9","3.7","3.6","3.3","3.7","4.1","6.3","4.8","4.6","1.9","2.9","7.8","8.7","1.7","2.4","1.0","3.4","2.3","3.3","41176","4654","41074","5131","41510","7820","24091","31143","37500","18559","8088","9278","40290","23057","32969","28389","52528","31162","42135","8654","46935","9718","39053","6188","46250","12927","60781","36129","43906","16103","51071","11179","46944","41309","51786","14463","1.0","(X)","(X)","(X)","(X)","-888888888",
"1400000US06111001506","Census Tract 15.06, Ventura County, California","484","157","321","121","163","71","30.0","14.4","16.2","16.6","57.1","27.6","24.6","15.5","19.9","15.5","33.7","25.6","45.5","12.5","63.9","19.0","9.2","14.1","0.0","7.9","0.0","11.7","0.0","21.5","3331","244","1575","142","1756","175","1.1","1.2","0.0","2.5","2.2","2.2","10.5","3.8","12.7","5.8","8.5","3.3","19.8","4.7","18.2","6.4","21.2","5.8","30.5","5.8","28.8","7.8","32.1","6.7","8.0","4.2","7.6","4.8","8.4","4.5","18.2","4.5","20.4","5.5","16.2","5.3","11.9","3.6","12.4","4.7","11.5","4.8","88.4","4.5","87.3","5.8","89.4","4.6","30.1","5.0","32.8","5.9","27.7","6.6","567","202","236","107","331","129","82.0","12.6","72.0","21.7","89.1","10.6","22.9","11.1","18.2","13.0","26.3","13.9","858","171","443","92","415","109","95.3","3.6","91.0","7.2","100.0","9.2","23.1","10.2","20.1","10.0","26.3","14.7","1410","175","683","99","727","111","86.2","5.8","89.2","5.6","83.4","7.7","39.8","8.4","44.2","10.1","35.6","11.5","496","128","213","80","283","78","89.9","8.0","90.6","10.6","89.4","8.9","23.2","11.3","39.0","19.3","11.3","10.3","2.3","4.8","4.5","9.3","0.0","19.1","7.1","6.8","9.1","9.0","5.6","6.7","6.5","7.5","7.2","8.4","5.9","6.9","3.7","3.3","3.1","4.7","4.3","4.6","50781","9429","61029","11012","40529","9759","21375","16187","22063","19580","7381","37687","51815","12620","51532","13515","55114","33393","50199","14394","64659","11741","35972","16781","58925","8707","72938","21198","36719","34973","67552","9771","67159","15791","67885","21709","0.9","(X)","(X)","(X)","(X)","-888888888",
"1400000US06111001507","Census Tract 15.07, Ventura County, California","564","206","421","180","143","77","21.3","16.3","13.1","16.8","45.5","34.1","22.5","16.3","26.8","21.0","9.8","15.3","56.2","21.6","60.1","26.9","44.8","30.3","0.0","6.8","0.0","9.1","0.0","24.1","2593","269","1343","205","1250","148","6.4","3.3","6.6","5.7","6.3","4.1","5.5","4.9","6.2","5.2","4.7","4.8","19.6","5.0","15.4","6.3","24.1","8.4","34.5","7.2","38.1","10.2","30.6","8.1","14.3","5.2","10.1","6.3","18.8","6.5","10.8","3.9","13.6","6.5","7.8","3.9","8.9","5.1","10.1","5.6","7.7","5.7","88.1","7.0","87.3","10.0","89.0","5.7","19.7","6.6","23.7","9.0","15.5","6.6","536","242","315","205","221","94","77.6","23.1","66.0","35.7","94.1","8.8","12.9","10.9","6.7","9.8","21.7","16.7","676","178","360","95","316","126","92.6","7.2","93.1","8.2","92.1","9.0","25.6","15.8","26.7","16.7","24.4","17.7","1020","138","502","96","518","110","90.8","5.4","98.2","2.8","83.6","9.7","16.3","6.7","26.3","12.4","6.6","5.0","361","137","166","68","195","78","87.5","12.1","81.9","25.5","92.3","11.5","28.8","17.0","41.6","25.3","17.9","16.1","4.2","6.9","0.0","20.7","9.4","14.2","4.7","5.4","6.3","10.6","3.7","5.6","2.1","2.3","0.0","6.0","4.2","4.6","4.3","6.9","3.5","5.7","5.7","9.3","41756","8869","50424","9833","34236","9419","19239","6445","23832","27586","14135","11249","45101","18154","34911","36399","45135","14501","39891","6961","53242","15322","33810","8221","60781","18186","54948","24827","60938","25663","51579","4355","83250","77752","28750","78291","7.2","(X)","(X)","(X)","(X)","-888888888",
"1400000US06111001601","Census Tract 16.01, Ventura County, California","107","64","54","45","53","37","0.0","30.2","0.0","44.8","0.0","45.2","61.7","30.8","75.9","35.9","47.2","49.3","38.3","30.8","24.1","35.9","52.8","49.3","0.0","30.2","0.0","44.8","0.0","45.2","660","82","383","78","277","64","10.0","9.3","11.5","10.8","7.9","9.0","8.5","4.9","14.6","8.4","0.0","13.4","17.3","8.7","15.9","9.9","19.1","14.9","25.8","9.3","21.1","11.9","32.1","17.7","4.7","4.2","0.0","9.9","11.2","9.8","24.1","11.7","29.8","11.8","16.2","14.4","9.7","7.1","7.0","7.1","13.4","11.5","81.5","10.5","73.9","14.3","92.1","9.0","33.8","13.4","36.8","13.2","29.6","18.2","123","48","76","42","47","31","100.0","27.2","100.0","37.7","100.0","48.0","52.8","28.4","56.6","37.3","46.8","43.0","98","51","32","25","66","46","100.0","32.2","100.0","58.2","100.0","40.5","28.6","23.8","71.9","41.5","7.6","20.3","293","75","187","62","106","50","73.0","13.8","63.6","19.3","89.6","17.3","24.9","22.4","21.4","23.4","31.1","27.8","146","23","88","26","58","26","70.5","34.1","63.6","36.7","81.0","35.9","39.0","24.2","39.8","29.2","37.9","36.9","9.0","12.7","0.0","31.7","50.0","50.0","0.0","28.8","0.0","42.1","0.0","45.2","0.0","17.9","0.0","36.4","0.0","27.7","0.0","16.4","0.0","24.3","0.0","36.1","55659","3819","56395","6325","53417","7955","27604","2758","27604","2758","-","-222222222","26667","19328","22768","20223","72688","73344","55581","6156","56613","5192","50227","8088","62188","34007","78092","36283","-","-222222222","105192","27889","-","**","-","-222222222","0.0","(X)","(X)","(X)","(X)","-888888888",
"1400000US06111001602","Census Tract 16.02, Ventura County, California","258","111","168","94","90","52","7.8","8.9","3.6","6.2","15.6","22.0","23.3","13.6","27.4","17.9","15.6","17.2","61.2","14.7","65.5","18.9","53.3","20.2","7.8","7.5","3.6","6.3","15.6","14.6","1525","145","658","96","867","98","4.7","3.0","4.9","6.1","4.5","4.2","5.6","3.5","4.1","4.0","6.8","4.4","17.2","6.2","14.6","7.6","19.3","7.5","28.7","9.2","28.7","11.6","28.6","9.5","11.1","4.4","10.3","7.4","11.8","5.1","15.8","6.4","12.8","6.9","18.1","8.5","16.9","5.4","24.6","9.1","11.0","4.6","89.7","5.7","91.0","6.8","88.7","6.8","32.7","8.6","37.4","11.3","29.1","9.0","213","96","44","29","169","82","87.3","14.7","100.0","49.6","84.0","18.1","43.2","23.0","38.6","38.0","44.4","23.9","148","66","73","44","75","45","99.3","4.9","100.0","38.5","98.7","9.5","43.2","24.5","13.7","20.5","72.0","24.5","668","104","324","70","344","77","88.0","9.4","87.7","12.5","88.4","16.0","28.6","12.1","38.0","16.0","19.8","11.5","496","118","217","72","279","84","90.1","7.8","91.2","9.6","89.2","9.5","30.4","13.4","44.2","17.6","19.7","18.7","36.3","41.9","50.8","45.6","27.6","37.6","3.0","5.4","0.0","32.7","4.8","8.2","2.3","3.5","0.0","14.4","4.0","6.0","0.0","7.7","0.0","15.0","0.0","14.6","40595","16234","68063","19245","26379","3511","15667","24077","50938","30964","9861","9525","24853","17773","40625","21195","18854","3669","32772","3186","69444","42033","25858","2095","60991","16155","79688","16494","48333","13124","65625","15952","67955","17458","57625","14775","1.4","(X)","(X)","(X)","(X)","-888888888",
"1400000US06111001700","Census Tract 17, Ventura County, California","240","147","121","61","119","122","10.4","11.0","7.4","13.3","13.4","26.3","24.2","18.9","47.9","22.8","0.0","27.9","65.4","22.3","44.6","25.1","86.6","26.3","0.0","15.3","0.0","27.5","0.0","27.9","2634","146","1306","128","1328","111","0.8","1.0","1.0","1.6","0.7","1.2","2.6","1.6","1.2","1.5","3.9","3.2","19.5","5.1","17.8","6.3","21.2","6.4","21.0","4.7","22.4","6.4","19.6","6.7","9.1","3.9","9.7","5.4","8.4","4.7","26.9","6.8","24.9","6.9","28.9","11.3","20.1","5.8","23.0","7.7","17.3","6.5","96.6","1.9","97.8","2.2","95.4","3.3","47.0","8.1","47.9","8.3","46.2","10.3","174","102","85","48","89","77","100.0","20.4","100.0","35.4","100.0","34.3","13.2","15.7","18.8","18.9","7.9","18.6","459","134","155","55","304","119","100.0","8.3","100.0","22.5","100.0","12.3","66.2","21.3","65.2","25.9","66.8","22.0","1235","96","665","53","570","76","96.1","3.4","98.0","3.2","93.9","6.4","50.2","9.5","49.6","12.6","50.9","11.6","766","70","401","82","365","60","94.5","3.7","96.0","4.8","92.9","7.3","38.1","11.9","44.4","13.6","31.2","14.0","0.0","34.1","0.0","61.1","0.0","42.1","6.2","5.6","0.0","15.8","11.4","10.2","10.9","8.6","12.1","9.3","9.4","13.8","0.7","1.1","0.0","6.2","1.5","2.3","52145","2998","74519","17300","32407","8189","33846","78777","-","**","32596","66671","51375","8768","52083","3306","43229","50411","41182","11441","51932","36833","22102","7317","49132","10417","79091","37512","34761","27406","81442","13671","87207","64144","50486","57183","1.1","(X)","(X)","(X)","(X)","-888888888",
"1400000US06111001800","Census Tract 18, Ventura County, California","278","106","153","63","125","66","11.2","11.9","20.3","21.5","0.0","26.8","53.6","26.2","35.9","28.8","75.2","27.4","25.2","17.5","34.0","22.0","14.4","22.3","10.1","11.7","9.8","15.7","10.4","16.6","3391","257","1645","141","1746","210","2.5","1.7","1.1","1.6","3.8","2.7","0.3","0.5","0.6","0.9","0.0","2.3","13.9","3.5","10.9","4.5","16.6","4.9","23.7","5.3","18.0","5.7","29.0","6.7","8.1","2.8","9.3","3.4","7.0","3.7","29.5","5.6","34.9","8.1","24.5","6.9","22.0","5.6","25.2","6.7","19.0","6.2","97.2","1.7","98.3","1.8","96.2","2.7","51.5","6.5","60.1","8.3","43.5","7.6","484","166","313","142","171","72","100.0","7.9","100.0","12.0","100.0","20.7","31.2","17.0","28.4","23.2","36.3","22.1","595","150","299","86","296","79","100.0","6.5","100.0","12.5","100.0","12.6","69.6","15.8","71.2","16.6","67.9","21.1","1343","116","649","66","694","81","98.0","3.1","100.0","6.0","96.1","5.9","58.3","7.8","63.5","10.1","53.5","11.1","969","154","384","67","585","156","93.0","4.0","92.7","7.9","93.2","4.7","41.3","10.2","71.4","13.8","21.5","12.5","0.0","37.2","0.0","62.2","0.0","46.5","9.8","10.7","0.0","19.8","17.1","19.8","1.6","2.7","3.6","6.0","0.0","7.0","2.7","2.3","2.6","2.9","2.9","3.4","46824","7571","63155","12640","36528","7122","-","**","-","**","-","-222222222","14701","11521","50568","80674","14429","9991","39461","6952","41250","38273","37875","7310","51436","7992","81604","17820","27679","23281","70718","7950","71667","24869","70446","7838","7.2","(X)","(X)","(X)","(X)","-888888888",
"1400000US06111001900","Census Tract 19, Ventura County, California","194","110","88","53","106","92","3.6","9.3","8.0","20.5","0.0","30.4","49.0","19.8","35.2","28.7","60.4","22.3","41.2","19.9","43.2","29.5","39.6","22.3","6.2","10.5","13.6","21.1","0.0","30.4","2741","148","1231","105","1510","119","1.9","1.7","1.9","2.4","1.9","1.7","4.1","3.2","2.4","2.6","5.6","4.9","17.3","4.5","18.2","6.6","16.6","6.2","28.2","5.3","23.1","7.4","32.5","6.5","7.4","2.6","10.6","4.8","4.7","2.8","25.2","4.6","22.8","6.4","27.2","6.2","15.8","3.9","21.0","6.4","11.6","5.1","94.0","3.5","95.7","3.5","92.6","5.1","41.0","5.4","43.8","6.5","38.8","7.5","413","117","148","56","265","99","87.9","11.8","91.2","14.6","86.0","17.9","37.0","16.1","14.9","16.6","49.4","21.8","610","100","303","82","307","66","97.7","4.0","97.7","4.0","97.7","4.1","45.1","10.9","46.5","13.7","43.6","16.1","1154","127","558","82","596","80","96.1","4.1","98.2","3.1","94.1","7.3","45.4","9.2","47.0","11.6","44.0","11.4","564","55","222","57","342","53","90.1","9.1","89.6","11.6","90.4","8.4","30.7","13.2","51.4","18.1","17.3","11.9","6.1","11.0","18.9","32.6","0.0","29.2","19.2","13.1","24.6","17.9","14.3","19.3","5.1","3.8","4.6","5.4","5.5","5.1","0.9","1.3","0.0","7.1","1.7","2.4","44825","6458","58611","11426","38783","6204","47802","34753","15962","44558","48491","1290","33594","7338","25066","20877","37250","5067","42500","13163","53942","22257","34583","17536","39464","10874","80341","22231","30972","7280","80375","27233","66932","43916","85417","25963","4.2","(X)","(X)","(X)","(X)","-888888888",
"1400000US06111002000","Census Tract 20, Ventura County, California","106","60","92","59","14","16","0.0","30.4","0.0","33.6","0.0","87.9","51.9","22.1","56.5","22.4","21.4","59.4","37.7","20.8","43.5","22.4","0.0","87.9","10.4","15.5","0.0","33.6","78.6","59.4","1999","257","970","104","1029","231","0.8","1.3","1.5","2.6","0.0","3.8","2.4","1.9","4.9","3.9","0.0","3.8","15.3","6.4","10.8","6.0","19.5","10.7","13.2","5.1","14.8","7.7","11.7","6.3","6.4","3.4","4.2","3.8","8.5","5.0","25.6","6.1","30.9","10.7","20.5","7.0","36.4","10.4","32.7","10.0","39.8","15.6","96.8","2.0","93.5","4.0","100.0","3.8","61.9","9.0","63.6","9.6","60.3","13.9","230","104","144","76","86","48","93.9","9.5","90.3","15.2","100.0","35.1","33.5","19.0","29.2","22.4","40.7","30.2","338","96","129","62","209","83","97.6","4.0","93.8","10.3","100.0","17.3","62.7","21.2","62.8","29.3","62.7","28.3","846","113","441","77","405","70","98.1","2.9","96.4","5.7","100.0","9.4","63.0","10.4","71.7","12.3","53.6","15.9","585","227","256","47","329","228","95.7","5.5","90.2","11.2","100.0","11.4","71.1","19.1","69.5","21.0","72.3","25.6","0.0","41.5","0.0","41.5","-","**","4.2","7.1","0.0","30.6","6.5","10.7","5.4","6.0","11.4","13.1","0.0","17.5","10.4","9.5","4.4","5.0","16.4","16.7","61250","4508","86111","7157","32316","15447","61094","52364","61094","52364","-","-222222222","41532","20721","75147","37613","30577","15114","40268","31293","61029","10330","21938","9145","84531","4605","96719","20428","33750","25840","93646","22462","108229","17038","46071","73553","3.5","(X)","(X)","(X)","(X)","-888888888",
"1400000US06111002102","Census Tract 21.02, Ventura County, California","178","94","46","50","132","90","0.0","20.0","0.0","48.5","0.0","25.7","18.5","20.6","0.0","48.5","25.0","28.1","46.6","28.3","100.0","48.5","28.0","27.6","34.8","28.5","0.0","48.5","47.0","32.8","1173","142","626","106","547","99","5.0","5.5","5.1","7.1","4.9","8.2","3.1","4.0","5.8","7.2","0.0","7.0","9.4","5.8","9.9","6.7","8.8","9.0","21.7","7.9","24.9","10.3","17.9","10.0","13.1","7.2","9.1","8.7","17.7","10.2","23.4","9.3","19.0","10.3","28.3","13.5","24.4","8.5","26.2","10.9","22.3","11.0","91.9","6.6","89.1","9.6","95.1","8.2","47.7","10.2","45.2","13.2","50.6","13.6","313","116","155","83","158","80","91.1","14.3","81.9","25.8","100.0","22.1","36.4","19.7","29.7","24.7","43.0","21.6","186","88","127","55","59","42","100.0","19.2","100.0","26.5","100.0","42.8","46.2","22.8","37.8","24.0","64.4","37.0","485","113","246","79","239","60","98.4","2.7","96.7","5.4","100.0","15.4","50.1","15.3","50.0","20.9","50.2","20.6","189","55","98","29","91","56","68.8","29.5","67.3","39.5","70.3","37.9","61.9","30.5","67.3","39.5","56.0","38.4","28.4","41.3","0.0","39.9","100.0","63.3","8.2","25.1","14.5","58.2","0.0","47.5","15.9","13.1","13.6","21.0","18.5","16.4","1.3","2.1","2.5","4.3","0.0","13.4","51667","6152","57358","8590","44924","8926","26607","12772","26607","12772","-","-222222222","32174","2982","34667","41740","22308","19137","41652","19988","42455","29341","26818","28593","58875","13295","61700","31101","49531","9367","78684","22972","82361","57457","77566","13639","1.5","(X)","(X)","(X)","(X)","-888888888",
"1400000US06111002200","Census Tract 22, Ventura County, California","564","227","278","137","286","124","33.7","13.6","60.1","24.5","8.0","12.2","17.2","14.5","10.1","12.5","24.1","28.7","35.3","22.8","15.8","16.4","54.2","28.4","13.8","18.7","14.0","21.1","13.6","17.8","3797","320","1844","201","1953","214","13.0","4.7","9.3","5.6","16.5","5.9","19.1","6.2","18.1","9.4","20.2","6.8","23.9","5.4","27.1","8.0","20.9","6.9","20.3","4.3","26.3","7.7","14.6","6.2","10.0","3.7","8.7","6.0","11.2","4.8","8.4","3.3","7.8","3.9","9.0","4.3","5.2","2.5","2.7","2.4","7.6","3.8","67.9","6.2","72.7","8.5","63.3","7.0","13.6","4.3","10.5","4.8","16.6","5.6","772","200","348","149","424","129","66.1","11.4","73.6","19.9","59.9","16.6","10.4","9.6","4.0","6.6","15.6","14.1","909","199","514","144","395","150","69.9","13.1","68.9","18.2","71.1","21.6","15.6","9.1","9.1","8.8","24.1","14.7","1766","241","874","168","892","161","70.9","10.2","76.8","14.1","65.1","13.3","14.6","5.9","14.1","7.5","15.1","7.8","350","83","108","45","242","95","51.4","16.7","54.6","38.6","50.0","20.6","10.9","11.0","9.3","16.2","11.6","14.8","30.2","17.2","45.0","24.0","19.7","14.5","27.3","10.7","12.3","17.7","45.0","16.2","21.4","10.9","28.4","16.5","12.4","13.8","0.0","7.7","0.0","20.4","0.0","11.6","30241","7171","31136","11867","29358","6018","22197","3737","22245","2493","17283","13955","36181","10177","40581","10517","29018","30985","26673","5786","26469","22379","26935","6031","50720","16123","67115","74486","42188","19256","74258","20733","96667","24854","72784","19346","3.8","(X)","(X)","(X)","(X)","-888888888",
"1400000US06111002300","Census Tract 23, Ventura County, California","1023","341","565","312","458","169","37.9","18.6","52.0","27.1","20.5","20.1","31.3","16.2","13.5","18.0","53.3","21.4","29.6","14.3","34.5","22.0","23.6","16.9","1.2","1.9","0.0","6.8","2.6","4.0","4205","377","2308","312","1897","194","20.5","5.9","18.7","6.4","22.8","8.4","21.9","5.5","24.8","7.2","18.5","7.6","19.7","6.1","16.4","5.9","23.7","10.5","24.0","4.5","26.8","6.1","20.6","7.2","4.9","2.4","5.0","3.5","4.9","3.6","5.3","2.5","4.9","2.8","5.9","3.2","3.6","2.4","3.5","3.6","3.7","2.3","57.6","6.2","56.5","6.9","58.8","8.8","8.9","3.6","8.3","4.5","9.6","4.0","1198","310","722","232","476","143","66.5","13.3","66.5","15.6","66.6","17.5","12.6","10.6","13.9","13.0","10.7","11.0","1322","217","610","147","712","145","48.3","11.3","47.0","12.2","49.4","13.9","6.6","4.9","7.9","6.3","5.5","4.7","1357","247","765","176","592","119","62.5","12.6","63.5","15.5","61.1","13.7","9.1","5.0","4.2","3.9","15.5","8.6","328","91","211","81","117","65","41.5","20.0","24.6","20.8","71.8","28.6","3.7","6.6","5.7","10.3","0.0","28.2","21.2","10.6","17.5","10.4","25.8","13.3","20.9","13.1","20.8","16.3","20.9","20.6","17.9","9.7","17.2","13.6","19.0","11.1","13.6","19.1","26.6","33.0","0.0","19.6","23701","3579","25208","4780","20967","4936","19557","5543","24280","1858","11750","4674","16721","9208","14743","13087","17188","13920","39714","5162","38177","5990","41135","8750","54583","8904","45833","22038","56140","12899","20977","14817","11373","36093","27898","11873","3.7","(X)","(X)","(X)","(X)","-888888888",
"1400000US06111002400","Census Tract 24, Ventura County, California","305","101","165","72","140","68","3.3","5.1","6.1","9.5","0.0","24.5","35.7","17.7","43.0","23.5","27.1","27.4","53.8","18.0","41.2","24.2","68.6","27.2","7.2","7.2","9.7","11.0","4.3","8.1","1830","167","1028","151","802","147","7.2","5.0","5.9","5.4","8.9","7.8","10.0","5.7","7.8","6.7","12.8","8.6","20.9","8.5","24.4","10.3","16.5","10.4","22.5","6.7","29.7","9.2","13.3","7.6","6.3","4.0","4.4","4.2","8.7","7.1","22.5","6.8","20.8","8.9","24.6","12.7","10.6","4.5","7.0","5.6","15.2","8.8","82.8","7.4","86.3","8.1","78.3","10.7","33.1","8.6","27.8","10.2","39.8","13.9","450","134","272","84","178","88","82.7","13.5","88.6","10.0","73.6","23.4","46.7","16.3","32.7","19.4","68.0","22.8","257","89","129","69","128","63","85.2","18.2","70.5","34.1","100.0","26.3","51.4","23.9","48.1","32.0","54.7","39.7","791","144","541","128","250","63","91.0","8.7","88.5","12.2","96.4","6.0","26.9","10.9","22.9","13.4","35.6","22.9","332","88","86","41","246","90","61.4","19.3","88.4","14.4","52.0","23.1","15.1","9.5","12.8","18.9","15.9","12.7","63.8","19.3","66.7","34.0","61.5","27.7","18.3","15.4","6.8","8.2","40.2","34.3","19.7","12.4","22.9","17.0","13.6","12.6","4.0","3.2","5.9","7.7","2.2","3.7","33388","4075","32163","5630","42337","15101","12056","16010","12218","16296","9615","45009","19175","6220","19514","23101","18984","36529","30721","6245","32599","3544","21771","10723","44688","12613","43625","17121","47708","21614","62750","8142","62000","137614","63750","8799","0.3","(X)","(X)","(X)","(X)","-888888888",
"1400000US06111002500","Census Tract 25, Ventura County, California","368","161","111","67","257","149","17.1","18.9","30.6","41.5","11.3","16.2","11.4","14.5","9.0","16.9","12.5","20.2","54.6","16.1","42.3","29.6","59.9","19.5","16.8","14.8","18.0","32.4","16.3","19.5","3720","229","1602","219","2118","188","0.8","0.9","0.6","1.0","0.9","1.4","4.0","2.7","5.8","5.1","2.7","2.2","14.2","4.6","13.5","6.6","14.7","6.1","31.3","5.2","24.5","8.2","36.4","7.7","7.7","3.4","9.4","6.5","6.4","3.3","27.5","4.6","26.4","8.1","28.3","6.8","14.5","4.2","19.7","7.3","10.6","3.9","95.2","2.9","93.6","5.1","96.4","2.7","42.0","5.1","46.1","9.0","39.0","7.4","654","132","255","98","399","106","96.9","4.7","100.0","14.5","95.0","7.9","40.8","13.2","52.9","24.7","33.1","20.1","435","117","283","96","152","70","100.0","8.8","100.0","13.2","100.0","22.9","42.8","18.9","25.1","19.6","75.7","27.8","1473","157","620","128","853","131","94.0","5.5","88.7","11.6","97.8","3.6","47.7","10.8","51.8","15.3","44.8","13.8","1158","135","444","137","714","113","94.0","4.0","92.6","7.5","94.8","4.7","35.2","9.1","47.7","14.9","27.5","12.0","13.4","16.3","0.0","31.1","31.6","33.3","5.5","6.9","4.6","8.4","6.1","7.3","6.8","3.9","8.8","7.4","5.6","4.4","0.9","1.3","0.0","5.3","1.7","2.6","50302","8572","67014","24856","40127","11330","21917","13763","20250","27467","-","-222222222","44403","10357","55385","12438","24432","12388","42235","9395","60904","12985","40477","11851","51645","19407","84702","29883","36000","24262","102917","36259","91927","42606","110385","68813","5.3","(X)","(X)","(X)","(X)","-888888888",
"1400000US06111002600","Census Tract 26, Ventura County, California","265","112","144","85","121","67","30.6","22.1","23.6","21.6","38.8","32.7","20.4","16.3","21.5","24.1","19.0","21.3","44.2","24.8","45.8","27.5","42.1","32.6","4.9","6.2","9.0","12.1","0.0","27.5","2298","273","1191","215","1107","162","7.0","4.7","7.6","5.4","6.5","6.1","6.0","2.6","7.4","5.1","4.4","3.7","20.0","6.3","24.0","9.2","15.6","8.1","22.8","7.7","24.1","12.6","21.3","8.4","14.4","5.7","12.0","5.9","17.0","8.5","16.1","4.6","15.2","5.7","17.1","6.8","13.8","4.1","9.7","5.2","18.1","7.3","87.0","5.0","85.1","5.8","89.1","6.5","29.9","6.3","24.9","7.7","35.1","10.0","376","125","199","101","177","76","89.6","9.1","83.4","17.9","96.6","7.1","31.6","17.0","15.6","16.5","49.7","21.2","754","145","411","100","343","97","88.3","9.9","89.1","11.3","87.5","11.9","25.1","10.1","20.9","10.6","30.0","17.2","928","166","513","145","415","85","84.9","10.6","86.7","8.7","82.7","16.6","32.9","10.0","32.4","12.7","33.5","16.0","240","82","68","50","172","73","86.7","14.2","52.9","37.3","100.0","20.6","30.4","19.5","20.6","29.1","34.3","25.2","21.7","22.7","27.0","28.4","14.0","19.2","6.3","5.4","5.9","7.2","6.9","10.4","10.8","9.6","21.4","15.8","0.0","9.0","4.8","7.1","0.0","12.6","8.5","12.1","32522","7460","33198","8167","31193","14319","26061","5377","25802","6179","-","-222222222","23065","9920","32601","21096","19335","5718","24950","13549","32240","14967","22800","8874","51406","31618","75156","73116","46111","22986","57045","26681","100179","96657","54844","22750","2.3","(X)","(X)","(X)","(X)","-888888888",
"1400000US06111002700","Census Tract 27, Ventura County, California","272","131","105","78","167","94","10.3","16.8","0.0","30.6","16.8","25.7","45.6","29.3","66.7","42.9","32.3","30.8","44.1","28.5","33.3","42.9","50.9","32.4","0.0","13.6","0.0","30.6","0.0","21.1","2741","264","1198","162","1543","186","2.6","2.4","2.3","2.5","2.9","3.3","4.9","2.6","8.2","5.1","2.4","2.1","22.5","5.3","30.5","8.4","16.3","6.3","35.5","6.4","29.7","7.0","39.9","9.0","5.3","2.4","2.1","2.3","7.8","4.0","17.7","5.2","18.7","6.1","17.0","6.3","11.5","3.6","8.6","4.5","13.7","5.6","92.4","3.9","89.6","5.9","94.7","3.5","29.2","6.7","27.3","7.5","30.7","9.1","608","184","261","132","347","115","90.8","7.6","78.5","21.0","100.0","10.9","15.8","9.3","14.2","13.4","17.0","12.3","424","112","285","74","139","76","97.9","3.6","100.0","13.1","93.5","10.6","20.8","10.7","22.5","13.3","17.3","16.0","1008","110","414","68","594","86","91.5","6.6","91.1","8.2","91.8","8.6","39.3","12.1","25.4","13.0","49.0","17.1","701","125","238","86","463","93","92.0","5.8","86.6","10.1","94.8","5.3","31.5","11.7","50.8","18.1","21.6","11.4","10.6","12.8","11.2","18.1","9.8","16.8","8.0","7.0","4.7","5.3","12.7","13.0","11.0","6.4","23.1","15.3","4.8","4.6","7.2","6.8","4.6","7.3","9.1","10.1","38250","5886","42450","9507","35668","4918","30463","10829","31343","7479","21708","24679","30395","8536","38012","11881","26250","12986","40417","8810","46765","15538","36383","5053","43673","7039","53929","47951","42806","18737","55795","16229","90568","45662","48382","16470","3.3","(X)","(X)","(X)","(X)","-888888888",
"1400000US06111002800","Census Tract 28, Ventura County, California","525","214","312","160","213","118","27.4","18.0","32.4","25.8","20.2","22.3","25.5","15.3","23.4","24.5","28.6","26.0","44.2","19.6","44.2","29.7","44.1","30.0","2.9","4.9","0.0","12.0","7.0","11.6","4077","252","1840","202","2237","165","4.1","1.5","3.3","2.2","4.8","2.4","5.4","2.2","9.8","4.2","1.8","1.5","23.5","5.9","23.0","6.6","24.0","7.4","27.2","6.0","24.1","6.6","29.6","7.8","13.2","4.0","13.0","5.8","13.4","5.0","17.5","3.9","17.4","5.3","17.6","5.7","9.0","3.1","9.2","4.2","8.8","4.1","90.4","2.8","86.8","4.8","93.4","2.6","26.5","5.3","26.7","6.7","26.4","6.3","1150","261","604","179","546","155","92.9","4.5","91.4","7.7","94.5","5.5","29.4","12.6","26.2","13.6","33.0","15.7","936","146","387","100","549","113","95.2","6.3","92.8","8.6","96.9","5.2","28.8","10.9","25.3","11.2","31.3","15.2","1383","145","673","109","710","79","87.3","5.9","80.2","10.2","93.9","5.0","27.5","8.9","27.2","11.4","27.9","10.9","608","106","176","64","432","77","85.7","9.0","83.5","17.0","86.6","9.2","15.1","8.4","29.5","17.0","9.3","7.1","16.7","15.5","16.5","15.3","16.9","19.9","12.2","6.7","6.6","7.0","16.6","8.9","4.2","4.4","0.0","5.7","7.2","7.5","1.1","1.7","2.4","3.7","0.0","6.6","41279","1683","45536","13470","36776","4431","12821","2811","13393","24875","6389","9178","40432","3341","43452","16489","39506","9889","40052","5209","50282","13162","31268","5118","49038","6977","60227","16204","46420","10633","71100","8224","100333","59352","68333","14167","2.4","(X)","(X)","(X)","(X)","-888888888",
"1400000US06111002901","Census Tract 29.01, Ventura County, California","567","224","249","124","318","156","27.5","18.3","7.6","12.8","43.1","32.1","25.0","16.5","31.7","32.2","19.8","21.8","46.2","24.2","60.6","30.7","34.9","26.9","1.2","2.0","0.0","14.8","2.2","3.6","4435","924","1840","157","2595","917","5.1","3.6","7.2","5.7","3.7","3.4","12.1","3.9","8.3","5.2","14.7","5.2","20.3","6.1","12.8","5.9","25.6","8.1","22.4","3.8","26.1","7.0","19.8","4.5","11.0","3.6","10.9","5.8","11.1","3.6","16.5","4.8","20.0","5.8","14.0","6.6","12.5","4.6","14.7","4.6","11.0","6.2","82.8","4.8","84.5","6.2","81.6","5.7","29.0","7.5","34.7","6.0","25.0","10.4","1002","622","349","126","653","612","76.4","12.2","54.7","25.0","88.1","7.2","12.4","14.1","7.2","11.2","15.2","23.9","843","363","369","109","474","329","84.2","10.2","92.7","10.9","77.6","13.8","20.3","12.5","20.6","15.9","20.0","23.2","1738","180","756","101","982","125","86.5","6.9","87.8","9.1","85.5","9.9","46.3","8.5","50.7","11.6","43.0","10.2","852","89","366","67","486","78","81.2","9.1","97.8","3.6","68.7","13.8","22.1","8.3","42.1","14.8","7.0","5.7","21.2","24.8","7.4","12.4","29.5","34.5","29.4","34.9","0.0","15.5","39.8","42.5","6.3","6.4","0.0","5.7","11.6","10.2","0.0","3.1","0.0","6.1","0.0","6.0","54776","15538","64718","12409","35673","14755","28809","15467","28772","15947","29107","50332","40899","13929","58393","25628","21607","21933","49209","13624","76548","13557","30030","24388","78937","7422","80139","29432","76982","26723","81103","34160","66406","35943","97500","39462","1.3","(X)","(X)","(X)","(X)","-888888888",
"1400000US06111002905","Census Tract 29.05, Ventura County, California","518","188","265","115","253","117","16.6","14.3","14.7","14.3","18.6","22.7","31.9","24.9","29.4","26.1","34.4","27.4","46.5","18.7","46.0","22.5","47.0","23.7","5.0","6.3","9.8","12.9","0.0","14.6","3640","300","1746","230","1894","174","6.9","4.4","5.2","4.0","8.4","5.3","12.2","5.4","18.2","8.9","6.6","3.9","21.1","5.8","18.9","8.6","23.2","7.5","25.4","6.1","27.7","7.7","23.3","7.7","8.0","3.2","7.1","4.0","8.9","4.9","16.2","4.4","13.6","5.3","18.5","6.8","10.2","2.7","9.3","3.9","11.1","4.6","81.0","5.5","76.6","8.0","85.0","6.1","26.4","5.3","22.9","6.3","29.6","6.6","830","247","363","181","467","143","85.9","10.1","85.1","18.8","86.5","11.7","17.1","10.8","11.0","12.6","21.8","12.3","765","210","402","158","363","101","57.5","17.0","40.0","19.8","76.9","18.7","23.9","10.2","15.7","11.7","33.1","18.5","1448","166","681","112","767","104","87.2","7.6","89.9","8.7","84.7","8.0","28.7","9.6","26.9","10.7","30.4","11.6","597","127","300","82","297","81","89.1","7.6","85.0","11.8","93.3","9.2","36.7","11.9","38.0","17.1","35.4","14.4","0.0","5.6","0.0","9.3","0.0","13.1","3.1","3.0","0.0","11.4","5.5","5.1","2.5","3.8","0.0","6.4","4.9","7.6","0.0","4.1","0.0","9.5","0.0","6.9","40630","3284","42113","4478","35313","7140","17297","7726","17199","13390","20086","7375","27875","14075","40223","26550","27436","11777","41794","3394","42248","7693","40227","11882","51528","13854","69318","28278","42857","25214","74625","13131","78854","9002","54423","36971","5.7","(X)","(X)","(X)","(X)","-888888888",
"1400000US06111003010","Census Tract 30.10, Ventura County, California","195","129","102","81","93","73","7.2","14.2","0.0","31.3","15.1","30.3","20.0","15.8","28.4","40.4","10.8","22.2","72.8","14.6","71.6","40.4","74.2","36.8","0.0","18.4","0.0","31.3","0.0","33.4","1609","236","884","171","725","129","15.7","6.3","18.8","9.5","11.9","7.4","12.9","8.4","7.2","7.0","19.7","13.3","19.0","7.3","21.3","11.2","16.1","7.4","28.0","9.6","26.7","15.1","29.5","10.8","5.4","4.1","7.5","5.5","2.9","4.1","14.2","6.6","17.1","9.6","10.8","9.2","4.9","3.6","1.5","2.3","9.1","6.3","71.5","9.6","74.0","10.8","68.4","12.7","19.1","7.8","18.6","9.7","19.9","10.2","606","205","416","153","190","97","74.8","17.9","82.7","19.0","57.4","30.0","18.5","13.9","20.4","19.1","14.2","15.3","369","148","168","80","201","109","74.5","21.8","73.2","27.8","75.6","31.5","19.2","17.3","6.5","11.7","29.9","27.2","431","89","215","60","216","52","78.2","17.3","75.3","17.7","81.0","18.5","25.5","17.8","31.6","21.0","19.4","16.2","203","119","85","77","118","65","41.9","25.3","29.4","39.3","50.8","29.7","7.4","11.1","0.0","35.4","12.7","19.2","7.6","13.1","8.3","13.9","7.0","12.6","10.8","15.7","17.6","26.1","0.0","28.2","9.9","12.2","12.9","20.3","6.0","10.1","0.0","12.2","0.0","21.4","0.0","23.9","37386","12352","43594","10386","31506","5457","30904","15437","43806","22648","21250","34046","27256","17870","26890","29668","31154","24013","40995","7156","46467","13612","27212","15761","55903","13395","43523","40083","56354","18117","72981","90382","-","**","74231","46579","0.6","(X)","(X)","(X)","(X)","-888888888",
"1400000US06111003011","Census Tract 30.11, Ventura County, California","523","162","220","106","303","132","31.2","20.0","55.9","27.3","13.2","16.2","22.0","16.7","30.0","23.7","16.2","17.5","40.5","25.3","14.1","21.2","59.7","29.2","6.3","10.3","0.0","16.6","10.9","17.5","3039","283","1497","207","1542","175","22.2","7.5","18.4","8.3","25.9","9.2","15.5","6.9","15.9","7.7","15.0","7.9","21.1","7.5","25.8","10.2","16.6","8.3","20.4","5.6","20.4","9.0","20.5","6.6","6.4","3.9","3.1","3.5","9.7","6.2","12.4","5.1","13.4","7.2","11.5","5.7","1.9","1.3","3.1","2.7","0.8","1.4","62.4","8.9","65.7","10.0","59.1","11.1","14.4","5.1","16.5","6.7","12.3","5.6","889","281","531","177","358","170","71.1","17.4","71.9","18.1","69.8","23.3","8.5","7.0","3.0","4.9","16.8","15.2","849","209","397","123","452","139","67.6","17.7","73.0","21.1","62.8","19.7","19.6","10.5","30.5","16.2","10.0","10.3","882","196","393","147","489","125","49.2","15.0","53.9","22.5","45.4","18.5","20.5","12.2","28.0","19.5","14.5","11.3","419","105","176","49","243","90","60.9","17.4","56.8","23.4","63.8","21.2","3.3","5.9","0.0","20.2","5.8","10.3","12.0","11.3","11.3","14.3","12.5","10.9","3.6","5.6","0.0","9.8","9.0","13.7","11.5","12.1","11.7","16.3","11.4","12.2","14.0","14.6","6.5","10.9","23.7","29.2","24757","8212","26497","11501","22679","11958","15543","3570","16521","1946","11066","5220","29211","17025","36461","5484","19135","15711","37800","10106","30650","16568","38773","10500","25461","11069","26283","42744","9526","34695","124292","26538","-","**","-","-222222222","3.9","(X)","(X)","(X)","(X)","-888888888",
"1400000US06111003012","Census Tract 30.12, Ventura County, California","0","132","0","132","0","132","-","**","-","**","-","-222222222.0","-","**","-","**","-","-222222222.0","-","**","-","**","-","-222222222.0","-","**","-","**","-","-222222222.0","160","98","95","71","65","43","36.9","24.9","49.5","38.0","18.5","23.2","12.5","20.4","0.0","32.9","30.8","40.0","24.4","18.2","20.0","26.8","30.8","30.0","26.3","27.2","30.5","41.0","20.0","25.2","0.0","21.9","0.0","32.9","0.0","40.8","0.0","21.9","0.0","32.9","0.0","40.8","0.0","21.9","0.0","32.9","0.0","40.8","50.6","22.7","50.5","38.0","50.8","26.2","0.0","21.9","0.0","32.9","0.0","40.8","37","46","15","24","22","25","59.5","25.9","0.0","84.9","100.0","70.1","0.0","54.1","0.0","84.9","0.0","70.1","38","51","38","51","0","132","100.0","53.4","100.0","53.4","-","-222222222.0","0.0","53.4","0.0","53.4","-","-222222222.0","65","55","42","34","23","25","32.3","28.0","23.8","34.0","47.8","52.2","0.0","40.8","0.0","50.8","0.0","68.6","20","23","0","132","20","23","0.0","73.6","-","**","0.0","73.6","0.0","73.6","-","**","0.0","73.6","0.0","36.9","0.0","48.0","0.0","58.2","0.0","52.7","0.0","75.5","0.0","73.6","0.0","50.8","0.0","61.1","0.0","91.2","-","**","-","**","-","-222222222.0","19871","10310","20750","12860","-","-222222222","29318","7191","29318","7191","-","-222222222","16842","32314","17375","45485","-","-222222222","-","**","-","**","-","-222222222","-","**","-","**","-","-222222222","-","**","-","**","-","-222222222","0.0","(X)","(X)","(X)","(X)","-888888888",
"1400000US06111003013","Census Tract 30.13, Ventura County, California","566","171","188","118","378","128","13.1","11.9","39.4","30.0","0.0","10.0","41.2","17.1","40.4","26.0","41.5","21.2","40.8","17.0","13.8","15.9","54.2","21.7","4.9","6.1","6.4","12.3","4.2","7.0","3114","267","1628","186","1486","201","6.1","4.1","5.4","4.3","6.8","5.0","12.2","5.1","12.8","7.6","11.4","6.8","21.2","5.6","19.5","8.8","23.0","8.3","27.6","5.8","24.6","9.1","30.8","7.7","12.7","4.5","13.6","6.3","11.6","5.8","15.5","4.5","19.6","7.2","11.0","5.3","4.8","3.0","4.5","3.8","5.2","4.3","81.8","5.3","81.8","7.8","81.8","7.2","20.4","5.7","24.1","7.6","16.3","6.5","670","202","398","129","272","117","83.1","14.1","78.6","22.1","89.7","15.9","20.9","12.1","18.6","15.5","24.3","19.9","717","164","255","89","462","121","81.3","10.9","80.4","17.5","81.8","14.2","16.0","10.2","17.6","17.8","15.2","12.3","1356","169","818","194","538","98","81.4","9.9","80.2","10.2","83.3","13.9","21.0","7.8","25.1","11.2","14.9","8.4","371","80","157","49","214","61","81.4","13.3","100.0","22.2","67.8","21.3","25.3","14.5","43.3","25.9","12.1","12.7","1.6","2.6","0.0","12.6","3.3","5.4","5.6","6.9","0.0","11.8","10.8","12.6","5.0","6.8","4.0","6.8","6.0","7.3","0.5","1.6","0.0","9.7","1.2","4.1","39717","6105","45984","10007","33844","7271","23423","7619","24481","13160","19199","8875","49695","22665","60023","24779","41518","44589","37625","9331","42169","15191","32768","10540","42993","7922","43854","39993","42596","8175","100531","34603","67107","126729","100875","7508","0.8","(X)","(X)","(X)","(X)","-888888888",
"1400000US06111003100","Census Tract 31, Ventura County, California","2248","519","1128","389","1120","292","25.8","10.7","22.1","13.7","29.6","16.7","26.7","6.3","37.3","12.4","16.1","8.8","44.5","10.7","36.3","11.5","52.8","15.2","3.0","3.1","4.3","5.7","1.6","2.5","9421","472","4659","426","4762","323","16.0","4.3","12.3","4.2","19.6","5.7","16.9","4.7","16.8","6.0","17.1","5.0","19.6","4.4","23.5","6.3","15.8","4.4","21.4","4.2","19.4","5.2","23.4","5.4","7.9","2.4","7.4","3.2","8.4","3.2","14.7","3.4","16.4","5.4","13.1","3.3","3.4","1.2","4.1","1.9","2.7","1.2","67.1","5.8","70.9","7.1","63.4","6.7","18.1","3.4","20.5","5.1","15.8","3.6","1994","475","1263","388","731","299","69.1","13.4","76.2","14.3","56.8","23.0","28.9","11.6","34.2","15.0","19.8","13.9","2597","307","1130","216","1467","211","79.2","6.7","83.0","8.0","76.3","8.5","13.8","5.5","13.6","6.7","13.9","7.5","3529","314","1680","192","1849","204","64.3","10.1","63.9","10.8","64.6","10.7","17.7","5.5","17.0","6.5","18.4","7.0","1301","208","586","162","715","147","47.5","13.8","56.0","17.4","40.6","14.0","11.3","6.5","14.0","9.3","9.1","9.0","14.4","7.8","11.6","14.3","16.6","7.5","2.8","2.5","3.3","3.7","2.0","3.3","5.9","4.7","2.9","3.4","8.3","8.0","0.0","2.3","0.0","4.1","0.0","5.2","36051","4074","40957","6836","26486","6470","17258","4327","26594","8520","12861","2132","34375","6440","35055","6372","31923","15344","43330","5842","53858","6695","33723","11316","53364","7095","54805","12532","44901","15371","75598","8242","75833","11725","75156","29682","5.6","(X)","(X)","(X)","(X)","-888888888",
"1400000US06111003201","Census Tract 32.01, Ventura County, California","378","201","288","190","90","62","41.5","31.2","49.7","37.3","15.6","21.0","20.4","15.2","22.2","20.9","14.4","23.0","34.9","23.7","28.1","26.7","56.7","35.8","3.2","5.4","0.0","12.9","13.3","21.8","1901","401","1022","394","879","136","40.3","11.0","33.4","16.5","48.4","10.0","30.6","15.9","39.9","25.5","19.8","8.4","15.6","6.9","13.7","9.7","17.7","8.1","7.8","4.2","9.4","7.0","5.9","5.7","2.5","2.3","2.3","2.8","2.6","3.9","2.1","2.5","1.3","2.1","3.0","4.5","1.2","1.9","0.0","3.8","2.6","3.9","29.1","9.6","26.7","14.4","31.9","11.9","3.3","4.2","1.3","2.1","5.6","8.3","746","336","479","313","267","103","28.4","16.2","26.3","24.0","32.2","20.4","3.4","4.2","2.7","5.0","4.5","7.1","433","130","204","73","229","97","31.4","18.2","24.0","26.7","38.0","21.2","0.0","8.8","0.0","17.7","0.0","16.0","435","104","176","73","259","86","40.0","15.5","55.7","22.8","29.3","20.6","8.5","12.7","0.0","20.2","14.3","20.5","287","99","163","74","124","59","10.8","11.7","0.0","21.5","25.0","22.6","0.0","13.0","0.0","21.5","0.0","27.0","29.7","14.2","21.8","17.1","39.6","13.2","38.2","26.5","56.4","29.3","21.8","25.8","0.0","18.4","0.0","27.7","0.0","38.0","0.0","41.8","0.0","91.2","0.0","47.0","16206","914","17064","6760","10882","4161","15309","5808","16770","5756","7695","2221","17262","14620","16806","8648","25682","16161","26990","7373","30926","9520","26111","4669","15625","20719","2,500-","***","-","-222222222","-","**","-","**","-","-222222222","4.9","(X)","(X)","(X)","(X)","-888888888",
"1400000US06111003300","Census Tract 33, Ventura County, California","765","262","532","254","233","98","27.2","11.3","36.1","14.5","6.9","11.7","42.7","14.7","36.8","18.1","56.2","26.2","28.9","13.7","25.4","14.2","36.9","25.2","1.2","2.6","1.7","3.9","0.0","15.7","4737","517","2285","297","2452","321","19.0","7.3","13.6","7.5","24.0","8.3","10.2","3.5","9.3","5.6","11.1","4.8","26.5","5.5","29.6","7.9","23.7","6.7","18.6","4.8","18.8","6.2","18.4","6.4","9.6","3.4","6.9","3.6","12.1","5.5","8.4","2.8","10.2","4.1","6.9","3.4","7.6","3.2","11.8","5.1","3.8","2.7","70.8","8.2","77.2","7.6","64.8","10.4","16.1","4.2","21.9","6.4","10.6","4.0","1180","347","528","202","652","232","68.7","15.2","83.1","14.2","57.1","19.7","3.9","4.5","4.2","5.1","3.7","4.5","1088","240","598","172","490","177","67.1","13.7","71.1","14.3","62.2","21.2","14.4","8.7","25.3","16.2","1.2","3.0","1492","301","760","204","732","146","75.4","11.5","82.5","12.1","68.0","15.1","25.2","8.6","27.2","11.9","23.1","10.5","977","198","399","116","578","135","70.3","11.1","68.2","14.0","71.8","13.6","18.6","7.0","30.3","12.2","10.6","6.1","29.9","22.1","21.4","19.8","35.0","24.0","9.1","8.3","6.9","8.3","11.9","9.5","2.0","2.7","4.3","5.6","0.0","5.8","0.0","5.4","0.0","7.9","0.0","15.7","28560","5076","34907","8494","23326","7031","19643","13035","28513","9186","13587","7255","25603","5893","25737","9298","25512","11875","34583","5614","37344","19474","31538","15881","32298","36374","50357","39126","30363","10647","69732","43989","68482","34766","-","-222222222","1.7","(X)","(X)","(X)","(X)","-888888888",
"1400000US06111003605","Census Tract 36.05, Ventura County, California","855","279","592","217","263","135","34.7","17.7","45.1","22.0","11.4","13.7","26.7","12.7","11.5","11.4","60.8","24.0","33.9","13.4","41.0","19.1","17.9","19.2","4.7","4.4","2.4","3.8","9.9","11.8","6091","733","3025","437","3066","379","10.7","5.0","5.7","3.7","15.6","8.1","8.1","4.7","8.6","6.9","7.6","5.2","17.1","5.4","17.7","6.4","16.4","6.0","28.8","7.1","23.4","7.7","34.1","8.7","10.0","3.4","13.2","5.2","6.8","4.0","17.1","4.3","20.5","6.5","13.7","5.5","8.3","3.1","11.0","4.8","5.7","3.0","81.2","8.0","85.7","7.7","76.8","9.8","25.4","5.6","31.4","7.2","19.4","6.6","1819","557","992","395","827","239","74.8","12.7","74.2","16.6","75.5","14.6","17.4","8.8","21.5","11.6","12.6","9.0","922","229","514","131","408","132","85.7","10.5","90.5","9.1","79.7","21.8","41.0","11.2","40.5","19.5","41.7","22.8","2530","286","1103","213","1427","200","79.8","10.7","88.4","9.2","73.2","14.7","27.4","9.2","36.2","11.8","20.6","9.3","820","209","416","158","404","113","94.9","4.7","100.0","9.2","89.6","9.5","19.4","8.0","31.5","14.9","6.9","9.3","9.7","11.8","9.7","15.9","9.7","10.6","2.8","2.7","0.0","7.2","5.8","5.7","5.5","4.5","0.0","3.5","10.3","8.6","1.9","2.3","0.0","4.1","5.0","5.8","33202","5562","50372","11942","27178","7424","19074","2810","22793","2922","18365","2147","32404","6038","50500","25616","30023","15822","38836","8386","51235","15039","30131","4225","43684","14419","75117","38077","33476","2097","85038","42015","86365","24095","63170","21702","6.6","(X)","(X)","(X)","(X)","-888888888",
"1400000US06111003608","Census Tract 36.08, Ventura County, California","890","215","467","133","423","123","26.6","11.3","24.8","13.6","28.6","16.5","37.1","11.1","47.5","18.0","25.5","13.3","34.2","9.8","23.6","11.9","45.9","15.1","2.1","2.8","4.1","5.6","0.0","9.0","2225","239","1080","134","1145","148","22.7","5.8","16.9","7.6","28.1","6.3","5.7","2.9","6.9","4.9","4.5","2.8","22.8","5.5","25.3","9.3","20.4","5.8","24.8","6.3","25.3","7.9","24.4","7.7","10.3","5.1","9.9","5.4","10.7","6.3","8.9","3.7","10.2","5.0","7.8","4.8","4.8","3.0","5.5","4.1","4.2","3.3","71.6","6.4","76.1","7.9","67.4","7.2","13.8","4.3","15.6","6.0","12.0","5.5","471","104","256","80","215","75","85.1","11.6","90.6","10.5","78.6","18.5","16.6","11.0","8.6","10.0","26.0","19.5","601","126","289","76","312","75","63.2","15.4","60.6","16.8","65.7","20.5","12.5","10.2","8.0","9.9","16.7","14.4","904","130","433","77","471","72","76.8","9.4","84.3","11.9","69.9","11.2","13.5","6.4","23.3","10.9","4.5","5.4","249","78","102","39","147","70","47.8","17.3","49.0","22.9","46.9","26.7","12.4","9.1","22.5","18.8","5.4","7.8","7.1","7.8","2.3","4.4","10.5","12.0","9.7","9.2","17.9","16.7","0.0","15.7","3.3","3.6","3.7","5.8","3.0","4.4","4.9","6.5","0.0","20.9","10.9","14.3","38514","6814","42721","4906","29167","8822","27865","23032","38235","6322","12004","2795","29813","8989","26866","5350","34055","11493","44737","10230","61711","22769","27692","12883","75208","40751","81458","34108","58500","29282","47188","56860","70568","55142","46667","52396","1.9","(X)","(X)","(X)","(X)","-888888888",
"1400000US06111003609","Census Tract 36.09, Ventura County, California","129","114","117","114","12","19","41.1","48.3","45.3","54.5","0.0","95.0","0.0","26.2","0.0","28.2","0.0","95.0","0.0","26.2","0.0","28.2","0.0","95.0","58.9","48.3","54.7","54.5","100.0","95.0","5114","385","2517","252","2597","288","2.3","1.9","1.2","1.3","3.5","3.3","2.2","1.1","2.3","1.8","2.0","1.5","16.1","3.6","12.5","4.7","19.6","5.8","27.9","4.9","34.5","6.8","21.6","6.2","9.5","3.2","6.0","4.0","12.9","5.3","22.3","4.6","21.6","5.9","23.1","5.8","19.6","5.2","22.0","6.7","17.3","7.6","95.5","2.3","96.5","2.5","94.5","3.5","41.9","6.2","43.5","8.1","40.4","7.8","502","204","264","107","238","135","100.0","7.7","100.0","14.0","100.0","15.4","36.3","12.8","20.8","16.0","53.4","17.5","820","258","419","142","401","167","100.0","4.8","100.0","9.1","100.0","9.5","41.2","18.9","43.2","25.1","39.2","20.0","2220","280","1155","207","1065","152","96.2","2.7","96.5","3.1","95.8","3.9","41.8","9.3","47.4","11.9","35.7","12.1","1572","188","679","139","893","174","90.7","6.8","92.9","7.6","89.0","9.0","44.3","9.4","46.1","12.9","43.0","11.7","13.9","17.2","0.0","34.6","22.4","28.8","14.3","8.1","28.3","16.4","5.7","7.3","4.0","3.0","2.5","3.1","5.8","5.3","2.9","2.6","5.7","5.1","0.0","3.7","51715","8545","72031","18503","40550","9436","95134","95948","95714","40818","-","-222222222","43462","16078","47083","32678","35268","19300","40633","9246","44231","48097","37969","12591","52267","18394","110274","47631","33790","14997","82634","7387","84085","14560","78711","16375","2.4","(X)","(X)","(X)","(X)","-888888888",
"1400000US06111003612","Census Tract 36.12, Ventura County, California","553","267","269","145","284","169","0.0","7.0","0.0","13.8","0.0","13.1","18.1","14.9","25.3","24.7","11.3","11.5","74.7","17.6","65.1","24.9","83.8","14.4","7.2","7.1","9.7","10.9","4.9","8.6","3112","336","1659","215","1453","218","0.0","1.3","0.0","2.4","0.0","2.7","5.6","5.3","2.3","2.7","9.4","11.0","16.6","5.5","21.3","9.1","11.3","4.8","26.4","6.4","28.2","8.9","24.4","7.2","9.9","5.2","9.3","5.2","10.5","7.3","21.1","6.0","22.7","8.0","19.4","7.7","20.4","6.8","16.3","6.9","25.1","10.0","94.4","5.3","97.7","2.7","90.6","11.0","41.5","9.1","38.9","10.2","44.5","12.5","637","247","388","178","249","134","100.0","6.1","100.0","9.8","100.0","14.8","44.6","18.8","49.7","22.9","36.5","25.2","621","165","336","126","285","79","90.7","8.5","88.7","13.0","93.0","11.5","41.5","15.2","24.7","17.4","61.4","25.5","1352","182","696","107","656","116","96.2","5.3","100.0","5.6","92.2","10.9","45.3","11.1","40.2","13.9","50.8","14.1","502","125","239","64","263","112","87.1","16.6","100.0","15.4","75.3","28.5","27.3","13.5","37.7","20.7","17.9","15.1","0.0","20.4","0.0","53.4","0.0","25.1","0.0","7.4","0.0","10.7","0.0","21.4","1.7","2.6","0.0","6.2","3.7","5.8","5.7","5.3","1.7","2.9","9.8","9.5","44934","12282","50045","17771","33229","24980","19681","22003","38750","37646","-","-222222222","24125","10372","30722","15843","6719","5255","29570","13344","45221","25690","20634","6708","57417","20985","71985","8639","36833","30146","79265","15559","71588","39197","80590","11888","0.4","(X)","(X)","(X)","(X)","-888888888",
"1400000US06111003700","Census Tract 37, Ventura County, California","662","180","424","158","238","98","33.1","14.1","34.9","18.7","29.8","25.6","30.1","11.6","22.9","13.5","42.9","20.8","35.8","12.2","42.2","17.1","24.4","14.8","1.1","1.8","0.0","9.0","2.9","5.0","3744","315","2056","241","1688","163","35.4","6.5","30.8","7.8","41.1","8.0","11.3","3.7","14.2","6.0","7.8","3.6","28.2","6.1","31.2","8.7","24.5","7.4","11.4","3.5","10.6","4.8","12.4","4.6","10.0","3.7","9.5","4.3","10.6","4.7","2.8","1.5","2.1","1.9","3.6","2.4","0.8","0.7","1.5","1.2","0.0","2.3","53.2","7.5","55.0","9.2","51.1","8.4","3.6","1.8","3.6","2.4","3.6","2.4","867","201","514","180","353","86","80.0","10.6","80.4","14.1","79.6","16.3","3.1","3.5","1.6","2.5","5.4","6.7","1042","221","675","143","367","119","55.2","16.5","55.4","16.0","54.8","24.0","5.8","4.5","7.7","6.1","2.2","3.5","1185","186","547","103","638","120","33.7","8.6","26.7","10.0","39.7","11.0","1.8","2.0","1.6","2.5","1.9","3.1","650","141","320","86","330","81","50.0","13.1","61.9","18.2","38.5","14.4","4.2","4.0","1.9","3.3","6.4","7.2","17.2","6.6","18.7","7.8","15.5","8.2","8.2","8.2","4.7","7.1","13.6","12.4","2.4","3.0","4.6","6.0","0.0","9.8","2.2","6.3","0.0","38.0","5.0","14.3","22158","5666","26855","5440","14809","4479","15095","2110","19904","6707","11291","3021","19087","14868","28281","21114","11250","5550","37212","5872","41711","13662","32232","7003","48125","51156","29875","81720","48542","65118","52344","28045","52344","28045","-","-222222222","8.4","(X)","(X)","(X)","(X)","-888888888",
"1400000US06111003801","Census Tract 38.01, Ventura County, California","618","267","370","177","248","121","38.2","11.6","47.3","20.4","24.6","23.2","27.2","16.4","35.1","24.4","15.3","15.8","34.6","15.7","17.6","13.6","60.1","24.1","0.0","6.3","0.0","10.2","0.0","14.9","2587","311","1201","171","1386","202","42.9","8.4","37.6","10.8","47.5","9.2","23.8","5.6","30.9","9.7","17.6","6.8","18.0","5.4","16.7","7.2","19.0","6.0","8.7","3.5","8.3","4.4","8.9","4.4","4.8","3.1","4.6","3.5","4.9","4.8","0.9","1.0","1.0","1.6","0.9","1.3","1.0","1.1","0.9","1.4","1.1","1.7","33.3","7.3","31.6","9.5","34.8","8.0","1.9","1.3","1.9","2.1","1.9","1.7","595","210","255","133","340","130","49.4","14.3","34.9","20.0","60.3","22.4","2.0","3.3","4.7","7.7","0.0","11.1","699","185","391","101","308","121","31.9","14.8","42.2","17.6","18.8","17.0","0.0","5.6","0.0","9.7","0.0","12.2","830","206","389","122","441","127","25.8","10.8","18.3","11.6","32.4","13.2","4.6","3.5","2.8","4.4","6.1","5.2","463","141","166","73","297","93","28.3","14.3","32.5","21.4","25.9","15.1","0.0","8.3","0.0","21.2","0.0","12.6","12.9","8.3","13.5","9.8","12.4","9.1","27.7","17.7","13.9","19.8","38.3","21.3","17.0","14.7","7.7","12.1","24.5","22.3","0.0","46.5","0.0","68.6","0.0","63.3","21676","5087","26765","3477","17135","2006","18735","3575","25747","4685","16569","1233","23214","16137","31071","13838","9091","19315","36719","5548","35739","12735","40066","11837","23750","21116","-","**","-","-222222222","-","**","-","**","-","-222222222","9.7","(X)","(X)","(X)","(X)","-888888888",
"1400000US06111003802","Census Tract 38.02, Ventura County, California","410","124","263","108","147","83","38.0","15.5","37.3","18.4","39.5","26.8","22.4","12.5","28.9","20.1","10.9","15.7","36.3","19.9","33.8","29.9","40.8","31.9","3.2","6.7","0.0","14.1","8.8","17.2","1849","338","982","244","867","172","44.8","12.4","42.0","14.0","48.1","13.5","16.9","5.6","18.8","9.2","14.8","7.4","20.3","7.8","17.6","8.9","23.3","10.4","9.2","5.5","11.5","6.6","6.6","6.7","3.5","3.8","4.5","6.4","2.3","2.9","3.7","2.9","2.6","2.8","5.0","5.3","1.6","2.6","3.0","4.8","0.0","4.5","38.2","11.1","39.2","12.4","37.1","12.9","5.3","3.8","5.6","5.7","5.0","5.3","427","172","206","119","221","99","37.7","19.3","21.8","15.8","52.5","25.2","6.6","10.8","0.0","17.6","12.7","19.9","512","136","355","116","157","48","43.0","19.5","44.2","18.4","40.1","31.4","3.7","4.7","5.4","6.9","0.0","22.2","621","177","281","105","340","115","27.7","17.4","38.4","22.4","18.8","14.7","2.3","3.8","5.0","8.2","0.0","11.1","289","112","140","56","149","86","53.3","22.1","53.6","25.2","53.0","22.5","12.8","10.4","15.7","18.4","10.1","10.2","19.3","16.7","13.2","18.3","26.3","17.7","10.7","15.0","22.8","27.0","0.0","19.0","17.7","21.9","5.4","8.5","42.9","50.5","9.5","17.3","16.7","34.4","0.0","54.8","18968","3753","21938","6697","16098","1366","20174","5893","21734","4127","16223","2878","19276","7469","31906","26648","15375","13435","19063","16396","18625","11720","58295","63303","16027","15006","42841","62042","15893","5135","-","**","-","**","-","-222222222","10.1","(X)","(X)","(X)","(X)","-888888888",
"1400000US06111003900","Census Tract 39, Ventura County, California","632","226","349","182","283","117","24.5","13.5","22.6","20.6","26.9","23.7","39.7","14.2","35.2","19.8","45.2","24.4","35.8","16.9","42.1","25.0","27.9","18.3","0.0","6.1","0.0","10.8","0.0","13.2","3574","369","1780","240","1794","202","23.0","5.6","18.7","7.4","27.3","7.2","19.3","5.4","22.9","8.8","15.8","5.3","18.5","5.6","22.1","9.3","14.9","5.3","18.9","4.6","20.7","6.2","17.2","5.8","6.9","3.7","6.6","6.1","7.3","5.0","9.7","3.1","6.9","3.7","12.5","4.3","3.6","1.8","2.2","1.8","4.9","3.2","57.7","7.1","58.5","9.8","56.9","7.6","13.3","3.6","9.1","4.4","17.4","5.3","1051","241","559","157","492","153","63.2","12.1","69.1","13.8","56.5","16.4","8.9","7.0","0.0","6.9","19.1","14.0","1024","212","527","134","497","117","52.2","14.0","50.1","17.4","54.5","15.0","21.4","10.6","19.9","12.4","22.9","11.9","1187","215","562","128","625","119","58.3","12.0","61.2","17.6","55.7","14.5","12.6","7.1","10.1","6.7","14.9","11.8","312","97","132","70","180","78","54.5","21.2","35.6","24.5","68.3","25.6","3.8","6.3","0.0","25.7","6.7","11.3","12.3","7.5","7.0","6.7","17.3","9.6","24.8","11.6","10.9","12.7","45.1","18.5","20.0","9.6","10.9","10.8","30.1","15.7","0.0","8.1","0.0","21.7","0.0","12.0","24728","2442","27413","8379","19258","3879","19095","2676","23428","4130","15391","4973","28529","7684","31855","12024","25278","6845","30815","6357","33625","2735","25000","10972","42750","11511","43068","3890","39917","20743","24500","45403","74028","46466","21397","24970","8.5","(X)","(X)","(X)","(X)","-888888888",
"1400000US06111004000","Census Tract 40, Ventura County, California","849","277","467","181","382","179","33.0","16.7","31.9","18.9","34.3","22.2","29.9","14.8","29.1","17.1","30.9","20.2","32.7","17.4","33.4","22.6","31.9","22.5","4.4","5.0","5.6","6.2","2.9","4.6","3571","434","1829","218","1742","257","22.4","7.2","24.7","8.6","20.0","7.3","17.7","6.8","24.3","10.0","10.8","4.9","29.7","5.4","25.3","7.4","34.4","6.7","15.1","3.5","11.3","4.3","19.2","6.9","7.8","2.9","9.1","5.2","6.4","4.0","6.4","2.2","4.8","3.2","8.2","3.7","0.8","0.9","0.6","1.0","0.9","1.4","59.8","5.4","51.0","8.2","69.1","6.5","7.2","2.5","5.4","3.3","9.1","4.0","693","240","413","169","280","117","57.4","14.8","40.9","16.7","81.8","13.5","7.2","7.2","9.7","10.9","3.6","5.2","906","239","513","177","393","107","65.0","8.0","58.5","11.8","73.5","16.0","7.9","3.5","4.5","6.0","12.5","5.9","1163","240","572","123","591","155","54.4","13.9","49.3","16.6","59.4","15.8","5.2","3.9","3.7","4.5","6.8","6.3","809","166","331","86","478","108","63.9","10.4","55.0","16.9","70.1","11.0","9.1","4.8","4.5","6.7","12.3","6.4","12.3","7.0","10.6","7.3","15.1","9.3","16.3","8.0","7.4","9.5","23.2","12.3","9.3","6.9","7.5","8.7","10.7","11.6","4.7","8.0","0.0","32.0","7.6","12.8","20986","2352","24601","3841","18125","2899","19637","1953","19783","2808","19087","3637","20319","5826","25456","3644","17524","6828","32232","16216","53491","14987","17455","9443","14943","23777","25046","25225","4792","62699","70391","65541","-","**","-","-222222222","4.2","(X)","(X)","(X)","(X)","-888888888",
"1400000US06111004101","Census Tract 41.01, Ventura County, California","571","193","289","106","282","123","47.3","13.3","54.0","22.5","40.4","20.6","22.6","12.2","27.7","20.7","17.4","13.4","30.1","13.9","18.3","16.8","42.2","20.7","0.0","6.8","0.0","12.9","0.0","13.2","3874","418","2122","282","1752","214","36.0","6.1","35.2","8.2","36.9","8.4","21.2","6.2","19.2","7.7","23.6","7.8","17.4","5.1","20.4","6.2","13.8","5.6","10.0","3.0","9.9","4.1","10.2","3.7","5.6","2.5","7.3","3.9","3.5","2.5","8.1","4.5","7.5","4.1","8.8","7.5","1.7","1.4","0.5","0.8","3.2","2.9","42.8","7.6","45.5","8.8","39.4","9.0","9.8","4.6","8.0","4.2","12.0","8.0","1285","282","802","208","483","127","38.3","9.6","44.3","13.2","28.4","12.3","7.8","5.0","7.0","6.1","9.1","7.4","880","274","483","158","397","171","58.5","15.9","56.7","16.6","60.7","22.2","22.4","17.0","15.3","11.0","31.0","28.8","1123","198","545","113","578","117","36.3","9.4","39.8","12.7","33.0","10.6","5.8","4.9","5.3","8.1","6.2","5.7","586","166","292","102","294","94","41.3","17.6","41.1","20.3","41.5","19.4","3.1","3.5","3.4","5.6","2.7","4.5","24.8","9.4","20.3","10.3","29.7","11.5","5.5","5.7","1.4","2.4","12.9","14.6","5.3","4.6","7.9","7.4","1.3","2.7","11.8","12.5","0.0","20.9","21.3","19.1","21547","1468","24222","4085","17473","3432","17962","2095","20585","2124","13523","4042","21330","2107","21324","3044","21346","13199","33856","8456","40391","21143","25375","5244","43512","12656","43155","11518","77826","86842","46319","4386","-","**","46667","12187","5.2","(X)","(X)","(X)","(X)","-888888888",
"1400000US06111004200","Census Tract 42, Ventura County, California","489","179","241","120","248","95","19.8","12.4","24.9","18.5","14.9","15.1","35.8","15.5","34.9","18.3","36.7","22.7","40.7","17.9","40.2","30.5","41.1","20.1","3.7","5.3","0.0","15.2","7.3","10.1","3237","267","1664","217","1573","143","21.3","5.3","22.2","6.5","20.3","5.8","9.7","4.5","8.2","5.1","11.4","5.8","26.3","5.0","24.0","6.6","28.7","7.3","22.6","6.0","24.3","7.8","20.9","5.9","8.0","3.1","8.4","5.4","7.6","4.1","9.0","3.2","10.6","4.9","7.3","4.1","3.1","2.1","2.4","2.1","3.8","3.1","69.0","5.6","69.7","7.6","68.3","7.0","12.1","3.7","13.0","4.6","11.1","5.3","516","159","231","100","285","89","67.6","13.2","70.6","17.2","65.3","20.5","14.5","11.0","20.8","17.8","9.5","9.9","739","143","381","111","358","101","71.0","11.9","79.3","13.3","62.3","19.7","17.6","7.8","17.3","12.3","17.9","13.3","1365","158","786","134","579","67","68.8","9.6","65.3","11.4","73.6","10.7","10.1","5.7","10.7","7.4","9.3","7.0","617","94","266","86","351","62","68.1","12.5","68.0","16.9","68.1","16.4","7.8","6.6","6.8","8.1","8.5","7.9","7.8","7.3","8.5","8.9","7.0","6.9","16.7","9.0","14.0","13.6","19.1","11.1","6.5","4.1","9.9","6.9","2.2","3.5","13.3","12.3","5.6","8.5","22.9","19.3","32125","9287","40550","3845","22938","7143","20179","9717","26010","16726","14030","2620","20250","16768","29444","34046","10469","29092","40344","7255","42192","4942","30507","9412","48819","12592","48715","16310","52841","30918","48417","59431","86250","116520","35893","36299","1.9","(X)","(X)","(X)","(X)","-888888888",
"1400000US06111004304","Census Tract 43.04, Ventura County, California","539","182","319","123","220","142","31.5","14.5","40.1","19.7","19.1","26.5","10.9","8.1","12.2","10.3","9.1","10.5","54.2","13.7","42.0","17.3","71.8","27.3","3.3","4.0","5.6","6.8","0.0","16.6","3833","312","1809","248","2024","206","6.0","2.7","7.7","3.9","4.5","2.7","9.8","3.3","5.6","3.7","13.6","4.6","22.1","6.4","17.1","7.0","26.6","8.1","31.5","5.4","34.8","8.4","28.6","7.5","8.7","3.5","9.5","4.9","7.9","4.0","14.3","4.5","17.1","6.0","11.9","5.5","7.5","3.0","8.1","5.0","7.0","3.2","84.2","4.6","86.7","5.5","81.9","5.4","21.8","5.3","25.2","7.5","18.8","5.8","814","225","378","152","436","123","70.0","13.1","77.2","16.2","63.8","16.2","21.3","9.4","23.0","13.7","19.7","13.6","770","188","379","130","391","113","82.6","10.2","85.5","14.3","79.8","14.1","26.4","14.3","30.3","20.6","22.5","14.4","1105","216","538","136","567","132","83.9","9.6","86.8","10.1","81.1","11.9","22.7","9.7","23.0","12.8","22.4","12.0","1144","158","514","152","630","135","95.5","4.3","94.4","7.2","96.5","5.6","18.4","9.4","25.3","15.8","12.7","8.9","18.5","14.4","14.5","15.6","21.0","18.4","11.0","7.2","7.4","9.1","13.0","9.3","5.8","3.4","4.7","4.3","6.9","5.8","2.7","3.0","2.9","4.0","2.6","4.5","40231","8958","46469","7130","20789","5554","17233","1227","41382","23386","15421","11313","23958","37652","46250","44216","18250","15561","34758","13007","44183","9644","21339","12475","52827","11000","59167","38584","51458","8267","73250","30100","105000","51648","58500","22282","3.3","(X)","(X)","(X)","(X)","-888888888",
"1400000US06111004305","Census Tract 43.05, Ventura County, California","1391","390","1084","330","307","103","2.0","2.4","0.6","1.0","7.2","10.7","53.5","14.1","54.7","13.0","49.2","22.2","44.5","14.1","44.7","12.9","43.6","22.9","0.0","2.8","0.0","3.6","0.0","12.2","1231","138","648","88","583","85","0.8","1.3","0.8","1.2","0.9","1.4","4.6","2.9","4.9","4.8","4.3","4.2","17.3","8.7","19.1","10.2","15.3","9.8","44.0","12.0","40.6","16.1","47.9","13.8","6.2","3.1","5.6","4.4","6.9","4.9","25.5","9.5","26.1","11.7","24.9","12.4","1.5","2.0","2.9","3.7","0.0","6.6","94.6","2.8","94.3","4.6","94.9","4.3","27.1","9.8","29.0","11.9","24.9","12.4","657","154","333","95","324","100","91.3","5.1","90.4","8.4","92.3","7.8","16.3","8.8","12.9","8.7","19.8","15.7","446","154","268","89","178","80","100.0","8.6","100.0","13.8","100.0","20.0","34.5","21.2","40.3","23.8","25.8","24.6","119","61","42","31","77","44","91.6","13.8","88.1","19.8","93.5","11.0","60.5","27.3","88.1","19.8","45.5","40.1","9","24","5","13","4","11","100.0","100.0","100.0","100.0","100.0","100.0","0.0","100.0","0.0","100.0","0.0","100.0","0.0","60.1","0.0","100.0","0.0","65.8","0.0","21.0","0.0","36.9","0.0","34.3","1.9","2.9","0.0","17.4","3.3","5.0","14.4","17.6","0.0","25.2","28.7","31.6","35915","4953","42621","5995","26823","11068","25583","8417","26417","13905","2,500-","-333333333","26875","10659","31389","10867","2,500-","-333333333","36180","4843","42222","6993","29031","13288","61349","31214","62336","18009","25938","83908","98021","31680","98021","31680","-","-222222222","0.7","(X)","(X)","(X)","(X)","-888888888",
"1400000US06111004400","Census Tract 44, Ventura County, California","470","174","283","120","187","104","20.9","20.4","33.6","29.1","1.6","5.1","40.2","20.8","46.3","25.9","31.0","33.3","38.9","19.5","20.1","16.2","67.4","33.8","0.0","8.2","0.0","13.2","0.0","19.1","4658","368","2231","277","2427","226","14.7","4.8","18.0","8.2","11.8","4.7","13.6","5.3","13.5","8.7","13.8","4.5","13.2","3.6","16.7","5.2","9.9","4.7","26.3","5.1","24.5","7.3","28.0","5.5","9.0","3.7","6.6","4.4","11.1","5.7","13.3","4.0","11.6","5.3","15.0","5.2","9.8","3.8","9.1","4.7","10.5","5.2","71.6","6.0","68.5","9.3","74.5","5.7","23.2","5.5","20.7","7.2","25.5","6.8","1181","297","409","176","772","191","63.7","10.7","49.6","24.2","71.1","10.7","27.4","12.1","25.4","19.8","28.5","12.6","958","257","624","173","334","128","75.7","13.2","80.6","13.2","66.5","19.4","9.6","7.7","12.7","10.1","3.9","6.7","1913","336","892","211","1021","195","77.1","8.2","68.3","13.4","84.8","7.9","28.0","9.4","23.0","11.9","32.3","11.3","606","134","306","71","300","106","63.4","16.7","69.9","24.2","56.7","18.5","21.1","11.5","23.9","14.1","18.3","18.2","31.3","13.8","18.7","14.8","45.6","18.0","10.9","10.0","11.5","10.6","10.0","13.6","15.2","8.7","11.8","7.2","17.7","12.7","5.1","5.5","10.2","12.5","1.3","2.2","32345","5289","34865","8468","30783","7891","16018","3966","21091","3435","4601","8345","34643","8752","36146","18062","26546","13064","33618","9905","42617","4452","30813","9500","51756","14531","50600","37918","57869","18626","59600","38751","52277","74482","61184","55872","4.7","(X)","(X)","(X)","(X)","-888888888",
"1400000US06111004503","Census Tract 45.03, Ventura County, California","519","229","221","156","298","131","39.7","20.7","68.3","27.8","18.5","22.2","24.5","11.6","3.2","7.3","40.3","21.8","30.1","19.4","14.9","20.4","41.3","21.0","5.8","7.7","13.6","18.1","0.0","12.5","2215","329","1202","229","1013","175","29.4","7.6","26.4","8.8","33.1","8.8","16.2","7.9","22.8","13.3","8.3","5.7","20.6","5.9","22.5","7.8","18.4","7.1","21.1","7.7","18.7","9.3","24.0","11.1","2.7","2.1","2.9","3.2","2.5","2.3","5.4","4.0","3.1","3.6","8.2","5.6","4.5","3.1","3.6","3.7","5.6","5.7","54.4","9.2","50.8","14.5","58.6","9.3","9.9","5.7","6.7","7.0","13.8","6.9","527","176","327","159","200","85","54.6","19.2","53.5","26.5","56.5","21.0","15.6","16.4","19.3","23.5","9.5","16.0","754","147","368","88","386","95","53.1","13.9","60.9","13.9","45.6","17.3","5.8","4.4","1.4","2.9","10.1","8.5","755","238","425","138","330","129","57.4","13.5","37.6","25.4","82.7","15.6","12.5","7.9","2.8","4.4","24.8","17.7","179","72","82","51","97","57","46.9","23.9","63.4","31.7","33.0","34.1","0.0","19.9","0.0","36.1","0.0","32.4","38.1","16.7","38.6","18.5","37.5","18.1","15.5","18.0","11.4","16.7","21.5","21.5","10.2","10.8","11.2","16.2","9.3","14.3","0.0","16.6","0.0","36.7","0.0","24.5","22175","8847","27542","13404","18490","8041","16155","4790","17384","4277","15135","8093","30174","19353","23750","52447","30729","11418","32259","11637","38542","7636","30720","28648","24531","98373","-","**","24141","109519","77222","26180","51734","82942","78074","7386","5.8","(X)","(X)","(X)","(X)","-888888888",
"1400000US06111004504","Census Tract 45.04, Ventura County, California","595","221","281","146","314","123","26.9","15.6","41.3","26.8","14.0","14.2","45.0","22.2","32.7","23.9","56.1","25.3","28.1","15.6","26.0","19.6","29.9","22.7","0.0","6.5","0.0","13.2","0.0","11.9","3095","338","1417","218","1678","202","22.5","5.8","19.3","7.2","25.1","8.1","12.6","4.1","12.8","5.7","12.4","6.7","22.7","5.3","27.4","7.3","18.8","6.2","22.4","4.5","22.1","7.1","22.6","5.8","6.9","2.6","3.7","2.7","9.7","4.1","8.9","3.4","10.2","5.4","7.9","4.6","3.9","3.4","4.4","3.9","3.5","3.3","64.9","5.6","67.8","7.8","62.5","6.8","12.9","4.1","14.7","6.0","11.4","5.4","881","251","498","191","383","119","55.1","12.5","54.8","16.2","55.4","15.0","7.0","4.7","3.2","3.9","12.0","8.7","627","151","211","85","416","120","78.6","12.6","70.6","16.6","82.7","13.7","10.2","7.9","5.7","6.5","12.5","9.6","1054","199","464","141","590","133","63.0","11.0","72.6","15.6","55.4","13.2","17.8","6.9","22.8","12.3","13.9","10.9","533","144","244","80","289","100","69.0","14.6","82.8","14.5","57.4","19.2","15.9","10.4","30.3","20.7","3.8","6.4","8.5","6.8","9.2","10.7","7.9","8.5","5.5","6.7","0.0","9.8","12.3","14.0","2.0","3.1","2.5","3.9","1.7","2.7","7.5","7.5","10.6","11.9","4.2","7.1","28736","2163","32155","5279","26314","2157","20842","5735","27882","9261","17174","4338","33200","4821","31774","7805","34355","5855","31209","3329","50919","14084","28731","2425","29958","14287","45100","35166","26607","16151","27045","4717","31250","14548","26326","36729","6.8","(X)","(X)","(X)","(X)","-888888888",
"1400000US06111004505","Census Tract 45.05, Ventura County, California","205","87","122","67","83","50","46.3","23.5","59.8","33.6","26.5","39.5","19.5","18.7","7.4","16.6","37.3","40.9","34.1","19.6","32.8","30.9","36.1","37.9","0.0","17.6","0.0","27.3","0.0","35.9","1355","203","661","134","694","149","27.5","10.6","38.6","16.7","16.9","8.7","3.5","4.4","3.6","5.8","3.3","4.2","22.2","7.0","20.7","10.8","23.6","11.0","26.9","10.6","18.5","12.6","34.9","13.2","9.1","6.4","9.7","7.9","8.5","8.0","8.0","7.4","7.4","8.1","8.6","8.9","2.9","3.1","1.5","2.4","4.2","5.6","69.1","10.5","57.8","17.5","79.8","8.6","10.9","10.0","8.9","8.3","12.8","13.2","304","127","222","93","82","53","64.1","26.5","55.0","28.5","89.0","28.4","0.0","12.3","0.0","16.4","0.0","36.1","259","95","92","44","167","68","62.2","14.1","47.8","34.4","70.1","26.7","6.2","9.3","17.4","25.2","0.0","21.1","520","123","242","95","278","102","66.0","14.5","60.3","22.6","70.9","17.6","12.3","12.3","13.6","18.6","11.2","15.2","272","172","105","68","167","118","87.1","15.7","66.7","32.2","100.0","21.1","25.0","21.1","9.5","16.7","34.7","34.6","3.3","7.9","0.0","13.3","10.0","20.7","9.3","13.1","9.5","19.9","9.1","13.7","14.6","14.6","12.4","17.6","15.9","20.6","0.0","23.4","0.0","42.8","0.0","34.3","25156","5421","25625","13208","25089","8116","25000","7322","33042","18905","21484","8357","22115","9458","21731","46493","25294","11945","22237","14045","12024","27205","25750","12444","29395","20159","-","**","-","-222222222","-","**","-","**","-","-222222222","17.0","(X)","(X)","(X)","(X)","-888888888",
"1400000US06111004506","Census Tract 45.06, Ventura County, California","1019","220","635","196","384","133","57.7","12.3","67.2","10.7","41.9","20.6","12.7","7.5","14.2","9.6","10.2","12.5","29.6","13.2","18.6","9.8","47.9","24.1","0.0","3.8","0.0","6.1","0.0","9.9","2931","376","1451","276","1480","184","40.3","7.5","42.0","9.5","38.6","8.8","21.5","6.9","25.8","8.9","17.4","6.9","15.0","5.7","10.5","6.1","19.5","7.2","14.8","5.1","12.7","5.8","16.8","6.5","2.2","2.4","1.9","2.4","2.4","2.5","5.1","2.5","5.7","4.2","4.6","3.7","1.0","0.9","1.3","1.1","0.7","1.2","38.1","8.1","32.2","10.1","44.0","8.6","6.1","2.7","7.0","4.3","5.3","3.9","1168","238","589","168","579","132","34.5","13.5","22.1","13.8","47.2","14.6","2.7","3.0","5.3","6.1","0.0","6.7","848","213","483","152","365","109","23.2","12.8","21.3","14.0","25.8","17.1","1.2","1.9","0.0","7.9","2.7","4.4","674","144","268","98","406","92","63.9","14.0","71.3","19.6","59.1","15.8","16.3","10.1","15.3","17.8","17.0","13.3","241","153","111","72","130","91","36.1","29.3","38.7","32.1","33.8","31.5","12.0","11.6","26.1","22.4","0.0","26.0","36.7","11.3","30.3","13.2","44.3","14.3","28.4","20.2","32.2","28.1","26.3","19.3","10.0","10.4","0.0","18.1","17.5","17.1","5.8","9.3","0.0","33.4","12.7","20.8","17771","2226","20557","2837","15762","1514","15988","1371","18119","2877","14170","1637","20577","7522","20278","14169","21250","6531","27273","22649","41318","1060","18818","1408","21602","23650","20977","19356","38214","37537","92727","37124","-","**","-","-222222222","4.5","(X)","(X)","(X)","(X)","-888888888",
"1400000US06111004600","Census Tract 46, Ventura County, California","217","112","154","97","63","41","10.1","13.1","7.1","14.3","17.5","26.1","47.0","13.8","51.3","15.3","36.5","32.7","42.9","15.7","41.6","12.2","46.0","32.7","0.0","16.8","0.0","22.6","0.0","41.5","1104","175","570","107","534","94","0.0","3.6","0.0","6.8","0.0","7.2","2.5","2.5","3.2","3.7","1.9","3.0","15.0","6.8","14.2","6.6","15.9","12.8","47.5","12.2","54.4","14.8","40.1","15.9","18.2","11.0","11.6","10.3","25.3","15.9","9.2","5.0","7.5","4.3","11.0","8.3","7.5","5.5","9.1","6.4","5.8","5.5","97.5","2.5","96.8","3.7","98.1","3.0","16.8","8.3","16.7","8.0","16.9","10.3","608","203","317","110","291","107","98.5","2.6","97.2","5.0","100.0","12.8","16.6","11.4","17.4","11.5","15.8","13.0","320","153","172","88","148","82","97.2","5.3","94.8","9.6","100.0","23.4","14.4","13.8","12.2","15.4","16.9","19.0","176","91","81","50","95","64","94.3","9.2","100.0","36.4","89.5","19.4","21.6","17.5","23.5","25.8","20.0","24.5","0","132","0","132","0","132","-","**","-","**","-","-222222222.0","-","**","-","**","-","-222222222.0","0.0","75.5","0.0","100.0","0.0","100.0","6.4","10.0","0.0","39.0","11.8","21.7","2.9","4.8","2.7","4.4","3.2","5.4","0.0","21.2","0.0","37.7","0.0","34.1","37573","2602","47273","15040","25063","10222","19875","61425","-","**","-","-222222222","27955","18761","39792","16719","-","-222222222","37358","3665","42500","23914","17596","13698","36375","13572","35125","37916","43068","36948","60063","4390","62000","13947","36146","46506","5.1","(X)","(X)","(X)","(X)","-888888888",
"1400000US06111004704","Census Tract 47.04, Ventura County, California","130","115","61","60","69","62","0.0","26.0","0.0","42.1","0.0","39.6","0.0","26.0","0.0","42.1","0.0","39.6","82.3","31.6","100.0","42.1","66.7","51.4","17.7","31.6","0.0","42.1","33.3","51.4","907","145","439","90","468","79","31.5","10.7","35.1","18.2","28.2","14.1","28.4","13.7","30.8","17.8","26.3","16.2","19.8","9.5","11.6","11.5","27.6","14.1","13.6","7.9","17.1","11.2","10.3","12.7","2.5","3.3","0.0","8.7","4.9","6.5","4.1","4.0","5.5","6.7","2.8","4.4","0.0","4.3","0.0","8.7","0.0","8.2","40.0","13.7","34.2","14.8","45.5","15.6","4.1","4.0","5.5","6.7","2.8","4.4","370","174","163","95","207","87","31.4","23.9","27.6","26.2","34.3","24.2","0.0","10.2","0.0","21.5","0.0","17.5","133","93","84","68","49","40","42.1","30.2","38.1","43.9","49.0","48.4","0.0","25.5","0.0","35.6","0.0","47.0","318","90","147","65","171","57","44.3","17.4","37.4","26.0","50.3","27.8","11.6","11.2","16.3","18.5","7.6","11.9","86","60","45","38","41","34","58.1","30.0","40.0","39.9","78.0","33.1","0.0","35.1","0.0","49.0","0.0","51.4","18.0","15.7","11.4","13.8","25.5","21.9","6.1","9.6","0.0","46.1","8.5","13.2","0.0","23.6","0.0","38.0","0.0","39.0","0.0","54.1","0.0","67.2","0.0","91.2","26152","4079","27218","15849","25152","23073","22940","3101","23218","5420","11000","29268","44219","17163","44492","65317","14635","66608","26611","2727","33413","7670","25379","44692","38750","110921","76250","158236","-","-222222222","-","**","-","**","-","-222222222","10.0","(X)","(X)","(X)","(X)","-888888888",
"1400000US06111004710","Census Tract 47.10, Ventura County, California","485","217","200","123","285","154","47.4","17.4","62.0","30.3","37.2","29.4","17.5","14.0","18.5","19.1","16.8","23.5","32.4","17.7","19.5","17.9","41.4","24.6","2.7","4.8","0.0","18.0","4.6","8.1","3293","326","1646","184","1647","244","31.5","9.1","30.1","12.0","32.9","10.8","16.9","5.8","17.0","7.2","16.9","6.5","11.5","4.5","13.2","6.2","9.8","5.2","18.3","4.9","16.9","6.9","19.6","6.1","8.6","3.5","8.8","5.3","8.4","4.1","9.0","4.4","8.7","6.6","9.4","6.0","4.2","2.5","5.3","3.5","3.0","3.0","51.5","7.6","52.9","9.7","50.2","8.0","13.2","4.7","14.0","7.1","12.4","6.6","890","222","463","164","427","139","40.9","14.8","41.3","24.5","40.5","14.4","5.7","6.0","5.4","8.6","6.1","8.0","869","232","460","135","409","145","47.9","14.5","49.1","13.8","46.5","20.5","14.2","8.4","18.9","13.3","8.8","8.7","978","153","467","90","511","90","60.3","15.1","56.1","16.5","64.2","16.8","20.1","9.4","14.1","10.7","25.6","15.4","556","133","256","109","300","77","58.8","18.7","75.0","23.2","45.0","17.9","11.3","9.1","20.3","17.7","3.7","6.6","11.7","6.0","6.2","5.8","16.9","7.8","8.4","7.9","6.9","10.8","10.6","13.2","4.9","5.3","1.9","3.5","7.6","9.3","3.7","6.9","0.0","15.9","7.8","14.5","27258","6497","31088","3544","23768","5456","20783","3842","25080","5434","16938","3573","38750","17708","45263","10394","26296","1409","34698","7305","38281","10009","34231","6567","27455","15351","26250","29030","31125","28734","85074","25997","92946","12024","61979","20194","11.9","(X)","(X)","(X)","(X)","-888888888",
"1400000US06111004711","Census Tract 47.11, Ventura County, California","312","104","214","96","98","70","0.0","12.0","0.0","17.0","0.0","32.2","46.8","18.3","49.5","25.9","40.8","32.7","47.1","19.3","41.6","27.5","59.2","32.7","6.1","10.4","8.9","15.7","0.0","32.2","1914","202","835","160","1079","122","22.2","5.6","11.9","5.8","30.1","8.4","13.2","5.8","20.6","8.5","7.4","7.1","17.7","6.3","18.7","10.0","17.0","7.7","19.5","6.0","23.7","9.0","16.2","9.2","3.0","2.7","3.0","3.4","3.0","3.8","22.1","5.4","21.1","10.8","22.9","7.8","2.4","2.0","1.1","2.0","3.4","3.6","64.7","6.7","67.5","9.8","62.5","7.6","24.5","5.0","22.2","10.8","26.3","6.8","287","125","106","72","181","101","69.3","20.4","75.5","40.6","65.7","28.0","24.4","15.8","28.3","34.0","22.1","16.2","412","123","215","90","197","77","66.3","17.4","71.2","19.7","60.9","25.8","24.5","14.5","31.6","22.2","16.8","19.7","846","97","361","66","485","67","66.1","11.6","66.5","17.4","65.8","13.0","29.9","8.6","19.1","14.5","37.9","13.8","369","99","153","68","216","64","56.1","17.3","59.5","28.7","53.7","21.5","12.2","10.5","11.8","15.8","12.5","10.9","25.1","14.5","36.5","23.6","17.5","11.2","0.0","11.1","0.0","22.4","0.0","19.5","27.0","17.1","21.5","19.2","32.9","27.2","0.0","8.2","0.0","19.3","0.0","13.1","26324","11963","34444","7374","17733","3676","13934","1812","28750","22634","12771","2178","40121","24762","42588","16518","28304","12563","23462","26387","48125","34390","6913","11148","44250","14524","34583","11108","60560","57425","43750","43840","-","**","44342","73750","7.3","(X)","(X)","(X)","(X)","-888888888",
"1400000US06111004715","Census Tract 47.15, Ventura County, California","679","188","439","179","240","100","27.8","15.6","40.3","20.7","5.0","8.5","30.8","13.7","29.6","18.8","32.9","23.0","32.7","17.0","18.7","16.5","58.3","25.8","8.7","8.3","11.4","12.0","3.8","7.5","3198","302","1424","193","1774","211","29.5","5.8","29.1","9.3","29.8","6.5","19.0","5.4","18.0","7.2","19.8","7.1","22.1","5.1","24.0","7.9","20.5","5.6","16.4","4.3","15.0","6.2","17.6","5.8","5.9","3.3","7.4","4.1","4.7","3.6","6.4","2.9","5.6","3.0","7.0","4.1","0.6","0.7","0.7","1.1","0.5","0.8","51.4","7.2","52.8","9.4","50.3","8.4","7.0","3.2","6.3","3.3","7.6","4.4","927","238","428","138","499","140","60.9","13.9","57.0","16.1","64.3","17.4","10.0","6.9","4.7","7.2","14.6","11.4","737","206","300","111","437","142","52.0","15.9","58.0","21.7","47.8","15.5","4.9","5.9","7.7","8.7","3.0","5.0","1104","225","557","130","547","130","53.2","11.5","51.9","15.5","54.5","14.1","5.9","3.8","6.6","5.6","5.1","5.5","430","112","139","59","291","94","25.6","16.4","32.4","22.8","22.3","17.4","7.0","7.1","7.2","11.5","6.9","8.9","24.9","9.1","25.4","11.2","24.5","10.1","3.1","5.0","3.2","5.0","3.0","5.2","14.4","8.2","6.3","8.1","21.0","13.9","0.0","16.3","0.0","34.1","0.0","25.4","23662","6085","26757","4832","18208","6210","16430","1473","18542","5196","15456","2443","30048","4124","30841","5019","28625","7302","30547","22203","30859","22660","27045","35827","32917","27043","54000","17457","30705","7313","-","**","-","**","-","-222222222","7.6","(X)","(X)","(X)","(X)","-888888888",
"1400000US06111004716","Census Tract 47.16, Ventura County, California","581","169","273","109","308","118","21.5","12.8","27.8","23.6","15.9","17.7","38.4","17.1","37.4","22.8","39.3","19.1","28.1","14.7","27.5","18.3","28.6","19.2","12.0","10.1","7.3","11.0","16.2","16.3","2418","266","1265","206","1153","115","23.4","6.1","17.9","8.0","29.5","8.6","16.7","5.2","20.5","7.2","12.6","6.3","23.5","6.8","22.9","11.2","24.2","7.9","17.7","5.2","19.8","8.3","15.4","5.0","5.3","2.7","8.1","4.9","2.1","2.4","10.8","4.0","7.0","4.4","15.1","7.6","2.6","2.8","3.8","4.7","1.2","1.9","59.9","7.7","61.7","7.6","57.9","10.2","13.4","5.9","10.8","5.4","16.3","8.4","533","171","274","148","259","83","56.8","14.3","51.5","14.8","62.5","20.6","13.9","12.8","5.5","9.0","22.8","22.3","639","154","376","97","263","95","52.1","14.1","54.5","18.6","48.7","17.3","16.6","10.1","22.1","14.0","8.7","11.8","866","121","423","73","443","83","76.4","8.9","79.0","11.3","74.0","13.0","10.0","5.4","2.8","4.3","16.9","9.9","380","127","192","77","188","82","39.5","17.4","52.1","20.2","26.6","20.3","15.0","10.5","13.5","13.7","16.5","16.5","7.7","6.7","6.2","6.6","9.3","9.0","7.7","8.7","10.0","15.9","5.4","8.1","12.6","9.5","17.2","13.7","4.5","7.1","8.6","11.6","0.0","25.1","14.9","19.5","29628","4249","32909","3427","26476","3796","23145","9905","23891","5330","16215","10169","33125","14744","39594","1932","22436","9043","36964","9471","33000","12495","40417","10999","35583","10321","40152","6094","27366","32173","88333","53975","88333","53975","-","-222222222","6.7","(X)","(X)","(X)","(X)","-888888888",
"1400000US06111004717","Census Tract 47.17, Ventura County, California","626","228","154","98","472","160","43.8","15.1","66.9","27.9","36.2","15.3","39.5","16.7","10.4","14.5","48.9","17.4","11.3","9.1","22.7","27.2","7.6","10.6","5.4","6.7","0.0","22.6","7.2","9.2","1832","309","1032","225","800","125","36.1","13.9","33.5","15.8","39.4","13.8","8.1","4.7","9.6","6.6","6.3","5.2","25.5","10.0","23.4","11.0","28.3","13.1","18.7","8.9","24.4","12.9","11.3","8.5","5.8","3.9","4.7","4.7","7.3","4.8","4.3","3.3","1.7","3.0","7.6","6.3","1.5","2.4","2.7","4.4","0.0","4.9","55.8","13.2","56.9","16.4","54.4","12.9","5.8","3.8","4.5","5.4","7.6","6.3","717","325","465","244","252","105","50.1","25.2","55.5","31.5","40.1","22.8","1.5","2.7","0.0","8.2","4.4","7.7","398","143","217","101","181","68","70.6","13.8","53.9","23.1","90.6","11.8","2.5","4.8","0.0","16.8","5.5","10.1","534","116","266","83","268","65","45.5","18.4","52.3","21.2","38.8","21.6","14.0","11.5","17.3","19.5","10.8","12.9","183","68","84","40","99","36","76.0","22.0","86.9","21.3","66.7","26.6","6.0","9.6","0.0","35.6","11.1","16.8","13.0","11.6","12.4","12.5","13.7","11.2","1.5","2.8","0.0","15.2","3.1","5.7","16.5","16.8","18.3","16.6","12.8","21.5","0.0","30.2","0.0","48.5","0.0","42.1","24412","3556","26301","7241","20357","6973","22714","5165","24464","3737","18345","2136","30466","6577","31613","11226","28250","7545","24909","9766","26313","24555","24268","16248","16595","43316","-","**","15819","6113","-","**","-","**","-","-222222222","6.9","(X)","(X)","(X)","(X)","-888888888",
"1400000US06111004901","Census Tract 49.01, Ventura County, California","861","236","378","147","483","162","8.2","9.6","6.3","9.6","9.7","14.1","32.1","14.5","21.2","18.3","40.6","18.8","57.7","14.8","72.5","19.8","46.2","18.8","2.0","3.4","0.0","10.0","3.5","6.0","3842","336","1946","275","1896","251","9.6","4.2","8.5","4.8","10.6","5.7","4.7","4.0","6.9","6.1","2.4","2.3","26.5","6.0","27.3","9.2","25.6","8.2","25.5","5.2","31.4","8.2","19.4","6.0","10.2","3.8","8.6","3.9","11.9","6.2","17.3","4.4","11.8","4.8","22.9","6.3","6.3","3.6","5.3","3.8","7.3","4.5","85.8","6.3","84.5","7.6","87.0","6.2","23.6","5.9","17.2","6.4","30.2","7.2","1850","350","967","262","883","195","89.4","8.7","86.7","9.9","92.3","7.8","22.1","8.9","10.2","7.0","35.0","13.0","789","237","428","152","361","135","88.8","8.2","83.4","13.1","95.3","7.8","27.4","13.1","24.5","12.7","30.7","21.0","1066","206","474","107","592","142","80.3","10.6","86.7","11.9","75.2","11.7","26.5","10.9","27.4","14.4","25.7","11.8","137","74","77","55","60","51","62.0","32.9","50.6","41.6","76.7","36.0","0.0","24.9","0.0","37.5","0.0","42.5","16.1","15.6","19.9","20.1","11.4","14.4","4.7","6.0","0.0","7.2","9.9","13.5","2.6","3.2","1.8","2.9","3.7","6.3","0.0","4.3","0.0","11.3","0.0","6.8","41177","3749","43542","2812","35825","4780","19375","9557","19931","11746","14167","13218","40667","3816","43475","3529","33657","9534","37335","9813","38500","7932","31941","20256","58889","8395","62413","3668","51411","14939","63333","91533","119536","70935","45813","21019","7.5","(X)","(X)","(X)","(X)","-888888888",
"1400000US06111004902","Census Tract 49.02, Ventura County, California","955","310","330","169","625","252","47.5","19.1","36.4","23.2","53.4","24.3","31.0","15.3","40.9","21.8","25.8","22.1","21.5","9.8","22.7","25.0","20.8","9.7","0.0","4.1","0.0","11.4","0.0","6.2","2623","255","1352","198","1271","124","54.3","9.8","51.4","11.4","57.4","10.8","14.8","5.5","14.6","6.9","14.9","8.6","13.4","6.3","7.2","6.1","20.0","9.4","14.0","7.6","22.4","12.8","5.0","4.2","2.2","2.1","4.4","4.1","0.0","3.1","1.3","1.5","0.0","2.9","2.7","3.2","0.0","1.5","0.0","2.9","0.0","3.1","30.9","9.4","33.9","12.9","27.6","9.5","1.3","1.5","0.0","2.9","2.7","3.2","618","234","400","171","218","106","42.9","22.0","39.5","25.5","49.1","24.0","3.6","5.6","0.0","9.5","10.1","15.4","692","153","338","105","354","98","29.8","14.1","55.3","24.3","5.4","7.2","0.0","5.6","0.0","11.1","0.0","10.7","896","111","447","60","449","87","34.0","16.6","23.9","19.6","44.1","18.3","0.0","4.4","0.0","8.6","0.0","8.5","417","121","167","69","250","74","8.2","7.1","4.2","7.2","10.8","10.5","2.9","5.1","0.0","21.1","4.8","8.3","5.7","3.6","6.3","4.7","5.2","4.0","14.0","20.0","0.0","32.4","19.3","27.6","9.4","13.7","5.2","8.4","33.3","44.5","35.3","56.3","-","**","35.3","56.3","18118","4748","25208","4515","13750","4380","15509","2356","20114","5365","11106","4666","25428","7228","26546","14916","21488","11041","31212","7072","31454","6619","2,500-","-333333333","-","**","-","**","-","-222222222","-","**","-","**","-","-222222222","4.4","(X)","(X)","(X)","(X)","-888888888",
"1400000US06111005002","Census Tract 50.02, Ventura County, California","297","123","135","68","162","84","35.7","24.2","36.3","30.7","35.2","28.0","34.7","20.1","21.5","24.6","45.7","27.6","14.5","11.7","8.9","17.3","19.1","16.3","15.2","16.0","33.3","33.1","0.0","21.7","1464","259","694","152","770","168","33.9","7.2","44.4","12.3","24.5","8.3","12.6","4.4","16.1","9.3","9.4","5.2","21.5","7.2","15.9","8.9","26.6","10.6","23.0","7.6","16.7","8.7","28.6","11.9","0.7","1.0","0.0","5.6","1.3","1.8","6.6","6.1","4.9","6.7","8.2","7.2","1.7","2.3","2.0","2.6","1.4","2.2","53.5","8.8","39.5","12.5","66.1","9.5","8.3","6.2","6.9","6.7","9.6","7.4","599","174","239","98","360","118","65.4","11.2","44.4","19.4","79.4","15.8","11.7","9.2","18.4","17.7","7.2","8.2","300","130","165","72","135","75","48.7","21.0","41.2","24.8","57.8","26.7","0.0","12.5","0.0","21.3","0.0","25.2","496","125","256","75","240","69","44.2","14.2","36.7","19.8","52.1","15.9","10.5","9.4","1.6","3.2","20.0","18.6","69","35","34","30","35","19","37.7","35.5","17.6","29.4","57.1","42.0","0.0","39.6","0.0","56.4","0.0","55.6","9.0","6.7","4.8","5.4","15.7","13.0","14.3","13.9","0.0","29.6","22.0","21.9","20.2","25.2","0.0","28.4","30.4","34.0","18.9","32.9","0.0","47.5","31.1","43.4","21422","3727","23526","4255","18719","5246","19773","3751","21500","5945","17011","3468","25425","6413","26528","15049","22308","9202","24150","5523","25735","14692","19185","11034","13350","9176","-","**","13350","9176","25114","11698","-","**","-","-222222222","10.5","(X)","(X)","(X)","(X)","-888888888",
"1400000US06111005003","Census Tract 50.03, Ventura County, California","1195","357","546","238","649","218","27.7","25.8","32.8","31.4","23.4","23.0","41.1","20.5","37.0","24.7","44.5","21.0","27.5","12.9","30.2","17.4","25.3","15.3","3.7","4.5","0.0","7.1","6.8","8.2","3953","419","2035","290","1918","216","38.0","10.2","36.1","11.7","40.1","10.6","17.6","6.3","16.3","7.2","19.0","8.1","25.9","8.3","29.9","11.5","21.7","7.4","11.0","4.5","11.4","5.1","10.7","5.9","3.2","2.2","2.3","2.4","4.2","3.5","2.6","1.9","2.5","2.0","2.7","2.5","1.6","1.7","1.5","1.8","1.6","2.1","44.3","10.2","47.6","12.5","40.9","9.6","4.1","2.2","4.0","2.5","4.3","2.8","714","360","458","217","256","182","75.5","18.5","73.6","20.5","78.9","25.1","4.1","5.1","0.0","8.4","11.3","15.3","975","219","467","135","508","135","41.4","14.8","52.9","22.2","30.9","15.5","5.7","5.5","4.3","6.2","7.1","7.9","1554","218","765","126","789","146","37.0","14.0","34.0","16.0","39.9","15.4","3.2","3.0","4.2","4.6","2.2","3.7","710","157","345","115","365","93","33.1","12.9","36.2","17.5","30.1","16.7","4.2","4.4","8.7","9.2","0.0","10.4","17.3","8.0","14.4","8.6","19.9","9.7","12.2","9.9","9.0","9.5","16.8","19.5","20.6","15.5","19.8","20.6","21.3","19.5","0.0","21.4","0.0","36.1","0.0","36.1","23119","2405","26537","2103","17667","4383","22738","6127","27074","6151","17390","5011","22003","4456","23295","2865","12277","13859","26652","7457","29972","19005","18000","7214","41500","10602","53250","23900","34135","35044","63750","14095","-","**","-","-222222222","5.3","(X)","(X)","(X)","(X)","-888888888",
"1400000US06111005004","Census Tract 50.04, Ventura County, California","1251","1575","943","1282","308","304","7.8","4.7","10.3","5.1","0.0","12.2","53.6","10.5","50.4","10.0","63.6","23.7","36.5","10.5","36.5","9.6","36.4","23.7","2.2","6.3","2.9","9.3","0.0","12.2","1754","209","825","150","929","162","17.0","8.3","19.2","10.1","15.2","9.4","0.8","1.5","1.7","3.0","0.0","4.2","12.9","8.0","13.8","11.6","12.1","8.2","21.6","7.3","26.8","10.5","17.0","9.5","10.7","6.2","3.9","5.9","16.7","11.0","26.0","7.0","28.7","10.4","23.6","8.0","11.0","4.6","5.9","5.3","15.5","8.0","82.2","8.2","79.2","9.6","84.8","9.4","37.0","7.5","34.7","11.6","39.1","10.1","688","259","376","155","312","131","94.6","5.7","96.3","6.4","92.6","10.4","34.7","11.9","25.0","16.4","46.5","16.5","327","129","192","88","135","60","79.8","12.3","65.6","20.9","100.0","25.2","52.6","13.8","37.0","20.9","74.8","28.1","667","235","224","77","443","187","76.8","20.9","73.7","29.0","78.3","19.7","35.7","16.5","54.0","29.9","26.4","14.7","72","53","33","33","39","31","23.6","27.4","0.0","57.3","43.6","53.8","0.0","38.8","0.0","57.3","0.0","52.7","51.1","35.3","47.7","34.6","55.3","43.3","16.4","16.2","22.8","31.8","9.8","19.7","7.8","7.3","7.9","12.2","7.7","11.1","0.0","6.0","0.0","13.0","0.0","10.4","40250","10536","50637","13060","36569","3218","16630","12100","8641","64973","17774","2295","36429","58160","36842","79641","35938","94083","41386","8627","48512","12543","35143","10214","50507","19294","76964","50246","39102","12407","51188","25730","100804","66387","37361","22599","0.8","(X)","(X)","(X)","(X)","-888888888",
"1400000US06111005100","Census Tract 51, Ventura County, California","805","385","362","158","443","405","38.4","10.4","56.6","9.9","23.5","7.6","34.8","19.0","24.6","13.7","43.1","25.2","24.8","12.6","18.8","12.0","29.8","26.6","2.0","2.6","0.0","10.5","3.6","6.3","2138","176","1078","134","1060","100","11.6","5.1","12.1","5.7","11.2","5.4","4.3","3.3","6.4","6.0","2.2","2.3","18.0","5.3","14.3","6.4","21.7","7.0","28.5","6.7","25.2","9.7","31.8","7.4","7.3","2.5","5.1","3.0","9.6","5.2","18.1","5.1","22.0","9.0","14.2","6.1","12.1","3.7","14.9","5.5","9.2","4.1","84.1","5.5","81.5","7.9","86.6","5.4","30.3","6.6","36.9","10.6","23.5","7.6","230","86","117","56","113","58","80.9","15.6","76.1","24.2","85.8","16.3","33.5","17.8","58.1","31.7","8.0","13.4","340","95","133","70","207","75","80.6","11.0","65.4","17.0","90.3","14.7","26.8","16.8","35.3","28.6","21.3","17.3","927","154","526","107","401","72","82.2","8.7","82.5","11.8","81.8","10.1","34.5","11.7","35.6","15.8","33.2","12.6","641","146","302","91","339","80","89.7","6.6","89.1","8.6","90.3","7.2","24.8","10.4","31.8","15.3","18.6","10.1","30.8","22.4","18.1","18.5","48.6","30.8","7.8","6.5","9.1","10.1","7.0","8.1","2.3","3.0","1.5","2.4","3.0","4.6","0.9","1.5","1.5","2.5","0.0","14.8","37476","12109","50278","27517","30750","7505","29911","4726","30313","7788","23393","27903","37065","15391","45667","19337","27097","14266","26023","17423","24000","36184","27167","15156","54732","34443","77381","28246","37240","10515","86250","31456","120602","24443","66607","38081","2.5","(X)","(X)","(X)","(X)","-888888888",
"1400000US06111005202","Census Tract 52.02, Ventura County, California","246","148","163","107","83","58","9.8","12.0","14.7","16.0","0.0","35.9","56.5","25.8","54.6","28.3","60.2","33.7","26.4","19.1","23.3","19.6","32.5","31.5","7.3","8.5","7.4","8.6","7.2","11.1","1986","170","1001","111","985","90","9.0","3.9","11.5","5.8","6.5","4.1","1.9","2.0","0.0","3.9","3.8","4.1","24.5","6.1","18.3","6.6","30.8","8.4","25.8","4.8","30.1","7.9","21.4","6.0","6.4","2.6","3.5","2.9","9.4","4.1","18.6","4.9","20.8","7.2","16.3","6.2","13.8","4.8","15.9","6.9","11.8","4.4","89.1","4.7","88.5","5.8","89.7","5.0","32.4","6.3","36.7","9.4","28.1","6.8","202","67","153","57","49","33","84.7","12.8","88.9","10.3","71.4","25.8","28.7","19.4","28.1","23.5","30.6","30.6","308","69","159","43","149","48","94.2","5.6","90.6","7.7","98.0","5.7","35.1","14.0","36.5","17.2","33.6","21.7","969","138","453","87","516","71","87.5","8.2","84.8","10.5","89.9","6.8","35.0","7.7","41.3","13.4","29.5","8.5","507","93","236","58","271","62","90.9","5.9","94.1","8.6","88.2","11.3","27.4","15.0","33.5","22.6","22.1","12.2","19.9","17.4","25.2","22.5","13.9","12.9","21.6","16.4","22.4","21.8","21.1","14.9","3.8","4.5","7.1","8.5","0.0","12.3","3.1","3.7","0.0","10.3","7.2","8.0","39464","13386","57109","17762","27292","19221","19417","1949","22604","4195","-","-222222222","27396","21049","67596","58987","12460","22128","37114","4130","39000","26193","35417","23189","66136","18583","76689","13627","35179","55894","74091","64335","100208","124787","73864","67698","2.2","(X)","(X)","(X)","(X)","-888888888",
"1400000US06111005203","Census Tract 52.03, Ventura County, California","387","118","217","97","170","79","15.0","19.8","23.5","34.2","4.1","7.9","18.1","16.2","5.1","8.9","34.7","28.3","62.5","20.9","71.4","33.1","51.2","29.3","4.4","5.2","0.0","16.8","10.0","12.0","3460","204","1693","142","1767","144","1.1","1.1","1.4","1.3","0.7","1.1","5.1","2.7","5.0","3.1","5.1","3.3","12.0","3.6","9.3","4.6","14.5","4.9","26.8","5.1","22.0","6.2","31.4","6.0","9.6","2.7","10.2","4.0","9.0","3.8","27.8","4.7","29.1","6.8","26.7","6.2","17.7","4.2","23.1","7.0","12.6","5.1","93.9","2.7","93.6","3.2","94.1","3.2","45.5","5.7","52.2","7.4","39.2","6.8","267","113","125","57","142","76","86.1","15.4","80.8","19.3","90.8","13.7","32.2","18.1","28.8","19.9","35.2","25.3","657","120","297","68","360","80","93.6","5.7","93.6","7.1","93.6","9.4","40.9","11.2","35.7","18.3","45.3","15.2","1665","93","870","101","795","82","95.3","3.0","93.6","4.3","97.1","2.3","49.0","8.1","56.8","10.4","40.5","11.2","871","80","401","69","470","82","93.8","5.1","97.8","3.6","90.4","8.6","46.5","8.8","61.6","12.6","33.6","11.8","4.2","8.0","8.3","16.4","0.0","30.9","1.9","3.6","5.1","9.4","0.0","14.4","4.5","3.5","6.2","7.0","3.1","3.5","6.2","4.5","5.3","4.5","7.2","8.4","50587","7977","75481","12974","29679","9446","16614","14151","16991","36219","-","-222222222","40518","8094","41799","15058","21548","18058","37738","9731","74360","26333","33173","9630","55921","15827","93839","33491","21458","7272","80352","7873","89464","19461","64875","21431","5.1","(X)","(X)","(X)","(X)","-888888888",
"1400000US06111005204","Census Tract 52.04, Ventura County, California","199","120","70","45","129","119","19.1","29.9","0.0","39.3","29.5","49.2","9.5","13.6","21.4","26.6","3.1","10.9","61.8","37.1","61.4","32.3","62.0","56.6","9.5","12.6","17.1","19.7","5.4","14.5","2482","173","1098","123","1384","145","2.4","2.0","2.3","2.7","2.5","2.3","3.0","2.0","1.5","2.3","4.3","3.5","13.4","4.2","11.7","5.9","14.7","6.7","26.3","6.9","20.7","6.5","30.7","10.6","3.2","1.9","3.0","2.7","3.4","2.7","26.1","5.7","22.6","6.5","28.9","8.1","25.6","5.1","38.3","8.5","15.5","5.6","94.6","2.7","96.3","3.5","93.2","4.2","51.7","7.5","60.8","8.4","44.4","9.6","226","124","86","85","140","81","94.2","10.1","84.9","25.7","100.0","24.5","27.4","19.9","26.7","26.6","27.9","24.5","393","87","144","48","249","63","100.0","9.7","100.0","23.9","100.0","14.8","55.5","19.3","42.4","21.6","63.1","23.5","1067","158","471","98","596","106","94.6","3.7","96.6","5.5","93.0","6.5","54.4","10.0","63.3","14.2","47.3","12.0","796","126","397","87","399","101","92.0","6.6","97.0","5.0","87.0","10.3","53.1","11.0","72.0","12.1","34.3","13.5","0.0","25.2","0.0","51.4","0.0","33.1","3.0","5.0","0.0","26.2","4.9","8.2","8.3","8.7","6.9","10.7","9.1","8.9","3.1","3.2","4.2","4.0","2.0","2.9","56204","9179","71549","13131","41567","10319","43438","29476","44766","6666","-","-222222222","47708","15236","63269","20555","20333","20421","55093","12836","62438","19745","40179","36632","68571","19784","90750","24284","42417","29859","86000","44488","111167","26361","51806","30593","2.9","(X)","(X)","(X)","(X)","-888888888",
"1400000US06111005205","Census Tract 52.05, Ventura County, California","305","155","161","95","144","91","3.0","5.5","0.0","21.8","6.3","12.7","27.9","17.9","49.1","29.5","4.2","7.6","54.1","17.4","22.4","29.3","89.6","15.6","15.1","15.4","28.6","29.9","0.0","23.9","4432","304","2157","246","2275","232","4.3","4.7","7.3","9.1","1.5","1.5","5.1","2.3","7.1","4.3","3.1","1.7","12.8","4.1","9.6","4.7","15.9","6.1","20.5","3.9","18.4","6.2","22.6","5.6","10.2","3.6","5.8","3.9","14.4","5.2","27.0","5.4","26.9","7.5","27.1","5.8","20.1","3.7","24.9","5.7","15.5","4.2","90.7","4.6","85.6","8.4","95.4","2.2","47.1","5.7","51.9","9.3","42.6","5.6","896","330","472","253","424","189","84.4","20.9","70.3","33.7","100.0","9.0","31.1","12.2","29.0","17.6","33.5","13.8","554","192","234","103","320","112","90.6","6.8","82.9","13.2","96.3","6.0","33.8","14.9","35.9","20.2","32.2","16.5","2010","258","924","122","1086","200","94.0","4.2","90.3","8.0","97.1","2.4","57.9","7.8","60.8","12.2","55.4","8.6","972","97","527","75","445","77","89.6","5.6","92.4","7.4","86.3","8.8","47.1","9.4","63.8","12.4","27.4","12.3","12.6","11.9","12.6","14.6","12.5","21.1","7.2","6.5","14.1","15.5","3.3","5.5","9.1","8.4","14.0","11.5","6.1","7.3","1.8","1.6","1.4","2.1","2.2","2.5","41351","4126","50787","29049","38730","6952","25128","15175","26282","16989","13750","22500","36964","14118","46058","17816","25781","11432","37636","14737","37564","42525","37813","12281","60500","38689","81471","53864","41193","19583","99044","30095","161029","66767","60625","53971","3.4","(X)","(X)","(X)","(X)","-888888888",
"1400000US06111005303","Census Tract 53.03, Ventura County, California","667","193","427","174","240","119","17.8","14.9","26.0","20.6","3.3","6.4","31.3","15.0","37.7","21.3","20.0","14.8","46.9","18.0","36.3","21.3","65.8","18.8","3.9","6.1","0.0","8.9","10.8","16.6","5857","256","2756","174","3101","162","0.9","0.8","1.4","1.6","0.5","0.7","1.9","1.1","2.2","1.8","1.6","1.2","16.6","3.4","9.6","3.1","22.8","5.5","27.1","3.8","27.8","6.2","26.5","4.8","12.6","2.9","9.5","4.2","15.4","4.6","28.8","4.7","36.3","7.1","22.2","5.5","12.0","3.4","13.2","4.7","11.0","4.2","97.2","1.3","96.4","2.4","97.9","1.2","40.9","5.1","49.5","7.4","33.2","5.8","973","260","502","188","471","126","100.0","4.0","100.0","7.7","100.0","8.1","58.1","16.3","58.2","19.6","58.0","18.3","1636","194","679","115","957","135","96.1","3.2","96.5","5.4","95.9","3.8","48.1","8.7","61.6","15.3","38.6","10.3","2383","244","1193","138","1190","167","97.9","2.0","96.8","3.7","99.0","1.6","33.0","7.3","39.9","10.4","26.1","8.3","865","134","382","55","483","115","94.0","4.5","90.1","8.6","97.1","4.5","29.5","10.0","46.9","16.5","15.7","10.7","17.0","19.6","14.0","22.4","21.5","34.7","1.3","2.1","0.0","14.0","1.8","2.8","4.8","4.5","0.0","3.8","8.5","7.9","0.3","0.6","0.6","1.0","0.0","3.8","64688","5650","74252","8021","49551","6780","39063","49030","38646","40358","75625","62564","32431","15451","31364","46133","33750","23296","58088","12790","73393","6249","46025","4130","75379","17305","90765","24354","66667","12900","81738","9615","93750","23829","72457","17772","1.3","(X)","(X)","(X)","(X)","-888888888",
"1400000US06111005304","Census Tract 53.04, Ventura County, California","165","109","86","85","79","67","8.5","13.1","16.3","20.6","0.0","36.9","23.6","19.9","17.4","23.2","30.4","30.0","33.3","19.0","0.0","35.1","69.6","30.0","34.5","25.9","66.3","43.4","0.0","36.9","4242","290","1665","177","2577","209","2.1","1.8","3.1","2.8","1.5","1.6","5.9","2.8","7.9","3.9","4.7","2.9","25.2","5.9","14.0","6.6","32.4","7.3","28.4","4.0","30.0","7.7","27.3","5.2","8.2","3.0","6.5","4.0","9.3","4.6","20.3","3.9","25.3","6.1","17.1","5.2","9.9","3.4","13.3","5.7","7.8","3.3","92.0","3.1","89.1","4.2","93.9","3.1","30.3","5.0","38.6","7.8","24.9","6.0","327","168","119","80","208","123","100.0","11.5","100.0","27.9","100.0","17.4","34.3","23.4","46.2","27.1","27.4","28.8","467","122","235","86","232","77","100.0","8.2","100.0","15.6","100.0","15.8","40.0","22.1","14.9","21.1","65.5","30.7","966","123","451","69","515","96","82.9","10.9","79.4","13.6","86.0","11.2","30.8","10.2","37.0","15.9","25.4","10.2","2482","192","860","142","1622","144","92.9","3.3","89.7","6.4","94.7","3.2","27.7","5.4","44.9","10.4","18.6","6.0","3.8","6.2","7.1","11.4","0.0","22.1","6.7","4.5","0.0","15.7","8.5","5.8","3.2","2.9","2.5","3.8","3.7","4.1","3.2","2.9","2.0","3.0","4.4","4.9","40457","9170","48342","17369","32381","16369","20893","46003","-","**","17169","16316","48534","11972","57045","16191","16768","28704","36602","7467","40662","13871","33194","29166","70174","19148","63750","21056","70625","38506","28220","23727","28409","37744","14583","75054","2.0","(X)","(X)","(X)","(X)","-888888888",
"1400000US06111005305","Census Tract 53.05, Ventura County, California","649","203","291","95","358","153","8.3","6.2","7.6","10.5","8.9","8.1","36.5","15.4","22.0","19.2","48.3","19.1","34.1","17.3","32.3","19.8","35.5","20.4","21.1","13.4","38.1","23.8","7.3","8.9","3497","219","1793","154","1704","125","2.1","2.0","3.8","3.6","0.4","1.0","0.5","0.6","0.0","2.2","0.9","1.2","12.2","3.2","9.1","4.6","15.3","4.7","19.7","4.1","16.0","4.5","23.6","5.6","10.1","4.3","6.5","4.1","13.8","6.2","31.3","5.4","34.5","6.7","28.0","6.0","24.2","5.7","30.1","7.7","17.9","5.8","97.4","2.2","96.2","3.6","98.7","1.7","55.5","6.6","64.6","8.0","45.9","7.4","232","130","157","107","75","63","83.2","19.5","75.2","32.3","100.0","38.0","34.9","30.0","41.4","37.3","21.3","34.3","487","130","197","78","290","71","97.3","7.0","97.0","8.4","97.6","6.1","55.6","14.8","74.1","19.6","43.1","18.4","2186","155","1109","105","1077","85","100.0","1.8","100.0","3.5","100.0","3.6","59.1","8.8","65.4","9.9","52.6","10.9","592","105","330","76","262","67","93.4","6.5","93.0","8.6","93.9","7.5","50.0","10.7","67.3","15.3","28.2","13.6","7.7","17.3","0.0","39.9","30.4","60.2","11.1","11.8","7.3","11.2","13.4","18.2","7.3","6.1","0.0","9.4","11.9","9.3","2.2","2.1","0.8","1.3","4.2","4.1","76505","10753","101607","11475","54792","12621","55673","32312","55897","22283","-","-222222222","46328","33352","61058","70590","45469","45561","56591","17248","66354","16605","44575","21439","81333","20244","128929","58940","56603","21031","150658","53956","158784","38648","81176","25417","1.5","(X)","(X)","(X)","(X)","-888888888",
"1400000US06111005306","Census Tract 53.06, Ventura County, California","534","138","328","129","206","75","0.0","7.2","0.0","11.5","0.0","17.6","41.9","15.1","53.4","16.3","23.8","23.6","50.4","14.2","39.0","14.2","68.4","24.9","7.7","8.7","7.6","11.6","7.8","13.1","3251","152","1534","111","1717","105","0.5","0.8","0.0","2.6","0.9","1.4","2.7","1.6","1.3","1.4","3.9","3.0","12.0","3.5","8.7","4.1","14.9","4.8","22.9","4.6","23.7","5.6","22.2","6.2","13.5","3.4","15.8","4.7","11.4","5.7","31.6","5.0","32.0","6.5","31.2","6.0","16.9","3.5","18.5","6.1","15.5","4.7","96.8","1.9","98.7","1.4","95.2","3.4","48.5","4.5","50.5","6.9","46.7","6.0","409","115","196","70","213","90","92.9","10.3","100.0","18.4","86.4","20.0","60.1","17.7","71.4","20.9","49.8","28.4","582","95","256","66","326","80","100.0","6.6","100.0","14.4","100.0","11.5","60.0","10.8","51.6","17.5","66.6","15.7","1646","98","828","86","818","64","99.3","1.0","100.0","4.7","98.7","2.0","44.8","7.2","44.8","10.6","44.7","9.3","614","92","254","57","360","70","89.7","5.9","92.1","8.6","88.1","8.3","39.7","13.8","52.0","17.8","31.1","14.9","0.0","31.1","0.0","73.6","0.0","35.9","0.0","9.7","0.0","25.4","0.0","14.4","4.1","4.0","3.3","3.7","5.0","6.0","0.0","2.5","0.0","5.0","0.0","4.9","56585","6413","70813","9635","46927","8648","13438","46217","-","**","4773","93302","43083","17251","135223","153663","31750","13067","44150","9625","51740","12831","37642","5450","55639","9471","70500","13970","48750","8609","98203","11786","107273","14847","89205","26898","2.2","(X)","(X)","(X)","(X)","-888888888",
"1400000US06111005401","Census Tract 54.01, Ventura County, California","407","134","196","84","211","88","10.6","9.2","0.0","18.4","20.4","18.2","24.3","15.8","45.4","27.3","4.7","7.4","39.1","17.4","39.8","23.1","38.4","19.2","26.0","21.7","14.8","18.8","36.5","25.6","2568","241","1277","198","1291","142","2.1","1.9","0.0","3.1","4.1","3.8","4.0","2.7","4.4","3.6","3.6","3.7","15.5","4.5","13.7","5.2","17.4","6.3","34.3","8.6","37.7","13.6","31.0","8.6","12.7","4.1","12.5","6.3","12.9","5.6","20.6","6.8","18.3","8.6","22.9","8.2","10.7","3.5","13.3","6.1","8.2","4.1","94.0","4.2","95.6","3.6","92.3","7.0","31.3","8.0","31.6","10.6","31.1","9.0","422","212","267","196","155","82","94.8","7.7","96.3","10.2","92.3","11.8","18.5","18.6","11.6","18.2","30.3","28.4","368","143","212","96","156","70","92.4","9.1","86.8","15.0","100.0","22.4","30.7","20.0","25.0","19.3","38.5","30.9","1242","174","558","108","684","89","98.6","1.8","100.0","6.9","97.4","3.3","38.2","8.8","39.4","12.0","37.1","12.5","536","105","240","60","296","99","83.8","15.8","92.5","8.8","76.7","25.4","26.1","10.8","41.7","15.4","13.5","10.0","0.0","22.5","0.0","44.0","0.0","32.0","13.8","11.1","8.6","9.8","17.9","17.1","2.2","3.0","3.3","5.5","0.9","1.6","7.3","5.4","2.0","2.9","12.7","10.0","41742","6708","62303","12537","32252","7312","34519","10986","34519","10986","-","-222222222","51140","8380","60875","26209","50625","23786","37768","10326","54643","30890","31769","2220","45625","21499","88750","49259","40028","59739","75530","26680","100083","48444","53472","53152","2.2","(X)","(X)","(X)","(X)","-888888888",
"1400000US06111005403","Census Tract 54.03, Ventura County, California","381","116","253","106","128","93","28.1","12.2","30.4","16.0","23.4","25.1","24.1","13.0","36.4","17.1","0.0","26.3","45.9","17.2","30.4","14.8","76.6","25.1","1.8","3.8","2.8","5.8","0.0","26.3","1717","202","828","153","889","142","20.0","4.8","23.1","9.2","17.2","7.1","7.5","3.8","3.6","3.9","11.1","6.4","22.2","6.7","21.5","10.0","22.9","7.0","21.3","5.3","14.3","6.9","27.8","8.8","11.7","5.9","14.6","10.7","9.0","4.3","12.1","5.2","17.5","8.1","7.0","5.2","5.2","3.0","5.4","3.5","4.9","3.9","72.5","5.9","73.3","9.7","71.7","6.6","17.2","6.0","22.9","9.1","11.9","6.5","342","110","187","85","155","65","84.2","12.1","82.4","17.2","86.5","18.8","33.3","16.7","33.2","20.0","33.5","21.5","425","125","271","106","154","46","55.3","24.0","50.9","24.6","63.0","26.0","12.2","11.1","12.5","14.6","11.7","13.0","493","132","178","66","315","101","76.1","10.5","86.5","13.9","70.2","12.0","20.1","11.6","35.4","20.1","11.4","9.5","457","77","192","65","265","83","75.7","12.8","83.9","16.3","69.8","17.5","6.8","7.6","16.1","19.4","0.0","14.0","10.8","7.9","4.5","7.3","16.3","10.6","18.6","12.2","24.7","20.5","13.2","12.1","9.2","7.2","5.9","9.6","11.6","10.5","0.0","12.6","0.0","18.9","0.0","30.4","30625","11558","32067","15379","25917","13026","15977","1529","15762","1335","16359","5210","15278","5628","15556","7087","9808","71981","41806","1651","43750","5559","39861","7433","79940","30352","93450","21199","27083","78608","82917","32237","83750","28814","63750","85959","8.1","(X)","(X)","(X)","(X)","-888888888",
"1400000US06111005404","Census Tract 54.04, Ventura County, California","413","158","275","87","138","106","33.9","28.1","14.2","17.2","73.2","33.2","7.5","7.6","11.3","10.2","0.0","24.8","55.4","25.7","69.8","20.1","26.8","33.2","3.1","4.7","4.7","7.2","0.0","24.8","2423","132","1185","87","1238","106","3.3","2.3","3.9","4.6","2.7","2.5","7.7","4.2","10.5","5.6","4.9","4.3","14.8","4.7","13.6","6.0","15.9","7.0","29.2","7.7","25.6","8.6","32.7","8.7","8.7","3.9","6.2","3.9","11.1","5.8","18.0","4.3","20.3","6.9","15.9","5.4","18.3","5.3","20.0","7.0","16.7","6.5","89.1","5.2","85.6","6.7","92.4","5.6","36.4","5.4","40.3","8.1","32.6","6.7","213","97","148","75","65","44","74.2","27.2","62.8","37.8","100.0","40.8","28.2","16.3","20.9","22.3","44.6","36.4","696","82","324","52","372","68","92.0","5.9","95.7","6.4","88.7","9.1","43.4","13.8","51.9","21.4","36.0","14.9","1007","71","513","60","494","42","89.5","6.7","82.5","10.1","96.8","5.3","37.7","10.4","38.6","12.9","36.8","11.1","507","47","200","55","307","60","90.5","9.5","94.0","8.7","88.3","14.3","27.4","10.5","40.0","17.5","19.2","10.6","5.7","9.2","8.8","14.5","0.0","33.1","0.0","10.6","0.0","21.8","0.0","18.3","1.2","1.8","0.0","10.1","2.0","3.0","0.0","4.4","0.0","8.0","0.0","9.4","45625","9168","59318","16987","37885","6950","28646","11744","28594","11498","52596","79627","30000","15364","31719","17502","28625","64103","50769","5430","82045","21806","37500","7779","41875","30362","57404","33029","36285","4653","76500","13476","83606","25310","47188","17340","1.6","(X)","(X)","(X)","(X)","-888888888",
"1400000US06111005502","Census Tract 55.02, Ventura County, California","514","203","234","134","280","118","2.7","5.5","0.0","15.7","5.0","9.7","38.3","21.2","35.0","27.7","41.1","21.7","42.2","18.8","49.6","30.5","36.1","18.3","16.7","11.1","15.4","17.0","17.9","15.7","3122","394","1620","355","1502","177","7.3","7.1","11.8","12.7","2.5","2.5","4.9","3.1","3.8","4.2","6.1","4.8","15.7","5.0","14.4","5.9","17.0","7.2","31.4","7.3","25.4","8.2","37.7","9.3","4.9","2.5","4.9","3.6","4.9","3.3","22.7","6.2","27.3","9.6","17.6","7.7","13.2","4.1","12.3","5.1","14.1","6.0","87.8","7.3","84.4","12.1","91.4","5.3","35.8","6.6","39.6","9.8","31.8","8.7","1081","221","498","163","583","142","96.3","4.6","100.0","7.7","93.1","8.3","36.5","10.8","30.9","12.9","41.3","15.4","784","250","457","207","327","121","71.0","17.6","58.4","25.9","88.7","10.6","32.4","14.1","41.1","21.9","20.2","14.3","976","186","540","146","436","83","89.7","6.9","88.3","10.1","91.3","8.3","39.2","10.2","41.9","15.0","36.0","14.1","281","69","125","59","156","65","95.0","8.2","100.0","26.8","91.0","13.9","31.0","15.7","59.2","28.9","8.3","12.7","14.1","14.2","5.5","10.6","31.0","28.4","2.9","4.1","0.0","15.7","5.5","7.9","3.8","4.3","0.0","7.8","6.7","7.7","0.0","3.5","0.0","6.0","0.0","8.0","35431","5264","37347","13839","31766","5591","22129","5260","22428","5922","21731","5390","35379","6155","36674","15637","30429","36849","31904","2287","37200","10318","28834","2324","43854","16311","53456","25815","38295","12618","72167","13627","69271","17274","77772","14873","2.9","(X)","(X)","(X)","(X)","-888888888",
"1400000US06111005503","Census Tract 55.03, Ventura County, California","142","64","62","38","80","46","9.9","17.6","0.0","41.8","17.5","28.9","27.5","20.5","45.2","33.9","13.8","21.8","52.8","21.6","54.8","33.9","51.3","31.5","9.9","14.3","0.0","41.8","17.5","27.3","2014","193","875","121","1139","142","1.2","1.4","1.4","2.2","1.1","1.8","6.3","4.0","8.7","6.9","4.5","3.4","30.0","7.2","31.1","9.8","29.2","7.6","22.5","5.7","15.8","7.3","27.7","7.8","8.9","3.4","4.7","3.9","12.1","5.2","23.8","6.6","25.8","8.7","22.2","7.2","7.2","3.6","12.6","6.7","3.1","3.0","92.5","3.9","89.9","7.0","94.4","3.3","31.0","7.1","38.4","10.0","25.3","7.4","291","121","129","64","162","80","96.9","5.8","93.0","11.8","100.0","21.7","24.1","13.7","7.8","14.0","37.0","23.3","476","115","181","67","295","73","87.2","10.5","72.9","28.3","95.9","6.7","39.1","16.0","44.2","29.8","35.9","18.1","775","110","397","68","378","72","100.0","5.0","100.0","9.6","100.0","10.0","38.1","11.9","46.3","15.1","29.4","14.2","472","75","168","63","304","67","82.6","11.3","82.1","17.9","82.9","11.2","15.5","10.2","36.9","18.9","3.6","6.0","0.0","22.9","0.0","34.6","0.0","41.1","4.1","4.7","4.8","7.7","3.6","5.3","3.3","4.8","0.0","19.9","4.6","6.7","0.0","6.2","0.0","11.2","0.0","12.9","41289","10807","47375","10348","32500","19928","22583","7013","23083","5357","-","-222222222","27734","21926","42232","26011","14939","33078","40242","15247","34500","34078","40323","16696","49125","35052","66576","28176","45132","27315","53750","72047","61250","17306","9750","2021","0.0","(X)","(X)","(X)","(X)","-888888888",
"1400000US06111005504","Census Tract 55.04, Ventura County, California","326","104","199","108","127","59","5.5","8.0","9.0","12.9","0.0","26.5","47.9","22.3","58.8","25.1","30.7","26.7","39.6","20.6","27.1","22.4","59.1","27.9","7.1","8.2","5.0","9.0","10.2","15.5","2865","144","1327","135","1538","97","2.7","2.4","0.5","0.9","4.7","4.4","6.9","2.5","6.0","3.5","7.7","4.0","17.1","4.0","17.9","5.4","16.4","4.8","29.5","5.0","29.5","7.6","29.5","5.9","14.7","3.7","16.7","6.6","13.0","4.9","20.7","4.6","18.9","5.6","22.3","6.6","8.3","2.9","10.5","5.0","6.4","3.6","90.4","3.1","93.6","3.8","87.6","4.9","29.0","5.0","29.4","5.8","28.7","6.8","440","133","173","79","267","93","91.1","7.7","83.2","15.2","96.3","6.3","31.4","12.4","12.7","14.9","43.4","20.9","648","134","394","80","254","88","95.4","4.4","94.9","6.5","96.1","5.7","31.0","13.9","28.2","15.0","35.4","21.9","1107","95","516","52","591","88","90.2","5.7","97.7","3.7","83.8","10.6","30.2","8.3","33.7","11.6","27.1","10.6","670","59","244","49","426","61","85.2","6.6","90.2","9.4","82.4","9.2","23.6","6.9","34.0","11.9","17.6","8.5","31.9","18.0","14.1","20.8","39.8","26.4","2.7","4.4","5.5","8.9","0.0","14.6","5.4","3.8","4.1","4.6","6.7","5.3","4.7","4.5","0.0","9.7","8.8","8.6","45500","8774","61778","8700","31111","6553","17105","24465","40074","52269","-","-222222222","38699","3769","60500","37970","32533","18643","46528","14993","63667","14995","29189","6020","52500","19551","61591","20532","36944","25967","52813","27575","63875","83753","50167","28291","5.2","(X)","(X)","(X)","(X)","-888888888",
"1400000US06111005600","Census Tract 56, Ventura County, California","420","171","244","135","176","114","7.6","6.9","13.1","9.4","0.0","20.2","16.9","11.4","29.1","13.8","0.0","20.2","57.6","14.6","57.8","17.9","57.4","24.7","17.9","12.6","0.0","15.1","42.6","24.7","6638","403","3270","265","3368","243","2.9","1.8","2.4","1.8","3.4","2.4","8.2","3.1","8.8","4.5","7.6","3.3","17.6","4.2","13.9","5.0","21.1","5.2","27.0","3.3","21.7","4.6","32.1","5.7","8.3","2.3","12.0","3.9","4.7","2.3","23.5","4.5","24.5","5.8","22.6","5.6","12.6","3.1","16.8","5.1","8.5","3.1","88.9","3.2","88.8","4.3","89.0","3.7","36.1","5.3","41.2","6.6","31.1","5.9","1383","287","627","171","756","177","89.9","5.4","88.2","8.4","91.4","5.9","34.5","11.9","34.3","13.7","34.7","13.9","1534","240","901","173","633","140","89.4","6.2","88.3","6.8","90.8","10.2","50.6","11.7","51.6","12.1","49.1","14.4","2260","225","1101","138","1159","148","92.5","3.7","94.0","3.9","91.1","5.1","32.9","8.8","36.9","10.7","29.1","9.4","1461","249","641","151","820","164","81.9","9.8","81.1","10.9","82.4","11.4","27.3","8.0","40.9","13.2","16.7","8.6","16.4","12.3","8.0","10.7","22.5","18.8","0.8","1.3","0.0","9.0","1.3","2.2","4.2","3.0","3.6","3.4","4.6","3.4","0.6","1.0","1.2","1.8","0.0","3.8","47620","3686","51830","7140","42198","9416","22438","9496","29091","3832","14265","14823","33250","10475","34417","18314","31154","14035","46069","5754","54295","11989","37297","17598","57079","8205","57407","17687","56200","22590","80880","31678","82292","33346","61138","5995","1.2","(X)","(X)","(X)","(X)","-888888888",
"1400000US06111005700","Census Tract 57, Ventura County, California","134","111","80","96","54","50","0.0","25.4","0.0","36.7","0.0","44.8","6.7","13.2","0.0","36.7","16.7","28.0","86.6","21.6","88.8","30.5","83.3","28.0","6.7","13.7","11.3","30.5","0.0","44.8","896","141","451","99","445","77","0.0","4.4","0.0","8.5","0.0","8.6","0.9","1.5","0.0","8.5","1.8","3.1","13.7","10.8","14.0","12.1","13.5","10.7","24.9","7.3","33.5","12.2","16.2","10.2","13.1","7.5","6.7","5.9","19.6","13.5","27.9","9.3","34.4","15.6","21.3","11.7","19.5","6.8","11.5","9.2","27.6","14.0","99.1","1.5","100.0","8.5","98.2","3.1","47.4","13.5","45.9","17.6","49.0","14.0","377","110","184","75","193","70","100.0","10.1","100.0","19.4","100.0","18.6","58.6","17.4","54.9","26.5","62.2","21.1","254","107","118","63","136","74","100.0","14.5","100.0","28.1","100.0","25.1","41.7","23.2","49.2","28.2","35.3","26.0","244","112","128","61","116","58","96.7","5.7","100.0","26.3","93.1","12.2","37.3","22.4","32.0","24.6","43.1","25.2","21","26","21","26","0","132","100.0","71.8","100.0","71.8","-","-222222222.0","33.3","56.1","33.3","56.1","-","-222222222.0","0.0","100.0","-","**","0.0","100.0","0.0","27.2","0.0","41.5","0.0","42.5","22.4","16.2","6.1","8.1","40.9","27.7","0.9","1.7","0.0","17.5","1.8","3.3","51417","7067","55761","10218","41027","13438","-","**","-","**","-","-222222222","30882","1969","27109","20914","31250","3512","49830","10066","60714","18043","40750","34238","52841","13660","49107","11648","58409","30226","57841","12921","126000","98032","53750","17810","2.1","(X)","(X)","(X)","(X)","-888888888",
"1400000US06111005801","Census Tract 58.01, Ventura County, California","362","127","246","112","116","81","4.7","5.3","4.5","6.7","5.2","9.2","38.4","19.7","56.5","21.5","0.0","28.4","45.9","18.2","27.6","18.3","84.5","21.8","11.0","9.8","11.4","13.9","10.3","17.8","3399","166","1640","150","1759","103","3.2","2.4","1.5","1.8","4.8","4.4","0.3","0.4","0.5","0.9","0.0","2.2","22.4","6.9","25.2","9.8","19.9","6.6","16.7","5.0","14.7","5.7","18.6","7.7","9.9","4.3","9.3","5.3","10.4","5.9","27.7","5.5","28.5","8.8","26.9","6.4","19.8","6.0","20.2","8.5","19.4","6.6","96.5","2.5","97.9","2.1","95.2","4.4","47.5","7.1","48.7","10.2","46.3","7.8","466","178","210","136","256","107","100.0","8.2","100.0","17.3","100.0","14.4","51.3","25.9","58.6","36.2","45.3","28.0","1043","174","495","121","548","92","100.0","3.8","100.0","7.8","100.0","7.0","55.3","11.6","51.3","16.8","58.9","15.0","1437","129","709","65","728","96","93.7","5.4","96.9","3.6","90.7","9.9","43.8","10.0","49.2","13.7","38.6","13.1","453","79","226","69","227","49","93.8","6.8","94.7","9.0","93.0","10.7","37.1","16.3","32.3","18.4","41.9","20.2","0.0","28.1","0.0","56.4","0.0","35.6","1.3","2.2","0.0","9.2","2.9","4.7","3.5","4.2","0.0","9.6","6.3","7.5","1.9","2.3","1.3","2.1","2.6","3.9","59550","14311","82304","5740","44728","9940","9615","51786","9615","51786","-","-222222222","56087","27249","71543","14614","31464","19822","52363","13600","88362","25575","36000","17134","83013","31265","94830","20519","56086","14808","71196","30570","88922","22580","52438","11500","3.2","(X)","(X)","(X)","(X)","-888888888",
"1400000US06111005802","Census Tract 58.02, Ventura County, California","523","115","194","81","329","89","16.6","9.7","32.5","22.1","7.3","8.0","31.0","12.8","47.9","22.4","21.0","13.8","46.3","13.0","19.6","15.8","62.0","19.3","6.1","5.7","0.0","18.5","9.7","8.9","5781","196","2597","132","3184","163","0.9","0.9","0.6","1.0","1.2","1.3","1.3","0.9","1.0","0.9","1.5","1.3","15.6","4.2","9.9","4.6","20.2","5.2","12.4","3.0","11.9","4.3","12.8","4.4","8.3","2.3","6.4","2.8","9.9","3.5","40.1","4.6","42.1","6.3","38.5","5.5","21.3","3.9","28.0","6.1","16.0","3.9","97.8","1.3","98.3","1.3","97.3","1.9","61.5","4.6","70.1","5.9","54.4","5.7","702","230","318","127","384","125","98.1","2.8","95.9","6.1","100.0","9.9","69.1","13.8","82.7","11.5","57.8","21.1","1534","249","569","131","965","154","100.0","2.6","100.0","6.8","100.0","4.1","69.6","11.6","79.3","14.4","63.9","12.4","2529","141","1254","87","1275","109","99.4","0.8","98.9","1.7","100.0","3.1","62.9","6.0","69.7","8.3","56.2","9.3","1016","146","456","112","560","126","90.0","6.1","96.5","5.6","84.6","9.4","40.4","11.0","50.9","13.8","31.8","14.9","0.0","26.2","0.0","50.2","0.0","35.1","0.0","4.3","0.0","14.3","0.0","6.0","0.0","3.3","0.0","8.1","0.0","5.4","2.7","2.3","1.9","1.7","3.5","4.0","68651","6872","89961","8541","43941","10666","50089","48428","50089","48428","-","-222222222","30137","5600","32075","44911","25799","4734","50739","13586","83295","30884","36477","9503","74746","9934","89028","5755","43007","20460","106588","14109","131600","27889","93155","25390","1.9","(X)","(X)","(X)","(X)","-888888888",
"1400000US06111005901","Census Tract 59.01, Ventura County, California","436","141","249","91","187","90","9.6","9.0","5.6","8.6","15.0","16.0","37.6","13.1","53.0","17.0","17.1","19.0","47.5","14.1","36.5","18.1","62.0","24.2","5.3","6.2","4.8","7.7","5.9","9.8","4473","181","2037","150","2436","135","2.1","2.2","2.1","3.1","2.1","2.0","4.0","2.1","4.5","3.9","3.5","2.0","11.4","3.0","13.9","4.8","9.2","3.7","25.8","5.8","20.3","6.6","30.5","8.9","9.0","2.7","7.3","3.4","10.5","4.3","29.8","5.2","29.9","6.5","29.7","6.5","17.9","4.7","21.9","6.5","14.4","5.4","93.9","3.2","93.4","4.9","94.4","3.1","47.7","6.6","51.9","8.0","44.2","8.1","549","168","286","87","263","108","100.0","7.0","100.0","13.0","100.0","14.1","55.4","17.6","53.5","20.3","57.4","20.6","870","144","326","96","544","94","92.5","8.2","85.9","20.5","96.5","6.1","57.9","16.1","54.6","23.3","59.9","14.2","2327","113","1139","78","1188","81","93.9","4.0","95.0","4.2","92.8","5.1","50.5","8.7","56.4","9.6","44.8","13.8","727","68","286","71","441","48","91.3","6.2","89.2","11.5","92.7","7.8","20.8","10.6","29.4","17.6","15.2","10.5","0.0","13.7","0.0","25.4","0.0","24.9","13.6","12.7","0.0","13.1","30.7","25.8","1.0","1.9","2.8","4.8","0.0","3.9","3.9","3.3","4.1","4.2","3.8","3.5","62981","8011","82075","11001","40952","12015","35938","34067","43451","13475","16053","2885","46917","23607","61333","26664","11484","48013","50846","11391","64932","18378","39453","32132","76528","16016","101688","11555","40294","12260","85585","9719","87426","52598","61932","32512","2.7","(X)","(X)","(X)","(X)","-888888888",
"1400000US06111005906","Census Tract 59.06, Ventura County, California","527","248","152","100","375","176","5.7","7.3","9.9","16.7","4.0","6.8","38.9","29.6","42.8","37.2","37.3","29.7","34.5","21.2","32.2","35.8","35.5","25.2","20.9","15.8","15.1","22.5","23.2","22.0","4494","271","2171","208","2323","142","0.3","0.5","0.6","1.0","0.0","1.7","1.7","2.1","1.8","2.1","1.6","2.0","13.4","4.3","9.8","6.4","16.7","5.4","17.0","4.1","17.1","5.6","16.9","4.4","5.0","2.0","3.1","2.2","6.8","3.5","38.2","6.0","39.6","8.6","37.0","7.4","24.4","4.8","28.1","7.4","20.9","5.2","98.0","2.2","97.7","2.5","98.4","2.0","62.6","5.8","67.7","7.9","57.9","6.7","658","251","348","191","310","122","100.0","5.9","100.0","10.8","100.0","12.1","69.6","18.8","69.3","33.0","70.0","22.4","984","209","447","132","537","127","100.0","4.0","100.0","8.6","100.0","7.2","66.8","11.2","76.5","12.3","58.7","15.2","1959","181","915","110","1044","132","97.4","2.7","98.6","2.3","96.4","4.5","65.8","8.1","70.4","9.1","61.8","11.0","893","121","461","100","432","93","95.7","5.2","91.8","10.0","100.0","8.8","46.0","12.7","52.7","16.2","38.9","15.0","0.0","34.3","0.0","46.1","0.0","53.4","14.0","11.7","23.1","25.2","9.0","9.9","12.9","13.0","13.0","14.9","12.9","12.5","2.3","2.4","0.7","1.3","3.9","4.8","62544","14721","82319","22165","35213","15991","12928","7350","11678","19111","-","-222222222","12389","17114","22344","39280","9976","2544","35360","19407","25781","49524","35826","14511","71304","14795","95625","31161","30500","28323","112257","12072","130208","31174","72417","28177","2.9","(X)","(X)","(X)","(X)","-888888888",
"1400000US06111005907","Census Tract 59.07, Ventura County, California","142","74","78","51","64","59","0.0","24.2","0.0","37.2","0.0","41.1","19.7","19.3","11.5","22.8","29.7","25.4","63.4","24.0","73.1","30.8","51.6","24.3","16.9","24.3","15.4","23.8","18.8","33.3","2920","150","1297","123","1623","159","0.3","0.4","0.6","1.0","0.0","2.4","1.7","1.7","0.7","1.1","2.6","2.7","12.7","3.3","9.8","4.6","15.1","5.1","18.9","4.4","15.0","4.9","22.1","6.0","10.6","3.9","6.9","4.3","13.6","5.1","32.5","6.0","42.6","9.2","24.3","6.6","23.2","5.4","24.3","8.0","22.4","6.3","98.0","1.8","98.7","1.5","97.4","2.7","55.7","6.1","66.9","7.6","46.7","7.4","99","62","66","39","33","31","100.0","32.0","100.0","40.5","100.0","57.3","63.6","33.3","69.7","27.5","51.5","51.5","410","92","174","55","236","66","100.0","9.3","100.0","20.4","100.0","15.5","66.1","15.9","67.8","24.2","64.8","22.5","1186","80","488","90","698","84","99.2","1.2","98.2","2.9","100.0","5.6","68.0","7.7","77.5","9.3","61.5","11.1","1225","109","569","81","656","93","95.9","3.8","98.6","2.2","93.6","6.5","39.6","8.8","57.3","11.7","24.2","10.2","0.0","42.8","0.0","79.8","0.0","50.8","15.6","13.6","9.4","15.8","18.8","16.1","5.8","4.0","4.2","6.8","6.6","4.9","6.2","3.4","7.6","4.5","4.5","4.0","64922","14180","92209","16015","54717","9182","-","**","-","**","-","-222222222","52045","29719","31154","10578","54054","15621","55000","26636","81964","38612","34000","17619","75439","14781","92155","16828","54904","23588","103269","55080","134318","76414","64479","29002","1.7","(X)","(X)","(X)","(X)","-888888888",
"1400000US06111005908","Census Tract 59.08, Ventura County, California","253","96","66","47","187","98","4.3","7.5","0.0","40.5","5.9","9.8","15.0","14.2","12.1","22.9","16.0","16.5","45.8","28.2","53.0","42.6","43.3","31.6","34.8","28.1","34.8","33.4","34.8","32.1","1606","103","683","93","923","76","0.0","2.5","0.0","5.7","0.0","4.2","2.4","2.0","0.9","1.6","3.6","3.5","18.0","7.4","16.5","11.0","19.1","8.9","26.8","8.3","29.1","11.7","25.1","9.6","9.5","4.5","10.4","6.0","8.8","5.5","24.9","10.0","23.6","11.2","25.9","12.0","18.4","6.3","19.5","10.6","17.6","7.8","97.6","2.0","99.1","1.6","96.4","3.5","43.3","10.7","43.0","14.0","43.4","13.4","260","73","77","53","183","78","100.0","14.2","100.0","37.5","100.0","19.5","40.4","26.3","26.0","26.7","46.4","36.5","275","75","131","61","144","48","100.0","13.5","100.0","25.8","100.0","23.9","40.7","20.6","44.3","31.4","37.5","24.7","709","99","304","60","405","60","99.0","1.8","100.0","12.3","98.3","3.1","50.1","12.1","58.2","18.7","44.0","14.0","362","100","171","56","191","56","91.2","9.0","96.5","6.6","86.4","16.7","34.0","15.1","22.8","17.2","44.0","26.6","0.0","52.7","0.0","100.0","0.0","57.3","8.0","7.4","0.0","29.0","13.1","11.0","0.0","6.6","0.0","13.7","0.0","12.0","0.0","5.6","0.0","12.7","0.0","9.5","52132","12451","68462","16176","24671","15792","-","**","-","**","-","-222222222","45598","17053","57645","15713","12200","14423","45500","20964","68750","27696","21625","19703","41555","18059","75263","25282","23036","36498","73229","26017","91563","19331","56635","18008","0.0","(X)","(X)","(X)","(X)","-888888888",
"1400000US06111005909","Census Tract 59.09, Ventura County, California","253","154","131","97","122","77","0.0","14.6","0.0","25.8","0.0","27.3","24.9","20.7","24.4","25.9","25.4","24.9","62.1","24.7","67.2","30.1","56.6","27.4","13.0","14.4","8.4","13.4","18.0","24.0","2484","265","1061","162","1423","154","6.4","7.9","6.4","7.2","6.3","8.6","4.3","2.5","6.0","5.1","3.1","2.4","18.4","5.1","12.3","7.1","22.8","7.0","23.9","6.3","10.8","5.7","33.6","9.4","10.5","3.9","13.6","7.3","8.3","4.6","21.7","5.6","31.9","9.6","14.1","6.0","14.9","4.6","18.9","7.9","11.8","5.3","89.3","9.7","87.6","11.7","90.6","8.6","36.5","7.8","50.8","12.1","25.9","7.9","315","156","152","91","163","95","82.5","22.4","63.8","38.4","100.0","21.5","36.2","23.4","22.4","18.5","49.1","34.1","530","176","244","101","286","94","85.5","17.9","82.0","20.3","88.5","17.0","45.7","15.9","58.2","22.7","35.0","14.6","1041","190","445","119","596","128","92.4","7.9","95.1","6.3","90.4","11.8","35.5","10.7","50.1","15.9","24.7","11.5","598","181","220","98","378","108","90.8","6.4","95.0","7.9","88.4","8.6","30.3","11.1","63.6","19.1","10.8","9.0","8.6","14.5","8.3","18.6","9.0","17.2","2.4","3.7","0.0","25.8","3.4","5.2","3.6","3.2","0.0","14.3","5.2","4.8","2.1","2.3","1.7","2.5","2.7","4.1","44074","11005","62563","28298","36014","8220","24701","12244","31250","21653","-","-222222222","25991","4380","31875","19219","16369","13062","41141","14537","64094","22224","36384","7739","62571","25409","58333","92556","63000","28518","92944","5960","110833","29502","76375","39870","3.5","(X)","(X)","(X)","(X)","-888888888",
"1400000US06111005910","Census Tract 59.10, Ventura County, California","189","61","83","41","106","58","5.3","8.9","12.0","19.7","0.0","30.4","35.4","23.3","34.9","28.0","35.8","30.4","38.1","24.1","42.2","30.9","34.9","26.0","21.2","19.4","10.8","14.1","29.2","33.1","1218","59","622","33","596","49","1.4","2.0","2.7","3.9","0.0","6.5","3.4","2.7","3.2","3.8","3.5","3.8","11.3","5.3","9.2","6.4","13.6","8.7","21.0","7.9","18.2","10.1","24.0","8.8","9.1","5.2","8.7","6.0","9.6","7.3","37.3","9.4","37.5","11.1","37.1","11.2","16.5","6.6","20.6","8.3","12.2","8.2","95.2","3.6","94.1","5.6","96.5","3.8","53.8","10.2","58.0","11.9","49.3","11.2","101","68","44","35","57","45","100.0","31.5","100.0","49.6","100.0","43.6","47.5","35.7","52.3","44.1","43.9","35.8","209","77","81","46","128","50","95.2","7.4","100.0","36.4","92.2","11.0","47.8","18.2","29.6","33.5","59.4","30.4","698","49","392","37","306","32","94.4","5.3","92.9","7.8","96.4","5.8","57.3","12.8","61.7","14.4","51.6","17.8","210","38","105","26","105","33","95.7","7.5","91.4","14.4","100.0","30.6","51.0","16.7","68.6","26.3","33.3","25.7","17.2","26.1","0.0","54.1","47.6","52.4","0.0","24.8","0.0","43.6","0.0","36.4","6.8","7.9","6.0","9.7","7.5","11.7","7.5","10.2","6.9","9.6","8.2","11.1","73750","15017","107500","24092","42857","13353","28676","25604","29412","49805","2,500-","-333333333","39667","2680","38667","51038","-","-222222222","65750","22981","108162","41661","18889","40505","77419","16551","113500","19550","44286","28704","111875","82688","151125","94793","-","-222222222","10.6","(X)","(X)","(X)","(X)","-888888888",
"1400000US06111005911","Census Tract 59.11, Ventura County, California","297","116","123","70","174","81","1.0","2.1","2.4","5.2","0.0","20.4","14.5","14.0","35.0","30.2","0.0","20.4","69.4","19.2","43.1","31.9","87.9","15.1","15.2","14.0","19.5","18.6","12.1","15.1","2668","178","1246","145","1422","129","0.5","0.8","0.0","3.2","1.0","1.5","0.1","0.3","0.0","3.2","0.3","0.6","17.2","6.4","17.2","7.8","17.3","7.8","27.0","4.4","23.8","6.0","29.9","6.8","7.2","3.2","8.8","4.5","5.8","3.8","25.1","5.0","22.3","7.1","27.5","6.8","22.8","6.8","27.9","7.5","18.3","8.6","99.3","0.9","100.0","3.2","98.7","1.6","47.9","6.7","50.2","8.3","45.8","8.7","376","154","174","96","202","98","100.0","10.1","100.0","20.4","100.0","17.9","58.8","17.6","24.7","19.5","88.1","13.3","529","145","239","70","290","100","100.0","7.3","100.0","15.4","100.0","12.9","44.8","17.0","46.4","19.7","43.4","20.0","1274","149","644","127","630","70","99.7","0.7","100.0","6.0","99.4","1.4","53.0","9.5","62.1","12.1","43.7","12.0","489","52","189","50","300","48","97.1","4.3","100.0","19.0","95.3","7.1","29.4","14.1","38.1","21.2","24.0","14.2","0.0","77.5","-","**","0.0","77.5","9.3","11.8","0.0","17.0","17.5","21.1","3.2","3.4","0.0","9.4","5.7","6.0","2.9","3.3","2.1","3.2","3.7","5.6","63723","11293","84816","23924","50855","11119","20893","10765","-","**","20893","10765","35083","19029","38344","10225","23939","20535","62988","8855","68654","32455","62622","8716","71298","19614","118125","28816","47105","7781","101279","4184","104583","27454","75125","41196","2.2","(X)","(X)","(X)","(X)","-888888888",
"1400000US06111006000","Census Tract 60, Ventura County, California","612","111","375","117","237","101","10.1","7.9","9.9","12.6","10.5","13.3","35.9","17.3","31.7","22.2","42.6","22.7","47.1","17.9","54.4","23.2","35.4","18.4","6.9","7.7","4.0","6.6","11.4","15.9","3052","210","1614","135","1438","122","0.0","1.3","0.0","2.4","0.0","2.7","8.7","4.5","10.3","6.4","6.9","4.0","25.1","5.8","20.8","7.2","30.0","7.2","34.0","7.2","35.8","9.1","32.0","8.0","7.1","3.3","6.4","4.4","7.8","4.7","18.9","5.1","19.6","7.2","18.1","5.5","6.2","2.5","7.0","3.5","5.2","3.1","91.3","4.5","89.7","6.4","93.1","4.0","25.1","5.6","26.6","8.3","23.3","5.6","287","146","129","89","158","82","100.0","13.0","100.0","26.2","100.0","22.1","56.8","20.2","57.4","31.9","56.3","23.3","930","155","530","126","400","69","85.4","10.0","78.7","15.7","94.3","7.4","24.7","8.6","31.7","18.0","15.5","10.7","1345","99","703","78","642","54","91.2","5.4","92.3","6.2","90.0","7.3","18.0","6.9","15.5","8.9","20.7","7.7","490","93","252","63","238","67","97.6","3.7","100.0","14.6","95.0","7.5","26.5","13.2","31.3","17.3","21.4","13.8","21.4","18.0","11.4","13.2","38.4","31.5","7.4","9.4","6.9","10.8","7.9","9.1","1.1","1.7","1.8","2.9","0.3","1.3","1.3","2.2","0.0","8.9","3.0","4.7","45566","9765","56897","18755","37292","11900","23618","1608","24342","2294","16833","5332","29050","7958","37269","21301","19419","2589","48846","12790","55391","25269","48365","8392","67381","19012","88000","21600","52813","23973","67857","23744","72788","28494","44896","18624","8.3","(X)","(X)","(X)","(X)","-888888888",
"1400000US06111006100","Census Tract 61, Ventura County, California","643","205","337","158","306","156","12.4","11.1","3.9","7.1","21.9","17.4","47.3","19.9","63.5","24.6","29.4","16.7","33.3","16.6","24.0","19.1","43.5","24.1","7.0","6.0","8.6","9.5","5.2","8.3","4940","346","2497","220","2443","225","10.6","5.0","9.8","5.5","11.4","5.4","2.6","1.7","2.2","2.4","2.9","2.6","12.0","3.6","13.8","5.5","10.2","3.6","22.9","4.7","21.9","6.1","24.0","6.6","4.7","2.5","2.6","1.7","7.0","4.5","26.7","5.0","29.2","6.2","24.2","6.8","20.4","4.4","20.6","5.2","20.3","6.0","86.8","5.1","87.9","5.7","85.6","5.9","47.1","5.4","49.7","6.6","44.5","6.7","1543","392","830","247","713","223","84.9","14.0","86.1","14.2","83.5","14.5","57.9","12.4","59.0","15.3","56.5","15.6","1472","307","724","152","748","187","85.4","7.9","86.3","10.7","84.5","12.0","40.9","11.2","36.2","12.4","45.5","14.4","1503","152","746","91","757","111","91.9","5.4","95.2","5.0","88.8","7.3","48.8","9.1","58.8","11.2","39.0","10.9","422","71","197","54","225","53","80.3","13.8","74.1","21.4","85.8","14.7","23.7","12.1","25.9","18.1","21.8","16.0","23.8","22.9","14.6","19.3","31.6","28.3","14.7","11.6","20.3","16.3","6.9","9.7","10.6","8.5","6.9","9.0","13.6","9.7","4.4","3.1","5.2","4.0","3.4","3.4","47500","8753","56500","14902","38176","3618","16686","2872","18167","11687","15068","2786","26678","11876","26524","7112","35281","44219","42124","6696","48359","13173","39406","4962","62778","11116","75511","20808","39637","11651","100331","13667","109250","35913","61310","4985","4.8","(X)","(X)","(X)","(X)","-888888888",
"1400000US06111006200","Census Tract 62, Ventura County, California","221","93","140","80","81","61","4.1","5.6","6.4","9.3","0.0","36.4","44.3","21.8","59.3","31.4","18.5","22.3","45.7","20.1","34.3","29.3","65.4","28.3","5.9","10.1","0.0","24.5","16.0","27.8","2338","204","1188","149","1150","110","0.3","0.5","0.0","3.3","0.6","1.1","2.6","2.0","4.4","3.8","0.7","1.2","13.1","4.4","8.5","5.0","17.9","7.7","21.0","5.9","18.1","7.7","24.0","6.9","7.7","3.5","6.8","4.0","8.6","4.9","28.2","5.8","29.1","8.3","27.3","7.2","27.1","6.1","33.1","9.4","20.9","7.1","97.1","2.0","95.6","3.8","98.7","1.5","55.3","7.3","62.2","9.3","48.2","8.5","233","162","147","122","86","58","81.1","18.8","70.1","36.7","100.0","35.1","38.2","33.1","55.8","40.2","8.1","16.6","295","96","154","57","141","44","100.0","12.7","100.0","22.6","100.0","24.3","68.1","20.6","76.6","21.8","58.9","23.5","1198","125","568","87","630","68","100.0","3.3","100.0","6.8","100.0","6.1","57.3","9.0","60.6","12.5","54.3","10.0","612","75","319","47","293","63","96.2","4.9","97.5","4.7","94.9","5.9","51.8","14.0","61.1","16.8","41.6","15.9","0.0","40.2","0.0","45.6","0.0","84.9","0.0","12.2","0.0","31.5","0.0","17.6","1.5","2.5","0.0","12.6","2.7","4.4","0.5","1.0","0.0","5.3","1.3","2.3","62380","18555","83472","30421","37083","11993","-","**","-","**","-","-222222222","31000","237448","202857","82879","14219","10924","39632","15676","63056","65445","37000","27071","59524","25496","80888","21163","20917","20360","102007","9057","105167","28266","90139","38379","0.8","(X)","(X)","(X)","(X)","-888888888",
"1400000US06111006301","Census Tract 63.01, Ventura County, California","619","153","320","120","299","140","7.9","6.7","12.5","12.3","3.0","5.4","37.2","16.3","45.6","23.9","28.1","27.1","41.4","13.0","38.1","22.7","44.8","22.8","13.6","12.3","3.8","6.4","24.1","21.1","4283","213","1914","164","2369","186","0.9","1.0","2.0","2.4","0.0","1.7","3.2","2.0","3.0","2.4","3.4","3.1","13.7","5.4","14.4","8.1","13.1","4.8","25.2","4.8","22.2","6.5","27.6","5.5","6.5","2.5","6.1","3.7","6.8","3.4","33.7","5.7","31.7","7.9","35.4","6.3","16.8","4.1","20.6","6.4","13.7","4.5","95.8","1.8","94.9","3.1","96.6","3.1","50.5","6.3","52.2","8.3","49.1","7.2","523","186","241","129","282","157","100.0","7.4","100.0","15.2","100.0","13.2","63.3","17.9","50.2","29.8","74.5","20.6","828","154","394","105","434","95","95.3","5.5","90.1","11.8","100.0","8.8","55.6","13.5","57.1","15.7","54.1","16.5","1887","118","896","76","991","65","96.4","3.0","96.8","3.6","96.2","6.0","54.7","10.6","52.8","13.3","56.5","10.6","1045","127","383","95","662","88","93.1","5.6","92.4","8.1","93.5","5.3","32.4","8.5","47.3","13.6","23.9","10.9","0.0","20.0","0.0","32.4","0.0","36.4","2.2","3.6","0.0","13.5","4.2","6.6","5.5","3.6","2.6","4.0","7.5","5.5","2.1","2.2","3.6","4.3","0.8","1.3","53850","4570","72930","17531","42053","6944","-","**","-","**","-","-222222222","36563","14354","35745","22302","46700","40080","32043","12005","65833","20208","22813","7545","58724","7995","99375","27602","45295","7933","88576","26258","111523","28886","61000","20264","1.6","(X)","(X)","(X)","(X)","-888888888",
"1400000US06111006302","Census Tract 63.02, Ventura County, California","1301","274","548","182","753","174","3.3","3.7","7.8","8.9","0.0","5.2","12.4","8.2","4.4","5.0","18.2","11.4","80.7","9.9","85.0","10.2","77.6","13.1","3.6","3.3","2.7","4.0","4.2","4.8","1600","171","745","98","855","108","1.3","2.3","1.3","2.4","1.2","2.3","5.0","5.6","2.0","2.7","7.6","10.2","17.6","6.2","15.3","7.9","19.6","8.7","23.9","6.5","22.6","9.6","25.0","8.7","10.1","4.4","8.5","5.0","11.6","5.5","21.9","6.9","19.2","7.9","24.2","8.9","20.3","5.6","31.1","10.9","10.8","6.3","93.8","4.9","96.6","3.5","91.2","9.3","42.1","8.0","50.3","10.6","35.0","9.6","252","125","124","65","128","76","96.0","7.2","91.9","13.9","100.0","26.3","36.9","23.4","38.7","27.9","35.2","25.9","188","86","87","55","101","70","100.0","19.0","100.0","34.9","100.0","31.5","35.6","24.7","49.4","44.6","23.8","25.4","836","91","405","87","431","54","95.0","5.0","100.0","9.4","90.3","9.2","53.8","11.0","56.8","16.2","51.0","13.2","324","105","129","50","195","77","85.2","9.0","88.4","16.0","83.1","19.1","19.8","12.0","41.9","20.9","5.1","6.5","0.0","31.7","0.0","65.8","0.0","38.0","5.3","7.5","4.4","7.1","6.0","9.8","0.0","7.1","0.0","15.8","0.0","12.0","0.0","5.8","0.0","10.1","0.0","12.5","59331","6971","86008","25258","35809","10808","13750","17178","23125","11425","-","-222222222","42794","26206","61250","51196","23906","15372","41027","28205","66731","30408","20331","7476","65673","15325","64271","62433","66346","23950","122407","25526","124125","17651","76250","66610","0.4","(X)","(X)","(X)","(X)","-888888888",
"1400000US06111006400","Census Tract 64, Ventura County, California","363","128","204","105","159","89","12.7","18.7","22.5","32.5","0.0","22.0","15.2","12.3","18.1","22.3","11.3","14.7","72.2","19.8","59.3","35.0","88.7","14.7","0.0","10.4","0.0","17.7","0.0","22.0","4390","334","2036","223","2354","216","0.0","0.9","0.0","1.9","0.0","1.7","3.2","2.2","3.5","2.8","3.0","2.5","17.5","3.9","11.0","4.4","23.2","5.9","23.2","5.3","25.4","7.4","21.2","6.4","7.1","3.0","4.6","3.2","9.2","5.0","31.1","5.9","35.1","8.3","27.7","7.1","17.9","3.9","20.5","6.1","15.7","4.3","96.8","2.2","96.5","2.8","97.0","2.5","49.0","5.8","55.6","8.1","43.4","7.0","385","186","216","127","169","114","100.0","9.9","100.0","16.8","100.0","20.9","63.1","25.0","56.9","30.2","71.0","29.6","795","151","376","84","419","97","96.5","4.2","92.6","9.1","100.0","9.1","48.6","15.5","52.7","18.7","44.9","17.8","2118","156","963","99","1155","120","100.0","1.9","100.0","4.1","100.0","3.4","52.0","8.5","59.5","12.4","45.7","9.5","1092","190","481","104","611","172","89.7","8.1","91.1","9.5","88.5","9.3","38.6","12.6","49.3","16.7","30.3","12.6","10.6","18.8","0.0","39.0","21.4","37.3","3.6","4.0","5.8","9.8","2.7","4.2","1.1","1.8","0.0","6.3","2.1","3.4","1.8","1.7","0.0","3.5","3.7","3.6","62199","9112","77036","8850","43942","9575","-","**","-","**","-","-222222222","46333","8756","48672","29406","45917","9841","57868","12390","76250","18339","45341","8580","61290","15691","72057","5648","32234","15671","102434","32266","141103","54976","56250","19163","2.5","(X)","(X)","(X)","(X)","-888888888",
"1400000US06111006500","Census Tract 65, Ventura County, California","365","141","288","128","77","58","0.0","10.4","0.0","12.9","0.0","37.5","40.8","18.3","51.7","23.6","0.0","37.5","45.2","20.5","38.5","24.2","70.1","37.5","14.0","14.4","9.7","14.3","29.9","37.5","2209","211","1166","192","1043","93","7.7","4.6","5.5","4.3","10.1","6.5","9.5","6.6","8.0","7.2","11.2","7.8","38.2","7.9","49.4","11.3","25.7","8.3","23.0","5.5","18.4","7.2","28.0","10.3","5.4","3.5","4.7","3.4","6.2","6.0","13.6","5.3","10.5","5.9","17.1","8.3","2.6","2.5","3.4","3.5","1.7","2.4","82.8","6.0","86.5","7.2","78.7","7.4","16.3","6.2","14.0","7.2","18.8","8.3","481","231","346","184","135","88","98.3","3.5","100.0","10.9","94.1","11.4","16.2","16.2","15.3","17.2","18.5","23.8","661","128","313","86","348","91","61.9","15.1","66.5","20.6","57.8","19.5","14.2","10.4","2.6","5.4","24.7","17.1","826","177","384","95","442","107","91.2","7.1","93.8","7.9","88.9","9.9","20.9","10.0","22.9","13.5","19.2","10.5","241","73","123","48","118","44","80.9","18.8","77.2","26.0","84.7","21.8","5.8","9.1","11.4","17.0","0.0","28.1","4.0","7.0","0.0","22.2","6.8","11.6","6.9","9.7","5.0","7.5","10.8","14.2","5.7","5.3","3.0","6.1","7.8","8.9","0.0","10.5","0.0","21.5","0.0","18.4","35677","6500","37477","17632","32390","6764","29922","17512","29375","36071","35208","37147","27560","16387","32667","15030","8828","6493","37500","23342","57885","15954","30809","14046","81875","36765","61827","51200","85083","35179","81842","21374","81711","11845","130250","217346","3.6","(X)","(X)","(X)","(X)","-888888888",
"1400000US06111006600","Census Tract 66, Ventura County, California","325","102","143","62","182","94","6.5","9.4","0.0","24.1","11.5","17.8","40.3","15.5","28.0","17.6","50.0","22.4","33.2","13.0","34.3","17.3","32.4","16.9","20.0","15.3","37.8","23.6","6.0","10.2","2609","210","1297","100","1312","146","1.9","1.4","2.0","2.1","1.8","1.5","3.0","1.3","1.9","1.8","4.1","1.9","18.9","5.5","17.5","6.6","20.4","5.9","31.0","5.8","28.8","7.2","33.2","7.1","5.1","2.3","3.0","2.1","7.1","4.1","24.3","4.6","31.3","7.4","17.3","5.7","15.8","4.9","15.4","5.7","16.2","6.5","95.1","2.3","96.1","3.3","94.1","2.7","40.1","5.7","46.7","7.5","33.5","7.2","242","107","162","74","80","49","100.0","15.2","100.0","21.7","100.0","36.7","44.2","23.5","46.9","29.8","38.8","36.8","364","133","177","72","187","77","97.8","4.4","100.0","20.1","95.7","8.4","39.3","16.0","34.5","26.8","43.9","22.7","1162","100","592","58","570","72","98.5","1.8","98.1","2.8","98.8","2.2","47.9","8.1","54.4","11.1","41.2","10.0","841","134","366","58","475","98","87.9","7.2","89.1","11.5","86.9","6.6","28.4","8.6","40.2","14.1","19.4","10.7","0.0","49.6","0.0","62.2","0.0","82.3","4.2","5.2","3.8","6.9","4.5","8.0","0.0","4.5","0.0","9.9","0.0","7.9","3.5","4.1","4.2","6.5","2.5","4.0","62986","10239","81830","17853","45500","8079","60341","109329","-","**","2,500-","-333333333","33317","14147","50833","39731","14350","3903","55313","16857","81118","55534","42404","8631","81094","20085","92250","14917","62292","20631","74922","25959","91563","38506","60536","23123","5.8","(X)","(X)","(X)","(X)","-888888888",
"1400000US06111006700","Census Tract 67, Ventura County, California","226","136","103","72","123","75","6.2","11.0","13.6","23.8","0.0","27.2","46.9","17.1","31.1","34.3","60.2","33.2","35.4","15.2","37.9","40.9","33.3","30.3","11.5","12.7","17.5","22.7","6.5","12.3","2080","133","979","134","1101","107","0.8","1.2","0.0","4.0","1.5","2.3","4.0","3.1","4.2","5.2","3.9","3.1","21.8","6.6","11.4","5.3","31.1","10.7","24.4","5.5","31.9","9.2","17.7","6.8","6.8","3.4","6.3","4.6","7.2","5.4","26.5","7.0","26.0","9.8","26.9","8.9","15.7","5.6","20.1","8.0","11.7","6.6","95.1","3.3","95.8","5.2","94.6","3.8","42.2","7.4","46.2","8.5","38.6","10.3","255","123","122","99","133","83","100.0","14.5","100.0","27.3","100.0","25.5","66.7","20.4","57.4","19.6","75.2","29.7","560","114","260","81","300","77","98.6","2.3","100.0","14.2","97.3","4.3","38.4","14.5","27.3","18.1","48.0","20.1","806","130","414","79","392","78","91.1","7.3","92.3","11.0","89.8","8.4","46.8","10.5","53.4","14.2","39.8","13.8","459","104","183","60","276","78","95.4","5.1","95.1","7.1","95.7","6.6","25.1","11.1","49.2","18.4","9.1","10.3","0.0","31.5","0.0","51.4","0.0","42.5","9.3","9.1","6.3","11.5","10.2","10.4","3.2","4.9","0.0","10.1","7.7","11.2","0.0","4.5","0.0","8.5","0.0","9.0","46310","4028","59313","17955","33333","16759","15391","5932","-","**","10882","6142","33500","21728","88750","35340","25417","19531","57625","23837","64875","42895","31339","19774","45578","6731","46507","11937","43750","34178","62333","25693","72321","28693","47316","29437","3.2","(X)","(X)","(X)","(X)","-888888888",
"1400000US06111006800","Census Tract 68, Ventura County, California","326","102","216","74","110","60","31.6","19.1","47.7","23.8","0.0","29.6","11.7","11.0","13.4","14.9","8.2","12.3","46.0","17.6","28.2","17.3","80.9","17.5","10.7","8.3","10.6","12.0","10.9","13.3","2869","293","1713","277","1156","122","11.6","3.6","18.5","5.6","1.5","2.5","9.3","5.9","10.9","9.8","6.9","4.9","26.6","7.4","25.9","10.3","27.6","7.6","24.7","5.6","17.0","6.0","36.0","9.4","4.5","1.9","4.8","2.9","4.2","3.2","17.0","4.7","17.9","6.2","15.7","6.8","6.2","4.6","5.0","5.2","8.1","5.4","79.1","7.5","70.6","11.7","91.6","5.7","23.2","6.7","22.8","7.4","23.9","9.0","481","198","297","178","184","103","63.8","22.8","57.9","33.8","73.4","23.3","24.9","17.8","26.6","24.3","22.3","24.4","731","179","432","131","299","88","81.4","13.4","71.8","19.9","95.3","8.2","28.6","16.9","27.3","20.5","30.4","16.0","1266","146","793","132","473","53","81.5","8.9","72.0","14.7","97.5","4.5","18.5","7.7","14.6","8.6","24.9","15.1","391","77","191","62","200","49","85.4","10.6","81.7","20.0","89.0","15.3","26.6","13.4","40.8","24.5","13.0","13.8","19.6","16.1","19.0","18.1","22.7","28.2","15.2","6.7","18.9","9.8","10.0","7.8","9.1","7.5","2.4","3.8","14.4","13.2","4.3","4.5","5.1","6.6","3.3","5.6","35484","4877","32798","9800","36906","9203","18493","6790","17702","6556","23304","49518","35789","6148","35078","17286","36307","7795","44612","9172","57216","11838","42587","24910","43036","29500","64306","69443","36384","12697","70234","18380","62339","54978","70391","49242","8.8","(X)","(X)","(X)","(X)","-888888888",
"1400000US06111006900","Census Tract 69, Ventura County, California","131","96","69","56","62","56","24.4","23.7","31.9","26.9","16.1","32.9","61.1","17.9","68.1","26.9","53.2","30.1","14.5","14.1","0.0","39.6","30.6","25.9","0.0","25.8","0.0","39.6","0.0","41.8","2672","294","1171","208","1501","155","4.6","2.4","1.7","2.2","6.9","3.5","6.7","3.2","3.5","3.9","9.1","4.3","16.6","5.0","15.7","7.2","17.3","6.7","24.3","4.8","21.7","6.5","26.4","7.7","8.0","3.4","10.4","6.1","6.1","3.5","25.1","5.6","30.2","9.4","21.2","5.9","14.7","4.8","16.7","6.1","13.1","5.8","88.7","3.4","94.8","4.4","84.0","5.0","39.8","5.4","47.0","9.5","34.2","6.8","571","187","258","100","313","132","86.3","8.5","96.1","6.5","78.3","16.1","51.5","16.1","50.0","25.6","52.7","19.5","396","131","237","126","159","64","87.4","9.5","87.8","15.8","86.8","20.0","47.0","18.1","52.7","29.6","38.4","23.0","942","147","437","102","505","71","90.2","5.4","95.0","5.8","86.1","10.1","38.7","9.2","51.9","12.6","27.3","10.9","763","87","239","62","524","66","89.4","6.4","100.0","15.4","84.5","9.2","28.7","8.5","28.9","13.0","28.6","11.4","30.6","20.7","0.0","42.1","38.3","23.6","9.2","7.5","4.3","7.5","12.7","11.1","2.1","2.1","0.0","10.1","3.7","3.7","3.9","4.0","1.6","2.9","6.4","6.6","41792","7494","57083","22218","27315","11198","16625","10316","15375","7582","24583","39505","25539","7982","27356","16043","20724","11945","32371","15322","45369","8907","24015","7426","69808","14406","71544","3200","38375","14967","83750","17893","100313","21769","41646","26627","7.6","(X)","(X)","(X)","(X)","-888888888",
"1400000US06111007000","Census Tract 70, Ventura County, California","545","195","198","106","347","166","17.2","15.9","26.3","28.4","12.1","18.5","15.8","14.6","28.8","30.9","8.4","9.2","48.8","17.5","39.4","27.3","54.2","19.8","18.2","12.1","5.6","10.6","25.4","17.1","2705","236","1285","187","1420","199","6.9","4.3","5.4","5.0","8.2","4.4","7.0","4.9","13.0","10.1","1.5","1.6","25.7","6.6","20.6","10.6","30.3","10.2","21.1","5.6","27.5","10.0","15.2","6.6","5.0","3.1","2.5","2.3","7.3","5.4","23.3","6.1","19.1","8.3","27.1","10.0","11.1","4.5","11.8","6.3","10.4","5.7","86.1","6.3","81.6","10.6","90.3","4.5","34.3","7.4","30.9","9.6","37.5","9.7","965","238","442","138","523","162","89.4","8.4","79.0","18.7","98.3","3.0","45.9","12.6","30.3","16.8","59.1","15.0","585","146","286","90","299","109","72.8","14.8","78.3","18.6","67.6","19.5","41.0","15.4","42.3","18.6","39.8","20.6","751","194","393","141","358","106","87.5","8.7","81.7","14.5","93.9","6.9","23.4","13.0","26.2","16.3","20.4","13.5","404","106","164","83","240","77","95.0","6.0","93.9","10.5","95.8","7.0","17.3","13.4","23.8","27.9","12.9","10.6","13.6","14.1","8.9","11.7","21.7","20.8","7.3","8.0","3.8","7.0","9.5","11.8","10.6","7.2","8.3","7.8","13.4","10.3","8.7","7.9","2.5","4.1","13.3","12.7","41019","11322","47649","19286","28516","24112","20641","1949","21484","2060","2,500-","-333333333","26771","20259","52545","40680","9886","7311","41181","12966","47649","15997","28359","13524","61984","18280","86250","17771","60516","11877","68523","25594","90833","16202","46307","19614","8.7","(X)","(X)","(X)","(X)","-888888888",
"1400000US06111007100","Census Tract 71, Ventura County, California","432","187","144","101","288","165","23.1","19.7","45.1","35.1","12.2","14.9","19.0","11.9","6.9","11.0","25.0","15.8","52.5","19.6","47.9","31.0","54.9","26.9","5.3","6.0","0.0","23.9","8.0","9.6","3446","343","1910","341","1536","219","11.3","5.9","9.1","7.1","14.0","6.6","6.9","4.0","7.9","5.6","5.7","4.3","19.3","4.3","17.0","5.8","22.3","6.9","19.5","5.3","19.1","6.9","19.9","8.2","12.6","3.9","11.3","5.7","14.2","6.1","18.5","4.9","20.4","7.0","16.1","5.4","12.0","4.0","15.3","6.7","7.9","4.8","81.8","5.8","83.0","6.9","80.3","7.4","30.4","5.2","35.7","6.6","24.0","7.0","865","308","489","238","376","147","82.7","12.8","78.7","13.4","87.8","14.7","34.7","12.7","34.6","20.7","34.8","19.5","866","189","488","160","378","111","68.1","14.6","75.0","15.2","59.3","19.6","21.9","13.8","25.0","18.3","18.0","13.8","1290","213","732","139","558","143","90.8","6.6","87.6","11.2","95.0","5.6","32.0","9.8","36.2","13.5","26.5","12.7","425","88","201","83","224","73","80.9","15.7","96.5","6.6","67.0","26.5","34.4","15.2","62.2","21.9","9.4","10.9","29.9","18.9","13.9","20.0","47.0","25.6","16.2","9.9","20.4","15.5","12.3","10.0","11.9","8.7","5.3","6.3","19.1","19.0","0.0","3.7","0.0","5.7","0.0","10.3","42139","6508","49086","6463","32390","9662","21151","5477","22480","10679","7036","15593","27364","13848","26558","14587","35231","10759","44712","10633","49043","5201","29038","23249","64408","12166","70661","6435","36042","24063","63692","20425","63953","31543","46635","34785","4.6","(X)","(X)","(X)","(X)","-888888888",
"1400000US06111007201","Census Tract 72.01, Ventura County, California","234","86","137","73","97","60","0.0","15.7","0.0","24.9","0.0","32.4","15.4","12.7","18.2","17.0","11.3","19.1","70.5","18.2","81.8","17.0","54.6","34.6","14.1","13.0","0.0","24.9","34.0","29.8","2327","115","1107","111","1220","62","1.5","1.4","0.0","3.5","2.9","2.6","2.8","1.8","3.2","2.7","2.5","1.9","15.8","5.3","12.5","5.8","18.9","6.9","22.9","5.6","21.0","8.0","24.5","7.8","7.6","3.1","8.8","4.2","6.6","3.7","28.9","6.1","31.1","7.7","27.0","7.7","20.5","5.2","23.5","7.5","17.7","5.9","95.7","2.4","96.8","2.7","94.6","3.5","49.4","8.2","54.6","10.4","44.7","9.1","116","73","93","73","23","27","100.0","28.4","100.0","33.4","100.0","68.6","50.9","36.3","52.7","43.4","43.5","56.5","414","81","160","69","254","59","97.8","3.5","100.0","21.9","96.5","6.0","57.2","17.9","50.6","22.5","61.4","22.7","1242","164","606","91","636","93","93.6","4.2","94.2","5.1","92.9","5.3","54.3","10.7","61.7","12.6","47.2","12.3","555","146","248","82","307","82","97.8","3.3","100.0","14.9","96.1","5.9","32.3","13.4","40.3","18.0","25.7","14.5","19.8","21.5","31.4","46.8","13.6","22.0","2.7","4.6","7.2","11.5","0.0","15.9","1.3","2.0","0.0","11.4","2.4","3.7","0.0","3.4","0.0","6.4","0.0","7.1","80417","21691","98833","19080","65479","11210","15536","50254","3750","69981","16518","58812","65375","62600","100125","94873","20769","46548","46500","23485","70565","45269","44539","15058","88849","17418","99292","27341","66638","35761","128424","11676","131250","29770","120655","40455","1.2","(X)","(X)","(X)","(X)","-888888888",
"1400000US06111007202","Census Tract 72.02, Ventura County, California","315","92","168","57","147","64","0.0","11.9","0.0","21.0","0.0","23.5","19.7","14.7","7.1","13.5","34.0","22.6","70.5","17.6","74.4","20.7","66.0","22.6","9.8","13.8","18.5","24.0","0.0","23.5","3087","174","1446","139","1641","130","2.1","1.8","1.1","1.7","2.9","2.3","0.0","1.3","0.0","2.7","0.0","2.4","9.9","3.4","5.7","3.3","13.6","5.2","23.4","5.4","18.6","6.5","27.6","7.4","9.8","3.6","9.2","4.5","10.3","4.4","36.1","6.5","42.3","9.1","30.6","8.4","18.8","4.0","23.1","6.9","15.0","5.7","97.9","1.8","98.9","1.7","97.1","2.3","54.9","5.9","65.4","7.1","45.6","8.4","256","80","159","74","97","51","100.0","14.4","100.0","22.0","100.0","32.4","52.7","20.4","37.1","24.2","78.4","30.1","423","131","213","72","210","80","100.0","9.0","100.0","17.0","100.0","17.3","52.2","16.3","59.2","21.2","45.2","20.1","1728","124","787","100","941","94","99.1","1.4","98.0","3.1","100.0","4.2","57.6","7.0","69.8","8.4","47.5","10.3","680","90","287","66","393","67","92.9","5.2","100.0","13.0","87.8","8.8","50.3","11.4","73.9","15.2","33.1","14.6","40.6","53.6","0.0","82.3","54.2","54.2","3.3","5.2","0.0","36.1","4.5","7.0","0.8","1.3","0.0","9.5","1.3","2.1","0.6","0.9","1.1","1.6","0.0","5.2","70190","9667","85132","23357","63052","7663","-","**","-","**","-","-222222222","14042","36306","52143","57313","4671","14343","50694","16891","47750","31419","55391","23608","81111","32915","105234","37924","61528","22192","110114","44840","197115","99385","83009","5306","1.5","(X)","(X)","(X)","(X)","-888888888",
"1400000US06111007300","Census Tract 73, Ventura County, California","76","55","19","23","57","56","0.0","37.7","0.0","75.5","0.0","43.6","60.5","42.6","0.0","75.5","80.7","39.7","26.3","35.0","47.4","52.6","19.3","39.7","13.2","22.2","52.6","52.6","0.0","43.6","1287","178","700","111","587","85","1.3","1.9","0.0","5.6","2.9","4.1","0.9","1.5","1.6","2.8","0.0","6.6","13.9","6.9","14.3","8.1","13.5","8.6","20.8","7.4","20.6","7.5","21.1","10.6","2.5","2.3","3.3","3.5","1.5","2.7","35.2","8.6","26.7","9.6","45.3","11.0","25.4","8.5","33.6","11.5","15.7","7.8","97.8","2.3","98.4","2.8","97.1","4.1","60.6","8.6","60.3","9.7","61.0","11.2","143","113","69","68","74","58","100.0","24.1","100.0","39.6","100.0","38.2","83.9","19.5","66.7","33.8","100.0","38.2","113","46","60","35","53","29","100.0","29.0","100.0","42.5","100.0","45.2","51.3","45.3","48.3","42.9","54.7","54.7","805","117","408","69","397","67","96.5","3.6","97.3","4.8","95.7","5.8","57.1","12.2","56.9","14.0","57.4","14.6","226","66","163","71","63","36","100.0","16.2","100.0","21.5","100.0","41.5","62.8","16.3","70.6","20.2","42.9","32.3","0.0","62.2","0.0","99.2","0.0","79.8","6.7","11.6","0.0","31.7","15.2","24.2","9.3","8.7","16.8","14.5","0.0","25.5","2.7","3.8","0.0","9.0","5.9","8.1","71220","9530","75556","25475","52383","27857","75441","71030","-","**","-","-222222222","71625","25237","72313","7430","-","-222222222","59479","28735","58438","29686","71136","44494","56146","19939","68707","15715","50898","29192","191648","56691","198523","45485","190114","196667","9.2","(X)","(X)","(X)","(X)","-888888888",
"1400000US06111007402","Census Tract 74.02, Ventura County, California","459","197","228","114","231","120","13.9","10.9","14.5","16.7","13.4","15.7","10.0","8.0","20.2","14.8","0.0","15.8","52.9","20.1","47.8","26.2","58.0","26.3","23.1","24.3","17.5","23.0","28.6","27.8","4269","182","2026","136","2243","115","0.0","0.9","0.0","2.0","0.0","1.8","1.9","1.2","2.6","2.1","1.2","1.0","15.7","4.5","9.9","4.0","21.0","6.0","14.7","3.5","12.6","4.6","16.7","5.1","4.3","2.2","2.4","1.7","6.0","3.9","37.0","5.0","37.7","6.9","36.4","5.5","26.4","4.8","34.8","6.8","18.8","5.6","98.1","1.2","97.4","2.1","98.8","1.0","63.4","4.2","72.5","4.7","55.2","6.1","410","177","171","98","239","103","96.6","5.2","91.8","12.1","100.0","15.4","68.3","16.0","73.1","23.0","64.9","29.1","467","142","209","66","258","119","100.0","8.2","100.0","17.3","100.0","14.3","59.1","15.7","65.6","20.3","53.9","24.0","2433","134","1170","96","1263","82","100.0","1.6","100.0","3.4","100.0","3.1","67.7","5.7","75.7","7.2","60.3","7.7","959","108","476","94","483","79","93.2","5.3","91.8","8.1","94.6","4.6","52.3","11.5","67.2","13.0","37.7","14.5","0.0","36.9","0.0","45.2","0.0","64.5","2.2","3.4","7.5","11.5","0.0","8.2","1.7","2.8","4.6","7.3","0.0","7.6","3.5","2.7","3.1","2.5","4.0","3.3","73793","9933","105302","18548","53826","11416","2,500-","***","2,500-","***","-","-222222222","59000","17339","54196","50152","65020","20929","61823","31712","92000","18006","44659","19325","76700","20418","128750","49294","41779","29009","99519","42377","138750","39443","75574","19049","0.3","(X)","(X)","(X)","(X)","-888888888",
"1400000US06111007403","Census Tract 74.03, Ventura County, California","325","130","176","97","149","81","7.4","9.5","7.4","14.0","7.4","13.5","13.2","14.6","0.0","20.2","28.9","28.2","50.5","24.5","68.8","27.9","28.9","29.0","28.9","21.0","23.9","26.4","34.9","28.1","3485","193","1556","153","1929","138","0.7","0.7","0.0","2.5","1.2","1.3","1.8","1.3","1.7","2.1","2.0","2.4","8.9","4.3","6.4","4.5","11.0","5.3","18.9","5.5","18.2","7.7","19.4","6.6","10.9","3.4","9.5","4.9","12.0","5.3","34.5","5.1","40.3","8.6","29.9","5.8","24.3","5.2","24.0","7.7","24.5","6.7","97.5","1.5","98.3","2.1","96.8","2.8","58.8","6.7","64.3","8.6","54.4","7.6","444","138","253","104","191","83","100.0","8.6","100.0","14.6","100.0","18.8","47.3","20.2","33.2","22.9","66.0","23.9","948","125","348","92","600","104","94.2","4.2","95.1","7.9","93.7","7.3","59.9","13.7","64.1","19.3","57.5","14.9","1634","165","691","106","943","108","98.7","1.7","98.7","2.3","98.6","2.4","58.9","8.5","70.6","9.9","50.3","10.4","459","117","264","74","195","98","97.6","3.9","100.0","14.0","94.4","10.0","67.3","18.0","77.7","18.9","53.3","25.8","28.4","38.6","0.0","64.5","40.3","45.5","19.9","20.7","0.0","32.0","29.2","27.0","5.9","6.8","0.0","8.9","10.1","11.2","2.9","2.9","2.3","2.8","3.5","3.4","70668","7009","89408","17915","61991","9336","46912","14346","46912","150799","36250","38525","65357","25542","54647","29283","85313","63828","63275","11411","70769","20891","58417","40234","69250","12944","87880","21184","50658","32046","102634","23432","131667","34391","72336","14734","1.1","(X)","(X)","(X)","(X)","-888888888",
"1400000US06111007405","Census Tract 74.05, Ventura County, California","351","90","157","64","194","74","8.3","9.2","18.5","20.4","0.0","18.5","31.1","15.7","28.0","23.4","33.5","23.0","42.7","17.0","42.0","26.1","43.3","23.9","17.9","12.2","11.5","17.4","23.2","18.5","4121","226","1931","141","2190","127","0.9","1.0","0.0","2.0","1.7","1.9","2.2","1.4","3.8","2.7","0.7","1.1","9.2","3.1","6.8","3.7","11.3","4.6","19.4","4.6","16.3","6.8","22.1","4.9","7.4","3.2","6.4","3.3","8.2","4.6","35.1","5.3","39.9","7.3","30.8","6.7","25.9","6.2","26.8","7.5","25.2","6.9","96.9","1.9","96.2","2.7","97.5","2.2","61.0","6.1","66.7","7.7","56.0","6.7","409","158","184","81","225","107","100.0","9.3","100.0","19.4","100.0","16.2","70.7","15.3","78.3","19.1","64.4","20.3","1094","177","507","106","587","130","100.0","3.6","100.0","7.6","100.0","6.6","72.7","10.1","78.7","12.3","67.5","13.9","2140","123","1046","100","1094","68","98.2","2.1","96.3","4.4","100.0","3.6","62.3","8.3","64.5","10.7","60.1","9.5","478","89","194","60","284","70","81.6","9.5","82.5","15.9","81.0","16.2","20.3","10.1","36.1","19.9","9.5","10.8","37.0","39.5","37.0","42.7","37.0","47.1","14.3","12.1","14.5","20.7","14.2","15.8","0.0","3.6","0.0","8.7","0.0","5.9","1.3","1.4","1.4","2.2","1.1","1.9","70745","9043","89688","20244","52645","12697","2,500-","***","2,500-","***","2,500-","-333333333","45242","36046","215446","275044","15083","41447","49513","11729","65915","16855","43633","8977","82648","9763","84492","19132","63750","18538","84688","12786","104363","10722","73947","10768","1.8","(X)","(X)","(X)","(X)","-888888888",
"1400000US06111007406","Census Tract 74.06, Ventura County, California","190","84","16","27","174","81","21.1","22.3","0.0","82.3","23.0","24.2","2.6","6.4","0.0","82.3","2.9","6.9","46.8","27.8","100.0","82.2","42.0","26.4","29.5","25.9","0.0","82.3","32.2","26.2","1538","138","784","104","754","100","0.0","2.6","0.0","5.0","0.0","5.2","0.0","2.6","0.0","5.0","0.0","5.2","7.2","4.5","1.9","3.4","12.7","7.7","5.9","3.8","4.3","4.8","7.4","6.3","10.0","6.4","2.3","4.3","18.0","11.2","52.1","7.9","59.2","10.6","44.7","13.1","24.8","7.3","32.3","9.4","17.1","9.2","100.0","2.6","100.0","5.0","100.0","5.2","76.9","7.3","91.5","7.0","61.8","11.3","67","76","7","20","60","63","100.0","40.2","100.0","100.0","100.0","42.5","100.0","40.2","100.0","100.0","100.0","42.5","475","86","250","49","225","57","100.0","8.1","100.0","14.7","100.0","16.2","76.6","16.5","94.0","9.8","57.3","28.3","830","113","456","95","374","63","100.0","4.7","100.0","8.4","100.0","10.1","81.8","10.2","90.6","9.9","71.1","16.5","166","81","71","46","95","39","100.0","21.2","100.0","39.0","100.0","32.9","44.0","18.3","87.3","25.5","11.6","19.0","-","**","-","**","-","**","0.0","29.4","0.0","84.9","0.0","32.7","0.0","15.1","0.0","45.6","0.0","18.7","0.0","3.3","0.0","5.4","0.0","8.2","63774","12501","88800","48691","47111","11785","-","**","-","**","-","-222222222","21484","20012","-","**","20313","9586","47222","78053","116917","147226","46157","44701","53224","16229","61116","15018","51250","23808","104128","28655","109141","62199","80341","27438","0.0","(X)","(X)","(X)","(X)","-888888888",
"1400000US06111007505","Census Tract 75.05, Ventura County, California","363","159","203","118","160","80","6.1","7.6","3.4","8.2","9.4","12.7","30.3","24.8","29.6","35.7","31.3","24.8","63.6","24.5","67.0","33.5","59.4","26.8","0.0","10.4","0.0","17.8","0.0","21.9","2241","217","1103","182","1138","114","5.4","4.4","4.5","5.2","6.2","4.7","7.8","4.3","10.1","6.3","5.5","3.5","21.8","5.4","26.5","8.1","17.2","6.3","27.8","6.3","25.7","7.7","29.9","7.7","7.7","3.7","8.3","4.6","7.0","5.2","20.0","5.7","16.6","6.6","23.3","8.5","9.5","4.1","8.3","4.7","10.8","4.9","86.8","5.8","85.4","7.6","88.2","5.6","29.5","7.1","24.8","8.4","34.1","9.8","453","143","209","71","244","93","89.4","9.3","77.0","19.0","100.0","15.1","44.8","13.2","35.4","19.2","52.9","18.3","529","173","297","133","232","75","83.2","17.6","86.9","17.7","78.4","19.4","30.2","15.0","28.3","20.2","32.8","17.5","842","144","398","90","444","95","89.7","8.3","86.7","13.6","92.3","6.6","22.2","9.3","15.1","9.1","28.6","14.3","417","123","199","68","218","73","83.0","11.9","89.4","11.1","77.1","17.6","26.9","14.9","28.1","19.2","25.7","17.0","0.0","12.7","0.0","21.8","0.0","25.4","5.3","5.8","1.0","2.5","11.7","12.8","1.4","2.2","2.9","4.8","0.0","9.1","5.3","8.1","0.0","13.6","9.0","13.2","44063","8732","49688","9668","35144","9773","29572","6977","34053","15213","27891","31230","37153","19826","51932","25907","27237","18435","44286","15920","61923","25989","31618","24375","49821","22834","62115","55425","47857","32108","55326","13428","54896","25647","55795","29879","3.6","(X)","(X)","(X)","(X)","-888888888",
"1400000US06111007506","Census Tract 75.06, Ventura County, California","766","196","278","117","488","164","5.7","6.9","0.0","13.4","9.0","11.8","30.0","14.3","34.5","23.5","27.5","16.0","55.7","13.9","58.6","24.7","54.1","18.9","8.5","7.8","6.8","10.3","9.4","13.9","4597","200","2246","144","2351","129","2.1","1.7","2.7","3.2","1.6","1.6","2.9","1.8","3.2","2.4","2.7","2.0","23.1","5.2","23.2","6.9","23.0","6.2","28.0","5.6","24.1","8.0","31.7","6.5","8.8","3.1","8.9","4.5","8.6","3.8","19.9","4.2","22.7","6.1","17.3","5.5","15.1","4.6","15.2","4.8","15.0","6.4","94.9","2.4","94.2","3.7","95.7","2.5","35.0","6.5","37.9","7.1","32.3","7.7","474","151","153","79","321","106","96.4","6.0","88.9","17.2","100.0","11.7","56.5","19.7","23.5","23.0","72.3","21.8","1156","225","574","125","582","133","90.3","7.9","86.2","13.5","94.3","6.0","28.4","12.2","30.8","16.3","25.9","14.9","2402","188","1226","121","1176","116","97.8","1.8","98.0","2.2","97.6","2.7","38.5","8.3","45.6","9.9","31.0","9.0","565","87","293","61","272","61","90.8","7.1","96.2","6.4","84.9","12.8","16.1","9.7","27.3","15.0","4.0","6.6","5.6","8.2","9.9","15.1","0.0","31.3","4.1","3.7","6.1","6.8","2.2","3.3","0.9","1.4","0.0","5.2","1.6","2.5","0.0","2.4","0.0","4.6","0.0","5.1","55357","9670","74350","21154","41250","5145","45515","10796","41719","13146","-","-222222222","36208","14000","64258","23749","23472","19280","56364","12838","82125","30775","40048","14876","68958","31650","99853","17755","48551","17890","50912","18987","73482","70265","44214","6019","2.3","(X)","(X)","(X)","(X)","-888888888",
"1400000US06111007507","Census Tract 75.07, Ventura County, California","542","143","301","125","241","123","7.4","11.0","0.0","12.4","16.6","22.7","28.8","15.3","24.9","18.7","33.6","25.9","57.7","16.7","64.1","21.4","49.8","26.4","6.1","6.8","11.0","13.5","0.0","15.2","4657","227","2191","137","2466","241","3.3","3.0","1.9","3.0","4.5","5.2","3.3","2.1","2.1","2.0","4.4","3.6","10.7","3.0","7.7","3.2","13.3","5.1","13.4","2.9","14.3","4.6","12.5","4.0","4.5","2.0","4.0","2.6","5.0","3.1","39.9","5.1","33.8","7.4","45.3","6.5","25.0","4.7","36.3","7.4","14.9","4.6","93.4","3.4","96.0","3.5","91.1","5.5","64.8","4.8","70.1","7.0","60.2","5.9","333","116","181","83","152","98","96.1","6.5","92.8","11.2","100.0","22.9","78.7","17.1","60.8","26.8","100.0","22.9","1205","162","465","105","740","125","91.8","8.0","88.6","14.3","93.8","9.2","69.7","11.1","74.0","16.8","67.0","13.1","2510","169","1257","119","1253","127","95.7","2.9","100.0","3.1","91.3","5.4","65.7","6.4","74.5","8.1","56.9","8.3","609","139","288","81","321","104","85.9","12.6","92.7","10.9","79.8","20.4","44.0","12.1","50.0","15.7","38.6","16.6","3.6","7.0","12.6","27.8","0.0","16.6","9.9","9.4","14.3","16.1","7.6","8.0","1.3","2.2","0.0","9.5","2.5","4.2","0.4","0.6","0.7","1.3","0.0","2.7","86250","14706","109831","8996","48654","10431","41472","60494","88363","47529","40667","34585","70536","43690","90909","74545","34688","51423","47277","29838","62167","19143","44625","23942","82316","31193","111767","8518","50559","13072","127683","15958","155583","49056","74185","36407","1.6","(X)","(X)","(X)","(X)","-888888888",
"1400000US06111007508","Census Tract 75.08, Ventura County, California","254","71","145","59","109","58","6.7","7.1","6.9","8.9","6.4","11.9","30.3","15.7","24.8","16.8","37.6","29.8","49.6","18.4","50.3","24.1","48.6","30.4","13.4","15.0","17.9","21.3","7.3","12.5","2536","134","1202","90","1334","98","4.0","2.9","3.0","2.9","4.9","3.5","3.4","2.0","3.8","3.2","2.9","2.5","13.1","3.8","16.6","5.9","10.0","4.3","24.2","4.9","22.2","7.0","26.0","6.1","9.0","3.3","6.5","4.7","11.2","4.1","29.5","6.5","26.1","7.0","32.5","8.6","16.8","4.7","21.7","6.8","12.4","4.8","92.6","3.3","93.2","4.3","92.1","3.8","46.3","6.6","47.8","6.9","45.0","8.2","521","186","272","116","249","104","98.7","2.5","97.4","4.9","100.0","14.8","55.1","15.4","48.5","17.5","62.2","16.6","442","126","213","72","229","71","92.5","6.2","89.2","12.0","95.6","7.7","58.6","16.4","62.4","18.2","55.0","20.3","1150","71","529","65","621","52","92.7","5.7","93.2","6.6","92.3","5.7","41.2","8.5","39.5","9.9","42.7","11.4","423","83","188","50","235","63","85.1","8.3","91.5","12.8","80.0","14.0","36.6","15.5","53.7","19.1","23.0","17.5","42.8","26.4","65.9","34.3","24.8","22.8","0.0","11.3","0.0","18.0","0.0","25.5","5.2","3.9","0.0","10.9","8.9","6.5","0.9","1.2","1.0","1.8","0.8","1.6","51994","4870","63523","6946","40893","6678","31607","50156","35703","5174","2,500-","-333333333","60536","40848","62500","14497","18750","20991","39297","12573","34954","40472","39336","9831","52449","4913","70417","26362","42366","17012","74444","20481","83239","26221","68882","27273","4.2","(X)","(X)","(X)","(X)","-888888888",
"1400000US06111007509","Census Tract 75.09, Ventura County, California","251","130","111","63","140","94","20.3","17.1","13.5","24.0","25.7","33.6","19.9","17.0","29.7","38.2","12.1","19.3","47.0","26.7","27.9","29.8","62.1","34.3","12.7","14.8","28.8","30.0","0.0","24.5","2746","287","1336","250","1410","135","0.6","0.9","0.6","0.9","0.6","0.9","2.0","2.4","3.3","4.7","0.9","1.4","9.1","3.6","3.1","3.2","14.8","6.4","23.5","5.5","25.1","7.9","21.8","7.6","10.9","4.8","7.2","6.3","14.5","7.1","29.8","7.0","35.4","10.5","24.5","7.8","24.1","7.8","25.3","10.1","23.0","9.5","97.3","2.7","96.1","4.9","98.5","1.7","53.9","6.5","60.7","8.3","47.4","8.8","567","293","317","254","250","113","92.2","11.8","86.1","22.1","100.0","14.7","66.7","17.9","64.0","19.0","70.0","28.8","808","153","365","103","443","101","97.9","3.1","97.8","3.5","98.0","2.9","44.2","12.6","56.2","19.4","34.3","12.8","1153","155","565","101","588","122","100.0","3.4","100.0","6.8","100.0","6.6","55.0","10.0","59.8","14.1","50.3","14.3","218","55","89","33","129","47","94.5","8.7","100.0","34.3","90.7","14.7","50.9","18.6","73.0","26.6","35.7","20.7","0.0","38.5","0.0","45.6","0.0","71.8","0.0","14.8","0.0","51.4","0.0","17.4","0.0","4.1","0.0","8.8","0.0","7.5","0.0","2.7","0.0","4.8","0.0","5.8","56250","22322","85943","21491","44453","4887","85767","59535","86023","10978","-","-222222222","30712","5479","-","**","30404","11203","58750","29209","88229","90674","43527","14218","67031","48321","87981","37356","44063","19071","73500","43037","55625","76842","74750","42870","3.7","(X)","(X)","(X)","(X)","-888888888",
"1400000US06111007510","Census Tract 75.10, Ventura County, California","406","101","155","69","251","91","3.7","6.0","9.7","15.1","0.0","14.7","48.3","17.3","27.7","21.3","61.0","22.9","27.6","12.9","32.9","20.8","24.3","16.4","20.4","12.9","29.7","23.8","14.7","14.4","4258","173","2098","145","2160","109","0.9","1.0","0.0","1.9","1.8","2.0","0.4","0.6","0.0","1.9","0.8","1.2","8.4","3.0","8.4","4.6","8.3","3.5","12.7","3.4","11.8","4.8","13.5","4.5","8.0","2.5","7.2","3.4","8.8","3.9","40.7","4.5","40.6","7.0","40.9","6.8","28.9","4.6","31.9","7.0","26.0","5.9","98.7","1.2","100.0","1.9","97.5","2.5","69.7","5.0","72.5","7.0","66.9","6.1","562","223","253","136","309","127","97.0","5.1","100.0","14.6","94.5","9.3","73.3","18.7","51.8","30.4","90.9","10.7","1069","132","509","82","560","98","98.2","3.0","100.0","7.6","96.6","5.7","79.4","7.1","87.0","9.9","72.5","12.3","2081","168","1096","104","985","104","100.0","1.9","100.0","3.6","100.0","4.0","69.9","6.5","74.7","7.9","64.5","8.8","546","77","240","51","306","70","96.5","5.3","100.0","15.3","93.8","9.4","46.0","13.5","53.8","17.3","39.9","19.3","0.0","44.4","-","**","0.0","44.4","4.8","8.8","0.0","20.1","9.4","17.1","1.1","1.7","0.0","9.5","2.1","3.2","1.6","2.3","0.0","2.6","3.2","4.6","90259","16711","116827","14800","41045","11751","-","**","-","**","-","-222222222","30893","28994","40429","30644","7273","114329","54653","26595","81094","73802","30208","2657","88598","17638","106250","21502","41079","13018","116058","15103","143359","21579","63636","46365","3.5","(X)","(X)","(X)","(X)","-888888888",
"1400000US06111007511","Census Tract 75.11, Ventura County, California","205","112","137","93","68","75","22.9","30.6","0.0","24.9","69.1","56.6","24.4","25.6","36.5","31.9","0.0","39.9","19.0","21.4","28.5","31.3","0.0","39.9","33.7","26.0","35.0","32.6","30.9","56.6","1689","205","824","91","865","177","1.7","2.4","0.0","4.7","3.2","4.7","6.6","5.1","11.7","10.4","1.8","2.9","14.5","9.5","16.4","10.8","12.7","11.2","15.3","7.3","15.9","12.1","14.7","9.8","2.4","2.8","0.0","4.7","4.7","5.5","37.6","11.0","27.2","12.4","47.5","15.1","21.9","8.8","28.9","10.5","15.3","9.6","91.7","5.9","88.3","10.4","94.9","5.5","59.5","12.8","56.1","14.0","62.8","15.5","145","78","51","44","94","48","89.0","16.9","100.0","46.1","83.0","25.9","18.6","31.3","25.5","43.7","14.9","26.5","424","205","207","115","217","104","90.3","13.9","80.2","29.5","100.0","16.8","52.1","25.3","32.4","25.9","71.0","34.7","944","148","468","113","476","106","95.9","6.9","91.7","13.4","100.0","8.1","66.2","12.9","64.1","16.7","68.3","19.5","176","96","98","53","78","63","75.0","22.5","83.7","26.6","64.1","42.3","75.0","22.5","83.7","26.6","64.1","42.3","0.0","24.5","0.0","32.7","0.0","49.6","21.2","22.7","0.0","25.2","47.3","52.7","5.4","9.4","0.0","25.8","9.5","16.1","0.0","3.9","0.0","8.3","0.0","7.1","46090","20458","97083","35507","22470","12555","32656","27280","33906","24249","-","-222222222","4138","37832","47386","72541","2629","2107","36302","65067","250,000+","***","12065","15355","70221","47062","149643","148918","30994","18260","93681","71542","153179","85494","50139","18651","4.4","(X)","(X)","(X)","(X)","-888888888",
"1400000US06111007512","Census Tract 75.12, Ventura County, California","323","154","186","113","137","80","33.7","20.0","48.9","27.1","13.1","19.3","31.6","14.8","16.7","19.3","51.8","32.2","32.2","19.7","30.1","24.5","35.0","32.0","2.5","4.6","4.3","8.0","0.0","24.9","3022","235","1549","152","1473","164","0.9","1.1","1.2","1.8","0.5","1.0","4.4","2.7","5.4","4.0","3.4","2.4","13.3","4.7","12.4","5.5","14.3","6.4","31.2","7.2","32.0","9.0","30.3","8.4","11.0","4.9","9.3","5.7","12.8","7.5","26.5","5.4","28.8","7.5","24.0","8.7","12.7","5.2","10.8","5.3","14.7","6.9","94.7","2.9","93.4","4.2","96.1","2.6","39.2","7.0","39.6","8.1","38.8","10.2","554","233","334","154","220","112","96.6","5.3","94.3","8.9","100.0","16.6","31.8","19.7","26.3","18.1","40.0","25.5","760","202","315","117","445","130","95.7","4.3","93.7","6.3","97.1","3.6","49.7","15.2","52.7","21.1","47.6","17.1","1400","139","720","97","680","88","96.4","4.7","94.3","8.7","98.7","2.5","42.1","8.6","45.3","14.3","38.8","12.4","308","122","180","77","128","65","81.2","12.9","87.2","14.0","72.7","22.3","13.3","12.2","18.9","16.5","5.5","10.1","4.4","9.2","0.0","31.1","12.3","22.9","4.7","6.2","9.9","12.7","0.0","17.3","4.4","5.7","1.4","2.7","7.4","11.0","2.6","2.5","1.0","1.8","4.4","4.8","72093","10413","82416","13778","49393","13530","50660","43443","51179","778","17885","21085","46912","15229","40885","45067","48219","16079","66625","28031","91341","19995","40982","10147","96731","12257","94236","14808","120148","66750","77031","11862","82188","19524","67443","10663","3.1","(X)","(X)","(X)","(X)","-888888888",
"1400000US06111007513","Census Tract 75.13, Ventura County, California","143","122","101","114","42","34","0.0","24.1","0.0","31.5","0.0","50.8","71.3","37.3","86.1","34.5","35.7","42.9","9.8","19.7","13.9","34.5","0.0","50.8","18.9","24.7","0.0","31.5","64.3","42.9","1233","131","584","56","649","117","5.0","6.1","2.4","4.0","7.4","11.1","6.7","5.3","3.9","5.2","9.2","9.1","27.5","12.7","24.3","15.8","30.4","14.4","27.0","10.3","27.9","12.7","26.2","17.5","6.2","4.1","11.0","7.6","1.8","3.0","18.7","8.9","19.7","13.0","17.7","10.1","8.9","5.6","10.8","10.8","7.2","5.4","88.2","6.1","93.7","6.6","83.4","13.6","27.6","10.3","30.5","14.7","25.0","12.4","44","44","44","44","0","132","34.1","47.7","34.1","47.7","-","**","34.1","47.7","34.1","47.7","-","**","320","168","171","85","149","89","100.0","11.7","100.0","20.7","100.0","23.2","30.9","24.1","28.1","25.7","34.2","26.7","443","118","186","78","257","95","89.2","16.8","100.0","19.2","81.3","26.8","33.2","17.0","32.3","26.8","33.9","19.8","426","186","183","73","243","134","84.0","15.1","95.6","7.3","75.3","25.2","18.5","11.1","30.1","26.9","9.9","12.5","0.0","23.8","0.0","54.1","0.0","30.0","28.6","28.9","34.5","34.8","24.4","26.9","3.7","6.0","0.0","16.1","8.2","14.8","0.0","11.1","0.0","20.0","0.0","21.7","43235","20325","51875","36532","36591","23445","-","**","-","**","-","-222222222","37965","10221","39012","51262","4583","35701","57400","95910","57308","84773","153750","259126","51354","31289","62292","319638","42574","36519","50000","35889","39750","87132","60313","47660","1.9","(X)","(X)","(X)","(X)","-888888888",
"1400000US06111007514","Census Tract 75.14, Ventura County, California","340","173","154","84","186","152","6.8","11.3","14.9","20.8","0.0","19.2","37.4","24.3","37.7","30.3","37.1","38.0","45.6","26.0","36.4","27.9","53.2","40.6","10.3","16.3","11.0","18.7","9.7","17.9","4831","285","2126","216","2705","249","3.2","2.7","2.4","2.6","3.9","3.5","3.2","2.0","3.6","2.9","3.0","2.2","15.4","3.9","11.3","5.0","18.6","5.1","30.6","5.9","30.4","8.3","30.8","7.4","6.9","2.5","7.8","3.5","6.2","3.2","25.8","5.1","27.0","7.9","24.8","6.6","14.8","4.6","17.5","6.8","12.8","4.6","93.5","3.5","94.1","4.0","93.1","4.2","40.6","6.5","44.5","9.2","37.5","7.3","1111","300","462","186","649","214","94.4","4.1","90.3","9.5","97.4","3.7","49.8","14.1","40.5","21.4","56.4","13.6","1025","218","467","160","558","140","93.1","7.9","96.8","5.4","90.0","12.1","51.3","17.2","63.4","20.6","41.2","18.7","1704","203","851","118","853","124","98.2","2.1","98.1","2.9","98.4","3.0","40.1","8.0","44.8","12.4","35.5","12.3","991","113","346","84","645","120","84.9","11.6","85.5","15.9","84.5","10.9","20.0","10.2","23.7","16.0","18.0","10.0","22.7","22.0","0.0","26.7","38.0","29.1","15.7","11.9","25.7","25.4","10.9","13.0","2.3","2.4","3.7","4.7","1.1","1.7","4.2","4.3","4.3","6.6","4.1","5.9","58043","9321","72721","29145","44162","4888","55833","45622","41875","92931","56333","127221","65127","35758","66906","31089","31250","45011","51563","8988","57906","13509","42706","6016","62906","20888","64241","21684","46721","24648","103264","35550","122292","124493","55714","41314","2.6","(X)","(X)","(X)","(X)","-888888888",
"1400000US06111007606","Census Tract 76.06, Ventura County, California","56","55","10","15","46","50","33.9","48.9","100.0","100.0","19.6","37.9","66.1","48.9","0.0","100.0","80.4","37.9","0.0","44.0","0.0","100.0","0.0","48.5","0.0","44.0","0.0","100.0","0.0","48.5","766","124","431","80","335","58","15.5","9.2","10.4","9.5","22.1","13.5","8.5","7.0","6.3","8.4","11.3","11.1","19.3","12.1","20.6","18.7","17.6","11.2","20.5","13.1","24.4","22.0","15.5","10.3","1.2","3.1","1.2","2.8","1.2","3.5","13.7","7.3","13.2","8.0","14.3","10.9","21.3","11.0","23.9","13.1","17.9","12.3","76.0","10.5","83.3","14.0","66.6","12.4","35.0","13.1","37.1","14.0","32.2","15.0","107","46","69","39","38","35","55.1","33.1","85.5","22.8","0.0","53.4","0.0","30.2","0.0","39.6","0.0","53.4","159","69","70","36","89","42","90.6","15.6","90.0","16.5","91.0","15.9","42.8","25.9","31.4","30.5","51.7","29.6","354","119","227","82","127","56","89.3","10.5","93.8","10.1","81.1","21.0","53.1","17.4","55.5","19.1","48.8","24.7","146","73","65","45","81","39","43.2","22.9","36.9","39.8","48.1","37.2","8.2","12.9","18.5","27.8","0.0","36.4","0.0","19.4","0.0","38.8","0.0","29.2","0.0","23.4","0.0","34.3","0.0","42.8","0.0","21.2","0.0","29.6","0.0","44.0","4.5","7.3","7.5","11.5","0.0","30.0","39779","21603","51115","56534","29706","20348","23214","19619","24464","158705","21406","18340","38015","9668","38015","9668","-","-222222222","32039","3632","37411","27755","21528","15633","90341","182512","192841","371046","47500","133437","162719","102419","164188","65067","77308","106032","8.9","(X)","(X)","(X)","(X)","-888888888",
"1400000US06111007607","Census Tract 76.07, Ventura County, California","474","142","238","108","236","135","3.4","5.3","6.7","10.0","0.0","15.5","52.3","22.4","55.5","26.8","49.2","37.8","44.3","20.1","37.8","20.4","50.8","37.8","0.0","8.1","0.0","15.4","0.0","15.5","3908","173","1890","130","2018","144","1.7","1.6","2.9","3.1","0.6","0.9","2.2","1.5","2.0","2.0","2.4","1.8","11.1","3.4","7.7","4.2","14.4","5.1","21.7","4.3","20.8","5.9","22.5","5.3","6.6","2.5","3.9","2.7","9.0","4.0","35.5","3.7","39.8","6.8","31.5","5.9","21.2","4.5","22.9","6.2","19.7","5.9","96.1","2.3","95.1","3.6","97.0","2.1","56.7","4.6","62.7","6.3","51.1","6.7","351","125","139","73","212","82","96.0","5.5","96.4","7.6","95.8","7.1","43.9","21.3","51.1","24.5","39.2","24.8","885","134","386","81","499","83","95.7","4.8","93.0","7.9","97.8","3.4","56.0","13.7","67.9","17.9","46.9","15.0","2251","119","1101","81","1150","104","97.3","2.6","95.7","5.0","98.8","1.8","62.5","6.0","67.9","8.9","57.4","9.0","421","98","264","67","157","73","90.7","7.6","95.1","7.9","83.4","16.5","37.8","15.8","39.4","21.2","35.0","26.3","0.0","22.9","0.0","33.6","0.0","42.5","0.0","8.8","0.0","23.8","0.0","12.9","3.8","3.3","1.9","3.0","5.2","5.3","0.9","1.0","0.0","3.3","1.9","2.2","67575","5141","101763","4932","47799","6463","70750","107333","71875","94186","-","-222222222","46164","3378","69306","31145","45505","12706","41290","7974","50959","20798","27205","10214","77016","12566","113182","22150","56618","2560","94866","10222","103527","29172","77935","11607","0.8","(X)","(X)","(X)","(X)","-888888888",
"1400000US06111007609","Census Tract 76.09, Ventura County, California","167","86","111","69","56","53","9.6","15.3","14.4","23.3","0.0","44.0","23.4","23.4","19.8","27.1","30.4","48.8","67.1","25.6","65.8","31.8","69.6","48.8","0.0","21.1","0.0","29.4","0.0","44.0","1744","137","875","122","869","98","2.6","3.3","1.0","1.8","4.3","5.2","0.0","2.3","0.0","4.5","0.0","4.5","8.7","4.5","5.3","5.5","12.2","7.3","19.0","6.7","16.3","10.4","21.6","8.8","14.6","5.1","16.7","7.8","12.4","7.1","42.4","9.8","43.3","18.2","41.5","11.2","12.7","5.9","17.4","9.6","7.9","5.4","97.4","3.3","99.0","1.8","95.7","5.2","55.1","9.8","60.7","17.5","49.5","11.8","362","129","165","90","197","88","97.2","4.1","100.0","21.3","94.9","7.3","43.6","28.1","43.0","50.9","44.2","27.9","276","89","187","63","89","48","100.0","13.5","100.0","19.1","100.0","34.3","75.4","17.3","63.6","23.4","100.0","34.3","983","86","459","44","524","88","99.1","1.5","100.0","8.3","98.3","2.9","56.2","9.9","64.9","16.1","48.5","13.6","123","31","64","28","59","32","78.0","27.3","85.9","24.3","69.5","44.2","35.0","24.9","67.2","36.5","0.0","42.8","0.0","48.5","0.0","100.0","0.0","54.1","0.0","22.9","0.0","48.5","0.0","30.4","0.0","6.6","0.0","12.9","0.0","12.6","0.0","4.1","0.0","7.3","0.0","8.9","70703","15558","101647","7860","34900","14521","-","**","-","**","-","-222222222","34031","16210","74250","46626","32857","3229","41522","10746","66136","16765","30682","12170","86364","26432","109269","15748","60885","30454","104167","6093","107972","2247","76354","19306","3.0","(X)","(X)","(X)","(X)","-888888888",
"1400000US06111007610","Census Tract 76.10, Ventura County, California","523","111","283","112","240","104","5.2","7.8","0.0","13.2","11.3","16.5","28.1","16.7","32.5","26.7","22.9","18.8","56.4","18.5","64.3","26.9","47.1","21.6","10.3","11.1","3.2","5.7","18.8","21.9","3228","168","1560","111","1668","116","2.3","2.4","3.0","3.0","1.6","2.3","2.7","2.2","3.5","3.2","1.9","2.3","18.5","5.2","13.1","6.8","23.6","8.3","25.3","5.8","26.8","7.9","23.9","7.6","10.8","3.8","9.5","5.3","12.1","6.4","26.9","6.7","25.3","8.2","28.5","8.2","13.4","4.3","18.8","7.8","8.5","4.3","95.0","3.3","93.5","4.4","96.5","3.1","40.4","7.6","44.0","9.3","36.9","9.1","399","133","197","85","202","87","100.0","9.5","100.0","18.3","100.0","17.9","53.9","20.0","53.8","24.0","54.0","29.2","880","151","398","76","482","119","93.4","8.2","94.0","11.7","92.9","7.9","44.9","14.3","39.4","19.7","49.4","18.2","1590","137","822","91","768","98","96.2","3.4","92.6","6.4","100.0","5.1","43.1","10.2","50.7","13.3","35.0","12.8","359","54","143","60","216","59","88.3","11.7","88.1","18.1","88.4","14.2","1.9","3.9","4.9","10.0","0.0","16.8","0.0","21.8","0.0","31.3","0.0","42.8","0.0","6.5","0.0","17.6","0.0","9.7","1.5","2.4","0.0","6.8","2.8","4.6","0.0","3.0","0.0","5.7","0.0","6.3","58571","11339","73843","11034","47730","11262","48636","20464","49034","15029","-","-222222222","53289","58252","81667","38938","20694","18793","51625","8250","55809","30364","48487","14184","56480","9122","75583","15378","44826","14100","87039","25776","111161","43977","78333","13146","3.1","(X)","(X)","(X)","(X)","-888888888",
"1400000US06111007611","Census Tract 76.11, Ventura County, California","462","182","313","160","149","74","38.1","21.7","49.2","32.4","14.8","18.0","40.3","29.6","43.5","33.7","33.6","37.7","19.5","11.5","7.3","9.8","45.0","35.9","2.2","3.3","0.0","12.0","6.7","9.6","2429","206","1174","173","1255","122","26.8","7.6","28.4","9.9","25.2","10.0","20.1","12.7","18.1","13.5","22.0","14.3","14.7","6.4","14.1","10.7","15.4","7.4","25.0","10.0","22.2","8.5","27.6","15.4","3.1","2.3","2.2","2.8","4.0","3.2","9.8","6.2","14.0","10.6","5.8","6.4","0.5","0.8","0.9","1.7","0.0","3.1","53.1","12.2","53.4","11.3","52.8","17.7","10.2","6.1","14.9","10.2","5.8","6.4","833","212","373","152","460","141","56.2","26.2","67.3","21.1","47.2","33.9","20.0","15.2","40.8","29.9","3.3","5.2","682","190","373","108","309","135","43.8","18.8","27.9","18.8","63.1","23.7","2.6","3.3","3.2","5.1","1.9","4.1","733","200","361","127","372","114","56.1","16.6","64.0","23.7","48.4","31.7","7.1","9.9","0.0","10.5","14.0","17.9","181","97","67","54","114","67","61.9","29.6","61.2","36.0","62.3","30.0","6.1","10.9","16.4","27.6","0.0","28.8","19.8","12.0","17.6","12.4","21.8","13.3","1.7","3.0","0.0","21.3","3.1","5.6","13.3","13.1","13.9","22.8","12.8","12.4","0.0","14.9","0.0","20.3","0.0","38.5","22930","9514","28464","6343","18092","1660","18680","2579","23750","8600","15875","1542","24398","5204","24514","4879","19844","19737","31484","24910","43107","33385","21563","29572","37526","20948","32470","15521","87607","107502","2,500-","***","2,500-","***","-","-222222222","4.2","(X)","(X)","(X)","(X)","-888888888",
"1400000US06111007612","Census Tract 76.12, Ventura County, California","657","185","302","133","355","150","15.4","10.7","24.5","19.9","7.6","9.5","21.9","12.5","14.9","14.9","27.9","20.4","55.6","15.6","47.4","26.2","62.5","21.2","7.2","7.0","13.2","14.5","2.0","3.6","2637","278","1189","137","1448","207","8.6","4.1","12.5","7.8","5.4","2.9","8.1","3.6","6.4","4.9","9.5","5.9","30.9","7.7","24.6","9.3","36.1","9.6","19.5","5.1","17.9","7.4","20.9","7.1","9.4","4.1","6.4","5.5","11.8","5.9","14.6","5.2","23.0","8.4","7.6","5.7","8.9","4.0","9.1","5.5","8.8","5.6","83.3","6.2","81.1","8.4","85.2","6.4","23.5","6.6","32.1","7.3","16.4","9.1","649","209","270","110","379","161","99.2","2.2","98.9","3.1","99.5","1.7","21.0","16.6","22.6","19.3","19.8","24.4","574","153","242","101","332","97","78.4","9.8","70.7","21.2","84.0","14.3","27.2","12.4","38.8","18.1","18.7","13.8","1067","244","543","138","524","136","81.3","14.4","82.0","14.8","80.7","16.2","28.9","11.1","38.3","13.3","19.1","13.8","347","46","134","30","213","50","67.7","21.7","60.4","26.9","72.3","20.7","5.5","7.0","14.2","18.5","0.0","17.0","2.3","2.9","1.8","4.1","2.8","4.2","1.1","1.7","0.0","12.7","1.7","2.6","2.5","2.9","3.5","6.0","1.9","2.9","0.0","6.3","0.0","9.9","0.0","15.5","42441","3892","54957","14844","35278","11035","35536","17228","35179","22989","37857","25731","28892","7196","47852","23619","22297","11355","46223","9922","74120","23697","41304","19603","70694","32973","81375","40897","45066","40603","101544","25595","90250","28770","108125","66405","0.9","(X)","(X)","(X)","(X)","-888888888",
"1400000US06111007613","Census Tract 76.13, Ventura County, California","189","103","69","68","120","71","3.2","6.4","0.0","39.6","5.0","10.4","27.5","20.8","33.3","44.3","24.2","25.7","59.8","24.6","66.7","44.3","55.8","27.1","9.5","16.7","0.0","39.6","15.0","24.5","2275","152","1100","106","1175","110","2.5","2.0","2.4","3.2","2.6","3.3","6.5","4.1","12.4","7.8","0.9","1.7","12.0","5.4","8.9","6.9","15.0","6.8","27.5","7.6","19.5","8.7","35.0","7.6","7.9","4.8","9.6","7.0","6.3","5.4","27.8","5.8","27.2","7.9","28.3","7.2","15.8","5.7","20.0","6.9","11.8","6.7","91.0","5.2","85.3","8.0","96.4","3.7","43.6","7.2","47.2","9.1","40.2","7.3","296","106","131","71","165","83","100.0","12.6","100.0","25.8","100.0","21.3","75.7","15.0","92.4","12.6","62.4","22.6","741","78","371","65","370","61","87.7","8.0","75.5","16.6","100.0","10.2","38.1","12.3","32.6","11.4","43.5","16.8","958","108","515","97","443","82","94.2","5.8","90.3","10.4","98.6","3.2","46.1","12.7","45.4","16.1","47.0","14.4","280","68","83","34","197","55","79.6","17.9","74.7","35.6","81.7","21.7","15.4","13.2","51.8","35.8","0.0","18.3","2.9","8.2","0.0","21.7","14.3","42.7","0.0","13.6","0.0","32.2","0.0","20.2","0.0","4.8","0.0","11.7","0.0","7.9","0.0","4.0","0.0","7.4","0.0","8.1","67253","5329","90233","18557","46906","7774","35750","67747","36250","71150","-","-222222222","36016","41320","78017","94580","35078","15041","45451","10024","65052","54356","45430","19432","101932","20534","122143","10680","70789","14364","96932","8436","103429","7687","90650","16447","2.1","(X)","(X)","(X)","(X)","-888888888",
"1400000US06111007614","Census Tract 76.14, Ventura County, California","974","270","617","214","357","146","16.0","11.1","16.2","12.2","15.7","13.6","29.0","15.4","38.1","19.8","13.2","13.2","50.7","16.0","42.9","18.5","64.1","20.6","4.3","4.0","2.8","4.2","7.0","9.0","4457","362","2295","343","2162","244","4.6","3.3","3.9","3.3","5.4","4.2","7.8","6.0","7.2","5.2","8.3","8.0","24.5","7.1","27.7","11.2","21.0","6.5","22.1","3.9","21.0","4.6","23.1","6.5","8.7","2.7","7.1","3.9","10.4","4.2","20.4","5.2","19.2","6.3","21.6","6.4","12.0","3.1","13.8","4.8","10.1","3.6","87.6","5.9","88.8","5.5","86.3","7.1","32.4","6.2","32.9","8.2","31.8","6.8","1064","351","543","383","521","220","79.4","18.8","93.0","9.1","65.3","24.3","27.0","12.9","20.4","18.2","33.8","19.3","971","247","513","166","458","140","85.2","9.5","81.5","15.6","89.3","9.9","44.7","16.0","37.4","18.9","52.8","16.7","2031","249","1083","160","948","142","93.1","4.5","88.6","7.2","98.2","3.0","32.3","7.6","35.6","9.2","28.4","10.5","391","146","156","75","235","97","87.5","13.9","100.0","22.4","79.1","22.1","17.1","10.9","42.9","24.8","0.0","15.6","30.3","24.8","8.2","13.0","49.3","42.3","2.0","3.1","0.0","6.1","4.8","7.5","1.7","1.9","2.3","3.6","1.2","2.1","0.8","1.3","1.5","2.5","0.0","5.7","41955","3576","51559","17932","32227","7569","19321","4048","22143","22884","6759","9940","41331","5798","41412","15718","40761","23184","40139","6415","48942","21065","36227","1525","50804","11349","78992","18537","26250","17893","102727","16034","113470","9616","50583","50010","3.7","(X)","(X)","(X)","(X)","-888888888",
"1400000US06111007700","Census Tract 77, Ventura County, California","568","144","279","121","289","108","13.2","8.5","22.2","18.5","4.5","7.3","44.5","12.5","39.1","18.4","49.8","19.8","40.0","13.7","38.7","19.9","41.2","19.5","2.3","3.7","0.0","13.3","4.5","7.4","3712","324","1741","213","1971","189","7.1","3.4","5.1","3.0","8.9","5.8","8.4","3.0","8.6","4.5","8.2","3.9","31.4","7.4","32.5","8.0","30.3","10.3","21.2","5.4","18.7","5.5","23.4","7.0","7.2","2.5","5.5","3.0","8.7","3.9","18.6","4.1","21.7","6.8","15.8","4.7","6.2","3.7","8.0","4.8","4.6","3.5","84.5","4.5","86.3","5.2","82.9","7.1","24.8","5.5","29.6","8.4","20.4","5.4","901","314","453","171","448","172","82.8","12.8","82.3","17.3","83.3","17.4","22.6","10.5","26.9","14.6","18.3","9.8","787","171","387","104","400","105","83.9","9.5","80.4","13.1","87.3","10.8","31.3","16.5","40.1","22.0","22.8","15.3","1424","196","667","148","757","103","90.0","5.0","93.4","5.5","86.9","8.2","29.8","9.0","30.9","13.3","28.9","10.6","600","74","234","52","366","65","75.0","11.3","83.8","15.2","69.4","14.8","7.3","5.5","14.1","12.0","3.0","4.6","10.1","12.8","12.6","17.6","8.3","10.7","5.8","6.4","6.7","12.6","5.0","6.1","4.4","3.7","8.8","8.2","1.4","2.5","2.2","2.3","1.7","2.8","2.7","4.1","45652","8718","54250","9489","37294","9370","13750","17881","27908","14973","10040","10071","40853","16090","32483","42871","40873","10721","38917","10867","48272","7072","35699","4404","65778","13862","71563","20841","53274","21172","85833","13172","86536","15530","85169","44716","6.0","(X)","(X)","(X)","(X)","-888888888",
"1400000US06111007800","Census Tract 78, Ventura County, California","486","141","208","125","278","86","18.9","18.6","25.5","33.1","14.0","22.4","47.5","19.6","45.2","32.9","49.3","30.5","28.6","14.4","29.3","25.9","28.1","21.3","4.9","5.9","0.0","17.4","8.6","9.5","2468","298","1266","255","1202","129","12.4","6.3","10.7","7.3","14.1","7.1","7.6","4.2","3.2","5.0","12.2","6.6","29.7","10.2","33.0","13.7","26.3","9.8","25.8","6.3","28.4","8.4","23.0","7.1","5.8","3.4","7.1","4.9","4.4","4.4","15.3","5.8","14.6","6.4","16.0","7.5","3.4","1.9","2.9","2.6","3.9","2.6","80.0","6.6","86.0","9.1","73.6","8.2","18.7","6.3","17.5","7.1","19.9","7.8","674","187","373","156","301","102","76.4","12.4","82.8","17.3","68.4","21.5","24.8","12.4","27.9","18.5","20.9","15.1","716","181","360","106","356","101","76.7","13.8","88.3","12.6","64.9","19.1","16.6","9.3","14.7","11.4","18.5","13.6","715","132","403","89","312","75","91.7","6.2","92.6","8.7","90.7","9.2","17.8","10.5","13.6","10.8","23.1","16.2","363","39","130","78","233","71","70.0","15.1","68.5","37.7","70.8","14.8","13.2","16.0","7.7","14.7","16.3","19.1","35.0","19.6","30.5","31.0","37.5","22.4","1.9","2.6","0.0","9.1","4.4","5.7","2.3","2.6","2.0","3.3","2.7","4.0","3.9","5.9","8.1","12.5","0.0","15.4","27959","7504","35208","16722","25125","8347","12670","6297","14375","3659","8897","6849","26301","10331","19364","13059","35216","18615","40875","20914","55375","18786","31295","7480","51786","35151","54861","52073","22083","59686","79688","58422","150469","105719","65625","53527","0.0","(X)","(X)","(X)","(X)","-888888888",
"1400000US06111007901","Census Tract 79.01, Ventura County, California","787","253","523","252","264","90","24.1","13.9","22.0","15.9","28.4","20.2","20.5","12.5","13.0","10.2","35.2","22.0","46.5","15.8","57.2","16.9","25.4","18.5","8.9","7.5","7.8","8.1","11.0","13.2","3303","202","1519","183","1784","174","8.5","3.9","7.7","4.6","9.2","4.6","7.6","3.0","8.4","4.6","6.9","3.1","24.2","5.1","18.2","5.5","29.4","8.0","29.0","5.0","32.1","7.6","26.3","6.7","10.3","4.3","12.2","6.1","8.7","4.2","15.7","4.2","16.2","5.8","15.4","5.7","4.6","2.8","5.3","4.6","4.1","2.7","83.9","4.3","83.9","5.7","83.9","5.5","20.4","4.9","21.5","6.4","19.5","6.6","868","212","421","115","447","130","91.7","6.1","87.9","12.1","95.3","5.5","17.9","9.0","14.3","12.4","21.3","10.6","779","192","395","151","384","96","92.3","5.4","91.6","8.0","93.0","8.1","17.2","9.5","20.8","13.2","13.5","9.9","1277","179","574","131","703","112","80.1","8.2","80.7","10.1","79.7","8.9","25.1","8.5","26.7","13.5","23.8","11.6","379","107","129","36","250","99","61.5","16.4","61.2","24.4","61.6","19.2","16.9","9.5","24.0","18.6","13.2","12.1","3.2","3.4","3.3","5.5","3.1","4.4","7.5","5.1","0.0","13.5","11.5","7.6","0.7","1.5","0.0","5.8","1.4","3.0","0.0","5.8","0.0","11.5","0.0","10.9","39583","3064","49583","7008","33155","2892","28409","6245","30481","5803","19554","16652","33889","9624","47695","25755","32019","5431","42306","10265","52260","14468","33750","4828","70417","21067","75000","16639","56375","39615","56750","34294","67917","75627","55750","23175","4.1","(X)","(X)","(X)","(X)","-888888888",
"1400000US06111007903","Census Tract 79.03, Ventura County, California","347","171","146","83","201","127","16.1","14.4","0.0","23.6","27.9","23.3","35.7","15.2","21.9","23.8","45.8","17.7","37.8","16.5","70.5","27.9","13.9","18.4","10.4","11.4","7.5","13.9","12.4","15.9","2974","244","1478","187","1496","115","2.4","1.6","4.1","3.1","0.7","1.1","1.7","1.6","0.7","1.1","2.7","2.7","23.4","4.4","20.3","6.3","26.5","7.0","23.8","3.6","22.9","5.3","24.6","5.3","10.8","3.5","12.5","5.0","9.0","4.5","27.5","5.3","29.3","7.0","25.8","7.0","10.4","3.4","10.1","5.1","10.7","4.3","95.9","2.2","95.2","3.3","96.7","3.3","38.0","5.3","39.4","8.0","36.5","8.1","615","242","353","164","262","106","100.0","6.3","100.0","10.7","100.0","14.1","32.8","14.5","19.0","14.7","51.5","21.2","747","124","340","85","407","70","97.9","3.4","95.3","7.5","100.0","9.4","54.9","10.8","53.5","14.0","56.0","14.5","1230","178","637","118","593","81","95.5","3.8","91.4","7.3","100.0","6.5","35.9","8.4","48.0","11.6","22.9","9.4","382","93","148","49","234","79","86.9","11.4","100.0","23.4","78.6","17.6","19.6","12.5","18.9","17.8","20.1","18.3","8.3","12.6","0.0","39.0","20.0","26.1","7.5","8.6","0.0","12.5","13.1","13.8","4.5","4.1","8.8","8.1","0.0","7.6","2.7","2.7","0.0","6.6","5.5","5.6","52958","6016","56063","11088","41911","8859","51283","1202","51283","1202","-","-222222222","38478","9158","38261","34931","40588","11541","48281","16587","54549","7769","40839","8428","76250","17431","85591","13725","71250","67465","79583","34450","93226","45830","54250","51643","2.2","(X)","(X)","(X)","(X)","-888888888",
"1400000US06111007904","Census Tract 79.04, Ventura County, California","540","148","282","94","258","132","10.7","8.0","20.6","15.2","0.0","14.3","36.5","14.4","31.6","14.7","41.9","27.1","47.8","12.4","42.9","15.2","53.1","26.2","5.0","5.9","5.0","7.8","5.0","9.0","3973","295","1987","275","1986","200","3.5","1.7","3.8","3.0","3.3","2.7","7.1","2.9","4.4","2.9","9.8","4.4","23.9","4.3","23.0","6.1","24.8","5.7","30.7","5.7","34.5","7.6","26.9","8.0","10.2","2.8","12.1","4.3","8.2","3.2","18.4","4.1","19.4","6.2","17.3","4.7","6.2","2.3","2.7","2.0","9.7","4.1","89.4","3.8","91.8","4.3","87.0","4.5","24.6","4.7","22.1","6.3","27.0","5.7","902","269","542","253","360","135","84.1","12.1","83.8","12.5","84.7","15.4","14.7","9.6","12.9","10.5","17.5","17.0","863","182","419","106","444","100","82.2","9.5","89.0","9.6","75.7","14.8","26.2","10.9","25.3","13.3","27.0","13.3","1641","148","768","81","873","115","97.7","1.9","98.7","2.0","96.8","3.7","30.3","7.0","27.0","10.6","33.3","9.2","567","84","258","75","309","53","84.8","9.0","93.0","7.7","78.0","13.5","21.0","11.4","22.1","15.9","20.1","11.9","18.8","13.8","9.9","13.2","24.3","18.2","0.9","1.5","2.0","3.2","0.0","7.8","1.8","1.8","1.9","3.0","1.7","2.8","3.7","4.4","2.5","4.2","4.7","5.2","43466","3582","46776","7265","38587","12662","28516","21178","40772","21812","26944","20150","39476","7790","43864","6177","30054","21901","44594","6656","60703","15496","30571","11545","47375","10624","59375","46468","46929","3069","52321","43963","21736","77526","53462","50575","4.7","(X)","(X)","(X)","(X)","-888888888",
"1400000US06111008001","Census Tract 80.01, Ventura County, California","229","91","85","53","144","75","25.3","17.6","18.8","19.5","29.2","23.1","45.9","18.0","42.4","33.0","47.9","22.5","25.3","15.2","38.8","30.9","17.4","16.4","3.5","4.8","0.0","35.4","5.6","7.7","2118","191","1029","145","1089","96","3.8","3.2","5.4","4.6","2.3","2.8","9.0","5.1","9.8","6.1","8.2","5.5","33.1","9.0","28.9","12.6","37.1","9.7","25.2","6.8","26.3","9.8","24.1","9.1","7.9","3.4","5.0","4.7","10.7","5.5","12.7","4.5","12.2","6.2","13.0","6.1","8.4","4.6","12.3","6.8","4.7","3.8","87.2","5.7","84.7","7.3","89.5","6.5","21.1","7.0","24.6","8.8","17.7","7.3","359","105","178","78","181","61","89.7","9.4","94.4","8.6","85.1","17.7","23.7","13.5","14.0","13.2","33.1","20.5","599","116","262","71","337","68","90.3","7.0","85.9","13.4","93.8","7.7","18.5","9.9","26.7","14.6","12.2","10.5","841","100","455","92","386","69","85.4","10.2","83.7","11.1","87.3","13.5","21.2","11.0","23.1","12.2","18.9","12.5","319","51","134","37","185","57","83.4","13.0","73.1","26.7","90.8","14.3","22.6","16.8","39.6","26.7","10.3","15.3","3.0","5.4","0.0","22.2","7.0","12.4","18.8","10.5","16.5","11.4","20.5","12.9","5.4","4.3","0.0","11.7","10.1","7.7","0.0","8.6","0.0","14.6","0.0","18.6","50000","5527","59034","15165","34097","11749","19306","9457","33348","13480","15406","3513","32140","25671","50600","36998","30491","11924","61429","15276","69125","7139","38516","20645","48640","5616","48382","12322","55875","26618","120197","28170","120673","31594","92361","81036","1.3","(X)","(X)","(X)","(X)","-888888888",
"1400000US06111008002","Census Tract 80.02, Ventura County, California","520","164","281","107","239","105","21.5","14.5","10.7","9.2","34.3","26.7","51.7","15.8","71.5","14.8","28.5","22.9","26.7","12.3","17.8","14.1","37.2","24.8","0.0","7.4","0.0","13.2","0.0","15.4","2931","170","1542","150","1389","120","6.1","4.2","8.2","6.3","3.9","4.7","5.6","3.2","5.5","4.9","5.6","3.7","23.3","4.8","17.8","5.7","29.4","6.5","36.3","7.7","38.0","9.3","34.4","9.4","8.0","3.8","6.8","4.2","9.4","4.8","15.7","4.8","15.8","6.6","15.7","6.1","4.9","2.8","8.0","4.6","1.6","1.8","88.3","5.6","86.3","7.3","90.5","5.6","20.7","5.7","23.7","7.6","17.3","6.4","756","215","475","156","281","111","76.2","13.1","65.1","18.5","95.0","7.3","13.8","7.0","7.2","7.2","24.9","14.7","771","148","393","109","378","102","93.8","7.4","96.9","5.0","90.5","14.0","14.8","7.4","23.9","14.4","5.3","5.8","1064","159","535","113","529","80","90.2","7.4","93.8","6.9","86.6","10.2","32.1","10.5","35.9","12.9","28.4","11.5","340","90","139","51","201","58","96.8","5.4","100.0","24.6","94.5","9.0","13.5","12.5","33.1","27.9","0.0","17.9","38.5","21.0","37.0","29.4","40.9","36.8","5.3","5.3","13.1","12.8","0.0","9.3","9.3","6.6","7.2","7.0","11.7","10.1","0.0","6.4","0.0","10.3","0.0","15.3","40795","5537","48036","7890","35887","2131","20096","13225","21378","12445","2,500-","-333333333","35471","3281","41058","13834","33266","5408","42428","7658","48571","20216","36199","9729","51375","4355","53350","21821","46607","10754","97727","40997","115278","45744","22115","38336","6.0","(X)","(X)","(X)","(X)","-888888888",
"1400000US06111008004","Census Tract 80.04, Ventura County, California","677","253","357","165","320","129","19.8","8.4","21.8","16.0","17.5","15.9","44.8","14.5","44.3","16.7","45.3","19.9","29.0","14.6","25.2","17.1","33.1","18.3","6.5","6.2","8.7","11.2","4.1","6.3","3139","234","1518","121","1621","162","13.3","5.2","12.3","6.8","14.2","4.5","8.2","2.6","9.4","4.6","7.0","3.9","28.8","6.3","28.4","9.2","29.2","7.4","18.4","4.5","18.4","5.3","18.4","5.9","8.1","3.0","10.1","4.5","6.2","3.5","17.4","6.2","14.6","6.9","20.1","6.6","5.8","2.5","6.9","3.3","4.8","2.8","78.6","5.6","78.3","8.0","78.8","5.8","23.3","6.3","21.5","6.7","24.9","7.0","572","188","307","113","265","107","85.1","8.5","81.4","15.3","89.4","7.8","31.5","17.9","27.4","16.8","36.2","22.8","791","127","354","73","437","119","70.3","11.7","59.6","15.1","78.9","12.7","17.6","7.1","5.4","5.4","27.5","11.6","1225","129","662","72","563","74","81.4","9.2","84.0","10.2","78.3","11.3","25.7","10.3","25.4","10.2","26.1","13.0","551","136","195","57","356","116","77.3","10.8","88.2","12.7","71.3","16.2","17.4","9.5","28.2","15.7","11.5","9.6","4.8","4.9","7.3","11.3","2.3","3.7","2.2","1.9","2.1","3.4","2.3","3.5","3.4","5.2","0.0","8.8","7.0","10.4","8.1","6.8","16.0","14.4","1.7","3.6","36817","7547","40807","9487","34286","7391","25087","7519","26128","6171","20238","7205","34048","8099","36012","11522","32305","10292","44464","8026","51000","3060","32470","8942","51971","12799","81477","48431","42917","20595","52717","29913","4375","91500","54239","16984","2.2","(X)","(X)","(X)","(X)","-888888888",
"1400000US06111008005","Census Tract 80.05, Ventura County, California","349","102","223","132","126","76","19.2","14.3","26.9","22.8","5.6","10.9","48.4","24.6","59.6","33.1","28.6","28.1","32.4","19.0","13.5","16.1","65.9","29.3","0.0","10.8","0.0","16.4","0.0","26.7","1736","166","955","179","781","109","6.6","5.0","5.2","5.6","8.2","7.3","15.1","8.7","19.2","12.4","10.2","5.6","26.6","8.8","28.1","11.3","24.8","10.0","29.1","5.5","34.3","7.3","22.8","9.8","9.9","6.1","3.0","3.5","18.2","11.7","8.9","4.3","7.1","6.4","11.0","6.3","3.8","3.0","3.0","3.1","4.7","5.2","78.3","9.5","75.6","12.4","81.6","10.5","12.7","4.8","10.2","7.3","15.7","8.1","274","91","136","84","138","53","70.1","25.2","60.3","30.3","79.7","22.0","7.7","11.8","0.0","25.1","15.2","23.1","586","106","355","109","231","71","74.6","13.1","67.6","18.6","85.3","14.4","11.4","7.9","2.3","4.3","25.5","16.5","659","92","372","80","287","56","85.1","9.8","89.2","11.3","79.8","15.6","15.9","9.6","18.3","14.6","12.9","11.5","217","62","92","41","125","41","77.9","14.2","73.9","27.7","80.8","18.7","12.4","9.4","22.8","19.4","4.8","7.7","0.0","10.1","0.0","15.7","0.0","23.9","2.4","3.7","1.1","4.8","4.1","6.7","7.5","6.5","12.0","10.1","2.5","6.1","6.4","9.8","0.0","32.4","11.4","17.1","33430","5466","33419","7405","33472","8257","28100","12894","22313","16411","31369","11418","31250","11963","29115","29317","32174","7825","37407","13819","37969","17613","34306","33508","31414","14852","32007","47191","21667","53237","85167","17338","-","**","76850","42362","5.1","(X)","(X)","(X)","(X)","-888888888",
"1400000US06111008101","Census Tract 81.01, Ventura County, California","210","91","113","59","97","58","5.2","7.6","9.7","14.2","0.0","32.4","32.9","18.5","24.8","23.8","42.3","21.6","50.0","18.1","54.0","25.4","45.4","22.8","11.9","12.9","11.5","17.0","12.4","18.8","2199","137","1052","85","1147","127","2.1","1.9","0.0","3.7","4.1","3.6","8.2","3.4","6.2","4.9","10.0","4.9","26.0","6.4","22.9","7.3","28.8","7.9","37.4","6.4","42.2","8.9","33.0","7.8","7.1","3.6","5.0","3.4","9.1","5.9","13.1","4.8","14.8","7.3","11.5","5.7","6.1","2.7","8.8","4.8","3.6","2.9","89.7","4.0","93.8","4.9","85.9","5.9","19.2","5.4","23.7","8.4","15.1","6.6","402","145","219","90","183","84","90.8","11.2","86.8","19.8","95.6","7.7","11.2","9.9","0.0","16.6","24.6","20.7","665","123","302","65","363","79","88.7","7.4","91.4","9.6","86.5","11.2","23.8","12.1","31.8","20.5","17.1","13.4","801","132","387","71","414","84","92.0","5.8","97.4","4.2","87.0","8.9","23.0","8.0","30.5","13.0","15.9","8.5","331","45","144","34","187","50","84.6","12.9","100.0","23.9","72.7","20.5","10.6","8.9","24.3","20.2","0.0","19.1","0.0","16.1","0.0","40.8","0.0","21.7","2.1","3.7","0.0","15.2","3.6","6.2","0.0","4.0","0.0","7.7","0.0","8.0","0.0","9.0","0.0","14.8","0.0","20.5","44379","3375","59750","11725","37702","6964","37885","48829","69327","46628","12019","7643","41474","10065","37222","17317","42244","5523","47905","7502","53917","16955","36302","15659","63045","23554","87740","26269","38448","6990","55682","70858","103977","65034","37083","38846","1.7","(X)","(X)","(X)","(X)","-888888888",
"1400000US06111008201","Census Tract 82.01, Ventura County, California","343","107","181","67","162","76","14.9","15.0","12.2","18.1","17.9","23.0","58.9","16.1","87.8","18.1","26.5","21.1","26.2","14.4","0.0","19.7","55.6","23.9","0.0","11.0","0.0","19.7","0.0","21.7","2588","268","1333","146","1255","166","5.9","5.0","6.6","5.1","5.2","5.6","3.9","2.2","1.8","2.2","6.1","4.2","29.3","6.2","31.8","8.0","26.6","9.5","25.2","5.6","24.1","7.2","26.3","9.2","10.0","5.0","10.4","7.5","9.6","4.3","19.2","5.7","19.3","8.3","19.1","6.4","6.6","2.7","6.1","3.1","7.1","3.7","90.2","5.3","91.6","5.7","88.7","6.3","25.8","5.9","25.4","7.6","26.2","6.8","505","265","232","151","273","137","77.6","19.5","77.2","23.6","78.0","17.5","21.8","13.1","21.1","18.2","22.3","13.5","615","154","345","104","270","85","94.8","6.4","96.5","5.4","92.6","10.0","51.7","10.9","53.9","14.4","48.9","16.7","1038","109","566","70","472","66","95.7","3.1","93.8","6.4","97.9","3.1","15.9","8.5","15.2","9.3","16.7","10.0","430","73","190","57","240","66","85.1","10.9","93.7","9.8","78.3","17.4","17.2","11.2","8.9","11.7","23.8","13.8","15.4","16.9","8.9","14.2","20.4","24.0","3.6","4.1","3.1","3.9","4.2","5.5","10.5","8.9","7.2","9.1","13.8","10.1","1.0","1.7","0.0","11.1","2.1","3.5","42276","10403","44545","11784","39453","14663","16659","4765","15761","5342","18406","3752","36725","6411","40594","6166","27267","10466","47059","10849","51944","18414","42826","13495","56250","15898","53958","25392","63681","23569","87969","69200","155919","32469","62885","68614","4.6","(X)","(X)","(X)","(X)","-888888888",
"1400000US06111008202","Census Tract 82.02, Ventura County, California","374","155","183","114","191","103","7.2","7.7","8.7","13.1","5.8","10.6","34.0","17.6","25.7","18.8","41.9","22.4","44.7","17.8","48.6","24.0","40.8","19.0","14.2","12.1","16.9","16.8","11.5","14.6","2763","167","1378","132","1385","132","1.8","1.2","2.3","2.0","1.3","1.5","3.9","2.6","4.9","3.4","3.0","2.6","29.4","5.9","26.2","8.8","32.5","8.0","28.8","6.6","26.8","8.8","30.8","8.6","5.1","2.4","4.9","3.3","5.2","3.1","23.6","6.5","28.7","10.0","18.6","5.9","7.4","3.1","6.1","4.5","8.7","4.6","94.2","2.9","92.7","3.8","95.7","2.9","31.0","7.9","34.8","11.0","27.2","7.5","723","157","335","121","388","116","97.0","3.3","93.4","7.3","100.0","9.8","42.9","17.8","52.8","23.4","34.3","18.6","680","116","367","77","313","82","96.5","3.0","97.3","4.7","95.5","5.8","31.3","13.6","30.5","17.7","32.3","15.6","1065","134","521","94","544","75","91.2","6.2","88.9","7.7","93.4","6.1","27.0","10.1","34.9","13.9","19.5","11.7","295","77","155","54","140","49","93.6","7.5","93.5","10.7","93.6","10.7","15.6","12.6","5.8","10.1","26.4","21.0","4.4","7.0","7.0","10.8","0.0","42.8","9.7","7.4","0.0","10.5","17.6","13.0","11.1","6.9","19.7","13.0","3.6","5.2","2.5","3.9","2.1","3.5","2.9","4.6","42260","3341","46510","7859","40276","10500","47898","31174","50521","49445","47614","25374","42694","10181","51286","25353","30525","9181","41974","4328","48050","13257","41500","6170","39688","7556","39495","4560","51667","51909","54375","24046","97308","17562","45694","11862","3.3","(X)","(X)","(X)","(X)","-888888888",
"1400000US06111008302","Census Tract 83.02, Ventura County, California","421","167","308","165","113","60","33.3","14.1","36.4","16.1","24.8","27.0","41.6","17.2","47.7","18.6","24.8","26.8","22.3","15.4","15.9","14.9","39.8","25.9","2.9","4.7","0.0","12.2","10.6","14.4","3769","186","1802","176","1967","128","6.5","2.8","6.2","3.5","6.8","3.1","7.3","3.3","7.2","4.0","7.5","4.5","25.6","4.2","24.1","5.9","27.0","6.3","24.7","4.6","27.2","7.1","22.4","5.8","8.7","3.3","9.4","5.0","8.0","3.7","22.1","3.9","18.6","6.0","25.2","5.5","5.1","2.3","7.3","4.3","3.1","2.6","86.2","4.6","86.7","5.5","85.7","5.0","27.2","4.2","25.9","8.0","28.3","5.3","557","153","269","90","288","99","84.7","9.7","88.1","12.5","81.6","13.7","30.5","13.7","29.0","18.4","31.9","17.8","991","179","516","112","475","111","79.4","10.6","77.9","12.1","81.1","13.4","26.6","8.2","21.5","11.7","32.2","10.1","1424","180","665","116","759","92","92.3","5.2","89.5","7.3","94.9","5.0","35.3","7.8","29.9","11.6","39.9","12.4","797","84","352","69","445","75","84.6","9.0","93.2","7.4","77.8","12.4","11.0","5.6","22.4","12.4","2.0","3.1","1.5","2.6","0.0","15.3","2.8","4.8","10.5","6.6","2.1","3.7","17.3","10.9","3.2","3.8","6.1","7.1","0.0","6.5","1.8","1.4","0.0","8.2","3.2","2.6","45000","6210","49688","7383","39742","3173","26786","9998","34444","11778","14521","8705","42843","4302","43846","5137","40625","18984","42080","8366","52644","12840","37526","10887","62250","7477","72917","21889","49205","12274","66250","43296","51200","32310","95938","57748","2.0","(X)","(X)","(X)","(X)","-888888888",
"1400000US06111008303","Census Tract 83.03, Ventura County, California","489","215","196","98","293","206","12.1","17.0","30.1","32.8","0.0","12.7","31.9","12.0","20.9","22.6","39.2","17.5","53.2","16.6","49.0","32.9","56.0","16.8","2.9","4.9","0.0","18.4","4.8","9.0","2664","300","1197","205","1467","168","4.3","4.6","2.8","4.5","5.5","4.7","9.4","5.5","11.7","7.4","7.5","5.1","26.9","6.3","26.3","6.9","27.4","9.2","20.5","5.6","20.8","7.6","20.2","7.2","10.1","4.8","8.9","5.2","11.2","6.7","19.2","6.6","25.9","9.4","13.7","7.1","9.6","3.9","3.6","3.3","14.5","5.8","86.3","7.2","85.5","8.0","87.0","7.8","28.8","9.0","29.5","9.8","28.2","10.7","639","193","315","130","324","112","87.3","10.2","100.0","11.9","75.0","20.4","24.3","15.1","25.1","18.7","23.5","17.2","604","163","269","101","335","100","86.1","11.3","68.8","21.8","100.0","11.2","27.3","13.9","13.4","12.7","38.5","22.3","1009","147","473","96","536","96","89.4","9.8","86.5","13.4","92.0","8.0","35.9","14.2","39.7","15.4","32.5","16.0","412","103","140","65","272","94","77.4","16.7","81.4","21.8","75.4","22.1","20.6","12.1","35.7","24.3","12.9","12.6","15.9","17.9","27.6","31.9","5.2","11.4","19.4","12.3","15.9","15.2","22.1","18.9","7.5","7.5","0.0","10.6","13.3","12.4","4.3","4.3","0.0","10.7","8.0","7.4","37191","7226","39890","8484","35509","6796","15034","11702","15642","18740","14392","9033","28821","6994","28250","10862","32222","13407","38033","6680","38640","10157","36815","8114","60530","14027","76688","19484","40590","12312","61612","14895","62292","37973","61298","16209","3.1","(X)","(X)","(X)","(X)","-888888888",
"1400000US06111008304","Census Tract 83.04, Ventura County, California","321","136","139","73","182","94","7.8","9.3","18.0","21.9","0.0","19.6","16.5","14.9","19.4","20.8","14.3","16.6","69.5","22.0","56.1","30.8","79.7","20.4","6.2","8.5","6.5","12.6","6.0","10.3","3741","208","1792","123","1949","156","2.6","1.7","1.5","1.7","3.7","2.4","7.1","2.9","5.7","3.2","8.5","3.9","24.9","5.1","24.9","5.9","25.0","6.7","30.4","6.0","31.7","7.9","29.2","7.3","9.1","3.2","10.7","4.7","7.6","4.2","21.2","4.1","19.1","5.9","23.1","5.5","4.6","2.0","6.5","4.0","2.9","1.9","90.2","3.4","92.9","3.8","87.8","4.7","25.8","4.7","25.6","6.6","26.0","6.0","690","212","282","93","408","154","82.9","10.3","96.1","5.8","73.8","16.2","27.8","10.8","27.3","15.1","28.2","16.9","970","133","559","111","411","80","97.3","3.2","95.3","5.6","100.0","9.3","29.6","11.9","22.9","12.5","38.7","16.7","1504","126","697","78","807","87","94.7","4.1","95.4","4.9","94.2","4.8","23.7","7.1","23.1","9.2","24.2","8.4","577","100","254","78","323","85","75.4","14.4","76.8","18.4","74.3","15.5","22.7","11.8","36.6","24.5","11.8","10.8","20.3","14.4","0.0","26.3","31.2","19.6","1.7","2.7","3.6","5.6","0.0","7.9","1.4","1.5","1.2","1.8","1.7","2.5","0.0","4.1","0.0","8.3","0.0","7.6","55636","6275","65132","9054","50119","7163","20938","28050","55817","24645","2,500-","-333333333","40000","8122","38222","19968","43409","26058","52292","8578","63594","12860","50337","3627","60300","11807","85694","30237","55885","14830","91250","23111","104318","38969","85682","35812","3.5","(X)","(X)","(X)","(X)","-888888888",
"1400000US06111008305","Census Tract 83.05, Ventura County, California","325","103","182","88","143","82","10.2","9.5","6.0","9.3","15.4","19.7","16.6","13.0","10.4","11.6","24.5","24.7","65.8","16.3","77.5","20.2","51.0","28.6","7.4","8.0","6.0","9.5","9.1","14.6","2447","151","1176","90","1271","94","2.0","1.6","0.8","1.2","3.1","3.4","1.0","0.9","1.3","1.5","0.7","1.2","10.7","3.2","7.0","4.6","14.1","5.3","21.3","5.8","21.0","6.5","21.6","7.9","14.0","6.6","16.8","8.3","11.4","6.4","35.8","7.6","39.4","9.9","32.5","9.0","15.2","5.0","13.9","6.1","16.5","6.6","97.0","2.0","98.0","1.8","96.1","3.6","51.0","8.2","53.2","10.1","49.0","9.4","247","112","143","71","104","61","96.4","5.9","100.0","24.1","91.3","15.2","49.0","18.2","51.7","21.0","45.2","26.0","672","94","256","61","416","66","99.0","1.8","97.3","4.8","100.0","9.2","60.3","13.7","54.3","23.2","63.9","16.9","1299","80","658","54","641","53","96.9","3.4","100.0","5.9","93.8","6.7","49.8","11.4","55.8","13.6","43.7","13.2","229","40","119","34","110","40","92.6","8.0","85.7","15.6","100.0","29.6","33.2","15.5","38.7","20.4","27.3","21.3","12.3","19.1","0.0","67.2","18.4","35.4","0.0","14.2","0.0","36.1","0.0","19.9","0.0","4.5","0.0","8.6","0.0","9.1","0.9","1.4","1.8","2.8","0.0","6.2","67372","17689","88548","15668","50929","18583","4722","76063","-","**","-","-222222222","17218","140272","17056","127141","85217","146618","63417","29765","84125","22520","50256","35935","66763","12961","88920","52383","57656","36280","102969","65747","168281","62954","59375","32493","5.3","(X)","(X)","(X)","(X)","-888888888",
"1400000US06111008306","Census Tract 83.06, Ventura County, California","284","102","111","62","173","86","13.7","14.7","8.1","12.9","17.3","22.6","19.0","13.5","17.1","20.1","20.2","15.2","39.8","19.9","50.5","28.8","32.9","26.2","27.5","16.6","24.3","34.0","29.5","21.2","2531","206","1282","153","1249","164","1.5","1.3","0.2","0.9","2.8","2.4","4.0","2.7","2.5","2.8","5.4","4.5","25.8","6.0","24.0","8.2","27.5","8.7","25.1","6.5","23.0","8.5","27.2","8.3","12.2","4.4","14.9","7.4","9.5","4.6","19.5","4.5","21.8","5.9","17.2","5.7","12.0","3.6","13.7","5.2","10.2","4.6","94.6","3.3","97.3","3.3","91.8","4.8","31.5","5.4","35.4","7.3","27.5","7.1","704","199","339","127","365","140","95.7","4.8","99.1","4.6","92.6","7.4","38.2","12.5","38.6","15.2","37.8","16.4","534","120","287","98","247","86","92.7","7.7","94.4","8.2","90.7","13.6","33.5","12.2","46.3","19.6","18.6","12.7","1012","94","525","94","487","54","97.2","4.2","97.1","4.7","97.3","4.0","32.4","9.8","32.2","11.6","32.6","13.1","281","36","131","47","150","40","85.8","14.4","100.0","25.8","73.3","22.5","7.5","9.0","16.0","18.6","0.0","23.1","8.8","14.6","0.0","56.4","11.7","19.2","1.4","2.3","0.0","12.2","2.6","4.3","2.0","2.4","1.4","2.3","2.6","4.3","1.3","1.9","2.2","3.3","0.0","11.0","46646","6348","59193","9947","34306","7493","16000","12540","2,500-","***","20435","8187","27083","15212","51759","9964","18155","11446","43641","5296","49583","17212","38320","7336","67969","16900","79773","15649","53438","20122","70144","23740","100568","74560","59000","22634","2.9","(X)","(X)","(X)","(X)","-888888888",
"1400000US06111008401","Census Tract 84.01, Ventura County, California","420","118","248","100","172","82","20.2","14.7","18.1","19.3","23.3","21.0","39.5","17.8","35.1","21.8","45.9","29.3","37.6","16.2","46.8","24.5","24.4","23.5","2.6","4.0","0.0","14.9","6.4","9.9","3362","184","1726","165","1636","100","3.0","2.9","1.9","2.6","4.2","3.6","5.8","3.2","7.1","4.5","4.4","3.1","31.3","5.8","34.1","8.1","28.3","7.4","23.6","5.6","24.3","6.9","22.7","8.2","10.7","3.1","5.5","3.1","16.2","5.9","19.9","4.5","19.8","6.2","20.0","5.7","5.7","2.1","7.3","3.5","4.1","2.2","91.2","4.5","91.0","5.3","91.4","5.1","25.7","5.0","27.1","6.8","24.1","6.3","615","238","377","156","238","123","92.5","8.4","87.8","13.0","100.0","15.4","26.3","15.0","15.6","12.9","43.3","24.7","831","182","386","126","445","99","84.8","11.2","89.6","10.4","80.7","14.3","25.4","11.3","21.8","15.3","28.5","13.3","1268","160","686","92","582","93","95.5","2.9","92.9","5.7","98.6","2.3","25.6","8.1","28.7","9.9","21.8","9.8","648","88","277","80","371","67","89.7","5.7","92.8","7.9","87.3","8.1","25.6","8.4","46.2","15.6","10.2","8.3","35.1","23.7","29.7","26.1","41.1","26.6","3.6","4.4","6.5","7.6","0.0","8.3","5.9","4.5","2.5","4.2","8.6","7.1","2.9","3.1","3.2","4.9","2.5","4.0","43344","6511","46750","10132","41272","7934","19113","1557","19805","12216","18375","4882","41690","2839","44548","10391","29306","21400","40608","14901","35804","9121","48750","20541","70500","17221","90750","19956","61424","24249","100096","46794","64821","61667","107917","19153","1.5","(X)","(X)","(X)","(X)","-888888888",
"1400000US06111008402","Census Tract 84.02, Ventura County, California","392","100","153","73","239","96","4.1","5.1","6.5","10.9","2.5","3.9","28.8","15.8","37.9","25.7","23.0","19.7","55.1","18.2","41.8","25.9","63.6","23.8","12.0","8.8","13.7","13.9","10.9","11.1","3531","296","1693","196","1838","146","0.3","0.5","0.0","2.3","0.6","1.0","2.3","1.3","3.0","2.1","1.7","1.6","30.0","7.2","27.1","7.8","32.7","8.5","25.1","5.2","26.3","6.4","23.9","7.4","10.2","2.6","9.7","3.8","10.7","3.8","24.0","5.2","25.3","7.1","22.7","6.8","8.1","3.4","8.6","4.5","7.7","3.7","97.4","1.4","97.0","2.1","97.7","1.9","32.1","5.8","33.9","8.2","30.4","6.7","673","182","224","97","449","132","100.0","5.8","100.0","16.3","100.0","8.5","35.7","13.6","53.6","24.1","26.7","14.5","858","165","473","133","385","76","98.5","2.4","97.3","4.3","100.0","9.9","31.2","10.6","24.1","13.7","40.0","13.7","1460","159","759","103","701","83","95.3","3.0","95.0","4.0","95.6","4.1","31.8","8.0","29.6","9.1","34.2","10.8","540","119","237","57","303","85","98.0","3.4","100.0","15.5","96.4","5.9","29.6","14.1","48.5","20.3","14.9","13.1","0.0","33.4","0.0","46.1","0.0","50.8","2.5","3.1","0.0","8.3","4.3","5.3","1.1","1.8","0.0","6.4","2.2","3.5","1.8","3.1","1.9","3.5","1.6","2.8","46387","12625","58103","12112","41003","6044","37778","17462","39306","77572","-","-222222222","27298","5046","27390","6455","27128","8150","46304","15554","63869","9721","36534","10986","66594","15596","75302","24321","65625","34672","108750","47636","109135","32425","77045","123531","2.7","(X)","(X)","(X)","(X)","-888888888",
"1400000US06111008500","Census Tract 85, Ventura County, California","629","127","334","93","295","123","13.0","10.0","4.5","7.0","22.7","18.4","9.9","7.0","14.4","12.1","4.7","7.3","55.0","11.8","56.6","17.3","53.2","19.1","22.1","12.1","24.6","15.6","19.3","17.5","5390","299","2650","216","2740","193","1.6","1.2","2.9","2.2","0.3","0.7","4.2","1.8","4.2","2.7","4.3","2.2","21.8","4.8","24.0","6.5","19.6","6.0","28.3","4.2","24.2","5.7","32.3","6.1","10.4","3.1","8.3","3.3","12.4","4.5","24.5","3.8","27.0","6.1","22.0","5.0","9.2","2.9","9.3","4.0","9.1","3.5","94.1","2.1","92.8","3.4","95.4","2.3","33.6","4.8","36.3","6.4","31.0","6.2","933","272","441","183","492","160","90.7","7.2","86.4","12.2","94.5","8.4","30.1","11.7","23.1","16.1","36.4","14.4","964","223","454","141","510","129","94.6","5.4","95.4","6.1","93.9","6.6","32.2","10.7","28.0","16.7","35.9","13.2","2703","220","1353","133","1350","125","97.6","1.8","95.9","3.4","99.3","1.2","34.8","5.9","42.1","8.5","27.5","8.0","790","105","402","75","388","75","85.8","7.6","86.6","10.5","85.1","11.1","35.6","16.3","40.8","18.0","30.2","18.2","8.5","8.8","14.2","14.3","0.0","26.7","3.1","3.9","0.0","6.1","6.7","7.9","4.6","2.4","5.0","4.9","4.2","2.8","2.3","2.1","3.0","3.4","1.5","2.4","57467","10795","80204","8349","42635","8418","47176","22887","60288","59453","45926","15504","40708","17900","53298","25882","30369","20901","48818","11982","67734","15462","35583","13324","75970","6185","96339","11872","53636","14731","94833","21408","112054","25078","69511","10611","1.6","(X)","(X)","(X)","(X)","-888888888",
"1400000US06111008600","Census Tract 86, Ventura County, California","946","193","496","126","450","145","39.4","11.6","51.2","16.7","26.4","15.4","30.4","12.1","22.6","11.0","39.1","18.5","26.8","10.6","20.0","13.4","34.4","17.6","3.3","4.3","6.3","8.3","0.0","8.5","4415","292","2111","251","2304","182","38.6","5.4","41.0","8.1","36.3","6.9","14.8","4.4","16.0","6.5","13.6","5.6","19.4","3.8","17.1","5.9","21.5","5.5","17.1","4.1","17.2","6.0","16.9","5.4","3.1","1.3","3.0","2.1","3.3","1.8","4.8","2.5","3.2","2.3","6.3","3.7","2.2","1.2","2.4","1.8","2.1","1.7","46.7","5.6","43.0","7.3","50.0","7.3","7.0","2.8","5.6","2.8","8.3","4.2","1132","267","620","182","512","139","39.7","12.6","31.3","12.2","49.8","19.6","2.6","3.7","2.7","3.9","2.3","3.7","1235","275","709","186","526","151","45.7","12.0","48.2","14.6","42.4","17.9","10.9","7.7","8.3","6.9","14.4","11.9","1362","219","477","138","885","156","60.9","8.2","57.4","13.4","62.8","9.7","7.3","3.9","6.3","6.0","7.8","4.8","686","133","305","96","381","109","31.5","11.8","31.8","16.3","31.2","15.2","6.9","7.0","3.9","6.7","9.2","11.1","22.4","6.3","18.4","8.9","26.6","8.8","29.6","14.0","28.5","19.9","30.4","16.3","13.9","6.5","10.1","7.9","17.4","10.4","1.9","4.3","5.1","11.2","0.0","18.7","22480","3505","24347","4675","20963","2653","18844","2957","19639","3833","17245","4455","19674","4617","30114","18614","16106","3927","40313","13406","43500","12614","29836","9131","32179","13420","27200","30070","32372","28680","52788","21975","52981","28733","42308","85800","8.4","(X)","(X)","(X)","(X)","-888888888",
"1400000US06111008700","Census Tract 87, Ventura County, California","624","186","318","128","306","122","28.4","12.0","36.2","22.0","20.3","15.5","39.4","15.0","48.1","18.6","30.4","22.5","27.2","10.0","15.7","13.3","39.2","19.6","5.0","7.7","0.0","11.8","10.1","14.5","3595","341","1712","210","1883","207","23.9","6.0","21.7","7.3","26.0","7.3","11.8","3.9","11.0","4.3","12.6","5.1","23.5","5.8","25.8","7.2","21.3","6.9","20.9","5.4","15.9","6.3","25.5","7.3","8.5","2.9","12.8","5.2","4.6","2.5","7.2","2.6","8.3","4.3","6.3","3.1","4.1","1.8","4.5","2.2","3.7","2.7","64.2","6.6","67.3","7.8","61.4","8.1","11.3","2.9","12.8","4.3","10.0","4.0","987","240","558","171","429","121","63.5","10.4","65.8","13.4","60.6","14.7","5.4","3.8","5.9","6.9","4.7","5.5","830","152","379","101","451","117","74.0","10.2","74.7","15.5","73.4","14.8","15.9","6.7","7.4","7.5","23.1","12.1","1260","169","548","92","712","131","61.1","10.9","69.2","13.6","54.9","12.9","10.9","4.1","17.9","8.4","5.5","4.1","518","115","227","83","291","82","57.3","15.1","54.2","22.0","59.8","21.6","16.4","11.9","26.4","22.2","8.6","10.0","26.7","14.9","24.3","14.5","28.5","17.6","6.8","6.1","2.7","4.1","11.2","12.0","12.0","6.6","9.4","9.1","14.3","10.2","8.4","7.8","10.5","12.2","5.9","8.6","25620","4564","28699","4881","17233","3424","15637","4403","25683","8480","13597","1226","24432","11766","33850","15663","17177","1442","28138","9357","24375","19700","29750","10646","47750","10165","48313","34270","44438","16140","58036","27103","43500","22709","58750","24382","5.6","(X)","(X)","(X)","(X)","-888888888",
"1400000US06111008800","Census Tract 88, Ventura County, California","417","152","312","127","105","63","30.9","14.6","35.3","20.1","18.1","21.4","29.3","17.1","30.8","21.2","24.8","24.7","32.4","16.7","27.6","18.8","46.7","28.6","7.4","6.4","6.4","7.3","10.5","15.7","3328","254","1592","174","1736","166","16.2","4.3","15.6","5.9","16.8","5.3","13.3","4.8","13.9","7.7","12.7","5.8","28.7","6.0","30.5","8.1","27.0","7.4","22.0","5.8","19.0","6.4","24.8","6.9","7.3","2.4","8.1","4.3","6.5","3.4","9.6","3.2","8.9","4.7","10.2","4.1","3.0","1.8","4.0","3.2","2.1","2.0","70.5","5.9","70.5","8.8","70.6","7.0","12.6","4.4","12.9","6.6","12.3","4.0","829","179","306","117","523","125","84.4","9.1","88.9","12.7","81.8","12.4","13.9","8.4","21.9","18.3","9.2","7.7","591","106","345","88","246","75","61.1","16.6","62.9","19.5","58.5","24.4","11.2","6.4","13.9","10.3","7.3","8.6","1370","151","685","92","685","88","68.7","9.1","67.7","12.3","69.6","11.0","15.3","7.3","10.8","7.7","19.7","8.4","538","129","256","81","282","82","64.1","14.5","66.0","17.8","62.4","18.2","5.4","4.9","6.3","7.9","4.6","7.1","6.1","5.6","7.9","8.3","4.5","7.4","10.1","6.6","11.7","10.8","8.3","6.0","5.3","4.7","1.9","3.2","8.1","8.8","2.1","4.1","4.4","8.6","0.0","17.0","38477","4566","43827","2948","30706","2935","31833","11082","39158","6880","15795","12898","29421","4563","39861","31220","28102","7731","44176","3464","44877","10922","39397","11830","49129","6605","53036","8207","39750","27943","70278","63084","44648","109899","71528","36799","5.9","(X)","(X)","(X)","(X)","-888888888",
"1400000US06111008900","Census Tract 89, Ventura County, California","91","85","18","28","73","82","0.0","33.9","0.0","77.5","0.0","38.5","19.8","35.9","100.0","77.5","0.0","38.5","53.8","53.8","0.0","77.5","67.1","58.0","26.4","43.4","0.0","77.5","32.9","58.0","2249","451","1075","258","1174","228","18.1","6.1","18.3","7.2","18.0","6.7","15.6","6.2","20.8","8.9","10.8","6.1","28.6","8.0","35.3","9.9","22.6","11.7","21.9","4.8","10.2","6.0","32.6","7.0","6.8","2.7","6.1","5.1","7.5","4.7","6.8","3.9","7.3","6.1","6.5","4.2","2.0","2.2","2.0","3.2","2.0","2.7","66.3","10.4","60.8","11.7","71.2","11.3","8.8","4.8","9.2","6.9","8.5","5.5","682","309","290","140","392","190","77.6","12.2","70.7","26.5","82.7","16.8","0.0","5.7","0.0","12.9","0.0","9.7","461","121","326","113","135","69","68.3","13.9","55.2","15.9","100.0","25.2","13.7","11.8","12.3","13.4","17.0","24.0","742","169","270","102","472","127","67.0","14.0","73.0","17.5","63.6","18.8","15.5","7.6","21.9","15.1","11.9","9.0","364","121","189","119","175","55","40.9","22.5","38.1","36.9","44.0","23.8","5.8","7.1","0.0","19.0","12.0","15.5","7.8","7.2","6.4","8.7","9.5","10.0","4.8","4.9","2.1","3.7","8.7","10.2","14.7","16.8","0.0","20.2","20.2","22.5","0.0","18.1","0.0","32.0","0.0","31.7","31288","7814","36935","4370","21423","11355","36048","7914","35143","14910","43897","491","30600","6623","45159","28992","14760","17634","26250","10334","51154","13718","20731","7316","50000","42184","65066","7597","12125","13892","55341","42172","-","**","60192","6041","13.1","(X)","(X)","(X)","(X)","-888888888",
"1400000US06111009100","Census Tract 91, Ventura County, California","702","153","391","140","311","91","38.6","17.1","58.8","22.7","13.2","12.6","18.9","11.8","22.0","18.8","15.1","12.7","36.9","16.3","19.2","15.8","59.2","22.4","5.6","6.6","0.0","9.7","12.5","14.6","2348","231","1084","167","1264","131","45.4","7.6","41.9","10.0","48.3","9.6","26.5","8.8","30.9","9.9","22.7","10.6","11.5","4.1","7.5","4.4","14.9","6.6","12.1","5.7","12.4","8.7","11.9","5.9","1.2","1.3","0.4","1.0","2.0","2.3","3.4","2.0","7.0","4.4","0.2","0.7","0.0","1.7","0.0","3.6","0.0","3.1","28.2","6.8","27.2","10.0","29.0","8.4","3.4","2.0","7.0","4.4","0.2","0.7","500","178","299","123","201","87","32.4","16.1","31.8","16.9","33.3","23.8","3.8","6.1","6.4","10.0","0.0","17.9","731","157","352","114","379","87","38.2","15.9","23.6","19.2","51.7","20.7","0.8","2.2","0.9","4.3","0.8","2.4","737","174","310","96","427","103","10.3","7.7","20.6","16.5","2.8","4.5","1.6","2.6","3.9","5.9","0.0","8.9","380","114","123","69","257","99","37.9","13.5","43.1","28.5","35.4","17.4","11.1","9.4","34.1","26.9","0.0","14.4","38.3","14.1","35.7","15.5","40.5","15.3","17.8","14.8","29.6","28.1","12.8","12.6","23.3","15.6","8.7","13.3","34.9","24.2","0.0","36.9","0.0","37.7","0.0","100.0","15748","3050","21099","3318","11680","2942","14871","2724","20759","3746","9444","3841","18097","3564","16917","19753","18295","5000","25729","23170","31354","8562","12111","20004","14868","27451","14868","27451","-","-222222222","-","**","-","**","-","-222222222","3.4","(X)","(X)","(X)","(X)","-888888888",
"1400000US06111980000","Census Tract 9800, Ventura County, California","0","132","0","132","0","132","-","**","-","**","-","-222222222.0","-","**","-","**","-","-222222222.0","-","**","-","**","-","-222222222.0","-","**","-","**","-","-222222222.0","0","132","0","132","0","132","-","**","-","-222222222.0","-","**","-","**","-","-222222222.0","-","**","-","**","-","-222222222.0","-","**","-","-222222222.0","-","**","-","-222222222.0","-","**","-","**","-","-222222222.0","-","**","-","**","-","-222222222.0","-","**","-","**","-","-222222222.0","-","**","-","**","-","-222222222.0","-","**","-","**","-","-222222222.0","0","132","0","132","0","132","-","**","-","**","-","**","-","**","-","-222222222.0","-","**","0","132","0","132","0","132","-","-222222222.0","-","-222222222.0","-","-222222222.0","-","-222222222.0","-","**","-","-222222222.0","0","132","0","132","0","132","-","**","-","**","-","-222222222.0","-","**","-","**","-","-222222222.0","0","132","0","132","0","132","-","**","-","**","-","-222222222.0","-","**","-","**","-","-222222222.0","-","**","-","**","-","**","-","**","-","-222222222.0","-","**","-","-222222222.0","-","-222222222.0","-","**","-","**","-","**","-","-222222222.0","-","-222222222","-","**","-","-222222222","-","**","-","**","-","-222222222","-","**","-","**","-","-222222222","-","**","-","**","-","-222222222","-","**","-","**","-","-222222222","-","**","-","**","-","-222222222","-","(X)","(X)","(X)","(X)","-888888888",
"1400000US06111990100","Census Tract 9901, Ventura County, California","0","132","0","132","0","132","-","**","-","**","-","-222222222.0","-","**","-","**","-","-222222222.0","-","**","-","**","-","-222222222.0","-","**","-","**","-","-222222222.0","0","132","0","132","0","132","-","**","-","-222222222.0","-","**","-","**","-","-222222222.0","-","**","-","**","-","-222222222.0","-","**","-","-222222222.0","-","**","-","-222222222.0","-","**","-","**","-","-222222222.0","-","**","-","**","-","-222222222.0","-","**","-","**","-","-222222222.0","-","**","-","**","-","-222222222.0","-","**","-","**","-","-222222222.0","0","132","0","132","0","132","-","**","-","**","-","**","-","**","-","-222222222.0","-","**","0","132","0","132","0","132","-","-222222222.0","-","-222222222.0","-","-222222222.0","-","-222222222.0","-","**","-","-222222222.0","0","132","0","132","0","132","-","**","-","**","-","-222222222.0","-","**","-","**","-","-222222222.0","0","132","0","132","0","132","-","**","-","**","-","-222222222.0","-","**","-","**","-","-222222222.0","-","**","-","**","-","**","-","**","-","-222222222.0","-","**","-","-222222222.0","-","-222222222.0","-","**","-","**","-","**","-","-222222222.0","-","-222222222","-","**","-","-222222222","-","**","-","**","-","-222222222","-","**","-","**","-","-222222222","-","**","-","**","-","-222222222","-","**","-","**","-","-222222222","-","**","-","**","-","-222222222","-","(X)","(X)","(X)","(X)","-888888888",
