"GEO_ID","NAME","S1501_C01_001E","S1501_C01_001M","S1501_C02_001E","S1501_C02_001M","S1501_C03_001E","S1501_C03_001M","S1501_C01_002E","S1501_C01_002M","S1501_C02_002E","S1501_C02_002M","S1501_C03_002E","S1501_C03_002M","S1501_C01_003E","S1501_C01_003M","S1501_C02_003E","S1501_C02_003M","S1501_C03_003E","S1501_C03_003M","S1501_C01_004E","S1501_C01_004M","S1501_C02_004E","S1501_C02_004M","S1501_C03_004E","S1501_C03_004M","S1501_C01_005E","S1501_C01_005M","S1501_C02_005E","S1501_C02_005M","S1501_C03_005E","S1501_C03_005M","S1501_C01_006E","S1501_C01_006M","S1501_C02_006E","S1501_C02_006M","S1501_C03_006E","S1501_C03_006M","S1501_C01_007E","S1501_C01_007M","S1501_C02_007E","S1501_C02_007M","S1501_C03_007E","S1501_C03_007M","S1501_C01_008E","S1501_C01_008M","S1501_C02_008E","S1501_C02_008M","S1501_C03_008E","S1501_C03_008M","S1501_C01_009E","S1501_C01_009M","S1501_C02_009E","S1501_C02_009M","S1501_C03_009E","S1501_C03_009M","S1501_C01_010E","S1501_C01_010M","S1501_C02_010E","S1501_C02_010M","S1501_C03_010E","S1501_C03_010M","S1501_C01_011E","S1501_C01_011M","S1501_C02_011E","S1501_C02_011M","S1501_C03_011E","S1501_C03_011M","S1501_C01_012E","S1501_C01_012M","S1501_C02_012E","S1501_C02_012M","S1501_C03_012E","S1501_C03_012M","S1501_C01_013E","S1501_C01_013M","S1501_C02_013E","S1501_C02_013M","S1501_C03_013E","S1501_C03_013M","S1501_C01_014E","S1501_C01_014M","S1501_C02_014E","S1501_C02_014M","S1501_C03_014E","S1501_C03_014M","S1501_C01_015E","S1501_C01_015M","S1501_C02_015E","S1501_C02_015M","S1501_C03_015E","S1501_C03_015M","S1501_C01_016E","S1501_C01_016M","S1501_C02_016E","S1501_C02_016M","S1501_C03_016E","S1501_C03_016M","S1501_C01_017E","S1501_C01_017M","S1501_C02_017E","S1501_C02_017M","S1501_C03_017E","S1501_C03_017M","S1501_C01_018E","S1501_C01_018M","S1501_C02_018E","S1501_C02_018M","S1501_C03_018E","S1501_C03_018M","S1501_C01_019E","S1501_C01_019M","S1501_C02_019E","S1501_C02_019M","S1501_C03_019E","S1501_C03_019M","S1501_C01_020E","S1501_C01_020M","S1501_C02_020E","S1501_C02_020M","S1501_C03_020E","S1501_C03_020M","S1501_C01_021E","S1501_C01_021M","S1501_C02_021E","S1501_C02_021M","S1501_C03_021E","S1501_C03_021M","S1501_C01_022E","S1501_C01_022M","S1501_C02_022E","S1501_C02_022M","S1501_C03_022E","S1501_C03_022M","S1501_C01_023E","S1501_C01_023M","S1501_C02_023E","S1501_C02_023M","S1501_C03_023E","S1501_C03_023M","S1501_C01_024E","S1501_C01_024M","S1501_C02_024E","S1501_C02_024M","S1501_C03_024E","S1501_C03_024M","S1501_C01_025E","S1501_C01_025M","S1501_C02_025E","S1501_C02_025M","S1501_C03_025E","S1501_C03_025M","S1501_C01_026E","S1501_C01_026M","S1501_C02_026E","S1501_C02_026M","S1501_C03_026E","S1501_C03_026M","S1501_C01_027E","S1501_C01_027M","S1501_C02_027E","S1501_C02_027M","S1501_C03_027E","S1501_C03_027M","S1501_C01_028E","S1501_C01_028M","S1501_C02_028E","S1501_C02_028M","S1501_C03_028E","S1501_C03_028M","S1501_C01_029E","S1501_C01_029M","S1501_C02_029E","S1501_C02_029M","S1501_C03_029E","S1501_C03_029M","S1501_C01_030E","S1501_C01_030M","S1501_C02_030E","S1501_C02_030M","S1501_C03_030E","S1501_C03_030M","S1501_C01_031E","S1501_C01_031M","S1501_C02_031E","S1501_C02_031M","S1501_C03_031E","S1501_C03_031M","S1501_C01_032E","S1501_C01_032M","S1501_C02_032E","S1501_C02_032M","S1501_C03_032E","S1501_C03_032M","S1501_C01_033E","S1501_C01_033M","S1501_C02_033E","S1501_C02_033M","S1501_C03_033E","S1501_C03_033M","S1501_C01_034E","S1501_C01_034M","S1501_C02_034E","S1501_C02_034M","S1501_C03_034E","S1501_C03_034M","S1501_C01_035E","S1501_C01_035M","S1501_C02_035E","S1501_C02_035M","S1501_C03_035E","S1501_C03_035M","S1501_C01_036E","S1501_C01_036M","S1501_C02_036E","S1501_C02_036M","S1501_C03_036E","S1501_C03_036M","S1501_C01_037E","S1501_C01_037M","S1501_C02_037E","S1501_C02_037M","S1501_C03_037E","S1501_C03_037M","S1501_C01_038E","S1501_C01_038M","S1501_C02_038E","S1501_C02_038M","S1501_C03_038E","S1501_C03_038M",
"Geography","Geographic Area Name","Total!!Estimate!!Population 18 to 24 years","Total!!Margin of Error!!Population 18 to 24 years","Male!!Estimate!!Population 18 to 24 years","Male!!Margin of Error!!Population 18 to 24 years","Female!!Estimate!!Population 18 to 24 years","Female!!Margin of Error!!Population 18 to 24 years","Total!!Estimate!!Less than high school graduate","Total!!Margin of Error!!Less than high school graduate","Male!!Estimate!!Less than high school graduate","Male!!Margin of Error!!Less than high school graduate","Female!!Estimate!!Less than high school graduate","Female!!Margin of Error!!Less than high school graduate","Total!!Estimate!!High school graduate (includes equivalency)","Total!!Margin of Error!!High school graduate (includes equivalency)","Male!!Estimate!!High school graduate (includes equivalency)","Male!!Margin of Error!!High school graduate (includes equivalency)","Female!!Estimate!!High school graduate (includes equivalency)","Female!!Margin of Error!!High school graduate (includes equivalency)","Total!!Estimate!!Some college or associate's degree","Total!!Margin of Error!!Some college or associate's degree","Male!!Estimate!!Some college or associate's degree","Male!!Margin of Error!!Some college or associate's degree","Female!!Estimate!!Some college or associate's degree","Female!!Margin of Error!!Some college or associate's degree","Total!!Estimate!!Bachelor's degree or higher","Total!!Margin of Error!!Bachelor's degree or higher","Male!!Estimate!!Bachelor's degree or higher","Male!!Margin of Error!!Bachelor's degree or higher","Female!!Estimate!!Bachelor's degree or higher","Female!!Margin of Error!!Bachelor's degree or higher","Total!!Estimate!!Population 25 years and over","Total!!Margin of Error!!Population 25 years and over","Male!!Estimate!!Population 25 years and over","Male!!Margin of Error!!Population 25 years and over","Female!!Estimate!!Population 25 years and over","Female!!Margin of Error!!Population 25 years and over","Total!!Estimate!!Population 25 years and over!!Less than 9th grade","Total!!Margin of Error!!Population 25 years and over!!Less than 9th grade","Male!!Estimate!!Population 25 years and over!!Less than 9th grade","Male!!Margin of Error!!Population 25 years and over!!Less than 9th grade","Female!!Estimate!!Population 25 years and over!!Less than 9th grade","Female!!Margin of Error!!Population 25 years and over!!Less than 9th grade","Total!!Estimate!!Population 25 years and over!!9th to 12th grade, no diploma","Total!!Margin of Error!!Population 25 years and over!!9th to 12th grade, no diploma","Male!!Estimate!!Population 25 years and over!!9th to 12th grade, no diploma","Male!!Margin of Error!!Population 25 years and over!!9th to 12th grade, no diploma","Female!!Estimate!!Population 25 years and over!!9th to 12th grade, no diploma","Female!!Margin of Error!!Population 25 years and over!!9th to 12th grade, no diploma","Total!!Estimate!!Population 25 years and over!!High school graduate (includes equivalency)","Total!!Margin of Error!!Population 25 years and over!!High school graduate (includes equivalency)","Male!!Estimate!!Population 25 years and over!!High school graduate (includes equivalency)","Male!!Margin of Error!!Population 25 years and over!!High school graduate (includes equivalency)","Female!!Estimate!!Population 25 years and over!!High school graduate (includes equivalency)","Female!!Margin of Error!!Population 25 years and over!!High school graduate (includes equivalency)","Total!!Estimate!!Population 25 years and over!!Some college, no degree","Total!!Margin of Error!!Population 25 years and over!!Some college, no degree","Male!!Estimate!!Population 25 years and over!!Some college, no degree","Male!!Margin of Error!!Population 25 years and over!!Some college, no degree","Female!!Estimate!!Population 25 years and over!!Some college, no degree","Female!!Margin of Error!!Population 25 years and over!!Some college, no degree","Total!!Estimate!!Population 25 years and over!!Associate's degree","Total!!Margin of Error!!Population 25 years and over!!Associate's degree","Male!!Estimate!!Population 25 years and over!!Associate's degree","Male!!Margin of Error!!Population 25 years and over!!Associate's degree","Female!!Estimate!!Population 25 years and over!!Associate's degree","Female!!Margin of Error!!Population 25 years and over!!Associate's degree","Total!!Estimate!!Population 25 years and over!!Bachelor's degree","Total!!Margin of Error!!Population 25 years and over!!Bachelor's degree","Male!!Estimate!!Population 25 years and over!!Bachelor's degree","Male!!Margin of Error!!Population 25 years and over!!Bachelor's degree","Female!!Estimate!!Population 25 years and over!!Bachelor's degree","Female!!Margin of Error!!Population 25 years and over!!Bachelor's degree","Total!!Estimate!!Population 25 years and over!!Graduate or professional degree","Total!!Margin of Error!!Population 25 years and over!!Graduate or professional degree","Male!!Estimate!!Population 25 years and over!!Graduate or professional degree","Male!!Margin of Error!!Population 25 years and over!!Graduate or professional degree","Female!!Estimate!!Population 25 years and over!!Graduate or professional degree","Female!!Margin of Error!!Population 25 years and over!!Graduate or professional degree","Total!!Estimate!!Percent high school graduate or higher","Total!!Margin of Error!!Percent high school graduate or higher","Male!!Estimate!!Percent high school graduate or higher","Male!!Margin of Error!!Percent high school graduate or higher","Female!!Estimate!!Percent high school graduate or higher","Female!!Margin of Error!!Percent high school graduate or higher","Total!!Estimate!!Percent bachelor's degree or higher","Total!!Margin of Error!!Percent bachelor's degree or higher","Male!!Estimate!!Percent bachelor's degree or higher","Male!!Margin of Error!!Percent bachelor's degree or higher","Female!!Estimate!!Percent bachelor's degree or higher","Female!!Margin of Error!!Percent bachelor's degree or higher","Total!!Estimate!!Population 25 to 34 years","Total!!Margin of Error!!Population 25 to 34 years","Male!!Estimate!!Population 25 to 34 years","Male!!Margin of Error!!Population 25 to 34 years","Female!!Estimate!!Population 25 to 34 years","Female!!Margin of Error!!Population 25 to 34 years","Total!!Estimate!!Population 25 to 34 years!!High school graduate or higher","Total!!Margin of Error!!Population 25 to 34 years!!High school graduate or higher","Male!!Estimate!!Population 25 to 34 years!!High school graduate or higher","Male!!Margin of Error!!Population 25 to 34 years!!High school graduate or higher","Female!!Estimate!!Population 25 to 34 years!!High school graduate or higher","Female!!Margin of Error!!Population 25 to 34 years!!High school graduate or higher","Total!!Estimate!!Population 25 to 34 years!!Bachelor's degree or higher","Total!!Margin of Error!!Population 25 to 34 years!!Bachelor's degree or higher","Male!!Estimate!!Population 25 to 34 years!!Bachelor's degree or higher","Male!!Margin of Error!!Population 25 to 34 years!!Bachelor's degree or higher","Female!!Estimate!!Population 25 to 34 years!!Bachelor's degree or higher","Female!!Margin of Error!!Population 25 to 34 years!!Bachelor's degree or higher","Total!!Estimate!!Population 35 to 44 years","Total!!Margin of Error!!Population 35 to 44 years","Male!!Estimate!!Population 35 to 44 years","Male!!Margin of Error!!Population 35 to 44 years","Female!!Estimate!!Population 35 to 44 years","Female!!Margin of Error!!Population 35 to 44 years","Total!!Estimate!!Population 35 to 44 years!!High school graduate or higher","Total!!Margin of Error!!Population 35 to 44 years!!High school graduate or higher","Male!!Estimate!!Population 35 to 44 years!!High school graduate or higher","Male!!Margin of Error!!Population 35 to 44 years!!High school graduate or higher","Female!!Estimate!!Population 35 to 44 years!!High school graduate or higher","Female!!Margin of Error!!Population 35 to 44 years!!High school graduate or higher","Total!!Estimate!!Population 35 to 44 years!!Bachelor's degree or higher","Total!!Margin of Error!!Population 35 to 44 years!!Bachelor's degree or higher","Male!!Estimate!!Population 35 to 44 years!!Bachelor's degree or higher","Male!!Margin of Error!!Population 35 to 44 years!!Bachelor's degree or higher","Female!!Estimate!!Population 35 to 44 years!!Bachelor's degree or higher","Female!!Margin of Error!!Population 35 to 44 years!!Bachelor's degree or higher","Total!!Estimate!!Population 45 to 64 years","Total!!Margin of Error!!Population 45 to 64 years","Male!!Estimate!!Population 45 to 64 years","Male!!Margin of Error!!Population 45 to 64 years","Female!!Estimate!!Population 45 to 64 years","Female!!Margin of Error!!Population 45 to 64 years","Total!!Estimate!!Population 45 to 64 years!!High school graduate or higher","Total!!Margin of Error!!Population 45 to 64 years!!High school graduate or higher","Male!!Estimate!!Population 45 to 64 years!!High school graduate or higher","Male!!Margin of Error!!Population 45 to 64 years!!High school graduate or higher","Female!!Estimate!!Population 45 to 64 years!!High school graduate or higher","Female!!Margin of Error!!Population 45 to 64 years!!High school graduate or higher","Total!!Estimate!!Population 45 to 64 years!!Bachelor's degree or higher","Total!!Margin of Error!!Population 45 to 64 years!!Bachelor's degree or higher","Male!!Estimate!!Population 45 to 64 years!!Bachelor's degree or higher","Male!!Margin of Error!!Population 45 to 64 years!!Bachelor's degree or higher","Female!!Estimate!!Population 45 to 64 years!!Bachelor's degree or higher","Female!!Margin of Error!!Population 45 to 64 years!!Bachelor's degree or higher","Total!!Estimate!!Population 65 years and over","Total!!Margin of Error!!Population 65 years and over","Male!!Estimate!!Population 65 years and over","Male!!Margin of Error!!Population 65 years and over","Female!!Estimate!!Population 65 years and over","Female!!Margin of Error!!Population 65 years and over","Total!!Estimate!!Population 65 years and over!!High school graduate or higher","Total!!Margin of Error!!Population 65 years and over!!High school graduate or higher","Male!!Estimate!!Population 65 years and over!!High school graduate or higher","Male!!Margin of Error!!Population 65 years and over!!High school graduate or higher","Female!!Estimate!!Population 65 years and over!!High school graduate or higher","Female!!Margin of Error!!Population 65 years and over!!High school graduate or higher","Total!!Estimate!!Population 65 years and over!!Bachelor's degree or higher","Total!!Margin of Error!!Population 65 years and over!!Bachelor's degree or higher","Male!!Estimate!!Population 65 years and over!!Bachelor's degree or higher","Male!!Margin of Error!!Population 65 years and over!!Bachelor's degree or higher","Female!!Estimate!!Population 65 years and over!!Bachelor's degree or higher","Female!!Margin of Error!!Population 65 years and over!!Bachelor's degree or higher","Total!!Estimate!!POVERTY RATE FOR THE POPULATION 25 YEARS AND OVER FOR WHOM POVERTY STATUS IS DETERMINED BY EDUCATIONAL ATTAINMENT LEVEL!!Less than high school graduate","Total!!Margin of Error!!POVERTY RATE FOR THE POPULATION 25 YEARS AND OVER FOR WHOM POVERTY STATUS IS DETERMINED BY EDUCATIONAL ATTAINMENT LEVEL!!Less than high school graduate","Male!!Estimate!!POVERTY RATE FOR THE POPULATION 25 YEARS AND OVER FOR WHOM POVERTY STATUS IS DETERMINED BY EDUCATIONAL ATTAINMENT LEVEL!!Less than high school graduate","Male!!Margin of Error!!POVERTY RATE FOR THE POPULATION 25 YEARS AND OVER FOR WHOM POVERTY STATUS IS DETERMINED BY EDUCATIONAL ATTAINMENT LEVEL!!Less than high school graduate","Female!!Estimate!!POVERTY RATE FOR THE POPULATION 25 YEARS AND OVER FOR WHOM POVERTY STATUS IS DETERMINED BY EDUCATIONAL ATTAINMENT LEVEL!!Less than high school graduate","Female!!Margin of Error!!POVERTY RATE FOR THE POPULATION 25 YEARS AND OVER FOR WHOM POVERTY STATUS IS DETERMINED BY EDUCATIONAL ATTAINMENT LEVEL!!Less than high school graduate","Total!!Estimate!!POVERTY RATE FOR THE POPULATION 25 YEARS AND OVER FOR WHOM POVERTY STATUS IS DETERMINED BY EDUCATIONAL ATTAINMENT LEVEL!!High school graduate (includes equivalency)","Total!!Margin of Error!!POVERTY RATE FOR THE POPULATION 25 YEARS AND OVER FOR WHOM POVERTY STATUS IS DETERMINED BY EDUCATIONAL ATTAINMENT LEVEL!!High school graduate (includes equivalency)","Male!!Estimate!!POVERTY RATE FOR THE POPULATION 25 YEARS AND OVER FOR WHOM POVERTY STATUS IS DETERMINED BY EDUCATIONAL ATTAINMENT LEVEL!!High school graduate (includes equivalency)","Male!!Margin of Error!!POVERTY RATE FOR THE POPULATION 25 YEARS AND OVER FOR WHOM POVERTY STATUS IS DETERMINED BY EDUCATIONAL ATTAINMENT LEVEL!!High school graduate (includes equivalency)","Female!!Estimate!!POVERTY RATE FOR THE POPULATION 25 YEARS AND OVER FOR WHOM POVERTY STATUS IS DETERMINED BY EDUCATIONAL ATTAINMENT LEVEL!!High school graduate (includes equivalency)","Female!!Margin of Error!!POVERTY RATE FOR THE POPULATION 25 YEARS AND OVER FOR WHOM POVERTY STATUS IS DETERMINED BY EDUCATIONAL ATTAINMENT LEVEL!!High school graduate (includes equivalency)","Total!!Estimate!!POVERTY RATE FOR THE POPULATION 25 YEARS AND OVER FOR WHOM POVERTY STATUS IS DETERMINED BY EDUCATIONAL ATTAINMENT LEVEL!!Some college or associate's degree","Total!!Margin of Error!!POVERTY RATE FOR THE POPULATION 25 YEARS AND OVER FOR WHOM POVERTY STATUS IS DETERMINED BY EDUCATIONAL ATTAINMENT LEVEL!!Some college or associate's degree","Male!!Estimate!!POVERTY RATE FOR THE POPULATION 25 YEARS AND OVER FOR WHOM POVERTY STATUS IS DETERMINED BY EDUCATIONAL ATTAINMENT LEVEL!!Some college or associate's degree","Male!!Margin of Error!!POVERTY RATE FOR THE POPULATION 25 YEARS AND OVER FOR WHOM POVERTY STATUS IS DETERMINED BY EDUCATIONAL ATTAINMENT LEVEL!!Some college or associate's degree","Female!!Estimate!!POVERTY RATE FOR THE POPULATION 25 YEARS AND OVER FOR WHOM POVERTY STATUS IS DETERMINED BY EDUCATIONAL ATTAINMENT LEVEL!!Some college or associate's degree","Female!!Margin of Error!!POVERTY RATE FOR THE POPULATION 25 YEARS AND OVER FOR WHOM POVERTY STATUS IS DETERMINED BY EDUCATIONAL ATTAINMENT LEVEL!!Some college or associate's degree","Total!!Estimate!!POVERTY RATE FOR THE POPULATION 25 YEARS AND OVER FOR WHOM POVERTY STATUS IS DETERMINED BY EDUCATIONAL ATTAINMENT LEVEL!!Bachelor's degree or higher","Total!!Margin of Error!!POVERTY RATE FOR THE POPULATION 25 YEARS AND OVER FOR WHOM POVERTY STATUS IS DETERMINED BY EDUCATIONAL ATTAINMENT LEVEL!!Bachelor's degree or higher","Male!!Estimate!!POVERTY RATE FOR THE POPULATION 25 YEARS AND OVER FOR WHOM POVERTY STATUS IS DETERMINED BY EDUCATIONAL ATTAINMENT LEVEL!!Bachelor's degree or higher","Male!!Margin of Error!!POVERTY RATE FOR THE POPULATION 25 YEARS AND OVER FOR WHOM POVERTY STATUS IS DETERMINED BY EDUCATIONAL ATTAINMENT LEVEL!!Bachelor's degree or higher","Female!!Estimate!!POVERTY RATE FOR THE POPULATION 25 YEARS AND OVER FOR WHOM POVERTY STATUS IS DETERMINED BY EDUCATIONAL ATTAINMENT LEVEL!!Bachelor's degree or higher","Female!!Margin of Error!!POVERTY RATE FOR THE POPULATION 25 YEARS AND OVER FOR WHOM POVERTY STATUS IS DETERMINED BY EDUCATIONAL ATTAINMENT LEVEL!!Bachelor's degree or higher","Total!!Estimate!!MEDIAN EARNINGS IN THE PAST 12 MONTHS (IN 2014 INFLATION-ADJUSTED DOLLARS)!!Population 25 years and over with earnings","Total!!Margin of Error!!MEDIAN EARNINGS IN THE PAST 12 MONTHS (IN 2014 INFLATION-ADJUSTED DOLLARS)!!Population 25 years and over with earnings","Male!!Estimate!!MEDIAN EARNINGS IN THE PAST 12 MONTHS (IN 2014 INFLATION-ADJUSTED DOLLARS)!!Population 25 years and over with earnings","Male!!Margin of Error!!MEDIAN EARNINGS IN THE PAST 12 MONTHS (IN 2014 INFLATION-ADJUSTED DOLLARS)!!Population 25 years and over with earnings","Female!!Estimate!!MEDIAN EARNINGS IN THE PAST 12 MONTHS (IN 2014 INFLATION-ADJUSTED DOLLARS)!!Population 25 years and over with earnings","Female!!Margin of Error!!MEDIAN EARNINGS IN THE PAST 12 MONTHS (IN 2014 INFLATION-ADJUSTED DOLLARS)!!Population 25 years and over with earnings","Total!!Estimate!!MEDIAN EARNINGS IN THE PAST 12 MONTHS (IN 2014 INFLATION-ADJUSTED DOLLARS)!!Population 25 years and over with earnings!!Less than high school graduate","Total!!Margin of Error!!MEDIAN EARNINGS IN THE PAST 12 MONTHS (IN 2014 INFLATION-ADJUSTED DOLLARS)!!Population 25 years and over with earnings!!Less than high school graduate","Male!!Estimate!!MEDIAN EARNINGS IN THE PAST 12 MONTHS (IN 2014 INFLATION-ADJUSTED DOLLARS)!!Population 25 years and over with earnings!!Less than high school graduate","Male!!Margin of Error!!MEDIAN EARNINGS IN THE PAST 12 MONTHS (IN 2014 INFLATION-ADJUSTED DOLLARS)!!Population 25 years and over with earnings!!Less than high school graduate","Female!!Estimate!!MEDIAN EARNINGS IN THE PAST 12 MONTHS (IN 2014 INFLATION-ADJUSTED DOLLARS)!!Population 25 years and over with earnings!!Less than high school graduate","Female!!Margin of Error!!MEDIAN EARNINGS IN THE PAST 12 MONTHS (IN 2014 INFLATION-ADJUSTED DOLLARS)!!Population 25 years and over with earnings!!Less than high school graduate","Total!!Estimate!!MEDIAN EARNINGS IN THE PAST 12 MONTHS (IN 2014 INFLATION-ADJUSTED DOLLARS)!!Population 25 years and over with earnings!!High school graduate (includes equivalency)","Total!!Margin of Error!!MEDIAN EARNINGS IN THE PAST 12 MONTHS (IN 2014 INFLATION-ADJUSTED DOLLARS)!!Population 25 years and over with earnings!!High school graduate (includes equivalency)","Male!!Estimate!!MEDIAN EARNINGS IN THE PAST 12 MONTHS (IN 2014 INFLATION-ADJUSTED DOLLARS)!!Population 25 years and over with earnings!!High school graduate (includes equivalency)","Male!!Margin of Error!!MEDIAN EARNINGS IN THE PAST 12 MONTHS (IN 2014 INFLATION-ADJUSTED DOLLARS)!!Population 25 years and over with earnings!!High school graduate (includes equivalency)","Female!!Estimate!!MEDIAN EARNINGS IN THE PAST 12 MONTHS (IN 2014 INFLATION-ADJUSTED DOLLARS)!!Population 25 years and over with earnings!!High school graduate (includes equivalency)","Female!!Margin of Error!!MEDIAN EARNINGS IN THE PAST 12 MONTHS (IN 2014 INFLATION-ADJUSTED DOLLARS)!!Population 25 years and over with earnings!!High school graduate (includes equivalency)","Total!!Estimate!!MEDIAN EARNINGS IN THE PAST 12 MONTHS (IN 2014 INFLATION-ADJUSTED DOLLARS)!!Population 25 years and over with earnings!!Some college or associate's degree","Total!!Margin of Error!!MEDIAN EARNINGS IN THE PAST 12 MONTHS (IN 2014 INFLATION-ADJUSTED DOLLARS)!!Population 25 years and over with earnings!!Some college or associate's degree","Male!!Estimate!!MEDIAN EARNINGS IN THE PAST 12 MONTHS (IN 2014 INFLATION-ADJUSTED DOLLARS)!!Population 25 years and over with earnings!!Some college or associate's degree","Male!!Margin of Error!!MEDIAN EARNINGS IN THE PAST 12 MONTHS (IN 2014 INFLATION-ADJUSTED DOLLARS)!!Population 25 years and over with earnings!!Some college or associate's degree","Female!!Estimate!!MEDIAN EARNINGS IN THE PAST 12 MONTHS (IN 2014 INFLATION-ADJUSTED DOLLARS)!!Population 25 years and over with earnings!!Some college or associate's degree","Female!!Margin of Error!!MEDIAN EARNINGS IN THE PAST 12 MONTHS (IN 2014 INFLATION-ADJUSTED DOLLARS)!!Population 25 years and over with earnings!!Some college or associate's degree","Total!!Estimate!!MEDIAN EARNINGS IN THE PAST 12 MONTHS (IN 2014 INFLATION-ADJUSTED DOLLARS)!!Population 25 years and over with earnings!!Bachelor's degree","Total!!Margin of Error!!MEDIAN EARNINGS IN THE PAST 12 MONTHS (IN 2014 INFLATION-ADJUSTED DOLLARS)!!Population 25 years and over with earnings!!Bachelor's degree","Male!!Estimate!!MEDIAN EARNINGS IN THE PAST 12 MONTHS (IN 2014 INFLATION-ADJUSTED DOLLARS)!!Population 25 years and over with earnings!!Bachelor's degree","Male!!Margin of Error!!MEDIAN EARNINGS IN THE PAST 12 MONTHS (IN 2014 INFLATION-ADJUSTED DOLLARS)!!Population 25 years and over with earnings!!Bachelor's degree","Female!!Estimate!!MEDIAN EARNINGS IN THE PAST 12 MONTHS (IN 2014 INFLATION-ADJUSTED DOLLARS)!!Population 25 years and over with earnings!!Bachelor's degree","Female!!Margin of Error!!MEDIAN EARNINGS IN THE PAST 12 MONTHS (IN 2014 INFLATION-ADJUSTED DOLLARS)!!Population 25 years and over with earnings!!Bachelor's degree","Total!!Estimate!!MEDIAN EARNINGS IN THE PAST 12 MONTHS (IN 2014 INFLATION-ADJUSTED DOLLARS)!!Population 25 years and over with earnings!!Graduate or professional degree","Total!!Margin of Error!!MEDIAN EARNINGS IN THE PAST 12 MONTHS (IN 2014 INFLATION-ADJUSTED DOLLARS)!!Population 25 years and over with earnings!!Graduate or professional degree","Male!!Estimate!!MEDIAN EARNINGS IN THE PAST 12 MONTHS (IN 2014 INFLATION-ADJUSTED DOLLARS)!!Population 25 years and over with earnings!!Graduate or professional degree","Male!!Margin of Error!!MEDIAN EARNINGS IN THE PAST 12 MONTHS (IN 2014 INFLATION-ADJUSTED DOLLARS)!!Population 25 years and over with earnings!!Graduate or professional degree","Female!!Estimate!!MEDIAN EARNINGS IN THE PAST 12 MONTHS (IN 2014 INFLATION-ADJUSTED DOLLARS)!!Population 25 years and over with earnings!!Graduate or professional degree","Female!!Margin of Error!!MEDIAN EARNINGS IN THE PAST 12 MONTHS (IN 2014 INFLATION-ADJUSTED DOLLARS)!!Population 25 years and over with earnings!!Graduate or professional degree","Total!!Estimate!!PERCENT IMPUTED!!Educational attainment","Total!!Margin of Error!!PERCENT IMPUTED!!Educational attainment","Male!!Estimate!!PERCENT IMPUTED!!Educational attainment","Male!!Margin of Error!!PERCENT IMPUTED!!Educational attainment","Female!!Estimate!!PERCENT IMPUTED!!Educational attainment","Female!!Margin of Error!!PERCENT IMPUTED!!Educational attainment",
"1400000US06111000100","Census Tract 1, Ventura County, California","64","55","34","28","30","29","17.2","23.8","20.6","30.9","13.3","25.0","6.3","9.4","0.0","52.8","13.3","21.6","71.9","33.5","70.6","38.8","73.3","34.4","4.7","11.8","8.8","21.6","0.0","56.2","520","89","277","61","243","64","2.5","2.8","1.8","2.4","3.3","5.3","5.4","3.9","6.1","5.8","4.5","5.0","23.1","8.2","28.9","12.0","16.5","9.9","28.8","8.2","30.0","11.5","27.6","13.4","7.7","6.1","7.9","8.9","7.4","8.0","26.0","9.3","20.2","10.1","32.5","11.7","6.5","3.6","5.1","4.1","8.2","5.7","92.1","5.1","92.1","6.6","92.2","7.6","32.5","9.2","25.3","10.6","40.7","13.1","34","17","17","19","17","13","91.2","18.0","82.4","36.6","100.0","74.6","73.5","28.9","47.1","48.4","100.0","74.6","37","22","24","17","13","10","73.0","27.8","87.5","21.9","46.2","53.8","27.0","24.7","33.3","38.2","15.4","30.5","329","66","166","47","163","56","94.5","5.3","94.0","6.8","95.1","8.4","24.9","9.5","18.7","10.6","31.3","13.5","120","58","70","39","50","29","91.7","10.6","91.4","15.1","92.0","13.2","43.3","23.5","32.9","26.7","58.0","23.7","43.9","29.2","50.0","36.1","36.8","42.8","23.3","20.9","27.5","25.4","15.0","23.2","25.3","18.4","41.9","27.8","4.7","8.1","5.3","5.9","1.4","4.6","8.1","10.0","22417","11174","38500","16386","20750","4930","6094","5076","5000","46679","-","**","26429","14328","38417","21783","25446","10720","21542","17102","16953","62189","21833","12484","32656","50943","160329","125746","4079","1575","33750","45372","-","**","-","**","2.1","(X)","(X)","(X)","(X)","(X)",
"1400000US06111000200","Census Tract 2, Ventura County, California","337","73","147","57","190","51","11.3","8.7","15.0","14.0","8.4","7.5","19.0","10.2","29.9","18.5","10.5","9.4","69.7","12.5","55.1","20.9","81.1","12.0","0.0","9.9","0.0","21.0","0.0","16.8","1534","126","773","91","761","81","36.6","5.9","41.1","8.3","32.1","6.7","10.1","4.9","14.5","6.4","5.7","4.6","17.5","5.0","15.8","6.9","19.3","6.9","21.0","5.7","19.1","7.1","22.9","7.7","5.3","2.8","0.9","1.3","9.9","5.5","6.9","3.8","6.5","4.8","7.4","4.3","2.5","3.0","2.1","3.0","2.9","3.2","53.3","5.6","44.4","7.5","62.3","6.7","9.4","4.3","8.5","5.0","10.2","4.8","334","98","163","64","171","59","74.3","13.7","71.2","19.7","77.2","14.2","10.5","9.4","17.8","16.7","3.5","4.8","299","102","153","62","146","53","49.8","13.0","45.1","20.7","54.8","16.8","9.7","8.9","13.7","14.7","5.5","6.3","688","106","341","70","347","70","44.0","8.5","28.4","10.7","59.4","10.8","8.9","4.9","0.0","9.7","17.6","8.9","213","71","116","44","97","44","54.9","16.0","52.6","21.2","57.7","22.1","8.9","10.7","13.8","19.4","3.1","6.1","19.5","9.3","14.9","7.6","26.5","13.9","16.0","9.8","21.3","20.1","11.6","8.6","6.9","4.8","9.0","9.7","5.6","5.2","8.3","13.1","0.0","37.9","15.4","22.2","26178","3312","27182","9602","23906","5274","19352","5639","25294","9452","12010","1330","26349","2752","26288","1399","26750","14535","29766","9743","35952","8840","26991","4542","77656","95333","36250","71596","93000","58031","-","**","-","**","-","**","2.2","(X)","(X)","(X)","(X)","(X)",
"1400000US06111000302","Census Tract 3.02, Ventura County, California","781","249","306","171","475","205","4.2","4.8","6.2","9.2","2.9","4.6","35.1","16.9","37.6","25.4","33.5","20.3","42.3","13.0","32.7","15.7","48.4","17.3","18.4","10.6","23.5","18.0","15.2","14.3","4138","357","1917","267","2221","202","17.5","4.9","15.1","6.6","19.6","5.8","12.8","4.9","11.8","5.5","13.7","6.8","18.4","6.1","20.5","8.9","16.6","6.4","30.0","5.5","32.8","8.5","27.5","8.2","7.7","2.7","4.2","2.8","10.8","4.9","8.2","3.5","9.7","5.8","7.0","4.6","5.4","2.4","5.9","3.0","4.9","3.7","69.7","6.0","73.1","6.6","66.7","8.4","13.6","5.2","15.6","7.7","11.9","5.9","781","281","429","209","352","144","81.7","13.0","93.7","7.5","67.0","28.0","18.1","15.3","17.5","19.9","18.8","20.6","856","297","475","185","381","160","69.0","13.0","59.2","19.2","81.4","13.0","11.6","13.0","7.8","12.0","16.3","15.2","1560","249","677","167","883","160","72.1","10.0","70.6","12.2","73.2","12.7","16.1","7.5","19.1","10.7","13.8","8.6","941","185","336","119","605","136","56.4","14.9","71.7","24.8","47.9","16.2","7.7","5.5","17.3","13.4","2.3","3.8","32.1","15.7","30.5","19.4","33.3","18.5","4.2","3.3","4.3","6.1","4.1","5.7","7.0","7.1","11.4","14.5","3.3","3.6","14.0","14.0","4.7","7.5","24.6","26.0","29809","8727","40375","24149","27754","8571","22028","11760","26750","31009","21056","5159","28099","18104","22269","19171","29115","65914","28594","12351","28828","42942","24896","16998","43657","40094","51310","36680","10347","2698","74917","13818","80641","17835","71771","15110","2.6","(X)","(X)","(X)","(X)","(X)",
"1400000US06111000303","Census Tract 3.03, Ventura County, California","294","132","212","115","82","55","18.4","13.3","16.5","16.4","23.2","30.3","18.7","19.8","17.5","24.0","22.0","25.7","44.9","17.9","41.0","17.4","54.9","32.2","18.0","21.2","25.0","26.1","0.0","33.2","3064","262","1544","174","1520","147","15.1","5.1","16.1","6.6","14.1","5.9","14.0","4.4","12.2","5.6","15.8","5.9","24.7","5.4","23.6","7.6","25.8","7.5","23.9","6.2","23.6","9.6","24.1","6.9","8.3","3.2","5.8","4.8","10.8","5.4","7.5","3.5","7.3","4.6","7.6","4.1","6.6","3.1","11.5","6.1","1.7","1.7","70.9","6.8","71.7","9.1","70.1","6.8","14.1","4.1","18.8","6.5","9.3","4.3","766","246","429","191","337","93","88.6","12.1","94.2","8.5","81.6","16.8","14.2","9.2","20.3","13.7","6.5","9.7","599","174","283","105","316","112","61.4","16.9","70.0","19.7","53.8","24.8","4.5","5.1","0.0","11.6","8.5","9.8","1165","181","544","147","621","88","67.6","11.2","59.2","16.2","74.9","12.2","15.0","7.3","21.1","10.8","9.7","7.2","534","68","288","58","246","58","63.3","12.4","63.5","17.1","63.0","16.4","22.7","12.7","30.6","20.0","13.4","12.0","16.5","12.1","10.2","11.7","23.5","14.0","10.2","8.8","5.0","7.3","15.0","17.2","5.9","5.6","7.6","10.9","4.6","5.3","0.0","7.9","0.0","11.5","0.0","22.3","29321","10559","37203","7309","24696","2020","24745","9855","30833","15767","23088","16736","26292","17582","47500","6565","23750","1205","26672","12589","27438","23867","25845","6872","39148","29759","26713","40352","62656","48942","53750","96456","93500","132179","53393","47906","5.9","(X)","(X)","(X)","(X)","(X)",
"1400000US06111000304","Census Tract 3.04, Ventura County, California","433","157","215","91","218","147","18.9","15.2","18.6","21.7","19.3","21.2","24.7","17.0","40.5","27.7","9.2","12.3","49.7","19.2","34.0","21.6","65.1","31.1","6.7","9.5","7.0","16.4","6.4","10.3","2781","318","1537","229","1244","142","26.0","6.0","25.7","7.3","26.4","7.7","13.3","6.0","13.3","7.2","13.4","7.2","18.2","5.7","17.0","8.4","19.5","8.0","21.3","5.2","22.5","7.4","19.9","7.3","10.5","7.6","11.1","7.6","9.6","8.4","5.4","3.0","5.7","3.8","4.9","3.9","5.4","5.0","4.6","4.7","6.3","6.0","60.7","7.5","61.0","9.1","60.2","9.9","10.7","5.2","10.3","5.0","11.2","7.2","830","348","451","200","379","174","68.0","14.5","56.5","18.1","81.5","14.3","5.8","7.6","4.0","6.5","7.9","9.8","770","243","420","140","350","144","50.5","18.3","67.1","19.5","30.6","19.2","13.4","16.7","10.0","15.1","17.4","19.5","885","218","522","159","363","86","64.5","13.0","60.5","14.7","70.2","17.8","13.4","6.6","15.1","10.3","11.0","10.1","296","98","144","60","152","53","55.1","15.3","59.0","19.7","51.3","24.1","9.5","8.5","13.9","12.6","5.3","6.4","37.4","16.0","37.6","17.6","37.2","17.3","15.8","12.8","21.0","18.0","10.3","11.4","8.3","7.6","0.0","6.5","19.9","16.7","5.4","12.7","10.1","22.9","0.0","22.0","23609","1838","24011","2977","22631","8929","14550","3854","14420","3098","20536","18036","23952","2722","24894","11952","14063","14454","26332","6750","26277","6117","30139","24775","28818","48916","29932","113022","26125","1573","94063","16242","108375","3823","7344","176698","5.3","(X)","(X)","(X)","(X)","(X)",
"1400000US06111000400","Census Tract 4, Ventura County, California","1051","220","419","145","632","145","20.2","10.8","31.0","15.4","13.0","10.2","21.1","8.7","27.4","14.9","16.9","8.7","55.0","10.5","37.0","15.5","66.9","10.6","3.7","3.3","4.5","6.2","3.2","3.7","4024","370","2222","310","1802","173","28.5","7.0","35.6","10.5","19.8","6.0","9.3","2.7","7.1","3.2","12.2","5.2","17.0","4.1","13.9","5.4","21.0","6.2","23.2","4.2","23.6","6.8","22.8","6.2","7.2","3.0","6.8","3.9","7.7","4.1","9.6","3.0","7.6","2.9","12.2","5.5","5.0","1.9","5.4","2.3","4.4","2.8","62.1","6.7","57.3","9.7","68.0","7.0","14.6","3.5","13.1","3.6","16.5","5.5","864","168","439","131","425","113","76.2","12.8","81.5","12.9","70.6","17.7","13.0","7.8","6.6","6.8","19.5","13.8","1127","240","677","210","450","90","66.1","14.5","56.7","18.0","80.2","13.7","10.8","5.5","11.4","6.6","10.0","8.1","1379","179","786","133","593","105","57.2","10.3","46.8","13.7","71.0","11.0","16.4","5.8","13.0","5.9","20.9","9.0","654","113","320","70","334","76","47.1","11.8","51.3","14.4","43.1","12.7","19.6","7.2","25.6","10.9","13.8","8.1","21.9","15.0","23.9","21.8","18.6","11.5","4.4","4.8","3.6","7.9","5.0","5.7","7.7","4.9","4.6","3.8","11.6","9.4","3.3","3.7","3.5","5.3","3.0","5.2","29311","5318","30169","7037","26771","5973","16404","8100","18659","10132","11205","6806","30250","3927","31450","4938","25278","17867","36551","2174","53068","17523","31250","9232","67852","31343","85000","40939","60125","32710","84773","39307","103571","36409","69250","17322","5.4","(X)","(X)","(X)","(X)","(X)",
"1400000US06111000500","Census Tract 5, Ventura County, California","256","121","195","124","61","50","14.1","10.9","18.5","16.4","0.0","39.4","37.1","12.3","26.7","14.9","70.5","21.3","47.7","14.0","54.9","12.4","24.6","23.6","1.2","4.8","0.0","16.4","4.9","20.1","1349","175","654","125","695","102","22.3","7.9","26.6","8.7","18.3","8.1","13.9","6.5","16.4","6.1","11.5","9.6","23.6","7.2","22.9","8.5","24.2","9.4","23.5","6.0","16.2","5.8","30.4","9.3","9.8","3.8","9.6","6.1","9.9","5.0","6.1","3.1","7.2","4.5","5.0","3.8","0.9","1.1","1.1","1.6","0.7","1.3","63.8","7.2","57.0","8.4","70.2","9.7","7.0","3.7","8.3","4.9","5.8","4.3","336","124","169","105","167","56","67.3","11.3","55.6","12.2","79.0","19.1","7.7","7.1","8.3","11.1","7.2","11.4","244","86","113","52","131","53","68.9","19.4","69.0","24.0","68.7","26.2","0.8","1.8","1.8","3.9","0.0","23.2","453","158","225","83","228","87","53.0","17.5","51.6","20.5","54.4","18.3","8.4","5.9","7.6","5.9","9.2","8.4","316","46","147","41","169","34","71.8","14.4","57.8","18.2","84.0","14.4","8.9","7.4","14.3","11.6","4.1","6.2","21.0","11.9","21.5","13.4","20.3","13.8","28.0","14.6","21.5","18.1","32.7","16.6","10.5","6.2","0.0","20.9","16.1","9.0","37.0","22.7","32.7","24.3","42.5","38.1","22675","2826","25746","2789","20297","2902","21222","4721","24831","2129","18641","4629","21554","8079","21944","23765","20500","11655","37896","15817","50769","10801","30446","25190","50938","47953","70313","75784","-","**","-","**","-","**","-","**","4.4","(X)","(X)","(X)","(X)","(X)",
"1400000US06111000600","Census Tract 6, Ventura County, California","652","181","300","109","352","118","27.5","14.7","38.3","23.0","18.2","12.4","26.2","12.4","28.7","19.2","24.1","13.8","38.5","10.6","22.7","17.3","52.0","15.4","7.8","7.6","10.3","12.6","5.7","7.6","3302","289","1778","207","1524","159","26.5","6.6","32.2","10.2","19.8","5.8","20.4","4.3","18.7","6.4","22.4","5.6","22.8","4.7","21.7","7.2","24.1","5.5","18.3","4.7","13.9","6.0","23.3","7.2","5.0","2.4","4.4","3.3","5.6","3.8","4.8","3.3","7.6","6.0","1.6","1.5","2.3","1.4","1.5","1.7","3.2","2.9","53.1","6.1","49.1","8.6","57.9","7.2","7.1","4.1","9.1","5.7","4.8","3.3","986","193","492","153","494","102","51.2","12.3","53.0","16.6","49.4","16.3","6.4","6.6","11.8","12.7","1.0","2.1","810","188","492","129","318","104","44.3","11.6","36.8","13.1","56.0","15.7","2.6","2.6","0.8","1.6","5.3","6.3","1048","174","561","112","487","109","61.1","11.0","50.1","15.5","73.7","9.6","11.7","8.5","14.4","10.6","8.6","8.7","458","109","233","91","225","72","54.8","13.6","64.4","17.1","44.9","17.9","5.9","6.9","7.7","12.4","4.0","5.7","33.0","10.7","21.8","10.4","48.8","13.1","36.9","13.0","27.0","15.7","47.3","16.9","16.0","9.0","7.3","11.7","22.4","12.4","11.1","19.1","16.1","26.2","0.0","35.8","20271","1846","21355","2529","16905","5538","15443","3749","17801","2908","10556","3073","20880","3695","30964","13159","14926","8065","23507","3990","36447","18933","20723","2167","41789","1097","42031","938","-","**","83705","1673","-","**","83705","7965","7.5","(X)","(X)","(X)","(X)","(X)",
"1400000US06111000701","Census Tract 7.01, Ventura County, California","820","360","464","286","356","131","51.7","20.0","56.7","20.9","45.2","23.9","27.3","12.2","32.5","18.2","20.5","15.0","19.8","14.0","10.8","12.0","31.5","22.3","1.2","2.1","0.0","7.3","2.8","4.6","3529","349","1781","244","1748","174","26.5","6.7","27.8","8.6","25.1","7.1","13.7","4.4","19.0","7.6","8.2","4.0","23.4","4.9","20.6","6.5","26.2","7.9","22.2","6.0","17.1","7.1","27.5","7.6","4.4","2.1","5.4","3.5","3.4","2.4","7.1","3.0","7.0","3.0","7.3","4.5","2.7","2.0","3.0","2.8","2.3","2.6","59.8","6.4","53.1","8.6","66.7","7.6","9.8","3.7","10.0","3.5","9.6","5.0","935","251","440","155","495","151","78.0","11.8","65.9","21.0","88.7","8.7","11.4","10.4","6.1","9.3","16.2","13.6","874","198","545","166","329","98","64.2","16.7","61.5","18.8","68.7","21.3","14.0","8.4","14.9","11.8","12.5","8.2","1117","128","533","111","584","75","51.8","11.3","41.1","16.0","61.6","14.5","6.8","5.8","9.4","9.4","4.5","6.7","603","169","263","92","340","114","40.3","14.4","38.8","21.0","41.5","17.5","6.8","6.9","7.6","9.8","6.2","7.3","24.0","10.6","25.5","12.2","21.7","12.5","23.2","11.9","9.4","7.6","34.3","17.9","10.5","8.3","16.0","16.0","6.3","6.2","9.9","10.9","0.0","19.0","19.6","21.9","28076","4677","34274","3356","16716","4163","19795","4208","24750","9956","15862","4165","27500","16092","40523","6894","12500","7923","30221","12402","37340","14519","16835","21169","48438","31742","66612","16634","33720","7692","62857","60382","-","**","63795","13421","2.7","(X)","(X)","(X)","(X)","(X)",
"1400000US06111000702","Census Tract 7.02, Ventura County, California","362","92","215","76","147","58","22.7","15.1","22.8","20.6","22.4","21.7","40.1","17.8","48.4","19.2","27.9","25.9","37.3","15.4","28.8","15.1","49.7","28.1","0.0","9.2","0.0","15.0","0.0","21.0","2273","215","1248","236","1025","104","12.6","3.5","14.5","5.2","10.3","5.4","14.3","4.3","13.5","5.7","15.3","5.8","32.3","6.5","35.5","9.0","28.4","6.5","24.5","5.8","18.8","6.7","31.3","8.8","6.1","3.2","7.4","4.6","4.6","3.2","6.4","3.2","7.8","4.7","4.8","3.3","3.7","2.1","2.5","1.8","5.3","4.4","73.0","5.6","72.0","7.7","74.3","8.1","10.2","4.7","10.3","5.0","10.0","5.3","552","178","370","183","182","68","89.1","7.5","96.2","6.0","74.7","18.3","8.9","7.1","7.8","8.8","11.0","11.6","555","144","308","119","247","82","63.4","9.6","53.9","14.7","75.3","15.7","3.1","2.9","0.0","10.7","6.9","6.4","777","99","424","66","353","55","75.0","9.9","69.1","13.7","82.2","10.4","15.4","11.3","15.3","10.8","15.6","12.6","389","67","146","51","243","56","59.9","11.9","56.8","18.2","61.7","14.0","11.6","7.8","23.3","14.5","4.5","5.3","20.2","9.1","7.4","6.6","37.3","19.2","7.9","7.3","7.9","10.2","7.9","8.4","1.0","1.3","0.9","1.6","1.1","1.9","0.0","14.0","0.0","23.6","0.0","28.1","36322","8360","41141","10496","31835","6950","19493","7064","30625","19652","15245","2228","35104","10763","36042","13160","32083","20191","41250","10277","43429","10325","36310","10246","52786","16473","53429","7539","33269","34349","68864","1133","71250","120817","68864","726","11.5","(X)","(X)","(X)","(X)","(X)",
"1400000US06111000800","Census Tract 8, Ventura County, California","737","205","314","116","423","145","10.0","8.0","9.2","9.1","10.6","9.1","22.3","10.1","29.3","15.1","17.0","11.4","61.1","14.7","53.8","21.2","66.4","15.3","6.6","5.2","7.6","9.6","5.9","5.5","5056","343","2351","215","2705","207","14.1","3.8","18.2","6.0","10.6","4.0","9.0","2.8","9.1","3.7","8.8","3.9","20.1","3.5","20.8","5.0","19.4","4.5","24.2","3.4","20.7","5.8","27.2","5.4","8.8","2.4","7.6","3.0","9.8","3.8","13.6","2.8","12.2","4.2","14.8","4.5","10.3","3.4","11.3","3.8","9.4","4.5","76.9","4.6","72.7","6.5","80.6","5.2","23.9","4.0","23.5","5.1","24.2","5.2","709","200","393","149","316","111","73.5","17.2","62.6","23.6","87.0","12.6","16.8","7.1","5.1","4.0","31.3","13.5","1079","202","382","100","697","149","73.7","10.1","72.0","14.4","74.6","12.7","31.0","10.4","22.8","14.9","35.6","12.5","2095","263","1065","178","1030","155","77.0","7.0","72.2","10.3","81.9","8.1","20.9","6.4","24.7","7.8","17.0","8.0","1173","242","511","141","662","142","81.8","7.4","82.0","10.3","81.6","8.5","26.9","8.0","35.8","12.8","20.1","8.0","15.7","9.5","10.0","7.7","22.6","13.4","9.3","6.7","8.2","6.6","10.3","7.6","5.9","2.8","1.4","1.5","8.9","4.6","5.5","4.8","5.4","5.2","5.5","5.9","31718","4421","38116","7189","28836","4756","20417","7242","24583","10346","15781","10889","32243","19186","45387","17768","23618","10605","35254","6898","44375","21912","30790","4550","68304","18140","22308","40575","72313","20889","73986","32093","79756","9081","53750","48108","8.5","(X)","(X)","(X)","(X)","(X)",
"1400000US06111000901","Census Tract 9.01, Ventura County, California","114","63","64","40","50","38","14.9","14.6","15.6","21.8","14.0","23.3","22.8","23.0","17.2","22.4","30.0","40.2","56.1","26.1","56.3","35.7","56.0","37.7","6.1","10.6","10.9","19.8","0.0","43.5","1981","240","941","115","1040","153","2.3","2.0","1.9","2.2","2.6","2.3","4.1","2.6","6.9","5.1","1.6","1.9","11.1","5.7","12.2","8.0","10.1","4.9","25.5","6.9","18.8","7.7","31.5","8.7","5.1","2.3","3.6","2.8","6.4","3.5","28.4","7.1","34.1","9.3","23.3","7.3","23.5","5.3","22.4","7.0","24.4","6.9","93.6","2.6","91.2","5.1","95.8","3.0","51.9","7.2","56.5","9.3","47.7","8.4","171","106","103","62","68","56","79.5","21.9","70.9","28.8","92.6","16.0","10.5","15.4","3.9","9.0","20.6","31.7","178","78","88","50","90","44","84.8","13.7","83.0","19.0","86.7","17.4","62.4","21.8","56.8","26.8","67.8","24.8","943","166","438","91","505","103","96.1","4.5","93.6","9.3","98.2","3.0","49.1","9.4","58.0","13.1","41.4","9.9","689","165","312","87","377","105","95.9","3.9","96.8","4.8","95.2","5.7","63.3","10.9","71.8","14.8","56.2","12.6","15.0","18.2","8.4","18.7","27.3","30.8","14.4","14.8","7.4","13.3","23.3","25.5","5.7","6.3","1.4","4.1","8.0","7.6","2.6","2.3","1.9","2.9","3.3","3.5","49315","23819","61031","20376","40714","18143","31528","25915","36563","40159","-","**","29519","14900","29519","43774","2,500-","***","30417","18486","20104","33188","35234","13671","88750","43396","91786","68284","66250","69384","67366","39831","140000","156739","65045","12860","10.6","(X)","(X)","(X)","(X)","(X)",
"1400000US06111000902","Census Tract 9.02, Ventura County, California","86","48","67","42","19","18","34.9","30.0","29.9","35.8","52.6","45.9","12.8","13.6","10.4","13.5","21.1","40.4","52.3","28.5","59.7","34.3","26.3","34.1","0.0","32.1","0.0","37.6","0.0","70.6","1487","135","718","81","769","76","2.9","2.1","4.2","3.4","1.7","1.5","2.7","1.9","0.3","0.8","4.9","3.7","13.9","3.7","13.8","5.4","14.0","5.3","28.5","6.1","22.3","7.1","34.3","8.3","6.5","3.0","4.9","3.3","8.1","4.0","22.9","4.6","27.4","7.3","18.6","7.1","22.6","5.0","27.2","6.0","18.3","6.0","94.4","2.4","95.5","3.5","93.4","3.4","45.5","5.6","54.6","8.3","36.9","7.6","197","76","99","44","98","41","96.4","5.2","96.0","6.5","96.9","7.1","34.5","17.0","39.4","19.7","29.6","20.9","146","64","63","34","83","40","77.4","15.9","87.3","16.8","69.9","30.3","21.2","16.9","38.1","26.5","8.4","14.0","716","131","314","68","402","75","96.6","2.7","98.1","2.8","95.5","3.1","44.8","9.7","53.2","15.5","38.3","10.4","428","95","242","65","186","50","95.6","5.0","94.2","7.9","97.3","3.8","59.8","11.4","66.9","13.6","50.5","17.7","9.6","13.1","6.3","17.8","11.8","18.5","21.3","10.2","20.2","15.3","22.2","15.8","25.9","10.0","19.0","12.8","30.2","16.2","6.2","4.9","6.1","7.3","6.3","5.8","56289","11903","68654","28349","36471","13066","63750","134254","26667","23059","125714","139555","37500","44406","91042","70100","15208","14404","28850","10345","20156","15433","32841","14365","57337","26396","67644","24490","44063","57392","87097","18186","113281","20958","56100","16394","5.0","(X)","(X)","(X)","(X)","(X)",
"1400000US06111000903","Census Tract 9.03, Ventura County, California","420","163","91","65","329","136","4.5","8.6","0.0","30.9","5.8","10.9","35.2","18.4","40.7","33.7","33.7","24.5","60.2","16.8","59.3","33.7","60.5","22.6","0.0","8.0","0.0","30.9","0.0","10.1","3873","292","1829","206","2044","219","6.9","3.9","6.8","4.4","7.1","4.2","3.7","2.9","6.1","5.8","1.5","1.6","14.8","4.7","15.7","6.6","14.0","6.0","24.1","5.3","23.4","7.7","24.8","6.7","6.9","3.1","4.4","4.1","9.1","5.8","26.6","3.5","26.9","6.9","26.3","6.0","17.0","4.2","16.7","6.8","17.3","5.4","89.4","3.9","87.1","5.6","91.4","4.6","43.6","5.1","43.6","7.3","43.6","7.3","590","219","300","144","290","129","87.6","13.7","75.7","25.2","100.0","11.4","27.5","15.3","32.0","21.4","22.8","16.2","428","138","178","85","250","100","95.1","10.9","88.2","24.6","100.0","13.0","56.3","19.1","48.9","29.9","61.6","21.1","2004","246","975","179","1029","169","91.2","4.7","94.6","5.7","87.9","6.3","48.3","7.4","48.6","10.9","47.9","12.2","851","168","376","92","475","136","83.5","10.8","76.3","14.2","89.3","9.4","37.4","11.3","37.2","17.2","37.5","14.4","43.9","18.4","43.0","25.0","45.2","22.5","18.7","16.2","22.6","28.0","14.7","15.2","12.3","7.7","6.9","7.9","16.5","12.2","8.4","5.1","1.6","2.7","14.5","9.4","36020","11582","41483","9047","24694","9172","17572","9538","12938","13057","-","**","24758","30201","53138","37325","12143","14425","23500","3193","26800","30302","23000","1974","42224","9605","45368","31928","31364","25903","70547","11838","70741","31208","70405","15371","3.5","(X)","(X)","(X)","(X)","(X)",
"1400000US06111001001","Census Tract 10.01, Ventura County, California","314","136","160","84","154","97","33.8","18.7","48.8","30.6","18.2","20.2","15.0","12.1","13.8","14.2","16.2","16.4","41.7","16.9","21.3","21.0","63.0","23.1","9.6","13.6","16.3","24.8","2.6","8.3","1994","194","971","123","1023","110","5.5","3.0","10.6","6.3","0.7","1.4","3.5","4.1","5.6","8.1","1.6","1.9","25.5","8.0","27.3","9.1","23.8","9.2","29.5","6.2","33.1","9.1","26.1","9.2","13.8","5.4","4.5","5.0","22.6","9.0","17.0","6.1","17.0","7.0","17.0","7.5","5.2","3.3","2.0","2.2","8.3","5.3","91.0","3.0","83.8","6.1","97.8","2.2","22.2","7.0","18.9","7.4","25.3","9.1","281","158","119","102","162","81","84.3","23.3","63.0","44.6","100.0","19.3","26.3","15.6","0.0","25.1","45.7","33.5","284","103","139","72","145","63","85.2","11.7","69.8","26.8","100.0","21.2","4.2","6.9","0.0","22.0","8.3","13.1","958","145","470","88","488","80","97.3","2.5","98.9","1.9","95.7","4.8","27.6","9.0","31.5","13.8","23.8","12.1","471","88","243","81","228","59","85.6","7.4","72.8","15.8","99.1","4.9","19.7","13.8","14.8","14.3","25.0","17.8","18.8","27.6","21.1","30.8","0.0","72.5","29.1","16.5","44.9","21.9","11.9","18.1","7.1","4.1","6.7","7.6","7.4","6.2","5.2","6.2","6.5","10.6","4.2","6.9","27468","8005","36767","15535","26080","1266","32827","15587","32827","15587","-","**","26731","4308","30592","33874","26558","2219","27119","11436","37457","70056","26250","2562","46667","19480","69091","41330","12361","59436","18333","61019","-","**","12250","16161","2.8","(X)","(X)","(X)","(X)","(X)",
"1400000US06111001002","Census Tract 10.02, Ventura County, California","534","277","218","200","316","117","3.6","6.2","0.0","14.8","6.0","10.1","15.9","13.3","19.3","26.3","13.6","11.1","47.8","20.6","80.7","26.3","25.0","21.2","32.8","18.8","0.0","14.8","55.4","28.2","5431","464","2781","329","2650","287","7.8","4.4","7.0","4.4","8.8","4.7","11.1","4.5","17.4","7.8","4.6","3.1","18.4","4.6","20.1","6.4","16.6","4.9","30.3","6.0","29.7","8.2","31.0","7.1","6.0","2.6","4.9","3.1","7.1","4.1","14.9","4.0","12.8","4.5","17.1","6.3","11.4","2.7","8.1","3.8","14.9","4.5","81.0","7.1","75.6","9.7","86.7","5.7","26.3","4.8","20.9","5.5","32.0","7.0","639","267","440","229","199","129","52.7","22.8","39.5","27.2","81.9","27.8","18.6","16.8","0.0","7.6","59.8","31.5","951","233","454","141","497","181","75.0","15.2","68.1","21.0","81.3","13.9","24.3","12.4","20.7","12.8","27.6","17.5","2230","301","1140","219","1090","174","87.6","6.0","88.8","7.2","86.4","6.6","31.3","6.7","28.9","9.5","33.8","10.0","1611","201","747","163","864","126","86.7","10.1","81.4","14.5","91.2","8.6","23.6","7.9","21.2","9.6","25.8","9.6","28.8","17.2","25.7","17.2","35.0","20.5","13.9","10.0","18.6","16.4","7.9","7.9","10.4","4.9","9.3","6.2","11.4","6.7","10.5","6.6","7.1","7.0","12.9","9.1","32766","10426","36125","15558","28229","10003","19210","6810","20142","11767","18944","2102","32938","8046","25915","10636","34047","1427","39612","23787","44556","14166","21901","28060","47156","10666","82212","49192","22045","36856","50556","22573","101641","200924","34327","23379","2.7","(X)","(X)","(X)","(X)","(X)",
"1400000US06111001101","Census Tract 11.01, Ventura County, California","512","145","309","137","203","116","10.2","8.4","13.9","13.9","4.4","7.4","29.5","13.7","18.8","14.9","45.8","18.3","55.3","16.5","58.9","25.4","49.8","19.5","5.1","5.8","8.4","10.2","0.0","15.8","3317","223","1633","179","1684","126","6.8","3.3","10.1","5.7","3.6","2.2","5.2","2.5","5.7","3.8","4.8","2.9","23.1","5.1","23.3","7.1","22.9","6.2","28.9","4.5","27.8","7.1","29.9","6.0","11.9","3.7","5.0","3.7","18.6","6.6","14.4","4.3","17.8","7.3","11.1","4.8","9.7","2.9","10.3","4.6","9.0","3.7","87.9","3.8","84.2","6.3","91.6","3.5","24.1","5.5","28.1","8.7","20.1","5.8","552","183","297","115","255","98","92.8","7.2","91.6","9.4","94.1","7.4","25.9","14.8","33.0","25.1","17.6","13.3","419","108","220","69","199","80","80.7","12.5","75.9","17.9","85.9","15.1","28.9","15.8","28.6","15.8","29.1","21.6","1653","174","818","114","835","102","86.0","6.3","81.4","9.4","90.5","6.2","21.4","6.5","21.4","9.2","21.4","8.5","693","82","298","73","395","75","93.1","5.9","90.6","10.4","94.9","7.7","26.0","10.3","41.3","18.4","14.4","10.7","4.8","5.2","3.5","5.8","7.0","9.9","15.7","7.0","12.6","8.8","18.7","10.5","7.8","4.0","2.4","2.7","11.3","6.0","2.1","2.4","1.7","2.7","2.7","4.3","35487","3118","41105","5393","25000","10584","33269","25059","40972","8638","9896","6491","16321","5972","26750","15676","8043","4680","35962","8759","40313","15720","35345","10008","37325","25871","60278","24979","12411","30915","79531","13276","85724","11924","66579","12646","1.7","(X)","(X)","(X)","(X)","(X)",
"1400000US06111001102","Census Tract 11.02, Ventura County, California","218","109","162","100","56","36","4.1","6.8","0.0","19.3","16.1","25.1","24.3","15.8","17.9","16.5","42.9","38.8","67.4","18.1","76.5","19.4","41.1","37.6","4.1","6.7","5.6","9.4","0.0","41.1","2783","219","1369","123","1414","165","2.8","1.4","3.5","2.0","2.1","1.6","7.7","4.5","7.4","6.3","8.0","5.7","16.2","3.8","22.6","6.4","10.1","4.0","31.6","5.9","28.1","7.6","35.0","8.3","10.1","3.9","6.0","4.0","14.0","6.1","20.2","5.1","17.8","5.8","22.4","6.8","11.5","3.6","14.6","5.7","8.4","3.9","89.5","4.9","89.1","6.6","90.0","6.0","31.6","6.8","32.4","8.1","30.8","8.0","470","132","205","87","265","103","87.9","6.8","82.9","12.6","91.7","7.1","11.5","7.4","10.7","10.8","12.1","10.3","326","111","194","76","132","55","85.9","14.8","76.3","22.0","100.0","23.0","32.8","15.0","25.3","18.6","43.9","25.5","1328","141","666","78","662","112","91.3","6.5","91.6","7.4","91.1","10.2","35.9","9.8","33.6","10.8","38.2","13.2","659","90","304","58","355","67","88.9","9.1","96.1","6.8","82.8","14.9","36.7","11.6","49.0","17.1","26.2","13.9","34.0","25.9","39.6","39.0","28.2","39.6","9.7","8.1","6.1","6.9","17.5","22.0","7.8","6.3","4.3","5.1","10.2","9.5","9.3","7.6","7.9","9.3","10.8","11.7","35585","7722","45417","12246","25645","9307","15528","6996","16083","4257","-","**","50417","48268","51389","53335","41406","76031","33694","10132","45179","11590","20167","15485","53750","32269","109205","28130","30000","13554","55947","38858","56667","79024","55536","34020","6.5","(X)","(X)","(X)","(X)","(X)",
"1400000US06111001201","Census Tract 12.01, Ventura County, California","407","176","223","126","184","75","4.7","5.1","4.0","6.8","5.4","6.9","36.4","13.1","32.3","15.1","41.3","20.7","59.0","14.5","63.7","16.0","53.3","22.8","0.0","8.2","0.0","14.5","0.0","17.2","2754","191","1287","142","1467","101","3.0","1.4","2.6","1.4","3.3","2.4","7.2","2.5","6.4","3.9","7.9","4.0","18.7","4.2","16.6","5.7","20.6","7.0","29.7","5.0","29.5","7.6","29.9","7.1","12.1","3.8","13.2","5.6","11.2","4.4","23.3","4.9","27.7","8.4","19.5","5.5","6.0","2.6","4.1","2.7","7.6","3.6","89.8","2.7","91.1","4.0","88.8","4.7","29.3","5.1","31.8","8.3","27.1","6.2","363","136","202","81","161","71","89.3","8.8","80.7","16.6","100.0","19.4","30.0","16.5","35.1","20.7","23.6","20.8","486","84","209","58","277","57","95.5","4.4","95.7","7.0","95.3","5.4","33.5","11.6","24.4","14.7","40.4","16.8","1109","130","490","80","619","79","89.5","4.8","91.6","6.7","87.9","8.0","25.2","6.8","29.0","10.8","22.3","8.7","796","117","386","93","410","78","87.1","5.8","93.3","5.2","81.2","9.4","31.9","9.5","37.6","15.6","26.6","12.2","29.1","16.1","66.7","24.4","3.0","6.2","14.4","9.8","11.3","11.5","16.6","14.9","15.8","7.2","16.5","9.6","15.0","8.9","3.7","4.1","0.0","8.2","7.6","8.2","41234","3294","50766","7792","38219","3048","23454","2593","16892","10725","24046","9437","26607","16346","32500","23593","25179","14696","41214","4789","49167","11786","38013","7647","64219","10020","66169","8418","54667","18511","59821","57636","53125","35463","62125","91179","4.3","(X)","(X)","(X)","(X)","(X)",
"1400000US06111001202","Census Tract 12.02, Ventura County, California","460","138","207","93","253","127","15.0","14.4","23.7","26.7","7.9","12.7","8.7","8.1","9.7","12.0","7.9","11.6","62.6","19.2","58.0","26.4","66.4","25.8","13.7","11.1","8.7","13.4","17.8","15.3","4703","339","2296","279","2407","197","1.7","1.3","1.1","1.3","2.3","2.1","3.3","1.9","1.6","1.5","4.9","3.6","16.9","5.5","19.9","7.4","14.0","5.4","29.3","5.7","33.3","9.9","25.6","7.1","10.1","3.6","7.3","3.9","12.7","6.1","24.2","5.2","25.4","6.8","23.1","6.4","14.4","3.3","11.3","4.1","17.4","4.8","95.0","2.4","97.3","2.0","92.8","4.0","38.7","6.6","36.7","8.5","40.5","7.2","473","228","215","193","258","132","98.3","3.3","96.3","8.1","100.0","12.7","26.8","21.6","14.0","24.2","37.6","26.6","969","136","507","120","462","106","93.1","5.3","93.9","6.5","92.2","7.9","35.7","13.3","27.4","14.1","44.8","18.0","2173","166","1041","128","1132","122","95.5","3.8","98.8","1.9","92.4","7.2","45.6","9.8","43.6","11.5","47.3","11.8","1088","209","533","115","555","152","94.2","5.5","97.7","3.9","90.8","8.6","32.7","13.1","41.3","16.4","24.5","14.2","22.0","21.5","19.0","28.0","23.1","25.1","4.5","5.3","0.0","7.4","10.7","11.6","4.0","3.5","3.2","3.5","4.9","5.0","3.4","3.1","5.5","6.1","1.5","2.4","51711","18040","60026","17296","44306","21501","33676","2522","68438","39023","33186","4075","27132","17961","37859","18343","21744","5056","41655","16071","53304","24055","31345","5872","65655","5433","63250","15565","67353","17714","82500","8233","110357","19251","76039","2799","2.1","(X)","(X)","(X)","(X)","(X)",
"1400000US06111001204","Census Tract 12.04, Ventura County, California","302","80","138","48","164","50","17.2","11.1","18.1","14.3","16.5","17.9","23.5","13.4","29.0","24.2","18.9","16.0","56.3","12.2","52.9","23.9","59.1","22.1","3.0","4.8","0.0","22.2","5.5","8.7","1831","157","853","111","978","99","9.1","5.2","10.1","5.8","8.2","5.9","12.3","4.0","14.7","7.8","10.3","4.9","26.2","5.5","32.7","10.8","20.6","5.8","23.7","4.9","16.3","4.9","30.2","7.3","6.4","3.8","4.2","3.7","8.3","5.1","15.6","5.3","11.1","4.5","19.5","8.1","6.7","3.4","10.9","6.9","3.0","1.9","78.6","6.2","75.3","10.1","81.5","7.0","22.3","7.3","22.0","8.5","22.5","8.0","341","123","190","84","151","57","85.9","9.6","82.1","14.8","90.7","12.9","30.5","17.3","25.8","16.8","36.4","25.7","320","124","159","80","161","61","51.3","18.0","39.6","25.3","62.7","18.4","12.2","7.9","1.9","3.9","22.4","12.9","915","138","375","75","540","84","87.8","5.7","90.4","6.9","85.9","9.9","24.5","11.2","29.1","15.4","21.3","10.6","255","63","129","42","126","42","70.2","15.2","65.1","22.9","75.4","14.6","16.1","8.5","20.9","14.3","11.1","10.4","25.8","14.7","13.7","12.6","39.8","20.2","25.2","10.9","20.8","13.8","31.3","15.6","12.3","5.9","8.0","8.2","14.4","9.5","4.9","4.9","0.0","16.9","9.1","9.0","32069","8007","35286","13723","31477","6757","17470","11085","20469","12393","17132","15837","33224","5027","37000","14294","32697","2376","32875","12992","23971","4012","37153","13315","37984","10950","38819","3751","25750","30855","168281","182675","220069","175762","93125","43101","2.7","(X)","(X)","(X)","(X)","(X)",
"1400000US06111001206","Census Tract 12.06, Ventura County, California","33","39","1","10","32","38","0.0","53.6","0.0","100.0","0.0","54.4","72.7","58.2","0.0","100.0","75.0","52.9","27.3","58.2","100.0","100.0","25.0","52.9","0.0","53.6","0.0","100.0","0.0","54.4","630","114","318","58","312","81","1.4","2.0","1.3","2.2","1.6","2.1","5.9","6.1","7.2","7.9","4.5","5.1","11.6","6.3","13.5","8.2","9.6","9.8","28.6","7.5","29.9","10.9","27.2","12.2","6.0","4.3","7.2","7.4","4.8","4.3","23.0","9.6","23.0","10.1","23.1","12.7","23.5","8.2","17.9","9.7","29.2","13.4","92.7","6.5","91.5","8.3","93.9","5.6","46.5","12.1","40.9","12.9","52.2","17.2","64","43","26","20","38","39","70.3","30.5","46.2","43.6","86.8","23.0","51.6","39.0","15.4","29.9","76.3","37.1","97","61","47","35","50","31","95.9","8.2","91.5","18.7","100.0","43.5","16.5","15.7","0.0","44.9","32.0","27.5","277","78","150","41","127","44","91.7","11.1","94.0","10.1","89.0","13.3","37.9","16.0","34.7","21.6","41.7","23.3","192","49","95","37","97","37","100.0","16.6","100.0","29.9","100.0","29.4","72.4","14.8","77.9","14.5","67.0","23.1","43.5","33.3","37.0","33.7","52.6","42.5","0.0","35.8","0.0","46.9","0.0","56.2","6.9","8.3","9.3","14.0","4.0","7.6","2.4","3.6","0.0","23.3","4.3","6.4","33438","24379","35313","27375","26964","36037","11125","8311","12250","43890","-","**","16176","8640","17353","119788","6389","5963","40357","33194","23482","26405","43631","22923","62813","25279","64250","20066","44750","70080","77778","121198","112500","173923","20000","72961","5.1","(X)","(X)","(X)","(X)","(X)",
"1400000US06111001301","Census Tract 13.01, Ventura County, California","931","274","442","143","489","212","4.7","4.8","5.9","6.9","3.7","6.3","40.3","18.6","38.0","23.5","42.3","17.0","48.5","17.6","56.1","23.4","41.7","16.1","6.4","5.2","0.0","7.6","12.3","10.0","5028","274","2511","196","2517","239","3.2","2.1","3.3","2.3","3.0","3.2","5.2","2.6","6.1","4.1","4.2","2.5","19.6","4.9","22.0","6.7","17.1","6.3","28.6","5.8","24.5","6.7","32.7","8.3","9.4","2.8","8.8","3.4","9.9","4.8","22.5","4.5","23.4","6.3","21.7","6.6","11.6","3.3","11.8","4.9","11.5","4.4","91.7","3.2","90.5","4.8","92.8","4.2","34.2","5.8","35.2","7.6","33.2","6.7","1022","242","458","149","564","130","97.9","3.2","98.9","3.7","97.2","4.9","37.8","12.7","34.7","19.1","40.2","13.3","1000","204","613","153","387","127","96.1","4.4","96.4","5.5","95.6","6.9","38.1","14.4","34.3","18.2","44.2","20.1","2177","249","1016","150","1161","160","91.7","5.2","91.7","5.4","91.7","7.0","34.9","7.7","38.3","10.2","32.0","9.8","829","139","424","113","405","105","78.5","13.3","70.0","21.7","87.4","10.6","23.0","10.5","29.5","17.2","16.3","13.4","11.7","11.3","12.6","15.1","10.6","13.5","11.7","10.2","12.0","15.1","11.4","12.7","13.5","7.5","15.9","12.0","11.7","9.5","3.8","3.4","4.5","4.9","3.0","3.5","49532","4130","60591","6359","38099","5944","32446","18555","77750","81803","31223","16911","34097","11051","33125","15799","38594","20630","45405","10549","53032","9783","38203","7441","66136","19840","75313","22322","61838","35741","70478","23188","104896","23650","42926","22998","5.9","(X)","(X)","(X)","(X)","(X)",
"1400000US06111001302","Census Tract 13.02, Ventura County, California","52","42","31","31","21","20","25.0","36.3","35.5","48.1","9.5","41.6","19.2","27.1","32.3","43.0","0.0","67.2","55.8","40.9","32.3","45.5","90.5","41.6","0.0","42.7","0.0","55.3","0.0","67.2","1421","210","631","128","790","114","13.7","6.0","13.6","9.0","13.8","7.9","13.2","5.1","20.8","10.0","7.2","5.8","30.2","6.7","26.5","10.1","33.2","8.7","18.6","5.7","14.1","5.9","22.3","8.0","7.1","3.6","5.1","4.3","8.7","5.0","13.1","5.7","13.3","6.5","12.9","7.3","4.0","2.6","6.7","5.1","1.9","2.0","73.0","8.4","65.6","12.3","79.0","8.6","17.1","5.6","20.0","6.6","14.8","7.0","254","116","103","63","151","64","63.4","20.0","58.3","33.4","66.9","29.8","15.4","16.7","13.6","16.5","16.6","20.0","290","116","181","76","109","55","69.0","15.2","60.2","24.1","83.5","15.2","23.8","12.5","29.8","17.3","13.8","12.9","311","94","154","63","157","59","69.1","15.1","59.7","24.8","78.3","18.0","16.4","11.4","18.8","20.1","14.0","13.5","566","70","193","60","373","58","81.6","8.9","79.3","12.0","82.8","9.1","14.8","7.4","15.0","11.0","14.7","10.1","47.5","18.8","39.2","26.1","58.4","23.3","15.4","9.3","4.2","6.6","22.5","14.9","1.6","2.5","0.0","24.7","2.4","3.8","12.8","12.1","0.0","23.9","26.5","22.5","21584","4308","22361","12066","18864","5574","18295","7858","21080","10502","10089","7048","17083","5678","17179","5876","12344","16438","29545","5806","41875","24420","26354","6263","22315","40307","46250","47361","-","**","100750","80719","-","**","-","**","11.0","(X)","(X)","(X)","(X)","(X)",
"1400000US06111001401","Census Tract 14.01, Ventura County, California","420","142","235","101","185","87","13.8","14.2","24.7","23.0","0.0","17.2","11.7","11.7","8.1","10.3","16.2","17.9","64.3","19.9","63.0","24.5","65.9","26.2","10.2","12.0","4.3","6.7","17.8","21.4","2971","226","1465","189","1506","98","1.5","1.1","1.5","1.6","1.5","1.6","8.3","5.9","6.2","6.5","10.3","6.6","19.4","5.1","20.1","7.1","18.7","5.9","23.8","5.3","25.1","7.1","22.6","5.8","12.1","4.9","11.7","5.7","12.5","5.6","21.1","5.6","23.7","8.3","18.7","5.8","13.8","4.0","11.7","4.9","15.9","5.9","90.2","5.8","92.3","6.5","88.2","6.6","35.0","6.1","35.4","8.1","34.5","7.1","453","186","278","138","175","78","85.0","15.4","95.3","7.4","68.6","32.5","33.8","21.4","29.5","22.4","40.6","25.5","533","108","223","67","310","61","94.2","6.1","100.0","14.5","90.0","10.7","46.9","17.9","45.3","23.4","48.1","17.3","1376","149","746","114","630","71","90.8","7.2","90.9","12.3","90.6","8.8","34.4","8.5","35.9","11.6","32.7","10.3","609","60","218","55","391","68","89.5","6.0","85.3","13.2","91.8","7.3","26.6","9.5","31.2","16.9","24.0","13.4","35.9","13.6","12.4","23.7","50.8","25.7","17.4","12.2","25.2","21.8","9.3","8.5","3.1","2.9","3.2","4.8","3.0","3.5","1.3","1.7","2.1","3.3","0.4","1.2","52603","7991","58798","17342","42617","8058","18169","701","-","**","2,500-","***","26083","14925","36190","20005","20662","23158","47596","10993","61058","26622","41750","6397","73650","21254","73200","18512","82250","42459","77685","6810","79848","22995","54375","37361","5.5","(X)","(X)","(X)","(X)","(X)",
"1400000US06111001402","Census Tract 14.02, Ventura County, California","639","224","303","180","336","137","9.7","7.1","15.2","14.1","4.8","6.7","16.4","11.5","13.2","13.9","19.3","18.4","62.4","18.2","71.6","23.4","54.2","24.4","11.4","14.3","0.0","10.9","21.7","24.5","3825","276","1797","191","2028","170","3.8","2.7","0.8","1.3","6.4","4.7","5.6","4.0","5.7","5.4","5.6","4.2","16.3","4.8","16.2","6.0","16.3","6.3","29.8","5.3","33.1","8.7","26.9","6.2","16.0","4.2","14.5","6.5","17.4","4.6","15.6","4.1","15.2","5.3","15.9","5.0","12.9","4.3","14.5","6.4","11.5","4.9","90.6","4.9","93.5","5.6","88.0","5.2","28.5","5.8","29.8","8.3","27.4","6.9","663","204","411","165","252","95","99.5","0.9","99.8","0.7","99.2","1.6","39.4","14.1","36.0","19.0","44.8","20.7","636","154","243","89","393","91","92.5","10.7","89.7","26.6","94.1","9.2","26.7","13.0","10.7","13.3","36.6","19.0","1760","211","800","126","960","122","94.7","5.2","98.1","2.9","91.9","8.4","29.4","8.0","35.4","11.3","24.5","9.5","766","163","343","92","423","113","71.8","16.1","77.8","18.1","66.9","19.1","18.4","10.4","22.7","15.0","14.9","11.5","29.2","25.7","4.3","24.9","41.2","26.7","14.5","11.7","17.2","18.0","12.1","12.5","3.1","2.6","4.3","4.4","2.0","2.4","6.4","6.6","7.3","7.6","5.6","6.7","46075","6907","52123","18414","34917","13806","9375","6096","7336","9255","-","**","48430","20697","55417","45420","48256","27289","37888","10441","50309","18511","23831","8980","65278","18557","86078","4831","46450","18491","61875","64273","119677","114920","56349","38043","3.6","(X)","(X)","(X)","(X)","(X)",
"1400000US06111001502","Census Tract 15.02, Ventura County, California","973","313","660","289","313","155","0.0","3.5","0.0","5.2","0.0","10.6","23.5","12.4","31.4","19.2","7.0","9.6","66.6","15.4","62.1","24.5","76.0","18.6","9.9","7.9","6.5","10.3","16.9","15.7","6135","527","2816","360","3319","359","4.2","2.6","6.3","4.1","2.4","2.0","5.1","2.3","6.3","4.0","4.2","2.2","20.6","4.6","21.8","7.0","19.5","5.8","29.6","6.0","26.1","7.4","32.5","7.3","9.3","3.8","7.1","4.3","11.2","5.0","17.6","4.2","18.4","6.0","16.9","4.8","13.6","3.5","14.1","4.7","13.2","4.9","90.7","3.3","87.5","5.6","93.4","2.7","31.2","5.3","32.5","7.7","30.2","6.4","1158","347","568","251","590","226","90.5","9.8","83.3","18.7","97.5","4.9","35.1","16.1","20.6","14.4","49.2","20.0","1787","334","896","239","891","191","95.3","5.7","90.6","11.0","100.0","3.8","31.8","9.5","36.4","16.0","27.2","12.2","2215","297","1023","169","1192","226","96.6","3.8","95.1","7.5","97.8","2.6","35.6","9.3","36.7","11.2","34.7","13.2","975","211","329","110","646","140","69.0","12.7","62.3","21.9","72.4","12.2","15.5","7.4","29.2","15.3","8.5","7.6","10.3","13.3","13.1","19.6","5.7","11.6","11.2","8.9","16.4","14.9","5.8","6.7","10.4","6.3","6.3","9.2","13.2","8.2","2.6","3.2","5.4","6.4","0.0","3.5","42224","9480","46737","13117","34640","8599","23975","6625","23525","6725","-","**","27625","14574","31667","22705","22604","17349","34706","7206","46219","13616","27247","9898","60038","19080","61696","20052","53977","30295","64237","11998","101161","62012","60799","12681","3.7","(X)","(X)","(X)","(X)","(X)",
"1400000US06111001503","Census Tract 15.03, Ventura County, California","429","125","302","113","127","85","33.8","16.9","47.0","20.4","2.4","5.5","10.5","9.7","14.9","13.2","0.0","23.8","55.7","19.1","38.1","20.9","97.6","5.5","0.0","7.8","0.0","10.9","0.0","23.8","3505","296","2004","226","1501","185","4.3","1.8","4.8","2.5","3.6","2.1","8.8","2.7","10.4","3.8","6.6","3.8","22.5","4.3","26.3","6.6","17.3","5.9","31.4","5.4","30.9","6.9","32.0","7.1","11.6","3.3","7.8","5.1","16.7","4.6","16.1","4.5","14.3","6.0","18.6","6.2","5.4","2.2","5.5","3.0","5.3","3.3","87.0","3.4","84.8","4.4","89.8","4.6","21.5","4.9","19.8","6.7","23.9","5.9","931","228","604","166","327","106","82.7","7.9","80.0","9.5","87.8","9.8","18.6","7.9","8.8","6.2","36.7","15.9","812","192","465","136","347","111","88.2","6.3","81.9","10.3","96.5","4.4","22.8","13.3","20.0","13.4","26.5","18.3","1153","204","720","160","433","104","89.7","4.9","87.8","6.5","92.8","5.7","21.5","9.0","26.3","13.1","13.6","7.5","609","110","215","62","394","87","86.7","8.9","94.9","6.8","82.2","12.5","24.5","8.2","28.8","12.3","22.1","10.0","15.9","11.9","0.0","32.4","25.2","18.4","15.8","9.0","13.5","9.2","19.0","16.5","6.6","3.4","5.8","4.0","7.3","4.5","2.2","2.5","4.3","5.0","0.0","9.3","35503","5311","36412","2388","30425","8176","21923","7347","22679","12913","14205","6830","28750","13350","33750","10298","12708","16249","36692","5532","36549","8534","40063","18824","39489","6811","39091","14034","40700","17417","51389","75718","115365","55159","20781","15832","3.9","(X)","(X)","(X)","(X)","(X)",
"1400000US06111001506","Census Tract 15.06, Ventura County, California","545","154","383","139","162","84","19.4","15.9","21.1","21.8","15.4","21.4","10.1","5.5","11.0","9.2","8.0","12.7","63.5","18.9","61.1","21.6","69.1","27.7","7.0","7.0","6.8","8.5","7.4","12.3","3606","219","1746","176","1860","189","1.8","1.9","1.8","1.9","1.8","2.0","4.1","3.1","7.3","5.6","1.2","1.6","18.7","4.2","13.7","5.0","23.5","6.2","35.0","5.2","40.4","6.9","29.8","6.0","10.7","2.8","9.5","4.1","11.9","4.2","15.9","4.0","14.8","4.6","16.8","5.5","13.8","3.7","12.5","4.2","14.9","4.7","94.1","3.3","91.0","5.7","97.0","2.1","29.6","4.8","27.4","5.5","31.8","5.9","518","191","261","105","257","128","86.9","12.4","73.9","23.1","100.0","12.7","17.2","10.3","16.9","15.4","17.5","11.6","806","150","390","84","416","94","95.5","5.1","91.3","10.8","99.5","1.1","28.5","10.2","19.0","10.2","37.5","13.5","1522","137","743","107","779","101","94.9","4.5","93.7","6.0","96.0","3.9","31.9","7.7","30.3","8.8","33.4","9.5","760","77","352","76","408","61","95.8","3.7","97.4","3.9","94.4","5.7","34.9","10.2","38.4","12.9","31.9","13.4","1.0","2.4","0.0","19.7","3.8","9.7","5.8","6.3","5.9","8.9","5.7","8.5","3.1","2.7","3.7","4.1","2.4","2.7","4.5","3.8","5.9","7.3","3.4","3.7","48611","5608","50888","4732","43897","7701","43512","13765","44375","40437","31488","5228","41042","8181","33750","14751","42208","12324","44167","10302","49853","7012","34375","13813","62321","21522","73021","26095","44028","44836","68705","11891","57500","21147","75428","13263","3.7","(X)","(X)","(X)","(X)","(X)",
"1400000US06111001507","Census Tract 15.07, Ventura County, California","711","227","401","153","310","130","8.3","7.6","9.5","11.2","6.8","10.4","32.2","15.1","40.9","22.7","21.0","18.3","52.2","18.5","46.9","28.2","59.0","23.3","7.3","6.2","2.7","4.2","13.2","13.4","2862","239","1486","174","1376","133","4.1","2.3","3.2","2.5","5.2","3.1","6.9","3.4","9.2","5.1","4.4","3.2","26.0","4.5","28.2","7.4","23.7","6.9","29.9","4.7","28.5","6.9","31.5","7.8","7.0","2.6","5.5","3.2","8.6","3.9","18.1","4.8","20.5","6.9","15.5","5.9","7.9","3.8","5.0","3.1","11.1","6.4","89.0","3.7","87.6","5.2","90.4","4.6","26.0","6.7","25.5","8.0","26.6","7.8","587","194","322","117","265","110","94.5","5.4","93.2","7.6","96.2","6.8","23.3","16.0","18.9","11.9","28.7","26.6","495","160","310","156","185","59","84.0","12.4","80.3","18.0","90.3","11.4","14.5","12.6","16.8","19.7","10.8","10.6","1269","133","593","82","676","94","89.7","5.4","90.7","5.7","88.8","6.9","27.0","8.0","24.8","11.4","28.8","9.8","511","96","261","60","250","66","85.5","11.0","82.4","12.3","88.8","12.9","38.0","11.7","45.6","17.4","30.0","16.5","39.9","24.0","52.7","30.9","22.0","18.8","4.4","4.2","2.6","4.7","6.7","7.4","8.9","5.9","4.2","4.8","13.2","10.0","0.9","1.5","1.8","3.1","0.0","9.1","39208","9208","50170","20065","32443","9174","24750","37117","32422","44894","8203","7901","40450","14560","39625","21517","45000","21529","30398","6390","58125","41659","23281","14223","66583","21549","70764","29374","52292","32116","41736","35345","41458","7672","60192","66150","5.8","(X)","(X)","(X)","(X)","(X)",
"1400000US06111001601","Census Tract 16.01, Ventura County, California","159","54","53","32","106","44","17.6","24.0","26.4","35.9","13.2","19.0","11.3","8.9","5.7","14.0","14.2","10.2","68.6","26.6","67.9","39.4","68.9","24.6","2.5","3.7","0.0","42.3","3.8","5.7","710","86","352","62","358","54","7.7","3.8","8.0","7.8","7.5","7.6","4.5","4.3","4.3","7.5","4.7","5.4","24.6","8.8","15.6","8.9","33.5","12.0","21.1","8.0","26.7","12.1","15.6","9.2","7.7","4.1","9.1","6.1","6.4","4.4","25.2","8.8","23.6","10.1","26.8","10.9","9.0","5.3","12.8","7.9","5.3","5.0","87.7","6.4","87.8","6.7","87.7","9.4","34.2","9.0","36.4","11.6","32.1","10.6","183","62","88","42","95","34","83.1","16.5","76.1","29.3","89.5","15.2","45.9","18.2","23.9","20.3","66.3","24.9","195","66","102","42","93","40","77.9","22.4","85.3","22.9","69.9","25.1","30.8","17.7","44.1","23.1","16.1","18.0","179","71","100","47","79","39","92.7","10.7","93.0","10.2","92.4","12.1","16.2","15.1","21.0","18.6","10.1","14.4","153","63","62","36","91","39","100.0","20.3","100.0","39.1","100.0","30.9","45.8","14.2","66.1","24.7","31.9","19.8","0.0","31.9","0.0","46.9","0.0","46.4","8.6","10.2","5.5","11.4","10.0","14.3","2.0","3.5","3.2","5.9","0.0","34.0","5.3","5.1","0.0","23.6","11.3","10.2","30735","5656","30862","10405","27500","17287","27917","5037","28993","451","7422","25795","19821","23678","12386","12859","58036","59386","38125","29439","48036","40110","31250","29753","44107","23320","62917","35206","33021","9668","49583","38663","51250","70430","-","**","3.5","(X)","(X)","(X)","(X)","(X)",
"1400000US06111001602","Census Tract 16.02, Ventura County, California","179","77","88","64","91","53","0.6","2.0","1.1","4.4","0.0","30.9","35.2","23.9","23.9","29.1","46.2","23.8","59.2","24.6","75.0","29.9","44.0","23.7","5.0","6.2","0.0","31.6","9.9","11.8","1806","96","789","92","1017","76","0.8","0.9","1.8","2.1","0.0","3.4","3.5","2.1","3.0","2.8","3.9","2.8","19.1","5.0","14.3","7.0","22.8","7.0","27.0","5.2","33.2","7.5","22.2","6.0","12.7","3.6","11.5","6.2","13.7","4.9","23.0","5.8","13.7","5.0","30.3","8.4","13.8","3.5","22.4","6.7","7.1","3.1","95.7","2.2","95.2","3.1","96.1","2.8","36.8","5.9","36.1","7.9","37.4","8.1","244","71","74","43","170","50","100.0","13.3","100.0","35.5","100.0","18.5","38.9","17.9","24.3","23.8","45.3","23.0","262","63","173","41","89","42","100.0","12.5","100.0","18.2","100.0","31.4","46.9","17.9","32.4","19.3","75.3","19.6","692","66","321","49","371","49","96.5","3.2","94.4","6.2","98.4","2.4","40.2","9.9","38.6","13.3","41.5","12.8","608","72","221","68","387","67","91.1","5.2","91.0","8.0","91.2","6.6","27.8","10.6","39.4","13.1","21.2","13.5","10.1","13.3","18.4","25.5","0.0","55.3","10.9","7.9","10.6","17.6","11.1","10.0","6.4","6.5","2.6","4.6","10.1","9.8","2.3","2.3","0.0","11.5","4.0","4.3","46607","11020","68700","16936","26063","9482","21591","22878","-","**","-","**","19125","16587","39545","55975","18375","5817","43487","10586","68100","25903","21793","4926","50640","17369","51731","25352","50134","31444","86250","9106","91944","57049","52250","26547","2.3","(X)","(X)","(X)","(X)","(X)",
"1400000US06111001700","Census Tract 17, Ventura County, California","178","94","134","73","44","32","23.0","19.3","30.6","23.9","0.0","46.4","39.3","19.7","28.4","16.0","72.7","44.7","30.3","13.4","31.3","17.4","27.3","44.7","7.3","13.3","9.7","17.3","0.0","46.4","2852","137","1394","97","1458","100","1.4","1.3","2.4","2.4","0.5","1.2","2.4","1.6","3.5","3.1","1.3","1.3","13.2","4.5","12.8","5.1","13.6","6.2","18.5","4.9","16.4","5.7","20.5","7.1","6.4","3.1","6.8","5.0","6.0","3.4","34.9","5.1","30.2","7.3","39.4","5.8","23.2","5.0","27.9","8.1","18.8","5.1","96.2","2.3","94.0","4.5","98.2","1.7","58.1","6.3","58.1","8.6","58.2","7.1","120","78","59","40","61","41","100.0","24.9","100.0","40.1","100.0","39.4","9.2","20.5","8.5","20.9","9.8","20.6","349","112","134","63","215","66","100.0","9.5","100.0","22.7","100.0","15.0","64.5","17.2","73.1","21.2","59.1","19.9","1335","121","661","96","674","87","95.7","3.2","93.6","5.7","97.6","3.1","63.3","8.4","58.4","12.1","68.1","10.5","1048","141","540","86","508","106","95.1","3.5","92.4","7.2","98.0","2.5","55.1","8.4","59.4","13.4","50.4","10.6","9.2","16.5","0.0","32.9","38.5","57.5","8.5","7.6","0.0","17.8","16.2","13.9","4.4","6.4","9.6","13.5","0.0","8.7","2.3","1.7","1.6","2.1","2.9","2.7","60081","15691","84375","17778","37569","7432","97891","164231","-","**","-","**","40547","27396","41563","34542","27356","33430","50469","20158","79688","26593","31576","7152","48269","17516","56625","29628","47109","18089","103295","41951","114856","17266","42750","21412","2.9","(X)","(X)","(X)","(X)","(X)",
"1400000US06111001800","Census Tract 18, Ventura County, California","290","80","168","59","122","65","14.1","14.2","24.4","24.1","0.0","24.6","64.5","18.3","57.1","24.5","74.6","25.0","18.3","12.1","18.5","19.6","18.0","21.3","3.1","4.2","0.0","18.7","7.4","11.2","3207","260","1508","137","1699","161","1.1","1.3","0.3","0.4","1.7","2.4","2.4","1.4","2.2","2.2","2.6","2.1","8.6","2.9","4.8","3.1","11.9","4.2","22.3","4.4","20.5","7.5","23.9","5.3","7.9","2.6","10.6","4.2","5.5","2.5","30.7","5.0","35.1","6.9","26.8","5.8","27.0","5.3","26.5","6.8","27.4","6.6","96.5","1.8","97.5","2.3","95.6","3.1","57.7","6.1","61.6","7.8","54.3","6.6","274","132","143","86","131","60","100.0","12.0","100.0","21.5","100.0","23.2","58.4","14.7","45.5","19.8","72.5","21.9","518","117","224","72","294","67","99.6","1.3","99.1","3.0","100.0","11.2","80.7","11.0","80.4","15.6","81.0","13.9","1500","143","789","87","711","80","96.1","3.3","96.8","3.6","95.2","6.0","56.2","8.4","57.8","10.7","54.4","10.8","915","127","352","69","563","110","94.4","4.2","96.9","3.9","92.9","6.8","47.0","7.6","64.8","10.9","35.9","8.6","2.9","6.9","10.3","28.6","0.0","35.5","6.1","7.7","0.0","38.5","8.3","10.2","4.0","3.2","2.6","2.9","5.3","4.2","0.8","0.9","1.0","1.5","0.5","1.1","55603","10614","67778","11511","49040","5824","-","**","-","**","-","**","30556","31160","31806","21175","17125","51995","43068","13521","52955","28278","39292","7797","56667","14111","80179","17342","44185","5377","75313","10945","75521","23721","74904","11975","4.7","(X)","(X)","(X)","(X)","(X)",
"1400000US06111001900","Census Tract 19, Ventura County, California","269","98","144","63","125","65","6.7","9.6","0.0","21.4","14.4","18.8","13.4","13.0","11.8","13.3","15.2","18.5","68.8","19.4","79.2","20.2","56.8","28.6","11.2","11.2","9.0","15.1","13.6","15.8","2784","192","1179","150","1605","165","2.5","2.0","2.2","2.8","2.7","2.6","2.8","1.9","4.3","3.5","1.6","1.8","13.4","5.2","8.9","4.9","16.8","6.1","28.3","6.9","37.4","9.1","21.6","8.6","8.7","2.9","3.9","2.9","12.3","4.6","26.6","5.5","25.7","8.3","27.3","6.4","17.7","4.1","17.6","6.3","17.8","5.6","94.8","2.6","93.5","4.4","95.7","2.7","44.3","5.3","43.3","7.7","45.1","6.2","531","153","195","92","336","108","97.2","3.8","92.3","11.1","100.0","9.9","39.4","13.1","42.1","23.4","37.8","15.7","495","115","235","81","260","88","95.2","7.3","89.8","14.7","100.0","12.6","46.7","12.5","39.6","19.3","53.1","17.9","1170","176","500","124","670","138","97.2","3.5","98.6","2.1","96.1","5.9","49.1","9.9","49.6","14.4","48.8","11.9","588","120","249","82","339","91","87.4","7.5","87.6","9.7","87.3","8.5","37.2","12.0","34.9","16.8","38.9","15.2","29.9","27.9","9.1","15.7","56.7","39.4","3.2","5.4","0.0","27.7","4.5","7.4","16.6","7.4","11.3","9.4","21.4","10.9","2.9","2.6","0.0","6.6","5.0","4.4","42937","8384","69757","15385","33705","9610","11615","4984","-","**","-","**","36766","2851","32404","47104","36793","3483","43523","9362","71250","11391","24561","8808","43864","24774","81354","73498","25375","17154","74792","21074","110855","28729","65063","11676","6.0","(X)","(X)","(X)","(X)","(X)",
"1400000US06111002000","Census Tract 20, Ventura County, California","146","65","49","32","97","60","6.2","10.3","0.0","44.0","9.3","15.6","33.6","29.4","0.0","44.0","50.5","41.0","17.1","19.6","38.8","43.7","6.2","10.0","43.2","26.7","61.2","43.7","34.0","35.5","2059","154","976","109","1083","118","0.0","1.7","0.0","3.5","0.0","3.2","1.9","1.7","1.5","1.7","2.3","2.6","15.0","4.6","13.5","7.0","16.3","6.8","19.5","4.9","21.0","9.0","18.1","6.3","8.3","2.9","10.0","4.4","6.7","4.3","30.2","7.6","25.2","9.8","34.7","8.5","25.1","6.3","28.7","8.6","21.8","7.5","98.1","1.7","98.5","1.7","97.7","2.6","55.3","7.1","53.9","9.3","56.5","8.1","272","90","141","66","131","75","100.0","12.1","100.0","21.8","100.0","23.2","42.3","20.6","9.2","13.6","77.9","27.3","218","48","67","38","151","46","100.0","14.8","100.0","37.6","100.0","20.5","60.1","21.0","56.7","28.8","61.6","28.2","1002","107","513","87","489","52","97.7","2.0","97.1","3.4","98.4","2.4","59.6","9.8","62.0","11.1","57.1","12.3","567","105","255","81","312","75","97.0","4.6","100.0","12.8","94.6","8.1","52.0","10.0","61.6","18.8","44.2","14.5","0.0","48.7","0.0","79.5","0.0","61.6","26.5","20.6","14.4","16.0","35.6","29.5","13.3","11.6","16.5","18.0","9.7","11.6","0.6","1.1","1.3","2.3","0.0","5.6","66461","2528","81892","13067","55417","22888","-","**","-","**","-","**","22188","18887","22813","28417","16875","40979","64392","10252","65900","2376","34485","18426","63401","12241","88333","11154","47716","16313","108032","19936","109844","102521","107660","29394","1.8","(X)","(X)","(X)","(X)","(X)",
"1400000US06111002102","Census Tract 21.02, Ventura County, California","89","61","60","58","29","22","0.0","31.4","0.0","39.7","0.0","57.1","15.7","20.6","0.0","39.7","48.3","39.2","76.4","26.0","100.0","39.7","27.6","38.1","7.9","14.7","0.0","39.7","24.1","38.5","1230","156","604","100","626","128","2.0","1.4","3.0","2.3","1.0","1.6","3.1","2.0","4.1","3.1","2.1","2.4","8.5","5.1","7.0","9.0","10.1","5.8","26.8","6.4","24.0","9.0","29.6","11.5","14.8","5.3","11.9","6.3","17.6","8.1","28.5","8.0","32.8","12.5","24.4","10.3","16.3","6.2","17.2","9.4","15.3","7.0","95.0","2.8","92.9","4.7","97.0","2.9","44.8","9.4","50.0","12.2","39.8","11.5","239","99","120","68","119","53","100.0","13.6","100.0","24.9","100.0","25.1","62.3","18.5","50.8","28.0","73.9","22.6","318","104","199","85","119","69","100.0","10.4","100.0","16.1","100.0","25.1","56.9","20.1","64.3","24.5","44.5","26.4","313","90","108","47","205","66","95.2","5.4","91.7","14.0","97.1","4.9","36.7","14.7","40.7","21.9","34.6","16.7","360","92","177","51","183","76","86.9","8.6","80.8","13.2","92.9","8.2","29.4","14.6","39.0","17.0","20.2","19.1","12.9","19.7","18.6","28.4","0.0","70.6","57.1","32.5","83.3","49.0","39.7","26.1","18.9","12.2","15.7","14.3","21.4","17.9","4.4","3.1","2.3","3.8","6.8","7.2","45714","9325","60515","18900","40347","19480","-","**","-","**","-","**","6406","5416","-","**","6406","5406","44509","7419","50000","18251","43036","30884","50972","20295","78533","19708","40972","13976","61944","37761","81375","176145","51484","29117","5.9","(X)","(X)","(X)","(X)","(X)",
"1400000US06111002200","Census Tract 22, Ventura County, California","412","127","199","98","213","93","19.7","21.2","26.1","30.6","13.6","17.5","35.7","23.5","56.3","36.8","16.4","16.4","35.4","18.2","6.5","13.2","62.4","22.0","9.2","16.3","11.1","18.9","7.5","15.8","4437","416","2248","334","2189","261","9.2","4.2","7.6","5.2","10.9","6.3","11.6","4.3","12.3","6.0","10.8","5.8","23.3","6.5","24.2","8.0","22.3","8.1","19.2","4.5","22.9","7.4","15.5","6.1","14.5","5.5","11.6","7.2","17.5","6.9","14.6","4.5","13.2","5.3","16.0","7.0","7.6","3.3","8.2","4.5","6.9","4.0","79.2","6.0","80.1","6.4","78.3","8.2","22.2","6.0","21.4","7.5","23.0","7.7","1433","321","765","259","668","179","79.8","9.6","78.7","14.4","81.1","13.4","14.7","8.6","9.9","8.9","20.2","13.6","847","226","423","207","424","145","82.3","10.5","83.2","15.2","81.4","14.0","24.8","14.0","34.0","19.5","15.6","12.7","1712","256","869","182","843","163","76.2","11.7","80.3","13.4","72.0","14.0","25.8","9.5","16.7","8.9","35.1","13.6","445","142","191","84","254","116","82.7","12.2","77.5","21.6","86.6","16.6","27.4","12.9","60.7","26.3","2.4","4.3","24.6","12.2","23.9","15.7","25.3","15.9","24.5","12.6","19.3","16.5","30.3","13.7","15.3","8.5","10.6","9.4","20.2","13.6","17.9","10.7","9.2","8.8","26.2","17.5","25444","3377","25512","4456","25321","5461","21583","10151","23426","3542","12981","10596","22589","7043","22303","15335","22643","7352","34063","12396","34201","18537","32357","17721","49313","38708","40658","45226","53259","45850","78750","36932","87500","120808","76550","33568","3.1","(X)","(X)","(X)","(X)","(X)",
"1400000US06111002300","Census Tract 23, Ventura County, California","728","225","312","193","416","166","18.1","17.1","35.9","32.9","4.8","8.1","33.1","15.8","9.0","12.2","51.2","21.1","45.6","19.1","55.1","32.0","38.5","19.6","3.2","5.0","0.0","10.6","5.5","8.7","4272","490","2291","418","1981","229","15.7","4.3","11.7","5.2","20.4","7.4","20.8","6.3","26.8","10.1","13.8","7.9","26.7","6.6","26.8","8.0","26.6","9.6","16.2","5.2","17.8","6.8","14.3","5.6","4.1","2.2","2.9","2.4","5.5","3.6","12.8","4.3","11.0","5.8","14.8","6.7","3.7","2.3","3.1","2.1","4.5","4.1","63.5","6.8","61.5","9.9","65.8","8.8","16.5","5.0","14.1","6.3","19.4","6.5","1359","348","804","280","555","183","66.5","14.7","68.8","20.5","63.2","18.8","10.3","7.7","4.2","6.9","19.1","12.0","1027","258","566","162","461","198","48.6","13.5","42.4","17.9","56.2","21.1","27.1","13.1","29.0","17.7","24.7","18.7","1509","289","690","157","819","172","69.5","11.7","63.8","19.9","74.4","13.1","16.1","7.1","11.4","7.6","20.0","10.5","377","82","231","66","146","71","68.7","18.9","75.8","25.5","57.5","34.6","11.9","10.0","19.5","16.1","0.0","21.1","23.8","15.9","24.9","16.9","22.4","18.2","16.3","9.2","9.3","11.0","24.5","14.2","9.9","8.4","3.4","5.4","17.9","14.3","6.8","5.9","9.6","10.3","4.4","7.0","24896","2426","26151","2642","20757","4379","21625","7084","25445","3951","17850","9480","12421","11380","15521","17908","12332","8068","33073","6241","35132","15734","26726","20287","44510","13214","30667","26908","52632","22199","67738","32407","77000","30005","22357","99260","10.2","(X)","(X)","(X)","(X)","(X)",
"1400000US06111002400","Census Tract 24, Ventura County, California","234","101","100","63","134","81","10.3","9.6","24.0","25.3","0.0","22.7","19.7","18.4","6.0","11.9","29.9","29.7","60.3","21.0","70.0","27.2","53.0","28.6","9.8","10.1","0.0","28.8","17.2","19.0","2136","191","1094","185","1042","166","9.4","5.1","6.5","6.6","12.5","6.3","8.1","5.0","10.7","8.2","5.5","5.6","19.2","5.7","17.6","7.3","20.9","9.8","24.8","6.4","28.6","9.4","20.7","8.1","6.7","4.0","6.2","5.8","7.3","5.0","19.6","5.5","17.7","6.7","21.5","8.1","12.2","4.9","12.7","6.1","11.6","6.4","82.4","7.1","82.8","10.4","82.1","8.3","31.7","6.6","30.4","8.8","33.1","9.2","583","162","251","132","332","137","95.5","4.2","100.0","13.0","92.2","7.1","41.0","16.7","39.4","26.8","42.2","18.1","332","111","214","82","118","71","89.5","8.2","87.4","11.5","93.2","10.9","45.2","18.1","37.4","18.3","59.3","28.3","775","154","428","131","347","87","77.4","13.3","72.7","21.3","83.3","12.0","18.6","8.3","18.7","10.8","18.4","10.4","446","114","201","71","245","87","68.8","13.6","78.1","15.4","61.2","22.9","32.5","13.1","36.8","16.6","29.0","20.3","26.7","21.1","19.1","35.0","34.2","23.7","14.1","11.7","21.9","21.7","7.3","8.9","13.7","7.9","15.7","12.1","11.0","8.5","8.4","7.1","8.4","6.9","8.4","12.5","37987","6618","38080","22033","37934","7995","21287","16083","20515","27822","-","**","25341","28096","21326","12178","45431","22543","37857","17872","31250","28296","38138","10326","42188","24384","67222","31849","35167","14000","56932","10252","70216","21224","56165","3693","5.9","(X)","(X)","(X)","(X)","(X)",
"1400000US06111002500","Census Tract 25, Ventura County, California","338","183","141","113","197","172","3.8","6.7","0.0","21.8","6.6","13.7","23.4","27.0","56.0","40.8","0.0","16.2","55.6","21.5","44.0","40.8","64.0","17.6","17.2","16.2","0.0","21.8","29.4","19.6","3680","273","1570","186","2110","214","0.5","0.8","0.0","2.2","0.9","1.5","4.0","2.9","7.8","6.2","1.3","1.5","18.6","4.9","20.4","9.1","17.2","4.6","27.9","7.1","27.1","10.3","28.6","7.1","12.4","6.1","13.1","7.7","11.9","6.7","21.4","5.7","14.8","6.2","26.4","7.7","15.1","4.5","16.8","6.4","13.7","4.8","95.4","3.0","92.2","6.2","97.8","2.1","36.5","6.8","31.6","8.3","40.1","7.9","773","253","312","143","461","151","100.0","4.4","100.0","10.6","100.0","7.3","26.1","13.3","22.8","15.9","28.4","15.8","492","171","255","123","237","97","94.9","7.5","90.2","15.4","100.0","13.7","48.0","18.4","25.1","20.3","72.6","21.2","1277","182","652","119","625","109","90.9","7.5","85.1","13.3","97.0","4.9","41.4","12.4","32.5","13.4","50.7","14.7","1138","159","351","107","787","136","97.6","2.7","100.0","9.5","96.6","3.9","33.0","10.9","42.5","13.2","28.8","13.0","14.9","23.0","20.5","31.8","0.0","45.4","2.9","4.2","4.0","7.0","1.9","4.5","4.0","3.6","4.9","5.7","3.4","3.5","5.4","4.3","0.0","6.8","8.5","6.9","44292","9391","55774","17218","34375","12483","-","**","-","**","-","**","31480","18466","46806","49240","16050","4575","31894","5487","36757","29561","26818","19758","64886","15099","106641","49677","52169","23381","100568","37871","113235","34048","63958","62023","6.3","(X)","(X)","(X)","(X)","(X)",
"1400000US06111002600","Census Tract 26, Ventura County, California","288","131","160","83","128","67","14.6","13.8","20.0","22.2","7.8","11.6","33.7","14.3","52.5","23.5","10.2","16.2","51.7","15.5","27.5","19.4","82.0","19.5","0.0","11.4","0.0","19.5","0.0","23.6","2100","302","1089","197","1011","155","7.0","3.6","6.6","4.7","7.3","7.2","4.4","2.7","6.2","4.8","2.6","3.0","18.5","8.4","22.2","10.1","14.5","7.9","23.3","6.0","25.6","8.3","20.9","7.5","8.3","4.0","10.6","6.8","5.9","3.8","19.7","4.8","16.0","5.8","23.6","6.5","18.8","5.4","12.9","5.7","25.1","7.6","88.6","5.1","87.2","7.3","90.1","7.6","38.4","6.6","28.8","8.1","48.8","7.9","519","246","265","172","254","98","91.9","7.3","84.2","13.0","100.0","12.8","30.4","18.5","12.5","13.2","49.2","22.4","458","90","233","61","225","66","91.0","9.1","86.3","13.8","96.0","6.7","45.0","13.1","40.8","17.8","49.3","16.9","907","183","488","109","419","105","88.4","9.0","91.0","8.0","85.4","16.0","40.9","9.1","32.8","12.9","50.4","13.6","216","64","103","38","113","43","76.4","18.6","79.6","27.3","73.5","20.6","33.3","19.6","25.2","21.1","40.7","23.1","25.5","21.3","15.1","18.1","40.0","39.7","22.6","10.2","14.5","12.3","36.1","34.3","11.6","6.3","6.1","5.4","19.6","12.4","6.1","4.6","9.2","10.2","4.1","3.6","41528","6644","42301","10913","39706","8627","16051","4096","17301","3164","-","**","23631","16780","22738","17301","27083","22279","39265","8977","48571","10258","32212","7910","60625","22058","63750","17841","41607","43626","76667","7941","106111","47163","75667","8138","2.6","(X)","(X)","(X)","(X)","(X)",
"1400000US06111002700","Census Tract 27, Ventura County, California","494","120","279","97","215","107","12.6","15.5","2.9","4.9","25.1","30.9","33.4","17.0","42.7","25.0","21.4","21.0","41.9","17.1","47.3","21.6","34.9","23.4","12.1","10.7","7.2","10.5","18.6","20.8","2948","186","1277","124","1671","143","3.2","2.0","2.7","2.2","3.7","3.1","4.7","2.6","8.1","3.9","2.1","3.3","17.0","5.3","20.8","7.5","14.2","5.7","34.3","6.2","30.2","9.0","37.4","8.8","9.2","3.0","6.8","4.1","11.0","4.4","16.8","4.6","17.1","6.5","16.5","5.3","14.8","3.8","14.3","5.2","15.2","5.3","92.1","2.9","89.3","4.7","94.3","4.1","31.6","5.5","31.5","7.2","31.7","6.8","716","174","312","104","404","113","97.1","3.5","93.3","8.6","100.0","8.3","28.8","10.1","34.0","15.9","24.8","13.0","434","142","197","73","237","95","98.6","3.2","97.0","7.3","100.0","13.7","32.3","18.6","13.7","14.0","47.7","26.9","1040","127","474","61","566","91","90.7","4.5","87.1","7.0","93.6","8.2","35.3","10.3","31.0","14.6","38.9","10.9","758","121","294","80","464","100","85.6","7.6","83.3","11.2","87.1","11.0","28.8","10.6","41.5","19.1","20.7","9.6","0.0","15.9","0.0","23.3","0.0","36.4","1.0","2.2","0.0","12.4","2.2","4.8","10.4","8.3","9.8","7.2","10.8","11.6","3.8","3.5","8.7","8.0","0.0","6.4","44559","8390","48036","8986","41516","7039","31932","31335","31932","31335","-","**","23906","14086","33241","18922","17109","16068","47867","10806","51146","4429","40259","8197","57763","26678","30893","141301","58355","18830","58500","19062","64181","20709","48281","15778","6.0","(X)","(X)","(X)","(X)","(X)",
"1400000US06111002800","Census Tract 28, Ventura County, California","608","218","357","133","251","114","5.4","5.9","9.2","9.5","0.0","13.0","21.7","15.1","21.0","19.8","22.7","20.8","71.2","16.2","69.7","19.9","73.3","22.1","1.6","3.1","0.0","9.3","4.0","7.7","4441","312","1841","226","2600","239","4.2","1.7","4.5","2.8","4.0","1.9","7.7","3.5","8.6","3.9","7.1","4.5","18.1","5.0","18.3","5.9","18.0","6.0","30.6","4.9","29.7","7.4","31.3","6.6","12.0","3.8","10.0","5.8","13.4","5.6","18.0","4.4","19.5","5.8","16.9","5.8","9.4","3.3","9.5","4.4","9.3","4.0","88.1","3.7","87.0","4.7","88.9","4.6","27.4","5.8","29.0","6.7","26.2","6.8","983","261","446","148","537","182","92.4","7.2","90.4","10.7","94.0","9.6","28.2","11.8","24.7","15.2","31.1","16.7","903","161","334","104","569","120","89.7","9.2","90.4","12.8","89.3","12.8","32.2","11.6","37.7","18.2","29.0","12.9","1860","177","816","121","1044","140","87.7","5.1","85.9","7.0","89.1","6.2","23.1","8.0","24.3","8.3","22.2","10.3","695","118","245","84","450","122","81.2","8.7","79.6","14.7","82.0","11.9","31.2","13.5","40.8","21.5","26.0","14.5","18.9","14.6","20.0","18.6","18.1","16.9","22.1","16.8","18.2","15.9","25.0","22.4","10.1","5.4","2.1","4.6","15.1","8.5","1.6","2.5","0.0","6.3","2.9","4.5","36319","5597","49254","4801","31107","3828","20226","6565","21833","5783","16619","4515","25965","6596","26653","14535","25521","30420","36600","8906","51645","6234","31743","6256","54583","11166","72169","13195","32151","29624","92917","39636","112941","21372","65781","49599","3.7","(X)","(X)","(X)","(X)","(X)",
"1400000US06111002901","Census Tract 29.01, Ventura County, California","428","136","260","90","168","84","20.1","15.6","24.2","20.1","13.7","18.7","31.1","12.7","40.0","19.5","17.3","17.3","46.0","15.0","35.8","19.0","61.9","25.7","2.8","4.7","0.0","12.6","7.1","12.3","3842","220","1907","171","1935","127","9.8","3.5","9.3","3.7","10.4","4.2","5.0","2.2","5.9","3.7","4.1","2.2","15.4","4.5","14.3","5.2","16.5","5.8","24.0","5.5","26.8","8.9","21.3","5.7","9.4","3.2","10.4","4.3","8.4","3.7","21.9","4.3","18.2","5.0","25.6","6.3","14.3","3.3","15.0","3.8","13.6","4.8","85.2","4.0","84.8","4.9","85.5","4.4","36.3","4.3","33.3","5.6","39.2","6.4","525","167","230","103","295","114","91.4","9.9","88.7","16.5","93.6","11.7","30.3","15.0","9.6","15.3","46.4","24.0","720","145","350","109","370","81","90.8","7.5","86.3","13.5","95.1","5.1","29.4","12.0","21.7","14.1","36.8","14.8","1714","183","895","107","819","123","80.3","8.4","80.0","8.9","80.6","11.0","38.4","6.5","33.5","8.2","43.7","9.4","883","127","432","81","451","82","86.3","9.9","91.7","9.3","81.2","11.6","41.3","8.6","54.9","10.8","28.4","11.4","17.5","17.9","24.2","25.1","10.7","14.8","4.6","5.6","2.9","4.6","6.0","7.7","2.6","2.6","0.0","4.8","5.9","5.7","1.3","2.0","1.1","1.7","1.4","3.3","48727","6666","61228","6658","41865","5603","22054","11933","21250","12979","26406","26588","41016","30372","60360","16734","21410","2885","46563","6523","65631","6587","27266","20184","80375","13061","82692","14203","80275","35524","88897","17230","88750","31208","100208","35921","3.3","(X)","(X)","(X)","(X)","(X)",
"1400000US06111002905","Census Tract 29.05, Ventura County, California","570","171","273","108","297","113","12.8","11.1","8.1","9.2","17.2","19.3","35.4","18.1","35.2","22.1","35.7","21.1","51.8","16.3","56.8","21.4","47.1","20.1","0.0","6.0","0.0","12.0","0.0","11.1","3683","257","1768","227","1915","184","12.6","5.0","14.1","6.3","11.2","5.0","7.0","3.5","8.4","4.1","5.7","3.7","20.9","4.3","17.4","5.4","24.0","5.7","23.2","4.8","24.5","7.1","21.9","6.0","8.4","3.0","8.4","4.0","8.4","3.4","18.3","4.3","15.4","5.7","21.0","5.9","9.7","3.0","11.8","4.4","7.8","3.8","80.4","4.8","77.5","6.3","83.1","5.0","28.0","5.3","27.1","7.7","28.8","6.9","546","154","241","94","305","99","96.7","4.0","92.5","9.1","100.0","10.8","34.8","12.5","31.5","19.4","37.4","17.2","791","148","368","120","423","101","69.8","14.9","62.5","15.8","76.1","16.2","7.7","6.2","1.9","3.4","12.8","10.6","1738","165","888","143","850","69","80.8","7.6","78.3","10.0","83.4","7.1","34.2","8.5","35.2","11.4","33.1","9.7","608","90","271","77","337","88","78.5","13.6","81.9","12.7","75.7","18.2","30.8","11.1","31.0","16.6","30.6","14.3","4.0","6.0","2.3","4.7","6.2","8.4","13.6","9.2","9.1","8.4","16.7","12.4","3.0","3.0","2.9","3.3","3.1","3.7","3.7","4.2","0.0","7.1","6.9","7.7","38527","5923","43071","6565","35482","10025","22039","4601","25521","7072","20533","4314","35815","6632","44605","10246","30833","15452","43292","5553","49063","11295","30781","20154","52429","11154","51571","34360","54000","13153","86339","7339","91000","28324","74828","13805","7.8","(X)","(X)","(X)","(X)","(X)",
"1400000US06111003010","Census Tract 30.10, Ventura County, California","295","126","181","93","114","83","7.5","8.2","12.2","13.0","0.0","26.0","19.0","13.0","28.7","17.0","3.5","7.5","68.1","16.0","53.0","17.8","92.1","12.6","5.4","7.2","6.1","10.3","4.4","8.4","2011","178","955","112","1056","109","9.3","2.9","7.7","3.3","10.8","4.3","7.1","4.0","9.4","5.1","5.0","4.3","21.3","5.5","21.0","7.0","21.5","7.2","27.6","6.4","33.9","10.2","21.9","7.8","5.7","3.0","5.9","4.1","5.6","3.8","22.7","5.4","20.2","8.0","25.0","7.5","6.2","2.6","1.8","1.8","10.2","4.6","83.5","5.0","82.8","5.8","84.2","6.4","28.9","6.0","22.0","8.2","35.2","8.1","682","162","395","102","287","89","92.4","6.9","92.4","7.3","92.3","9.2","31.1","12.6","27.1","17.6","36.6","17.4","545","121","209","67","336","90","84.0","8.0","70.8","14.7","92.3","8.6","33.2","14.4","10.0","8.2","47.6","18.5","582","104","301","72","281","63","79.7","8.4","82.7","9.1","76.5","10.8","27.1","10.0","24.6","11.5","29.9","13.4","202","66","50","28","152","52","63.4","17.4","58.0","26.1","65.1","19.4","15.3","10.2","16.0","16.9","15.1","11.7","23.9","14.2","16.5","15.6","31.1","19.8","8.9","7.3","6.5","8.7","11.0","11.9","11.6","10.4","16.8","16.1","4.8","5.7","7.7","7.8","6.2","10.3","8.6","10.8","34298","6833","30064","6008","39320","4710","19219","7716","26912","21371","15789","2996","26548","5205","25931","3058","32738","9004","33143","8420","33458","9550","32132","12333","50343","10166","41250","39879","50795","7237","70833","18327","-","**","80446","19690","9.4","(X)","(X)","(X)","(X)","(X)",
"1400000US06111003011","Census Tract 30.11, Ventura County, California","409","146","204","88","205","89","21.0","14.0","33.8","23.6","8.3","12.8","38.1","17.9","38.7","24.3","37.6","26.5","40.8","19.1","27.5","22.2","54.1","25.6","0.0","8.2","0.0","15.7","0.0","15.6","3554","429","1783","281","1771","244","21.9","6.3","21.6","7.8","22.1","7.2","19.1","4.9","24.7","7.3","13.4","5.6","27.3","5.9","25.3","8.1","29.2","7.3","17.7","4.9","17.0","7.7","18.3","7.5","5.3","2.3","3.0","2.3","7.6","4.0","7.6","2.5","7.7","4.1","7.5","3.5","1.2","1.1","0.6","0.9","1.9","1.9","59.0","7.5","53.6","11.6","64.5","7.2","8.8","2.8","8.2","4.2","9.4","3.9","1263","386","649","255","614","190","51.1","12.9","40.7","18.0","62.1","13.5","4.6","4.3","1.2","2.1","8.1","7.9","557","211","308","150","249","101","80.1","14.2","81.2","13.6","78.7","17.4","14.9","10.4","10.7","10.5","20.1","15.2","1208","229","525","135","683","141","59.0","10.4","50.5","16.3","65.6","11.6","9.0","5.7","10.3","10.5","8.1","6.6","526","58","301","71","225","86","55.9","14.8","58.8","17.3","52.0","28.2","12.0","9.3","17.3","13.4","4.9","7.3","18.1","10.0","12.3","9.2","25.8","12.6","7.3","5.7","4.2","5.7","10.0","9.0","15.2","8.7","8.9","13.7","20.1","13.3","11.8","11.2","13.6","15.0","10.2","12.8","22236","2375","22659","3209","21830","2978","16830","4238","16806","4576","17054","17097","26169","2388","26167","10109","26170","3096","33667","8969","42852","18978","19583","25595","29375","26243","29375","68871","33750","27882","46518","10585","-","**","46518","10585","2.8","(X)","(X)","(X)","(X)","(X)",
"1400000US06111003012","Census Tract 30.12, Ventura County, California","58","60","36","36","22","28","0.0","40.4","0.0","51.3","0.0","65.6","100.0","40.4","100.0","51.3","100.0","65.6","0.0","40.4","0.0","51.3","0.0","65.6","0.0","40.4","0.0","51.3","0.0","65.6","154","76","70","38","84","40","30.5","30.5","22.9","35.6","36.9","30.6","29.2","17.8","52.9","29.1","9.5","15.2","9.7","15.3","7.1","11.2","11.9","18.5","7.1","9.4","0.0","36.7","13.1","15.3","0.0","20.2","0.0","36.7","0.0","32.7","23.4","26.5","17.1","28.1","28.6","30.7","0.0","20.2","0.0","36.7","0.0","32.7","40.3","30.5","24.3","30.8","53.6","32.8","23.4","26.5","17.1","28.1","28.6","30.7","0","12","0","12","0","12","-","**","-","**","-","**","-","**","-","**","-","**","83","58","36","28","47","34","54.2","40.6","47.2","45.9","59.6","38.8","43.4","37.8","33.3","43.0","51.1","38.6","64","56","34","33","30","28","15.6","23.4","0.0","52.8","33.3","39.8","0.0","38.5","0.0","52.8","0.0","56.2","7","12","0","12","7","12","100.0","100.0","-","**","100.0","100.0","0.0","100.0","-","**","0.0","100.0","0.0","30.6","0.0","42.3","0.0","49.3","0.0","79.5","0.0","100.0","0.0","97.3","0.0","92.8","-","**","0.0","92.8","0.0","51.3","0.0","88.8","0.0","62.8","19271","7627","35625","24146","12054","13313","17344","18015","21250","28959","-","**","-","**","-","**","-","**","-","**","-","**","-","**","21250","23337","-","**","-","**","-","**","-","**","-","**","13.6","(X)","(X)","(X)","(X)","(X)",
"1400000US06111003013","Census Tract 30.13, Ventura County, California","606","133","296","98","310","115","12.7","8.6","19.3","17.7","6.5","10.4","27.9","16.2","23.6","19.4","31.9","24.2","57.8","14.0","57.1","20.8","58.4","25.9","1.7","2.9","0.0","11.1","3.2","6.1","3153","255","1488","169","1665","188","5.0","2.4","2.0","2.0","7.6","4.0","12.7","4.9","10.3","5.6","14.8","6.1","19.6","5.9","23.5","8.6","16.2","5.7","26.9","5.0","25.5","7.7","28.2","7.1","10.3","4.7","9.3","5.5","11.2","5.9","19.0","5.0","20.6","6.7","17.6","6.1","6.6","3.1","8.9","4.5","4.5","3.0","82.4","5.4","87.7","6.0","77.6","6.0","25.6","6.5","29.5","8.4","22.1","6.9","527","179","276","123","251","101","77.2","15.7","74.3","21.0","80.5","17.2","32.6","17.1","27.5","18.3","38.2","22.2","830","161","388","101","442","117","75.8","10.2","83.2","12.6","69.2","14.6","23.6","10.5","33.8","16.7","14.7","10.2","1355","194","675","117","680","116","92.0","6.5","95.3","4.8","88.8","9.6","25.2","8.3","29.3","11.1","21.0","9.0","441","129","149","61","292","101","71.2","15.2","89.9","11.9","61.6","20.4","22.2","17.0","22.8","21.8","21.9","17.9","9.0","8.4","0.0","17.3","13.4","12.7","5.8","7.4","0.0","9.5","13.4","15.8","1.5","1.7","1.5","2.5","1.5","2.5","2.5","4.0","4.6","7.3","0.0","9.1","37067","5111","45250","10957","30984","10838","17099","7173","30521","21316","11949","7499","42292","18056","45800","15471","32000","33766","37021","4539","44167","13780","35160","10232","41488","14414","52243","19951","31932","17415","110341","55918","37273","141719","111563","13340","3.0","(X)","(X)","(X)","(X)","(X)",
"1400000US06111003100","Census Tract 31, Ventura County, California","1961","427","1076","322","885","251","24.1","9.7","14.8","11.3","35.5","15.6","22.1","7.9","32.3","14.9","9.7","7.4","48.4","11.2","46.9","15.1","50.3","14.4","5.3","4.3","5.9","6.6","4.5","5.3","9820","849","4904","515","4916","515","16.7","4.7","14.8","4.9","18.6","6.5","13.6","4.4","12.7","4.6","14.6","5.8","22.3","4.3","30.0","7.1","14.7","5.0","22.7","4.0","21.8","5.6","23.6","5.7","7.7","3.0","5.9","3.1","9.5","3.9","12.2","2.4","10.6","3.5","13.7","3.5","4.8","1.9","4.2","2.1","5.4","2.9","69.6","5.3","72.5","6.1","66.8","7.1","17.0","3.2","14.9","4.2","19.1","4.8","2382","603","1450","377","932","332","71.6","8.9","70.8","10.6","72.9","17.2","18.6","8.1","15.0","9.4","24.4","14.6","2631","444","1158","255","1473","280","77.6","8.5","87.4","7.6","69.9","12.6","19.6","6.8","15.3","8.0","22.9","8.9","3577","378","1839","201","1738","230","69.5","9.2","72.9","9.1","65.8","11.0","17.8","4.9","15.9","6.2","19.9","7.1","1230","249","457","160","773","198","49.3","15.4","38.3","21.2","55.9","16.1","5.7","3.7","9.4","7.8","3.5","4.0","15.9","9.5","15.1","15.5","16.5","8.4","4.9","4.1","1.0","1.7","12.9","10.9","2.7","3.2","0.0","2.5","4.9","5.7","8.6","7.5","10.2","10.3","7.4","9.2","31001","5496","35339","6599","26295","5759","17097","3395","19333","2810","14432","4674","26424","13906","25640","16586","29485","14950","37116","4313","46200","10780","31893","9572","46552","14762","37236","22164","48938","17297","62344","19299","74745","34242","55685","41502","9.1","(X)","(X)","(X)","(X)","(X)",
"1400000US06111003201","Census Tract 32.01, Ventura County, California","501","250","341","219","160","67","49.5","20.8","51.3","22.7","45.6","20.0","29.3","12.9","28.2","11.9","31.9","19.2","19.0","13.8","20.5","19.2","15.6","13.1","2.2","3.7","0.0","9.7","6.9","10.0","2079","258","1061","211","1018","139","45.5","6.7","50.4","8.8","40.3","8.0","17.9","4.8","18.4","6.2","17.4","7.0","19.4","5.2","20.1","6.9","18.7","6.1","10.4","4.2","7.1","5.1","13.9","7.0","1.3","1.1","0.9","1.0","1.8","1.8","3.8","2.2","3.1","2.7","4.4","3.6","1.7","1.5","0.0","3.2","3.5","3.0","36.7","7.1","31.2","8.6","42.3","9.7","5.5","3.1","3.1","2.7","8.0","6.0","720","185","342","153","378","101","46.1","12.4","33.3","15.8","57.7","15.6","4.9","3.8","3.5","6.0","6.1","5.4","487","135","268","101","219","71","29.8","11.8","33.2","17.1","25.6","14.6","5.1","5.4","1.9","2.9","9.1","10.3","661","129","357","102","304","85","36.2","11.6","25.8","10.8","48.4","17.6","7.3","6.6","2.8","3.1","12.5","14.5","211","75","94","44","117","48","21.8","15.1","38.3","24.4","8.5","13.5","2.8","4.3","6.4","9.9","0.0","25.4","28.9","6.2","20.3","8.0","39.5","11.9","12.9","9.7","9.4","11.2","16.8","15.8","22.0","13.5","21.2","23.3","22.5","17.7","7.0","10.2","0.0","53.6","9.9","16.4","19058","3855","22134","3595","13789","4814","16379","4255","21094","2932","8070","2619","25349","7104","26397","5588","22679","17627","28590","2547","35469","17352","28351","1996","15909","12775","23250","45462","15739","12619","70781","43859","-","**","70781","43859","8.1","(X)","(X)","(X)","(X)","(X)",
"1400000US06111003300","Census Tract 33, Ventura County, California","1133","402","794","340","339","142","24.6","10.5","31.7","14.5","8.0","11.7","36.3","13.0","34.1","12.7","41.3","20.7","37.8","13.6","34.1","13.2","46.3","22.2","1.3","2.4","0.0","4.3","4.4","7.0","5134","442","2481","292","2653","322","14.8","5.6","14.6","6.9","15.0","6.4","10.8","3.6","9.3","4.5","12.3","5.3","19.4","4.8","18.9","7.0","19.9","6.0","24.6","5.4","23.7","8.3","25.4","5.3","12.1","3.7","14.6","6.5","9.6","4.2","15.1","4.5","15.2","5.6","15.1","5.9","3.1","1.6","3.6","2.3","2.7","1.8","74.3","5.3","76.1","7.4","72.7","7.1","18.3","4.9","18.8","6.1","17.8","6.0","1141","331","549","216","592","210","78.7","13.3","76.3","19.4","80.9","17.2","23.5","12.2","20.0","15.1","26.7","18.3","1116","231","581","151","535","153","67.4","12.0","70.7","16.1","63.7","15.5","20.0","11.4","16.9","13.1","23.4","16.4","1894","222","952","152","942","169","73.7","7.7","79.3","11.2","67.9","10.9","11.7","4.6","14.5","8.0","8.8","5.5","983","154","399","96","584","130","78.4","8.9","75.7","15.1","80.3","9.2","23.0","10.8","30.1","16.9","18.2","10.5","30.0","18.7","27.5","19.5","31.9","21.7","13.3","9.1","8.9","10.1","17.4","13.6","5.7","5.5","3.1","4.2","8.5","7.7","3.7","4.0","7.0","7.7","0.4","1.2","28543","3467","31070","4847","21691","8236","17865","6751","21955","9669","15657","3966","28000","9382","26859","12486","29000","15621","36088","12244","41932","13774","33627","9229","20030","6539","21726","27430","16587","8507","106125","24234","108214","11472","97946","114122","4.7","(X)","(X)","(X)","(X)","(X)",
"1400000US06111003605","Census Tract 36.05, Ventura County, California","932","283","571","214","361","137","14.2","14.4","23.1","21.7","0.0","9.2","41.8","15.7","24.5","20.5","69.3","20.7","42.8","15.6","52.4","24.7","27.7","19.2","1.2","2.0","0.0","5.9","3.0","5.3","6175","580","3027","386","3148","309","12.8","4.8","9.7","5.2","15.7","6.4","9.3","4.0","10.8","5.4","7.9","4.1","18.5","4.7","19.5","6.1","17.5","5.3","24.0","5.3","23.1","7.0","24.9","6.0","10.6","2.8","8.6","3.6","12.5","4.1","19.1","4.3","22.2","6.2","16.1","4.5","5.8","2.6","6.2","2.8","5.5","3.6","77.9","6.3","79.5","6.3","76.4","8.2","24.9","4.2","28.3","5.8","21.5","5.6","1331","384","733","260","598","200","81.3","12.5","87.2","16.4","74.1","16.9","23.8","9.8","27.0","12.2","19.9","14.8","1642","413","774","196","868","248","80.6","12.4","72.5","15.4","87.8","11.5","16.8","8.8","21.1","12.0","13.0","9.9","2390","374","1050","200","1340","269","77.6","10.0","84.6","10.5","72.1","14.8","27.7","8.8","29.2","12.3","26.6","9.9","812","116","470","110","342","86","68.1","12.0","67.9","16.4","68.4","15.0","34.5","10.5","40.4","16.0","26.3","13.4","19.0","16.4","19.8","17.6","18.3","16.7","3.4","4.8","2.7","4.3","4.2","6.0","1.6","1.8","2.2","3.2","1.1","1.8","4.7","4.6","2.0","3.3","8.1","9.4","33110","7372","37798","12292","27473","13161","17316","3363","20764","15415","16941","2793","26591","17214","43542","18728","21260","1871","40625","3936","46848","8914","38988","4815","46125","16502","32426","33922","51875","18422","91730","6002","91910","6996","91600","26130","6.1","(X)","(X)","(X)","(X)","(X)",
"1400000US06111003608","Census Tract 36.08, Ventura County, California","503","99","234","88","269","80","8.9","4.5","16.7","10.5","2.2","3.7","27.0","11.5","23.9","16.4","29.7","17.5","60.8","13.2","56.4","23.1","64.7","18.1","3.2","3.3","3.0","5.0","3.3","4.6","2501","146","1332","128","1169","102","21.1","5.5","18.8","5.6","23.7","7.3","9.1","3.2","10.1","3.6","8.0","4.3","21.6","5.6","26.1","7.4","16.5","5.6","24.1","3.9","24.5","5.6","23.5","5.7","9.6","3.1","5.8","2.7","13.9","5.0","8.9","2.8","8.3","4.0","9.7","2.9","5.6","2.4","6.4","3.4","4.7","3.2","69.8","6.1","71.0","6.3","68.3","7.5","14.5","3.7","14.6","4.6","14.4","4.8","660","112","373","92","287","93","83.9","10.7","89.8","9.5","76.3","19.0","15.3","7.4","17.4","10.9","12.5","11.1","594","136","329","107","265","67","52.7","14.0","48.0","17.3","58.5","14.7","10.9","7.8","4.6","6.3","18.9","11.4","964","106","461","68","503","58","74.8","8.2","79.2","8.2","70.8","10.9","13.7","5.1","13.0","8.5","14.3","5.9","283","65","169","45","114","46","55.5","13.7","52.1","18.3","60.5","16.0","23.0","10.6","32.5","14.5","8.8","9.8","13.6","10.2","6.7","6.8","20.8","16.0","3.0","3.8","4.6","5.9","0.0","16.5","2.5","2.4","3.5","4.1","1.6","1.8","2.5","3.1","0.0","16.4","5.4","6.3","31723","3712","35288","5127","26925","4433","18472","4566","24964","10127","12031","8026","31307","12383","35313","13261","26654","10538","44483","8558","51435","8869","32147","15499","60268","7880","34609","68616","61875","18835","75227","50152","76364","67456","51818","34490","5.8","(X)","(X)","(X)","(X)","(X)",
"1400000US06111003609","Census Tract 36.09, Ventura County, California","474","268","318","196","156","114","0.0","7.1","0.0","10.4","0.0","19.9","62.7","10.6","66.7","25.5","54.5","39.3","35.0","11.0","33.3","25.5","38.5","37.0","2.3","4.1","0.0","10.4","7.1","12.9","4784","452","2239","244","2545","286","0.5","0.6","0.0","1.5","1.0","1.2","1.9","1.7","2.0","1.3","1.8","2.5","15.0","4.0","10.6","4.7","18.8","5.6","24.8","5.2","29.2","6.7","20.9","5.7","8.4","3.1","2.4","2.0","13.8","5.3","29.8","4.1","32.9","6.2","27.0","5.6","19.6","4.5","22.9","6.4","16.8","5.2","97.6","1.8","98.0","1.3","97.2","2.5","49.4","5.4","55.8","7.0","43.8","6.7","572","226","240","117","332","130","96.7","5.6","100.0","13.5","94.3","10.0","50.9","18.0","27.5","24.3","67.8","15.6","667","235","304","115","363","166","100.0","5.1","100.0","10.9","100.0","9.2","38.4","17.6","43.8","21.0","33.9","21.3","2029","270","1005","178","1024","164","96.6","2.5","97.0","2.9","96.3","3.2","43.2","8.3","53.8","12.8","32.7","9.3","1516","193","690","118","826","149","98.2","2.1","98.0","3.4","98.4","2.4","62.1","7.7","73.8","11.6","52.3","11.7","41.2","54.2","34.1","58.2","45.7","53.8","18.6","11.4","31.5","22.7","12.1","10.1","5.8","4.2","5.2","6.0","6.2","5.3","4.0","2.6","5.0","4.1","2.9","3.3","51058","3232","51155","9818","50947","4671","11950","16803","23667","24291","-","**","31414","9349","39077","11390","26765","10941","51800","7300","60104","31461","51446","7200","51602","2548","51385","16778","52049","10962","83200","14247","73464","25061","85380","17919","5.6","(X)","(X)","(X)","(X)","(X)",
"1400000US06111003612","Census Tract 36.12, Ventura County, California","313","119","143","84","170","104","0.0","10.6","0.0","21.5","0.0","18.5","29.1","21.8","20.3","22.5","36.5","33.4","48.2","23.8","39.9","28.9","55.3","35.4","22.7","19.4","39.9","37.9","8.2","13.3","2967","329","1645","268","1322","177","0.0","1.2","0.0","2.1","0.0","2.6","0.9","1.1","1.0","1.7","0.8","1.4","15.1","5.5","13.6","6.9","17.1","7.0","27.2","6.7","29.1","9.0","25.0","8.7","5.3","3.1","3.7","3.6","7.3","5.5","32.4","8.7","36.7","11.5","27.1","9.0","19.0","7.1","16.0","8.0","22.8","10.2","99.1","1.1","99.0","1.7","99.2","1.4","51.4","8.6","52.7","10.4","49.8","10.9","573","265","400","230","173","87","100.0","5.9","100.0","8.4","100.0","18.2","51.0","24.4","50.3","32.5","52.6","27.6","527","134","308","75","219","93","97.0","5.4","94.8","9.1","100.0","14.7","35.9","15.6","41.2","20.7","28.3","21.9","1258","202","662","137","596","140","99.1","1.5","100.0","5.1","98.2","3.2","53.9","11.5","49.5","14.6","58.7","15.8","609","143","275","105","334","112","100.0","5.6","100.0","11.9","100.0","9.9","60.3","15.6","76.7","18.7","46.7","23.1","0.0","59.2","0.0","76.9","0.0","92.8","0.0","7.5","0.0","14.5","0.0","14.3","0.0","3.6","0.0","6.3","0.0","7.9","1.3","1.5","0.9","1.5","1.8","2.9","52325","9456","60893","7021","43094","12095","-","**","-","**","-","**","26653","11992","32670","29876","12375","28116","50166","15315","52235","14587","36780","10968","60443","12304","61446","9370","32411","43263","85858","17731","76203","21990","87206","22415","2.7","(X)","(X)","(X)","(X)","(X)",
"1400000US06111003700","Census Tract 37, Ventura County, California","805","231","440","175","365","136","16.5","10.7","19.3","14.5","13.2","11.1","24.3","9.7","25.0","14.6","23.6","13.4","56.6","12.3","51.1","16.1","63.3","19.4","2.5","2.6","4.5","4.8","0.0","9.1","3724","345","1938","243","1786","171","31.0","5.6","29.8","7.0","32.4","5.9","14.9","3.8","17.8","5.5","11.8","4.5","21.9","5.2","23.8","7.9","19.9","5.9","19.5","3.9","15.4","5.2","23.9","6.8","6.0","2.1","5.6","3.5","6.4","2.9","4.8","2.6","4.7","3.3","4.8","3.3","2.0","1.5","2.9","2.5","1.0","1.0","54.1","6.5","52.4","8.0","55.9","6.8","6.7","3.3","7.6","4.2","5.7","3.3","984","202","533","147","451","112","68.3","11.7","58.5","15.5","79.8","11.6","9.7","6.9","7.7","8.5","12.0","10.5","892","191","529","154","363","98","56.6","11.8","62.6","14.6","47.9","15.2","15.0","8.7","18.9","11.7","9.4","7.7","1330","249","726","170","604","125","46.0","11.3","42.3","12.4","50.5","14.0","0.5","0.8","1.0","1.6","0.0","5.6","518","145","150","60","368","108","43.4","15.3","44.0","20.6","43.2","17.7","2.7","3.3","0.0","20.6","3.8","4.7","18.4","6.4","17.2","7.6","19.8","8.1","5.3","4.1","2.2","3.4","9.3","8.4","12.3","6.4","11.3","9.7","13.1","7.5","0.0","13.0","0.0","20.9","0.0","28.3","22176","2378","22515","3386","21554","3078","17599","2599","18004","3649","16853","3527","24728","5638","25302","5118","21750","12313","29328","4144","28125","7324","30938","5891","68542","68304","67917","61546","100139","176640","56917","86290","95446","79015","-","**","7.9","(X)","(X)","(X)","(X)","(X)",
"1400000US06111003801","Census Tract 38.01, Ventura County, California","757","171","347","134","410","99","35.8","15.0","53.3","25.2","21.0","11.9","19.9","8.1","14.1","13.1","24.9","10.8","41.6","11.8","26.8","16.0","54.1","16.8","2.6","4.0","5.8","8.6","0.0","8.2","3119","422","1611","233","1508","265","50.6","8.1","50.2","9.6","51.0","8.3","12.6","4.5","14.5","6.5","10.6","4.7","17.3","6.7","16.0","7.9","18.7","7.3","9.8","3.8","10.2","5.8","9.4","4.0","6.7","3.5","6.3","4.4","7.1","4.5","2.3","1.4","1.8","1.4","2.9","2.3","0.7","0.7","1.0","1.3","0.3","0.6","36.8","7.3","35.3","8.9","38.4","8.1","3.0","1.5","2.8","1.9","3.2","2.4","839","259","434","171","405","169","46.2","17.8","41.2","22.2","51.6","19.4","4.4","4.5","2.1","4.1","6.9","8.2","843","237","510","167","333","109","36.4","12.7","36.9","16.5","35.7","15.4","3.6","3.3","4.3","4.4","2.4","4.3","1046","179","507","104","539","108","31.5","10.3","28.6","13.0","34.1","13.4","1.2","1.6","1.4","2.3","1.1","1.9","391","101","160","55","231","78","31.7","17.4","35.6","22.0","29.0","19.2","3.3","6.4","4.4","8.1","2.6","5.5","13.8","5.1","10.4","5.3","17.7","7.6","18.2","14.9","13.2","16.0","22.7","16.5","4.8","5.1","5.2","6.6","4.4","7.3","0.0","30.4","0.0","45.9","0.0","44.4","19935","1475","21150","1720","18591","1432","18018","1243","20043","2458","16441","2676","27260","9774","34063","20913","25156","9738","29605","11672","29211","14038","35441","19303","34167","95933","-","**","19602","45741","20972","59070","-","**","-","**","8.2","(X)","(X)","(X)","(X)","(X)",
"1400000US06111003802","Census Tract 38.02, Ventura County, California","381","133","252","97","129","77","19.4","12.7","20.6","15.9","17.1","21.8","37.8","14.8","38.9","21.1","35.7","29.8","42.8","17.8","40.5","26.1","47.3","34.0","0.0","8.8","0.0","12.9","0.0","23.5","1530","172","718","117","812","126","41.0","8.2","41.1","10.8","40.9","9.3","13.9","4.6","11.8","6.9","15.6","7.1","25.8","9.1","35.1","11.3","17.5","8.7","12.3","5.6","9.5","6.3","14.8","7.3","2.6","2.0","1.8","2.0","3.3","3.2","4.4","3.6","0.7","0.8","7.6","6.8","0.1","0.3","0.0","4.8","0.2","0.5","45.2","9.6","47.1","11.2","43.5","11.7","4.5","3.7","0.7","0.8","7.9","6.9","400","127","222","99","178","69","54.5","19.0","64.0","22.2","42.7","24.9","7.8","10.0","0.0","14.5","17.4","20.6","385","114","177","68","208","76","46.0","18.2","24.9","24.7","63.9","18.7","3.1","4.7","0.0","17.8","5.8","9.0","485","103","228","79","257","59","40.2","15.7","50.9","19.9","30.7","16.6","0.2","0.9","0.4","2.1","0.0","12.7","260","99","91","41","169","90","38.8","20.2","39.6","21.9","38.5","29.4","9.6","8.8","4.4","4.9","12.4","14.7","25.2","13.4","22.2","14.1","27.8","15.2","25.8","17.3","25.0","19.2","27.5","20.5","13.3","13.7","22.2","31.8","8.3","9.4","0.0","39.4","-","**","0.0","39.4","17854","3754","21425","2184","15587","4133","19413","3271","21532","1188","15388","6019","14034","5984","26726","16621","5952","8260","25231","15653","15573","5873","26944","4782","16389","3679","-","**","16389","3679","-","**","-","**","-","**","9.5","(X)","(X)","(X)","(X)","(X)",
"1400000US06111003900","Census Tract 39, Ventura County, California","718","194","320","131","398","136","20.9","11.4","20.0","14.6","21.6","15.0","29.7","10.8","18.1","11.9","38.9","16.4","45.0","12.7","56.9","18.9","35.4","14.7","4.5","3.9","5.0","7.7","4.0","5.3","4278","382","2153","229","2125","212","33.5","6.3","32.6","8.2","34.4","7.5","17.6","5.0","13.8","6.4","21.5","6.6","20.1","4.6","28.4","6.9","11.7","4.5","14.7","4.2","16.5","6.3","13.0","4.6","4.1","1.9","3.7","2.4","4.5","3.2","9.0","3.4","4.6","3.1","13.4","4.6","0.9","0.9","0.4","0.6","1.5","1.8","48.8","6.6","53.6","8.0","44.0","7.6","9.9","3.5","5.0","3.2","14.9","4.6","1494","300","702","175","792","158","64.6","9.4","72.4","11.7","57.7","12.6","17.0","7.0","7.1","5.9","25.8","11.8","1085","230","610","168","475","127","33.4","10.6","28.5","13.7","39.6","17.1","6.5","8.1","0.0","5.6","14.9","16.4","1290","242","680","162","610","111","48.4","10.8","58.1","12.6","37.5","14.4","6.4","4.7","7.4","8.2","5.2","4.8","409","125","161","62","248","92","33.7","18.5","47.2","23.2","25.0","21.2","4.2","4.6","5.0","8.0","3.6","5.9","23.3","10.3","18.3","10.5","27.6","11.6","12.5","8.4","9.0","8.6","21.0","16.6","12.0","8.4","7.4","7.5","17.5","14.7","12.3","14.4","0.0","27.1","16.5","18.7","20745","2677","24923","3997","15089","5632","16802","3130","20922","2598","11719","4761","24219","10524","26125","7924","10898","9190","39625","6763","45952","9774","32548","10422","26985","10715","36458","19183","9915","30662","-","**","-","**","-","**","11.1","(X)","(X)","(X)","(X)","(X)",
"1400000US06111004000","Census Tract 40, Ventura County, California","684","217","312","129","372","132","22.8","13.7","17.6","14.3","27.2","19.0","44.3","17.0","49.7","19.9","39.8","21.8","28.2","15.4","29.2","17.9","27.4","18.7","4.7","5.6","3.5","6.1","5.6","6.3","3769","370","1831","209","1938","233","35.9","5.5","34.5","6.2","37.3","7.6","10.2","4.0","13.4","5.8","7.1","4.3","26.9","6.0","29.8","7.2","24.2","7.4","15.6","3.6","11.8","4.8","19.2","5.2","7.2","2.8","6.6","3.2","7.8","3.8","2.8","1.3","3.5","2.2","2.1","1.5","1.4","1.0","0.4","0.6","2.3","1.9","53.9","6.6","52.1","8.5","55.6","7.8","4.2","1.6","3.9","2.2","4.4","2.3","1120","270","564","149","556","197","66.0","12.0","68.8","15.6","63.1","17.5","3.9","3.5","3.0","3.9","4.9","5.9","700","168","382","135","318","103","63.3","13.2","60.2","19.9","67.0","20.4","5.3","4.2","1.8","3.5","9.4","9.5","1346","258","657","165","689","128","41.5","12.3","35.9","14.4","46.7","13.2","3.3","2.6","4.7","4.3","2.0","2.8","603","129","228","74","375","83","48.4","16.1","43.9","21.2","51.2","14.8","5.1","4.5","7.5","10.7","3.7","3.8","13.6","8.4","12.2","8.7","15.1","9.2","21.3","12.9","20.4","14.6","22.4","16.5","6.9","4.4","4.2","6.0","8.6","5.5","12.1","12.7","0.0","36.1","22.4","22.2","21094","1683","22440","4365","19747","2940","18045","4834","21631","5342","16720","1461","21385","7468","20642","7610","24028","15436","31102","5752","33292","4400","26779","9280","18571","28469","9091","52900","31786","21591","49531","18628","-","**","60074","24356","9.0","(X)","(X)","(X)","(X)","(X)",
"1400000US06111004101","Census Tract 41.01, Ventura County, California","795","205","370","124","425","156","20.5","11.1","19.2","15.8","21.6","13.9","32.2","11.8","28.6","17.6","35.3","15.7","39.0","13.7","47.6","24.4","31.5","17.7","8.3","7.4","4.6","7.0","11.5","12.4","4370","348","2329","268","2041","200","30.9","4.7","33.0","6.2","28.6","5.6","17.1","4.2","15.3","5.4","19.1","5.6","23.3","5.2","27.6","6.0","18.5","6.3","18.1","4.0","13.2","5.3","23.7","5.8","4.3","1.8","4.2","2.1","4.5","3.0","5.4","2.2","6.4","3.9","4.3","2.3","0.9","0.9","0.4","0.6","1.4","1.5","52.0","5.7","51.7","6.6","52.3","6.5","6.3","2.5","6.8","4.0","5.7","2.6","1438","297","734","214","704","164","59.0","11.2","56.0","13.8","62.2","13.6","4.2","3.1","0.7","1.3","8.0","5.8","807","154","412","132","395","99","58.4","14.5","53.4","16.4","63.5","18.9","10.5","9.0","10.9","12.6","10.1","9.2","1606","185","968","149","638","68","45.1","8.3","48.5","9.8","40.0","11.4","5.7","4.3","9.4","7.0","0.0","5.3","519","142","215","79","304","96","44.1","15.5","48.8","19.5","40.8","17.5","7.1","6.7","7.9","8.7","6.6","7.3","11.5","6.3","12.7","7.6","10.2","7.5","10.3","7.3","9.0","8.6","12.5","10.4","5.6","5.0","6.4","9.2","5.0","5.4","5.8","6.7","0.0","19.7","13.8","15.7","21912","792","23944","3566","20254","2595","21111","1068","22299","1953","17482","2256","20731","3039","21286","7559","20268","13289","23750","4574","35167","21623","21935","3335","57708","54675","59931","2993","26071","15506","-","**","-","**","-","**","8.0","(X)","(X)","(X)","(X)","(X)",
"1400000US06111004200","Census Tract 42, Ventura County, California","606","127","188","78","418","118","14.7","9.4","12.8","12.7","15.6","12.4","26.4","14.5","27.7","19.4","25.8","15.5","55.1","13.6","55.3","19.8","55.0","16.0","3.8","3.8","4.3","6.8","3.6","4.7","3221","308","1666","243","1555","161","17.4","4.6","16.0","4.5","19.0","5.8","13.3","4.2","17.0","5.3","9.3","4.6","26.1","5.3","30.7","6.6","21.2","6.0","21.1","3.9","15.1","5.0","27.5","5.3","6.6","2.7","5.3","3.7","8.0","4.4","12.7","4.8","14.6","6.2","10.7","4.8","2.7","1.7","1.3","1.5","4.2","3.0","69.3","6.4","67.0","7.4","71.6","6.7","15.5","4.7","15.9","6.3","15.0","5.1","794","191","468","169","326","89","66.5","14.6","59.0","19.4","77.3","17.0","8.2","5.4","5.8","5.7","11.7","9.1","513","122","273","90","240","66","72.9","17.0","78.0","19.6","67.1","22.3","18.5","10.3","15.8","15.9","21.7","14.6","1290","155","627","101","663","99","71.0","7.6","69.9","9.8","72.1","8.6","16.0","6.4","17.5","9.9","14.6","8.3","624","158","298","84","326","96","66.2","15.1","63.8","17.4","68.4","17.9","21.0","15.8","28.5","18.9","14.1","15.2","19.7","11.1","23.1","18.6","15.4","9.0","8.2","5.5","6.4","5.9","10.9","9.9","5.3","3.4","5.3","5.9","5.3","4.6","0.0","6.8","0.0","12.4","0.0","13.9","31949","4123","32212","5973","31065","7506","18975","3769","20585","9741","16658","3944","34048","7159","37417","7926","23929","17272","36221","3875","42500","17902","34667","4865","41250","4147","40625","7591","42863","7287","82344","18794","70833","84286","88050","17316","7.5","(X)","(X)","(X)","(X)","(X)",
"1400000US06111004304","Census Tract 43.04, Ventura County, California","715","218","227","124","488","167","21.7","14.7","14.1","16.8","25.2","19.7","18.0","14.5","14.1","14.9","19.9","18.2","57.8","20.6","63.9","27.1","54.9","23.0","2.5","4.3","7.9","13.4","0.0","6.9","4517","455","2171","302","2346","315","10.5","5.6","13.4","7.6","7.9","4.3","11.9","4.4","13.8","7.3","10.1","4.1","26.4","6.2","23.9","7.7","28.8","8.8","25.6","5.5","24.4","7.8","26.8","6.7","9.1","3.5","9.2","4.7","9.1","4.5","9.1","2.8","7.1","4.2","11.0","4.0","7.3","2.8","8.2","3.7","6.4","3.4","77.6","6.3","72.8","9.7","82.0","5.3","16.4","4.3","15.3","5.8","17.4","6.1","1026","300","604","202","422","184","67.6","14.7","61.3","18.6","76.8","19.2","12.9","8.6","11.3","10.5","15.2","13.1","752","172","359","124","393","94","77.1","11.7","76.0","21.5","78.1","13.0","17.2","8.9","18.9","14.6","15.5","9.6","1699","290","770","187","929","203","82.0","8.4","82.7","9.8","81.5","9.9","20.4","7.8","18.8","10.0","21.6","12.1","1040","169","438","125","602","114","80.5","11.8","68.7","20.8","89.0","9.8","12.9","7.6","11.9","9.9","13.6","8.4","13.1","9.9","7.6","8.8","20.9","15.5","25.4","12.6","18.7","14.4","30.5","17.8","16.2","8.2","16.9","11.2","15.6","10.3","13.8","10.4","16.2","18.1","11.8","11.9","25562","3939","27083","6779","19464","9300","16113","1349","16546","1468","13403","8617","23558","21035","38480","13411","12955","12342","27273","8189","27162","8216","27946","16533","44018","16375","128654","140747","13897","28725","73750","26001","77614","38283","69821","44186","5.3","(X)","(X)","(X)","(X)","(X)",
"1400000US06111004305","Census Tract 43.05, Ventura County, California","805","291","619","245","186","74","0.4","0.8","0.5","1.1","0.0","17.1","48.6","14.9","50.9","17.8","40.9","19.6","49.1","14.6","48.6","17.8","50.5","19.2","2.0","2.5","0.0","5.5","8.6","10.4","835","163","484","120","351","83","2.8","4.0","2.5","3.7","3.1","4.5","5.4","4.5","2.7","4.1","9.1","9.9","11.6","5.8","13.4","9.4","9.1","7.4","55.7","10.3","59.9","13.0","49.9","13.1","5.4","3.9","3.9","3.7","7.4","6.5","11.6","5.5","8.7","6.1","15.7","7.5","7.5","4.1","8.9","5.5","5.7","4.8","91.9","5.7","94.8","5.2","87.7","10.5","19.2","7.4","17.6","8.8","21.4","8.8","486","135","256","101","230","88","90.7","7.6","94.9","7.5","86.1","14.8","12.6","8.6","8.2","9.1","17.4","10.6","263","101","188","69","75","50","100.0","12.4","100.0","16.9","100.0","35.2","17.9","13.0","19.1","13.2","14.7","18.8","86","58","40","29","46","36","73.3","30.4","70.0","38.1","76.1","27.7","60.5","30.8","70.0","38.1","52.2","27.4","0","12","0","12","0","12","-","**","-","**","-","**","-","**","-","**","-","**","0.0","52.8","0.0","88.8","0.0","65.6","11.6","14.5","9.5","17.9","15.6","26.9","12.8","9.6","3.0","4.7","21.2","15.8","4.3","6.8","0.0","38.5","8.0","12.7","38029","5101","45263","7005","21389","7844","23050","2486","22813","33049","23095","32595","40750","20769","41063","19380","-","**","37045","8144","40250","10796","19063","22659","70278","69626","71389","3666","19063","20588","108750","14700","121563","16939","86250","69580","2.0","(X)","(X)","(X)","(X)","(X)",
"1400000US06111004400","Census Tract 44, Ventura County, California","750","237","422","205","328","153","14.1","12.1","25.1","20.0","0.0","10.1","41.2","15.7","41.9","23.1","40.2","21.2","44.7","15.9","32.9","21.9","59.8","21.2","0.0","4.6","0.0","8.0","0.0","10.1","4873","462","2080","303","2793","272","11.8","4.4","9.7","5.9","13.5","5.7","9.6","3.4","12.3","4.8","7.7","3.9","24.5","5.9","24.1","7.5","24.7","7.6","24.6","5.9","22.8","7.0","26.0","7.1","7.5","2.8","7.4","4.1","7.6","3.4","13.8","4.1","13.1","6.1","14.3","4.8","8.1","3.4","10.7","5.7","6.2","3.4","78.5","5.7","78.1","7.1","78.8","7.3","21.9","4.7","23.8","7.4","20.5","5.3","1250","332","412","143","838","279","82.6","9.5","76.2","19.3","85.7","12.8","13.0","8.5","21.6","18.8","8.8","8.8","859","235","557","157","302","134","86.4","9.6","84.9","12.9","89.1","13.1","16.5","11.6","9.0","7.8","30.5","22.4","1880","304","805","201","1075","156","75.1","10.1","71.2","13.8","78.0","12.4","25.2","7.8","28.6","13.1","22.6","8.2","884","188","306","107","578","134","72.4","11.0","86.3","12.0","65.1","13.8","32.7","12.8","41.2","17.9","28.2","13.9","36.8","14.1","35.5","18.7","37.7","19.2","10.6","7.7","4.6","5.3","15.1","12.2","7.5","4.4","8.0","6.4","7.2","5.0","8.0","7.0","7.7","8.8","8.2","10.4","35156","7124","41948","6217","31770","3994","18988","22068","33594","8344","12786","5089","37176","14714","46225","1044","32708","2935","33827","8843","35673","9007","31885","17639","52721","19300","51500","37025","53015","29382","77540","22992","78427","14005","38958","85966","7.1","(X)","(X)","(X)","(X)","(X)",
"1400000US06111004503","Census Tract 45.03, Ventura County, California","559","274","361","252","198","95","34.9","28.3","49.6","38.2","8.1","12.3","29.2","17.7","29.1","25.4","29.3","19.7","36.0","20.9","21.3","23.0","62.6","23.3","0.0","6.1","0.0","9.2","0.0","16.1","2245","248","1148","188","1097","120","30.6","6.8","28.9","9.1","32.3","8.4","10.6","5.8","13.9","7.2","7.1","6.6","21.1","4.4","17.6","6.1","24.7","7.0","21.6","6.8","23.5","8.5","19.7","8.4","5.2","2.4","5.8","3.6","4.5","3.3","9.4","3.3","9.8","6.0","9.1","4.5","1.5","1.3","0.4","0.8","2.6","2.4","58.8","8.9","57.1","10.6","60.6","9.7","11.0","3.7","10.2","6.2","11.8","5.3","726","204","388","149","338","120","65.0","15.6","58.5","23.0","72.5","16.1","16.1","8.7","17.8","14.9","14.2","9.1","662","190","317","105","345","108","66.3","14.6","75.1","16.4","58.3","15.3","12.7","7.4","14.5","13.3","11.0","9.7","652","152","355","102","297","76","45.1","17.2","38.6","17.3","52.9","20.9","6.9","5.1","0.6","1.1","14.5","11.1","205","81","88","65","117","67","56.6","23.2","61.4","38.3","53.0","31.7","0.0","15.6","0.0","31.6","0.0","25.4","23.3","12.0","22.6","16.6","24.1","12.3","12.9","13.1","5.4","8.9","18.5","20.3","12.1","9.6","16.3","14.7","6.8","7.9","0.8","1.6","1.7","3.5","0.0","23.5","24688","7642","29779","9426","17917","6235","15510","2165","16037","2716","14120","4821","33347","6734","34861","25653","32727","21354","32407","13693","44564","11570","16367","9083","45517","14257","47414","71037","35417","13930","53958","33525","-","**","54479","35501","0.9","(X)","(X)","(X)","(X)","(X)",
"1400000US06111004504","Census Tract 45.04, Ventura County, California","703","235","374","172","329","148","31.9","18.7","28.6","19.1","35.6","27.9","31.9","19.6","47.9","24.2","13.7","13.9","36.3","16.6","23.5","19.5","50.8","26.6","0.0","4.9","0.0","8.9","0.0","10.1","3478","276","1703","219","1775","147","28.0","5.4","27.4","6.2","28.5","7.6","15.8","4.2","15.6","5.3","16.0","6.0","23.8","5.0","24.3","6.3","23.3","6.9","15.0","3.4","18.4","6.1","11.8","3.7","7.5","2.8","3.2","2.2","11.5","4.4","7.0","2.4","7.2","2.8","6.8","3.9","3.0","2.6","4.0","3.1","2.0","2.5","56.2","6.2","57.0","8.5","55.5","6.8","10.0","3.3","11.2","3.8","8.8","4.5","999","291","513","183","486","148","50.7","15.6","49.3","18.0","52.1","16.5","2.9","2.5","1.8","2.8","4.1","4.3","807","169","368","119","439","102","46.1","11.4","50.3","17.7","42.6","15.1","8.8","5.8","4.6","6.4","12.3","9.1","1218","206","614","157","604","114","61.7","7.8","60.1","10.1","63.4","11.6","15.1","5.4","18.2","7.0","11.9","8.3","454","110","208","69","246","69","71.8","12.1","78.8","14.2","65.9","15.9","13.9","10.1","25.0","18.8","4.5","6.7","21.9","9.6","8.2","6.6","34.6","14.9","10.9","7.5","10.4","11.4","11.4","9.8","9.2","6.2","9.5","9.4","8.9","7.5","9.2","9.9","6.8","10.1","12.1","18.4","25512","3017","27708","5290","23136","3608","21006","2900","23452","6993","17746","4550","28250","8458","30833","12510","26957","8452","33974","5147","33472","12251","34125","5668","29718","5227","32163","8557","27903","10588","29722","41057","34000","70711","-","**","12.8","(X)","(X)","(X)","(X)","(X)",
"1400000US06111004505","Census Tract 45.05, Ventura County, California","334","90","207","73","127","43","30.2","15.4","38.2","23.7","17.3","14.5","21.0","12.0","17.9","16.5","26.0","18.6","48.8","18.3","44.0","21.3","56.7","23.4","0.0","9.9","0.0","15.5","0.0","23.8","1155","182","541","84","614","117","20.1","10.5","25.7","11.7","15.1","9.7","14.5","7.3","12.2","8.0","16.6","8.2","22.6","6.8","21.4","10.7","23.6","6.4","20.0","6.1","16.1","8.3","23.5","8.2","4.5","4.1","3.1","3.9","5.7","4.9","12.9","6.1","16.8","9.0","9.4","5.7","5.4","3.1","4.6","4.6","6.0","5.3","65.4","10.1","62.1","11.6","68.2","10.2","18.3","8.1","21.4","8.4","15.5","10.2","283","102","162","64","121","57","58.7","16.8","51.9","21.3","67.8","19.3","5.3","8.0","3.1","6.0","8.3","12.6","317","86","119","42","198","59","61.8","20.4","58.0","24.9","64.1","19.8","10.4","10.3","17.6","24.7","6.1","9.1","277","68","150","47","127","38","66.8","15.1","76.7","14.2","55.1","17.4","28.9","14.7","48.7","24.0","5.5","7.2","278","150","110","52","168","106","74.8","19.5","61.8","25.5","83.3","17.5","29.9","13.4","15.5","15.1","39.3","23.0","19.5","15.2","14.6","15.2","24.6","16.1","8.4","8.3","11.2","13.3","6.2","9.2","23.0","15.1","15.4","19.4","27.4","20.3","10.0","11.9","9.5","10.4","10.5","17.6","27067","2884","28417","5313","21685","9635","23600","3712","25745","1394","12500","10417","19188","11186","11875","22180","20000","11845","39297","8525","71250","53540","37617","7754","75806","28948","76169","550","-","**","11898","20117","-","**","-","**","15.5","(X)","(X)","(X)","(X)","(X)",
"1400000US06111004506","Census Tract 45.06, Ventura County, California","1126","275","603","169","523","167","59.1","11.1","57.7","13.7","60.8","15.0","21.1","9.5","23.5","13.4","18.4","10.6","19.7","8.0","18.7","10.0","20.8","11.3","0.0","3.1","0.0","5.6","0.0","6.5","3245","289","1610","220","1635","151","46.0","6.4","47.3","8.5","44.7","8.2","19.0","4.2","20.7","6.4","17.4","5.4","14.2","4.2","13.5","5.1","14.9","5.5","11.7","3.4","8.1","3.4","15.2","5.1","1.9","1.5","3.3","2.9","0.6","0.8","6.2","3.7","6.2","4.5","6.2","3.8","1.0","0.9","0.9","1.3","1.0","1.5","35.0","4.8","32.0","7.1","37.9","6.7","7.2","3.9","7.1","4.8","7.3","3.9","1332","240","677","155","655","141","23.0","7.8","15.4","8.2","31.0","12.5","1.3","1.6","0.0","5.0","2.6","3.2","821","175","405","126","416","112","33.1","10.7","32.3","16.4","33.9","12.5","3.5","4.6","0.0","8.3","7.0","8.6","752","142","383","97","369","97","43.1","10.7","41.0","17.2","45.3","13.7","9.8","7.1","8.1","8.5","11.7","10.0","340","101","145","62","195","63","68.2","16.6","84.8","12.5","55.9","24.8","33.5","24.4","57.9","26.9","15.4","20.8","30.8","9.5","26.5","11.6","35.5","12.1","28.3","16.0","39.7","20.4","18.2","15.9","26.2","15.6","0.0","18.4","45.7","22.3","0.0","20.6","0.0","39.4","0.0","31.4","17066","1580","19442","2936","13717","2898","15101","2508","18096","2825","10656","1684","18958","3029","17772","4058","19696","12025","41167","8610","41708","4588","31875","37103","71595","25150","-","**","70517","55192","-","**","-","**","-","**","5.7","(X)","(X)","(X)","(X)","(X)",
"1400000US06111004600","Census Tract 46, Ventura County, California","441","158","315","149","126","45","2.3","3.5","0.0","10.5","7.9","12.1","48.1","16.0","54.3","24.2","32.5","25.2","49.0","16.7","45.7","24.2","57.1","26.5","0.7","1.3","0.0","10.5","2.4","4.4","899","190","515","134","384","96","2.0","2.2","2.3","2.8","1.6","3.8","7.8","7.4","1.4","1.6","16.4","15.9","18.7","6.5","14.6","6.6","24.2","12.6","50.4","9.1","60.2","9.9","37.2","15.7","10.0","4.2","10.9","6.6","8.9","7.8","8.1","4.5","6.2","5.7","10.7","7.3","3.0","2.7","4.5","4.1","1.0","1.7","90.2","7.7","96.3","3.1","82.0","15.6","11.1","5.4","10.7","6.5","11.7","7.4","565","124","319","79","246","81","91.5","11.4","97.8","2.9","83.3","23.9","6.4","5.0","1.9","2.9","12.2","10.1","247","103","130","67","117","49","90.7","7.3","94.6","8.8","86.3","11.9","10.1","8.1","11.5","11.3","8.5","9.7","76","56","61","49","15","18","92.1","11.9","100.0","39.4","60.0","53.2","51.3","30.6","55.7","35.2","33.3","51.5","11","17","5","8","6","16","0.0","92.8","0.0","100.0","0.0","100.0","0.0","92.8","0.0","100.0","0.0","100.0","54.0","29.3","41.7","54.0","57.9","36.0","12.8","14.6","20.6","21.7","6.8","11.6","8.8","9.6","5.9","7.9","13.0","12.9","13.6","20.1","0.0","82.3","17.8","25.4","40692","6571","43036","5859","24840","9967","24205","23262","39286","12539","-","**","31728","7765","40125","18986","18750","41146","41793","3906","43393","6039","28750","21715","68750","39910","80000","24760","-","**","65938","155078","2,500-","***","-","**","2.9","(X)","(X)","(X)","(X)","(X)",
"1400000US06111004704","Census Tract 47.04, Ventura County, California","177","70","100","47","77","47","28.2","14.5","45.0","26.1","6.5","11.1","27.7","18.2","39.0","26.4","13.0","15.1","32.8","15.0","16.0","16.1","54.5","33.3","11.3","11.6","0.0","28.8","26.0","20.9","974","105","477","72","497","76","34.6","9.4","35.6","10.0","33.6","11.4","17.9","7.1","17.2","7.9","18.5","9.4","23.9","6.2","24.1","8.6","23.7","7.4","16.4","5.5","14.7","8.3","18.1","7.3","2.5","2.0","1.5","2.1","3.4","3.1","4.7","2.9","6.9","4.8","2.6","3.0","0.0","3.5","0.0","7.1","0.0","6.8","47.5","8.3","47.2","10.5","47.9","11.1","4.7","2.9","6.9","4.8","2.6","3.0","239","91","143","65","96","44","46.9","20.5","44.1","25.4","51.0","24.8","3.3","5.8","0.0","21.5","8.3","15.0","214","76","115","51","99","38","36.0","20.5","29.6","20.1","43.4","32.4","0.0","15.0","0.0","25.8","0.0","29.0","335","44","131","27","204","35","41.5","14.7","48.9","19.1","36.8","18.2","9.9","6.8","21.4","16.7","2.5","3.7","186","58","88","35","98","35","72.6","22.8","72.7","22.7","72.4","26.3","2.7","3.7","5.7","8.0","0.0","29.2","17.8","12.1","13.5","12.7","22.0","14.5","15.0","21.0","16.5","23.8","13.6","19.2","16.3","14.4","0.0","34.6","28.0","20.2","0.0","45.4","0.0","53.6","0.0","85.4","21190","6361","24688","4871","16768","3889","16313","2291","18681","6021","15244","2921","25417","26018","26111","20451","12917","70854","34803","11400","36750","14307","34145","12347","24833","11830","24833","7378","-","**","-","**","-","**","-","**","6.0","(X)","(X)","(X)","(X)","(X)",
"1400000US06111004710","Census Tract 47.10, Ventura County, California","776","256","546","206","230","100","27.4","10.1","29.1","13.3","23.5","18.9","32.6","11.9","39.0","15.2","17.4","19.7","31.7","12.0","24.2","11.8","49.6","23.0","8.2","11.2","7.7","10.2","9.6","16.6","2960","339","1602","227","1358","180","26.9","6.8","17.9","8.1","37.4","8.6","10.8","5.5","14.2","7.4","6.8","4.2","22.9","5.6","31.6","8.0","12.7","5.2","21.2","6.9","17.7","6.9","25.4","9.6","8.4","4.4","13.2","8.1","2.8","3.1","8.0","3.2","3.0","1.9","14.0","6.3","1.7","1.6","2.4","2.9","0.8","1.3","62.3","7.1","67.9","8.7","55.7","8.9","9.7","3.5","5.4","3.6","14.8","6.3","848","167","534","123","314","86","76.2","11.7","70.4","13.8","86.0","13.4","6.0","4.9","1.3","2.3","14.0","11.6","734","253","336","143","398","143","46.0","14.6","78.6","20.6","18.6","12.8","3.8","4.0","5.1","7.8","2.8","4.2","1024","168","553","130","471","114","61.1","11.1","58.4","15.9","64.3","11.8","13.6","6.6","5.8","6.8","22.7","11.7","354","108","179","90","175","79","66.1","16.3","69.3","24.0","62.9","24.4","19.8","15.4","17.3","16.4","22.3","27.0","20.1","11.0","18.6","10.7","21.3","13.7","2.4","2.6","0.0","6.7","9.2","10.4","9.6","7.1","2.6","3.5","18.5","13.4","2.4","4.4","0.0","31.9","3.5","6.4","22538","4099","23822","5419","19955","6114","17179","4696","18393","5440","13892","6273","22250","2578","23145","6373","16489","632","32665","8658","28917","11030","33958","12663","46429","26564","56985","65473","29489","24972","-","**","-","**","-","**","5.4","(X)","(X)","(X)","(X)","(X)",
"1400000US06111004711","Census Tract 47.11, Ventura County, California","464","120","318","117","146","70","6.7","8.8","2.2","3.7","16.4","23.4","38.6","16.3","45.3","21.6","24.0","21.1","45.3","21.0","47.8","27.1","39.7","28.2","9.5","10.0","4.7","10.6","19.9","21.4","2070","289","901","175","1169","176","15.1","4.8","8.3","6.8","20.4","6.9","11.7","6.2","16.4","8.2","8.0","8.9","18.8","6.0","20.4","7.8","17.5","6.6","24.2","6.0","26.9","7.4","22.2","7.6","7.4","3.5","8.0","4.5","7.0","4.3","19.9","4.9","17.9","6.2","21.4","6.2","2.9","2.0","2.1","2.7","3.5","3.0","73.2","6.8","75.2","8.4","71.6","8.5","22.8","5.3","20.0","7.0","24.9","6.7","466","92","230","82","236","88","76.8","10.0","54.8","16.9","98.3","3.4","24.5","12.2","16.5","10.6","32.2","20.3","346","118","170","69","176","73","75.7","12.5","90.0","9.1","61.9","22.5","31.8","16.6","30.0","18.5","33.5","23.6","827","207","336","119","491","123","70.5","14.1","82.4","11.6","62.3","16.8","17.5","7.0","20.2","11.6","15.7","7.5","431","100","165","39","266","75","72.4","14.2","73.9","16.8","71.4","18.5","23.7","9.0","13.9","15.0","29.7","14.1","28.8","18.0","26.0","20.4","30.7","26.7","8.0","7.0","9.2","10.8","6.8","6.5","5.3","5.7","0.6","1.6","9.7","10.5","3.0","3.9","0.0","17.6","4.8","6.3","29965","2992","32308","7986","27188","8768","17139","4762","21667","7354","16466","2800","30136","3361","31295","4795","28421","10081","42599","17074","46979","6983","31339","14624","36919","16738","36581","21123","42083","20054","33867","754","-","**","33553","18536","9.4","(X)","(X)","(X)","(X)","(X)",
"1400000US06111004715","Census Tract 47.15, Ventura County, California","747","132","452","127","295","94","15.0","9.2","21.0","15.6","5.8","6.6","34.4","10.5","39.6","14.9","26.4","16.7","47.8","11.2","36.5","14.8","65.1","20.8","2.8","3.5","2.9","5.3","2.7","4.4","3081","282","1526","184","1555","162","23.8","5.9","23.3","7.3","24.4","6.9","12.9","4.5","12.4","4.9","13.4","5.4","26.5","5.2","26.1","8.2","26.9","7.3","20.3","5.2","18.2","7.0","22.3","5.7","8.1","3.6","11.4","4.9","4.9","3.3","6.6","3.4","6.0","4.6","7.3","4.0","1.8","1.3","2.7","2.2","0.8","1.0","63.3","7.5","64.4","8.7","62.2","8.4","8.4","4.0","8.7","5.3","8.1","4.3","743","210","377","141","366","105","65.1","15.7","75.3","16.6","54.6","17.9","10.8","8.3","12.2","14.0","9.3","8.3","863","215","386","128","477","122","67.0","12.3","64.5","17.7","69.0","14.3","12.6","10.1","16.8","11.8","9.2","9.7","1125","149","606","89","519","105","62.3","10.5","61.9","12.5","62.8","12.5","5.2","3.4","3.5","3.8","7.1","5.3","350","103","157","63","193","60","53.1","20.1","47.1","23.3","58.0","20.4","3.1","5.0","0.0","19.8","5.7","8.9","17.6","8.6","12.5","8.8","22.3","9.6","10.3","10.7","12.3","13.8","8.4","8.6","11.0","6.6","5.1","5.0","17.3","10.7","0.8","3.5","1.5","7.0","0.0","23.9","27330","5649","33911","4381","20438","3699","17416","4104","24392","4341","14278","3088","31144","6357","33989","2599","21620","6081","32028","8971","38542","10417","28777","5013","40625","25861","55750","55944","34773","34831","34444","88760","85804","77109","-","**","8.1","(X)","(X)","(X)","(X)","(X)",
"1400000US06111004716","Census Tract 47.16, Ventura County, California","519","150","296","111","223","90","15.8","8.8","27.0","16.4","0.9","1.8","35.6","15.2","29.1","15.1","44.4","24.5","43.4","15.5","36.5","18.5","52.5","25.1","5.2","4.7","7.4","7.7","2.2","3.7","2556","256","1437","224","1119","102","27.0","6.2","25.1","8.9","29.4","8.3","10.6","3.7","11.1","4.7","9.9","4.6","25.2","5.3","31.0","8.9","17.9","6.4","22.3","5.2","23.5","7.9","20.7","5.6","5.0","2.4","3.8","2.4","6.6","3.5","8.8","2.8","4.8","3.2","13.9","4.8","1.2","0.9","0.9","1.0","1.6","1.5","62.5","6.5","63.9","8.3","60.7","7.8","10.0","3.0","5.7","3.3","15.5","5.3","814","202","533","177","281","77","71.5","12.0","65.5","15.7","82.9","14.4","8.4","5.3","2.4","3.1","19.6","14.5","541","138","373","108","168","65","78.6","13.0","75.6","14.3","85.1","17.5","10.5","6.5","7.0","7.9","18.5","15.0","825","105","363","60","462","79","52.8","11.3","55.6","15.6","50.6","9.8","8.0","4.5","5.2","4.9","10.2","6.8","376","95","168","53","208","72","41.0","16.7","50.6","20.7","33.2","18.0","17.0","8.6","14.3","12.8","19.2","12.4","19.7","11.1","16.2","11.3","23.9","13.0","6.5","4.5","7.4","7.0","4.5","5.9","8.4","6.1","10.4","10.5","5.9","5.8","3.6","4.4","0.0","33.7","5.2","6.4","26650","2990","31484","9285","21230","3328","15921","7979","25240","14174","11696","7768","27460","8757","32300","7591","22083","4119","35938","7655","42872","7035","22177","5390","32457","4182","17361","39799","32574","7356","-","**","-","**","-","**","4.9","(X)","(X)","(X)","(X)","(X)",
"1400000US06111004717","Census Tract 47.17, Ventura County, California","688","200","236","120","452","129","35.5","20.4","39.4","30.7","33.4","17.9","30.8","15.2","26.7","20.8","33.0","16.7","33.7","15.2","33.9","24.0","33.6","15.7","0.0","5.0","0.0","13.8","0.0","7.4","2436","292","1358","200","1078","166","44.0","6.9","40.3","8.0","48.8","10.3","13.0","4.5","13.1","6.0","12.8","4.8","19.4","6.5","17.2","7.6","22.1","10.5","16.3","5.1","21.3","7.1","10.0","5.3","3.7","2.1","4.5","3.4","2.8","2.3","2.8","2.1","2.4","2.5","3.3","2.6","0.7","1.1","1.2","1.9","0.2","0.4","43.0","7.1","46.6","8.4","38.4","11.2","3.6","2.3","3.6","3.2","3.5","2.6","658","192","421","149","237","88","54.0","11.8","54.9","16.0","52.3","24.5","2.1","2.3","0.0","8.0","5.9","6.2","693","173","375","134","318","108","46.3","14.9","41.3","19.0","52.2","22.1","0.0","4.9","0.0","8.9","0.0","10.4","810","122","435","82","375","71","34.3","10.4","46.0","13.3","20.8","8.9","8.4","6.4","10.1","9.3","6.4","5.0","275","114","127","65","148","65","33.8","15.7","37.0","21.0","31.1","16.0","1.8","3.1","3.9","6.7","0.0","20.9","16.6","8.9","13.7","8.6","19.7","12.6","21.6","20.9","0.0","13.9","42.9","33.7","7.0","6.9","6.9","7.7","7.2","10.3","0.0","31.9","0.0","44.0","0.0","49.9","22250","3725","24067","3515","18278","5000","16774","836","18125","5746","15250","2115","24429","3404","23375","8894","25142","2660","40250","11663","31447","15767","41314","1472","69250","83474","69500","78066","67083","107248","-","**","-","**","-","**","5.9","(X)","(X)","(X)","(X)","(X)",
"1400000US06111004901","Census Tract 49.01, Ventura County, California","805","202","516","177","289","121","15.5","11.6","18.8","14.5","9.7","13.0","30.3","11.7","34.9","13.7","22.1","18.1","51.8","12.9","44.8","15.1","64.4","22.2","2.4","3.0","1.6","2.4","3.8","6.8","4104","300","1941","236","2163","232","11.1","4.7","12.0","6.7","10.4","4.9","5.3","3.4","7.3","4.9","3.4","3.4","25.2","5.3","30.6","8.4","20.4","7.6","24.2","4.7","20.3","5.9","27.6","6.7","12.8","3.3","9.0","4.3","16.2","5.3","12.5","3.3","11.6","4.4","13.3","5.2","8.9","4.0","9.2","4.9","8.6","4.4","83.6","5.1","80.7","7.4","86.2","5.8","21.4","5.6","20.8","6.1","21.9","7.4","1268","249","592","173","676","175","88.7","8.1","79.1","16.6","97.2","4.2","19.2","7.5","12.3","8.7","25.3","12.2","1191","252","601","162","590","134","85.1","9.9","85.7","10.4","84.4","11.5","21.7","9.6","24.1","13.9","19.2","13.2","1333","159","611","110","722","102","78.3","8.2","78.7","12.5","78.0","11.0","20.1","8.0","22.3","11.2","18.3","8.3","312","80","137","47","175","60","79.8","12.1","74.5","20.1","84.0","15.0","34.6","15.5","36.5","20.7","33.1","18.9","2.2","3.7","0.0","8.9","5.0","8.0","4.3","5.1","0.0","5.7","10.0","12.2","1.9","1.9","0.0","6.1","3.1","3.2","5.2","4.6","11.4","9.6","0.0","7.1","39773","6226","48193","5431","34212","5340","26386","4758","28631","4973","22778","18268","37180","7193","45714","6347","35045","22565","38397","10144","50948","12571","32452","5644","51509","5129","50139","11978","57500","14478","104342","34480","101250","29174","106786","46764","8.1","(X)","(X)","(X)","(X)","(X)",
"1400000US06111004902","Census Tract 49.02, Ventura County, California","701","280","397","237","304","141","41.2","20.0","47.1","25.0","33.6","30.9","27.7","13.1","35.3","22.9","17.8","16.9","28.7","19.8","17.6","16.8","43.1","28.5","2.4","4.2","0.0","8.4","5.6","9.5","2631","205","1289","163","1342","124","49.8","6.6","50.4","8.4","49.3","8.9","18.8","5.4","21.2","8.2","16.5","8.1","13.7","5.2","12.6","7.2","14.8","6.6","13.5","4.7","13.9","9.1","13.2","6.5","1.6","1.8","0.2","0.8","2.8","3.4","1.9","1.6","1.7","2.2","2.0","2.9","0.7","1.0","0.0","2.7","1.4","1.8","31.4","5.9","28.4","10.4","34.2","8.0","2.6","2.2","1.7","2.2","3.4","2.9","726","190","334","133","392","116","57.6","15.6","54.2","21.3","60.5","17.9","9.4","7.8","6.6","8.4","11.7","10.0","474","214","261","114","213","120","31.4","16.8","51.0","24.3","7.5","9.3","0.0","7.1","0.0","12.5","0.0","15.1","918","127","477","97","441","83","22.2","8.6","9.4","9.3","36.1","13.8","0.0","3.7","0.0","7.1","0.0","7.6","513","111","217","72","296","86","10.5","9.7","3.2","5.4","15.9","15.2","0.0","6.6","0.0","14.9","0.0","11.1","26.6","10.3","22.2","10.8","31.3","11.9","18.9","16.4","3.7","7.6","31.3","25.6","1.8","2.8","3.8","6.3","0.0","15.0","0.0","37.3","0.0","65.6","0.0","45.4","18232","2567","21392","5373","14375","3981","15568","4189","18934","3275","11268","2691","21250","9771","30592","16249","16568","6082","29732","12520","34250","22774","23750","24082","-","**","-","**","-","**","-","**","-","**","-","**","6.3","(X)","(X)","(X)","(X)","(X)",
"1400000US06111005002","Census Tract 50.02, Ventura County, California","375","124","153","64","222","102","32.8","16.0","34.6","18.6","31.5","22.0","24.0","11.2","27.5","18.4","21.6","14.6","43.2","14.2","37.9","21.5","46.8","18.9","0.0","8.9","0.0","20.3","0.0","14.5","1610","240","805","156","805","121","40.7","10.8","46.6","11.6","34.8","12.3","12.0","4.9","10.3","6.6","13.7","6.6","24.4","8.5","18.4","7.3","30.4","13.0","17.1","5.7","20.1","10.3","14.2","6.3","2.0","1.7","1.2","2.1","2.9","2.7","2.6","2.0","1.1","1.3","4.1","3.4","1.1","1.3","2.2","2.6","0.0","4.3","47.3","10.5","43.1","11.4","51.6","12.4","3.7","2.3","3.4","3.0","4.1","3.4","636","173","271","92","365","104","57.2","13.6","48.3","16.0","63.8","19.0","3.9","4.8","1.8","2.8","5.5","7.2","440","100","271","83","169","51","45.2","15.2","39.5","18.0","54.4","22.9","0.0","7.6","0.0","12.1","0.0","18.6","440","114","222","81","218","61","30.9","15.6","34.7","17.3","27.1","17.5","4.5","3.7","5.0","5.7","4.1","4.4","94","48","41","25","53","32","67.0","27.8","78.0","30.3","58.5","34.7","16.0","15.1","26.8","35.2","7.5","12.2","22.3","11.5","14.0","11.2","32.1","15.2","8.1","7.6","10.8","12.8","6.5","8.1","8.4","9.6","0.0","18.3","19.0","19.0","8.3","13.3","0.0","59.2","15.2","26.6","21899","2917","25066","2629","18850","4241","18250","4937","24680","4214","15538","1928","24167","6135","30577","16175","21776","4768","35347","14485","37375","28654","31875","11196","56250","73027","-","**","60368","37347","-","**","-","**","-","**","3.8","(X)","(X)","(X)","(X)","(X)",
"1400000US06111005003","Census Tract 50.03, Ventura County, California","986","176","544","136","442","119","16.9","8.8","13.8","10.7","20.8","14.8","30.0","13.7","35.5","15.7","23.3","16.7","49.9","14.1","50.7","15.1","48.9","19.3","3.1","3.8","0.0","6.2","7.0","8.3","4459","387","2371","237","2088","259","28.3","6.6","26.5","7.3","30.4","7.4","16.7","4.7","19.9","6.9","13.1","5.4","28.8","6.5","30.5","8.3","26.9","7.8","16.2","4.2","14.8","5.9","17.8","4.9","4.1","1.9","4.0","2.5","4.1","3.0","4.3","1.7","4.3","2.8","4.3","2.8","1.7","1.5","0.1","0.2","3.4","3.1","55.0","7.5","53.6","9.3","56.5","9.0","5.9","2.3","4.3","2.8","7.7","4.4","994","207","542","162","452","129","62.1","12.9","52.0","17.4","74.1","15.1","4.0","3.9","2.2","3.9","6.2","7.1","1093","220","555","143","538","137","66.9","9.2","76.2","13.0","57.2","17.9","6.8","4.5","6.5","6.3","7.1","8.4","1712","235","905","127","807","145","48.0","10.8","46.4","12.4","49.8","12.2","7.1","4.2","4.3","4.3","10.2","8.1","660","114","369","105","291","72","42.6","12.9","39.6","14.4","46.4","20.9","4.4","4.4","4.3","6.3","4.5","6.4","19.5","9.4","11.7","7.5","29.0","13.8","10.3","6.7","8.3","7.3","12.8","8.8","9.1","7.1","10.3","10.1","7.9","6.6","13.6","15.1","35.0","29.6","0.0","19.4","25079","2664","26538","1946","19711","3570","20801","5315","22973","5559","18457","4158","26420","5609","32295","12817","15286","3567","25341","3471","26600","4791","23906","6107","47961","10948","33854","20611","51842","19377","64300","1630","-","**","64300","1630","7.0","(X)","(X)","(X)","(X)","(X)",
"1400000US06111005004","Census Tract 50.04, Ventura County, California","992","354","533","308","459","151","7.5","8.0","0.4","1.0","15.7","15.8","13.7","10.6","23.5","19.5","2.4","3.2","63.3","17.7","51.4","28.7","77.1","16.7","15.5","11.8","24.8","22.3","4.8","6.8","3298","256","1590","169","1708","173","11.2","5.6","9.9","5.6","12.5","6.9","4.1","2.8","6.3","4.6","2.1","2.4","15.9","5.7","17.2","8.1","14.8","6.6","18.5","5.9","18.6","7.1","18.4","8.2","14.1","5.0","10.4","4.7","17.6","7.6","27.2","6.6","28.5","8.5","26.0","7.2","8.9","3.4","9.1","4.7","8.7","3.7","84.6","5.5","83.8","6.2","85.4","6.7","36.1","6.4","37.5","8.0","34.7","7.5","1485","229","704","156","781","160","93.5","4.8","93.5","7.9","93.6","6.2","46.9","11.0","43.2","14.2","50.2","11.2","764","139","419","96","345","95","83.5","9.2","76.6","11.8","91.9","9.8","30.2","13.4","36.0","14.9","23.2","18.7","931","243","394","129","537","155","72.0","15.0","75.1","18.7","69.6","16.0","25.9","8.9","34.5","15.3","19.6","10.0","118","81","73","53","45","37","79.7","17.0","78.1","25.6","82.2","32.0","17.8","15.3","8.2","13.6","33.3","42.5","46.2","22.2","49.2","23.6","43.0","25.4","7.0","7.9","8.4","13.5","5.6","8.0","6.8","4.4","2.6","4.2","9.9","6.9","2.9","2.7","2.5","3.9","3.2","3.6","39018","7984","53056","14482","31977","8435","13235","6225","13382","11697","12396","7217","21404","8934","31250","21133","20223","6776","45948","12477","65441","10590","30781","7180","57845","12279","61646","21974","51510","10132","78182","35712","101406","34066","49821","20383","2.7","(X)","(X)","(X)","(X)","(X)",
"1400000US06111005100","Census Tract 51, Ventura County, California","492","130","302","112","190","89","34.1","12.1","38.4","17.2","27.4","24.7","32.5","11.0","36.4","12.0","26.3","20.8","29.5","10.5","23.5","15.4","38.9","20.6","3.9","2.9","1.7","2.4","7.4","7.7","2280","207","1037","127","1243","126","14.3","5.0","14.9","6.4","13.8","5.7","5.9","2.6","7.4","4.5","4.7","3.3","13.2","3.8","16.5","5.8","10.5","3.9","24.7","4.9","17.5","4.5","30.8","6.9","6.4","2.8","4.5","3.4","8.0","4.4","20.7","4.5","22.4","7.0","19.2","5.4","14.7","3.6","16.8","5.1","13.0","4.6","79.8","6.2","77.6","7.8","81.6","6.2","35.4","6.2","39.2","9.0","32.2","6.4","370","115","183","62","187","70","78.4","15.9","73.2","22.5","83.4","14.0","26.5","12.6","45.9","24.2","7.5","8.5","293","84","124","55","169","54","73.0","16.2","79.8","17.7","68.0","21.3","19.5","12.6","26.6","23.7","14.2","11.7","884","123","402","80","482","70","81.8","8.0","79.9","11.6","83.4","8.3","36.2","9.2","38.1","11.2","34.6","12.0","733","111","328","63","405","92","80.8","7.6","76.5","10.2","84.2","9.2","45.2","9.2","41.5","12.0","48.1","11.1","20.0","14.6","11.2","13.4","29.7","19.9","10.3","8.2","11.1","10.4","9.2","8.9","3.5","2.7","2.6","3.7","3.9","3.6","3.1","2.3","2.7","2.9","3.5","3.7","44698","20126","60313","29988","34417","16952","20652","7868","24659","8136","15875","4710","22250","16532","22016","26093","37955","26591","41033","20049","61667","34301","29107","21346","88287","15161","94821","21263","87685","36205","111083","49570","125769","9933","30208","60744","4.5","(X)","(X)","(X)","(X)","(X)",
"1400000US06111005202","Census Tract 52.02, Ventura County, California","252","87","147","68","105","58","10.7","10.7","0.0","21.0","25.7","22.7","24.6","16.7","29.3","28.4","18.1","18.4","62.3","20.6","66.7","29.9","56.2","25.1","2.4","4.2","4.1","7.4","0.0","27.7","2090","145","995","117","1095","113","3.3","3.2","4.3","4.6","2.5","2.1","3.2","2.9","2.5","2.8","3.8","3.6","20.3","5.4","19.2","7.0","21.3","7.3","30.9","6.7","34.2","8.0","27.9","8.1","7.6","3.2","8.3","5.2","6.8","3.5","20.4","5.6","16.8","5.8","23.7","8.0","14.3","5.4","14.7","6.5","13.9","6.1","93.4","4.5","93.2","5.6","93.7","4.4","34.7","7.9","31.5","8.4","37.6","9.7","294","133","106","68","188","101","94.9","7.9","100.0","27.5","92.0","12.9","36.4","22.6","17.0","18.5","47.3","28.6","322","84","162","39","160","60","100.0","10.3","100.0","19.3","100.0","19.5","42.5","21.6","34.6","23.9","50.6","27.2","919","123","458","80","461","88","91.3","7.4","89.3","9.7","93.3","6.1","38.4","12.2","41.3","13.6","35.6","15.0","555","68","269","52","286","47","92.4","9.5","92.9","10.0","92.0","9.4","23.1","11.2","18.6","13.1","27.3","13.4","17.5","21.2","0.0","37.3","34.8","32.7","19.1","10.8","18.3","17.2","19.7","16.5","6.0","6.7","11.3","12.9","0.0","8.8","1.1","1.8","0.0","10.6","1.9","3.2","52610","4129","52259","6543","53300","18168","28438","19014","29609","6960","-","**","50505","33302","51399","19062","27941","40384","36481","19678","42625","30879","36131","45283","63194","36665","54722","68285","65083","51576","90179","17689","110250","35552","80956","12856","7.4","(X)","(X)","(X)","(X)","(X)",
"1400000US06111005203","Census Tract 52.03, Ventura County, California","378","164","231","114","147","80","16.7","16.0","13.9","25.4","21.1","13.1","21.4","11.0","26.4","17.8","13.6","16.1","49.5","13.2","42.4","19.3","60.5","17.7","12.4","11.6","17.3","16.7","4.8","8.0","3768","221","1937","204","1831","160","2.4","1.7","2.4","2.0","2.5","1.6","4.1","2.2","2.6","2.0","5.7","3.5","19.6","5.3","22.6","8.1","16.4","4.7","21.6","4.4","19.2","5.3","24.2","5.9","10.9","3.2","11.4","4.7","10.3","4.2","28.5","3.7","28.5","6.0","28.6","5.5","12.8","3.6","13.3","5.9","12.2","4.2","93.4","2.8","94.9","2.7","91.8","3.7","41.3","4.8","41.8","7.3","40.8","5.7","468","149","261","107","207","80","93.2","7.7","93.5","7.4","92.8","8.6","23.9","14.0","21.1","15.5","27.5","19.6","713","138","427","93","286","93","88.5","7.5","96.5","4.0","76.6","15.8","38.3","11.1","38.4","13.3","38.1","15.7","1474","174","793","140","681","112","94.3","3.9","94.2","4.2","94.4","4.3","43.5","8.4","43.0","12.1","44.1","10.0","1113","148","456","90","657","102","95.5","4.5","95.6","4.9","95.4","5.6","47.7","7.8","54.8","11.0","42.8","11.4","10.5","11.5","6.1","11.2","13.3","14.4","10.3","7.9","14.6","11.6","4.0","5.7","6.8","3.5","5.8","5.0","7.7","4.9","4.4","4.1","2.7","2.6","6.3","8.5","44250","6837","48750","11007","40171","6866","24524","5100","24286","3327","35263","34794","27941","2829","22328","10401","29040","2458","46139","6022","51063","6757","34167","11171","66103","10045","66765","12619","61818","18520","72444","17461","95216","18681","65781","28545","8.2","(X)","(X)","(X)","(X)","(X)",
"1400000US06111005204","Census Tract 52.04, Ventura County, California","133","88","60","41","73","59","9.0","10.3","20.0","26.6","0.0","35.8","12.0","10.9","16.7","21.8","8.2","13.1","48.9","20.5","35.0","34.3","60.3","19.6","30.1","13.3","28.3","27.6","31.5","16.9","2586","132","1289","118","1297","100","1.2","1.7","1.2","1.7","1.3","1.8","3.1","2.1","4.2","3.6","2.1","2.1","19.1","5.8","17.4","7.2","20.9","6.6","16.6","4.3","18.5","5.7","14.6","5.2","5.8","2.4","5.0","3.4","6.6","3.7","27.7","5.4","21.4","6.8","33.9","7.1","26.5","5.3","32.4","7.9","20.5","6.5","95.6","2.6","94.6","3.9","96.6","2.7","54.1","7.2","53.8","8.8","54.4","8.3","224","86","98","52","126","67","100.0","14.4","100.0","29.2","100.0","23.9","41.1","21.9","12.2","18.8","63.5","23.0","379","92","231","74","148","64","95.8","6.1","93.1","9.7","100.0","20.9","50.1","17.5","41.1","20.0","64.2","25.1","958","162","435","92","523","112","99.8","0.6","100.0","7.7","99.6","1.1","64.4","9.5","63.0","12.2","65.6","10.8","1025","189","525","98","500","116","90.7","6.3","89.9","8.4","91.6","7.0","48.9","10.5","59.6","14.0","37.6","11.9","1.8","5.2","0.0","37.0","4.5","13.5","3.4","5.8","0.0","14.4","6.3","10.4","4.3","4.4","0.0","10.9","9.1","8.9","3.0","3.6","6.1","7.0","0.0","4.8","74118","14065","84561","13714","55085","23159","-","**","-","**","-","**","31516","2435","33583","9860","29063","16054","56683","19935","64615","33809","55625","18944","81359","37710","104583","18419","43711","19862","105662","31616","128229","11020","84596","20010","5.6","(X)","(X)","(X)","(X)","(X)",
"1400000US06111005205","Census Tract 52.05, Ventura County, California","431","142","334","126","97","58","9.5","8.0","6.6","9.5","19.6","24.5","47.1","19.0","50.9","22.7","34.0","27.5","32.0","19.5","30.2","21.2","38.1","27.2","11.4","8.8","12.3","10.7","8.2","13.5","4244","321","2034","187","2210","205","1.5","1.1","1.2","1.6","1.8","1.9","6.2","4.5","5.1","4.4","7.3","5.5","16.2","3.9","12.9","5.6","19.2","5.6","20.7","4.5","22.3","7.5","19.3","4.9","9.8","3.5","7.4","3.9","11.9","5.8","27.4","5.3","27.5","7.4","27.2","6.3","18.2","5.4","23.6","6.6","13.3","5.9","92.2","4.5","93.7","4.8","90.9","6.0","45.6","5.4","51.1","7.5","40.5","6.3","676","190","385","116","291","117","98.2","3.3","96.9","5.9","100.0","11.3","54.3","20.2","48.6","23.4","61.9","22.1","513","174","191","101","322","152","75.6","20.0","92.7","11.6","65.5","26.5","39.0","19.0","54.5","24.1","29.8","23.2","1842","179","873","128","969","125","95.2","4.7","91.2","9.2","98.8","2.1","44.7","9.6","49.9","12.5","40.0","11.2","1213","97","585","89","628","75","91.5","5.1","95.7","4.8","87.6","8.0","44.8","8.4","53.3","12.6","36.8","10.2","28.9","27.2","10.9","17.3","40.6","36.0","6.0","7.7","0.0","12.4","9.7","12.1","3.2","2.7","4.1","4.2","2.3","3.2","1.9","1.8","0.5","0.8","3.6","3.5","41990","8395","53036","20774","33707","16543","13697","14296","14867","25302","2,500-","***","35294","8973","32380","13246","40489","27931","40022","9567","41810","18054","32946","21261","45586","18211","52284","70701","36000","28916","94364","83466","176875","150908","77917","54920","7.3","(X)","(X)","(X)","(X)","(X)",
"1400000US06111005303","Census Tract 53.03, Ventura County, California","537","175","255","114","282","139","2.6","4.2","5.5","8.6","0.0","11.7","30.0","15.5","29.4","24.1","30.5","19.7","58.7","17.5","52.9","28.6","63.8","21.2","8.8","8.5","12.2","14.5","5.7","9.5","6078","299","2903","187","3175","216","0.7","1.0","0.0","1.2","1.4","1.8","1.5","1.3","1.1","1.3","1.9","1.6","11.9","3.3","11.7","4.6","12.2","4.4","21.5","4.0","19.3","5.1","23.6","5.7","11.5","4.5","11.0","5.3","12.1","5.6","31.5","4.8","33.2","5.9","30.0","6.4","21.3","4.3","23.8","6.3","19.0","4.7","97.8","2.0","98.9","1.3","96.8","3.0","52.8","5.6","56.9","6.8","49.0","7.0","1188","278","612","174","576","186","100.0","2.9","100.0","5.6","100.0","5.9","53.5","14.4","40.5","16.3","67.4","17.7","1244","184","530","119","714","126","98.6","2.3","96.6","5.5","100.0","4.8","70.7","11.7","69.1","12.6","72.0","16.1","2677","200","1375","168","1302","99","97.9","2.6","100.0","2.5","95.8","5.3","51.1","6.8","60.4","10.1","41.3","9.5","969","152","386","94","583","157","93.7","5.8","96.4","6.2","91.9","7.4","33.4","10.3","54.1","17.3","19.7","11.3","0.0","22.7","0.0","54.4","0.0","28.3","8.8","6.3","6.2","9.9","11.1","8.3","1.7","2.1","0.0","3.9","3.1","3.7","3.7","2.6","2.2","2.6","5.3","3.7","58589","10869","78016","10229","40773","11375","-","**","-","**","-","**","44038","10437","65273","39048","12188","54112","41190","8611","47784","11398","25338","3590","73173","19229","96131","24263","44583","16339","85221","8666","102969","21738","61250","18385","3.2","(X)","(X)","(X)","(X)","(X)",
"1400000US06111005304","Census Tract 53.04, Ventura County, California","156","92","112","73","44","51","16.0","23.0","22.3","30.6","0.0","46.4","7.1","9.6","0.0","26.3","25.0","27.6","32.1","24.9","15.2","24.3","75.0","27.6","44.9","29.3","62.5","34.3","0.0","46.4","4520","253","1914","240","2606","208","1.6","1.4","0.0","1.8","2.8","2.3","3.7","2.3","1.9","2.1","5.0","3.7","21.3","4.6","13.5","6.4","27.0","6.0","32.7","4.6","24.5","7.4","38.7","5.7","8.4","3.0","8.0","4.8","8.7","4.1","18.4","3.9","30.5","8.2","9.4","3.9","14.0","4.0","21.6","8.0","8.4","3.2","94.7","2.7","98.1","2.1","92.2","4.2","32.3","5.2","52.1","9.4","17.8","4.8","617","187","349","144","268","101","100.0","5.5","100.0","9.5","100.0","12.2","41.7","19.8","63.0","24.4","13.8","20.4","318","98","248","79","70","54","100.0","10.4","100.0","13.1","100.0","36.7","56.0","23.2","64.1","22.7","27.1","41.8","1026","187","457","112","569","105","96.8","3.6","100.0","7.4","94.2","6.4","32.0","10.4","49.0","17.6","18.3","10.8","2559","235","860","160","1699","197","91.9","4.5","95.8","4.8","90.0","6.1","27.3","5.5","45.9","11.1","17.9","5.3","5.5","8.6","0.0","51.3","6.5","10.6","8.7","5.8","0.0","13.0","11.8","7.8","5.1","3.6","3.7","4.5","5.9","4.8","1.6","1.9","1.0","1.6","2.9","4.8","54149","13177","76378","11453","45117","11449","-","**","-","**","-","**","33875","26181","51950","45707","18977","15691","50106","4898","66500","21992","49004","7756","73750","36295","93938","29382","42891","36563","97210","43753","130031","51908","77083","37167","5.2","(X)","(X)","(X)","(X)","(X)",
"1400000US06111005305","Census Tract 53.05, Ventura County, California","673","143","412","107","261","77","0.0","5.1","0.0","8.1","0.0","12.5","15.5","8.4","14.3","10.2","17.2","15.2","64.9","11.1","72.1","12.1","53.6","18.4","19.6","8.3","13.6","8.5","29.1","19.0","3855","212","1949","143","1906","141","1.3","1.1","1.2","1.3","1.5","1.4","1.4","1.3","0.9","1.0","1.9","2.3","12.4","3.5","11.7","5.0","13.1","4.5","18.5","4.2","13.3","4.5","23.7","5.8","4.8","2.1","5.1","3.1","4.6","2.5","32.9","4.0","29.8","6.0","36.0","5.4","28.7","4.8","38.0","7.7","19.2","4.5","97.3","1.5","97.8","1.7","96.6","2.3","61.6","5.9","67.7","7.5","55.2","6.7","349","118","183","89","166","87","100.0","9.5","100.0","17.3","100.0","18.9","53.9","19.3","39.9","25.7","69.3","20.1","524","98","250","56","274","66","97.9","3.1","95.6","6.6","100.0","12.0","59.2","13.2","56.0","18.1","62.0","17.5","2212","145","1104","100","1108","86","97.2","2.3","98.5","1.8","95.9","3.8","64.6","6.6","71.4","9.2","57.9","8.4","770","114","412","82","358","83","95.7","3.8","96.6","4.8","94.7","6.1","57.8","11.8","77.4","10.3","35.2","16.7","0.0","27.5","0.0","47.5","0.0","38.5","7.9","6.7","5.7","9.1","10.0","10.4","4.3","3.3","1.9","2.8","5.9","5.0","4.6","2.8","4.4","4.0","4.9","3.6","92222","25339","109839","7986","41875","28572","25125","95372","123929","239959","-","**","31141","37464","50536","52788","28438","6018","57578","38751","101211","6999","21250","27338","96667","30776","122262","44607","62431","20956","123750","16735","126607","26201","80500","71256","3.9","(X)","(X)","(X)","(X)","(X)",
"1400000US06111005306","Census Tract 53.06, Ventura County, California","590","130","282","96","308","91","2.4","2.7","3.2","4.6","1.6","3.0","33.7","17.4","42.9","18.6","25.3","23.8","55.1","18.4","53.9","18.0","56.2","24.5","8.8","7.2","0.0","11.7","16.9","13.2","3252","184","1483","118","1769","134","1.1","0.9","2.5","2.1","0.0","2.0","2.4","1.4","2.5","1.9","2.4","2.0","12.3","3.0","9.1","4.6","14.9","5.2","25.7","4.9","20.2","5.3","30.3","7.0","8.6","2.8","10.4","5.0","7.2","3.0","30.9","4.0","32.4","6.3","29.6","4.9","18.9","3.6","22.9","5.2","15.6","4.3","96.4","1.7","95.0","2.7","97.6","2.0","49.8","5.3","55.4","6.7","45.2","6.1","506","133","222","68","284","112","100.0","6.7","100.0","14.5","100.0","11.6","50.6","10.5","58.6","16.9","44.4","12.4","477","106","214","64","263","70","96.0","4.6","91.1","10.1","100.0","12.4","60.6","14.3","55.6","18.0","64.6","19.5","1618","126","727","88","891","67","96.8","2.4","94.5","4.5","98.7","2.2","48.0","8.0","54.9","11.6","42.3","8.4","651","80","320","61","331","60","93.1","4.6","95.3","4.8","90.9","7.9","46.1","9.5","54.1","12.3","38.4","12.6","0.0","25.6","0.0","35.5","0.0","47.5","6.3","7.6","5.9","9.7","6.4","7.5","4.5","4.4","2.2","3.8","6.0","6.9","1.5","1.4","1.0","1.5","2.0","2.2","56932","6066","82984","11158","40298","5963","18125","12637","18125","12637","-","**","41480","22797","81389","42519","40164","18829","39898","8330","55945","11324","24976","16559","74417","7127","99583","13777","47303","19183","83750","14699","117125","36853","71625","13487","4.0","(X)","(X)","(X)","(X)","(X)",
"1400000US06111005401","Census Tract 54.01, Ventura County, California","407","125","205","86","202","93","5.2","5.2","3.4","5.6","6.9","9.1","18.9","12.4","24.9","15.7","12.9","14.5","69.8","14.9","71.7","16.6","67.8","22.5","6.1","6.5","0.0","15.6","12.4","14.2","2923","265","1394","148","1529","177","4.9","4.8","4.4","5.1","5.4","4.9","1.5","1.2","2.3","2.0","0.8","1.0","18.8","4.2","14.4","4.7","22.8","5.8","31.6","5.9","38.1","8.1","25.7","6.8","14.8","4.9","11.2","5.6","18.1","6.8","18.1","3.8","18.1","5.1","18.1","5.5","10.3","3.3","11.5","3.8","9.2","5.3","93.6","4.7","93.3","5.2","93.9","4.8","28.3","4.8","29.6","6.0","27.2","6.7","406","157","249","130","157","66","90.4","10.5","86.7","18.0","96.2","6.7","16.7","13.5","6.0","8.1","33.8","24.4","618","136","290","78","328","74","100.0","5.5","100.0","11.4","100.0","10.1","23.5","10.1","16.2","10.4","29.9","16.2","1203","107","561","59","642","85","95.3","3.4","91.8","7.2","98.3","2.2","39.8","7.2","46.5","10.9","34.0","10.0","696","87","294","52","402","95","86.8","11.5","94.9","5.7","80.8","18.5","19.5","9.5","30.3","12.2","11.7","9.3","3.7","9.0","1.1","4.3","6.4","16.8","4.7","5.4","8.0","12.0","2.9","4.7","2.3","2.3","2.5","3.0","2.1","3.2","6.1","6.0","2.9","4.5","9.2","10.3","51236","6557","58750","10803","45189","8122","28153","5364","29205","19083","23221","12439","25625","15115","50625","24398","20750","9803","50583","8850","51359","16169","47348","10272","75469","11499","96406","31876","60750","21652","82148","4749","88929","19677","80820","6363","2.7","(X)","(X)","(X)","(X)","(X)",
"1400000US06111005403","Census Tract 54.03, Ventura County, California","260","70","98","54","162","80","10.4","12.8","27.6","30.9","0.0","19.3","38.1","16.7","46.9","22.6","32.7","21.4","51.5","23.1","25.5","33.8","67.3","21.4","0.0","12.6","0.0","29.2","0.0","19.3","1654","172","733","114","921","105","16.1","8.0","13.2","8.8","18.3","9.3","9.4","4.3","7.8","4.6","10.6","5.3","23.9","5.9","31.4","9.5","17.9","6.9","27.1","6.6","24.1","7.9","29.5","8.8","6.3","2.9","5.5","4.2","6.9","4.0","14.3","5.1","14.7","7.2","14.0","7.6","2.9","1.9","3.3","2.9","2.6","2.3","74.5","8.0","79.0","10.0","71.0","8.6","17.2","5.3","18.0","7.4","16.6","7.8","369","173","230","108","139","81","81.6","16.4","75.7","18.4","91.4","13.7","24.1","16.3","13.5","12.6","41.7","36.7","212","77","66","39","146","50","61.3","21.6","65.2","29.5","59.6","22.7","10.8","9.8","10.6","13.0","11.0","11.9","582","86","238","51","344","60","81.4","11.3","85.7","14.8","78.5","11.1","17.7","7.3","18.5","9.6","17.2","9.8","491","96","199","57","292","67","66.8","11.4","79.4","13.3","58.2","15.6","14.3","7.3","25.1","15.8","6.8","5.7","10.7","10.2","6.5","10.9","13.1","11.3","4.6","4.4","4.3","5.3","4.8","6.3","10.1","6.1","9.7","8.6","10.4","8.6","3.9","4.3","3.0","4.7","4.6","6.7","37567","9314","33558","10435","38125","7828","20521","8270","24464","9042","17206","3217","36250","11394","40313","23998","29167","27120","38864","15204","42656","21556","31779","21278","73594","48967","108182","61466","39864","51782","-","**","-","**","-","**","5.4","(X)","(X)","(X)","(X)","(X)",
"1400000US06111005404","Census Tract 54.04, Ventura County, California","457","129","251","80","206","81","14.4","11.7","5.2","8.8","25.7","24.5","11.8","10.2","17.5","16.4","4.9","8.1","53.4","11.3","56.2","29.2","50.0","26.2","20.4","15.0","21.1","27.3","19.4","17.5","2471","200","1249","139","1222","107","4.4","2.7","3.9","4.6","4.9","3.0","6.1","2.9","6.2","3.6","6.0","3.5","19.7","5.6","17.8","7.2","21.7","7.5","24.0","5.9","25.2","8.2","22.7","7.2","11.5","3.6","13.1","4.8","9.9","4.5","20.8","4.0","26.7","7.1","14.7","6.0","13.5","4.7","7.0","4.4","20.1","7.2","89.5","4.3","89.8","5.9","89.1","5.3","34.3","5.1","33.7","7.1","34.9","8.4","408","149","201","109","207","72","87.7","11.1","83.6","19.7","91.8","9.6","36.0","11.8","38.8","18.1","33.3","20.6","456","118","275","95","181","54","86.8","10.2","91.3","13.1","80.1","15.0","39.9","17.6","34.9","22.1","47.5","18.6","1047","115","564","64","483","74","88.8","6.4","90.4","6.7","87.0","8.6","31.6","7.6","28.9","9.8","34.8","12.9","560","76","209","41","351","72","94.1","5.2","92.3","8.1","95.2","5.6","33.4","11.4","40.2","16.2","29.3","12.7","0.0","12.6","0.0","23.8","0.0","22.9","0.0","6.9","0.0","14.5","0.0","12.4","3.5","3.0","2.1","3.3","5.3","5.2","0.8","1.2","1.7","2.3","0.0","7.9","53938","10662","62632","6737","43611","22025","25052","15816","30179","9426","11250","9321","42600","24210","48295","11091","4583","18484","55799","11334","62697","12382","37188","32549","96818","38225","107083","16037","54375","30605","92788","33646","108000","58013","74615","41834","8.2","(X)","(X)","(X)","(X)","(X)",
"1400000US06111005502","Census Tract 55.02, Ventura County, California","607","175","191","92","416","174","0.0","5.6","0.0","16.7","0.0","8.1","30.3","16.2","37.2","29.4","27.2","17.0","38.4","12.6","36.6","29.0","39.2","14.5","31.3","17.8","26.2","22.5","33.7","21.7","3467","328","1568","185","1899","273","8.1","6.3","6.8","6.1","9.3","9.2","6.1","3.2","4.5","3.2","7.5","5.1","20.8","5.4","25.6","7.6","16.8","5.9","24.1","5.6","23.0","8.7","25.0","7.6","10.5","4.1","9.3","5.2","11.4","6.9","16.1","4.7","15.3","6.7","16.7","6.9","14.3","4.9","15.5","8.2","13.4","5.8","85.7","6.3","88.7","7.1","83.3","8.5","30.4","5.4","30.8","9.6","30.1","8.4","1059","256","614","167","445","157","93.7","5.7","98.2","2.9","87.4","12.2","39.8","15.1","35.7","19.2","45.4","19.1","713","162","261","87","452","133","83.3","12.5","72.8","22.2","89.4","10.8","11.1","7.3","5.4","8.2","14.4","10.4","1263","234","580","126","683","161","82.7","9.9","84.5","13.4","81.1","14.6","37.0","8.1","38.6","16.6","35.6","13.6","432","93","113","62","319","85","79.2","17.6","95.6","24.4","73.4","19.6","20.1","12.3","23.0","25.6","19.1","13.8","4.8","6.8","7.3","11.0","3.5","7.5","6.4","5.5","2.0","3.5","11.9","11.6","4.8","4.0","2.8","4.4","6.4","6.2","1.4","2.1","0.0","7.0","2.6","3.8","38847","4596","42717","7474","33345","3642","35781","7001","36406","6416","30682","22414","33298","12757","33005","20195","40430","21658","36762","4864","42078","6571","33918","2406","50208","13855","73833","28998","32500","35050","51161","26983","75074","30330","31736","26803","6.4","(X)","(X)","(X)","(X)","(X)",
"1400000US06111005503","Census Tract 55.03, Ventura County, California","239","113","154","89","85","48","7.5","8.8","1.3","2.6","18.8","22.1","30.1","17.9","35.7","29.8","20.0","21.9","43.5","21.6","33.8","30.0","61.2","23.5","18.8","25.9","29.2","34.5","0.0","32.4","2423","206","1091","117","1332","150","1.7","1.2","2.4","2.3","1.1","1.4","2.4","1.5","1.6","1.8","3.2","2.2","21.0","5.1","26.0","8.6","16.8","4.6","27.9","6.9","24.9","8.3","30.3","8.9","14.8","4.3","13.7","6.0","15.6","6.3","23.9","6.2","24.9","7.9","23.0","7.5","8.3","3.9","6.4","4.2","9.9","5.6","95.9","1.9","96.1","2.8","95.7","2.5","32.2","7.1","31.3","8.4","33.0","8.4","574","144","233","70","341","95","95.1","5.6","95.7","6.4","94.7","6.0","37.3","15.9","39.5","19.0","35.8","17.3","397","95","194","67","203","64","97.5","3.6","100.0","16.4","95.1","7.0","26.4","10.5","17.0","12.6","35.5","19.8","761","125","380","76","381","67","99.2","1.4","100.0","8.8","98.4","2.8","36.1","12.6","37.1","16.5","35.2","15.5","691","109","284","63","407","98","91.9","4.5","88.4","9.7","94.3","5.4","27.1","10.8","26.8","14.3","27.3","13.3","10.8","15.1","0.0","54.4","17.6","26.0","4.5","5.4","0.0","12.3","10.0","11.2","3.8","4.0","4.3","5.1","3.5","4.2","1.2","1.9","0.0","9.7","2.1","3.4","43519","8976","47474","8885","33750","16668","34125","63598","76000","37307","-","**","32833","14235","41620","11625","9250","7362","32241","22041","31938","21007","33036","25119","65156","21348","81953","12502","50577","34942","61176","3959","87955","46899","60735","3879","2.3","(X)","(X)","(X)","(X)","(X)",
"1400000US06111005504","Census Tract 55.04, Ventura County, California","146","70","81","54","65","50","0.0","21.1","0.0","33.5","0.0","38.2","32.2","24.0","18.5","25.3","49.2","43.2","67.8","24.0","81.5","25.3","50.8","43.2","0.0","21.1","0.0","33.5","0.0","38.2","3028","190","1380","123","1648","128","3.5","2.8","3.1","3.0","3.8","2.9","5.8","3.0","3.8","2.8","7.5","4.9","16.1","4.0","16.2","6.3","16.0","4.8","28.6","4.1","31.2","6.0","26.3","6.1","10.3","3.7","10.0","5.3","10.6","4.3","22.1","3.7","23.8","5.6","20.8","5.8","13.6","3.6","12.0","4.6","15.0","5.5","90.7","3.4","93.1","4.0","88.7","4.9","35.7","4.5","35.7","6.2","35.7","6.8","429","142","134","70","295","105","94.4","8.1","100.0","22.7","91.9","11.6","51.0","15.1","55.2","27.2","49.2","18.6","620","134","340","76","280","75","85.3","9.4","82.4","14.2","88.9","11.1","30.8","10.6","27.1","13.6","35.4","17.7","1164","130","585","69","579","79","92.2","6.6","98.1","2.7","86.2","12.8","40.5","9.9","43.2","11.8","37.7","12.7","815","88","321","63","494","70","90.7","5.2","92.5","7.4","89.5","6.7","24.7","7.5","23.1","9.6","25.7","9.3","35.8","18.0","9.5","17.3","49.2","23.1","7.6","11.1","8.5","12.5","6.8","10.2","6.3","4.2","4.0","3.6","8.4","6.1","2.3","2.4","0.0","6.8","4.2","4.5","55136","7235","62169","12294","41995","7821","23333","43428","55500","60026","19688","49634","32344","7944","29107","9943","35625","9735","45600","11366","56368","9847","31765","10967","72873","8388","74000","27159","65341","53782","85709","9026","113523","39686","74375","19871","7.5","(X)","(X)","(X)","(X)","(X)",
"1400000US06111005600","Census Tract 56, Ventura County, California","730","244","408","203","322","130","24.2","16.6","28.7","21.9","18.6","24.8","13.8","8.4","13.5","13.6","14.3","12.7","44.0","16.8","41.7","21.8","46.9","24.8","17.9","10.7","16.2","18.4","20.2","12.4","6700","387","3343","248","3357","267","3.7","1.6","3.2","2.1","4.2","2.5","5.4","2.3","4.2","2.4","6.6","3.6","14.3","3.6","14.5","4.6","14.1","4.4","26.5","4.3","24.6","5.5","28.4","5.5","10.4","3.4","11.3","5.5","9.4","3.8","26.1","4.6","26.8","5.8","25.4","6.1","13.6","3.0","15.3","4.2","11.9","4.1","90.9","3.0","92.6","3.2","89.2","4.1","39.7","5.0","42.1","5.9","37.3","7.4","1116","282","608","166","508","161","99.0","0.9","98.2","1.7","100.0","6.7","42.0","13.6","34.0","16.6","51.6","15.4","1561","291","760","171","801","183","89.1","9.8","86.4","11.7","91.6","9.4","51.1","14.2","55.1","16.0","47.3","15.5","2440","262","1128","174","1312","177","94.5","4.0","97.2","2.8","92.2","6.9","40.1","7.5","38.5","11.9","41.5","12.6","1583","165","847","135","736","128","81.2","7.9","87.8","6.8","73.5","12.4","26.2","8.0","41.1","11.7","9.0","8.1","11.7","12.7","4.5","10.4","16.1","20.8","8.9","8.1","7.1","10.4","10.7","9.6","3.2","2.8","3.6","4.9","2.9","3.1","0.5","0.8","0.9","1.5","0.0","2.8","51844","7093","68190","7083","37026","8452","9732","25638","46458","52923","6898","10484","42629","36323","44612","43944","14032","34156","40602","10265","48292","14812","30972","17724","66447","14766","96176","16071","36563","9404","88944","17510","102118","22090","67016","12873","2.6","(X)","(X)","(X)","(X)","(X)",
"1400000US06111005700","Census Tract 57, Ventura County, California","1659","469","377","145","1282","386","0.0","2.1","0.0","8.9","0.0","2.7","29.8","12.4","25.7","17.7","31.0","14.4","68.7","12.3","71.1","17.0","67.9","14.4","1.5","2.1","3.2","4.6","1.0","1.5","1080","114","506","97","574","73","0.0","3.2","0.0","6.7","0.0","5.9","2.0","2.4","0.0","6.7","3.8","4.4","8.4","4.2","10.9","8.3","6.3","3.4","17.9","6.3","26.3","9.2","10.5","6.6","10.7","5.0","12.8","9.3","8.9","4.5","34.8","8.3","26.7","11.4","42.0","9.6","26.1","7.6","23.3","10.2","28.6","8.5","98.0","2.4","100.0","6.7","96.2","4.4","60.9","8.6","50.0","12.8","70.6","8.1","380","110","166","78","214","64","100.0","8.8","100.0","18.9","100.0","15.0","65.0","15.6","47.6","24.1","78.5","13.5","293","77","132","47","161","39","100.0","11.2","100.0","23.0","100.0","19.4","68.9","15.5","56.1","20.3","79.5","17.7","368","75","176","47","192","42","94.0","6.7","100.0","17.9","88.5","12.5","51.4","12.5","45.5","17.0","56.8","13.3","39","8","32","13","7","12","100.0","49.3","100.0","54.4","100.0","100.0","51.3","51.0","62.5","51.4","0.0","100.0","0.0","65.6","-","**","0.0","65.6","0.0","30.9","0.0","41.5","0.0","51.3","8.5","11.4","6.1","8.3","13.4","17.6","0.0","5.4","0.0","14.4","0.0","8.3","47040","7604","52794","5885","44267","5370","-","**","-","**","-","**","42656","23875","43828","21603","25625","22337","46065","8769","54412","16510","32188","25201","45313","4943","50977","7036","42875","8728","63625","7452","78750","19639","61250","6725","4.1","(X)","(X)","(X)","(X)","(X)",
"1400000US06111005801","Census Tract 58.01, Ventura County, California","349","89","263","91","86","47","8.3","12.2","11.0","16.3","0.0","32.1","21.8","14.0","22.8","15.7","18.6","25.7","64.8","13.5","59.3","14.3","81.4","25.7","5.2","5.8","6.8","7.8","0.0","32.1","3175","186","1487","125","1688","99","1.8","1.5","1.3","2.0","2.1","2.3","1.4","1.3","1.3","2.3","1.5","1.6","14.4","4.4","12.8","5.8","15.8","5.9","18.4","4.5","18.4","7.0","18.4","5.1","9.6","3.5","7.7","3.8","11.3","5.6","31.7","4.8","30.3","5.4","32.8","7.2","22.8","4.8","28.2","6.8","18.0","5.8","96.8","1.9","97.4","2.9","96.3","2.7","54.5","5.9","58.6","7.7","50.8","7.9","294","123","128","69","166","82","93.5","11.3","85.2","25.4","100.0","18.9","53.1","23.4","42.2","33.9","61.4","27.9","687","102","261","77","426","79","97.8","3.0","100.0","12.5","96.5","4.9","68.9","11.1","90.0","8.5","55.9","15.8","1571","102","764","63","807","67","98.7","1.9","97.4","3.9","100.0","4.2","54.0","7.2","57.5","9.6","50.8","10.7","623","85","334","55","289","68","92.5","6.4","100.0","9.9","83.7","13.8","40.3","16.0","42.8","19.2","37.4","22.9","0.0","28.5","0.0","49.3","0.0","39.1","1.8","2.9","4.2","7.0","0.0","12.3","4.6","4.0","2.3","3.3","6.4","5.6","2.9","2.4","2.5","2.8","3.4","3.4","64509","18159","97765","16441","40714","13005","8984","828","8688","310","-","**","34637","4247","32031","41691","34758","2189","51406","6055","78958","58244","23667","28265","83311","13529","127841","33050","60250","16902","98086","18797","117083","30421","62647","33504","1.3","(X)","(X)","(X)","(X)","(X)",
"1400000US06111005802","Census Tract 58.02, Ventura County, California","457","136","221","98","236","100","25.4","15.3","33.9","25.3","17.4","17.2","18.4","13.5","12.2","13.2","24.2","20.1","37.6","16.0","24.0","19.8","50.4","23.6","18.6","11.8","29.9","23.2","8.1","9.3","6084","237","3094","192","2990","137","0.0","0.6","0.0","1.1","0.0","1.2","1.0","1.3","1.6","2.4","0.4","0.7","10.1","3.3","7.1","4.2","13.3","4.7","15.3","4.0","14.5","5.4","16.2","4.6","6.1","2.2","4.7","2.8","7.6","3.5","37.0","5.9","38.7","7.2","35.2","6.0","30.5","6.2","33.4","7.6","27.4","6.3","99.0","1.3","98.4","2.4","99.6","0.7","67.4","5.5","72.1","7.3","62.6","5.6","462","170","296","119","166","95","100.0","7.3","100.0","11.1","100.0","18.9","45.9","18.4","50.7","22.4","37.3","25.5","1558","248","750","132","808","138","100.0","2.2","100.0","4.6","100.0","4.2","90.2","7.7","90.5","9.2","90.0","7.9","2832","288","1382","159","1450","174","98.3","2.6","96.5","5.3","100.0","2.4","69.5","7.7","75.3","9.8","63.9","9.1","1232","205","666","146","566","102","99.0","1.7","100.0","5.1","97.9","3.6","42.0","11.9","54.2","16.3","27.6","13.5","0.0","39.7","0.0","44.4","0.0","88.8","0.0","5.5","0.0","14.7","0.0","8.4","4.1","5.1","3.4","5.5","4.8","5.4","0.0","0.8","0.0","1.6","0.0","1.9","87946","12339","117125","24644","56546","15044","-","**","-","**","-","**","32333","19393","17198","36815","35962","21872","60046","23075","69333","33767","47473","17433","98149","6948","99600","23132","62212","58354","120969","15433","165682","41073","80144","39167","3.1","(X)","(X)","(X)","(X)","(X)",
"1400000US06111005901","Census Tract 59.01, Ventura County, California","409","115","234","128","175","109","0.0","8.2","0.0","13.9","0.0","18.0","35.5","20.2","41.9","33.0","26.9","24.9","53.3","24.3","51.7","34.5","55.4","32.9","11.2","11.0","6.4","10.9","17.7","19.3","4890","332","2536","247","2354","198","0.0","0.7","0.0","1.4","0.0","1.5","2.7","2.3","1.7","2.9","3.8","3.2","18.4","5.1","20.9","8.4","15.8","5.5","30.4","6.1","29.3","8.5","31.6","8.4","8.7","2.8","11.0","4.8","6.2","3.1","25.0","4.9","21.1","6.4","29.2","7.5","14.7","5.0","15.9","6.6","13.5","5.9","97.3","2.3","98.3","2.9","96.2","3.2","39.7","6.4","37.0","7.3","42.7","8.3","779","348","540","256","239","133","96.3","6.2","100.0","6.3","87.9","19.6","27.9","17.5","22.2","16.4","40.6","33.5","845","292","423","174","422","150","100.0","4.1","100.0","7.9","100.0","8.0","64.9","16.3","47.8","23.8","82.0","14.9","2173","197","1092","116","1081","145","96.0","4.4","96.0","6.6","96.0","5.1","38.7","10.4","41.0","13.5","36.3","11.1","1093","168","481","113","612","158","98.4","2.5","100.0","7.0","97.1","4.3","30.9","10.6","35.1","13.4","27.6","14.9","13.4","22.3","0.0","46.4","20.0","31.9","9.5","9.6","14.5","15.9","2.4","4.5","9.5","5.6","10.6","9.6","8.2","6.4","3.6","4.0","5.0","5.3","2.3","3.3","49503","15951","80313","34309","33190","17460","190142","291885","-","**","-","**","43750","22956","43031","45775","46438","22614","31932","21539","60588","27201","19602","11761","60417","53016","99726","28085","38304","23350","81899","34889","140179","57806","66953","26558","10.2","(X)","(X)","(X)","(X)","(X)",
"1400000US06111005906","Census Tract 59.06, Ventura County, California","377","196","185","99","192","128","0.0","8.9","0.0","17.2","0.0","16.6","26.3","27.6","16.2","27.6","35.9","37.3","41.6","18.0","68.6","36.1","15.6","21.3","32.1","15.9","15.1","22.2","48.4","38.6","4461","279","2193","220","2268","181","0.6","0.5","0.1","0.2","1.0","0.9","3.7","3.3","4.3","4.3","3.1","3.1","10.7","3.7","3.1","2.2","18.1","7.0","13.8","3.1","11.9","4.1","15.6","5.6","7.2","2.8","9.6","4.9","4.9","2.6","41.6","5.1","42.7","7.2","40.5","7.4","22.5","4.9","28.2","7.0","16.9","5.9","95.7","3.4","95.6","4.3","95.9","3.3","64.0","5.6","70.9","7.0","57.4","6.4","614","215","316","168","298","125","98.0","3.7","100.0","10.5","96.0","7.3","61.6","18.3","60.4","22.7","62.8","21.5","867","129","428","105","439","89","100.0","4.0","100.0","7.8","100.0","7.7","76.6","12.6","76.9","17.0","76.3","15.7","1983","206","923","155","1060","170","97.3","3.3","100.0","3.7","94.9","6.1","67.3","8.2","73.5","10.3","61.9","8.8","997","147","526","118","471","88","87.6","9.3","81.6","16.4","94.3","4.7","48.1","12.5","67.9","15.9","26.1","13.0","0.0","18.2","0.0","29.9","0.0","34.3","2.2","3.8","16.1","26.0","0.0","8.4","4.6","5.8","7.1","10.6","2.2","3.8","1.3","1.1","2.5","2.0","0.0","2.7","52016","10305","88448","17213","28092","13937","16042","15632","-","**","-","**","23257","14641","52279","91473","20938","13881","41111","21063","60417","27352","35708","4957","54583","18406","97159","36648","19247","19087","114737","27756","160833","81239","75833","48416","4.0","(X)","(X)","(X)","(X)","(X)",
"1400000US06111005907","Census Tract 59.07, Ventura County, California","242","89","131","65","111","72","4.5","7.1","8.4","13.2","0.0","26.5","36.4","20.6","19.1","19.8","56.8","26.3","55.0","20.8","64.9","26.8","43.2","26.3","4.1","6.3","7.6","11.4","0.0","26.5","3033","152","1356","150","1677","115","2.0","1.8","1.2","1.3","2.6","2.9","2.7","1.8","3.7","2.6","1.9","1.7","14.0","3.5","12.6","5.5","15.1","5.7","19.4","4.1","16.5","4.9","21.8","5.2","8.8","3.0","4.7","3.6","12.0","5.0","30.6","5.2","37.2","8.1","25.2","5.8","22.6","4.7","24.0","6.8","21.3","5.5","95.3","2.6","95.1","3.2","95.5","3.6","53.1","5.7","61.3","7.5","46.6","6.6","191","106","134","77","57","57","100.0","16.7","100.0","22.7","100.0","40.8","44.0","19.8","41.0","28.6","50.9","44.7","317","86","138","50","179","58","89.6","12.4","90.6","13.8","88.8","12.7","62.5","18.8","71.7","22.6","55.3","22.6","1185","121","547","88","638","77","98.5","1.8","96.7","3.9","100.0","5.3","61.0","8.0","64.7","9.5","57.8","10.6","1340","104","537","86","803","94","93.2","4.5","93.5","5.8","93.0","6.8","45.3","8.0","60.1","11.3","35.4","10.2","16.9","19.8","10.6","18.7","22.4","29.4","2.6","3.8","6.4","10.1","0.0","12.9","4.6","3.4","0.0","11.4","6.9","5.3","5.9","3.7","4.5","4.0","7.4","5.0","60020","15091","68750","16824","30806","15625","45577","39873","26705","268334","-","**","34821","8764","36552","27397","30804","20090","31912","22022","61082","17073","26840","3672","74844","34544","103125","86551","74219","102043","98600","29097","99900","69466","58500","105078","3.2","(X)","(X)","(X)","(X)","(X)",
"1400000US06111005908","Census Tract 59.08, Ventura County, California","170","72","83","41","87","46","2.9","4.2","0.0","32.9","5.7","8.1","36.5","21.7","39.8","30.0","33.3","23.8","47.1","19.5","60.2","30.0","34.5","22.5","13.5","13.4","0.0","32.9","26.4","23.8","1815","154","882","104","933","93","6.9","4.1","6.0","4.8","7.7","6.2","2.3","2.0","3.2","3.0","1.5","1.8","15.5","4.9","14.7","7.3","16.2","6.1","24.6","5.3","18.3","7.8","30.7","8.6","7.4","3.3","8.4","5.7","6.5","2.8","27.5","5.2","29.4","7.7","25.7","7.3","15.8","3.8","20.1","5.5","11.7","4.8","90.8","4.5","90.8","4.6","90.8","6.8","43.3","6.6","49.4","9.0","37.4","8.2","193","75","90","51","103","47","90.7","14.5","100.0","31.1","82.5","24.4","26.9","14.2","30.0","26.6","24.3","25.9","360","77","149","47","211","52","91.9","4.5","96.0","5.8","89.1","6.2","41.1","12.5","50.3","21.9","34.6","13.7","794","100","370","66","424","72","90.7","4.6","82.7","8.9","97.6","3.0","54.9","8.7","57.8","12.4","52.4","11.5","468","96","273","67","195","55","90.2","7.8","96.0","4.2","82.1","17.0","31.8","10.5","44.0","16.3","14.9","7.1","26.9","27.7","7.4","10.0","45.3","42.9","0.0","11.7","0.0","23.3","0.0","20.5","6.4","5.8","13.6","14.2","1.4","2.3","1.4","1.5","1.1","1.7","1.7","2.5","48889","11491","66364","12836","40789","5758","5833","2065","8333","5275","5556","1795","43750","18101","57000","27712","36000","8516","39775","3517","41161","20882","39063","4877","72991","5388","83000","46089","63068","21830","78542","26594","117750","41661","51042","44754","4.2","(X)","(X)","(X)","(X)","(X)",
"1400000US06111005909","Census Tract 59.09, Ventura County, California","239","88","99","64","140","67","0.0","13.6","0.0","29.0","0.0","21.9","33.1","19.1","31.3","34.0","34.3","28.5","56.5","16.1","68.7","34.0","47.9","21.5","10.5","16.5","0.0","29.0","17.9","28.4","2520","171","1089","141","1431","113","0.8","0.8","0.0","3.2","1.5","1.4","3.5","1.9","3.7","3.2","3.3","2.3","20.2","4.7","12.9","5.4","25.8","6.5","23.5","5.2","18.3","6.5","27.5","6.6","11.9","3.3","16.4","6.1","8.5","3.7","21.0","4.0","26.8","7.4","16.6","4.2","19.0","4.4","21.9","6.8","16.8","5.7","95.7","2.1","96.3","3.2","95.2","2.8","40.0","5.4","48.7","7.6","33.4","6.6","363","120","209","100","154","67","96.1","6.4","93.3","11.0","100.0","20.2","45.5","18.8","42.1","15.3","50.0","31.0","420","136","186","87","234","66","97.6","4.0","94.6","9.4","100.0","13.9","48.8","13.8","67.7","22.2","33.8","17.2","1024","136","400","91","624","86","99.2","1.3","100.0","8.4","98.7","2.1","35.1","9.2","39.5","13.6","32.2","10.7","713","149","294","76","419","98","89.3","5.4","94.6","5.9","85.7","8.3","39.1","8.3","53.7","13.0","28.9","9.9","32.4","22.9","60.0","39.7","16.2","22.9","8.4","9.9","0.0","21.8","11.7","13.4","3.5","3.2","1.9","2.9","4.7","4.3","0.0","3.4","0.0","6.4","0.0","7.1","51619","15167","74550","25999","39877","9690","-","**","-","**","-","**","22100","13214","28750","56361","21300","7944","44091","9884","59138","15238","37905","7434","61591","32815","86771","60928","59063","36839","98566","9184","121429","41953","93021","12529","6.0","(X)","(X)","(X)","(X)","(X)",
"1400000US06111005910","Census Tract 59.10, Ventura County, California","109","51","50","34","59","36","9.2","12.2","0.0","43.5","16.9","22.9","33.9","23.9","36.0","25.1","32.2","36.9","41.3","27.0","64.0","25.1","22.0","29.0","15.6","17.4","0.0","43.5","28.8","29.8","1223","77","605","56","618","52","0.7","0.8","0.5","1.0","1.0","1.4","1.8","1.4","0.7","1.3","2.9","2.5","13.5","5.1","14.5","8.3","12.5","4.9","22.3","5.5","22.3","6.7","22.3","7.5","4.6","2.6","0.7","1.2","8.4","4.5","34.7","7.0","37.2","9.3","32.2","8.3","22.4","5.3","24.1","7.1","20.7","6.8","97.5","1.6","98.8","1.7","96.1","2.9","57.1","7.0","61.3","9.7","52.9","8.1","85","44","24","19","61","37","100.0","32.4","100.0","62.8","100.0","39.4","51.8","24.8","25.0","32.6","62.3","29.2","193","62","79","33","114","39","96.4","5.5","100.0","34.0","93.9","9.2","59.6","18.2","72.2","20.0","50.9","22.7","695","84","364","53","331","49","97.1","2.3","99.2","1.7","94.9","4.5","62.2","8.4","64.6","11.0","59.5","11.0","250","84","138","51","112","40","98.4","3.1","97.1","5.7","100.0","26.3","42.8","13.0","52.9","16.6","30.4","15.7","16.1","24.2","0.0","100.0","20.8","31.1","0.0","19.0","0.0","31.6","0.0","34.6","3.6","4.3","0.0","22.0","6.3","7.6","4.4","6.6","4.3","6.3","4.6","7.1","70357","21828","93929","13571","27065","5517","31071","25188","-","**","31250","21407","68750","50849","76333","98120","5250","10186","35341","9540","66750","46531","23750","11761","85417","22807","139464","93747","28750","54793","121250","39193","152250","65393","117813","115666","6.5","(X)","(X)","(X)","(X)","(X)",
"1400000US06111005911","Census Tract 59.11, Ventura County, California","347","205","193","111","154","124","1.7","3.4","3.1","6.1","0.0","20.2","22.2","16.0","37.3","24.1","3.2","7.6","63.7","20.8","47.7","22.7","83.8","17.5","12.4","10.0","11.9","11.4","13.0","14.8","2881","234","1388","125","1493","172","0.2","0.4","0.0","2.5","0.5","0.7","2.3","2.0","0.7","1.0","3.8","3.9","17.6","7.1","15.3","6.9","19.8","9.3","17.2","3.9","19.8","6.5","14.8","5.5","10.6","3.5","5.9","4.0","15.0","5.5","30.4","6.8","34.2","8.8","26.9","7.2","21.5","5.0","24.1","8.1","19.2","5.6","97.4","2.1","99.3","1.0","95.7","4.0","52.0","7.9","58.3","9.4","46.1","8.7","585","180","290","104","295","107","93.3","9.0","100.0","11.4","86.8","18.4","35.7","19.5","38.3","22.4","33.2","23.3","415","138","208","72","207","88","100.0","8.1","100.0","15.4","100.0","15.5","46.3","23.5","49.5","25.3","43.0","27.2","1196","174","543","75","653","130","98.3","1.8","98.2","2.6","98.5","2.6","56.5","8.5","67.2","11.5","47.6","10.4","685","65","347","66","338","55","97.8","2.3","100.0","9.6","95.6","4.6","61.3","9.5","66.3","12.0","56.2","12.9","0.0","35.5","0.0","97.3","0.0","38.5","25.0","20.9","0.0","15.2","42.9","29.6","5.0","3.5","9.2","7.1","1.6","2.5","2.3","2.1","3.6","3.2","0.9","1.4","51466","10437","71136","10716","40609","7157","2,500-","***","-","**","2,500-","***","25225","13502","27075","24057","13350","2632","44759","7225","53000","22129","29792","35538","55703","19025","73125","17620","40430","5299","95958","23576","93036","45031","96417","18203","4.9","(X)","(X)","(X)","(X)","(X)",
"1400000US06111006000","Census Tract 60, Ventura County, California","454","164","255","88","199","138","4.0","4.5","0.0","12.8","9.0","12.4","26.7","16.5","36.1","20.5","14.6","17.2","69.2","16.8","63.9","20.5","75.9","22.3","0.2","0.9","0.0","12.8","0.5","2.2","3382","235","1723","159","1659","165","2.1","1.4","1.5","1.9","2.7","2.0","9.2","3.6","13.5","6.0","4.7","2.6","23.3","6.2","20.6","8.3","26.2","6.2","31.0","5.4","33.1","7.4","28.7","6.7","6.2","2.6","3.1","2.3","9.3","4.0","18.1","3.9","17.9","5.4","18.3","4.7","10.2","3.5","10.3","4.4","10.2","4.3","88.8","3.9","85.0","6.4","92.6","3.1","28.3","5.0","28.1","7.1","28.5","5.8","547","171","237","95","310","112","90.1","7.5","81.9","15.1","96.5","5.9","26.9","13.8","10.5","10.2","39.4","18.4","718","153","431","97","287","84","80.5","10.4","77.0","13.6","85.7","13.0","33.4","12.0","35.7","15.1","30.0","14.2","1433","117","763","103","670","71","90.2","5.0","88.2","7.5","92.4","5.2","27.1","7.4","29.4","10.6","24.5","8.3","684","104","292","65","392","103","93.4","5.2","91.1","8.1","95.2","6.9","26.6","9.1","28.1","13.4","25.5","11.2","21.8","15.2","17.6","14.0","30.8","24.9","13.0","12.8","18.9","24.2","8.2","9.5","6.4","5.0","5.0","6.8","7.8","7.1","3.8","3.7","7.5","6.8","0.0","7.3","31667","7730","34911","16236","27841","6504","21893","3873","24750","5355","19471","1636","15114","14997","9455","36017","17045","10344","43355","9694","44605","10706","37935","14129","55625","24268","100893","33181","37632","16911","49962","43206","99375","57950","48182","15708","6.6","(X)","(X)","(X)","(X)","(X)",
"1400000US06111006100","Census Tract 61, Ventura County, California","722","288","592","259","130","89","5.4","7.3","6.6","8.8","0.0","23.3","25.1","18.1","27.9","22.0","12.3","19.9","67.2","18.7","65.5","22.0","74.6","28.5","2.4","4.3","0.0","5.7","13.1","21.2","5366","328","2751","260","2615","220","10.2","3.6","3.9","3.3","16.9","6.4","12.4","4.3","11.2","5.1","13.7","8.6","12.9","3.9","18.2","6.7","7.3","4.0","16.1","3.7","14.5","5.7","17.7","6.0","6.4","2.5","5.4","3.2","7.3","3.8","22.8","4.7","22.9","6.1","22.8","5.8","19.2","4.9","24.0","6.0","14.2","5.9","77.3","5.6","84.9","6.5","69.4","7.4","42.0","6.0","46.8","7.7","36.9","7.5","1563","372","816","238","747","262","65.8","16.0","78.6","17.2","51.9","20.4","38.4","12.3","38.8","15.2","37.9","18.5","1424","339","756","191","668","196","74.7","11.8","79.0","13.4","69.9","15.5","36.4","11.3","39.0","16.3","33.5","12.6","1947","235","987","124","960","163","88.6","8.1","91.7","8.7","85.4","9.2","50.7","9.7","56.6","11.3","44.7","12.6","432","96","192","61","240","71","76.6","14.9","100.0","16.6","57.9","22.9","34.0","15.8","60.9","22.7","12.5","14.3","36.9","17.7","43.0","24.2","33.7","17.0","22.8","15.0","21.0","17.3","27.7","21.6","3.2","4.0","1.3","3.1","4.9","6.8","0.0","1.5","0.0","2.7","0.0","3.6","51119","17949","54926","26485","39779","27304","12008","6459","18942","4981","4726","10322","28462","14482","30000","18042","23571","26614","51656","11158","76719","45668","41250","23519","94018","11363","93929","24824","95060","11600","85898","20712","102417","30554","81702","16643","6.5","(X)","(X)","(X)","(X)","(X)",
"1400000US06111006200","Census Tract 62, Ventura County, California","242","95","147","85","95","44","0.0","13.4","0.0","21.0","0.0","29.9","28.1","15.3","29.9","19.7","25.3","19.5","34.3","19.4","48.3","26.0","12.6","19.1","37.6","18.3","21.8","17.1","62.1","25.2","2373","179","1176","109","1197","104","0.8","1.2","0.0","2.9","1.6","2.4","2.5","2.2","3.7","4.1","1.3","1.8","12.4","4.1","13.3","6.8","11.6","4.4","22.5","6.0","19.4","7.9","25.6","7.2","9.6","4.7","9.3","5.3","9.9","5.3","25.4","5.8","25.0","7.0","25.8","6.6","26.8","5.6","29.3","7.8","24.2","6.9","96.7","2.3","96.3","4.1","97.2","3.1","52.2","7.4","54.3","10.4","50.0","7.6","245","100","141","54","104","62","86.9","14.6","77.3","27.4","100.0","27.9","47.8","23.8","53.9","27.6","39.4","26.9","165","77","61","42","104","40","100.0","19.0","100.0","39.4","100.0","27.9","69.1","17.4","70.5","33.3","68.3","22.1","1255","126","629","66","626","84","98.8","1.7","100.0","5.4","97.6","3.4","50.7","9.5","45.8","12.3","55.6","11.8","708","80","345","69","363","43","95.6","4.6","96.5","5.4","94.8","8.2","52.4","12.0","67.2","14.8","38.3","14.0","0.0","34.3","0.0","46.4","0.0","52.8","0.0","11.2","0.0","19.9","0.0","22.0","0.0","4.5","0.0","9.9","0.0","7.9","1.1","1.8","1.1","1.7","1.0","1.9","55833","11770","71103","26380","35972","13185","-","**","-","**","-","**","33958","35861","53750","19146","13698","14821","41063","23709","65714","23150","35694","20878","55208","45788","75909","46123","20875","25939","98021","28571","151538","30012","65709","30813","1.9","(X)","(X)","(X)","(X)","(X)",
"1400000US06111006301","Census Tract 63.01, Ventura County, California","561","125","190","92","371","104","9.3","7.8","16.3","13.9","5.7","8.8","21.6","14.0","8.9","18.6","28.0","26.1","62.6","14.4","74.7","22.9","56.3","27.0","6.6","7.3","0.0","16.8","10.0","10.8","4755","264","2239","242","2516","158","0.7","0.7","0.5","0.9","0.8","1.0","2.5","1.9","4.2","3.8","1.0","1.2","17.8","6.2","17.7","9.5","17.8","4.9","21.9","4.3","15.9","6.0","27.1","6.7","10.4","4.1","9.4","5.1","11.2","5.3","28.5","5.0","32.2","8.6","25.2","5.7","18.3","4.2","20.0","6.0","16.8","5.8","96.8","2.1","95.3","3.9","98.2","1.6","46.8","6.8","52.2","9.6","42.0","7.8","403","159","258","150","145","96","100.0","8.3","100.0","12.7","100.0","21.2","71.0","22.9","62.0","34.2","86.9","21.5","816","111","376","71","440","72","96.3","4.4","92.0","9.5","100.0","7.6","62.7","10.0","70.2","14.2","56.4","14.8","1882","156","969","122","913","78","95.5","4.2","92.2","8.1","99.0","1.6","38.4","9.7","44.1","12.9","32.3","10.1","1654","148","636","107","1018","128","97.8","2.2","100.0","5.4","96.5","3.5","42.6","10.9","50.0","18.2","38.0","12.8","16.9","36.6","22.6","47.7","0.0","51.3","4.1","5.2","0.0","8.4","8.0","8.9","2.0","2.4","2.1","3.4","2.0","3.0","2.1","2.4","2.6","2.8","1.5","2.4","52473","5922","67663","20927","43864","10123","18750","44134","-","**","-","**","25833","14415","21853","7917","36042","42760","46085","10078","58750","18152","32202","22827","64727","25419","93636","17025","33950","9976","82143","24136","103676","25094","77604","26527","3.2","(X)","(X)","(X)","(X)","(X)",
"1400000US06111006302","Census Tract 63.02, Ventura County, California","1465","299","554","148","911","220","1.3","1.4","1.1","1.6","1.4","1.9","7.0","4.0","3.8","3.9","9.0","5.6","89.3","4.5","95.1","4.3","85.7","6.3","2.4","2.1","0.0","6.1","3.8","3.4","1778","144","903","124","875","83","7.4","6.1","12.1","10.3","2.6","3.3","2.7","2.0","2.4","2.4","3.0","3.1","15.2","4.9","12.1","5.0","18.4","7.6","18.6","5.3","18.1","6.3","19.2","6.2","10.0","3.8","6.3","3.8","13.8","5.6","30.5","6.1","28.1","7.8","32.9","7.7","15.6","3.8","20.9","6.6","10.1","4.0","89.9","6.0","85.5","10.4","94.4","3.7","46.1","6.6","49.1","9.2","43.0","7.8","255","76","133","61","122","54","86.3","19.6","73.7","32.9","100.0","24.6","62.0","20.6","58.6","29.3","65.6","27.3","245","76","162","60","83","36","86.9","15.9","80.2","22.6","100.0","32.9","51.8","16.5","48.1","19.8","59.0","22.5","842","104","394","76","448","56","98.0","2.7","96.4","5.2","99.3","1.2","47.1","7.7","52.0","13.0","42.9","9.4","436","58","214","42","222","63","78.0","13.1","76.6","17.5","79.3","13.1","31.4","11.3","38.3","13.0","24.8","15.3","9.4","18.5","11.9","25.8","0.0","57.1","17.4","17.1","13.3","20.2","19.9","21.9","4.3","6.7","0.0","14.7","7.6","11.3","4.0","4.1","2.7","4.9","5.4","5.0","45909","10892","63103","23020","41042","6573","40368","23188","40478","19841","-","**","25714","15485","35278","23806","16500","26654","43824","6279","67750","28550","38438","20345","50750","49661","90417","64525","42813","31641","87250","17540","94107","22037","85417","21432","2.8","(X)","(X)","(X)","(X)","(X)",
"1400000US06111006400","Census Tract 64, Ventura County, California","506","166","226","102","280","131","14.0","10.5","16.4","17.6","12.1","13.9","21.9","13.5","37.2","24.2","9.6","11.4","58.3","15.8","33.6","26.1","78.2","17.6","5.7","7.3","12.8","17.9","0.0","11.7","5136","404","2407","251","2729","244","5.3","3.0","5.7","4.0","4.9","3.3","4.1","2.5","7.4","5.2","1.2","1.5","15.5","3.2","14.9","5.5","16.1","5.6","23.1","5.2","21.2","6.6","24.8","7.1","10.7","4.0","11.1","6.2","10.4","4.3","23.9","5.2","20.6","6.9","26.8","6.3","17.4","3.8","19.2","4.3","15.8","4.3","90.6","4.0","87.0","6.4","93.8","3.4","41.3","5.8","39.8","7.7","42.6","7.0","762","250","440","156","322","164","79.1","17.2","71.8","22.3","89.1","13.4","30.2","16.0","29.5","18.9","31.1","21.1","1049","299","468","157","581","188","84.8","9.3","70.7","15.8","96.2","5.2","54.3","16.2","39.3","15.7","66.4","20.6","2264","160","1027","137","1237","136","98.0","2.0","98.7","2.1","97.3","3.2","44.3","7.7","44.5","11.2","44.2","8.8","1061","163","472","104","589","141","88.9","7.9","91.5","10.3","86.8","11.0","29.8","8.7","39.6","13.6","21.9","10.8","22.6","22.4","34.7","31.9","0.0","18.7","11.2","10.7","7.8","9.5","13.9","15.7","1.7","2.6","3.9","5.9","0.0","3.6","0.9","1.4","1.0","1.6","0.8","1.3","56571","8613","66154","19119","48250","13664","23112","16632","19292","16797","26429","15442","19659","15533","30066","28241","6183","2006","51927","10775","57418","18715","41021","11049","78472","41969","102457","11493","60612","32696","91250","15290","105673","24227","76731","19915","6.3","(X)","(X)","(X)","(X)","(X)",
"1400000US06111006500","Census Tract 65, Ventura County, California","449","176","190","88","259","169","2.7","4.7","6.3","11.0","0.0","12.6","55.5","15.4","77.9","19.7","39.0","21.3","31.8","13.7","15.8","14.8","43.6","17.7","10.0","10.1","0.0","16.8","17.4","19.6","2357","242","1097","151","1260","135","13.4","6.4","13.6","6.7","13.2","6.7","10.0","3.7","5.8","4.2","13.6","5.2","23.1","7.0","25.1","8.7","21.4","7.2","17.6","6.2","20.0","7.8","15.6","7.1","9.8","3.8","7.2","4.4","12.0","5.7","12.6","4.3","16.8","9.7","9.0","5.2","13.5","6.0","11.6","7.6","15.2","6.3","76.7","7.0","80.6","6.9","73.3","8.2","26.2","7.3","28.4","9.4","24.3","8.1","496","204","253","120","243","102","94.8","8.3","100.0","12.9","89.3","15.5","44.4","17.3","50.6","23.9","37.9","19.9","486","113","242","76","244","61","73.3","13.2","78.1","17.5","68.4","17.5","11.7","7.7","6.2","6.8","17.2","12.3","1082","138","499","89","583","90","74.7","10.5","79.0","11.2","71.0","11.8","28.6","11.6","31.3","15.1","26.2","12.4","293","55","103","40","190","50","59.0","23.2","46.6","29.6","65.8","24.3","10.6","9.1","11.7","15.9","10.0","10.8","8.2","7.6","10.8","12.9","6.5","6.8","27.3","15.1","22.5","15.5","32.2","20.9","27.4","16.2","38.3","20.6","18.2","15.8","11.3","9.9","9.0","8.2","13.7","18.3","39911","9332","50347","10271","31588","9188","25966","10780","28194","7227","17404","18360","42870","18454","44484","19090","24844","16035","25694","15964","17708","29950","28295","8884","76094","19369","81554","22021","39831","28646","66898","16928","81750","17240","37344","31251","8.6","(X)","(X)","(X)","(X)","(X)",
"1400000US06111006600","Census Tract 66, Ventura County, California","537","134","205","61","332","129","3.7","6.1","9.8","14.8","0.0","10.0","34.1","14.0","17.1","11.7","44.6","20.9","38.5","16.9","37.1","15.5","39.5","25.0","23.6","11.7","36.1","18.1","16.0","11.6","2901","217","1436","162","1465","118","2.8","2.1","3.9","2.6","1.6","2.1","6.8","5.1","8.3","6.7","5.4","4.3","16.1","4.3","16.2","5.6","16.1","4.9","23.2","5.0","20.9","5.5","25.5","7.4","11.1","4.5","10.7","5.5","11.4","5.8","25.5","5.6","23.5","7.5","27.4","7.0","14.5","3.5","16.5","5.0","12.6","4.0","90.4","5.1","87.8","6.6","93.0","4.5","40.0","6.6","40.0","8.8","39.9","8.0","263","130","107","70","156","75","100.0","12.4","100.0","27.3","100.0","19.9","54.0","27.7","30.8","29.0","69.9","28.6","542","92","298","70","244","39","89.7","10.9","86.9","16.8","93.0","10.6","43.7","16.0","36.6","18.3","52.5","19.2","1222","130","662","97","560","71","91.1","6.4","86.9","8.1","96.1","6.0","43.4","9.0","43.5","12.1","43.2","11.4","874","123","369","64","505","105","87.1","10.0","86.7","11.6","87.3","9.5","28.7","8.4","39.3","13.4","21.0","9.5","4.7","7.9","7.3","12.4","0.0","30.4","6.4","6.8","6.0","9.3","6.7","7.9","3.7","3.4","4.6","4.9","3.0","3.4","5.9","3.2","1.9","1.9","9.7","5.6","42361","4283","51944","22569","35898","6481","32465","29390","33125","37577","-","**","21278","4524","20750","6184","26696","31600","43729","4583","49926","17832","36087","7558","41488","9378","74643","76455","36181","10052","82120","15417","107000","24379","40750","46662","6.1","(X)","(X)","(X)","(X)","(X)",
"1400000US06111006700","Census Tract 67, Ventura County, California","279","112","211","98","68","54","6.5","7.4","5.2","8.5","10.3","16.8","21.1","17.4","19.4","20.4","26.5","32.6","55.9","17.5","64.0","19.3","30.9","29.1","16.5","12.8","11.4","9.1","32.4","40.2","2157","140","939","103","1218","139","1.4","1.4","0.7","1.1","2.0","2.0","4.7","3.0","5.5","4.0","4.0","3.9","13.9","7.1","11.4","7.5","15.8","9.4","22.4","5.9","22.2","7.4","22.7","6.7","5.6","2.9","5.2","4.0","5.9","4.2","32.3","6.1","32.4","7.4","32.3","7.7","19.6","4.7","22.6","6.4","17.3","6.7","93.9","3.4","93.7","4.2","94.0","4.5","51.9","6.5","55.0","8.3","49.6","9.2","226","97","117","70","109","64","100.0","14.3","100.0","25.4","100.0","26.9","38.1","18.1","25.6","17.1","51.4","33.0","345","149","118","69","227","88","100.0","9.6","100.0","25.2","100.0","14.3","42.3","18.5","26.3","27.1","50.7","21.8","990","127","448","79","542","91","89.7","6.2","90.4","7.4","89.1","8.6","61.4","8.8","58.9","11.9","63.5","11.4","596","108","256","61","340","96","95.0","3.6","93.8","5.8","95.9","4.9","47.0","10.2","74.6","12.8","26.2","14.2","28.7","29.1","23.2","23.3","32.9","48.0","13.2","11.3","6.5","11.0","16.9","16.8","7.1","7.1","5.1","8.1","8.6","11.0","3.7","4.1","1.0","1.8","6.0","7.2","45000","11020","71544","22145","31893","12204","17039","19972","17105","20304","14904","30299","18514","10473","21354","141557","8546","3333","28145","5239","50909","27320","17206","10355","55046","20872","77308","48613","41250","20124","86786","20350","86806","19561","86750","28942","7.3","(X)","(X)","(X)","(X)","(X)",
"1400000US06111006800","Census Tract 68, Ventura County, California","420","116","193","94","227","81","1.9","3.9","4.1","7.9","0.0","14.3","31.7","14.2","39.4","20.5","25.1","17.1","62.4","15.4","50.8","21.1","72.2","18.2","4.0","4.4","5.7","9.0","2.6","5.2","2788","281","1451","291","1337","151","10.1","3.3","13.0","5.6","6.9","2.8","10.5","8.4","16.6","13.8","3.8","2.9","12.5","3.9","9.1","4.8","16.2","5.3","27.4","5.1","28.2","8.5","26.5","7.0","9.5","3.7","8.8","5.4","10.2","5.0","18.6","4.5","13.4","4.8","24.2","6.3","11.5","5.7","10.8","7.3","12.2","5.9","79.4","10.2","70.4","16.4","89.3","4.3","30.1","7.6","24.3","8.6","36.4","8.7","547","205","317","172","230","100","75.0","27.2","60.3","37.2","95.2","10.1","32.0","18.0","6.3","9.0","67.4","19.7","583","106","250","67","333","82","83.7","15.2","71.6","25.5","92.8","8.5","39.5","20.4","46.0","32.3","34.5","17.7","1239","157","686","140","553","53","79.3","6.8","73.3","11.5","86.8","6.7","29.4","6.5","25.4","9.8","34.4","10.6","419","93","198","62","221","62","79.7","11.3","74.7","15.1","84.2","12.3","16.7","10.5","21.7","15.5","12.2","10.8","26.5","17.1","27.9","24.4","22.4","15.4","19.0","12.3","15.2","15.9","21.3","16.5","4.9","5.6","0.7","2.0","9.4","10.8","0.5","0.9","0.6","1.5","0.4","1.0","39489","5429","39864","18400","39280","4628","13801","6993","17746","11068","6149","1875","37656","23148","37500","19547","37788","59644","43169","8550","44688","11835","31375","25294","66375","14395","77500","18576","42404","25027","76771","20535","100000","17701","56477","52238","5.6","(X)","(X)","(X)","(X)","(X)",
"1400000US06111006900","Census Tract 69, Ventura County, California","283","126","91","57","192","121","6.0","7.7","18.7","19.8","0.0","16.6","9.5","10.6","14.3","18.7","7.3","10.8","49.5","26.5","37.4","21.9","55.2","36.7","35.0","26.7","29.7","24.4","37.5","37.1","2800","234","1234","179","1566","129","3.1","2.0","1.9","2.7","4.1","3.0","7.0","3.7","3.6","2.6","9.6","6.4","16.1","5.2","20.1","8.1","13.0","5.3","26.3","4.9","20.9","6.8","30.6","6.8","6.7","2.7","4.6","2.9","8.4","4.1","26.8","6.0","35.6","8.0","19.8","6.1","14.0","3.8","13.2","5.0","14.6","4.8","89.9","4.8","94.4","3.5","86.3","7.0","40.7","6.6","48.8","8.3","34.4","7.1","543","222","302","145","241","101","94.1","7.6","100.0","10.9","86.7","16.8","54.9","13.1","49.0","13.1","62.2","21.3","449","117","161","90","288","78","77.5","18.5","79.5","21.6","76.4","21.3","39.2","14.3","56.5","28.9","29.5","14.3","963","128","463","96","500","78","96.7","3.0","97.8","3.6","95.6","4.9","40.8","10.6","40.8","14.7","40.8","12.6","845","102","308","70","537","81","85.9","8.0","91.6","7.3","82.7","11.4","32.3","9.1","56.5","15.1","18.4","8.1","35.2","29.4","34.8","38.8","35.3","28.4","35.3","14.3","39.5","27.2","30.0","15.8","18.4","10.4","25.4","21.4","14.8","7.8","4.9","4.6","4.3","4.6","5.6","5.8","35438","10856","52974","8116","23814","2462","7461","21151","14740","12973","5781","24394","24155","33345","50833","48448","17232","14673","24107","4610","30375","13555","22045","6872","58750","18439","75423","25306","36938","35289","62813","42251","87778","17949","42778","33717","2.2","(X)","(X)","(X)","(X)","(X)",
"1400000US06111007000","Census Tract 70, Ventura County, California","320","142","161","107","159","82","8.8","10.1","6.8","11.1","10.7","15.8","19.4","13.2","28.6","23.4","10.1","12.0","41.6","20.0","54.0","32.9","28.9","19.9","30.3","16.3","10.6","14.4","50.3","23.0","2770","257","1197","206","1573","153","13.0","6.5","11.9","9.2","13.9","6.3","6.0","2.5","7.7","5.3","4.8","3.3","24.8","6.0","21.8","10.5","27.1","6.5","20.1","5.5","19.4","8.8","20.6","6.3","4.9","2.7","5.4","4.1","4.6","3.1","19.1","4.8","24.1","7.3","15.3","5.4","12.0","3.7","9.8","5.4","13.7","5.0","80.9","8.2","80.5","13.2","81.3","6.8","31.1","6.6","33.8","8.2","29.0","7.5","825","170","373","91","452","124","83.9","15.6","84.5","17.4","83.4","14.9","48.8","13.9","45.0","15.9","52.0","17.6","562","181","321","123","241","96","71.9","13.6","74.1","16.1","68.9","25.1","36.8","16.1","36.4","19.1","37.3","24.5","731","146","294","85","437","95","83.9","8.9","86.7","12.7","81.9","10.3","24.4","10.2","32.0","14.0","19.2","11.3","652","107","209","91","443","88","81.7","10.6","74.2","22.0","85.3","11.3","11.2","9.0","12.4","13.5","10.6","9.7","26.3","10.2","28.2","14.0","24.8","15.8","15.8","7.2","6.5","6.8","21.5","10.7","17.0","9.7","13.1","11.3","19.9","13.6","9.4","5.9","5.9","5.4","12.5","9.8","38690","10338","45455","23287","27436","14725","17465","5347","22639","7625","10357","8905","35670","10469","36069","4000","24083","22499","40081","8385","52083","17334","30625","21324","81528","27308","82868","22935","66420","67489","99063","56425","111992","19893","61719","19672","9.7","(X)","(X)","(X)","(X)","(X)",
"1400000US06111007100","Census Tract 71, Ventura County, California","509","188","237","125","272","144","12.6","14.7","22.4","28.4","4.0","6.8","52.3","23.2","39.2","29.1","63.6","27.8","21.0","13.3","18.6","14.1","23.2","23.4","14.1","11.9","19.8","17.7","9.2","12.6","3841","320","1682","250","2159","325","13.0","5.6","12.7","8.5","13.3","7.2","7.2","4.1","6.5","5.7","7.7","5.9","15.6","5.4","16.5","7.6","14.9","6.0","24.9","6.3","25.1","8.5","24.7","9.1","11.3","4.6","11.7","7.3","10.9","5.3","20.4","6.5","19.4","10.4","21.2","7.4","7.6","3.1","8.0","4.4","7.3","4.5","79.8","5.8","80.8","9.3","79.0","9.0","28.0","6.4","27.4","10.9","28.4","7.4","900","344","411","192","489","262","96.3","6.3","100.0","8.2","93.3","11.5","52.1","15.3","49.9","29.5","54.0","18.1","646","233","387","183","259","113","51.7","19.0","52.7","24.8","50.2","28.9","21.8","14.3","22.5","16.2","20.8","18.7","1569","239","553","200","1016","193","73.9","10.6","76.7","14.6","72.4","14.2","22.8","7.9","18.6","12.9","25.1","10.1","726","176","331","121","395","138","96.8","3.7","96.7","5.4","97.0","5.0","14.7","10.8","19.9","19.8","10.4","9.0","26.3","13.2","27.6","20.5","25.3","18.2","14.2","10.1","5.0","8.0","22.1","16.1","14.2","8.1","4.5","5.3","22.1","13.7","10.6","7.9","2.6","3.7","16.6","12.4","35727","8539","43935","10961","26109","6106","25887","7212","30625","8973","19750","20451","20313","21634","20938","40722","9091","43877","40450","29165","52138","12519","23547","13478","40893","16464","68029","22889","36887","12363","78472","4541","79514","29102","76538","10515","4.3","(X)","(X)","(X)","(X)","(X)",
"1400000US06111007201","Census Tract 72.01, Ventura County, California","313","109","155","73","158","84","0.0","10.6","0.0","20.1","0.0","19.7","44.4","17.6","53.5","23.5","35.4","22.8","52.1","18.0","46.5","23.5","57.6","24.6","3.5","5.8","0.0","20.1","7.0","12.1","2261","177","1152","117","1109","100","0.0","0.1","0.1","0.3","0.0","3.1","5.3","2.7","7.4","3.9","3.1","2.4","14.6","4.9","14.3","6.6","15.0","5.9","20.9","5.4","22.0","6.2","19.7","6.9","8.4","3.1","6.2","3.9","10.8","4.6","34.0","6.9","32.4","8.6","35.6","7.8","16.7","5.1","17.6","6.7","15.8","5.9","94.7","2.7","92.5","3.9","96.9","2.4","50.7","7.4","50.0","8.7","51.4","8.3","206","74","124","58","82","46","100.0","15.6","100.0","24.2","100.0","33.2","53.4","24.2","36.3","27.7","79.3","27.4","356","104","192","93","164","50","93.0","7.5","90.6","13.0","95.7","6.7","68.8","12.9","66.7","18.3","71.3","18.3","1077","111","541","72","536","72","95.5","3.7","92.8","5.6","98.3","2.6","53.9","9.3","54.2","10.5","53.5","11.8","622","75","295","57","327","61","92.4","6.4","90.2","8.1","94.5","5.8","33.9","10.4","37.3","14.3","30.9","12.7","15.0","21.4","20.9","28.1","0.0","52.8","4.2","6.4","0.6","2.1","7.8","12.0","4.2","3.8","4.6","5.4","3.8","5.5","1.7","1.9","1.7","2.6","1.8","2.7","70132","13288","75924","15431","46136","24627","31750","48123","31500","45361","-","**","58750","31138","72946","22174","11477","58573","34643","15915","32218","17949","45288","30113","76932","39148","97742","29596","73447","55668","122361","39917","129444","25779","37411","39137","7.8","(X)","(X)","(X)","(X)","(X)",
"1400000US06111007202","Census Tract 72.02, Ventura County, California","351","120","236","117","115","63","16.2","10.3","24.2","12.9","0.0","25.8","21.1","14.3","10.6","13.4","42.6","26.1","54.4","14.6","55.9","18.0","51.3","25.2","8.3","7.6","9.3","11.7","6.1","10.5","3334","260","1492","139","1842","195","0.5","0.8","0.5","1.5","0.5","0.7","1.0","0.8","1.7","1.6","0.4","0.8","9.6","3.1","7.6","3.8","11.2","4.1","18.6","4.7","14.3","5.0","22.0","6.9","9.8","3.3","8.6","5.6","10.8","3.6","37.6","5.2","37.5","6.9","37.7","8.0","22.9","4.2","29.7","7.0","17.3","5.5","98.5","1.1","97.7","2.1","99.1","1.1","60.5","5.8","67.2","7.9","55.0","6.9","249","105","108","72","141","80","100.0","13.1","100.0","27.1","100.0","21.8","33.3","19.2","17.6","20.3","45.4","35.1","513","166","197","67","316","156","97.7","3.7","93.9","9.6","100.0","10.5","65.7","12.6","53.3","20.4","73.4","15.5","1596","135","786","107","810","85","99.0","0.8","99.1","1.5","98.9","1.6","68.2","6.8","76.2","9.8","60.4","7.1","976","103","401","83","575","103","97.7","3.3","96.3","6.0","98.8","2.7","52.0","10.3","69.6","9.6","39.8","14.5","0.0","43.5","0.0","52.8","0.0","76.9","10.0","9.3","11.4","16.4","9.2","10.9","3.0","2.7","0.0","9.7","4.6","4.1","0.7","0.8","0.7","1.2","0.7","1.1","66214","8752","103478","19413","37469","17493","78646","84338","78646","84338","-","**","39167","29607","60865","33510","9107","30976","33866","12420","55556","53264","25469","24893","65507","16734","107885","25057","36111","20428","134464","29297","153093","25950","80823","10060","4.8","(X)","(X)","(X)","(X)","(X)",
"1400000US06111007300","Census Tract 73, Ventura County, California","97","59","55","50","42","30","0.0","29.4","0.0","41.5","0.0","47.5","47.4","35.4","58.2","50.2","33.3","41.2","37.1","32.2","41.8","50.2","31.0","40.1","15.5","19.9","0.0","41.5","35.7","34.3","1310","129","691","97","619","66","1.1","1.3","0.3","0.9","1.9","2.4","2.3","1.9","3.3","3.2","1.1","1.6","18.9","6.6","17.1","8.8","20.8","7.8","23.2","6.2","27.5","8.2","18.4","7.1","3.2","2.5","3.8","4.0","2.6","2.6","29.4","5.7","21.4","8.7","38.3","8.7","22.0","5.5","26.6","7.7","16.8","7.0","96.6","2.6","96.4","3.4","96.9","3.2","51.4","7.3","48.0","9.7","55.1","8.7","89","68","70","70","19","20","96.6","9.0","100.0","36.7","84.2","41.2","48.3","20.4","38.6","20.1","84.2","41.2","207","63","83","39","124","54","93.2","9.7","83.1","22.7","100.0","24.2","46.4","18.2","25.3","24.7","60.5","23.8","652","87","359","65","293","60","97.9","2.3","98.6","1.9","96.9","4.2","49.2","12.3","46.8","14.4","52.2","14.8","362","35","179","26","183","26","96.4","4.4","96.6","5.7","96.2","4.6","58.8","7.5","64.8","11.8","53.0","12.0","0.0","46.4","0.0","61.6","0.0","70.6","1.6","2.9","0.0","25.2","3.1","5.5","4.6","4.6","7.4","7.2","0.0","23.3","4.2","3.0","0.0","10.0","8.2","6.0","77994","18273","82222","13471","37135","26210","46786","55426","45179","92035","-","**","91759","12911","100227","21148","25769","48701","40313","15051","44833","34535","35813","4325","77798","30914","85417","67838","63182","41207","121250","89712","178750","162022","85481","129192","3.2","(X)","(X)","(X)","(X)","(X)",
"1400000US06111007402","Census Tract 74.02, Ventura County, California","357","147","259","142","98","74","4.5","6.9","6.2","9.3","0.0","29.2","3.9","6.1","5.4","8.9","0.0","29.2","86.3","11.8","81.1","17.1","100.0","29.2","5.3","8.3","7.3","12.0","0.0","29.2","4720","261","2276","180","2444","177","1.0","0.9","0.2","0.5","1.6","1.8","0.4","0.5","0.5","0.8","0.2","0.5","15.3","4.4","7.0","3.8","23.0","7.4","19.7","4.7","17.0","7.5","22.1","6.0","2.4","1.5","0.7","1.1","4.1","2.4","36.8","5.3","39.7","6.8","34.0","7.6","24.5","4.3","34.8","7.4","14.9","4.9","98.7","1.0","99.3","1.0","98.1","1.9","61.3","6.0","74.6","7.5","48.9","8.2","571","274","275","165","296","143","100.0","5.9","100.0","11.9","100.0","11.1","53.2","25.1","65.1","27.4","42.2","33.0","558","172","276","133","282","95","100.0","6.1","100.0","11.9","100.0","11.7","72.0","16.2","83.7","16.1","60.6","21.2","2358","243","1128","157","1230","152","99.0","1.5","100.0","3.1","98.1","2.9","61.9","7.3","70.9","10.0","53.7","10.6","1233","175","597","98","636","116","96.8","2.6","97.3","3.7","96.4","4.3","59.0","9.9","81.6","9.1","37.7","13.3","0.0","52.8","0.0","92.8","0.0","64.2","8.8","7.7","24.5","24.3","4.2","6.5","8.4","6.0","10.4","11.9","7.2","6.6","3.0","2.0","3.1","2.8","3.0","2.4","76340","10095","91300","21302","53179","22953","-","**","-","**","-","**","34526","47065","42279","103912","33190","54627","52643","24009","75325","41845","46118","17072","107803","26990","104583","35699","108516","111313","120613","49268","130563","63551","87434","53667","7.0","(X)","(X)","(X)","(X)","(X)",
"1400000US06111007403","Census Tract 74.03, Ventura County, California","408","112","202","87","206","80","9.1","9.4","18.3","19.2","0.0","15.6","20.8","12.0","22.8","19.4","18.9","17.2","49.0","19.4","44.1","27.1","53.9","21.4","21.1","14.7","14.9","22.2","27.2","19.0","3804","240","1716","165","2088","126","0.8","0.8","0.0","2.0","1.4","1.4","0.3","0.5","0.7","1.2","0.0","1.7","11.3","3.9","15.0","7.5","8.3","3.1","21.4","5.4","17.5","6.6","24.7","7.3","7.4","2.8","5.1","3.7","9.3","4.2","36.1","6.5","39.8","8.9","33.0","7.9","22.7","4.5","21.9","7.6","23.4","5.2","98.9","0.9","99.3","1.2","98.6","1.4","58.8","6.5","61.7","10.0","56.4","7.1","489","183","230","100","259","107","100.0","6.9","100.0","14.1","100.0","12.6","60.3","24.8","45.7","32.5","73.4","21.3","731","166","328","122","403","104","98.2","2.8","100.0","10.1","96.8","5.0","68.9","18.7","65.5","23.0","71.7","20.3","1971","172","933","104","1038","104","99.4","1.0","98.7","2.2","100.0","3.3","56.1","7.3","59.6","11.0","52.9","10.2","613","120","225","78","388","81","97.4","4.2","100.0","14.4","95.9","6.7","54.0","16.0","80.9","17.0","38.4","18.8","29.3","46.0","100.0","88.8","0.0","57.1","6.0","7.0","0.0","12.7","15.0","17.5","7.9","5.7","4.9","8.0","9.6","6.4","3.0","3.3","6.3","6.7","0.0","2.9","68604","12337","91196","23875","51596","16484","-","**","-","**","-","**","61583","18433","64125","65835","28477","1645","39578","17830","51736","31307","38615","11432","68652","18448","90000","38286","65375","26014","87298","32568","117292","20603","75531","21301","1.5","(X)","(X)","(X)","(X)","(X)",
"1400000US06111007405","Census Tract 74.05, Ventura County, California","374","161","169","101","205","90","0.0","8.9","0.0","18.6","0.0","15.6","50.8","20.8","68.6","31.9","36.1","22.1","34.0","17.5","31.4","31.9","36.1","19.9","15.2","13.2","0.0","18.6","27.8","24.1","4490","252","2166","177","2324","161","1.0","1.2","0.6","0.9","1.4","1.6","3.3","2.0","4.5","3.9","2.1","1.7","10.3","3.7","8.0","4.0","12.3","5.1","19.4","4.4","19.9","6.7","18.9","6.2","7.7","2.9","6.9","4.0","8.4","4.0","29.6","5.4","28.9","6.8","30.1","7.6","28.8","5.3","31.1","7.5","26.7","6.6","95.7","2.5","94.9","4.1","96.5","2.4","58.4","5.3","60.1","7.2","56.8","7.4","482","227","307","133","175","115","99.8","0.5","100.0","10.8","99.4","1.5","36.3","23.7","33.6","23.6","41.1","33.1","882","165","361","89","521","143","100.0","3.9","100.0","9.2","100.0","6.5","78.9","11.0","74.2","18.0","82.1","13.0","2498","238","1247","153","1251","130","96.5","3.2","94.1","5.9","99.0","1.6","62.5","7.1","67.5","9.8","57.6","10.1","628","190","251","89","377","134","83.6","9.7","85.7","13.3","82.2","14.6","29.9","14.4","35.1","20.1","26.5","20.6","23.0","28.5","20.9","30.5","25.9","28.9","6.3","7.3","16.7","19.3","0.0","11.5","7.5","7.4","10.0","11.3","5.2","6.0","1.9","1.7","0.0","2.7","3.8","3.3","78250","14959","100649","22337","62740","12610","30451","54172","-","**","-","**","71278","55495","140658","2220","49063","68014","50326","9666","50435","19348","49808","12859","100298","24586","142857","65217","68490","18905","117593","33643","130167","32133","84519","26648","2.2","(X)","(X)","(X)","(X)","(X)",
"1400000US06111007406","Census Tract 74.06, Ventura County, California","246","93","142","81","104","52","8.5","13.6","14.8","23.1","0.0","27.9","30.5","25.1","52.8","34.3","0.0","27.9","46.3","24.9","22.5","21.9","78.8","21.6","14.6","12.0","9.9","11.9","21.2","21.6","1463","159","727","87","736","80","0.0","2.4","0.0","4.7","0.0","4.6","0.0","2.4","0.0","4.7","0.0","4.6","5.4","2.6","7.4","5.2","3.4","3.3","14.4","4.5","15.1","7.2","13.7","6.6","7.7","4.4","0.4","0.7","14.8","8.5","43.5","7.8","44.6","9.4","42.4","9.7","29.0","5.9","32.5","8.6","25.7","8.1","100.0","2.4","100.0","4.7","100.0","4.6","72.5","7.7","77.0","8.5","68.1","9.6","147","99","76","55","71","51","100.0","21.0","100.0","34.9","100.0","36.4","56.5","34.9","48.7","31.0","64.8","43.9","335","112","124","57","211","64","100.0","9.9","100.0","24.2","100.0","15.2","82.1","9.2","92.7","10.8","75.8","12.7","856","64","433","37","423","45","100.0","4.0","100.0","7.8","100.0","7.9","72.3","9.1","77.1","10.5","67.4","12.5","125","52","94","40","31","25","100.0","24.1","100.0","30.1","100.0","55.3","67.2","19.4","78.7","17.9","32.3","32.9","-","**","-","**","-","**","5.1","8.9","0.0","41.9","16.0","30.3","7.4","7.8","8.8","12.4","6.7","7.4","1.2","1.7","0.4","1.2","2.2","2.9","84904","16204","109412","14155","57708","18863","-","**","-","**","-","**","108063","50449","109375","56648","-","**","61528","43735","79185","52008","22237","24451","103571","24974","150163","68731","51750","28192","79097","18183","80833","23111","78819","23907","3.9","(X)","(X)","(X)","(X)","(X)",
"1400000US06111007505","Census Tract 75.05, Ventura County, California","303","150","178","68","125","113","0.0","10.9","0.0","17.8","0.0","24.1","7.9","11.3","9.0","14.8","6.4","13.0","72.6","16.3","68.5","31.3","78.4","35.0","19.5","13.8","22.5","29.8","15.2","30.4","2284","179","1116","132","1168","100","3.6","2.5","5.1","4.1","2.1","2.5","7.4","6.6","5.2","5.2","9.6","8.7","14.2","4.5","14.4","5.8","14.0","5.9","32.0","6.1","34.4","10.3","29.8","9.8","14.5","5.3","14.9","7.6","14.2","6.8","18.3","5.5","15.6","7.1","21.0","9.0","9.8","4.4","10.4","5.5","9.2","5.2","89.0","6.2","89.7","4.8","88.3","8.6","28.2","6.5","26.0","8.4","30.2","10.3","377","131","193","78","184","78","71.9","22.4","69.9","25.6","73.9","25.3","23.3","14.7","8.8","10.7","38.6","26.3","295","83","128","47","167","49","98.0","10.6","96.9","17.2","98.8","5.6","36.3","17.3","23.4","18.2","46.1","20.1","1111","106","561","64","550","67","94.2","4.6","99.5","1.4","88.9","9.0","25.0","8.9","25.0","11.9","25.1","13.2","501","91","234","80","267","46","84.8","10.7","78.6","18.1","90.3","9.7","33.9","11.1","44.0","19.1","25.1","12.3","3.2","5.1","0.0","25.8","5.8","9.7","9.8","12.1","11.2","13.4","8.5","12.0","1.1","1.7","0.0","6.2","2.3","3.4","0.0","5.3","0.0","11.4","0.0","9.4","47305","6809","61864","12076","42845","9537","11875","35186","7143","35113","35388","35102","36042","13004","37083","8120","-","**","50042","8664","61996","16822","44397","7815","77778","37774","98083","117706","37375","80176","86065","12383","92578","30468","62308","54849","5.8","(X)","(X)","(X)","(X)","(X)",
"1400000US06111007506","Census Tract 75.06, Ventura County, California","512","178","178","123","334","144","3.7","6.1","0.0","17.8","5.7","9.4","16.8","10.5","21.9","26.8","14.1","13.1","65.4","16.0","56.7","29.7","70.1","20.6","14.1","13.0","21.3","21.2","10.2","15.3","5357","285","2489","210","2868","201","0.0","0.1","0.0","1.4","0.1","0.1","2.0","1.4","2.3","2.1","1.7","1.5","22.4","4.6","23.7","7.1","21.2","4.8","20.9","5.0","20.3","7.1","21.3","6.6","14.1","3.8","14.2","5.3","14.0","5.0","28.1","5.3","22.5","7.2","33.0","6.6","12.5","3.4","17.0","5.1","8.7","3.4","98.0","1.4","97.7","2.1","98.3","1.5","40.7","5.8","39.5","8.1","41.7","6.8","866","274","328","140","538","244","99.9","0.4","100.0","10.1","99.8","0.7","57.3","14.5","30.8","22.4","73.4","17.8","1068","201","583","145","485","125","98.2","3.5","98.5","3.3","97.9","3.9","42.3","13.1","28.1","14.8","59.4","19.4","2498","214","1173","151","1325","92","97.7","2.1","96.8","3.9","98.5","2.2","40.8","8.4","48.1","12.8","34.4","8.9","925","102","405","77","520","93","96.8","3.9","97.3","4.7","96.3","5.7","22.8","8.4","38.0","15.2","11.0","8.3","2.8","4.8","0.0","40.4","6.0","11.9","5.2","5.9","8.7","10.7","1.8","2.9","1.0","1.2","1.3","2.2","0.7","1.2","1.1","1.7","0.0","3.5","1.9","3.1","55494","12697","81745","11031","35881","8686","20789","23002","21974","10841","-","**","22048","13729","59615","59768","15443","12647","48016","14850","61389","21459","34632","9138","72614","15490","115033","53924","50119","33649","85750","20719","103147","33267","48333","26644","6.8","(X)","(X)","(X)","(X)","(X)",
"1400000US06111007507","Census Tract 75.07, Ventura County, California","338","122","111","66","227","116","0.0","9.8","0.0","26.5","0.0","14.3","31.7","23.4","0.0","26.5","47.1","29.6","39.3","21.7","72.1","31.4","23.3","22.7","29.0","18.5","27.9","31.4","29.5","26.2","4890","219","2395","190","2495","178","0.0","0.7","0.0","1.4","0.0","1.4","1.6","0.9","1.3","1.4","1.9","1.9","13.4","3.4","12.7","5.3","14.1","4.6","17.8","4.6","17.0","5.9","18.6","6.9","10.9","3.6","11.2","5.1","10.6","4.9","33.4","6.3","31.2","8.0","35.4","7.8","22.9","5.5","26.6","7.2","19.4","7.3","98.4","0.9","98.7","1.4","98.1","1.9","56.3","6.0","57.9","7.6","54.7","7.5","464","199","332","166","132","83","97.4","4.7","96.4","6.6","100.0","23.0","40.5","24.3","34.0","22.4","56.8","43.7","979","260","378","124","601","175","98.8","2.1","100.0","8.8","98.0","3.4","69.7","12.2","57.9","17.4","77.0","13.9","2521","188","1247","119","1274","104","99.4","1.0","100.0","2.8","98.7","2.0","58.8","7.1","64.4","10.2","53.4","10.0","926","101","438","88","488","96","96.0","4.3","95.9","6.4","96.1","6.6","43.1","11.9","57.3","15.4","30.3","12.9","0.0","34.6","0.0","56.2","0.0","44.9","0.0","5.2","0.0","10.9","0.0","9.5","0.0","2.5","0.0","5.0","0.0","4.7","0.0","1.3","0.0","2.5","0.0","2.5","82458","12579","95469","15721","68341","10217","2,500-","***","-","**","-","**","36675","22125","50125","32419","17188","34995","67596","31242","80275","20113","32188","41619","102581","20358","119716","19558","73833","15229","94671","33247","133250","39988","83173","36052","4.4","(X)","(X)","(X)","(X)","(X)",
"1400000US06111007508","Census Tract 75.08, Ventura County, California","302","111","119","69","183","91","11.3","9.9","20.2","18.6","5.5","9.0","17.2","12.9","17.6","20.1","16.9","16.0","61.3","20.7","50.4","25.3","68.3","23.7","10.3","12.2","11.8","13.9","9.3","14.5","2552","169","1266","166","1286","101","0.5","0.7","0.0","2.7","0.9","1.4","1.7","1.1","1.5","1.1","1.9","1.9","16.6","3.8","14.7","6.8","18.4","6.5","25.2","4.4","24.4","6.2","25.9","7.2","9.1","3.3","6.1","4.0","12.1","4.5","29.3","5.8","33.3","8.6","25.3","8.0","17.7","4.6","20.0","6.8","15.4","5.8","97.8","1.3","98.5","1.1","97.2","2.3","47.0","6.3","53.3","9.4","40.7","8.3","377","156","240","141","137","66","97.1","4.8","100.0","13.5","92.0","12.6","43.8","16.5","44.2","17.7","43.1","23.5","390","108","160","63","230","64","97.9","3.7","96.9","5.5","98.7","4.9","53.1","17.2","50.6","26.4","54.8","21.4","1166","105","582","86","584","57","99.0","1.5","100.0","5.8","97.9","3.1","52.4","7.3","58.1","11.6","46.7","12.2","619","121","284","76","335","68","96.1","3.2","95.1","4.4","97.0","4.6","34.9","9.7","52.8","18.8","19.7","11.9","29.1","30.7","26.3","39.1","30.6","43.2","5.4","6.9","12.4","15.3","0.0","13.7","8.3","5.9","5.4","6.5","10.6","9.3","1.5","2.4","2.7","4.3","0.0","6.5","53818","8005","63875","25215","41250","11424","-","**","-","**","-","**","37829","16525","40811","13539","28427","13661","37422","11918","32384","7863","53100","16951","57434","13991","82763","29714","38984","13472","108295","20008","134750","29060","73523","24909","5.4","(X)","(X)","(X)","(X)","(X)",
"1400000US06111007509","Census Tract 75.09, Ventura County, California","412","168","148","88","264","134","3.2","5.6","8.8","14.0","0.0","12.4","28.2","16.6","50.0","30.9","15.9","16.3","35.7","19.5","36.5","29.1","35.2","24.9","33.0","20.4","4.7","8.4","48.9","27.7","2852","226","1355","164","1497","131","2.7","4.2","3.0","4.6","2.4","3.8","1.2","1.2","0.7","1.0","1.7","1.7","11.1","4.2","10.8","5.7","11.4","5.0","20.9","6.2","17.3","7.8","24.0","9.0","10.2","4.1","3.9","2.7","16.0","6.9","32.7","7.3","41.2","9.6","25.1","7.8","21.2","7.0","23.1","8.8","19.4","7.4","96.1","4.3","96.4","4.7","95.9","4.1","53.9","8.4","64.3","10.4","44.5","9.1","596","209","252","117","344","136","100.0","5.7","100.0","12.9","100.0","9.7","62.9","20.4","79.8","16.7","50.6","26.9","641","126","322","94","319","85","98.6","2.2","100.0","10.3","97.2","4.5","49.0","14.4","63.4","17.4","34.5","17.0","1297","173","631","106","666","114","92.7","9.1","92.2","9.8","93.1","8.8","51.3","10.9","59.3","13.8","43.8","13.3","318","65","150","53","168","33","97.8","3.6","100.0","20.6","95.8","6.7","57.2","14.5","61.3","21.0","53.6","17.4","16.2","33.6","18.4","44.3","14.5","28.8","0.0","10.4","0.0","21.0","0.0","18.5","0.0","3.9","0.0","11.4","0.0","5.7","0.0","2.2","0.0","3.9","0.0","5.1","53409","15224","90167","18042","35300","12978","14531","4366","-","**","16181","4702","23164","7560","40750","82283","22411","7738","49393","5071","68203","19155","47188","5643","73705","29148","108611","37538","32367","43771","89063","13369","97336","10378","35744","34553","2.1","(X)","(X)","(X)","(X)","(X)",
"1400000US06111007510","Census Tract 75.10, Ventura County, California","331","121","148","76","183","83","3.6","6.5","8.1","15.0","0.0","17.3","33.8","18.1","44.6","25.3","25.1","25.2","36.0","15.9","37.8","27.1","34.4","24.0","26.6","16.4","9.5","16.0","40.4","23.3","4114","196","2020","157","2094","105","0.7","1.1","0.7","1.1","0.7","1.1","0.3","0.5","0.6","1.0","0.0","1.7","6.8","3.5","6.2","4.3","7.4","3.7","16.6","5.3","10.4","6.0","22.5","5.9","6.2","2.5","6.5","3.5","5.9","3.7","37.8","5.5","38.5","7.2","37.1","6.5","31.6","5.5","37.0","7.5","26.3","6.4","99.0","1.2","98.7","1.5","99.3","1.1","69.4","6.7","75.5","8.1","63.4","7.0","410","165","244","129","166","91","100.0","8.2","100.0","13.3","100.0","18.9","82.7","21.6","70.9","33.5","100.0","18.9","752","142","297","82","455","92","100.0","4.5","100.0","11.1","100.0","7.4","80.9","9.6","95.3","7.2","71.4","14.3","2192","126","1040","82","1152","86","99.5","0.9","98.8","1.9","100.0","3.0","69.7","8.8","76.5","10.6","63.5","9.8","760","132","439","111","321","82","96.2","6.1","96.8","5.4","95.3","7.3","49.9","15.3","62.4","18.7","32.7","20.3","0.0","48.1","0.0","60.4","0.0","79.5","0.0","11.7","0.0","23.9","0.0","20.1","2.1","3.3","0.0","9.8","3.4","5.1","1.7","2.0","2.0","3.0","1.4","2.4","81621","8128","104286","9077","62537","16304","-","**","-","**","-","**","36157","11250","14315","61756","36944","45107","51205","9322","75750","112730","30156","25346","80667","13288","99063","22007","67054","35354","102778","10018","134288","15394","85337","14689","2.9","(X)","(X)","(X)","(X)","(X)",
"1400000US06111007511","Census Tract 75.11, Ventura County, California","198","94","121","56","77","61","18.7","16.5","16.5","24.0","22.1","25.3","10.6","16.6","17.4","24.0","0.0","34.6","49.5","17.4","49.6","24.7","49.4","33.7","21.2","25.8","16.5","20.0","28.6","41.9","1638","174","820","98","818","97","1.3","1.4","0.7","1.1","1.8","2.6","0.9","0.9","0.0","4.2","1.7","1.8","16.5","5.2","21.5","7.4","11.6","5.5","20.0","6.5","22.6","8.4","17.4","6.8","8.1","3.4","4.9","3.8","11.4","5.3","32.7","9.5","27.6","11.3","37.9","9.5","20.5","5.8","22.8","7.7","18.2","6.1","97.9","1.6","99.3","1.1","96.5","3.1","53.2","8.4","50.4","10.3","56.1","8.8","164","83","77","55","87","48","100.0","19.1","100.0","34.6","100.0","31.9","16.5","12.3","0.0","34.6","31.0","24.9","238","73","109","43","129","43","100.0","13.6","100.0","26.9","100.0","23.5","69.7","17.2","56.9","28.2","80.6","16.4","916","82","456","50","460","60","98.5","1.6","100.0","7.4","97.0","3.2","59.3","10.6","59.6","12.6","58.9","11.3","320","67","178","51","142","34","93.4","7.2","96.6","4.8","89.4","14.5","42.5","13.0","44.4","16.3","40.1","17.3","54.3","35.2","0.0","100.0","65.5","38.1","7.0","9.0","10.8","13.3","0.0","29.9","2.8","4.1","5.8","8.4","0.0","13.8","1.0","1.1","0.0","8.1","2.0","2.1","62269","17136","74605","40522","54141","16849","-","**","-","**","-","**","31591","13507","32120","33025","27206","14688","52273","12511","47125","34468","54297","10483","95000","33877","210658","68654","46500","58742","100074","48437","110417","60143","77083","45854","4.9","(X)","(X)","(X)","(X)","(X)",
"1400000US06111007512","Census Tract 75.12, Ventura County, California","540","130","274","87","266","116","17.8","8.6","13.1","12.0","22.6","14.3","22.6","13.2","32.5","21.3","12.4","13.5","40.4","14.2","31.8","18.0","49.2","17.9","19.3","11.3","22.6","17.1","15.8","12.7","3577","241","1748","135","1829","190","0.0","1.0","0.0","2.0","0.0","1.9","3.0","2.0","3.5","3.1","2.5","2.4","13.1","3.8","15.6","5.7","10.8","4.2","25.3","5.5","27.1","8.4","23.6","6.8","14.4","3.6","11.9","4.8","16.8","5.4","29.5","4.7","25.6","5.9","33.3","6.7","14.6","4.0","16.4","6.2","13.0","3.9","97.0","2.0","96.5","3.1","97.5","2.4","44.2","5.4","41.9","6.5","46.3","7.1","546","193","226","106","320","115","100.0","6.2","100.0","14.3","100.0","10.4","56.0","16.1","65.5","19.5","49.4","20.3","819","140","393","81","426","104","100.0","4.2","100.0","8.5","100.0","7.9","56.4","14.0","61.3","19.4","51.9","18.0","1903","184","1000","129","903","100","95.0","3.5","95.0","4.9","94.9","5.0","39.0","7.8","32.6","9.3","46.1","10.0","309","84","129","44","180","72","96.4","5.6","91.5","13.2","100.0","17.6","22.7","14.2","14.0","17.1","28.9","18.9","0.0","27.3","0.0","39.4","0.0","45.4","8.1","9.3","14.0","15.5","0.0","16.1","5.3","4.4","2.6","3.0","7.7","8.2","4.2","4.2","0.0","4.7","7.8","7.7","62993","8107","88750","14076","48542","7125","51800","14886","53833","18280","50200","34472","45822","5289","50714","39739","41250","5870","62917","12415","82406","33451","38125","19972","72121","12142","86027","13599","60568","20730","81780","36242","151369","69067","42132","18847","4.7","(X)","(X)","(X)","(X)","(X)",
"1400000US06111007513","Census Tract 75.13, Ventura County, California","128","50","75","37","53","39","5.5","8.7","9.3","14.7","0.0","42.3","29.7","15.4","17.3","18.8","47.2","21.8","60.2","15.7","65.3","23.5","52.8","21.8","4.7","8.3","8.0","13.6","0.0","42.3","1176","110","590","63","586","86","0.8","1.3","1.5","2.7","0.0","5.8","4.1","2.2","3.7","3.7","4.4","3.5","11.6","4.3","11.5","5.8","11.8","6.7","21.2","6.9","19.0","8.5","23.4","8.8","7.1","4.4","8.8","6.2","5.3","4.5","38.8","9.0","40.2","8.7","37.4","13.6","16.5","5.9","15.3","6.3","17.7","7.1","95.2","2.4","94.7","4.5","95.6","3.5","55.3","9.7","55.4","10.5","55.1","12.4","181","74","106","47","75","46","100.0","17.5","100.0","27.5","100.0","35.2","61.3","25.8","62.3","26.3","60.0","39.6","125","68","80","41","45","34","100.0","24.1","100.0","33.7","100.0","45.9","89.6","14.2","83.8","23.8","100.0","45.9","483","100","220","61","263","61","95.2","4.7","89.5","10.4","100.0","12.4","59.6","12.7","54.5","16.6","63.9","13.8","387","106","184","51","203","63","91.2","5.7","95.7","6.9","87.2","10.0","35.9","16.3","40.2","20.0","32.0","21.0","19.3","25.0","35.5","45.2","0.0","60.4","1.5","4.2","2.9","8.7","0.0","37.0","1.2","2.4","1.2","3.5","1.2","3.3","0.0","5.2","0.0","10.1","0.0","10.3","56250","14512","64286","8109","51850","7068","-","**","-","**","-","**","39479","126168","39479","196787","-","**","51793","31601","42115","37391","60781","30412","53158","14455","65542","9083","48398","9287","66964","7292","103333","45430","63393","18275","4.3","(X)","(X)","(X)","(X)","(X)",
"1400000US06111007514","Census Tract 75.14, Ventura County, California","618","252","330","192","288","179","0.0","5.5","0.0","10.1","0.0","11.4","31.1","22.9","49.4","33.6","10.1","12.4","62.9","22.6","43.0","31.2","85.8","15.1","6.0","7.2","7.6","12.0","4.2","7.3","4490","268","1925","209","2565","203","0.5","0.8","0.0","1.8","0.9","1.3","4.1","2.8","1.3","1.9","6.2","4.1","14.5","3.5","10.1","5.1","17.9","4.3","27.9","6.5","29.1","9.5","26.9","7.2","8.2","3.0","7.2","4.0","8.9","4.3","28.3","5.3","30.4","8.4","26.7","5.4","16.4","4.9","21.8","8.1","12.4","4.6","95.4","2.7","98.7","1.9","92.9","3.8","44.7","6.0","52.3","9.7","39.1","6.1","687","187","347","119","340","127","100.0","5.0","100.0","9.6","100.0","9.8","69.4","16.5","71.5","22.4","67.4","21.1","732","167","264","84","468","128","97.3","3.8","100.0","12.4","95.7","5.9","57.2","17.3","63.6","19.0","53.6","19.2","1741","162","800","113","941","120","96.4","4.3","96.9","4.6","96.0","4.3","45.4","8.2","51.6","13.3","40.1","10.2","1330","185","514","163","816","146","90.6","6.6","100.0","6.6","84.7","10.0","24.3","8.3","34.4","16.9","17.9","8.1","0.0","15.4","0.0","61.6","0.0","17.3","7.2","6.9","0.0","16.4","10.2","9.5","3.6","3.3","2.1","3.6","4.7","4.7","0.6","0.9","1.2","1.9","0.0","3.4","64869","7415","78788","15231","50716","8095","32150","73083","-","**","30900","114160","29643","17660","33261","22146","28393","22695","67827","7859","71181","38650","61319","17065","67212","8128","78523","17697","49719","15039","83750","22197","98071","19606","34063","72696","4.0","(X)","(X)","(X)","(X)","(X)",
"1400000US06111007606","Census Tract 76.06, Ventura County, California","223","151","31","24","192","158","0.9","3.1","0.0","55.3","1.0","3.7","32.3","12.0","58.1","40.5","28.1","14.1","63.7","14.2","41.9","40.5","67.2","16.3","3.1","5.6","0.0","55.3","3.6","7.2","1079","121","576","85","503","56","4.9","3.8","3.8","3.9","6.2","6.7","9.1","5.7","12.5","7.4","5.2","4.6","19.8","7.1","18.4","8.0","21.5","11.0","19.5","5.7","25.5","8.4","12.5","6.4","5.1","3.3","1.6","2.0","9.1","6.1","19.9","7.0","10.6","6.6","30.6","10.5","21.7","8.4","27.6","9.3","14.9","10.1","86.0","6.2","83.7","7.7","88.7","7.3","41.6","7.7","38.2","8.5","45.5","11.2","163","117","101","81","62","45","100.0","19.2","100.0","28.5","100.0","39.1","14.7","14.5","11.9","13.7","19.4","24.0","163","68","86","44","77","32","76.1","15.3","72.1","23.9","80.5","20.0","52.1","18.9","34.9","24.1","71.4","24.2","591","93","311","59","280","49","86.8","7.7","82.6","11.1","91.4","10.8","50.8","12.5","48.9","12.7","52.9","16.6","162","46","78","32","84","32","79.0","23.5","79.5","24.7","78.6","24.5","24.7","13.9","33.3","21.2","16.7","17.0","7.9","11.7","12.8","17.7","0.0","40.8","11.2","10.6","8.5","13.4","13.9","17.4","2.6","4.1","0.0","19.9","6.4","9.7","0.0","7.5","0.0","14.7","0.0","14.1","65625","48973","131250","89207","36563","12638","28250","107144","86042","212951","-","**","26667","13345","27083","20119","21989","24148","39659","127498","131667","139077","32361","18507","92750","68136","180208","99468","27250","40241","166705","110453","204276","74737","90357","86988","7.9","(X)","(X)","(X)","(X)","(X)",
"1400000US06111007607","Census Tract 76.07, Ventura County, California","841","167","372","117","469","130","6.4","7.0","3.5","4.9","8.7","13.3","16.5","8.3","16.9","11.7","16.2","12.3","70.9","8.8","75.0","15.3","67.6","14.6","6.2","5.7","4.6","7.0","7.5","8.1","4167","234","1922","150","2245","149","1.2","1.0","0.0","1.8","2.3","1.8","1.3","1.6","2.1","3.3","0.7","1.1","10.7","3.6","8.9","4.3","12.2","5.9","21.5","4.8","17.3","7.1","25.1","5.8","10.6","3.3","11.5","5.2","9.8","3.9","38.1","5.3","45.7","7.3","31.6","6.7","16.5","4.0","14.5","5.9","18.3","5.2","97.5","1.9","97.9","3.3","97.1","2.0","54.6","5.9","60.2","7.8","49.9","7.5","609","258","251","130","358","153","100.0","5.6","100.0","13.0","100.0","9.3","65.0","13.8","69.3","26.6","62.0","19.7","486","163","198","86","288","90","97.5","3.5","100.0","16.1","95.8","5.8","50.6","13.6","67.7","22.3","38.9","19.1","2464","253","1191","135","1273","133","98.1","2.7","96.6","5.4","99.4","1.1","57.4","7.6","60.9","10.3","54.1","10.0","608","80","282","70","326","75","92.4","6.7","100.0","11.7","85.9","13.2","36.3","11.3","44.0","19.3","29.8","16.3","0.0","27.5","0.0","48.7","0.0","37.9","0.0","7.5","0.0","18.3","0.0","11.9","3.1","3.6","0.0","6.1","5.4","6.1","0.9","1.5","0.0","3.0","1.8","2.9","58555","28473","92713","15387","42560","8036","-","**","-","**","-","**","55884","11526","55640","16413","80714","124177","41558","5614","80735","39218","30990","9859","87169","9607","112125","57735","57284","45535","98889","9802","101707","10049","95078","63622","1.6","(X)","(X)","(X)","(X)","(X)",
"1400000US06111007609","Census Tract 76.09, Ventura County, California","338","100","189","80","149","52","7.1","5.6","5.3","6.6","9.4","9.3","14.8","10.0","20.1","16.7","8.1","8.7","56.8","14.4","65.6","20.4","45.6","18.7","21.3","10.5","9.0","8.3","36.9","16.4","1678","136","855","88","823","89","0.8","1.5","0.4","0.8","1.3","2.2","0.7","0.8","1.3","1.6","0.0","4.2","9.2","3.3","5.1","3.0","13.4","5.4","24.2","5.5","24.7","7.8","23.7","9.4","13.5","5.1","12.5","7.6","14.6","6.9","29.6","6.3","25.6","9.9","33.7","9.0","22.1","5.5","30.4","9.3","13.4","5.7","98.5","1.5","98.4","1.6","98.7","2.2","51.6","7.1","56.0","12.8","47.0","10.2","169","81","70","39","99","55","92.3","8.8","92.9","11.8","91.9","12.6","34.3","22.1","37.1","28.2","32.3","26.5","351","99","159","76","192","53","98.3","2.8","96.2","6.3","100.0","16.6","38.7","14.9","42.1","27.0","35.9","19.2","1006","90","541","70","465","75","99.7","0.7","100.0","6.3","99.4","1.5","59.9","8.2","61.4","12.4","58.3","10.6","152","75","85","44","67","36","98.0","4.2","96.5","7.4","100.0","37.6","45.4","16.2","63.5","22.4","22.4","21.3","0.0","61.6","0.0","82.3","0.0","92.8","3.2","5.2","11.4","17.6","0.0","26.7","0.6","1.0","0.0","10.4","1.3","2.0","0.8","1.4","0.0","7.0","1.8","2.9","78057","5400","96319","13643","42250","7051","33333","51189","33333","51189","-","**","41058","18784","60313","6140","26473","876","50729","24559","82618","12476","40106","21602","79451","23574","98250","21612","72000","12490","118101","33084","119904","18739","46544","25748","4.8","(X)","(X)","(X)","(X)","(X)",
"1400000US06111007610","Census Tract 76.10, Ventura County, California","480","116","276","128","204","83","9.6","10.2","9.1","10.9","10.3","12.6","22.5","14.7","17.8","15.5","28.9","23.8","59.6","21.5","63.0","26.9","54.9","27.1","8.3","9.2","10.1","10.4","5.9","10.5","3404","197","1714","164","1690","125","1.4","1.4","2.2","2.2","0.5","0.9","1.9","1.8","2.3","3.0","1.4","1.5","12.7","3.7","11.1","4.2","14.4","5.8","27.9","4.8","24.6","6.3","31.2","7.4","10.9","3.0","13.2","5.4","8.5","4.0","29.8","5.1","31.6","7.7","27.9","6.2","15.5","4.7","14.9","6.2","16.0","5.6","96.7","2.2","95.4","3.6","98.0","1.7","45.2","5.9","46.5","8.4","43.9","7.4","436","123","209","84","227","73","100.0","7.7","100.0","15.4","100.0","14.3","51.1","12.3","36.8","18.7","64.3","19.1","774","165","425","112","349","83","94.4","6.2","92.0","11.4","97.4","4.3","58.3","12.3","67.5","16.2","47.0","13.8","1754","120","851","97","903","91","97.7","2.2","96.0","4.0","99.3","1.1","44.3","7.9","43.1","10.6","45.4","10.4","440","65","229","59","211","59","93.6","6.0","95.6","7.1","91.5","10.9","20.0","9.3","28.8","16.0","10.4","10.2","32.4","39.1","46.2","48.2","0.0","53.6","7.6","11.0","0.0","16.8","13.5","19.0","1.1","1.6","0.8","1.5","1.3","2.2","0.3","0.6","0.0","4.3","0.7","1.2","54531","7775","65417","19700","46932","8523","17206","50447","17426","58701","-","**","27073","10757","49107","35433","10536","16557","43188","7291","43000","16162","43375","13138","69500","15024","95202","35411","60127","12048","83333","31340","112361","88174","75568","30097","4.0","(X)","(X)","(X)","(X)","(X)",
"1400000US06111007611","Census Tract 76.11, Ventura County, California","565","152","326","106","239","87","12.2","8.4","17.8","13.4","4.6","7.6","44.4","13.8","46.0","20.9","42.3","21.2","41.9","14.4","36.2","19.3","49.8","21.7","1.4","1.7","0.0","10.2","3.3","4.4","2428","281","1058","177","1370","180","31.9","7.8","34.1","9.1","30.1","9.4","14.2","8.3","13.4","6.5","14.7","11.4","22.2","7.2","26.4","8.3","18.9","8.4","19.7","6.0","17.0","8.0","21.8","8.0","4.1","2.4","0.5","0.7","6.9","4.2","7.2","4.2","7.3","5.3","7.1","4.7","0.8","0.6","1.3","1.5","0.4","0.6","54.0","7.5","52.5","7.5","55.1","10.2","7.9","4.3","8.6","5.5","7.4","4.7","843","241","318","112","525","190","64.5","15.8","59.1","15.5","67.8","21.9","6.9","7.1","7.5","8.7","6.5","6.9","533","147","257","84","276","88","48.8","17.0","50.6","19.4","47.1","20.3","6.2","4.4","10.9","8.4","1.8","2.9","725","113","315","97","410","77","44.7","12.5","45.7","14.2","43.9","15.9","12.1","9.1","7.9","10.3","15.4","12.4","327","91","168","62","159","61","55.7","18.1","55.4","19.0","56.0","27.5","4.3","4.8","8.3","9.3","0.0","19.6","37.5","16.9","32.8","16.5","41.3","19.2","8.4","7.4","5.7","7.7","11.2","11.9","9.2","9.7","0.0","17.2","13.5","14.0","0.0","16.5","0.0","30.9","0.0","28.3","23724","5875","29792","8442","21989","6201","20090","1500","21420","2201","18004","3130","31815","3685","36250","4879","27500","16828","30357","12592","36083","13391","25398","6769","48500","73639","48250","50214","87750","139469","-","**","-","**","-","**","2.1","(X)","(X)","(X)","(X)","(X)",
"1400000US06111007612","Census Tract 76.12, Ventura County, California","470","175","213","97","257","137","0.0","7.2","0.0","15.1","0.0","12.7","48.9","13.5","62.9","22.5","37.4","15.7","46.4","13.6","26.8","20.5","62.6","15.7","4.7","5.8","10.3","12.6","0.0","12.7","3218","392","1556","230","1662","246","5.7","3.5","6.9","6.4","4.5","2.9","8.8","3.5","7.8","5.2","9.6","5.9","28.2","5.4","24.2","9.2","31.9","7.9","25.0","5.6","23.7","8.1","26.1","7.9","13.7","4.5","12.9","6.0","14.5","6.1","13.1","3.8","18.8","6.0","7.8","4.4","5.6","2.8","5.6","2.8","5.6","4.0","85.6","5.4","85.2","7.4","85.9","5.8","18.7","4.8","24.4","6.6","13.4","6.0","713","242","277","124","436","186","96.5","3.7","93.9","8.8","98.2","3.1","15.4","10.4","15.9","15.3","15.1","11.7","648","129","317","88","331","98","72.8","13.7","84.9","15.4","61.3","20.6","13.3","8.8","15.1","11.7","11.5","9.3","1439","327","800","199","639","165","84.9","11.6","80.9","12.6","89.8","12.2","24.3","8.5","30.1","11.5","17.1","12.9","418","52","162","55","256","63","89.0","9.3","92.6","9.9","86.7","12.1","13.4","8.7","29.0","18.6","3.5","5.8","8.6","8.1","3.9","6.1","13.2","14.0","13.6","8.6","2.7","4.6","21.3","12.6","8.0","5.4","7.0","6.7","8.9","5.8","6.0","7.2","9.5","11.1","0.0","14.5","35388","15075","44779","9848","27670","8728","26495","19860","26558","22078","26367","33221","28220","12011","43143","16292","19351","12661","44798","12780","50875","15445","31625","28714","51310","26012","50417","27595","62500","54217","47422","90081","44167","50032","108750","150329","4.8","(X)","(X)","(X)","(X)","(X)",
"1400000US06111007613","Census Tract 76.13, Ventura County, California","125","72","59","40","66","43","13.6","18.2","0.0","40.1","25.8","33.8","40.8","19.9","74.6","31.7","10.6","17.5","45.6","20.0","25.4","31.7","63.6","34.0","0.0","24.1","0.0","40.1","0.0","37.9","2637","174","1283","104","1354","123","7.1","3.2","8.9","6.0","5.3","2.4","2.5","1.7","2.7","2.3","2.4","2.6","13.5","4.6","11.3","5.9","15.6","5.6","23.5","7.8","24.6","8.3","22.5","9.4","8.6","3.1","9.1","4.2","8.1","4.0","27.8","6.4","22.2","6.9","33.2","9.4","16.9","4.3","21.2","6.6","12.9","5.5","90.4","3.4","88.5","6.3","92.2","3.5","44.7","7.6","43.4","8.5","46.0","9.3","437","135","184","99","253","98","90.6","7.4","86.4","19.4","93.7","5.9","35.0","12.0","37.0","16.2","33.6","19.8","699","142","411","137","288","67","83.5","10.0","81.8","18.9","86.1","11.4","47.2","12.3","39.9","17.0","57.6","15.1","1147","115","528","58","619","100","94.0","4.3","95.3","5.6","92.9","6.1","48.0","11.7","47.2","12.6","48.6","14.7","354","64","160","46","194","54","92.1","8.8","85.6","17.2","97.4","4.0","41.5","14.2","47.5","17.9","36.6","17.3","23.3","32.5","38.5","45.9","1.9","10.0","2.0","2.9","0.0","21.2","3.3","5.0","2.9","2.7","4.4","4.0","1.4","2.5","4.5","4.7","0.0","6.1","8.5","8.7","56667","10763","72266","21064","38173","10375","21891","14647","25050","30415","21765","12569","51613","5289","57014","2308","37500","15691","35304","15710","57262","43748","27005","10619","76571","12079","126375","57035","68269","19639","86023","27634","104145","58177","69483","23448","3.3","(X)","(X)","(X)","(X)","(X)",
"1400000US06111007614","Census Tract 76.14, Ventura County, California","905","279","442","216","463","198","4.0","4.9","8.1","10.1","0.0","7.3","31.4","14.5","39.4","22.2","23.8","18.4","49.9","14.4","42.3","15.3","57.2","24.2","14.7","11.3","10.2","13.6","19.0","16.6","4709","355","2329","220","2380","219","3.5","2.8","3.0","3.0","3.9","3.2","6.8","2.9","5.8","4.2","7.8","4.2","20.0","5.7","20.4","6.0","19.5","7.3","25.4","5.5","24.7","6.5","26.1","7.4","12.1","3.0","14.0","4.3","10.2","4.8","23.4","5.9","21.9","7.7","24.7","6.5","8.9","2.7","10.1","4.9","7.7","3.2","89.7","4.0","91.2","4.9","88.3","5.4","32.3","6.2","32.1","8.5","32.5","7.0","1128","355","562","199","566","215","97.4","3.9","100.0","6.0","94.9","8.1","39.2","14.5","23.1","13.7","55.1","17.8","992","178","498","151","494","112","89.6","6.2","92.8","7.6","86.4","10.8","31.3","10.6","30.5","15.2","32.0","14.9","1852","249","943","157","909","133","89.7","6.2","87.7","8.4","91.9","6.5","32.9","9.0","37.5","13.0","28.2","10.7","737","195","326","98","411","142","78.2","13.9","84.0","15.3","73.5","20.4","21.4","12.9","34.0","21.7","11.4","9.5","8.9","9.9","3.9","7.6","12.5","14.9","10.7","8.0","4.2","6.8","17.4","15.5","3.0","2.6","5.9","5.2","0.0","4.0","3.2","3.8","1.9","3.0","4.4","7.1","51811","6174","58583","9770","43542","12856","31824","5182","45238","29655","30547","9200","32995","9356","46731","31119","31856","10641","40710","11558","44868","18412","33203","12124","66298","21251","94375","44090","61193","11381","82365","19814","122632","53481","66406","17549","4.2","(X)","(X)","(X)","(X)","(X)",
"1400000US06111007700","Census Tract 77, Ventura County, California","471","141","230","105","241","101","1.5","2.6","3.0","5.5","0.0","13.5","27.8","12.5","33.5","19.7","22.4","15.0","66.9","13.3","63.5","20.9","70.1","16.5","3.8","5.1","0.0","14.1","7.5","9.8","3832","250","1792","180","2040","163","5.6","4.0","7.5","6.2","3.9","2.9","8.0","3.8","7.6","5.2","8.2","4.2","29.6","4.8","28.6","7.0","30.4","6.0","22.8","4.9","19.9","5.8","25.3","6.6","9.0","2.8","7.7","4.5","10.0","4.1","14.4","3.8","16.3","4.8","12.7","5.0","10.8","3.0","12.4","4.3","9.3","3.6","86.5","5.8","84.9","7.5","87.8","5.7","25.2","4.9","28.7","6.4","22.0","5.7","610","206","265","110","345","125","93.6","12.5","91.7","15.3","95.1","10.3","35.9","15.7","30.2","18.0","40.3","17.8","1029","189","549","121","480","92","87.1","8.7","83.6","12.1","91.0","8.1","35.8","12.5","38.6","15.7","32.5","14.4","1587","151","731","114","856","106","84.4","7.9","80.7","11.4","87.5","8.4","17.3","5.5","20.2","9.1","14.7","6.5","606","105","247","74","359","80","83.7","8.0","92.7","11.1","77.4","12.6","17.0","9.5","30.4","16.0","7.8","7.4","24.9","22.5","25.1","28.4","24.6","20.1","13.9","9.3","14.1","15.2","13.8","9.6","4.5","3.2","9.5","7.0","1.1","2.1","0.9","1.7","0.0","6.6","2.0","3.6","44455","4642","52794","12094","41566","4085","17000","16283","16625","5673","35603","58747","31932","14497","36731","13410","27738","16107","43333","13292","55417","19776","39271","12243","66288","14192","83333","23023","43333","21748","85975","2516","123482","29815","77576","5671","8.2","(X)","(X)","(X)","(X)","(X)",
"1400000US06111007800","Census Tract 78, Ventura County, California","438","157","192","92","246","96","34.7","20.2","26.6","25.1","41.1","20.6","19.2","12.2","34.4","25.3","7.3","7.7","37.9","15.5","39.1","26.9","37.0","21.5","8.2","7.7","0.0","16.6","14.6","13.8","2484","173","1228","132","1256","132","9.9","4.5","7.7","4.1","12.0","7.8","11.3","4.7","11.6","7.2","11.0","4.6","25.8","6.4","24.4","7.8","27.1","8.9","21.5","4.9","24.3","8.5","18.9","7.1","9.2","3.9","5.5","3.8","12.8","7.1","15.3","4.9","19.0","7.9","11.7","5.2","7.0","2.8","7.5","4.1","6.4","3.3","78.8","6.5","80.7","8.1","77.0","8.0","22.3","6.1","26.5","8.2","18.2","6.3","475","131","253","106","222","84","80.8","14.1","69.6","18.2","93.7","10.4","25.3","14.5","30.4","19.1","19.4","16.5","840","134","393","85","447","94","76.1","8.6","78.6","12.8","73.8","9.5","31.1","11.0","34.9","12.6","27.7","12.5","793","150","445","111","348","91","84.6","12.1","92.6","7.5","74.4","22.0","12.9","8.5","17.5","14.9","6.9","7.7","376","75","137","57","239","51","70.2","15.0","68.6","22.5","71.1","18.8","18.6","10.3","24.1","14.6","15.5","12.8","28.5","16.5","23.2","17.4","32.9","22.7","8.1","9.6","10.0","11.4","6.5","8.9","8.4","5.6","10.7","8.3","6.3","7.0","1.1","1.9","1.8","3.2","0.0","14.2","32933","3929","37780","3500","26131","5351","14870","6989","22059","7929","13551","1843","38507","9791","56667","14848","28150","4311","26280","12972","26602","19659","25139","16262","51146","19623","39625","67594","52614","10725","108281","59097","144135","101047","77813","36334","11.0","(X)","(X)","(X)","(X)","(X)",
"1400000US06111007901","Census Tract 79.01, Ventura County, California","683","165","346","120","337","127","23.6","9.1","27.2","15.3","19.9","13.1","30.0","11.4","36.4","16.7","23.4","18.0","41.3","12.0","36.4","16.9","46.3","15.9","5.1","5.6","0.0","9.6","10.4","10.6","3645","247","1842","187","1803","139","11.2","4.4","10.7","4.8","11.7","5.9","6.8","2.3","8.2","3.9","5.3","2.9","26.0","5.0","25.1","5.5","26.8","6.5","28.6","5.7","28.3","7.1","29.0","6.6","9.8","3.5","11.7","5.3","7.9","3.5","11.2","3.4","9.2","3.8","13.2","4.9","6.4","3.1","6.7","3.7","6.0","3.6","82.0","4.5","81.1","5.3","83.0","5.2","17.6","4.2","15.9","4.9","19.2","5.5","912","207","598","145","314","115","88.4","6.5","82.3","9.2","100.0","10.5","18.3","9.1","20.2","10.5","14.6","11.1","905","180","465","139","440","102","83.0","9.2","80.9","11.7","85.2","9.9","18.9","10.3","12.9","9.3","25.2","13.7","1369","193","627","112","742","112","80.1","7.0","81.5","9.8","79.0","6.7","19.5","6.4","16.1","8.4","22.4","8.9","459","96","152","63","307","68","73.0","11.8","75.0","22.6","72.0","13.9","7.6","7.6","7.2","9.3","7.8","10.2","4.6","4.0","8.0","7.1","0.7","1.5","5.7","6.0","4.8","5.4","6.6","7.6","4.3","3.3","7.3","5.6","0.9","1.5","0.0","5.3","0.0","11.2","0.0","9.6","41040","4977","43378","7261","36823","8475","22616","3612","24120","2172","16107","2113","31722","2517","32232","2061","22917","20803","47155","7786","54022","8986","42019","7000","68000","13197","75469","26659","63854","23688","84038","14179","87321","49484","83413","18127","5.0","(X)","(X)","(X)","(X)","(X)",
"1400000US06111007903","Census Tract 79.03, Ventura County, California","391","108","233","88","158","74","0.8","1.4","1.3","2.3","0.0","19.7","32.0","17.0","28.8","17.8","36.7","26.1","67.3","17.1","70.0","18.0","63.3","26.1","0.0","8.6","0.0","13.9","0.0","19.7","3137","136","1463","110","1674","79","1.0","0.9","1.6","1.9","0.4","0.8","1.3","1.4","0.5","0.8","2.1","2.6","16.8","3.7","15.3","5.9","18.1","4.3","25.9","4.3","28.6","6.6","23.5","6.0","6.9","2.5","6.7","4.0","7.0","3.4","29.9","5.5","29.5","6.3","30.2","6.5","18.3","4.5","17.7","6.1","18.8","5.2","97.7","1.6","97.9","2.2","97.6","2.7","48.1","5.3","47.2","6.9","48.9","6.4","379","158","157","83","222","85","93.1","11.5","100.0","19.8","88.3","18.6","46.2","17.5","49.7","25.5","43.7","22.8","797","118","364","60","433","79","100.0","4.3","100.0","9.2","100.0","7.8","65.9","10.9","60.7","13.5","70.2","12.0","1501","134","738","84","763","80","97.9","2.3","96.5","4.1","99.2","1.6","46.7","7.6","44.6","9.7","48.8","9.6","460","73","204","42","256","58","97.0","3.3","97.5","3.9","96.5","5.0","23.7","9.2","30.9","17.0","18.0","9.4","9.0","19.3","0.0","60.4","14.6","37.4","4.7","4.8","2.7","6.5","6.1","6.9","0.0","3.4","0.0","6.5","0.0","6.7","2.5","1.9","0.0","4.9","4.5","3.5","66932","6837","79500","14176","60688","17773","41402","2806","-","**","-","**","45606","14540","46970","30148","40000","11888","51685","10599","65714","40555","41964","3157","83611","9141","86843","8467","77724","14252","89250","34684","87833","18899","104625","53439","4.4","(X)","(X)","(X)","(X)","(X)",
"1400000US06111007904","Census Tract 79.04, Ventura County, California","626","142","341","116","285","141","20.6","14.0","37.8","18.5","0.0","11.5","24.0","10.0","17.3","9.3","31.9","21.5","48.4","11.7","44.9","17.5","52.6","18.0","7.0","6.9","0.0","9.7","15.4","14.0","4086","344","1981","235","2105","165","7.9","3.9","10.4","5.9","5.5","3.2","10.5","6.5","8.4","4.6","12.4","8.8","20.4","6.8","18.7","7.4","21.9","7.4","31.7","6.1","32.8","6.6","30.6","7.6","10.6","3.3","12.4","4.4","8.9","4.0","13.1","3.2","14.2","4.7","12.0","4.8","5.9","2.3","3.1","2.1","8.6","4.0","81.7","7.5","81.2","8.0","82.1","8.0","19.0","4.3","17.3","4.6","20.7","6.6","826","226","429","119","397","134","81.7","15.1","77.9","18.4","85.9","14.1","15.0","9.2","8.9","6.1","21.7","17.7","760","139","316","75","444","99","81.1","11.0","90.5","9.7","74.3","15.0","14.9","9.5","12.0","11.2","16.9","13.3","1772","196","920","119","852","101","82.7","9.1","80.0","9.5","85.7","9.4","21.4","6.5","20.5","8.3","22.3","9.5","728","99","316","69","412","66","79.8","12.9","80.1","15.7","79.6","12.8","22.3","8.2","24.7","13.1","20.4","10.1","4.4","6.8","5.7","8.9","3.2","6.1","4.0","4.0","4.9","5.6","3.3","4.2","3.0","2.2","1.0","1.6","5.0","4.3","2.7","3.0","2.9","4.6","2.6","4.1","41023","11853","46292","4124","31716","13392","19237","2368","20965","2668","17034","3169","50161","8687","47438","10467","51354","26315","38580","12506","48017","7392","22364","9378","58385","13952","54286","82793","58455","4270","80216","25221","230375","184378","72857","21319","3.5","(X)","(X)","(X)","(X)","(X)",
"1400000US06111008001","Census Tract 80.01, Ventura County, California","444","110","314","102","130","47","6.3","6.5","4.1","4.2","11.5","19.0","41.2","13.0","43.6","16.3","35.4","20.3","50.9","12.4","50.0","15.8","53.1","19.8","1.6","2.6","2.2","3.9","0.0","23.3","2308","157","1091","109","1217","104","6.2","3.4","6.4","4.3","6.0","3.6","11.7","5.5","13.8","6.8","9.7","5.2","26.3","5.6","23.1","6.4","29.2","7.1","25.7","5.2","25.8","6.8","25.6","6.1","10.1","2.8","10.7","4.6","9.5","3.4","13.7","5.1","14.2","5.1","13.3","6.2","6.3","2.5","5.9","2.9","6.7","3.6","82.1","5.4","79.7","6.1","84.3","6.3","20.1","5.0","20.1","5.5","20.0","6.5","512","121","265","73","247","76","92.8","7.3","89.1","10.7","96.8","5.4","21.3","10.2","7.9","7.4","35.6","15.4","524","115","236","75","288","59","77.7","15.8","68.6","19.6","85.1","13.1","15.8","8.3","16.1","11.1","15.6","9.4","931","87","437","58","494","54","77.7","10.4","78.5","10.8","76.9","11.5","22.2","7.5","27.0","9.9","18.0","8.4","341","55","153","35","188","39","85.3","9.0","84.3","15.9","86.2","10.8","18.8","7.7","27.5","14.2","11.7","8.9","22.6","18.9","24.9","21.4","19.9","19.1","18.5","9.8","8.7","9.0","25.4","15.1","11.6","7.2","15.0","10.4","8.4","9.1","5.6","5.1","0.0","14.7","10.7","9.6","46117","3329","55239","8384","35417","14815","16553","16372","36875","41149","14324","4684","41643","5376","51000","26269","33816","29544","42083","13127","54000","20072","33942","18690","74375","15574","80481","15981","61667","20295","102750","17378","136964","19129","82813","85842","9.0","(X)","(X)","(X)","(X)","(X)",
"1400000US06111008002","Census Tract 80.02, Ventura County, California","585","171","287","113","298","118","22.2","12.4","17.8","16.2","26.5","17.9","37.9","15.0","44.6","21.5","31.5","18.7","38.3","14.9","34.5","23.1","41.9","18.5","1.5","2.6","3.1","5.2","0.0","11.1","3221","209","1540","164","1681","149","4.5","2.5","4.5","3.7","4.4","3.1","7.5","2.9","6.3","4.1","8.6","4.2","24.7","5.5","26.7","7.1","22.8","6.4","34.2","6.5","33.3","8.2","35.1","8.5","11.3","4.0","12.9","5.9","9.9","4.8","13.4","3.0","11.2","4.2","15.4","5.4","4.4","2.1","5.1","3.0","3.8","2.5","88.0","4.0","89.2","5.0","87.0","5.8","17.8","3.7","16.2","4.1","19.2","5.7","972","249","504","185","468","121","89.2","6.2","87.7","10.0","90.8","6.7","18.1","7.2","13.5","8.6","23.1","12.8","606","131","293","104","313","85","84.7","11.2","86.7","16.1","82.7","13.2","12.4","7.3","20.5","14.4","4.8","6.9","1289","152","593","125","696","99","89.6","6.3","89.9","6.9","89.4","8.7","18.9","7.8","13.2","7.4","23.9","11.3","354","76","150","51","204","63","84.7","13.7","96.0","9.0","76.5","17.9","22.0","13.5","29.3","19.5","16.7","13.2","8.2","9.2","0.0","18.9","14.5","16.3","15.4","7.8","9.7","8.2","21.4","13.0","9.3","6.2","7.3","6.2","11.1","8.1","0.0","6.0","0.0","13.5","0.0","10.4","38823","8036","47480","7017","24125","11520","31493","11781","36875","5953","9797","3243","23316","11506","32955","12775","16335","1102","50635","7949","60250","15631","31354","10320","43267","9241","43469","3297","43036","28909","61071","28172","64688","55538","32344","65944","8.1","(X)","(X)","(X)","(X)","(X)",
"1400000US06111008004","Census Tract 80.04, Ventura County, California","732","243","330","133","402","148","9.4","6.6","17.3","13.1","3.0","4.7","41.8","18.9","50.0","22.9","35.1","23.8","45.9","15.1","32.7","18.5","56.7","22.0","2.9","4.3","0.0","10.1","5.2","7.9","3370","370","1718","236","1652","233","4.6","3.6","4.8","4.1","4.4","3.7","9.4","3.2","9.3","4.5","9.5","4.7","27.4","5.6","25.8","6.2","29.1","7.2","26.0","5.1","28.8","7.2","23.1","5.9","10.1","3.5","10.6","4.6","9.7","4.2","14.2","3.1","14.0","4.7","14.5","4.3","8.2","3.3","6.6","3.6","9.8","4.5","86.0","5.2","85.9","6.3","86.1","6.1","22.4","4.3","20.6","5.5","24.3","5.7","592","223","407","192","185","87","90.2","7.9","89.9","10.0","90.8","13.7","29.9","11.8","27.0","14.7","36.2","22.1","895","184","360","99","535","111","81.3","11.5","68.3","16.2","90.1","11.4","25.4","10.2","13.6","9.6","33.3","14.6","1479","209","791","129","688","125","86.7","6.7","90.5","6.5","82.4","9.6","15.0","5.5","15.0","7.1","15.0","6.3","404","152","160","65","244","128","87.4","9.0","91.9","10.9","84.4","14.1","31.9","12.5","47.5","19.1","21.7","13.4","4.7","7.5","5.0","8.2","4.4","7.3","3.3","3.5","2.0","3.2","4.4","6.0","1.1","1.2","0.3","0.6","2.0","2.5","4.4","4.2","4.0","6.4","4.7","6.2","41866","7109","51010","8052","35549","9594","22188","8493","32784","20837","7969","10104","40321","13697","55147","24474","35039","13623","49342","12723","56250","18066","31389","13268","42928","5056","40875","8899","44211","16990","80074","51430","106000","87342","61705","39684","6.6","(X)","(X)","(X)","(X)","(X)",
"1400000US06111008005","Census Tract 80.05, Ventura County, California","350","49","183","64","167","57","12.0","8.0","14.8","11.3","9.0","10.0","12.0","8.1","18.0","11.9","5.4","7.9","71.1","15.0","63.9","20.7","79.0","15.9","4.9","4.5","3.3","5.5","6.6","7.2","1639","133","864","103","775","79","5.7","3.1","5.3","3.5","6.1","3.9","12.3","5.4","13.9","6.9","10.6","4.7","31.8","6.9","31.6","9.1","32.0","7.6","27.0","6.1","26.7","7.8","27.4","7.5","6.7","2.8","6.3","4.4","7.1","4.1","10.7","3.2","10.5","4.4","11.0","4.5","5.8","2.8","5.7","4.7","5.9","3.1","82.0","4.9","80.8","6.2","83.4","5.7","16.5","4.4","16.2","6.3","16.9","5.1","395","111","230","76","165","50","72.4","17.4","63.5","19.4","84.8","15.8","17.2","10.2","17.8","12.2","16.4","13.1","365","71","188","51","177","37","86.0","9.2","78.7","10.8","93.8","9.0","23.6","9.9","23.4","13.9","23.7","12.6","679","77","349","54","330","51","85.6","7.6","90.3","7.7","80.6","9.7","13.7","5.8","12.6","8.6","14.8","6.6","200","53","97","27","103","33","81.5","9.1","91.8","10.8","71.8","14.9","12.0","6.4","11.3","11.6","12.6","9.1","11.2","10.4","15.1","14.3","6.2","8.9","16.9","9.0","17.2","10.6","16.5","10.7","3.3","2.9","1.4","2.2","5.2","5.2","5.9","6.4","0.0","21.9","12.2","13.6","33643","8470","36731","12947","27167","11850","21607","15234","21071","9430","51042","41420","25000","8595","24671","10763","25521","14280","37143","18828","52768","11457","21771","8621","37125","18935","45313","25448","35938","32074","58750","17522","52596","13533","77188","15742","7.3","(X)","(X)","(X)","(X)","(X)",
"1400000US06111008101","Census Tract 81.01, Ventura County, California","280","82","112","49","168","60","0.0","11.7","0.0","26.3","0.0","18.7","37.1","19.2","35.7","27.0","38.1","24.3","44.6","20.2","64.3","27.0","31.5","21.2","18.2","17.3","0.0","26.3","30.4","26.0","2191","201","1084","111","1107","129","6.3","3.8","4.6","3.8","7.9","4.7","4.9","2.1","5.4","3.8","4.4","2.7","23.3","4.5","21.9","5.7","24.8","6.4","32.5","5.8","35.0","8.0","30.2","6.4","12.1","4.0","12.6","5.8","11.7","5.8","15.0","4.5","16.9","6.5","13.2","5.1","5.8","3.0","3.7","2.5","7.9","5.0","88.8","3.9","90.0","4.0","87.6","5.3","20.8","6.0","20.6","7.0","21.0","6.7","374","139","173","68","201","95","78.1","16.7","82.7","15.2","74.1","19.6","15.8","12.6","17.3","16.6","14.4","13.6","540","93","280","65","260","51","91.9","4.4","91.1","8.5","92.7","8.5","28.3","12.1","26.8","15.1","30.0","17.3","807","105","392","74","415","78","91.7","5.3","88.3","9.0","94.9","5.5","23.8","10.8","21.4","11.5","26.0","12.2","470","72","239","52","231","50","88.9","7.5","97.1","5.7","80.5","12.3","11.1","8.4","14.2","11.2","7.8","8.8","23.3","24.3","35.2","32.4","13.9","18.6","2.2","3.0","0.9","2.5","3.3","5.0","5.5","4.4","6.0","5.5","5.0","5.3","3.7","4.5","0.0","14.5","7.3","8.4","42742","7445","48750","6017","37083","12825","12121","1434","17917","12950","11667","1031","38558","6156","42443","5515","28393","9716","43000","8766","46250","11135","36875","21807","64643","14055","70156","39885","59306","14744","61012","29720","107857","96119","60536","33145","2.2","(X)","(X)","(X)","(X)","(X)",
"1400000US06111008201","Census Tract 82.01, Ventura County, California","428","121","175","73","253","105","16.6","12.5","12.6","13.7","19.4","18.7","37.9","16.9","45.7","22.2","32.4","21.2","42.5","16.1","34.9","21.9","47.8","20.2","3.0","4.5","6.9","10.5","0.4","1.7","2786","222","1332","159","1454","151","4.3","2.7","3.3","3.3","5.2","3.7","6.5","2.6","4.4","3.0","8.5","3.9","19.9","4.9","21.0","6.6","18.9","5.9","33.4","6.6","35.3","9.5","31.6","6.9","7.0","2.7","6.2","3.7","7.8","3.4","24.4","5.5","24.8","7.3","24.1","6.9","4.4","2.2","5.0","3.4","3.9","2.2","89.2","3.4","92.3","4.3","86.3","4.9","28.9","5.5","29.9","7.3","27.9","6.9","522","184","264","112","258","91","97.7","4.5","98.5","3.3","96.9","5.9","30.7","15.6","29.9","17.3","31.4","19.0","602","158","271","101","331","103","94.9","6.0","97.0","4.6","93.1","10.0","39.2","11.6","45.0","20.9","34.4","11.5","1127","132","536","79","591","97","88.2","5.9","90.5","7.0","86.1","9.2","28.3","9.1","27.4","10.4","29.1","12.5","535","92","261","77","274","84","76.6","11.4","85.1","11.8","68.6","15.1","16.6","10.3","19.2","14.2","14.2","9.6","19.9","16.1","16.7","24.3","21.6","19.5","0.9","1.7","1.8","3.5","0.0","11.9","10.1","5.9","4.2","4.8","15.9","8.8","3.7","4.3","0.0","8.4","7.4","8.4","43180","6344","43114","9809","45170","16286","28750","26338","32250","70538","25769","38600","39464","13863","38929","18759","47831","33100","36509","9562","42250","16517","32898","8316","60563","14729","51591","19995","65588","11470","51250","43438","51161","38083","65179","213161","8.1","(X)","(X)","(X)","(X)","(X)",
"1400000US06111008202","Census Tract 82.02, Ventura County, California","430","143","210","87","220","105","8.1","8.7","11.4","13.5","5.0","6.5","34.9","13.2","23.3","19.6","45.9","15.9","51.2","14.0","57.6","21.2","45.0","14.5","5.8","6.8","7.6","11.4","4.1","6.6","3077","215","1431","142","1646","163","3.6","1.8","2.3","1.8","4.7","2.4","10.6","3.7","10.8","5.3","10.4","5.2","17.3","4.0","22.9","7.1","12.4","4.3","25.8","5.7","26.3","6.4","25.5","7.3","10.5","4.1","9.9","5.9","11.0","4.5","23.5","5.1","22.3","6.9","24.5","6.3","8.7","2.7","5.6","3.2","11.4","4.4","85.8","3.8","86.9","5.3","84.8","5.5","32.2","5.8","27.9","7.4","36.0","8.2","772","202","342","117","430","133","99.0","1.8","100.0","9.7","98.1","3.4","40.4","12.2","38.9","17.5","41.6","12.5","543","164","304","107","239","88","81.8","12.6","78.9","16.1","85.4","11.4","26.3","14.0","22.0","15.3","31.8","18.3","1319","153","571","104","748","79","82.9","6.5","85.6","9.0","80.9","9.3","28.9","6.8","21.2","11.0","34.8","10.4","443","93","214","57","229","83","76.3","11.1","80.8","12.3","72.1","17.4","35.0","18.0","36.4","23.0","33.6","25.1","14.9","11.2","17.6","15.7","12.8","10.4","16.6","10.4","12.9","9.3","22.7","18.8","6.7","4.1","1.7","2.7","11.0","8.0","4.1","4.7","3.0","4.9","4.9","5.5","39830","8973","51648","15398","34275","5621","19041","4402","17586","11173","21106","7843","40500","21084","52750","17345","32898","8275","35556","9944","60532","17499","32083","5720","58750","8614","57895","19812","60096","12423","68472","43639","72125","69677","41806","50328","8.1","(X)","(X)","(X)","(X)","(X)",
"1400000US06111008302","Census Tract 83.02, Ventura County, California","401","151","179","102","222","106","10.5","8.9","16.2","14.7","5.9","9.8","33.9","18.7","11.7","17.0","51.8","25.3","49.6","15.5","65.4","19.7","36.9","19.5","6.0","7.9","6.7","9.2","5.4","7.6","3867","235","1694","171","2173","165","4.7","2.7","5.3","3.9","4.3","2.7","6.8","3.1","4.3","3.2","8.8","4.7","19.9","4.6","18.0","6.4","21.3","5.5","26.8","5.1","31.2","7.6","23.4","5.3","14.5","3.5","16.6","6.3","12.9","4.8","18.6","4.3","18.0","5.2","19.1","5.2","8.6","3.7","6.6","3.8","10.2","6.6","88.4","4.2","90.4","5.0","86.9","5.0","27.2","4.5","24.6","6.3","29.3","7.7","659","222","316","117","343","136","85.6","14.4","100.0","10.5","72.3","24.5","28.5","11.3","15.5","14.3","40.5","23.5","828","142","392","102","436","83","84.9","9.7","84.7","16.6","85.1","12.1","27.2","9.7","20.7","10.3","33.0","14.6","1514","125","689","92","825","80","96.4","2.5","95.4","4.4","97.2","3.0","37.1","7.5","36.3","11.4","37.8","11.6","866","97","297","67","569","86","80.1","9.7","76.4","15.1","82.1","9.0","9.0","6.2","12.5","9.8","7.2","6.9","30.2","17.6","8.0","11.2","42.8","25.6","6.0","5.9","6.9","8.8","5.4","7.1","12.8","5.6","1.4","2.2","24.5","9.5","5.4","4.7","4.8","7.3","5.8","6.5","39944","5529","43819","12444","37339","10275","16429","11905","37837","30239","7829","6971","28487","6528","26422","6487","35192","18303","40036","10964","47083","11660","31912","9304","60769","17783","54438","21998","65417","25796","51346","63054","103214","75507","13873","69587","2.4","(X)","(X)","(X)","(X)","(X)",
"1400000US06111008303","Census Tract 83.03, Ventura County, California","447","137","274","116","173","90","15.4","15.4","25.2","24.9","0.0","18.2","19.9","12.3","13.5","13.4","30.1","25.5","60.0","19.6","61.3","28.5","57.8","25.0","4.7","4.9","0.0","12.0","12.1","11.7","2775","250","1280","161","1495","196","3.1","1.7","2.7","2.3","3.5","2.3","6.1","2.7","9.7","5.0","3.0","2.3","30.5","5.0","28.5","6.4","32.2","6.8","28.4","5.4","22.9","7.2","33.0","7.3","10.3","3.7","8.2","4.5","12.1","5.9","11.0","3.0","11.6","4.0","10.5","4.2","10.6","4.4","16.3","8.0","5.6","3.0","90.8","3.1","87.6","4.9","93.5","3.0","21.6","5.1","28.0","8.6","16.1","5.3","572","154","249","89","323","118","94.9","6.5","94.8","7.7","95.0","7.8","17.7","8.4","12.4","10.0","21.7","13.3","491","120","205","73","286","80","93.9","4.6","87.8","10.3","98.3","2.7","13.4","8.2","21.5","15.0","7.7","8.1","1051","159","556","124","495","81","90.6","5.8","86.9","9.0","94.7","4.9","28.8","10.9","40.1","16.4","16.2","7.4","661","126","270","77","391","102","85.2","7.3","82.2","12.4","87.2","7.7","19.5","8.5","22.2","14.6","17.6","10.9","20.4","18.1","15.8","16.5","29.5","27.4","13.3","9.1","5.6","5.8","19.4","14.4","11.5","7.2","7.0","10.4","14.2","10.1","8.0","8.8","11.2","13.6","3.0","5.0","37442","4608","41496","5591","29180","5455","30938","22532","31938","21453","2,500-","***","29650","11034","39875","15787","18092","15211","33235","8363","40538","5881","28397","5724","60750","14709","75500","10296","50982","7385","55795","33997","42179","51958","56818","25206","3.8","(X)","(X)","(X)","(X)","(X)",
"1400000US06111008304","Census Tract 83.04, Ventura County, California","347","171","274","143","73","70","4.6","7.9","5.8","11.1","0.0","35.8","1.7","4.0","2.2","5.0","0.0","35.8","84.1","17.6","79.9","22.4","100.0","35.8","9.5","15.2","12.0","18.6","0.0","35.8","3944","274","1927","208","2017","196","1.8","1.4","0.0","1.8","3.5","2.8","4.1","2.1","3.2","2.5","5.1","2.9","22.6","6.3","20.1","6.4","25.0","8.9","30.3","5.3","34.1","6.4","26.6","7.7","9.7","3.5","7.2","5.1","12.2","4.6","23.0","4.9","26.5","7.0","19.6","6.7","8.4","3.4","8.9","4.7","8.0","4.1","94.1","2.4","96.8","2.5","91.4","3.8","31.4","6.4","35.4","7.7","27.6","8.0","808","253","344","128","464","174","89.6","6.8","91.0","10.6","88.6","9.4","37.4","14.8","49.1","23.8","28.7","19.8","900","183","510","155","390","119","97.6","3.5","95.7","6.2","100.0","8.6","36.6","14.9","32.4","16.6","42.1","18.9","1594","186","816","131","778","104","99.5","0.9","99.0","1.8","100.0","4.4","29.5","10.5","28.9","11.9","30.1","11.5","642","144","257","117","385","101","81.3","10.8","100.0","12.7","68.8","17.3","21.7","13.1","44.0","24.9","6.8","7.2","44.0","20.4","0.0","39.4","59.5","23.2","3.4","4.3","3.9","6.8","3.0","5.0","4.0","4.5","5.8","8.3","2.2","3.4","0.0","2.8","0.0","5.0","0.0","6.1","56354","9484","59267","5617","46375","12483","2,500-","***","18984","56211","-","**","40260","13018","41040","2991","21993","45741","54245","13496","69779","17064","40972","18170","68750","21488","59383","44438","71105","12541","58977","14349","90469","64536","58378","7794","3.3","(X)","(X)","(X)","(X)","(X)",
"1400000US06111008305","Census Tract 83.05, Ventura County, California","322","105","176","79","146","91","4.7","7.2","0.0","17.9","10.3","17.1","25.2","22.0","35.8","29.7","12.3","17.5","59.3","17.8","44.3","27.9","77.4","24.8","10.9","14.7","19.9","29.4","0.0","21.1","2637","155","1220","117","1417","122","0.2","0.4","0.0","2.8","0.3","0.7","1.3","1.2","0.8","1.2","1.6","2.0","15.1","4.0","15.3","5.4","14.9","4.7","20.6","6.2","15.0","6.9","25.4","7.5","10.0","3.1","10.1","4.5","10.0","5.4","35.9","6.5","36.9","8.3","35.1","8.9","17.0","4.6","21.9","7.3","12.7","5.3","98.6","1.3","99.2","1.2","98.1","2.1","52.9","6.7","58.8","7.9","47.8","8.4","239","95","113","65","126","66","92.5","10.5","100.0","26.1","85.7","21.2","45.2","24.4","31.9","28.3","57.1","32.1","550","113","282","64","268","68","99.3","1.7","100.0","11.7","98.5","3.5","65.3","13.1","71.3","15.8","59.0","17.7","1348","113","599","97","749","70","99.6","0.6","100.0","5.7","99.3","1.1","53.0","9.9","55.4","13.4","51.0","12.4","500","98","226","64","274","82","98.0","2.9","95.6","6.4","100.0","12.0","42.8","13.1","65.5","16.0","24.1","16.9","0.0","50.6","0.0","97.3","0.0","59.2","6.5","5.7","2.7","4.3","10.0","10.4","5.9","5.3","0.0","10.8","9.6","8.7","3.3","3.1","5.6","5.9","0.9","1.5","70795","12492","91726","9893","57673","12876","-","**","-","**","-","**","28333","43639","52188","76884","15350","19907","65272","16411","81513","8597","44073","25616","65089","16442","90774","25901","58538","9542","110083","28104","131354","46802","71875","20739","3.3","(X)","(X)","(X)","(X)","(X)",
"1400000US06111008306","Census Tract 83.06, Ventura County, California","326","106","84","46","242","104","15.6","16.4","8.3","13.7","18.2","20.7","32.8","12.5","23.8","24.8","36.0","18.7","34.4","16.3","58.3","27.3","26.0","19.5","17.2","12.3","9.5","13.2","19.8","16.2","2666","171","1172","118","1494","121","2.5","1.6","1.9","1.8","3.0","1.9","5.2","3.3","3.1","3.0","6.8","4.6","25.2","5.8","23.0","7.3","27.0","8.3","20.7","5.3","23.9","8.0","18.3","6.0","10.6","3.7","10.3","5.4","10.8","4.5","25.6","5.7","23.6","7.6","27.2","6.5","10.1","3.3","14.2","6.7","6.9","3.6","92.3","3.5","95.1","3.5","90.2","4.7","35.7","6.3","37.9","8.8","34.1","7.7","675","172","255","91","420","118","91.4","9.1","85.9","12.4","94.8","7.8","39.6","17.2","32.5","18.2","43.8","20.9","492","104","234","92","258","75","87.8","11.2","100.0","13.9","76.7","19.4","36.8","13.2","48.3","20.8","26.4","13.4","1104","117","448","69","656","100","96.6","3.4","97.3","3.6","96.0","4.2","39.5","8.5","41.5","13.4","38.1","10.7","395","63","235","55","160","59","87.6","9.4","95.7","6.4","75.6","16.8","17.5","11.9","26.4","20.8","4.4","7.0","13.2","16.0","0.0","40.4","18.4","21.7","15.5","12.8","21.2","17.6","11.7","12.4","6.5","5.5","3.2","3.6","9.4","9.4","2.4","3.0","0.0","7.6","4.5","5.6","50976","4410","71406","9697","38409","11816","21369","10765","30750","29042","21190","2136","26518","12508","39583","18743","18875","9430","50850","6182","71094","8794","30909","12993","70313","14164","80952","12091","53849","10922","76467","24616","98438","63363","63214","57216","4.6","(X)","(X)","(X)","(X)","(X)",
"1400000US06111008401","Census Tract 84.01, Ventura County, California","494","116","274","118","220","83","20.0","12.7","27.4","15.2","10.9","13.8","26.3","15.2","28.8","19.9","23.2","16.8","48.4","15.0","40.5","17.3","58.2","23.6","5.3","6.4","3.3","5.7","7.7","13.2","3616","323","1682","245","1934","154","3.7","2.8","3.8","3.2","3.6","2.7","7.9","4.0","11.0","8.1","5.2","3.2","25.7","4.7","24.3","6.7","26.9","6.1","24.9","4.3","23.2","6.5","26.4","6.4","9.7","2.7","7.6","3.5","11.6","3.8","20.2","4.8","23.0","6.8","17.8","5.3","7.8","2.6","7.0","3.8","8.4","3.4","88.4","4.2","85.2","8.0","91.2","3.7","28.0","6.1","30.0","8.3","26.3","5.9","574","151","308","114","266","100","82.8","14.9","70.8","24.2","96.6","4.7","34.0","16.5","17.5","15.3","53.0","21.0","700","154","324","137","376","67","77.3","13.6","79.3","18.1","75.5","15.9","23.1","12.5","24.1","22.4","22.3","10.9","1529","152","749","119","780","100","94.6","4.3","90.4","8.6","98.6","1.9","31.1","8.3","32.2","11.1","30.0","10.1","813","125","301","81","512","87","90.3","4.6","93.4","8.2","88.5","6.9","22.3","7.4","43.9","13.8","9.6","7.2","53.3","16.7","61.0","18.7","42.1","25.9","12.1","9.7","5.4","8.5","17.4","14.7","9.8","4.9","11.0","10.0","9.0","6.5","1.7","2.1","1.6","3.3","1.8","2.7","45052","11285","43750","16886","45616","17536","20313","15819","12168","12971","-","**","29837","6986","37981","19317","14596","5905","43421","18651","38309","10418","53628","20617","69958","21502","99224","18896","47371","26055","78241","22540","74250","178603","78657","24531","5.7","(X)","(X)","(X)","(X)","(X)",
"1400000US06111008402","Census Tract 84.02, Ventura County, California","335","117","200","80","135","70","21.5","11.3","26.0","14.8","14.8","16.5","13.1","9.5","17.0","13.1","7.4","11.5","58.2","14.3","45.0","19.6","77.8","20.7","7.2","7.3","12.0","13.1","0.0","22.6","3612","283","1840","177","1772","177","2.0","1.5","1.7","1.7","2.4","2.0","4.0","2.3","5.2","3.6","2.7","1.7","24.0","3.9","24.1","5.6","23.9","6.5","26.2","4.8","27.4","6.1","24.9","5.7","10.2","2.5","13.6","4.0","6.7","2.8","26.9","4.1","21.0","5.5","33.0","6.3","6.7","2.1","7.0","2.9","6.4","2.8","94.0","2.8","93.1","3.8","94.9","2.4","33.6","4.8","28.0","6.1","39.4","6.7","512","166","237","99","275","102","97.5","3.9","94.5","8.0","100.0","11.9","35.7","10.8","33.8","19.9","37.5","19.6","734","168","362","133","372","62","94.7","4.1","100.0","9.2","89.5","7.8","30.1","9.9","11.9","7.8","47.8","14.8","1762","163","911","86","851","108","93.1","4.8","90.3","7.1","96.0","3.3","35.6","7.9","33.8","8.7","37.5","10.4","604","68","330","60","274","71","92.9","5.4","92.1","6.9","93.8","7.0","30.3","11.2","25.5","10.8","36.1","18.9","32.7","23.6","33.9","32.6","31.1","24.8","1.5","2.3","0.0","7.6","3.1","4.5","2.3","2.0","2.5","2.8","2.0","2.9","5.2","5.6","2.1","3.2","7.4","8.6","45658","7102","62917","19121","32692","7301","23750","19721","36250","15100","-","**","31932","10751","40455","22872","22003","13015","45213","10072","65243","24591","30139","11365","57368","27200","97222","25049","41500","16678","73640","10990","101591","64313","71458","32917","10.2","(X)","(X)","(X)","(X)","(X)",
"1400000US06111008500","Census Tract 85, Ventura County, California","657","139","352","136","305","139","2.7","4.4","0.0","9.5","5.9","9.9","25.0","15.0","33.5","22.3","15.1","17.8","58.8","15.1","51.1","20.6","67.5","22.1","13.5","9.0","15.3","13.4","11.5","11.1","6253","417","3245","389","3008","251","3.8","3.5","1.5","1.9","6.3","5.3","3.5","2.0","3.9","2.7","2.9","2.2","19.0","4.5","18.6","5.6","19.5","6.4","32.2","5.1","34.3","8.3","29.9","6.0","10.2","3.1","9.6","3.6","10.8","4.0","21.0","4.0","21.8","5.4","20.2","5.3","10.3","3.1","10.2","4.3","10.4","3.8","92.7","3.6","94.5","3.2","90.8","5.0","31.3","5.6","32.0","7.7","30.6","6.5","1071","414","690","408","381","133","94.5","7.1","97.4","4.9","89.2","14.8","31.0","18.2","28.3","23.0","36.0","19.8","1064","200","497","146","567","124","99.0","2.3","97.8","5.1","100.0","6.0","38.3","12.0","22.5","15.8","52.2","17.9","2891","217","1473","175","1418","197","90.6","6.1","95.0","3.9","85.9","10.3","29.3","6.9","31.8","10.0","26.7","8.5","1227","161","585","137","642","126","90.8","4.8","87.0","10.8","94.2","7.1","30.3","12.2","45.3","15.9","16.7","11.4","3.1","5.9","8.0","14.5","0.0","11.8","7.7","7.5","2.7","4.2","13.0","14.4","3.1","2.3","4.0","4.0","2.1","2.4","3.0","2.5","2.2","3.0","3.8","4.3","51799","2884","53750","11890","44688","8517","21833","19311","53083","57426","20438","4632","44592","13430","45409","10033","33264","20267","51189","5967","61458","21750","37384","9412","66696","32019","80389","61886","66280","20566","82326","17290","106042","70085","81744","7968","1.4","(X)","(X)","(X)","(X)","(X)",
"1400000US06111008600","Census Tract 86, Ventura County, California","670","225","274","117","396","177","14.3","10.9","12.8","14.8","15.4","16.0","24.8","12.1","16.8","12.2","30.3","18.0","54.3","19.1","69.0","22.5","44.2","27.5","6.6","7.8","1.5","3.7","10.1","12.6","4834","417","2536","344","2298","248","23.9","6.1","22.6","7.6","25.4","7.4","13.8","4.1","13.9","5.5","13.6","6.1","26.7","5.1","31.2","8.0","21.6","5.5","19.5","4.8","17.1","5.6","22.1","7.7","6.8","3.1","7.3","4.4","6.3","4.3","5.5","2.2","3.9","2.6","7.2","3.2","3.9","2.6","4.0","2.8","3.7","2.8","62.3","5.8","63.5","6.7","61.0","8.3","9.4","3.2","7.9","3.7","10.9","4.0","1549","327","891","282","658","176","79.8","10.0","75.0","13.5","86.3","10.7","12.8","7.6","12.6","9.4","13.1","8.5","1318","305","689","239","629","159","54.0","12.5","67.2","15.6","39.6","13.0","9.0","5.2","4.5","4.7","13.8","9.1","1345","225","598","125","747","141","60.7","10.6","54.0","15.1","66.0","10.6","8.3","3.9","7.2","5.5","9.1","4.8","622","188","358","151","264","97","39.9","12.3","43.9","18.2","34.5","18.0","4.0","4.0","4.2","5.6","3.8","6.2","25.0","9.0","13.6","9.3","36.7","11.9","20.8","12.0","18.6","13.6","24.3","16.4","14.9","8.5","7.3","8.3","22.1","13.5","3.5","5.4","8.0","12.2","0.0","13.0","29500","6696","31698","4593","24245","6669","20435","7888","21223","10724","17396","13971","26250","11538","30760","11318","18803","6923","40410","25702","52656","19110","21850","13357","36652","11011","19732","39862","38182","22999","87978","30518","87344","40214","88015","70478","5.6","(X)","(X)","(X)","(X)","(X)",
"1400000US06111008700","Census Tract 87, Ventura County, California","592","179","328","100","264","118","31.9","17.8","41.8","21.2","19.7","23.7","15.7","9.2","7.3","8.3","26.1","17.9","49.0","17.6","50.9","21.6","46.6","21.1","3.4","3.9","0.0","10.1","7.6","9.0","3916","284","1799","181","2117","187","17.7","5.0","18.3","6.8","17.2","5.5","16.9","2.9","18.4","5.9","15.6","3.8","28.3","5.9","27.2","8.9","29.2","5.9","21.6","4.7","18.6","5.1","24.1","6.9","6.3","2.5","8.2","4.7","4.8","3.1","6.6","2.3","5.2","2.8","7.7","2.8","2.6","1.3","4.1","2.2","1.3","1.2","65.3","5.5","63.3","8.2","67.1","7.1","9.1","2.9","9.3","3.7","9.0","3.0","1069","256","485","142","584","168","71.7","11.6","62.7","17.0","79.3","12.1","4.0","4.1","2.5","3.8","5.3","5.5","699","166","414","117","285","96","58.8","13.2","52.7","16.1","67.7","17.8","6.3","4.0","2.4","4.2","11.9","9.9","1414","136","683","83","731","114","68.2","7.7","71.9","12.1","64.8","11.2","13.0","5.5","17.3","7.9","9.0","4.9","734","120","217","57","517","120","56.7","12.5","57.6","17.6","56.3","15.7","11.9","8.4","12.9","10.8","11.4","8.5","15.4","6.3","11.8","7.0","18.8","8.8","7.9","6.3","4.5","7.0","10.7","8.8","15.9","9.5","14.3","10.0","17.2","12.3","4.5","6.0","6.0","9.1","3.2","7.2","24571","2713","27156","4023","19965","5153","18235","5059","21429","4363","16071","3198","26817","4302","27241","20840","25060","6370","24113","6537","35662","21447","18080","11215","41083","9913","74318","59666","32212","27377","106667","54542","110179","83063","-","**","10.4","(X)","(X)","(X)","(X)","(X)",
"1400000US06111008800","Census Tract 88, Ventura County, California","558","157","335","138","223","90","9.9","9.4","14.3","16.0","3.1","4.7","42.3","18.9","40.0","19.7","45.7","26.0","43.2","16.0","41.8","17.0","45.3","26.3","4.7","5.5","3.9","7.0","5.8","9.9","3318","261","1475","172","1843","181","16.1","5.1","16.3","5.7","15.8","5.3","8.6","3.7","12.1","5.9","5.8","3.4","22.3","4.3","18.4","6.4","25.4","6.5","25.5","5.0","27.7","8.0","23.8","7.1","12.5","3.4","15.5","5.9","10.1","5.4","11.2","3.3","6.2","3.0","15.2","5.3","3.9","2.4","3.8","2.8","3.9","2.8","75.4","6.7","71.6","8.8","78.4","6.2","15.1","4.6","10.0","4.0","19.2","6.3","834","231","270","114","564","172","90.3","7.7","75.6","20.6","97.3","4.3","15.8","8.2","0.0","12.1","23.4","11.7","432","122","218","76","214","96","65.7","18.0","63.8","25.0","67.8","23.9","16.7","11.1","9.6","10.4","23.8","17.1","1340","159","644","114","696","81","79.9","7.5","80.9","9.3","79.0","9.7","20.0","7.5","17.4","8.3","22.4","10.5","712","147","343","78","369","104","55.2","14.1","56.0","18.2","54.5","15.8","3.9","4.5","4.1","4.9","3.8","5.8","10.5","8.0","9.1","11.9","12.1","13.0","14.2","8.1","18.4","18.9","11.8","10.6","2.1","2.4","2.5","4.4","1.6","2.2","0.0","6.8","0.0","21.0","0.0","9.4","35589","3509","45707","7802","30494","5095","14591","11529","21060","9233","11250","2032","23661","8013","34485","10157","20650","9484","51709","8760","63917","16738","35880","2630","33207","11270","46719","32696","27813","15099","80556","33213","99375","26243","64286","41004","8.6","(X)","(X)","(X)","(X)","(X)",
"1400000US06111008900","Census Tract 89, Ventura County, California","362","109","176","68","186","81","6.4","5.5","13.1","11.3","0.0","17.1","58.0","10.0","57.4","21.9","58.6","15.9","35.6","10.0","29.5","20.3","41.4","15.9","0.0","9.2","0.0","17.9","0.0","17.1","2179","205","1141","150","1038","144","30.7","6.2","34.3","7.6","26.9","8.4","11.8","4.3","7.4","4.0","16.6","7.7","20.2","5.3","22.2","8.5","18.1","5.6","20.5","5.0","18.8","6.7","22.3","7.2","7.4","3.9","6.6","4.2","8.3","5.2","6.0","2.4","5.9","2.8","6.1","4.1","3.4","2.5","4.8","4.5","1.8","1.9","57.5","7.0","58.3","8.5","56.6","8.6","9.4","3.4","10.7","5.2","7.9","4.5","513","162","275","109","238","76","68.8","14.0","69.1","18.5","68.5","20.6","10.7","8.3","6.5","10.0","15.5","14.4","396","146","218","109","178","79","66.9","18.5","64.2","26.6","70.2","20.9","9.8","6.9","11.5","10.4","7.9","8.7","867","155","478","108","389","81","50.9","9.9","50.2","13.4","51.7","14.8","7.0","5.4","10.5","9.3","2.8","4.3","403","105","170","67","233","81","47.9","14.0","55.9","21.1","42.1","20.5","12.2","8.1","17.1","15.1","8.6","8.0","9.9","6.7","7.4","6.9","12.6","8.0","7.0","6.1","0.0","12.9","16.5","14.8","8.7","6.1","13.8","10.0","4.1","4.7","0.0","15.7","0.0","24.6","0.0","33.2","26078","4859","41023","18134","17404","8861","22525","6931","25517","6402","15527","3589","24244","7474","44444","16388","15313","14892","34667","11500","40083","21477","34583","16713","41667","28189","59712","51280","7443","27517","-","**","-","**","-","**","14.5","(X)","(X)","(X)","(X)","(X)",
"1400000US06111009100","Census Tract 91, Ventura County, California","784","184","420","134","364","120","28.7","13.0","36.9","18.3","19.2","14.0","28.2","11.2","27.6","16.4","28.8","18.1","40.8","11.0","32.1","16.4","50.8","18.4","2.3","3.0","3.3","4.6","1.1","2.4","2640","265","1367","189","1273","127","46.6","7.0","45.8","8.4","47.5","8.7","13.1","4.1","12.4","5.3","13.8","7.2","17.0","6.4","16.8","6.6","17.2","8.6","17.6","5.4","18.2","8.0","16.9","6.5","1.7","1.2","1.6","1.9","1.9","1.5","3.2","1.6","4.6","2.9","1.6","1.8","0.8","0.7","0.6","0.9","1.0","1.1","40.3","7.1","41.8","9.6","38.6","8.8","4.0","1.7","5.2","3.0","2.7","2.0","759","214","460","144","299","111","56.7","16.7","61.1","18.5","49.8","19.5","4.9","3.9","3.5","4.0","7.0","7.5","515","100","222","84","293","61","29.1","11.9","23.0","19.2","33.8","18.7","0.0","6.6","0.0","14.5","0.0","11.2","1035","191","522","117","513","101","39.1","10.1","43.1","15.7","35.1","11.8","6.6","3.9","10.5","7.1","2.5","2.7","331","74","163","67","168","47","23.6","11.4","8.6","8.6","38.1","16.4","0.0","10.0","0.0","19.2","0.0","18.7","37.1","10.7","28.1","12.7","46.2","11.9","4.7","5.6","3.1","7.6","6.4","8.1","22.7","15.7","20.3","24.2","25.5","21.1","9.5","15.9","14.1","23.1","0.0","52.8","18365","4012","25096","5885","14060","1845","15023","2357","16930","5592","11866","2326","27083","13219","33194","9887","20643","6823","25021","6575","30273","7868","13920","10834","47212","72200","63750","58204","-","**","-","**","-","**","-","**","7.1","(X)","(X)","(X)","(X)","(X)",
"1400000US06111980000","Census Tract 9800, Ventura County, California","49","38","45","38","4","9","0.0","44.0","0.0","45.9","0.0","100.0","8.2","19.2","8.9","20.2","0.0","100.0","91.8","19.2","91.1","20.2","100.0","100.0","0.0","44.0","0.0","45.9","0.0","100.0","33","31","33","31","0","12","0.0","53.6","0.0","53.6","-","**","24.2","51.5","24.2","51.5","-","**","0.0","53.6","0.0","53.6","-","**","48.5","51.5","48.5","51.5","-","**","0.0","53.6","0.0","53.6","-","**","0.0","53.6","0.0","53.6","-","**","27.3","53.8","27.3","53.8","-","**","75.8","51.5","75.8","51.5","-","**","27.3","53.8","27.3","53.8","-","**","19","25","19","25","0","12","57.9","57.9","57.9","57.9","-","**","0.0","70.6","0.0","70.6","-","**","5","10","5","10","0","12","100.0","100.0","100.0","100.0","-","**","0.0","100.0","0.0","100.0","-","**","9","20","9","20","0","12","100.0","100.0","100.0","100.0","-","**","100.0","100.0","100.0","100.0","-","**","0","12","0","12","0","12","-","**","-","**","-","**","-","**","-","**","-","**","-","**","-","**","-","**","-","**","-","**","-","**","-","**","-","**","-","**","-","**","-","**","-","**","76250","69892","76250","69892","-","**","-","**","-","**","-","**","-","**","-","**","-","**","76000","67679","76000","67679","-","**","-","**","-","**","-","**","-","**","-","**","-","**","0.0","(X)","(X)","(X)","(X)","(X)",
"1400000US06111990100","Census Tract 9901, Ventura County, California","0","12","0","12","0","12","-","**","-","**","-","**","-","**","-","**","-","**","-","**","-","**","-","**","-","**","-","**","-","**","0","12","0","12","0","12","-","**","-","**","-","**","-","**","-","**","-","**","-","**","-","**","-","**","-","**","-","**","-","**","-","**","-","**","-","**","-","**","-","**","-","**","-","**","-","**","-","**","-","**","-","**","-","**","-","**","-","**","-","**","0","12","0","12","0","12","-","**","-","**","-","**","-","**","-","**","-","**","0","12","0","12","0","12","-","**","-","**","-","**","-","**","-","**","-","**","0","12","0","12","0","12","-","**","-","**","-","**","-","**","-","**","-","**","0","12","0","12","0","12","-","**","-","**","-","**","-","**","-","**","-","**","-","**","-","**","-","**","-","**","-","**","-","**","-","**","-","**","-","**","-","**","-","**","-","**","-","**","-","**","-","**","-","**","-","**","-","**","-","**","-","**","-","**","-","**","-","**","-","**","-","**","-","**","-","**","-","**","-","**","-","**","-","(X)","(X)","(X)","(X)","(X)",
