"GEO_ID","NAME","S1101_C01_001E","S1101_C01_001M","S1101_C02_001E","S1101_C02_001M","S1101_C03_001E","S1101_C03_001M","S1101_C04_001E","S1101_C04_001M","S1101_C05_001E","S1101_C05_001M","S1101_C01_002E","S1101_C01_002M","S1101_C02_002E","S1101_C02_002M","S1101_C03_002E","S1101_C03_002M","S1101_C04_002E","S1101_C04_002M","S1101_C05_002E","S1101_C05_002M","S1101_C01_003E","S1101_C01_003M","S1101_C02_003E","S1101_C02_003M","S1101_C03_003E","S1101_C03_003M","S1101_C04_003E","S1101_C04_003M","S1101_C05_003E","S1101_C05_003M","S1101_C01_004E","S1101_C01_004M","S1101_C02_004E","S1101_C02_004M","S1101_C03_004E","S1101_C03_004M","S1101_C04_004E","S1101_C04_004M","S1101_C05_004E","S1101_C05_004M","S1101_C01_005E","S1101_C01_005M","S1101_C02_005E","S1101_C02_005M","S1101_C03_005E","S1101_C03_005M","S1101_C04_005E","S1101_C04_005M","S1101_C05_005E","S1101_C05_005M","S1101_C01_006E","S1101_C01_006M","S1101_C02_006E","S1101_C02_006M","S1101_C03_006E","S1101_C03_006M","S1101_C04_006E","S1101_C04_006M","S1101_C05_006E","S1101_C05_006M","S1101_C01_007E","S1101_C01_007M","S1101_C02_007E","S1101_C02_007M","S1101_C03_007E","S1101_C03_007M","S1101_C04_007E","S1101_C04_007M","S1101_C05_007E","S1101_C05_007M","S1101_C01_008E","S1101_C01_008M","S1101_C02_008E","S1101_C02_008M","S1101_C03_008E","S1101_C03_008M","S1101_C04_008E","S1101_C04_008M","S1101_C05_008E","S1101_C05_008M","S1101_C01_009E","S1101_C01_009M","S1101_C02_009E","S1101_C02_009M","S1101_C03_009E","S1101_C03_009M","S1101_C04_009E","S1101_C04_009M","S1101_C05_009E","S1101_C05_009M","S1101_C01_010E","S1101_C01_010M","S1101_C02_010E","S1101_C02_010M","S1101_C03_010E","S1101_C03_010M","S1101_C04_010E","S1101_C04_010M","S1101_C05_010E","S1101_C05_010M","S1101_C01_011E","S1101_C01_011M","S1101_C02_011E","S1101_C02_011M","S1101_C03_011E","S1101_C03_011M","S1101_C04_011E","S1101_C04_011M","S1101_C05_011E","S1101_C05_011M","S1101_C01_012E","S1101_C01_012M","S1101_C02_012E","S1101_C02_012M","S1101_C03_012E","S1101_C03_012M","S1101_C04_012E","S1101_C04_012M","S1101_C05_012E","S1101_C05_012M","S1101_C01_013E","S1101_C01_013M","S1101_C02_013E","S1101_C02_013M","S1101_C03_013E","S1101_C03_013M","S1101_C04_013E","S1101_C04_013M","S1101_C05_013E","S1101_C05_013M","S1101_C01_014E","S1101_C01_014M","S1101_C02_014E","S1101_C02_014M","S1101_C03_014E","S1101_C03_014M","S1101_C04_014E","S1101_C04_014M","S1101_C05_014E","S1101_C05_014M","S1101_C01_015E","S1101_C01_015M","S1101_C02_015E","S1101_C02_015M","S1101_C03_015E","S1101_C03_015M","S1101_C04_015E","S1101_C04_015M","S1101_C05_015E","S1101_C05_015M","S1101_C01_016E","S1101_C01_016M","S1101_C02_016E","S1101_C02_016M","S1101_C03_016E","S1101_C03_016M","S1101_C04_016E","S1101_C04_016M","S1101_C05_016E","S1101_C05_016M","S1101_C01_017E","S1101_C01_017M","S1101_C02_017E","S1101_C02_017M","S1101_C03_017E","S1101_C03_017M","S1101_C04_017E","S1101_C04_017M","S1101_C05_017E","S1101_C05_017M","S1101_C01_018E","S1101_C01_018M","S1101_C02_018E","S1101_C02_018M","S1101_C03_018E","S1101_C03_018M","S1101_C04_018E","S1101_C04_018M","S1101_C05_018E","S1101_C05_018M","S1101_C01_019E","S1101_C01_019M","S1101_C02_019E","S1101_C02_019M","S1101_C03_019E","S1101_C03_019M","S1101_C04_019E","S1101_C04_019M","S1101_C05_019E","S1101_C05_019M","S1101_C01_020E","S1101_C01_020M","S1101_C02_020E","S1101_C02_020M","S1101_C03_020E","S1101_C03_020M","S1101_C04_020E","S1101_C04_020M","S1101_C05_020E","S1101_C05_020M",
"Geography","Geographic Area Name","Total!!Estimate!!Total households","Total!!Margin of Error!!Total households","Married-couple family household!!Estimate!!Total households","Married-couple family household!!Margin of Error!!Total households","Male householder, no wife present, family household!!Estimate!!Total households","Male householder, no wife present, family household!!Margin of Error!!Total households","Female householder, no husband present, family household!!Estimate!!Total households","Female householder, no husband present, family household!!Margin of Error!!Total households","Nonfamily household!!Estimate!!Total households","Nonfamily household!!Margin of Error!!Total households","Total!!Estimate!!Average household size","Total!!Margin of Error!!Average household size","Married-couple family household!!Estimate!!Average household size","Married-couple family household!!Margin of Error!!Average household size","Male householder, no wife present, family household!!Estimate!!Average household size","Male householder, no wife present, family household!!Margin of Error!!Average household size","Female householder, no husband present, family household!!Estimate!!Average household size","Female householder, no husband present, family household!!Margin of Error!!Average household size","Nonfamily household!!Estimate!!Average household size","Nonfamily household!!Margin of Error!!Average household size","Total!!Estimate!!FAMILIES!!Total families","Total!!Margin of Error!!FAMILIES!!Total families","Married-couple family household!!Estimate!!FAMILIES!!Total families","Married-couple family household!!Margin of Error!!FAMILIES!!Total families","Male householder, no wife present, family household!!Estimate!!FAMILIES!!Total families","Male householder, no wife present, family household!!Margin of Error!!FAMILIES!!Total families","Female householder, no husband present, family household!!Estimate!!FAMILIES!!Total families","Female householder, no husband present, family household!!Margin of Error!!FAMILIES!!Total families","Nonfamily household!!Estimate!!FAMILIES!!Total families","Nonfamily household!!Margin of Error!!FAMILIES!!Total families","Total!!Estimate!!FAMILIES!!Average family size","Total!!Margin of Error!!FAMILIES!!Average family size","Married-couple family household!!Estimate!!FAMILIES!!Average family size","Married-couple family household!!Margin of Error!!FAMILIES!!Average family size","Male householder, no wife present, family household!!Estimate!!FAMILIES!!Average family size","Male householder, no wife present, family household!!Margin of Error!!FAMILIES!!Average family size","Female householder, no husband present, family household!!Estimate!!FAMILIES!!Average family size","Female householder, no husband present, family household!!Margin of Error!!FAMILIES!!Average family size","Nonfamily household!!Estimate!!FAMILIES!!Average family size","Nonfamily household!!Margin of Error!!FAMILIES!!Average family size","Total!!Estimate!!AGE OF OWN CHILDREN!!Households with own children under 18 years","Total!!Margin of Error!!AGE OF OWN CHILDREN!!Households with own children under 18 years","Married-couple family household!!Estimate!!AGE OF OWN CHILDREN!!Households with own children under 18 years","Married-couple family household!!Margin of Error!!AGE OF OWN CHILDREN!!Households with own children under 18 years","Male householder, no wife present, family household!!Estimate!!AGE OF OWN CHILDREN!!Households with own children under 18 years","Male householder, no wife present, family household!!Margin of Error!!AGE OF OWN CHILDREN!!Households with own children under 18 years","Female householder, no husband present, family household!!Estimate!!AGE OF OWN CHILDREN!!Households with own children under 18 years","Female householder, no husband present, family household!!Margin of Error!!AGE OF OWN CHILDREN!!Households with own children under 18 years","Nonfamily household!!Estimate!!AGE OF OWN CHILDREN!!Households with own children under 18 years","Nonfamily household!!Margin of Error!!AGE OF OWN CHILDREN!!Households with own children under 18 years","Total!!Estimate!!AGE OF OWN CHILDREN!!Under 6 years only","Total!!Margin of Error!!AGE OF OWN CHILDREN!!Under 6 years only","Married-couple family household!!Estimate!!AGE OF OWN CHILDREN!!Under 6 years only","Married-couple family household!!Margin of Error!!AGE OF OWN CHILDREN!!Under 6 years only","Male householder, no wife present, family household!!Estimate!!AGE OF OWN CHILDREN!!Under 6 years only","Male householder, no wife present, family household!!Margin of Error!!AGE OF OWN CHILDREN!!Under 6 years only","Female householder, no husband present, family household!!Estimate!!AGE OF OWN CHILDREN!!Under 6 years only","Female householder, no husband present, family household!!Margin of Error!!AGE OF OWN CHILDREN!!Under 6 years only","Nonfamily household!!Estimate!!AGE OF OWN CHILDREN!!Under 6 years only","Nonfamily household!!Margin of Error!!AGE OF OWN CHILDREN!!Under 6 years only","Total!!Estimate!!AGE OF OWN CHILDREN!!Under 6 years and 6 to 17 years","Total!!Margin of Error!!AGE OF OWN CHILDREN!!Under 6 years and 6 to 17 years","Married-couple family household!!Estimate!!AGE OF OWN CHILDREN!!Under 6 years and 6 to 17 years","Married-couple family household!!Margin of Error!!AGE OF OWN CHILDREN!!Under 6 years and 6 to 17 years","Male householder, no wife present, family household!!Estimate!!AGE OF OWN CHILDREN!!Under 6 years and 6 to 17 years","Male householder, no wife present, family household!!Margin of Error!!AGE OF OWN CHILDREN!!Under 6 years and 6 to 17 years","Female householder, no husband present, family household!!Estimate!!AGE OF OWN CHILDREN!!Under 6 years and 6 to 17 years","Female householder, no husband present, family household!!Margin of Error!!AGE OF OWN CHILDREN!!Under 6 years and 6 to 17 years","Nonfamily household!!Estimate!!AGE OF OWN CHILDREN!!Under 6 years and 6 to 17 years","Nonfamily household!!Margin of Error!!AGE OF OWN CHILDREN!!Under 6 years and 6 to 17 years","Total!!Estimate!!AGE OF OWN CHILDREN!!6 to 17 years only","Total!!Margin of Error!!AGE OF OWN CHILDREN!!6 to 17 years only","Married-couple family household!!Estimate!!AGE OF OWN CHILDREN!!6 to 17 years only","Married-couple family household!!Margin of Error!!AGE OF OWN CHILDREN!!6 to 17 years only","Male householder, no wife present, family household!!Estimate!!AGE OF OWN CHILDREN!!6 to 17 years only","Male householder, no wife present, family household!!Margin of Error!!AGE OF OWN CHILDREN!!6 to 17 years only","Female householder, no husband present, family household!!Estimate!!AGE OF OWN CHILDREN!!6 to 17 years only","Female householder, no husband present, family household!!Margin of Error!!AGE OF OWN CHILDREN!!6 to 17 years only","Nonfamily household!!Estimate!!AGE OF OWN CHILDREN!!6 to 17 years only","Nonfamily household!!Margin of Error!!AGE OF OWN CHILDREN!!6 to 17 years only","Total!!Estimate!!Total households","Total!!Margin of Error!!Total households","Married-couple family household!!Estimate!!Total households","Married-couple family household!!Margin of Error!!Total households","Male householder, no wife present, family household!!Estimate!!Total households","Male householder, no wife present, family household!!Margin of Error!!Total households","Female householder, no husband present, family household!!Estimate!!Total households","Female householder, no husband present, family household!!Margin of Error!!Total households","Nonfamily household!!Estimate!!Total households","Nonfamily household!!Margin of Error!!Total households","Total!!Estimate!!SELECTED HOUSEHOLDS BY TYPE!!Households with one or more people under 18 years","Total!!Margin of Error!!SELECTED HOUSEHOLDS BY TYPE!!Households with one or more people under 18 years","Married-couple family household!!Estimate!!SELECTED HOUSEHOLDS BY TYPE!!Households with one or more people under 18 years","Married-couple family household!!Margin of Error!!SELECTED HOUSEHOLDS BY TYPE!!Households with one or more people under 18 years","Male householder, no wife present, family household!!Estimate!!SELECTED HOUSEHOLDS BY TYPE!!Households with one or more people under 18 years","Male householder, no wife present, family household!!Margin of Error!!SELECTED HOUSEHOLDS BY TYPE!!Households with one or more people under 18 years","Female householder, no husband present, family household!!Estimate!!SELECTED HOUSEHOLDS BY TYPE!!Households with one or more people under 18 years","Female householder, no husband present, family household!!Margin of Error!!SELECTED HOUSEHOLDS BY TYPE!!Households with one or more people under 18 years","Nonfamily household!!Estimate!!SELECTED HOUSEHOLDS BY TYPE!!Households with one or more people under 18 years","Nonfamily household!!Margin of Error!!SELECTED HOUSEHOLDS BY TYPE!!Households with one or more people under 18 years","Total!!Estimate!!SELECTED HOUSEHOLDS BY TYPE!!Households with one or more people 60 years and over","Total!!Margin of Error!!SELECTED HOUSEHOLDS BY TYPE!!Households with one or more people 60 years and over","Married-couple family household!!Estimate!!SELECTED HOUSEHOLDS BY TYPE!!Households with one or more people 60 years and over","Married-couple family household!!Margin of Error!!SELECTED HOUSEHOLDS BY TYPE!!Households with one or more people 60 years and over","Male householder, no wife present, family household!!Estimate!!SELECTED HOUSEHOLDS BY TYPE!!Households with one or more people 60 years and over","Male householder, no wife present, family household!!Margin of Error!!SELECTED HOUSEHOLDS BY TYPE!!Households with one or more people 60 years and over","Female householder, no husband present, family household!!Estimate!!SELECTED HOUSEHOLDS BY TYPE!!Households with one or more people 60 years and over","Female householder, no husband present, family household!!Margin of Error!!SELECTED HOUSEHOLDS BY TYPE!!Households with one or more people 60 years and over","Nonfamily household!!Estimate!!SELECTED HOUSEHOLDS BY TYPE!!Households with one or more people 60 years and over","Nonfamily household!!Margin of Error!!SELECTED HOUSEHOLDS BY TYPE!!Households with one or more people 60 years and over","Total!!Estimate!!SELECTED HOUSEHOLDS BY TYPE!!Householder living alone","Total!!Margin of Error!!SELECTED HOUSEHOLDS BY TYPE!!Householder living alone","Married-couple family household!!Estimate!!SELECTED HOUSEHOLDS BY TYPE!!Householder living alone","Married-couple family household!!Margin of Error!!SELECTED HOUSEHOLDS BY TYPE!!Householder living alone","Male householder, no wife present, family household!!Estimate!!SELECTED HOUSEHOLDS BY TYPE!!Householder living alone","Male householder, no wife present, family household!!Margin of Error!!SELECTED HOUSEHOLDS BY TYPE!!Householder living alone","Female householder, no husband present, family household!!Estimate!!SELECTED HOUSEHOLDS BY TYPE!!Householder living alone","Female householder, no husband present, family household!!Margin of Error!!SELECTED HOUSEHOLDS BY TYPE!!Householder living alone","Nonfamily household!!Estimate!!SELECTED HOUSEHOLDS BY TYPE!!Householder living alone","Nonfamily household!!Margin of Error!!SELECTED HOUSEHOLDS BY TYPE!!Householder living alone","Total!!Estimate!!SELECTED HOUSEHOLDS BY TYPE!!Householder living alone!!65 years and over","Total!!Margin of Error!!SELECTED HOUSEHOLDS BY TYPE!!Householder living alone!!65 years and over","Married-couple family household!!Estimate!!SELECTED HOUSEHOLDS BY TYPE!!Householder living alone!!65 years and over","Married-couple family household!!Margin of Error!!SELECTED HOUSEHOLDS BY TYPE!!Householder living alone!!65 years and over","Male householder, no wife present, family household!!Estimate!!SELECTED HOUSEHOLDS BY TYPE!!Householder living alone!!65 years and over","Male householder, no wife present, family household!!Margin of Error!!SELECTED HOUSEHOLDS BY TYPE!!Householder living alone!!65 years and over","Female householder, no husband present, family household!!Estimate!!SELECTED HOUSEHOLDS BY TYPE!!Householder living alone!!65 years and over","Female householder, no husband present, family household!!Margin of Error!!SELECTED HOUSEHOLDS BY TYPE!!Householder living alone!!65 years and over","Nonfamily household!!Estimate!!SELECTED HOUSEHOLDS BY TYPE!!Householder living alone!!65 years and over","Nonfamily household!!Margin of Error!!SELECTED HOUSEHOLDS BY TYPE!!Householder living alone!!65 years and over","Total!!Estimate!!UNMARRIED-PARTNER HOUSEHOLDS!!Same sex","Total!!Margin of Error!!UNMARRIED-PARTNER HOUSEHOLDS!!Same sex","Married-couple family household!!Estimate!!UNMARRIED-PARTNER HOUSEHOLDS!!Same sex","Married-couple family household!!Margin of Error!!UNMARRIED-PARTNER HOUSEHOLDS!!Same sex","Male householder, no wife present, family household!!Estimate!!UNMARRIED-PARTNER HOUSEHOLDS!!Same sex","Male householder, no wife present, family household!!Margin of Error!!UNMARRIED-PARTNER HOUSEHOLDS!!Same sex","Female householder, no husband present, family household!!Estimate!!UNMARRIED-PARTNER HOUSEHOLDS!!Same sex","Female householder, no husband present, family household!!Margin of Error!!UNMARRIED-PARTNER HOUSEHOLDS!!Same sex","Nonfamily household!!Estimate!!UNMARRIED-PARTNER HOUSEHOLDS!!Same sex","Nonfamily household!!Margin of Error!!UNMARRIED-PARTNER HOUSEHOLDS!!Same sex","Total!!Estimate!!UNMARRIED-PARTNER HOUSEHOLDS!!Opposite sex","Total!!Margin of Error!!UNMARRIED-PARTNER HOUSEHOLDS!!Opposite sex","Married-couple family household!!Estimate!!UNMARRIED-PARTNER HOUSEHOLDS!!Opposite sex","Married-couple family household!!Margin of Error!!UNMARRIED-PARTNER HOUSEHOLDS!!Opposite sex","Male householder, no wife present, family household!!Estimate!!UNMARRIED-PARTNER HOUSEHOLDS!!Opposite sex","Male householder, no wife present, family household!!Margin of Error!!UNMARRIED-PARTNER HOUSEHOLDS!!Opposite sex","Female householder, no husband present, family household!!Estimate!!UNMARRIED-PARTNER HOUSEHOLDS!!Opposite sex","Female householder, no husband present, family household!!Margin of Error!!UNMARRIED-PARTNER HOUSEHOLDS!!Opposite sex","Nonfamily household!!Estimate!!UNMARRIED-PARTNER HOUSEHOLDS!!Opposite sex","Nonfamily household!!Margin of Error!!UNMARRIED-PARTNER HOUSEHOLDS!!Opposite sex","Total!!Estimate!!UNITS IN STRUCTURE!!1-unit structures","Total!!Margin of Error!!UNITS IN STRUCTURE!!1-unit structures","Married-couple family household!!Estimate!!UNITS IN STRUCTURE!!1-unit structures","Married-couple family household!!Margin of Error!!UNITS IN STRUCTURE!!1-unit structures","Male householder, no wife present, family household!!Estimate!!UNITS IN STRUCTURE!!1-unit structures","Male householder, no wife present, family household!!Margin of Error!!UNITS IN STRUCTURE!!1-unit structures","Female householder, no husband present, family household!!Estimate!!UNITS IN STRUCTURE!!1-unit structures","Female householder, no husband present, family household!!Margin of Error!!UNITS IN STRUCTURE!!1-unit structures","Nonfamily household!!Estimate!!UNITS IN STRUCTURE!!1-unit structures","Nonfamily household!!Margin of Error!!UNITS IN STRUCTURE!!1-unit structures","Total!!Estimate!!UNITS IN STRUCTURE!!2-or-more-unit structures","Total!!Margin of Error!!UNITS IN STRUCTURE!!2-or-more-unit structures","Married-couple family household!!Estimate!!UNITS IN STRUCTURE!!2-or-more-unit structures","Married-couple family household!!Margin of Error!!UNITS IN STRUCTURE!!2-or-more-unit structures","Male householder, no wife present, family household!!Estimate!!UNITS IN STRUCTURE!!2-or-more-unit structures","Male householder, no wife present, family household!!Margin of Error!!UNITS IN STRUCTURE!!2-or-more-unit structures","Female householder, no husband present, family household!!Estimate!!UNITS IN STRUCTURE!!2-or-more-unit structures","Female householder, no husband present, family household!!Margin of Error!!UNITS IN STRUCTURE!!2-or-more-unit structures","Nonfamily household!!Estimate!!UNITS IN STRUCTURE!!2-or-more-unit structures","Nonfamily household!!Margin of Error!!UNITS IN STRUCTURE!!2-or-more-unit structures","Total!!Estimate!!UNITS IN STRUCTURE!!Mobile homes and all other types of units","Total!!Margin of Error!!UNITS IN STRUCTURE!!Mobile homes and all other types of units","Married-couple family household!!Estimate!!UNITS IN STRUCTURE!!Mobile homes and all other types of units","Married-couple family household!!Margin of Error!!UNITS IN STRUCTURE!!Mobile homes and all other types of units","Male householder, no wife present, family household!!Estimate!!UNITS IN STRUCTURE!!Mobile homes and all other types of units","Male householder, no wife present, family household!!Margin of Error!!UNITS IN STRUCTURE!!Mobile homes and all other types of units","Female householder, no husband present, family household!!Estimate!!UNITS IN STRUCTURE!!Mobile homes and all other types of units","Female householder, no husband present, family household!!Margin of Error!!UNITS IN STRUCTURE!!Mobile homes and all other types of units","Nonfamily household!!Estimate!!UNITS IN STRUCTURE!!Mobile homes and all other types of units","Nonfamily household!!Margin of Error!!UNITS IN STRUCTURE!!Mobile homes and all other types of units","Total!!Estimate!!HOUSING TENURE!!Owner-occupied housing units","Total!!Margin of Error!!HOUSING TENURE!!Owner-occupied housing units","Married-couple family household!!Estimate!!HOUSING TENURE!!Owner-occupied housing units","Married-couple family household!!Margin of Error!!HOUSING TENURE!!Owner-occupied housing units","Male householder, no wife present, family household!!Estimate!!HOUSING TENURE!!Owner-occupied housing units","Male householder, no wife present, family household!!Margin of Error!!HOUSING TENURE!!Owner-occupied housing units","Female householder, no husband present, family household!!Estimate!!HOUSING TENURE!!Owner-occupied housing units","Female householder, no husband present, family household!!Margin of Error!!HOUSING TENURE!!Owner-occupied housing units","Nonfamily household!!Estimate!!HOUSING TENURE!!Owner-occupied housing units","Nonfamily household!!Margin of Error!!HOUSING TENURE!!Owner-occupied housing units","Total!!Estimate!!HOUSING TENURE!!Renter-occupied housing units","Total!!Margin of Error!!HOUSING TENURE!!Renter-occupied housing units","Married-couple family household!!Estimate!!HOUSING TENURE!!Renter-occupied housing units","Married-couple family household!!Margin of Error!!HOUSING TENURE!!Renter-occupied housing units","Male householder, no wife present, family household!!Estimate!!HOUSING TENURE!!Renter-occupied housing units","Male householder, no wife present, family household!!Margin of Error!!HOUSING TENURE!!Renter-occupied housing units","Female householder, no husband present, family household!!Estimate!!HOUSING TENURE!!Renter-occupied housing units","Female householder, no husband present, family household!!Margin of Error!!HOUSING TENURE!!Renter-occupied housing units","Nonfamily household!!Estimate!!HOUSING TENURE!!Renter-occupied housing units","Nonfamily household!!Margin of Error!!HOUSING TENURE!!Renter-occupied housing units",
"1400000US06111000100","Census Tract 1, Ventura County, California","361","74","121","48","24","25","20","30","196","68","1.77","0.26","2.38","0.34","2.71","0.73","3.55","0.83","1.09","0.10","165","62","121","48","24","25","20","30","(X)","(X)","2.44","0.29","2.38","0.34","2.71","0.73","2.45","1.23","(X)","(X)","32","25","6","9","24","25","2","5","(X)","(X)","40.6","42.0","0.0","100.0","54.2","53.9","0.0","100.0","(X)","(X)","0.0","56.3","0.0","100.0","0.0","65.0","0.0","100.0","(X)","(X)","59.4","42.0","100.0","100.0","45.8","53.9","100.0","100.0","(X)","(X)","361","74","121","48","24","25","20","30","196","68","12.5","8.2","15.7","17.6","100.0","65.0","10.0","38.1","0.0","17.3","20.2","11.6","40.5","21.4","0.0","65.0","0.0","71.2","12.2","12.9","49.3","14.5","(X)","(X)","(X)","(X)","(X)","(X)","90.8","10.1","3.3","5.1","(X)","(X)","(X)","(X)","(X)","(X)","6.1","9.5","0.0","9.9","(X)","(X)","(X)","(X)","(X)","(X)","(X)","(X)","5.0","5.6","(X)","(X)","(X)","(X)","(X)","(X)","(X)","(X)","86.1","8.5","76.9","18.3","100.0","65.0","90.0","38.1","89.8","11.8","0.8","1.6","2.5","5.0","0.0","65.0","0.0","71.2","0.0","17.3","13.0","8.5","20.7","17.4","0.0","65.0","10.0","38.1","10.2","11.8","81.2","10.1","87.6","14.9","45.8","53.9","10.0","38.1","88.8","11.9","18.8","10.1","12.4","14.9","54.2","53.9","90.0","38.1","11.2","11.9",
"1400000US06111000200","Census Tract 2, Ventura County, California","635","53","359","72","80","48","103","59","93","55","3.98","0.35","4.57","0.46","4.36","0.98","3.61","0.61","1.80","0.43","542","71","359","72","80","48","103","59","(X)","(X)","4.28","0.38","4.57","0.46","4.01","1.25","3.45","0.54","(X)","(X)","397","68","261","70","73","46","63","44","(X)","(X)","37.3","11.7","31.8","15.0","63.0","32.4","30.2","35.3","(X)","(X)","10.8","8.7","5.4","6.0","0.0","37.2","46.0","32.5","(X)","(X)","51.9","12.4","62.8","16.4","37.0","32.4","23.8","33.6","(X)","(X)","635","53","359","72","80","48","103","59","93","55","64.1","10.2","75.5","11.1","91.3","14.3","61.2","30.4","0.0","31.9","20.0","9.1","19.8","12.1","17.5","27.0","17.5","21.0","25.8","24.7","6.0","6.2","(X)","(X)","(X)","(X)","(X)","(X)","40.9","34.0","2.4","2.8","(X)","(X)","(X)","(X)","(X)","(X)","16.1","17.9","0.0","5.7","(X)","(X)","(X)","(X)","(X)","(X)","(X)","(X)","9.1","6.4","(X)","(X)","(X)","(X)","(X)","(X)","(X)","(X)","62.7","10.7","72.4","13.7","17.5","18.4","74.8","26.8","50.5","34.2","34.5","10.9","22.6","13.3","82.5","18.4","25.2","26.8","49.5","34.2","2.8","2.9","5.0","5.1","0.0","35.3","0.0","29.6","0.0","31.9","38.7","11.2","51.8","14.5","8.8","13.0","28.2","28.1","25.8","24.7","61.3","11.2","48.2","14.5","91.3","13.0","71.8","28.1","74.2","24.7",
"1400000US06111000302","Census Tract 3.02, Ventura County, California","2171","151","1280","143","105","81","197","119","589","162","3.01","0.21","3.80","0.30","4.24","0.66","2.97","0.57","1.11","0.11","1582","139","1280","143","105","81","197","119","(X)","(X)","3.63","0.26","3.75","0.30","3.62","0.84","2.83","0.43","(X)","(X)","837","151","694","156","75","73","68","58","(X)","(X)","16.6","13.9","20.0","16.3","0.0","36.7","0.0","38.6","(X)","(X)","26.3","14.9","31.7","18.4","0.0","36.7","0.0","38.6","(X)","(X)","57.1","17.4","48.3","20.6","100.0","36.7","100.0","38.6","(X)","(X)","2171","151","1280","143","105","81","197","119","589","162","39.7","6.7","54.2","11.1","71.4","35.2","46.7","27.3","0.0","6.2","33.9","7.0","29.0","8.3","16.2","26.5","21.8","26.5","51.8","18.0","24.9","6.3","(X)","(X)","(X)","(X)","(X)","(X)","91.9","8.4","11.7","5.2","(X)","(X)","(X)","(X)","(X)","(X)","43.1","17.4","0.6","1.0","(X)","(X)","(X)","(X)","(X)","(X)","(X)","(X)","1.5","2.1","(X)","(X)","(X)","(X)","(X)","(X)","(X)","(X)","71.9","5.8","85.9","6.1","34.3","33.8","92.9","14.7","41.4","15.2","13.6","5.7","6.3","5.2","49.5","40.9","7.1","14.7","25.3","15.7","14.5","3.8","7.9","3.8","16.2","26.5","0.0","17.3","33.3","13.5","68.1","9.0","65.4","13.7","50.5","40.9","73.1","24.4","75.4","15.6","31.9","9.0","34.6","13.7","49.5","40.9","26.9","24.4","24.6","15.6",
"1400000US06111000303","Census Tract 3.03, Ventura County, California","1430","79","951","137","120","93","102","84","257","106","3.73","0.28","4.02","0.29","4.43","1.07","4.46","1.34","2.06","0.81","1173","114","951","137","120","93","102","84","(X)","(X)","3.97","0.29","3.98","0.28","3.73","1.05","4.25","1.09","(X)","(X)","690","90","580","95","60","59","50","61","(X)","(X)","8.3","8.1","9.8","9.4","0.0","41.1","0.0","45.1","(X)","(X)","25.1","10.6","29.8","13.2","0.0","41.1","0.0","45.1","(X)","(X)","66.7","12.2","60.3","14.5","100.0","41.1","100.0","45.1","(X)","(X)","1430","79","951","137","120","93","102","84","257","106","53.1","6.0","63.0","6.6","70.0","36.7","75.5","29.7","0.0","13.5","27.7","7.8","28.8","6.9","15.0","27.7","11.8","21.1","35.8","25.0","12.3","4.8","(X)","(X)","(X)","(X)","(X)","(X)","68.5","23.5","5.1","4.4","(X)","(X)","(X)","(X)","(X)","(X)","28.4","23.5","0.0","2.6","(X)","(X)","(X)","(X)","(X)","(X)","(X)","(X)","8.2","6.3","(X)","(X)","(X)","(X)","(X)","(X)","(X)","(X)","85.0","9.3","86.8","9.0","100.0","26.3","100.0","29.8","65.8","27.4","11.0","7.6","7.3","5.9","0.0","26.3","0.0","29.8","34.2","27.4","4.0","3.8","6.0","5.8","0.0","26.3","0.0","29.8","0.0","13.5","68.1","9.5","71.7","10.0","80.0","29.1","74.5","24.9","46.7","29.7","31.9","9.5","28.3","10.0","20.0","29.1","25.5","24.9","53.3","29.7",
"1400000US06111000304","Census Tract 3.04, Ventura County, California","1149","87","715","130","120","80","242","121","72","51","4.21","0.42","4.53","0.63","4.11","0.73","3.93","0.39","2.26","2.30","1077","80","715","130","120","80","242","121","(X)","(X)","4.16","0.43","4.41","0.61","3.87","0.69","3.56","0.42","(X)","(X)","730","104","407","123","86","74","237","120","(X)","(X)","16.0","9.3","14.5","12.4","20.9","32.6","16.9","20.3","(X)","(X)","24.7","11.6","28.0","16.7","10.5","21.7","24.1","23.6","(X)","(X)","59.3","11.7","57.5","17.6","68.6","40.2","59.1","23.2","(X)","(X)","1149","87","715","130","120","80","242","121","72","51","69.0","7.1","64.2","10.2","71.7","33.5","97.9","3.5","15.3","25.8","16.2","7.6","17.3","9.0","20.8","30.7","0.0","14.3","51.4","42.3","5.3","4.0","(X)","(X)","(X)","(X)","(X)","(X)","84.7","25.8","2.2","2.1","(X)","(X)","(X)","(X)","(X)","(X)","34.7","34.6","0.0","3.2","(X)","(X)","(X)","(X)","(X)","(X)","(X)","(X)","10.2","6.4","(X)","(X)","(X)","(X)","(X)","(X)","(X)","(X)","82.4","7.2","81.5","9.5","71.7","37.6","100.0","14.3","50.0","37.4","10.6","6.0","12.3","7.7","28.3","37.6","0.0","14.3","0.0","37.5","7.0","6.1","6.2","7.6","0.0","26.3","0.0","14.3","50.0","37.4","65.5","10.2","77.8","9.1","56.7","37.8","39.3","31.8","47.2","36.3","34.5","10.2","22.2","9.1","43.3","37.8","60.7","31.8","52.8","36.3",
"1400000US06111000400","Census Tract 4, Ventura County, California","1741","94","1086","140","221","136","207","82","227","81","3.71","0.21","4.18","0.29","3.64","0.68","3.94","0.85","1.30","0.32","1514","108","1086","140","221","136","207","82","(X)","(X)","3.89","0.24","4.14","0.29","3.14","0.75","3.41","0.53","(X)","(X)","778","124","565","133","117","97","96","56","(X)","(X)","21.2","11.7","12.7","8.2","66.7","40.7","15.6","20.9","(X)","(X)","33.0","12.2","34.7","12.6","23.1","35.3","35.4","42.6","(X)","(X)","45.8","12.4","52.6","13.3","10.3","19.9","49.0","40.1","(X)","(X)","1741","94","1086","140","221","136","207","82","227","81","53.5","6.7","60.1","8.5","68.8","27.4","58.5","22.3","2.6","4.7","38.1","6.9","31.7","7.6","46.6","29.6","31.4","21.2","66.5","22.5","11.3","4.2","(X)","(X)","(X)","(X)","(X)","(X)","86.3","10.7","6.7","3.3","(X)","(X)","(X)","(X)","(X)","(X)","51.1","21.9","0.2","0.3","(X)","(X)","(X)","(X)","(X)","(X)","(X)","(X)","8.6","5.8","(X)","(X)","(X)","(X)","(X)","(X)","(X)","(X)","82.0","6.0","80.2","7.1","100.0","15.6","98.1","4.8","58.6","22.4","12.5","5.2","15.7","6.5","0.0","15.6","1.9","4.8","18.9","21.8","5.5","3.1","4.1","3.0","0.0","15.6","0.0","16.5","22.5","17.7","55.5","6.8","64.7","8.7","15.8","21.7","18.4","14.4","83.7","21.8","44.5","6.8","35.3","8.7","84.2","21.7","81.6","14.4","16.3","21.8",
"1400000US06111000500","Census Tract 5, Ventura County, California","609","55","334","84","24","25","97","66","154","59","3.44","0.37","4.34","0.59","4.38","2.03","3.52","0.51","1.31","0.33","455","59","334","84","24","25","97","66","(X)","(X)","4.03","0.46","4.34","0.59","2.21","0.26","3.42","0.45","(X)","(X)","257","73","167","77","15","21","75","66","(X)","(X)","33.1","20.1","49.7","27.2","0.0","82.3","2.7","6.1","(X)","(X)","21.4","18.0","11.4","13.2","0.0","82.3","48.0","49.6","(X)","(X)","45.5","22.9","38.9","26.4","100.0","82.2","49.3","49.6","(X)","(X)","609","55","334","84","24","25","97","66","154","59","45.5","12.2","56.0","19.3","62.5","56.6","77.3","27.3","0.0","21.4","47.0","12.6","47.6","17.2","37.5","56.6","22.7","27.3","62.3","21.8","19.2","7.6","(X)","(X)","(X)","(X)","(X)","(X)","76.0","26.9","10.8","6.2","(X)","(X)","(X)","(X)","(X)","(X)","42.9","22.7","0.0","6.0","(X)","(X)","(X)","(X)","(X)","(X)","(X)","(X)","3.1","3.7","(X)","(X)","(X)","(X)","(X)","(X)","(X)","(X)","45.6","11.7","55.7","18.4","62.5","56.6","44.3","40.2","22.1","14.1","22.3","8.8","27.5","18.5","0.0","65.0","45.4","36.1","0.0","21.4","32.0","9.0","16.8","11.0","37.5","56.6","10.3","17.6","77.9","14.1","57.6","10.9","53.3","17.4","100.0","65.0","10.3","17.6","90.3","11.2","42.4","10.9","46.7","17.4","0.0","65.0","89.7","17.6","9.7","11.2",
"1400000US06111000600","Census Tract 6, Ventura County, California","1700","104","623","146","156","103","282","108","639","143","3.28","0.37","4.18","0.39","4.02","0.88","5.47","1.46","1.24","0.18","1061","127","623","146","156","103","282","108","(X)","(X)","4.09","0.36","4.18","0.39","3.48","0.81","4.23","1.04","(X)","(X)","644","110","381","97","113","81","150","72","(X)","(X)","15.1","9.9","11.8","11.0","24.8","35.0","16.0","19.1","(X)","(X)","38.4","14.8","48.6","18.6","11.5","21.3","32.7","26.6","(X)","(X)","46.6","12.4","39.6","14.7","63.7","36.6","51.3","28.0","(X)","(X)","1700","104","623","146","156","103","282","108","639","143","45.9","5.4","66.3","10.0","84.0","26.2","75.9","18.5","3.6","5.5","41.1","5.9","29.1","9.2","11.5","17.1","28.4","19.6","65.7","12.1","31.2","7.0","(X)","(X)","(X)","(X)","(X)","(X)","82.9","12.0","14.7","5.0","(X)","(X)","(X)","(X)","(X)","(X)","39.1","13.1","0.0","2.2","(X)","(X)","(X)","(X)","(X)","(X)","(X)","(X)","9.0","6.1","(X)","(X)","(X)","(X)","(X)","(X)","(X)","(X)","47.1","6.8","63.9","12.0","66.0","32.8","28.0","17.5","34.6","13.2","46.4","7.7","30.0","12.5","34.0","32.8","54.3","19.8","61.8","13.3","6.5","4.4","6.1","7.3","0.0","21.2","17.7","18.9","3.6","4.0","21.9","5.6","35.0","12.2","11.5","17.1","14.2","14.8","15.2","10.0","78.1","5.6","65.0","12.2","88.5","17.1","85.8","14.8","84.8","10.0",
"1400000US06111000701","Census Tract 7.01, Ventura County, California","1726","100","876","157","57","50","345","133","448","126","3.23","0.34","3.89","0.53","3.56","0.85","3.86","0.69","1.41","0.52","1278","129","876","157","57","50","345","133","(X)","(X)","3.71","0.36","3.81","0.49","3.25","1.07","3.53","0.54","(X)","(X)","603","154","456","148","15","24","132","96","(X)","(X)","12.8","13.7","3.3","5.8","100.0","82.2","35.6","46.2","(X)","(X)","25.9","16.0","31.6","18.2","0.0","82.3","9.1","19.3","(X)","(X)","61.4","18.9","65.1","18.0","0.0","82.3","55.3","49.8","(X)","(X)","1726","100","876","157","57","50","345","133","448","126","45.4","9.4","55.6","14.8","77.2","38.2","63.2","22.9","7.8","11.6","23.6","5.8","15.1","7.6","0.0","42.2","31.6","21.8","37.1","16.7","22.1","7.1","(X)","(X)","(X)","(X)","(X)","(X)","85.3","13.7","8.1","4.4","(X)","(X)","(X)","(X)","(X)","(X)","31.3","15.6","0.0","2.1","(X)","(X)","(X)","(X)","(X)","(X)","(X)","(X)","7.1","6.1","(X)","(X)","(X)","(X)","(X)","(X)","(X)","(X)","61.6","9.5","68.5","12.2","73.7","41.5","25.8","19.6","74.1","17.9","30.6","9.2","20.5","10.5","26.3","41.5","70.7","20.7","19.9","16.6","7.8","4.4","11.0","7.7","0.0","42.2","3.5","6.4","6.0","7.2","54.8","10.5","65.2","12.5","73.7","41.5","29.9","20.2","51.1","17.2","45.2","10.5","34.8","12.5","26.3","41.5","70.1","20.2","48.9","17.2",
"1400000US06111000702","Census Tract 7.02, Ventura County, California","839","84","454","121","108","94","162","85","115","65","4.10","0.39","3.87","0.46","5.18","1.12","5.34","1.09","2.25","1.05","724","104","454","121","108","94","162","85","(X)","(X)","4.23","0.37","3.83","0.44","5.18","1.12","4.72","0.97","(X)","(X)","276","98","209","96","0","95","67","48","(X)","(X)","18.5","16.9","20.1","21.5","-","**","13.4","24.5","(X)","(X)","21.7","17.5","9.6","14.8","-","**","59.7","39.0","(X)","(X)","59.8","21.3","70.3","24.9","-","**","26.9","33.9","(X)","(X)","839","84","454","121","108","94","162","85","115","65","58.3","10.7","54.6","16.0","88.0","21.5","82.1","22.9","11.3","18.6","30.9","11.3","24.9","13.3","41.7","58.0","27.2","25.4","49.6","31.5","8.6","5.8","(X)","(X)","(X)","(X)","(X)","(X)","62.6","32.5","6.8","5.4","(X)","(X)","(X)","(X)","(X)","(X)","49.6","31.5","6.4","5.8","(X)","(X)","(X)","(X)","(X)","(X)","(X)","(X)","2.4","2.6","(X)","(X)","(X)","(X)","(X)","(X)","(X)","(X)","90.7","7.2","87.2","12.8","100.0","28.6","87.7","12.1","100.0","27.2","8.1","7.0","10.6","12.0","0.0","28.6","12.3","12.1","0.0","27.2","1.2","2.1","2.2","3.9","0.0","28.6","0.0","20.5","0.0","27.2","85.2","10.5","82.4","17.6","100.0","28.6","80.9","22.1","88.7","18.6","14.8","10.5","17.6","17.6","0.0","28.6","19.1","22.1","11.3","18.6",
"1400000US06111000800","Census Tract 8, Ventura County, California","2371","191","1384","176","213","96","288","117","486","137","3.40","0.25","3.79","0.40","4.43","0.89","3.99","0.85","1.50","0.37","1885","168","1384","176","213","96","288","117","(X)","(X)","3.76","0.31","3.75","0.39","3.67","0.61","3.88","0.83","(X)","(X)","778","127","516","126","130","81","132","97","(X)","(X)","17.2","10.4","16.1","13.2","30.0","38.2","9.1","16.6","(X)","(X)","26.7","10.6","35.3","12.4","14.6","18.0","5.3","7.4","(X)","(X)","56.0","13.2","48.6","15.4","55.4","38.2","85.6","19.8","(X)","(X)","2371","191","1384","176","213","96","288","117","486","137","41.5","4.8","46.3","7.6","67.1","21.4","57.3","20.0","7.4","10.8","44.5","4.8","40.2","7.6","25.4","19.9","30.2","17.8","73.5","13.3","15.5","3.9","(X)","(X)","(X)","(X)","(X)","(X)","75.7","13.9","9.9","3.1","(X)","(X)","(X)","(X)","(X)","(X)","48.1","12.4","0.2","0.3","(X)","(X)","(X)","(X)","(X)","(X)","(X)","(X)","8.0","4.1","(X)","(X)","(X)","(X)","(X)","(X)","(X)","(X)","81.3","4.7","85.0","5.7","76.1","17.6","66.3","20.7","81.7","8.9","8.1","3.8","6.8","4.5","7.0","11.0","23.6","20.7","2.9","4.6","10.7","2.8","8.2","4.2","16.9","14.4","10.1","8.3","15.4","7.4","69.2","5.6","69.3","8.4","54.5","23.9","54.2","19.7","84.2","10.6","30.8","5.6","30.7","8.4","45.5","23.9","45.8","19.7","15.8","10.6",
"1400000US06111000901","Census Tract 9.01, Ventura County, California","996","103","571","114","92","61","85","55","248","80","2.68","0.24","2.72","0.27","4.82","1.56","4.51","1.55","1.17","0.11","748","96","571","114","92","61","85","55","(X)","(X)","3.10","0.31","2.65","0.26","4.82","1.56","4.28","1.40","(X)","(X)","219","46","96","58","69","54","54","44","(X)","(X)","26.0","25.2","5.2","11.5","75.4","36.7","0.0","43.3","(X)","(X)","7.3","12.9","0.0","31.2","0.0","38.3","29.6","40.1","(X)","(X)","66.7","22.8","94.8","11.5","24.6","36.7","70.4","40.1","(X)","(X)","996","103","571","114","92","61","85","55","248","80","22.8","5.1","16.8","9.0","75.0","28.6","72.9","27.4","0.0","14.0","63.3","7.9","65.1","9.2","81.5","26.0","17.6","22.0","67.7","16.5","20.9","6.5","(X)","(X)","(X)","(X)","(X)","(X)","83.9","10.7","13.9","5.1","(X)","(X)","(X)","(X)","(X)","(X)","55.6","14.6","0.7","1.1","(X)","(X)","(X)","(X)","(X)","(X)","(X)","(X)","4.3","3.0","(X)","(X)","(X)","(X)","(X)","(X)","(X)","(X)","84.7","4.3","94.7","4.1","87.0","21.7","100.0","33.9","55.6","16.0","15.3","4.3","5.3","4.1","13.0","21.7","0.0","33.9","44.4","16.0","0.0","3.7","0.0","6.4","0.0","32.2","0.0","33.9","0.0","14.0","68.5","8.0","81.3","8.4","26.1","31.9","81.2","26.3","50.4","16.9","31.5","8.0","18.7","8.4","73.9","31.9","18.8","26.3","49.6","16.9",
"1400000US06111000902","Census Tract 9.02, Ventura County, California","782","82","450","81","31","27","46","64","255","81","2.51","0.35","3.27","0.42","2.74","0.81","2.00","0.13","1.23","0.25","527","77","450","81","31","27","46","64","(X)","(X)","3.00","0.33","3.17","0.32","2.03","0.24","2.00","0.13","(X)","(X)","274","70","207","79","21","22","46","64","(X)","(X)","12.8","16.8","16.9","22.0","0.0","69.5","0.0","47.0","(X)","(X)","14.6","17.3","19.3","21.5","0.0","69.5","0.0","47.0","(X)","(X)","72.6","20.5","63.8","24.9","100.0","69.5","100.0","47.0","(X)","(X)","782","82","450","81","31","27","46","64","255","81","37.1","8.7","49.6","12.3","67.7","43.7","100.0","47.0","0.0","13.6","33.6","8.5","33.6","11.8","32.3","43.7","0.0","47.0","40.0","17.2","28.0","8.9","(X)","(X)","(X)","(X)","(X)","(X)","85.9","14.6","9.3","4.7","(X)","(X)","(X)","(X)","(X)","(X)","28.6","14.5","0.0","4.7","(X)","(X)","(X)","(X)","(X)","(X)","(X)","(X)","6.0","5.4","(X)","(X)","(X)","(X)","(X)","(X)","(X)","(X)","81.7","7.2","90.9","7.9","100.0","57.2","89.1","30.8","62.0","17.6","15.0","6.1","4.4","3.9","0.0","57.2","0.0","47.0","38.0","17.6","3.3","3.6","4.7","6.8","0.0","57.2","10.9","30.8","0.0","13.6","60.0","10.3","81.3","11.7","67.7","40.4","0.0","47.0","32.2","15.6","40.0","10.3","18.7","11.7","32.3","40.4","100.0","47.0","67.8","15.6",
"1400000US06111000903","Census Tract 9.03, Ventura County, California","2117","158","1040","124","85","81","262","107","730","157","2.37","0.15","3.16","0.24","2.18","0.25","2.89","0.46","1.08","0.07","1387","142","1040","124","85","81","262","107","(X)","(X)","3.00","0.21","3.14","0.24","2.18","0.25","2.70","0.46","(X)","(X)","576","113","359","81","72","79","145","80","(X)","(X)","13.4","10.1","15.3","12.4","0.0","37.5","15.2","25.8","(X)","(X)","29.3","15.0","38.7","19.9","0.0","37.5","20.7","26.9","(X)","(X)","57.3","15.4","46.0","18.2","100.0","37.5","64.1","28.1","(X)","(X)","2117","158","1040","124","85","81","262","107","730","157","29.9","5.6","39.3","8.0","84.7","31.3","58.0","18.0","0.0","5.0","41.1","7.2","46.7","10.3","0.0","33.9","16.0","15.1","46.8","15.1","32.0","6.0","(X)","(X)","(X)","(X)","(X)","(X)","92.9","5.9","12.9","5.3","(X)","(X)","(X)","(X)","(X)","(X)","37.4","14.4","0.0","1.8","(X)","(X)","(X)","(X)","(X)","(X)","(X)","(X)","1.5","1.7","(X)","(X)","(X)","(X)","(X)","(X)","(X)","(X)","84.8","6.1","97.2","3.6","47.1","52.4","81.7","18.1","72.6","14.9","15.2","6.1","2.8","3.6","52.9","52.4","18.3","18.1","27.4","14.9","0.0","1.8","0.0","3.5","0.0","33.9","0.0","13.3","0.0","5.0","59.0","6.6","86.3","6.5","15.3","26.9","28.2","17.9","36.2","13.0","41.0","6.6","13.7","6.5","84.7","26.9","71.8","17.9","63.8","13.0",
"1400000US06111001001","Census Tract 10.01, Ventura County, California","945","91","371","94","174","91","38","40","362","97","2.46","0.30","3.19","0.39","2.89","0.94","2.97","1.16","1.45","0.33","583","106","371","94","174","91","38","40","(X)","(X)","3.04","0.43","3.19","0.39","2.89","0.94","2.29","0.59","(X)","(X)","128","76","55","40","61","62","12","20","(X)","(X)","18.8","21.3","0.0","43.0","19.7","38.3","100.0","92.0","(X)","(X)","19.5","25.5","45.5","45.3","0.0","40.8","0.0","92.0","(X)","(X)","61.7","31.2","54.5","45.3","80.3","38.3","0.0","92.0","(X)","(X)","945","91","371","94","174","91","38","40","362","97","22.0","11.1","18.6","10.3","69.0","39.9","31.6","48.0","1.9","3.3","43.2","11.0","34.2","16.4","14.9","17.7","18.4","36.1","68.5","15.7","28.8","10.2","(X)","(X)","(X)","(X)","(X)","(X)","75.1","16.7","18.4","9.1","(X)","(X)","(X)","(X)","(X)","(X)","48.1","19.4","0.0","3.9","(X)","(X)","(X)","(X)","(X)","(X)","(X)","(X)","6.5","5.7","(X)","(X)","(X)","(X)","(X)","(X)","(X)","(X)","72.2","13.6","93.3","7.3","59.2","41.3","100.0","51.7","53.9","19.0","2.2","2.7","0.0","9.6","6.9","12.4","0.0","51.7","2.5","4.4","25.6","13.7","6.7","7.3","33.9","40.9","0.0","51.7","43.6","19.1","71.3","9.9","80.1","13.3","56.9","29.3","68.4","48.0","69.6","19.5","28.7","9.9","19.9","13.3","43.1","29.3","31.6","48.0","30.4","19.5",
"1400000US06111001002","Census Tract 10.02, Ventura County, California","2721","116","1446","169","190","118","164","73","921","179","2.56","0.16","3.42","0.22","2.56","0.43","2.65","0.43","1.20","0.13","1800","157","1446","169","190","118","164","73","(X)","(X)","3.23","0.19","3.42","0.22","2.36","0.43","2.56","0.34","(X)","(X)","860","149","674","128","135","110","51","45","(X)","(X)","18.5","11.1","15.1","11.3","31.1","41.8","29.4","46.6","(X)","(X)","14.5","7.8","18.5","9.4","0.0","23.9","0.0","44.6","(X)","(X)","67.0","12.4","66.3","13.3","68.9","41.8","70.6","46.6","(X)","(X)","2721","116","1446","169","190","118","164","73","921","179","35.3","5.5","52.4","6.9","71.1","26.4","41.5","26.6","0.0","4.0","48.2","6.1","32.9","9.0","53.2","32.2","58.5","26.6","69.4","12.0","28.9","5.8","(X)","(X)","(X)","(X)","(X)","(X)","85.5","8.8","18.5","4.3","(X)","(X)","(X)","(X)","(X)","(X)","54.7","12.7","0.2","0.4","(X)","(X)","(X)","(X)","(X)","(X)","(X)","(X)","4.7","3.2","(X)","(X)","(X)","(X)","(X)","(X)","(X)","(X)","79.9","5.0","86.4","5.6","100.0","17.8","79.3","15.5","65.7","12.7","4.7","2.6","3.6","3.3","0.0","17.8","12.2","17.9","6.2","4.2","15.3","3.7","10.0","4.8","0.0","17.8","8.5","14.0","28.1","11.5","72.1","7.0","76.0","8.2","53.7","36.4","70.1","21.7","70.2","10.3","27.9","7.0","24.0","8.2","46.3","36.4","29.9","21.7","29.8","10.3",
"1400000US06111001101","Census Tract 11.01, Ventura County, California","1760","98","810","129","145","79","186","92","619","117","2.77","0.14","3.38","0.27","3.37","0.47","3.74","0.68","1.55","0.24","1141","98","810","129","145","79","186","92","(X)","(X)","3.32","0.21","3.34","0.27","2.87","0.52","3.58","0.66","(X)","(X)","470","82","347","88","27","29","96","71","(X)","(X)","5.5","6.5","6.3","7.2","14.8","45.8","0.0","31.2","(X)","(X)","31.5","10.8","29.4","13.4","59.3","58.0","31.3","36.2","(X)","(X)","63.0","12.8","64.3","15.1","25.9","51.3","68.8","36.2","(X)","(X)","1760","98","810","129","145","79","186","92","619","117","30.4","4.8","47.4","8.0","18.6","22.5","51.6","28.6","4.5","7.2","37.8","4.7","38.1","7.5","20.0","20.1","8.6","10.3","50.4","11.9","20.7","6.0","(X)","(X)","(X)","(X)","(X)","(X)","59.0","15.6","11.8","3.8","(X)","(X)","(X)","(X)","(X)","(X)","33.6","10.9","0.0","2.1","(X)","(X)","(X)","(X)","(X)","(X)","(X)","(X)","11.1","6.6","(X)","(X)","(X)","(X)","(X)","(X)","(X)","(X)","82.2","4.6","87.0","5.9","93.8","10.5","90.9","10.5","70.4","11.5","4.7","3.7","0.7","1.4","6.2","10.5","0.0","18.2","10.8","10.3","13.2","3.3","12.2","5.6","0.0","22.5","9.1","10.5","18.7","7.7","70.6","6.9","82.7","6.7","73.8","29.0","51.1","27.8","59.9","13.3","29.4","6.9","17.3","6.7","26.2","29.0","48.9","27.8","40.1","13.3",
"1400000US06111001102","Census Tract 11.02, Ventura County, California","1326","75","719","93","68","43","218","84","321","88","2.70","0.22","3.00","0.23","2.53","0.45","3.54","0.58","1.49","0.37","1005","88","719","93","68","43","218","84","(X)","(X)","3.00","0.23","2.98","0.23","2.53","0.45","3.20","0.45","(X)","(X)","354","94","218","68","30","28","106","61","(X)","(X)","5.6","8.8","9.2","14.7","0.0","58.2","0.0","29.0","(X)","(X)","34.5","15.0","42.7","20.9","46.7","53.3","14.2","22.9","(X)","(X)","59.9","14.4","48.2","18.8","53.3","53.3","85.8","22.9","(X)","(X)","1326","75","719","93","68","43","218","84","321","88","28.4","7.0","32.1","8.8","44.1","35.4","52.8","22.1","0.0","11.0","31.4","5.4","39.4","7.4","8.8","14.0","8.3","9.1","34.0","15.2","17.2","5.4","(X)","(X)","(X)","(X)","(X)","(X)","71.0","20.8","5.5","2.9","(X)","(X)","(X)","(X)","(X)","(X)","22.7","11.6","0.0","2.8","(X)","(X)","(X)","(X)","(X)","(X)","(X)","(X)","6.1","5.7","(X)","(X)","(X)","(X)","(X)","(X)","(X)","(X)","88.9","3.6","94.9","4.8","91.2","14.0","72.0","21.4","86.6","10.1","7.6","3.3","5.1","4.8","8.8","14.0","16.1","19.0","7.2","10.6","3.5","2.5","0.0","5.1","0.0","38.6","11.9","14.7","6.2","7.7","71.8","6.4","87.9","8.4","54.4","36.6","33.5","19.0","65.4","16.5","28.2","6.4","12.1","8.4","45.6","36.6","66.5","19.0","34.6","16.5",
"1400000US06111001201","Census Tract 12.01, Ventura County, California","1665","86","803","116","23","23","296","102","543","116","2.43","0.12","3.18","0.19","2.61","0.54","2.49","0.29","1.29","0.21","1122","121","803","116","23","23","296","102","(X)","(X)","2.98","0.14","3.18","0.19","2.26","0.40","2.49","0.29","(X)","(X)","521","107","368","88","17","20","136","69","(X)","(X)","29.2","15.0","36.7","19.2","100.0","77.3","0.0","23.8","(X)","(X)","15.2","11.9","20.4","17.0","0.0","77.3","2.9","6.1","(X)","(X)","55.7","16.8","42.9","22.0","0.0","77.3","97.1","6.1","(X)","(X)","1665","86","803","116","23","23","296","102","543","116","33.3","6.6","47.2","9.3","73.9","47.2","51.0","21.9","1.5","2.4","43.3","5.3","33.1","7.3","0.0","66.4","25.7","15.5","69.8","10.2","27.1","6.6","(X)","(X)","(X)","(X)","(X)","(X)","83.1","9.9","15.1","4.3","(X)","(X)","(X)","(X)","(X)","(X)","46.4","9.7","0.0","2.2","(X)","(X)","(X)","(X)","(X)","(X)","(X)","(X)","4.1","2.5","(X)","(X)","(X)","(X)","(X)","(X)","(X)","(X)","50.6","6.3","68.1","10.5","0.0","66.4","42.6","18.7","31.3","11.7","33.2","5.7","23.9","9.9","100.0","66.4","35.5","18.9","42.7","10.8","16.2","4.5","8.0","5.3","0.0","66.4","22.0","16.4","26.0","8.6","57.8","6.1","66.3","10.0","0.0","66.4","60.1","21.6","46.4","10.1","42.2","6.1","33.7","10.0","100.0","66.4","39.9","21.6","53.6","10.1",
"1400000US06111001202","Census Tract 12.02, Ventura County, California","2392","98","1391","156","89","93","267","115","645","131","2.79","0.14","3.14","0.17","1.94","0.12","3.85","0.48","1.73","0.34","1747","153","1391","156","89","93","267","115","(X)","(X)","3.16","0.17","3.14","0.17","1.94","0.12","3.71","0.47","(X)","(X)","807","122","577","112","89","93","141","92","(X)","(X)","11.3","7.3","13.3","9.4","0.0","32.9","9.9","16.1","(X)","(X)","15.7","7.9","22.0","10.8","0.0","32.9","0.0","23.1","(X)","(X)","73.0","10.6","64.6","13.8","100.0","32.9","90.1","16.1","(X)","(X)","2392","98","1391","156","89","93","267","115","645","131","36.8","4.9","45.9","6.9","100.0","32.9","57.3","23.9","0.0","5.6","40.2","5.0","30.3","6.6","0.0","32.9","57.7","20.8","59.7","15.7","16.4","5.0","(X)","(X)","(X)","(X)","(X)","(X)","60.8","15.8","7.6","4.1","(X)","(X)","(X)","(X)","(X)","(X)","28.2","14.6","0.0","1.6","(X)","(X)","(X)","(X)","(X)","(X)","(X)","(X)","5.8","3.1","(X)","(X)","(X)","(X)","(X)","(X)","(X)","(X)","97.0","1.5","98.8","1.9","100.0","32.9","92.1","8.9","94.6","4.5","3.0","1.5","1.2","1.9","0.0","32.9","7.9","8.9","5.4","4.5","0.0","1.6","0.0","2.7","0.0","32.9","0.0","13.1","0.0","5.6","88.0","4.9","91.9","5.3","100.0","32.9","80.1","14.4","81.2","13.4","12.0","4.9","8.1","5.3","0.0","32.9","19.9","14.4","18.8","13.4",
"1400000US06111001204","Census Tract 12.04, Ventura County, California","778","75","418","102","29","27","124","60","207","86","3.09","0.33","3.68","0.42","2.07","0.32","3.83","1.03","1.58","0.64","571","93","418","102","29","27","124","60","(X)","(X)","3.58","0.33","3.61","0.41","2.07","0.32","3.80","1.04","(X)","(X)","239","87","168","78","12","18","59","57","(X)","(X)","12.6","12.5","17.9","16.4","0.0","92.0","0.0","41.5","(X)","(X)","26.8","23.4","38.1","29.1","0.0","92.0","0.0","41.5","(X)","(X)","60.7","23.0","44.0","24.5","100.0","92.0","100.0","41.5","(X)","(X)","778","75","418","102","29","27","124","60","207","86","35.0","10.4","47.6","14.1","41.4","48.6","49.2","30.8","0.0","16.5","32.5","10.3","36.6","14.4","58.6","48.6","16.9","16.2","30.0","23.4","20.1","9.5","(X)","(X)","(X)","(X)","(X)","(X)","75.4","18.2","1.3","2.0","(X)","(X)","(X)","(X)","(X)","(X)","4.8","8.1","0.5","1.0","(X)","(X)","(X)","(X)","(X)","(X)","(X)","(X)","2.3","2.3","(X)","(X)","(X)","(X)","(X)","(X)","(X)","(X)","67.7","9.0","81.1","8.5","72.4","42.2","38.7","25.4","57.5","23.7","3.0","2.7","3.6","4.2","27.6","42.2","0.0","25.6","0.0","16.5","29.3","8.7","15.3","7.4","0.0","59.2","61.3","25.4","42.5","23.7","73.4","10.9","83.7","14.2","72.4","42.2","67.7","28.0","56.0","25.2","26.6","10.9","16.3","14.2","27.6","42.2","32.3","28.0","44.0","25.2",
"1400000US06111001206","Census Tract 12.06, Ventura County, California","361","54","206","52","15","19","3","7","137","62","2.24","0.25","2.74","0.30","2.20","0.28","2.33","0.97","1.50","0.33","224","51","206","52","15","19","3","7","(X)","(X)","2.70","0.27","2.74","0.30","2.20","0.28","2.33","0.97","(X)","(X)","71","30","71","30","0","95","0","95","(X)","(X)","43.7","31.3","43.7","31.3","-","**","-","**","(X)","(X)","0.0","37.8","0.0","37.8","-","**","-","**","(X)","(X)","56.3","31.3","56.3","31.3","-","**","-","**","(X)","(X)","361","54","206","52","15","19","3","7","137","62","19.7","7.8","34.5","12.3","0.0","82.3","0.0","100.0","0.0","23.6","44.0","11.1","42.2","17.7","0.0","82.3","100.0","100.0","50.4","24.7","24.9","14.6","(X)","(X)","(X)","(X)","(X)","(X)","65.7","22.8","15.2","11.7","(X)","(X)","(X)","(X)","(X)","(X)","40.1","25.2","0.0","9.9","(X)","(X)","(X)","(X)","(X)","(X)","(X)","(X)","6.4","6.4","(X)","(X)","(X)","(X)","(X)","(X)","(X)","(X)","88.6","8.1","89.3","11.8","100.0","82.2","100.0","100.0","86.1","14.4","8.3","8.2","9.2","11.8","0.0","82.3","0.0","100.0","8.0","11.8","3.0","3.4","1.5","2.9","0.0","82.3","0.0","100.0","5.8","7.9","81.4","13.5","77.2","19.7","100.0","82.2","100.0","100.0","85.4","14.1","18.6","13.5","22.8","19.7","0.0","82.3","0.0","100.0","14.6","14.1",
"1400000US06111001301","Census Tract 13.01, Ventura County, California","2636","105","1476","175","200","105","300","140","660","133","3.05","0.22","3.69","0.30","3.84","0.43","3.36","0.72","1.23","0.14","1976","137","1476","175","200","105","300","140","(X)","(X)","3.58","0.28","3.69","0.30","3.30","0.55","3.23","0.70","(X)","(X)","1087","170","827","175","97","77","163","101","(X)","(X)","20.1","9.6","22.7","11.8","30.9","43.3","0.0","20.4","(X)","(X)","22.7","10.4","27.9","12.3","16.5","31.3","0.0","20.4","(X)","(X)","57.2","12.7","49.3","14.0","52.6","46.5","100.0","20.4","(X)","(X)","2636","105","1476","175","200","105","300","140","660","133","44.2","6.6","58.4","8.4","58.0","26.9","62.3","25.7","0.0","5.5","22.3","5.0","18.6","6.8","9.5","17.3","12.7","11.3","38.9","12.3","20.2","4.5","(X)","(X)","(X)","(X)","(X)","(X)","80.8","11.2","7.3","3.0","(X)","(X)","(X)","(X)","(X)","(X)","29.2","11.0","2.8","2.1","(X)","(X)","(X)","(X)","(X)","(X)","(X)","(X)","5.9","3.5","(X)","(X)","(X)","(X)","(X)","(X)","(X)","(X)","74.9","6.0","86.0","5.1","67.5","29.5","80.3","21.6","50.0","12.9","24.4","5.9","12.7","5.2","32.5","29.5","19.7","21.6","50.0","12.9","0.7","1.2","1.3","2.1","0.0","17.0","0.0","11.7","0.0","5.5","58.8","5.9","72.8","8.8","32.5","27.4","42.3","21.4","43.2","12.1","41.2","5.9","27.2","8.8","67.5","27.4","57.7","21.4","56.8","12.1",
"1400000US06111001302","Census Tract 13.02, Ventura County, California","654","90","284","74","47","60","113","58","210","62","2.36","0.29","3.08","0.70","2.68","0.79","2.75","0.44","1.10","0.10","444","90","284","74","47","60","113","58","(X)","(X)","2.91","0.44","3.05","0.68","2.68","0.79","2.66","0.41","(X)","(X)","122","55","53","33","0","95","69","48","(X)","(X)","0.0","26.0","0.0","43.8","-","**","0.0","38.3","(X)","(X)","30.3","23.0","58.5","38.5","-","**","8.7","15.9","(X)","(X)","69.7","23.0","41.5","38.5","-","**","91.3","15.9","(X)","(X)","654","90","284","74","47","60","113","58","210","62","23.1","8.5","28.9","16.9","0.0","46.5","61.1","24.5","0.0","16.3","69.3","8.9","60.2","13.1","83.0","38.0","38.9","24.5","94.8","5.9","29.2","8.4","(X)","(X)","(X)","(X)","(X)","(X)","91.0","8.9","23.7","7.5","(X)","(X)","(X)","(X)","(X)","(X)","73.8","12.2","0.5","0.7","(X)","(X)","(X)","(X)","(X)","(X)","(X)","(X)","1.4","2.1","(X)","(X)","(X)","(X)","(X)","(X)","(X)","(X)","44.3","9.3","62.0","12.9","23.4","51.5","54.0","31.5","20.0","12.7","11.2","4.8","2.5","3.8","0.0","46.5","12.4","20.0","24.8","9.9","44.5","9.0","35.6","13.0","76.6","51.5","33.6","22.8","55.2","14.4","73.9","9.6","86.6","11.1","23.4","51.5","60.2","26.3","75.2","9.9","26.1","9.6","13.4","11.1","76.6","51.5","39.8","26.3","24.8","9.9",
"1400000US06111001401","Census Tract 14.01, Ventura County, California","1311","71","736","114","54","55","192","78","329","88","2.94","0.28","3.47","0.30","5.87","1.93","2.95","0.58","1.25","0.21","982","98","736","114","54","55","192","78","(X)","(X)","3.39","0.29","3.42","0.29","4.96","1.94","2.82","0.59","(X)","(X)","425","82","311","67","54","55","60","43","(X)","(X)","17.9","9.3","18.6","11.2","0.0","43.3","30.0","34.6","(X)","(X)","20.0","12.2","14.1","11.1","63.0","51.5","11.7","27.2","(X)","(X)","62.1","12.9","67.2","15.1","37.0","51.5","58.3","41.0","(X)","(X)","1311","71","736","114","54","55","192","78","329","88","34.6","6.0","46.1","10.0","100.0","43.3","31.3","21.9","0.0","10.8","40.5","6.5","32.1","9.6","0.0","43.3","41.1","22.7","65.7","15.4","21.4","6.5","(X)","(X)","(X)","(X)","(X)","(X)","85.4","10.6","14.3","5.2","(X)","(X)","(X)","(X)","(X)","(X)","57.1","15.1","0.0","2.8","(X)","(X)","(X)","(X)","(X)","(X)","(X)","(X)","4.7","4.4","(X)","(X)","(X)","(X)","(X)","(X)","(X)","(X)","92.2","3.6","100.0","5.0","81.5","36.3","85.4","17.4","80.5","9.8","7.8","3.6","0.0","5.0","18.5","36.3","14.6","17.4","19.5","9.8","0.0","2.8","0.0","5.0","0.0","43.3","0.0","17.7","0.0","10.8","71.2","8.4","84.0","10.3","18.5","35.8","51.6","25.6","62.6","15.4","28.8","8.4","16.0","10.3","81.5","35.8","48.4","25.6","37.4","15.4",
"1400000US06111001402","Census Tract 14.02, Ventura County, California","2182","54","1117","163","149","85","300","122","616","130","2.68","0.14","3.14","0.19","5.15","2.15","2.68","0.32","1.24","0.13","1566","130","1117","163","149","85","300","122","(X)","(X)","3.19","0.22","3.13","0.18","4.93","2.21","2.56","0.28","(X)","(X)","691","75","518","131","68","68","105","69","(X)","(X)","14.6","7.4","15.6","10.1","0.0","38.6","19.0","27.8","(X)","(X)","12.4","9.9","3.5","5.3","100.0","38.6","0.0","29.2","(X)","(X)","72.9","11.2","80.9","11.2","0.0","38.6","81.0","27.8","(X)","(X)","2182","54","1117","163","149","85","300","122","616","130","32.1","3.7","47.2","8.8","45.6","38.5","35.0","21.0","0.0","5.9","27.4","4.7","33.0","8.7","16.8","24.9","19.0","16.3","23.7","13.6","22.4","5.6","(X)","(X)","(X)","(X)","(X)","(X)","79.2","10.9","5.0","3.8","(X)","(X)","(X)","(X)","(X)","(X)","17.7","12.7","0.0","1.7","(X)","(X)","(X)","(X)","(X)","(X)","(X)","(X)","6.2","3.4","(X)","(X)","(X)","(X)","(X)","(X)","(X)","(X)","72.8","5.8","90.1","6.8","92.6","13.3","62.3","23.1","41.7","11.2","27.2","5.8","9.9","6.8","7.4","13.3","37.7","23.1","58.3","11.2","0.0","1.7","0.0","3.3","0.0","22.0","0.0","11.7","0.0","5.9","62.5","5.9","84.0","7.5","9.4","11.9","57.7","24.9","38.6","11.4","37.5","5.9","16.0","7.5","90.6","11.9","42.3","24.9","61.4","11.4",
"1400000US06111001502","Census Tract 15.02, Ventura County, California","3460","142","1278","178","205","120","343","128","1634","193","2.36","0.15","3.42","0.39","3.72","0.64","2.68","0.28","1.31","0.13","1826","200","1278","178","205","120","343","128","(X)","(X)","3.23","0.26","3.40","0.39","3.27","0.74","2.59","0.24","(X)","(X)","868","190","499","143","111","97","258","123","(X)","(X)","32.5","8.8","33.5","13.1","52.3","39.2","22.1","20.8","(X)","(X)","22.0","10.3","26.7","14.9","0.0","28.0","22.5","20.1","(X)","(X)","45.5","11.3","39.9","14.6","47.7","39.2","55.4","23.8","(X)","(X)","3460","142","1278","178","205","120","343","128","1634","193","27.5","5.2","42.3","10.0","68.8","21.1","75.2","19.5","0.6","0.9","26.8","4.4","28.2","7.3","27.8","22.4","3.5","6.5","30.5","7.4","36.0","5.9","(X)","(X)","(X)","(X)","(X)","(X)","76.3","9.5","12.1","3.4","(X)","(X)","(X)","(X)","(X)","(X)","25.6","6.9","1.1","1.0","(X)","(X)","(X)","(X)","(X)","(X)","(X)","(X)","4.5","2.3","(X)","(X)","(X)","(X)","(X)","(X)","(X)","(X)","39.0","4.7","51.3","9.0","36.1","28.1","35.6","21.3","30.5","7.7","45.1","4.5","26.1","8.1","38.0","23.9","64.4","21.3","56.7","8.3","15.9","3.9","22.5","8.6","25.9","21.9","0.0","10.3","12.8","5.2","47.1","5.8","66.9","9.9","63.4","28.2","15.7","13.7","36.1","8.0","52.9","5.8","33.1","9.9","36.6","28.2","84.3","13.7","63.9","8.0",
"1400000US06111001503","Census Tract 15.03, Ventura County, California","1848","89","670","116","195","91","241","99","742","120","2.45","0.19","3.44","0.31","2.66","0.32","2.88","0.37","1.36","0.26","1106","126","670","116","195","91","241","99","(X)","(X)","3.17","0.24","3.44","0.31","2.64","0.32","2.88","0.37","(X)","(X)","596","124","352","83","110","78","134","77","(X)","(X)","30.4","14.5","30.4","14.6","0.0","28.2","55.2","35.4","(X)","(X)","24.2","13.1","40.9","18.2","0.0","28.2","0.0","24.1","(X)","(X)","45.5","15.5","28.7","16.6","100.0","28.2","44.8","35.4","(X)","(X)","1848","89","670","116","195","91","241","99","742","120","36.0","5.5","58.1","8.2","63.1","26.0","63.9","17.4","0.0","4.9","34.8","5.3","30.1","8.0","17.9","17.2","33.2","18.2","43.9","10.3","30.6","6.8","(X)","(X)","(X)","(X)","(X)","(X)","76.3","11.7","15.2","4.3","(X)","(X)","(X)","(X)","(X)","(X)","37.7","9.6","0.0","2.0","(X)","(X)","(X)","(X)","(X)","(X)","(X)","(X)","6.1","4.0","(X)","(X)","(X)","(X)","(X)","(X)","(X)","(X)","36.6","6.6","51.5","13.7","17.9","17.2","25.7","17.4","31.5","11.6","52.1","7.2","36.3","13.8","82.1","17.2","61.0","18.7","55.5","12.3","11.4","2.8","12.2","5.8","0.0","17.4","13.3","11.2","12.9","6.1","40.4","6.5","54.6","13.0","13.8","12.7","35.7","16.9","36.0","11.3","59.6","6.5","45.4","13.0","86.2","12.7","64.3","16.9","64.0","11.3",
"1400000US06111001506","Census Tract 15.06, Ventura County, California","1702","81","968","128","96","63","260","101","378","99","2.88","0.18","3.11","0.19","5.44","3.19","3.45","0.53","1.26","0.20","1324","98","968","128","96","63","260","101","(X)","(X)","3.27","0.22","3.09","0.18","5.05","3.56","3.27","0.55","(X)","(X)","585","97","438","96","53","61","94","70","(X)","(X)","26.5","11.8","28.1","15.0","0.0","43.8","34.0","35.8","(X)","(X)","14.7","10.5","19.6","13.5","0.0","43.8","0.0","31.7","(X)","(X)","58.8","11.9","52.3","14.7","100.0","43.8","66.0","35.8","(X)","(X)","1702","81","968","128","96","63","260","101","378","99","42.2","5.3","46.1","6.9","86.5","22.5","72.7","15.7","0.0","9.4","37.3","4.6","36.2","7.0","31.3","38.2","35.4","18.9","42.9","13.8","18.4","5.2","(X)","(X)","(X)","(X)","(X)","(X)","83.1","10.2","6.9","3.0","(X)","(X)","(X)","(X)","(X)","(X)","31.0","12.7","0.6","1.0","(X)","(X)","(X)","(X)","(X)","(X)","(X)","(X)","4.9","3.6","(X)","(X)","(X)","(X)","(X)","(X)","(X)","(X)","88.4","5.4","90.7","6.4","100.0","31.2","81.5","21.4","84.1","9.4","8.5","5.2","7.1","6.3","0.0","31.2","18.5","21.4","7.4","7.0","3.1","1.8","2.2","1.7","0.0","31.2","0.0","13.4","8.5","7.8","76.5","6.0","77.1","8.6","51.0","41.6","66.9","22.1","88.1","8.5","23.5","6.0","22.9","8.6","49.0","41.6","33.1","22.1","11.9","8.5",
"1400000US06111001507","Census Tract 15.07, Ventura County, California","1436","97","897","135","108","68","187","82","244","89","3.41","0.32","3.62","0.45","2.56","0.49","4.25","0.68","2.34","0.80","1192","126","897","135","108","68","187","82","(X)","(X)","3.44","0.33","3.51","0.40","2.46","0.47","3.69","0.61","(X)","(X)","553","124","441","118","11","18","101","59","(X)","(X)","28.4","13.3","28.1","15.0","100.0","96.0","21.8","23.8","(X)","(X)","15.4","10.8","10.9","9.2","0.0","96.0","36.6","32.7","(X)","(X)","56.2","13.8","61.0","15.2","0.0","96.0","41.6","30.0","(X)","(X)","1436","97","897","135","108","68","187","82","244","89","45.5","8.7","49.2","11.0","19.4","23.4","78.6","17.2","18.0","19.1","29.0","6.4","27.8","8.6","50.0","35.4","11.2","12.1","37.7","16.6","7.7","3.9","(X)","(X)","(X)","(X)","(X)","(X)","45.1","20.6","4.0","2.6","(X)","(X)","(X)","(X)","(X)","(X)","23.4","14.7","0.0","2.6","(X)","(X)","(X)","(X)","(X)","(X)","(X)","(X)","6.5","4.0","(X)","(X)","(X)","(X)","(X)","(X)","(X)","(X)","84.8","4.4","88.4","5.8","78.7","19.3","88.2","12.5","71.7","18.8","15.2","4.4","11.6","5.8","21.3","19.3","11.8","12.5","28.3","18.8","0.0","2.6","0.0","4.1","0.0","28.6","0.0","18.1","0.0","14.2","60.2","8.7","73.5","10.9","38.0","31.6","24.1","17.7","49.2","22.0","39.8","8.7","26.5","10.9","62.0","31.6","75.9","17.7","50.8","22.0",
"1400000US06111001601","Census Tract 16.01, Ventura County, California","459","53","98","40","59","45","51","28","251","67","1.95","0.21","2.72","0.52","2.36","0.31","3.25","0.71","1.29","0.18","208","50","98","40","59","45","51","28","(X)","(X)","2.69","0.31","2.72","0.52","2.15","0.10","3.25","0.71","(X)","(X)","78","33","25","24","11","17","42","25","(X)","(X)","28.2","23.4","52.0","52.0","0.0","96.0","21.4","27.8","(X)","(X)","0.0","35.8","0.0","63.7","0.0","96.0","0.0","49.2","(X)","(X)","71.8","23.4","48.0","52.0","100.0","96.0","78.6","27.8","(X)","(X)","459","53","98","40","59","45","51","28","251","67","17.0","7.9","25.5","24.1","18.6","28.3","82.4","26.8","0.0","13.8","24.4","7.9","50.0","27.6","25.4","35.1","29.4","35.0","13.1","10.4","40.7","11.4","(X)","(X)","(X)","(X)","(X)","(X)","74.5","15.1","4.1","4.3","(X)","(X)","(X)","(X)","(X)","(X)","7.6","7.9","0.0","7.8","(X)","(X)","(X)","(X)","(X)","(X)","(X)","(X)","8.5","6.7","(X)","(X)","(X)","(X)","(X)","(X)","(X)","(X)","34.9","8.2","81.6","18.0","44.1","40.5","29.4","35.0","15.5","11.2","65.1","8.2","18.4","18.0","55.9","40.5","70.6","35.0","84.5","11.2","0.0","7.8","0.0","30.7","0.0","41.5","0.0","44.6","0.0","13.8","19.4","9.1","57.1","26.3","44.1","40.5","0.0","44.6","2.8","4.5","80.6","9.1","42.9","26.3","55.9","40.5","100.0","44.6","97.2","4.5",
"1400000US06111001602","Census Tract 16.02, Ventura County, California","883","79","489","99","12","16","81","45","301","88","2.55","0.20","3.25","0.26","3.92","3.90","2.88","0.77","1.28","0.16","582","96","489","99","12","16","81","45","(X)","(X)","3.12","0.24","3.20","0.26","3.75","2.60","2.52","0.55","(X)","(X)","231","62","193","56","1","7","37","26","(X)","(X)","32.9","19.6","35.8","22.5","100.0","100.0","16.2","26.7","(X)","(X)","6.9","8.3","4.7","8.8","0.0","100.0","18.9","35.1","(X)","(X)","60.2","20.2","59.6","21.5","0.0","100.0","64.9","47.9","(X)","(X)","883","79","489","99","12","16","81","45","301","88","28.3","6.0","41.5","8.8","8.3","64.7","56.8","22.9","0.0","11.7","50.2","8.1","46.4","8.8","0.0","92.0","24.7","34.5","65.1","15.2","24.6","8.6","(X)","(X)","(X)","(X)","(X)","(X)","72.1","15.8","17.3","6.7","(X)","(X)","(X)","(X)","(X)","(X)","50.8","14.2","0.0","4.2","(X)","(X)","(X)","(X)","(X)","(X)","(X)","(X)","8.2","5.7","(X)","(X)","(X)","(X)","(X)","(X)","(X)","(X)","83.5","6.0","92.0","5.6","100.0","92.0","75.3","34.5","71.1","13.6","1.4","2.1","0.6","1.5","0.0","92.0","11.1","19.0","0.0","11.7","15.2","5.0","7.4","5.4","0.0","92.0","13.6","18.1","28.9","13.6","78.0","7.5","81.4","10.7","100.0","92.0","51.9","24.8","78.7","15.1","22.0","7.5","18.6","10.7","0.0","92.0","48.1","24.8","21.3","15.1",
"1400000US06111001700","Census Tract 17, Ventura County, California","1335","46","992","73","99","62","46","36","198","66","2.64","0.14","2.88","0.12","2.65","0.65","2.39","0.75","1.51","0.47","1137","74","992","73","99","62","46","36","(X)","(X)","2.82","0.12","2.88","0.12","2.38","0.32","2.39","0.75","(X)","(X)","429","76","338","77","61","49","30","31","(X)","(X)","16.3","11.6","20.7","14.3","0.0","40.8","0.0","58.2","(X)","(X)","14.2","12.4","18.0","15.4","0.0","40.8","0.0","58.2","(X)","(X)","69.5","12.4","61.2","14.9","100.0","40.8","100.0","58.2","(X)","(X)","1335","46","992","73","99","62","46","36","198","66","35.7","4.8","38.3","6.5","61.6","29.3","78.3","31.6","0.0","17.2","43.0","5.2","41.2","6.4","38.4","29.3","21.7","31.6","59.1","19.0","11.2","4.3","(X)","(X)","(X)","(X)","(X)","(X)","75.3","18.2","7.8","3.7","(X)","(X)","(X)","(X)","(X)","(X)","52.5","19.0","1.6","1.8","(X)","(X)","(X)","(X)","(X)","(X)","(X)","(X)","0.0","2.8","(X)","(X)","(X)","(X)","(X)","(X)","(X)","(X)","99.0","1.6","100.0","3.7","100.0","30.5","100.0","47.0","93.4","10.5","0.0","2.8","0.0","3.7","0.0","30.5","0.0","47.0","0.0","17.2","1.0","1.6","0.0","3.7","0.0","30.5","0.0","47.0","6.6","10.5","90.6","4.5","94.5","5.5","66.7","30.1","50.0","44.1","92.9","11.6","9.4","4.5","5.5","5.5","33.3","30.1","50.0","44.1","7.1","11.6",
"1400000US06111001800","Census Tract 18, Ventura County, California","1632","70","1074","120","38","34","76","58","444","108","2.78","0.20","3.36","0.16","3.00","1.20","3.17","1.13","1.28","0.25","1188","105","1074","120","38","34","76","58","(X)","(X)","3.32","0.18","3.35","0.16","3.00","1.20","3.01","1.18","(X)","(X)","503","87","466","97","0","95","37","43","(X)","(X)","15.3","10.8","16.5","11.5","-","**","0.0","52.4","(X)","(X)","6.6","6.4","7.1","6.9","-","**","0.0","52.4","(X)","(X)","78.1","11.4","76.4","12.0","-","**","100.0","52.4","(X)","(X)","1632","70","1074","120","38","34","76","58","444","108","33.5","5.2","46.6","7.2","26.3","36.7","48.7","45.2","0.0","8.1","43.9","5.1","38.7","7.9","26.3","36.7","51.3","45.2","56.8","11.3","24.4","6.0","(X)","(X)","(X)","(X)","(X)","(X)","89.6","6.7","11.4","4.1","(X)","(X)","(X)","(X)","(X)","(X)","41.9","11.0","0.0","2.3","(X)","(X)","(X)","(X)","(X)","(X)","(X)","(X)","1.2","1.4","(X)","(X)","(X)","(X)","(X)","(X)","(X)","(X)","92.0","3.7","98.7","1.8","100.0","51.7","100.0","36.4","73.6","10.8","5.0","3.1","1.3","1.8","0.0","51.7","0.0","36.4","15.1","9.3","3.1","2.2","0.0","3.4","0.0","51.7","0.0","36.4","11.3","7.6","84.8","4.9","90.5","5.3","100.0","51.7","64.5","44.2","73.2","11.5","15.2","4.9","9.5","5.3","0.0","51.7","35.5","44.2","26.8","11.5",
"1400000US06111001900","Census Tract 19, Ventura County, California","1586","107","743","110","13","22","245","88","585","117","2.24","0.12","2.70","0.15","2.85","0.42","3.24","0.41","1.22","0.10","1001","102","743","110","13","22","245","88","(X)","(X)","2.79","0.16","2.69","0.15","2.85","0.42","3.11","0.44","(X)","(X)","403","72","232","56","13","22","158","66","(X)","(X)","10.7","7.4","15.9","12.1","0.0","88.4","3.8","6.1","(X)","(X)","23.3","12.2","25.4","14.0","0.0","88.4","22.2","25.1","(X)","(X)","66.0","15.0","58.6","18.6","100.0","88.4","74.1","25.6","(X)","(X)","1586","107","743","110","13","22","245","88","585","117","27.7","5.0","31.2","7.0","100.0","88.4","79.6","14.1","0.0","6.2","34.6","5.4","31.0","7.1","0.0","88.4","36.7","17.5","39.1","12.0","29.3","6.2","(X)","(X)","(X)","(X)","(X)","(X)","79.5","9.5","9.8","4.0","(X)","(X)","(X)","(X)","(X)","(X)","26.7","10.4","2.0","1.9","(X)","(X)","(X)","(X)","(X)","(X)","(X)","(X)","5.2","3.3","(X)","(X)","(X)","(X)","(X)","(X)","(X)","(X)","75.1","5.5","88.4","5.9","100.0","88.4","69.8","19.5","59.8","12.5","23.6","5.8","8.7","5.9","0.0","88.4","30.2","19.5","40.2","12.5","1.3","2.0","2.8","4.2","0.0","88.4","0.0","14.2","0.0","6.2","57.4","7.1","81.8","8.7","0.0","88.4","42.4","19.0","34.0","11.3","42.6","7.1","18.2","8.7","100.0","88.4","57.6","19.0","66.0","11.3",
"1400000US06111002000","Census Tract 20, Ventura County, California","1088","66","533","95","71","63","26","29","458","95","2.19","0.22","2.95","0.22","2.99","0.28","2.12","0.23","1.18","0.10","630","96","533","95","71","63","26","29","(X)","(X)","2.77","0.21","2.89","0.21","2.14","0.14","2.12","0.23","(X)","(X)","276","79","232","83","28","40","16","25","(X)","(X)","35.1","20.1","29.7","21.5","100.0","60.2","0.0","79.6","(X)","(X)","8.3","8.8","9.9","9.8","0.0","60.2","0.0","79.6","(X)","(X)","56.5","18.3","60.3","20.1","0.0","60.2","100.0","79.6","(X)","(X)","1088","66","533","95","71","63","26","29","458","95","25.4","6.8","43.5","10.1","39.4","45.6","61.5","55.7","0.0","7.9","49.4","7.1","45.0","10.4","47.9","52.1","38.5","55.7","55.5","13.2","34.8","8.7","(X)","(X)","(X)","(X)","(X)","(X)","82.8","9.5","10.9","5.0","(X)","(X)","(X)","(X)","(X)","(X)","26.0","11.9","3.5","3.9","(X)","(X)","(X)","(X)","(X)","(X)","(X)","(X)","8.8","5.7","(X)","(X)","(X)","(X)","(X)","(X)","(X)","(X)","88.5","5.2","93.8","5.6","100.0","37.8","100.0","62.5","79.9","10.4","11.5","5.2","6.2","5.6","0.0","37.8","0.0","62.5","20.1","10.4","0.0","3.4","0.0","6.8","0.0","37.8","0.0","62.5","0.0","7.9","73.2","7.7","81.4","12.1","87.3","30.2","38.5","55.7","63.3","12.5","26.8","7.7","18.6","12.1","12.7","30.2","61.5","55.7","36.7","12.5",
"1400000US06111002102","Census Tract 21.02, Ventura County, California","963","88","218","64","58","51","8","12","679","110","1.52","0.16","2.33","0.33","2.60","0.55","2.00","0.87","1.17","0.10","284","75","218","64","58","51","8","12","(X)","(X)","2.38","0.28","2.33","0.33","2.60","0.55","2.00","0.87","(X)","(X)","74","54","42","41","24","38","8","12","(X)","(X)","17.6","22.9","11.9","28.4","0.0","65.0","100.0","100.0","(X)","(X)","0.0","36.9","0.0","49.2","0.0","65.0","0.0","100.0","(X)","(X)","82.4","22.9","88.1","28.4","100.0","65.0","0.0","100.0","(X)","(X)","963","88","218","64","58","51","8","12","679","110","7.7","5.6","19.3","18.5","41.4","48.0","100.0","100.0","0.0","5.4","19.1","6.2","29.4","16.8","17.2","31.6","0.0","100.0","16.2","8.2","59.8","9.9","(X)","(X)","(X)","(X)","(X)","(X)","84.8","8.2","9.1","5.4","(X)","(X)","(X)","(X)","(X)","(X)","13.0","7.7","0.0","3.8","(X)","(X)","(X)","(X)","(X)","(X)","(X)","(X)","5.6","3.1","(X)","(X)","(X)","(X)","(X)","(X)","(X)","(X)","30.6","8.4","43.1","21.7","58.6","43.0","0.0","100.0","24.6","10.1","69.4","8.4","56.9","21.7","41.4","43.0","100.0","100.0","75.4","10.1","0.0","3.8","0.0","15.7","0.0","41.8","0.0","100.0","0.0","5.4","22.8","5.5","52.3","20.1","17.2","31.6","0.0","100.0","14.1","6.1","77.2","5.5","47.7","20.1","82.8","31.6","100.0","100.0","85.9","6.1",
"1400000US06111002200","Census Tract 22, Ventura County, California","2075","139","975","167","96","64","295","104","709","152","3.14","0.23","4.25","0.41","2.72","0.41","3.77","0.48","1.40","0.20","1366","177","975","167","96","64","295","104","(X)","(X)","3.92","0.30","4.20","0.39","2.60","0.38","3.42","0.45","(X)","(X)","816","181","631","154","0","95","185","97","(X)","(X)","18.6","11.5","20.1","13.6","-","**","13.5","15.5","(X)","(X)","26.8","9.8","34.7","12.6","-","**","0.0","18.2","(X)","(X)","54.5","12.7","45.2","14.0","-","**","86.5","15.5","(X)","(X)","2075","139","975","167","96","64","295","104","709","152","45.6","7.1","72.3","7.9","0.0","31.2","81.7","17.5","0.0","5.1","20.7","6.0","13.6","5.4","60.4","36.7","19.0","17.1","25.8","13.8","22.8","6.4","(X)","(X)","(X)","(X)","(X)","(X)","66.7","15.6","1.7","1.9","(X)","(X)","(X)","(X)","(X)","(X)","5.1","5.6","2.0","1.8","(X)","(X)","(X)","(X)","(X)","(X)","(X)","(X)","8.6","5.9","(X)","(X)","(X)","(X)","(X)","(X)","(X)","(X)","76.4","6.7","79.2","10.5","62.5","36.3","76.6","20.1","74.3","11.6","22.8","6.7","20.8","10.5","37.5","36.3","23.4","20.1","23.4","11.2","0.8","1.2","0.0","3.8","0.0","31.2","0.0","11.9","2.3","3.6","46.7","8.7","48.7","11.1","50.0","32.1","40.0","20.5","46.1","16.3","53.3","8.7","51.3","11.1","50.0","32.1","60.0","20.5","53.9","16.3",
"1400000US06111002300","Census Tract 23, Ventura County, California","2202","95","1191","195","122","81","355","144","534","157","3.48","0.34","4.40","0.41","4.27","1.21","3.13","0.60","1.47","0.21","1668","163","1191","195","122","81","355","144","(X)","(X)","3.92","0.31","4.24","0.37","3.53","1.31","2.96","0.57","(X)","(X)","1167","152","915","180","72","77","180","102","(X)","(X)","23.7","9.9","22.0","12.7","61.1","52.0","17.8","20.2","(X)","(X)","40.7","12.4","41.2","15.7","22.2","40.0","45.6","30.4","(X)","(X)","35.6","12.8","36.8","15.3","16.7","35.4","36.7","31.0","(X)","(X)","2202","95","1191","195","122","81","355","144","534","157","56.4","6.4","78.0","6.8","80.3","25.6","55.5","21.6","3.6","4.9","18.2","3.9","13.4","6.0","32.8","30.2","11.0","15.6","30.3","12.5","15.7","5.2","(X)","(X)","(X)","(X)","(X)","(X)","64.8","16.3","7.4","3.5","(X)","(X)","(X)","(X)","(X)","(X)","30.3","12.5","2.4","2.8","(X)","(X)","(X)","(X)","(X)","(X)","(X)","(X)","3.5","2.4","(X)","(X)","(X)","(X)","(X)","(X)","(X)","(X)","61.4","9.2","71.5","12.9","35.2","28.3","55.8","21.8","48.7","14.5","33.2","8.7","27.0","12.5","45.9","39.1","44.2","21.8","36.9","12.8","5.4","2.3","1.5","2.4","18.9","28.1","0.0","10.0","14.4","8.1","31.1","5.2","29.7","7.8","23.0","27.0","38.3","22.7","31.1","13.2","68.9","5.2","70.3","7.8","77.0","27.0","61.7","22.7","68.9","13.2",
"1400000US06111002400","Census Tract 24, Ventura County, California","1422","57","182","90","143","89","175","92","922","141","1.75","0.14","2.73","0.41","2.17","0.20","2.82","0.43","1.29","0.10","500","131","182","90","143","89","175","92","(X)","(X)","2.48","0.23","2.73","0.41","2.06","0.10","2.55","0.39","(X)","(X)","244","103","83","65","84","79","77","67","(X)","(X)","55.7","29.1","77.1","26.6","20.2","35.5","71.4","34.4","(X)","(X)","0.0","14.2","0.0","34.5","0.0","34.2","0.0","36.1","(X)","(X)","44.3","29.1","22.9","26.6","79.8","35.5","28.6","34.4","(X)","(X)","1422","57","182","90","143","89","175","92","922","141","18.4","7.6","45.6","25.1","58.7","34.0","44.0","30.4","2.0","2.4","33.5","8.2","26.9","21.3","18.9","21.9","28.6","29.5","38.1","11.1","50.4","8.1","(X)","(X)","(X)","(X)","(X)","(X)","77.8","7.9","20.2","8.6","(X)","(X)","(X)","(X)","(X)","(X)","31.1","12.1","0.6","1.1","(X)","(X)","(X)","(X)","(X)","(X)","(X)","(X)","10.2","5.9","(X)","(X)","(X)","(X)","(X)","(X)","(X)","(X)","28.7","7.2","44.0","21.6","70.6","33.4","44.0","30.9","16.3","6.6","71.3","7.2","56.0","21.6","29.4","33.4","56.0","30.9","83.7","6.6","0.0","2.6","0.0","18.5","0.0","22.8","0.0","19.2","0.0","4.0","9.8","3.7","33.0","19.2","18.9","21.9","6.9","11.0","4.3","3.2","90.2","3.7","67.0","19.2","81.1","21.9","93.1","11.0","95.7","3.2",
"1400000US06111002500","Census Tract 25, Ventura County, California","2430","152","815","142","84","83","256","119","1275","237","2.00","0.15","2.80","0.22","1.98","0.14","3.00","0.43","1.29","0.11","1155","180","815","142","84","83","256","119","(X)","(X)","2.71","0.19","2.76","0.21","1.98","0.14","2.80","0.48","(X)","(X)","360","109","230","78","0","95","130","104","(X)","(X)","23.9","17.1","37.4","22.7","-","**","0.0","24.7","(X)","(X)","24.4","20.7","38.3","28.9","-","**","0.0","24.7","(X)","(X)","51.7","22.8","24.3","20.2","-","**","100.0","24.7","(X)","(X)","2430","152","815","142","84","83","256","119","1275","237","17.1","4.9","31.4","9.3","0.0","34.2","62.1","27.8","0.0","2.9","49.7","5.3","42.3","8.6","0.0","34.2","22.7","17.9","63.1","8.7","38.4","7.2","(X)","(X)","(X)","(X)","(X)","(X)","73.1","9.2","18.4","5.5","(X)","(X)","(X)","(X)","(X)","(X)","35.1","10.9","1.8","1.7","(X)","(X)","(X)","(X)","(X)","(X)","(X)","(X)","7.3","3.7","(X)","(X)","(X)","(X)","(X)","(X)","(X)","(X)","68.6","8.1","88.8","6.8","59.5","52.2","74.6","20.1","55.0","11.4","16.8","6.2","8.1","5.8","19.0","35.0","19.5","18.9","21.6","8.3","14.7","4.4","3.1","3.5","21.4","39.1","5.9","9.9","23.4","8.6","51.6","5.2","60.9","9.7","0.0","34.2","25.8","18.2","54.2","8.7","48.4","5.2","39.1","9.7","100.0","34.2","74.2","18.2","45.8","8.7",
"1400000US06111002600","Census Tract 26, Ventura County, California","1254","102","394","90","67","59","235","76","558","103","2.36","0.19","3.57","0.34","2.60","0.39","2.73","0.35","1.33","0.14","696","100","394","90","67","59","235","76","(X)","(X)","3.17","0.25","3.57","0.34","2.60","0.39","2.66","0.35","(X)","(X)","335","87","220","60","60","57","55","40","(X)","(X)","12.5","10.3","11.4","10.0","0.0","41.1","30.9","41.8","(X)","(X)","16.4","11.6","25.0","15.9","0.0","41.1","0.0","43.0","(X)","(X)","71.0","15.1","63.6","17.2","100.0","41.1","69.1","41.8","(X)","(X)","1254","102","394","90","67","59","235","76","558","103","31.8","7.4","58.1","11.1","89.6","18.4","46.8","25.0","0.0","6.5","26.6","6.7","22.8","9.4","0.0","38.9","39.1","20.0","27.2","9.3","33.4","6.7","(X)","(X)","(X)","(X)","(X)","(X)","75.1","9.5","8.7","4.5","(X)","(X)","(X)","(X)","(X)","(X)","19.5","9.0","0.8","1.2","(X)","(X)","(X)","(X)","(X)","(X)","(X)","(X)","7.8","4.2","(X)","(X)","(X)","(X)","(X)","(X)","(X)","(X)","73.7","7.6","81.7","12.3","100.0","38.9","70.6","17.7","66.1","10.4","26.3","7.6","18.3","12.3","0.0","38.9","29.4","17.7","33.9","10.4","0.0","2.9","0.0","9.1","0.0","38.9","0.0","14.7","0.0","6.5","32.9","7.0","45.9","12.9","22.4","31.3","20.9","14.9","30.1","11.5","67.1","7.0","54.1","12.9","77.6","31.3","79.1","14.9","69.9","11.5",
"1400000US06111002700","Census Tract 27, Ventura County, California","1646","103","610","108","83","60","270","86","683","135","2.31","0.18","3.09","0.36","3.77","1.28","2.88","0.34","1.21","0.13","963","123","610","108","83","60","270","86","(X)","(X)","2.88","0.21","3.03","0.29","3.24","0.89","2.44","0.19","(X)","(X)","312","75","176","60","25","28","111","68","(X)","(X)","19.2","15.5","17.6","13.3","0.0","63.7","26.1","35.6","(X)","(X)","34.0","16.4","39.2","19.8","76.0","50.2","16.2","20.0","(X)","(X)","46.8","16.9","43.2","19.2","24.0","50.2","57.7","35.3","(X)","(X)","1646","103","610","108","83","60","270","86","683","135","23.6","4.8","30.3","8.0","59.0","41.1","49.3","20.0","3.2","4.8","48.2","5.5","54.9","10.4","0.0","34.5","29.3","12.1","55.6","11.3","35.4","7.3","(X)","(X)","(X)","(X)","(X)","(X)","85.2","9.4","20.4","5.2","(X)","(X)","(X)","(X)","(X)","(X)","49.2","10.9","1.5","1.7","(X)","(X)","(X)","(X)","(X)","(X)","(X)","(X)","4.6","2.9","(X)","(X)","(X)","(X)","(X)","(X)","(X)","(X)","62.3","5.9","80.3","8.6","61.4","35.4","63.3","20.1","46.0","11.8","37.7","5.9","19.7","8.6","38.6","35.4","36.7","20.1","54.0","11.8","0.0","2.2","0.0","6.0","0.0","34.5","0.0","12.9","0.0","5.3","44.8","6.6","68.0","11.3","8.4","16.9","39.6","15.8","30.5","9.2","55.2","6.6","32.0","11.3","91.6","16.9","60.4","15.8","69.5","9.2",
"1400000US06111002800","Census Tract 28, Ventura County, California","2544","94","1047","146","89","66","279","127","1129","162","2.28","0.13","3.05","0.24","2.90","0.84","3.30","0.65","1.27","0.14","1415","159","1047","146","89","66","279","127","(X)","(X)","3.03","0.18","3.03","0.23","2.74","0.65","3.14","0.53","(X)","(X)","557","111","344","104","41","44","172","106","(X)","(X)","21.5","9.8","31.4","13.0","29.3","34.3","0.0","19.5","(X)","(X)","21.0","15.0","3.8","5.9","36.6","43.0","51.7","38.6","(X)","(X)","57.5","14.6","64.8","14.4","34.1","52.2","48.3","38.6","(X)","(X)","2544","94","1047","146","89","66","279","127","1129","162","24.2","4.4","36.5","8.7","57.3","37.7","61.6","21.2","1.0","1.6","29.4","3.9","22.1","7.2","32.6","39.1","17.2","12.3","38.9","8.8","34.4","6.0","(X)","(X)","(X)","(X)","(X)","(X)","77.6","11.8","13.4","3.5","(X)","(X)","(X)","(X)","(X)","(X)","30.2","8.5","0.0","1.5","(X)","(X)","(X)","(X)","(X)","(X)","(X)","(X)","4.6","3.5","(X)","(X)","(X)","(X)","(X)","(X)","(X)","(X)","67.8","4.9","83.6","9.3","51.7","39.8","74.6","22.5","52.9","9.5","28.7","5.5","16.4","9.3","48.3","39.8","25.4","22.5","39.3","10.2","3.5","1.8","0.0","3.5","0.0","32.9","0.0","12.6","7.8","4.1","48.1","4.8","64.2","9.2","27.0","29.3","31.5","18.4","38.9","9.0","51.9","4.8","35.8","9.2","73.0","29.3","68.5","18.4","61.1","9.0",
"1400000US06111002901","Census Tract 29.01, Ventura County, California","1820","48","1391","110","46","44","181","86","202","81","3.19","0.20","3.44","0.22","3.15","0.60","2.79","0.60","1.84","0.34","1618","93","1391","110","46","44","181","86","(X)","(X)","3.32","0.21","3.42","0.22","2.37","0.39","2.74","0.59","(X)","(X)","768","118","689","117","32","39","47","48","(X)","(X)","17.3","10.6","19.3","11.8","0.0","56.3","0.0","46.5","(X)","(X)","23.2","14.1","25.8","15.4","0.0","56.3","0.0","46.5","(X)","(X)","59.5","13.5","54.9","14.3","100.0","56.3","100.0","46.5","(X)","(X)","1820","48","1391","110","46","44","181","86","202","81","44.3","6.3","49.5","6.3","69.6","46.4","47.0","26.2","0.0","16.9","39.6","5.9","41.8","6.6","30.4","46.4","19.3","21.0","44.6","22.5","4.5","2.5","(X)","(X)","(X)","(X)","(X)","(X)","40.6","24.9","2.5","1.8","(X)","(X)","(X)","(X)","(X)","(X)","22.3","17.2","0.9","1.3","(X)","(X)","(X)","(X)","(X)","(X)","(X)","(X)","1.4","1.7","(X)","(X)","(X)","(X)","(X)","(X)","(X)","(X)","94.1","3.8","98.0","2.4","100.0","47.0","74.0","27.1","84.2","23.2","5.9","3.8","2.0","2.4","0.0","47.0","26.0","27.1","15.8","23.2","0.0","2.0","0.0","2.7","0.0","47.0","0.0","18.6","0.0","16.9","80.8","6.6","85.4","7.4","82.6","28.7","53.0","27.5","73.8","21.5","19.2","6.6","14.6","7.4","17.4","28.7","47.0","27.5","26.2","21.5",
"1400000US06111002905","Census Tract 29.05, Ventura County, California","1771","71","1004","136","73","46","302","105","392","106","3.34","0.37","4.03","0.46","3.19","1.02","3.96","0.75","1.14","0.18","1379","107","1004","136","73","46","302","105","(X)","(X)","3.80","0.37","3.98","0.42","2.58","0.40","3.53","0.79","(X)","(X)","537","125","406","115","12","18","119","83","(X)","(X)","26.8","13.2","16.5","10.4","0.0","92.0","64.7","33.1","(X)","(X)","3.4","4.2","4.4","5.3","0.0","92.0","0.0","26.5","(X)","(X)","69.8","12.6","79.1","11.6","100.0","92.0","35.3","33.1","(X)","(X)","1771","71","1004","136","73","46","302","105","392","106","44.4","7.6","49.2","9.4","34.2","31.9","84.8","11.5","2.8","4.6","44.1","6.2","46.2","8.7","43.8","32.6","28.1","17.6","51.0","15.9","20.3","6.1","(X)","(X)","(X)","(X)","(X)","(X)","91.8","9.7","9.3","4.2","(X)","(X)","(X)","(X)","(X)","(X)","41.8","16.3","0.0","2.1","(X)","(X)","(X)","(X)","(X)","(X)","(X)","(X)","4.9","4.0","(X)","(X)","(X)","(X)","(X)","(X)","(X)","(X)","80.2","5.6","92.3","3.9","100.0","37.2","65.2","19.4","56.9","17.1","17.5","4.3","7.7","3.9","0.0","37.2","34.8","19.4","32.7","14.6","2.3","2.8","0.0","3.7","0.0","37.2","0.0","11.7","10.5","12.6","73.8","5.3","87.6","5.5","93.2","12.6","31.5","18.9","67.3","14.6","26.2","5.3","12.4","5.5","6.8","12.6","68.5","18.9","32.7","14.6",
"1400000US06111003010","Census Tract 30.10, Ventura County, California","969","105","325","153","145","108","176","102","323","102","2.76","0.22","3.51","0.41","3.55","0.55","3.26","0.59","1.36","0.28","646","118","325","153","145","108","176","102","(X)","(X)","3.17","0.27","3.47","0.42","2.64","0.63","3.04","0.56","(X)","(X)","420","109","204","121","145","108","71","72","(X)","(X)","48.3","19.1","36.3","26.3","70.3","33.6","38.0","46.4","(X)","(X)","12.4","12.4","7.4","10.9","18.6","26.5","14.1","34.0","(X)","(X)","39.3","18.0","56.4","24.3","11.0","21.6","47.9","52.1","(X)","(X)","969","105","325","153","145","108","176","102","323","102","46.2","8.1","64.9","14.3","100.0","22.5","52.3","25.1","0.0","10.9","17.4","7.1","16.6","13.2","2.8","10.1","40.9","26.2","12.1","12.0","23.9","8.4","(X)","(X)","(X)","(X)","(X)","(X)","71.8","21.6","2.7","3.3","(X)","(X)","(X)","(X)","(X)","(X)","8.0","9.9","0.0","3.8","(X)","(X)","(X)","(X)","(X)","(X)","(X)","(X)","17.5","10.0","(X)","(X)","(X)","(X)","(X)","(X)","(X)","(X)","65.2","11.0","53.8","16.9","71.7","38.6","85.8","15.3","62.5","23.7","33.5","11.4","42.5","18.5","28.3","38.6","14.2","15.3","37.5","23.7","1.2","2.2","3.7","7.3","0.0","22.5","0.0","19.1","0.0","10.9","54.5","13.0","39.1","19.5","60.7","39.3","79.0","18.7","53.9","23.5","45.5","13.0","60.9","19.5","39.3","39.3","21.0","18.7","46.1","23.5",
"1400000US06111003011","Census Tract 30.11, Ventura County, California","1603","88","678","134","131","85","335","138","459","147","3.22","0.30","4.41","0.62","3.63","1.23","3.51","0.83","1.13","0.19","1144","139","678","134","131","85","335","138","(X)","(X)","3.89","0.33","4.19","0.47","3.42","1.32","3.48","0.83","(X)","(X)","700","146","452","122","36","44","212","126","(X)","(X)","21.4","13.1","12.4","12.2","0.0","53.1","44.3","32.0","(X)","(X)","28.0","14.5","33.8","17.2","0.0","53.1","20.3","23.3","(X)","(X)","50.6","16.1","53.8","17.4","100.0","53.1","35.4","31.1","(X)","(X)","1603","88","678","134","131","85","335","138","459","147","53.6","9.5","79.6","7.6","35.9","35.9","81.2","15.6","0.0","7.8","26.0","7.4","23.7","8.1","0.0","24.5","31.3","22.2","32.7","16.7","26.9","8.6","(X)","(X)","(X)","(X)","(X)","(X)","93.9","8.3","7.0","4.2","(X)","(X)","(X)","(X)","(X)","(X)","24.4","14.1","0.0","2.3","(X)","(X)","(X)","(X)","(X)","(X)","(X)","(X)","3.0","2.8","(X)","(X)","(X)","(X)","(X)","(X)","(X)","(X)","53.4","8.9","62.8","15.8","80.2","28.3","51.9","25.6","32.9","17.7","46.6","8.9","37.2","15.8","19.8","28.3","48.1","25.6","67.1","17.7","0.0","2.3","0.0","5.4","0.0","24.5","0.0","10.6","0.0","7.8","44.6","8.9","55.2","16.0","53.4","39.8","39.7","23.7","30.1","17.2","55.4","8.9","44.8","16.0","46.6","39.8","60.3","23.7","69.9","17.2",
"1400000US06111003012","Census Tract 30.12, Ventura County, California","79","30","40","27","0","95","0","95","39","21","2.58","0.89","4.13","0.83","-","**","-","**","-","**","40","27","40","27","0","95","0","95","(X)","(X)","4.13","0.83","4.13","0.83","-","**","-","**","(X)","(X)","29","21","29","21","0","95","0","95","(X)","(X)","0.0","59.2","0.0","59.2","-","**","-","**","(X)","(X)","0.0","59.2","0.0","59.2","-","**","-","**","(X)","(X)","100.0","59.2","100.0","59.2","-","**","-","**","(X)","(X)","79","30","40","27","0","95","0","95","39","21","36.7","18.9","72.5","35.3","-","**","-","**","0.0","51.0","63.3","30.8","55.0","46.6","-","**","-","**","71.8","44.7","49.4","24.4","(X)","(X)","(X)","(X)","(X)","(X)","100.0","51.0","35.4","29.8","(X)","(X)","(X)","(X)","(X)","(X)","71.8","44.7","0.0","35.6","(X)","(X)","(X)","(X)","(X)","(X)","(X)","(X)","0.0","35.6","(X)","(X)","(X)","(X)","(X)","(X)","(X)","(X)","0.0","35.6","0.0","50.4","-","**","-","**","0.0","51.0","0.0","35.6","0.0","50.4","-","**","-","**","0.0","51.0","100.0","35.6","100.0","50.4","-","**","-","**","100.0","51.0","77.2","22.8","55.0","46.6","-","**","-","**","100.0","51.0","22.8","22.8","45.0","46.6","-","**","-","**","0.0","51.0",
"1400000US06111003013","Census Tract 30.13, Ventura County, California","1694","59","923","133","42","52","200","104","529","133","3.08","0.27","3.72","0.48","2.52","0.48","4.71","0.63","1.40","0.17","1165","125","923","133","42","52","200","104","(X)","(X)","3.74","0.36","3.71","0.48","2.52","0.48","4.14","0.71","(X)","(X)","550","141","457","133","14","23","79","63","(X)","(X)","5.6","5.4","6.8","6.5","0.0","85.1","0.0","35.6","(X)","(X)","13.3","11.7","9.2","12.6","0.0","85.1","39.2","44.5","(X)","(X)","81.1","12.6","84.0","13.7","100.0","85.1","60.8","44.5","(X)","(X)","1694","59","923","133","42","52","200","104","529","133","39.1","8.4","50.2","13.6","33.3","59.3","92.5","11.3","0.0","6.8","27.8","7.2","22.3","9.4","0.0","49.2","30.0","24.2","38.8","15.6","20.7","5.5","(X)","(X)","(X)","(X)","(X)","(X)","66.2","14.8","7.2","3.9","(X)","(X)","(X)","(X)","(X)","(X)","23.1","12.1","0.4","0.8","(X)","(X)","(X)","(X)","(X)","(X)","(X)","(X)","7.7","4.9","(X)","(X)","(X)","(X)","(X)","(X)","(X)","(X)","46.2","7.4","66.1","11.7","33.3","59.3","32.5","23.9","17.8","12.0","45.5","6.4","29.4","11.5","66.7","59.3","67.5","23.9","63.7","15.2","8.3","3.8","4.6","2.9","0.0","49.2","0.0","17.0","18.5","11.7","47.5","6.6","68.1","12.0","33.3","59.3","27.5","20.2","20.2","12.3","52.5","6.6","31.9","12.0","66.7","59.3","72.5","20.2","79.8","12.3",
"1400000US06111003100","Census Tract 31, Ventura County, California","3709","97","2349","269","335","171","610","206","415","158","4.48","0.25","4.71","0.29","6.61","1.36","4.27","0.57","1.78","0.41","3294","177","2349","269","335","171","610","206","(X)","(X)","4.61","0.29","4.66","0.28","5.14","1.91","4.10","0.54","(X)","(X)","1930","207","1461","233","164","128","305","147","(X)","(X)","15.1","7.2","7.1","4.4","72.0","34.2","23.0","17.3","(X)","(X)","29.5","8.9","31.2","9.7","6.1","12.7","34.1","26.2","(X)","(X)","55.3","8.8","61.7","10.9","22.0","28.3","43.0","24.2","(X)","(X)","3709","97","2349","269","335","171","610","206","415","158","62.0","4.9","69.0","6.2","72.5","16.6","69.0","18.1","3.4","5.9","30.6","5.3","23.9","6.6","31.0","19.2","39.0","17.9","56.1","22.8","6.5","3.0","(X)","(X)","(X)","(X)","(X)","(X)","57.8","18.4","3.4","2.4","(X)","(X)","(X)","(X)","(X)","(X)","30.4","20.6","0.0","1.0","(X)","(X)","(X)","(X)","(X)","(X)","(X)","(X)","6.6","4.1","(X)","(X)","(X)","(X)","(X)","(X)","(X)","(X)","97.2","2.2","98.7","1.7","100.0","10.6","100.0","6.0","82.4","14.8","2.8","2.2","1.3","1.7","0.0","10.6","0.0","6.0","17.6","14.8","0.0","1.0","0.0","1.6","0.0","10.6","0.0","6.0","0.0","8.6","71.3","6.7","81.0","7.0","38.5","22.9","60.0","19.7","59.5","22.7","28.7","6.7","19.0","7.0","61.5","22.9","40.0","19.7","40.5","22.7",
"1400000US06111003201","Census Tract 32.01, Ventura County, California","803","65","461","88","63","54","170","76","109","60","4.21","0.83","4.31","0.51","3.78","1.05","3.98","1.02","4.39","5.27","694","79","461","88","63","54","170","76","(X)","(X)","4.10","0.45","4.31","0.51","3.19","0.74","3.86","0.93","(X)","(X)","412","96","288","75","30","46","94","53","(X)","(X)","8.5","9.8","3.5","5.5","0.0","58.2","26.6","35.5","(X)","(X)","37.4","17.9","49.7","24.3","0.0","58.2","11.7","19.4","(X)","(X)","54.1","19.5","46.9","24.2","100.0","58.2","61.7","33.8","(X)","(X)","803","65","461","88","63","54","170","76","109","60","56.7","10.6","66.4","11.2","47.6","52.4","70.0","23.7","0.0","28.4","27.9","5.7","30.4","9.0","31.7","41.7","18.8","18.3","29.4","30.4","10.2","7.8","(X)","(X)","(X)","(X)","(X)","(X)","75.2","39.8","2.5","4.0","(X)","(X)","(X)","(X)","(X)","(X)","18.3","27.9","0.0","4.6","(X)","(X)","(X)","(X)","(X)","(X)","(X)","(X)","2.5","2.8","(X)","(X)","(X)","(X)","(X)","(X)","(X)","(X)","80.3","9.7","73.8","14.2","100.0","40.1","85.3","22.2","89.0","17.2","19.7","9.7","26.2","14.2","0.0","40.1","14.7","22.2","11.0","17.2","0.0","4.6","0.0","7.8","0.0","40.1","0.0","19.7","0.0","28.4","28.4","10.1","28.6","11.2","22.2","37.9","20.6","23.9","43.1","45.7","71.6","10.1","71.4","11.2","77.8","37.9","79.4","23.9","56.9","45.7",
"1400000US06111003300","Census Tract 33, Ventura County, California","2229","153","1178","190","222","140","493","157","336","108","3.57","0.27","3.87","0.45","4.89","1.15","3.88","0.51","1.17","0.16","1893","172","1178","190","222","140","493","157","(X)","(X)","3.91","0.32","3.83","0.45","4.82","1.18","3.70","0.54","(X)","(X)","1061","195","651","176","63","77","347","141","(X)","(X)","23.1","11.4","22.6","15.6","0.0","40.1","28.2","20.4","(X)","(X)","23.2","10.6","31.8","15.7","28.6","54.6","6.1","9.5","(X)","(X)","53.7","14.5","45.6","17.5","71.4","54.6","65.7","21.4","(X)","(X)","2229","153","1178","190","222","140","493","157","336","108","56.4","7.6","62.1","9.8","81.1","20.8","70.4","17.3","0.0","10.6","34.0","6.7","29.1","8.3","16.7","19.4","33.1","18.8","64.0","19.1","13.1","4.6","(X)","(X)","(X)","(X)","(X)","(X)","86.6","12.3","7.5","3.4","(X)","(X)","(X)","(X)","(X)","(X)","50.0","20.9","0.5","0.9","(X)","(X)","(X)","(X)","(X)","(X)","(X)","(X)","1.7","2.0","(X)","(X)","(X)","(X)","(X)","(X)","(X)","(X)","71.2","7.5","83.5","9.4","49.1","32.4","45.8","19.3","79.8","14.4","28.8","7.5","16.5","9.4","50.9","32.4","54.2","19.3","20.2","14.4","0.0","1.7","0.0","3.1","0.0","15.5","0.0","7.3","0.0","10.6","56.0","7.5","69.9","11.7","16.7","19.4","28.2","15.5","74.1","16.8","44.0","7.5","30.1","11.7","83.3","19.4","71.8","15.5","25.9","16.8",
"1400000US06111003605","Census Tract 36.05, Ventura County, California","2793","157","1334","237","145","81","401","167","913","182","3.31","0.32","4.01","0.57","3.11","0.59","5.32","1.19","1.42","0.23","1880","205","1334","237","145","81","401","167","(X)","(X)","4.02","0.38","3.89","0.50","2.40","0.41","5.02","1.28","(X)","(X)","951","177","679","202","30","33","242","149","(X)","(X)","13.4","8.4","9.4","6.9","0.0","58.2","26.0","23.5","(X)","(X)","31.4","14.5","29.2","15.5","0.0","58.2","41.7","34.7","(X)","(X)","55.2","14.4","61.4","17.2","100.0","58.2","32.2","27.5","(X)","(X)","2793","157","1334","237","145","81","401","167","913","182","37.5","6.3","51.7","10.2","20.7","23.9","72.6","22.7","3.9","4.9","31.1","6.3","21.7","9.0","19.3","23.4","55.4","23.0","36.0","13.0","25.5","6.5","(X)","(X)","(X)","(X)","(X)","(X)","78.0","11.1","4.9","2.4","(X)","(X)","(X)","(X)","(X)","(X)","14.9","7.5","2.8","2.6","(X)","(X)","(X)","(X)","(X)","(X)","(X)","(X)","3.5","2.4","(X)","(X)","(X)","(X)","(X)","(X)","(X)","(X)","78.2","6.0","89.4","6.3","78.6","29.0","63.8","27.6","68.0","10.3","21.8","6.0","10.6","6.3","21.4","29.0","36.2","27.6","32.0","10.3","0.0","1.3","0.0","2.8","0.0","22.5","0.0","8.9","0.0","4.0","59.7","8.7","62.4","12.8","78.6","29.0","42.9","24.3","60.2","10.8","40.3","8.7","37.6","12.8","21.4","29.0","57.1","24.3","39.8","10.8",
"1400000US06111003608","Census Tract 36.08, Ventura County, California","1101","31","682","91","158","65","138","61","123","51","4.14","0.42","4.45","0.47","3.68","0.77","5.41","1.26","1.61","0.41","978","53","682","91","158","65","138","61","(X)","(X)","4.32","0.37","4.36","0.41","3.58","0.77","4.96","0.96","(X)","(X)","525","92","418","88","23","22","84","52","(X)","(X)","22.1","8.7","23.9","9.9","0.0","66.4","19.0","27.2","(X)","(X)","28.4","12.4","33.5","15.6","39.1","45.1","0.0","34.2","(X)","(X)","49.5","14.0","42.6","15.0","60.9","45.1","81.0","27.2","(X)","(X)","1101","31","682","91","158","65","138","61","123","51","58.1","7.9","67.3","9.0","33.5","20.4","71.0","21.1","24.4","25.4","29.2","5.8","16.4","5.3","46.8","26.3","63.0","22.4","39.0","24.8","7.0","3.1","(X)","(X)","(X)","(X)","(X)","(X)","62.6","22.2","3.3","2.2","(X)","(X)","(X)","(X)","(X)","(X)","29.3","20.3","1.1","1.6","(X)","(X)","(X)","(X)","(X)","(X)","(X)","(X)","5.5","4.3","(X)","(X)","(X)","(X)","(X)","(X)","(X)","(X)","80.7","5.7","82.8","8.9","76.6","17.3","81.2","18.6","73.2","19.2","19.3","5.7","17.2","8.9","23.4","17.3","18.8","18.6","26.8","19.2","0.0","3.3","0.0","5.3","0.0","20.9","0.0","23.5","0.0","25.8","62.7","8.6","66.9","12.0","51.9","25.2","66.7","22.8","48.8","25.6","37.3","8.6","33.1","12.0","48.1","25.2","33.3","22.8","51.2","25.6",
"1400000US06111003609","Census Tract 36.09, Ventura County, California","2932","246","1187","204","64","52","285","153","1396","263","1.98","0.13","2.45","0.13","2.23","0.28","2.85","0.50","1.38","0.13","1536","232","1187","204","64","52","285","153","(X)","(X)","2.50","0.12","2.45","0.13","2.23","0.28","2.75","0.45","(X)","(X)","332","116","232","93","31","36","69","67","(X)","(X)","38.3","16.3","54.7","22.1","0.0","57.2","0.0","38.3","(X)","(X)","19.0","13.2","18.1","16.8","0.0","57.2","30.4","35.2","(X)","(X)","42.8","18.5","27.2","23.3","100.0","57.2","69.6","35.2","(X)","(X)","2932","246","1187","204","64","52","285","153","1396","263","12.1","3.9","21.5","6.7","48.4","42.3","24.2","21.7","0.0","2.6","50.9","5.2","53.9","7.2","51.6","42.3","66.0","24.2","45.2","8.5","33.5","6.1","(X)","(X)","(X)","(X)","(X)","(X)","70.3","7.8","13.0","4.0","(X)","(X)","(X)","(X)","(X)","(X)","27.4","8.4","0.3","0.6","(X)","(X)","(X)","(X)","(X)","(X)","(X)","(X)","9.8","3.7","(X)","(X)","(X)","(X)","(X)","(X)","(X)","(X)","66.6","5.5","80.4","6.1","73.4","36.5","47.4","26.8","58.6","9.8","23.4","5.1","13.5","5.6","0.0","39.8","47.7","25.9","28.0","9.2","9.9","2.3","6.1","4.0","26.6","36.5","4.9","8.1","13.4","4.8","64.1","6.0","78.5","9.0","100.0","39.8","30.9","26.3","56.9","9.1","35.9","6.0","21.5","9.0","0.0","39.8","69.1","26.3","43.1","9.1",
"1400000US06111003612","Census Tract 36.12, Ventura County, California","1929","203","785","146","163","122","132","96","849","215","2.26","0.17","3.06","0.24","2.75","0.41","2.42","0.25","1.39","0.16","1080","179","785","146","163","122","132","96","(X)","(X)","2.89","0.20","3.06","0.24","2.53","0.44","2.34","0.24","(X)","(X)","365","126","244","90","78","88","43","40","(X)","(X)","20.8","15.5","13.5","14.1","43.6","56.4","20.9","33.7","(X)","(X)","11.0","11.6","16.4","16.3","0.0","35.8","0.0","48.6","(X)","(X)","68.2","18.6","70.1","21.4","56.4","56.4","79.1","33.7","(X)","(X)","1929","203","785","146","163","122","132","96","849","215","20.1","6.8","34.0","10.1","47.9","37.0","32.6","33.7","0.0","4.3","29.2","6.7","36.9","12.1","5.5","11.2","20.5","23.8","27.9","11.2","30.3","7.7","(X)","(X)","(X)","(X)","(X)","(X)","68.9","11.6","5.8","3.2","(X)","(X)","(X)","(X)","(X)","(X)","13.1","7.7","0.8","1.3","(X)","(X)","(X)","(X)","(X)","(X)","(X)","(X)","11.6","5.2","(X)","(X)","(X)","(X)","(X)","(X)","(X)","(X)","62.9","8.9","72.9","14.9","62.0","37.9","72.7","30.2","52.3","11.8","37.1","8.9","27.1","14.9","38.0","37.9","27.3","30.2","47.7","11.8","0.0","1.9","0.0","4.7","0.0","20.4","0.0","24.4","0.0","4.3","38.8","7.1","63.6","15.7","0.0","20.4","18.9","24.3","26.5","10.4","61.2","7.1","36.4","15.7","100.0","20.4","81.1","24.3","73.5","10.4",
"1400000US06111003700","Census Tract 37, Ventura County, California","1265","93","832","120","161","83","164","80","108","62","4.77","0.39","5.31","0.47","5.23","1.23","4.01","0.69","1.09","0.16","1157","96","832","120","161","83","164","80","(X)","(X)","4.69","0.40","4.99","0.43","4.00","0.92","3.84","0.64","(X)","(X)","442","121","295","96","76","59","71","66","(X)","(X)","17.2","12.1","16.6","13.7","35.5","45.1","0.0","37.8","(X)","(X)","17.2","12.7","18.3","14.5","0.0","36.4","31.0","45.2","(X)","(X)","65.6","14.9","65.1","17.9","64.5","45.1","69.0","45.2","(X)","(X)","1265","93","832","120","161","83","164","80","108","62","53.4","8.2","58.9","10.8","59.6","25.6","54.3","25.9","0.0","28.6","51.2","9.7","47.4","11.6","77.0","24.9","46.3","24.7","50.0","32.8","7.8","5.0","(X)","(X)","(X)","(X)","(X)","(X)","91.7","15.3","2.8","3.2","(X)","(X)","(X)","(X)","(X)","(X)","32.4","32.1","0.8","1.2","(X)","(X)","(X)","(X)","(X)","(X)","(X)","(X)","4.7","4.5","(X)","(X)","(X)","(X)","(X)","(X)","(X)","(X)","96.1","2.7","96.4","3.4","100.0","20.6","94.5","9.0","90.7","14.2","3.9","2.7","3.6","3.4","0.0","20.6","5.5","9.0","9.3","14.2","0.0","2.9","0.0","4.4","0.0","20.6","0.0","20.3","0.0","28.6","78.2","8.1","85.1","7.3","77.0","27.0","56.7","27.1","59.3","32.5","21.8","8.1","14.9","7.3","23.0","27.0","43.3","27.1","40.7","32.5",
"1400000US06111003801","Census Tract 38.01, Ventura County, California","1102","92","708","123","81","49","164","83","149","68","4.16","0.47","4.72","0.65","3.67","0.86","4.35","1.34","1.57","0.69","953","104","708","123","81","49","164","83","(X)","(X)","4.42","0.48","4.72","0.65","3.33","0.79","3.67","0.83","(X)","(X)","422","103","351","99","18","20","53","52","(X)","(X)","14.5","10.3","12.3","12.3","100.0","75.1","0.0","43.8","(X)","(X)","36.0","15.9","40.5","17.8","0.0","75.1","18.9","34.2","(X)","(X)","49.5","16.1","47.3","17.3","0.0","75.1","81.1","34.2","(X)","(X)","1102","92","708","123","81","49","164","83","149","68","45.1","9.4","53.0","13.8","22.2","26.8","63.4","26.2","0.0","22.0","32.1","8.7","21.5","9.7","33.3","26.3","62.2","27.0","49.0","24.6","11.3","5.4","(X)","(X)","(X)","(X)","(X)","(X)","83.2","20.4","4.6","3.4","(X)","(X)","(X)","(X)","(X)","(X)","34.2","22.2","1.5","2.6","(X)","(X)","(X)","(X)","(X)","(X)","(X)","(X)","1.5","1.3","(X)","(X)","(X)","(X)","(X)","(X)","(X)","(X)","77.5","8.1","83.2","9.8","59.3","37.0","64.6","22.2","74.5","22.8","21.5","7.9","16.8","9.8","40.7","37.0","35.4","22.2","18.1","20.9","1.0","1.5","0.0","5.2","0.0","35.0","0.0","20.3","7.4","10.9","42.8","9.7","40.4","13.8","34.6","30.2","41.5","23.8","60.4","21.7","57.2","9.7","59.6","13.8","65.4","30.2","58.5","23.8","39.6","21.7",
"1400000US06111003802","Census Tract 38.02, Ventura County, California","622","22","461","81","36","48","60","47","65","57","4.85","0.71","5.15","0.86","3.94","1.39","6.57","1.67","1.66","0.72","557","63","461","81","36","48","60","47","(X)","(X)","4.96","0.76","4.89","0.87","3.94","1.39","6.17","1.52","(X)","(X)","335","93","281","104","0","95","54","47","(X)","(X)","23.9","19.3","28.5","23.0","-","**","0.0","43.3","(X)","(X)","16.1","13.9","12.1","17.9","-","**","37.0","43.3","(X)","(X)","60.0","17.4","59.4","22.4","-","**","63.0","43.3","(X)","(X)","622","22","461","81","36","48","60","47","65","57","61.1","16.2","68.1","19.7","16.7","46.6","100.0","41.1","0.0","39.5","32.0","14.8","33.4","18.4","16.7","46.6","10.0","15.3","50.8","50.8","5.3","5.2","(X)","(X)","(X)","(X)","(X)","(X)","50.8","50.8","5.3","5.2","(X)","(X)","(X)","(X)","(X)","(X)","50.8","50.8","0.0","5.8","(X)","(X)","(X)","(X)","(X)","(X)","(X)","(X)","0.0","5.8","(X)","(X)","(X)","(X)","(X)","(X)","(X)","(X)","67.4","12.2","73.5","16.2","16.7","46.6","68.3","34.6","50.8","50.8","32.6","12.2","26.5","16.2","83.3","46.6","31.7","34.6","49.2","50.8","0.0","5.8","0.0","7.8","0.0","53.1","0.0","41.1","0.0","39.5","42.3","12.4","41.9","15.7","16.7","46.6","51.7","41.6","50.8","50.8","57.7","12.4","58.1","15.7","83.3","46.6","48.3","41.6","49.2","50.8",
"1400000US06111003900","Census Tract 39, Ventura County, California","1592","87","1001","153","119","78","258","94","214","88","4.56","0.43","5.24","0.49","4.24","0.98","4.52","0.74","1.58","0.60","1378","118","1001","153","119","78","258","94","(X)","(X)","4.92","0.38","5.15","0.48","3.97","0.76","4.45","0.67","(X)","(X)","953","156","782","154","31","45","140","80","(X)","(X)","17.7","9.1","17.8","9.9","0.0","57.2","21.4","28.7","(X)","(X)","34.7","10.9","33.1","11.2","0.0","57.2","51.4","34.9","(X)","(X)","47.5","10.2","49.1","10.7","100.0","57.2","27.1","27.2","(X)","(X)","1592","87","1001","153","119","78","258","94","214","88","70.0","7.7","85.9","7.3","39.5","36.2","75.6","17.0","5.6","8.5","19.3","5.2","12.7","6.0","48.7","31.0","13.6","13.4","41.1","20.7","11.6","5.6","(X)","(X)","(X)","(X)","(X)","(X)","86.4","13.3","2.4","2.0","(X)","(X)","(X)","(X)","(X)","(X)","18.2","14.1","0.0","2.3","(X)","(X)","(X)","(X)","(X)","(X)","(X)","(X)","1.8","2.8","(X)","(X)","(X)","(X)","(X)","(X)","(X)","(X)","78.7","6.6","86.1","7.9","97.5","5.5","72.5","17.5","41.1","20.3","20.2","6.6","13.9","7.9","2.5","5.5","20.5","16.5","58.9","20.3","1.1","1.6","0.0","3.7","0.0","26.5","7.0","9.6","0.0","16.0","49.3","7.0","52.6","10.5","48.7","31.0","41.9","17.6","43.0","20.0","50.7","7.0","47.4","10.5","51.3","31.0","58.1","17.6","57.0","20.0",
"1400000US06111004000","Census Tract 40, Ventura County, California","1452","85","1012","137","55","45","152","67","233","101","4.46","0.34","5.10","0.48","5.82","3.02","4.84","1.01","1.13","0.15","1219","116","1012","137","55","45","152","67","(X)","(X)","4.75","0.40","4.79","0.47","5.00","2.37","4.35","0.78","(X)","(X)","597","118","524","113","13","21","60","44","(X)","(X)","22.9","13.1","23.7","15.0","100.0","88.4","0.0","41.1","(X)","(X)","49.9","15.5","45.4","16.9","0.0","88.4","100.0","41.1","(X)","(X)","27.1","13.5","30.9","14.4","0.0","88.4","0.0","41.1","(X)","(X)","1452","85","1012","137","55","45","152","67","233","101","54.1","6.7","63.1","7.3","67.3","38.4","71.7","19.9","0.0","14.8","39.5","7.0","29.6","7.6","38.2","44.5","44.1","21.6","79.8","21.8","14.3","6.7","(X)","(X)","(X)","(X)","(X)","(X)","88.8","11.9","7.2","4.2","(X)","(X)","(X)","(X)","(X)","(X)","45.1","21.7","0.0","2.5","(X)","(X)","(X)","(X)","(X)","(X)","(X)","(X)","1.6","1.9","(X)","(X)","(X)","(X)","(X)","(X)","(X)","(X)","73.7","6.2","80.8","7.1","100.0","43.0","84.9","15.9","29.2","17.7","11.6","5.8","11.1","6.7","0.0","43.0","0.0","21.6","24.5","21.8","14.7","4.3","8.1","3.9","0.0","43.0","15.1","15.9","46.4","21.3","71.1","8.0","73.2","9.1","100.0","43.0","67.1","19.4","57.9","22.7","28.9","8.0","26.8","9.1","0.0","43.0","32.9","19.4","42.1","22.7",
"1400000US06111004101","Census Tract 41.01, Ventura County, California","1393","75","932","127","117","77","183","92","161","84","4.84","0.39","5.32","0.46","5.56","1.46","5.06","1.33","1.31","0.41","1232","106","932","127","117","77","183","92","(X)","(X)","4.99","0.43","5.02","0.47","5.35","1.40","4.62","1.47","(X)","(X)","626","136","476","123","0","95","150","87","(X)","(X)","11.3","9.3","6.9","8.5","-","**","25.3","28.7","(X)","(X)","39.0","14.2","39.5","15.8","-","**","37.3","31.1","(X)","(X)","49.7","14.8","53.6","16.2","-","**","37.3","29.4","(X)","(X)","1393","75","932","127","117","77","183","92","161","84","59.2","7.4","65.2","8.4","47.0","34.2","88.0","14.2","0.0","20.6","27.8","6.9","28.8","10.0","29.9","30.3","16.9","17.3","32.9","22.7","8.6","6.3","(X)","(X)","(X)","(X)","(X)","(X)","74.5","31.3","3.8","2.7","(X)","(X)","(X)","(X)","(X)","(X)","32.9","22.7","0.5","0.8","(X)","(X)","(X)","(X)","(X)","(X)","(X)","(X)","5.5","4.1","(X)","(X)","(X)","(X)","(X)","(X)","(X)","(X)","72.6","6.8","78.3","9.2","76.9","33.1","67.8","27.7","41.6","25.8","27.4","6.8","21.7","9.2","23.1","33.1","32.2","27.7","58.4","25.8","0.0","2.7","0.0","3.9","0.0","26.9","0.0","18.4","0.0","20.6","54.6","7.1","63.8","10.3","60.7","30.1","20.2","18.2","35.4","24.6","45.4","7.1","36.2","10.3","39.3","30.1","79.8","18.2","64.6","24.6",
"1400000US06111004200","Census Tract 42, Ventura County, California","1306","91","798","132","87","58","232","80","189","82","4.15","0.33","4.58","0.50","5.40","1.99","4.38","0.71","1.50","0.36","1117","118","798","132","87","58","232","80","(X)","(X)","4.40","0.35","4.45","0.47","5.00","1.97","4.00","0.60","(X)","(X)","592","100","469","108","34","46","89","56","(X)","(X)","19.3","11.0","22.4","14.0","0.0","54.6","10.1","15.4","(X)","(X)","13.5","9.8","15.4","11.9","0.0","54.6","9.0","20.6","(X)","(X)","67.2","11.2","62.3","13.9","100.0","54.6","80.9","24.2","(X)","(X)","1306","91","798","132","87","58","232","80","189","82","56.1","7.1","69.9","8.9","56.3","39.3","52.6","19.6","2.1","4.6","44.1","5.7","32.2","7.7","35.6","36.5","65.1","19.3","72.5","16.9","10.5","4.9","(X)","(X)","(X)","(X)","(X)","(X)","72.5","20.0","7.4","3.5","(X)","(X)","(X)","(X)","(X)","(X)","50.8","18.0","2.4","3.5","(X)","(X)","(X)","(X)","(X)","(X)","(X)","(X)","4.2","3.7","(X)","(X)","(X)","(X)","(X)","(X)","(X)","(X)","99.7","0.6","99.5","1.0","100.0","33.4","100.0","14.9","100.0","17.9","0.3","0.6","0.5","1.0","0.0","33.4","0.0","14.9","0.0","17.9","0.0","2.8","0.0","4.6","0.0","33.4","0.0","14.9","0.0","17.9","79.0","7.7","76.8","9.3","96.6","7.3","67.7","19.1","94.2","7.4","21.0","7.7","23.2","9.3","3.4","7.3","32.3","19.1","5.8","7.4",
"1400000US06111004304","Census Tract 43.04, Ventura County, California","2713","186","995","213","69","54","447","150","1202","238","2.35","0.21","3.29","0.41","2.54","0.66","3.22","0.47","1.22","0.12","1511","222","995","213","69","54","447","150","(X)","(X)","3.15","0.27","3.23","0.39","2.19","0.46","3.12","0.48","(X)","(X)","821","154","448","178","55","44","318","138","(X)","(X)","20.2","10.2","23.7","17.6","85.5","26.8","4.1","8.5","(X)","(X)","27.3","13.8","17.9","14.2","0.0","43.0","45.3","22.6","(X)","(X)","52.5","15.6","58.5","24.1","14.5","26.8","50.6","21.9","(X)","(X)","2713","186","995","213","69","54","447","150","1202","238","32.5","5.4","48.7","12.6","79.7","26.2","71.1","12.8","1.9","3.0","45.0","5.7","33.3","11.9","20.3","26.2","28.2","15.7","62.4","9.2","37.4","6.9","(X)","(X)","(X)","(X)","(X)","(X)","84.5","8.1","22.6","4.1","(X)","(X)","(X)","(X)","(X)","(X)","50.9","9.0","0.0","1.4","(X)","(X)","(X)","(X)","(X)","(X)","(X)","(X)","3.3","1.9","(X)","(X)","(X)","(X)","(X)","(X)","(X)","(X)","62.0","6.3","65.5","13.3","82.6","31.4","42.1","17.4","65.2","10.3","36.2","6.3","34.5","13.3","17.4","31.4","57.9","17.4","30.6","9.5","1.8","2.9","0.0","3.7","0.0","38.3","0.0","8.0","4.2","6.3","51.3","6.7","50.7","13.6","20.3","26.2","24.4","14.5","63.6","9.9","48.7","6.7","49.3","13.6","79.7","26.2","75.6","14.5","36.4","9.9",
"1400000US06111004305","Census Tract 43.05, Ventura County, California","634","79","487","90","0","95","61","42","86","57","3.30","0.26","3.65","0.29","-","**","3.77","0.74","-","**","548","90","487","90","0","95","61","42","(X)","(X)","3.66","0.27","3.65","0.29","-","**","3.77","0.74","(X)","(X)","461","95","400","92","0","95","61","42","(X)","(X)","50.5","15.2","45.8","17.9","-","**","82.0","27.9","(X)","(X)","19.3","13.3","19.5","14.4","-","**","18.0","27.9","(X)","(X)","30.2","12.7","34.8","15.7","-","**","0.0","40.8","(X)","(X)","634","79","487","90","0","95","61","42","86","57","72.7","10.6","82.1","10.4","-","**","100.0","40.8","0.0","33.7","0.8","2.1","1.0","2.8","-","**","0.0","40.8","0.0","33.7","13.6","8.9","(X)","(X)","(X)","(X)","(X)","(X)","100.0","33.7","0.0","5.7","(X)","(X)","(X)","(X)","(X)","(X)","0.0","33.7","0.0","5.7","(X)","(X)","(X)","(X)","(X)","(X)","(X)","(X)","0.0","5.7","(X)","(X)","(X)","(X)","(X)","(X)","(X)","(X)","59.5","11.3","65.1","13.6","-","**","82.0","28.1","11.6","18.6","38.8","11.2","32.6","13.4","-","**","18.0","28.1","88.4","18.6","1.7","2.5","2.3","3.2","-","**","0.0","40.8","0.0","33.7","3.6","3.9","4.7","5.1","-","**","0.0","40.8","0.0","33.7","96.4","3.9","95.3","5.1","-","**","100.0","40.8","100.0","33.7",
"1400000US06111004400","Census Tract 44, Ventura County, California","2799","192","944","202","230","144","520","170","1105","245","2.43","0.24","2.94","0.42","3.75","0.86","3.54","0.50","1.19","0.10","1694","230","944","202","230","144","520","170","(X)","(X)","3.06","0.27","2.94","0.42","3.07","0.56","3.27","0.47","(X)","(X)","649","170","269","111","141","127","239","125","(X)","(X)","25.4","15.9","29.0","19.2","0.0","23.1","36.4","29.2","(X)","(X)","23.9","16.9","16.4","15.8","58.2","28.9","12.1","18.2","(X)","(X)","50.7","14.2","54.6","19.7","41.8","28.9","51.5","29.7","(X)","(X)","2799","192","944","202","230","144","520","170","1105","245","26.3","6.2","29.9","10.7","71.7","25.8","55.8","17.9","0.0","3.3","39.7","7.5","39.2","11.2","38.7","28.0","11.3","11.5","53.7","13.5","32.9","8.0","(X)","(X)","(X)","(X)","(X)","(X)","83.3","8.6","9.5","3.7","(X)","(X)","(X)","(X)","(X)","(X)","24.1","8.9","1.0","1.1","(X)","(X)","(X)","(X)","(X)","(X)","(X)","(X)","8.0","5.3","(X)","(X)","(X)","(X)","(X)","(X)","(X)","(X)","48.2","6.8","72.2","9.6","38.7","35.8","32.9","15.1","36.7","12.9","51.8","6.8","27.8","9.6","61.3","35.8","67.1","15.1","63.3","12.9","0.0","1.3","0.0","3.9","0.0","15.0","0.0","7.0","0.0","3.3","36.3","6.1","62.7","12.3","20.0","20.7","19.2","12.5","25.2","10.1","63.7","6.1","37.3","12.3","80.0","20.7","80.8","12.5","74.8","10.1",
"1400000US06111004503","Census Tract 45.03, Ventura County, California","1053","82","672","122","82","80","179","86","120","78","4.52","0.42","5.13","0.41","4.98","1.82","4.28","0.74","1.19","0.28","933","113","672","122","82","80","179","86","(X)","(X)","4.55","0.34","4.86","0.35","3.56","2.10","3.85","0.94","(X)","(X)","708","121","511","120","49","64","148","86","(X)","(X)","10.7","8.3","5.5","7.8","0.0","45.5","32.4","27.5","(X)","(X)","31.8","9.9","38.4","13.0","44.9","44.6","4.7","11.8","(X)","(X)","57.5","9.7","56.2","12.7","55.1","44.6","62.8","28.1","(X)","(X)","1053","82","672","122","82","80","179","86","120","78","69.2","10.0","78.4","11.5","59.8","55.6","85.5","17.2","0.0","26.3","14.3","6.8","11.9","9.5","0.0","34.7","6.1","11.6","50.0","33.8","9.6","7.2","(X)","(X)","(X)","(X)","(X)","(X)","84.2","21.6","4.9","5.2","(X)","(X)","(X)","(X)","(X)","(X)","43.3","35.4","0.9","1.3","(X)","(X)","(X)","(X)","(X)","(X)","(X)","(X)","12.2","8.2","(X)","(X)","(X)","(X)","(X)","(X)","(X)","(X)","67.6","9.5","78.0","10.0","100.0","34.7","48.6","27.4","15.8","21.6","21.7","7.9","14.4","8.5","0.0","34.7","44.7","26.3","43.3","35.4","10.6","6.1","7.6","4.8","0.0","34.7","6.7","8.9","40.8","39.1","44.1","10.3","52.5","12.0","0.0","34.7","52.5","26.7","14.2","23.2","55.9","10.3","47.5","12.0","100.0","34.7","47.5","26.7","85.8","23.2",
"1400000US06111004504","Census Tract 45.04, Ventura County, California","1275","44","728","102","113","69","259","93","175","64","4.35","0.42","4.98","0.59","6.44","1.95","3.93","0.68","-","**","1100","74","728","102","113","69","259","93","(X)","(X)","4.26","0.35","4.49","0.36","4.73","1.46","3.39","0.68","(X)","(X)","703","89","493","98","32","45","178","91","(X)","(X)","14.2","7.2","13.6","6.7","0.0","56.3","18.5","20.8","(X)","(X)","28.7","12.1","30.4","14.3","0.0","56.3","29.2","23.9","(X)","(X)","57.0","12.2","56.0","14.2","100.0","56.3","52.2","26.1","(X)","(X)","1275","44","728","102","113","69","259","93","175","64","60.8","6.3","68.5","9.5","64.6","27.1","78.4","14.6","0.0","19.2","35.9","6.2","25.0","8.7","44.2","28.1","49.8","21.0","55.4","27.7","13.7","5.0","(X)","(X)","(X)","(X)","(X)","(X)","100.0","19.2","7.6","4.6","(X)","(X)","(X)","(X)","(X)","(X)","55.4","27.7","0.8","1.1","(X)","(X)","(X)","(X)","(X)","(X)","(X)","(X)","3.5","3.4","(X)","(X)","(X)","(X)","(X)","(X)","(X)","(X)","65.6","7.5","70.1","11.0","68.1","27.3","68.3","20.6","41.1","17.4","34.4","7.5","29.9","11.0","31.9","27.3","31.7","20.6","58.9","17.4","0.0","2.9","0.0","5.0","0.0","27.6","0.0","13.5","0.0","19.2","48.9","8.5","48.2","13.1","63.7","29.3","53.7","19.1","35.4","17.1","51.1","8.5","51.8","13.1","36.3","29.3","46.3","19.1","64.6","17.1",
"1400000US06111004505","Census Tract 45.05, Ventura County, California","506","16","302","67","21","26","115","52","68","40","4.08","0.67","4.32","0.86","3.90","2.73","4.63","1.52","2.13","1.29","438","44","302","67","21","26","115","52","(X)","(X)","4.37","0.72","4.32","0.86","3.57","2.11","4.63","1.52","(X)","(X)","189","63","171","67","7","13","11","19","(X)","(X)","15.9","22.1","17.5","24.1","0.0","100.0","0.0","96.0","(X)","(X)","61.9","27.0","57.9","27.7","100.0","100.0","100.0","96.0","(X)","(X)","22.2","15.3","24.6","16.5","0.0","100.0","0.0","96.0","(X)","(X)","506","16","302","67","21","26","115","52","68","40","44.5","13.2","58.6","15.6","33.3","55.0","35.7","36.0","0.0","38.6","42.7","12.1","43.4","15.1","14.3","42.3","51.3","29.4","33.8","30.6","8.5","7.8","(X)","(X)","(X)","(X)","(X)","(X)","63.2","40.8","2.6","3.9","(X)","(X)","(X)","(X)","(X)","(X)","19.1","27.0","0.0","7.1","(X)","(X)","(X)","(X)","(X)","(X)","(X)","(X)","1.4","2.5","(X)","(X)","(X)","(X)","(X)","(X)","(X)","(X)","77.5","8.8","80.5","16.6","100.0","69.5","90.4","15.8","35.3","35.5","22.5","8.8","19.5","16.6","0.0","69.5","9.6","15.8","64.7","35.5","0.0","7.1","0.0","11.7","0.0","69.5","0.0","27.2","0.0","38.6","56.7","11.4","57.9","16.8","100.0","69.5","67.0","33.5","20.6","31.1","43.3","11.4","42.1","16.8","0.0","69.5","33.0","33.5","79.4","31.1",
"1400000US06111004506","Census Tract 45.06, Ventura County, California","1508","71","650","148","192","86","437","132","229","100","4.57","0.47","4.89","0.55","5.99","1.83","4.97","0.72","1.73","0.87","1279","117","650","148","192","86","437","132","(X)","(X)","4.84","0.40","4.76","0.51","5.21","1.49","4.78","0.63","(X)","(X)","910","144","464","121","113","69","333","126","(X)","(X)","28.1","9.0","31.7","12.6","40.7","31.5","18.9","15.5","(X)","(X)","36.4","10.5","34.3","15.7","23.0","22.4","43.8","20.6","(X)","(X)","35.5","10.7","34.1","13.8","36.3","27.2","37.2","19.3","(X)","(X)","1508","71","650","148","192","86","437","132","229","100","68.4","8.0","83.1","9.5","72.9","25.3","80.3","12.8","0.0","15.1","8.0","4.2","7.4","5.5","6.8","11.0","7.8","8.1","10.9","16.9","10.9","6.3","(X)","(X)","(X)","(X)","(X)","(X)","72.1","23.8","0.0","2.5","(X)","(X)","(X)","(X)","(X)","(X)","0.0","15.1","0.0","2.5","(X)","(X)","(X)","(X)","(X)","(X)","(X)","(X)","10.7","6.0","(X)","(X)","(X)","(X)","(X)","(X)","(X)","(X)","29.3","6.5","40.9","10.6","40.1","26.0","15.1","13.5","14.4","15.3","70.7","6.5","59.1","10.6","59.9","26.0","84.9","13.5","85.6","15.3","0.0","2.5","0.0","5.6","0.0","17.7","0.0","8.2","0.0","15.1","14.1","4.5","20.8","8.9","27.6","20.6","0.2","1.7","10.0","12.7","85.9","4.5","79.2","8.9","72.4","20.6","99.8","1.7","90.0","12.7",
"1400000US06111004600","Census Tract 46, Ventura County, California","517","72","451","83","35","39","13","17","18","30","3.78","0.26","3.99","0.35","1.91","0.12","4.00","2.35","2.00","0.19","499","70","451","83","35","39","13","17","(X)","(X)","3.82","0.25","3.97","0.36","1.91","0.12","4.00","2.35","(X)","(X)","452","68","404","73","35","39","13","17","(X)","(X)","35.2","12.4","30.7","14.1","100.0","53.8","0.0","88.4","(X)","(X)","37.6","14.4","42.1","16.9","0.0","53.8","0.0","88.4","(X)","(X)","27.2","11.0","27.2","11.5","0.0","53.8","100.0","88.4","(X)","(X)","517","72","451","83","35","39","13","17","18","30","87.4","8.2","89.6","7.2","100.0","53.8","100.0","88.4","0.0","75.1","0.8","1.5","0.9","1.6","0.0","53.8","0.0","88.4","0.0","75.1","0.0","7.0","(X)","(X)","(X)","(X)","(X)","(X)","0.0","75.1","0.0","7.0","(X)","(X)","(X)","(X)","(X)","(X)","0.0","75.1","0.0","7.0","(X)","(X)","(X)","(X)","(X)","(X)","(X)","(X)","3.5","5.5","(X)","(X)","(X)","(X)","(X)","(X)","(X)","(X)","91.5","8.0","94.2","7.2","100.0","53.8","100.0","88.4","0.0","75.1","7.7","7.9","4.9","7.0","0.0","53.8","0.0","88.4","100.0","75.1","0.8","1.3","0.9","1.5","0.0","53.8","0.0","88.4","0.0","75.1","0.6","0.2","0.7","0.3","0.0","53.8","0.0","88.4","0.0","75.1","99.4","0.2","99.3","0.3","100.0","53.8","100.0","88.4","100.0","75.1",
"1400000US06111004704","Census Tract 47.04, Ventura County, California","433","51","272","69","16","26","96","67","49","38","3.35","0.37","3.56","0.39","2.38","0.52","4.06","0.71","1.08","0.23","384","48","272","69","16","26","96","67","(X)","(X)","3.57","0.34","3.56","0.39","2.38","0.52","3.79","0.55","(X)","(X)","157","48","95","51","0","95","62","42","(X)","(X)","0.0","21.1","0.0","31.4","-","**","0.0","40.5","(X)","(X)","70.1","26.0","58.9","37.1","-","**","87.1","22.6","(X)","(X)","29.9","26.0","41.1","37.1","-","**","12.9","22.6","(X)","(X)","433","51","272","69","16","26","96","67","49","38","38.3","10.2","34.9","13.7","0.0","79.6","74.0","23.7","0.0","45.5","30.5","13.6","22.8","13.8","100.0","79.6","26.0","23.7","59.2","39.9","10.4","8.4","(X)","(X)","(X)","(X)","(X)","(X)","91.8","24.3","5.3","5.7","(X)","(X)","(X)","(X)","(X)","(X)","46.9","41.4","0.0","8.3","(X)","(X)","(X)","(X)","(X)","(X)","(X)","(X)","7.2","8.1","(X)","(X)","(X)","(X)","(X)","(X)","(X)","(X)","25.4","12.4","34.6","17.3","0.0","79.6","0.0","31.2","32.7","32.4","3.2","5.3","5.1","8.4","0.0","79.6","0.0","31.2","0.0","45.5","71.4","12.7","60.3","17.0","100.0","79.6","100.0","31.2","67.3","32.4","75.8","12.5","76.5","15.8","0.0","79.6","74.0","23.7","100.0","45.5","24.2","12.5","23.5","15.8","100.0","79.6","26.0","23.7","0.0","45.5",
"1400000US06111004710","Census Tract 47.10, Ventura County, California","1395","80","747","154","86","71","138","72","424","133","3.70","0.57","4.55","0.68","6.56","2.43","5.07","1.36","1.18","0.16","971","131","747","154","86","71","138","72","(X)","(X)","4.55","0.57","4.50","0.68","4.67","1.77","4.77","1.37","(X)","(X)","463","125","375","119","60","66","28","30","(X)","(X)","0.0","7.8","0.0","9.5","0.0","41.1","0.0","60.2","(X)","(X)","37.4","18.4","26.4","19.1","100.0","41.1","50.0","50.0","(X)","(X)","62.6","18.4","73.6","19.1","0.0","41.1","50.0","50.0","(X)","(X)","1395","80","747","154","86","71","138","72","424","133","36.4","9.5","54.8","12.4","82.6","31.5","20.3","22.0","0.0","8.5","39.9","6.6","25.8","10.0","17.4","31.5","85.5","18.2","54.2","19.1","25.7","8.5","(X)","(X)","(X)","(X)","(X)","(X)","84.7","14.4","12.5","6.6","(X)","(X)","(X)","(X)","(X)","(X)","41.0","19.8","0.0","2.6","(X)","(X)","(X)","(X)","(X)","(X)","(X)","(X)","5.2","4.8","(X)","(X)","(X)","(X)","(X)","(X)","(X)","(X)","51.0","7.9","68.0","11.7","17.4","31.5","71.0","27.2","21.2","16.5","21.9","8.2","13.7","11.1","82.6","31.5","10.1","15.4","27.8","17.1","27.2","6.3","18.3","8.2","0.0","33.7","18.8","22.6","50.9","16.9","58.9","10.1","60.4","14.1","17.4","31.5","67.4","24.6","61.8","18.4","41.1","10.1","39.6","14.1","82.6","31.5","32.6","24.6","38.2","18.4",
"1400000US06111004711","Census Tract 47.11, Ventura County, California","826","49","499","95","27","34","300","88","0","95","3.96","0.31","3.95","0.34","3.15","0.62","4.04","0.69","-","**","826","49","499","95","27","34","300","88","(X)","(X)","3.82","0.32","3.95","0.34","3.15","0.62","3.67","0.74","(X)","(X)","394","98","219","89","7","16","168","74","(X)","(X)","0.0","9.1","0.0","15.7","0.0","100.0","0.0","19.9","(X)","(X)","23.1","14.6","32.4","20.8","0.0","100.0","11.9","17.3","(X)","(X)","76.9","14.6","67.6","20.8","100.0","100.0","88.1","17.3","(X)","(X)","826","49","499","95","27","34","300","88","0","95","54.7","11.6","49.1","12.9","25.9","74.1","66.7","20.2","-","**","40.2","9.2","45.7","11.8","74.1","74.1","28.0","17.9","-","**","0.0","4.4","(X)","(X)","(X)","(X)","(X)","(X)","-","**","0.0","4.4","(X)","(X)","(X)","(X)","(X)","(X)","-","**","0.0","4.4","(X)","(X)","(X)","(X)","(X)","(X)","(X)","(X)","3.8","4.6","(X)","(X)","(X)","(X)","(X)","(X)","(X)","(X)","74.6","9.4","80.6","11.2","100.0","61.3","62.3","21.9","-","**","25.4","9.4","19.4","11.2","0.0","61.3","37.7","21.9","-","**","0.0","4.4","0.0","7.2","0.0","61.3","0.0","11.7","-","**","58.2","8.2","76.8","12.2","100.0","61.3","23.7","14.0","-","**","41.8","8.2","23.2","12.2","0.0","61.3","76.3","14.0","-","**",
"1400000US06111004715","Census Tract 47.15, Ventura County, California","1242","72","665","121","112","72","248","100","217","85","4.24","0.50","4.25","0.49","7.91","2.64","4.89","0.84","1.60","0.45","1025","104","665","121","112","72","248","100","(X)","(X)","4.38","0.47","4.20","0.49","6.04","3.10","4.13","0.60","(X)","(X)","565","111","395","105","89","68","81","66","(X)","(X)","18.4","9.9","19.2","12.5","31.5","45.9","0.0","35.0","(X)","(X)","26.9","14.0","16.7","10.5","32.6","45.9","70.4","35.7","(X)","(X)","54.7","14.5","64.1","14.2","36.0","45.1","29.6","35.7","(X)","(X)","1242","72","665","121","112","72","248","100","217","85","53.6","8.8","66.3","9.9","79.5","27.6","54.8","22.8","0.0","15.8","21.0","5.3","18.9","7.7","0.0","27.8","19.0","10.9","40.6","22.2","10.7","5.4","(X)","(X)","(X)","(X)","(X)","(X)","61.3","23.8","5.5","4.6","(X)","(X)","(X)","(X)","(X)","(X)","31.3","22.5","1.1","1.7","(X)","(X)","(X)","(X)","(X)","(X)","(X)","(X)","9.7","6.7","(X)","(X)","(X)","(X)","(X)","(X)","(X)","(X)","62.5","6.7","63.5","8.5","90.2","18.1","50.4","20.6","59.0","22.6","14.7","5.8","12.9","6.6","0.0","27.8","26.6","21.4","13.8","13.4","22.9","6.1","23.6","7.8","9.8","18.1","23.0","19.4","27.2","21.9","62.3","8.6","76.1","9.1","0.0","27.8","46.0","22.2","71.0","18.9","37.7","8.6","23.9","9.1","100.0","27.8","54.0","22.2","29.0","18.9",
"1400000US06111004716","Census Tract 47.16, Ventura County, California","944","60","610","90","56","40","158","82","120","68","3.98","0.46","4.57","0.51","4.30","1.04","3.87","0.79","-","**","824","83","610","90","56","40","158","82","(X)","(X)","4.29","0.38","4.41","0.47","4.09","1.01","3.87","0.79","(X)","(X)","365","80","334","77","11","20","20","22","(X)","(X)","6.8","10.0","7.5","10.9","0.0","96.0","0.0","71.2","(X)","(X)","43.0","16.7","44.3","17.2","0.0","96.0","45.0","55.0","(X)","(X)","50.1","17.1","48.2","17.2","100.0","96.0","55.0","55.0","(X)","(X)","944","60","610","90","56","40","158","82","120","68","39.3","8.2","55.7","9.3","19.6","32.7","12.7","15.3","0.0","26.3","39.0","9.3","34.9","10.8","69.6","37.3","50.6","29.6","30.0","27.1","12.7","7.0","(X)","(X)","(X)","(X)","(X)","(X)","100.0","26.3","3.8","3.4","(X)","(X)","(X)","(X)","(X)","(X)","30.0","27.1","0.0","3.9","(X)","(X)","(X)","(X)","(X)","(X)","(X)","(X)","0.6","1.1","(X)","(X)","(X)","(X)","(X)","(X)","(X)","(X)","67.7","8.6","70.0","11.1","69.6","31.7","86.7","15.1","30.0","27.1","10.1","5.3","10.0","8.1","10.7","20.1","5.7","10.2","15.8","18.7","22.2","8.1","20.0","8.3","19.6","26.7","7.6","10.7","54.2","31.5","70.9","8.9","78.5","10.6","69.6","36.6","49.4","28.5","60.8","33.8","29.1","8.9","21.5","10.6","30.4","36.6","50.6","28.5","39.2","33.8",
"1400000US06111004717","Census Tract 47.17, Ventura County, California","777","52","497","89","31","37","179","64","70","52","4.88","0.76","4.22","0.57","5.81","3.27","5.89","1.47","6.53","6.16","707","68","497","89","31","37","179","64","(X)","(X)","4.14","0.44","3.88","0.56","5.39","5.09","4.68","1.10","(X)","(X)","362","93","281","90","11","23","70","49","(X)","(X)","24.6","17.6","22.1","20.7","100.0","96.0","22.9","31.5","(X)","(X)","31.2","21.6","28.8","26.4","0.0","96.0","45.7","33.5","(X)","(X)","44.2","16.4","49.1","18.8","0.0","96.0","31.4","31.5","(X)","(X)","777","52","497","89","31","37","179","64","70","52","70.3","8.7","72.4","14.1","77.4","58.9","74.9","18.6","40.0","44.7","24.3","9.2","19.9","12.5","29.0","71.0","39.7","24.4","14.3","27.9","5.4","4.6","(X)","(X)","(X)","(X)","(X)","(X)","60.0","44.7","0.0","4.7","(X)","(X)","(X)","(X)","(X)","(X)","0.0","38.1","3.0","5.0","(X)","(X)","(X)","(X)","(X)","(X)","(X)","(X)","5.3","5.1","(X)","(X)","(X)","(X)","(X)","(X)","(X)","(X)","84.7","8.7","81.1","12.5","64.5","64.5","92.2","12.2","100.0","38.1","15.3","8.7","18.9","12.5","35.5","64.5","7.8","12.2","0.0","38.1","0.0","4.7","0.0","7.3","0.0","57.2","0.0","18.8","0.0","38.1","67.7","9.6","71.2","11.8","58.1","58.1","62.6","24.8","60.0","44.7","32.3","9.6","28.8","11.8","41.9","58.1","37.4","24.8","40.0","44.7",
"1400000US06111004901","Census Tract 49.01, Ventura County, California","1836","111","1092","183","86","65","391","157","267","108","3.67","0.25","4.38","0.30","2.65","0.36","3.21","0.38","1.79","0.42","1569","136","1092","183","86","65","391","157","(X)","(X)","3.88","0.28","4.33","0.31","2.21","0.31","2.99","0.38","(X)","(X)","914","151","690","152","46","45","178","96","(X)","(X)","24.9","10.2","16.7","9.4","0.0","47.0","63.5","29.6","(X)","(X)","28.3","12.5","31.9","16.1","0.0","47.0","21.9","25.5","(X)","(X)","46.7","13.6","51.4","16.6","100.0","47.0","14.6","17.0","(X)","(X)","1836","111","1092","183","86","65","391","157","267","108","57.8","8.2","68.9","9.7","76.7","33.4","62.4","17.6","0.0","13.1","16.0","5.6","18.4","8.1","32.6","34.9","12.8","11.7","5.6","6.9","7.5","4.1","(X)","(X)","(X)","(X)","(X)","(X)","51.7","21.5","0.3","0.6","(X)","(X)","(X)","(X)","(X)","(X)","2.2","4.5","0.0","2.0","(X)","(X)","(X)","(X)","(X)","(X)","(X)","(X)","8.5","5.0","(X)","(X)","(X)","(X)","(X)","(X)","(X)","(X)","68.0","6.1","74.9","8.5","55.8","37.3","65.7","19.5","47.2","16.3","31.5","6.2","24.4","8.4","44.2","37.3","34.3","19.5","52.8","16.3","0.4","0.8","0.7","1.3","0.0","33.7","0.0","9.1","0.0","13.1","52.3","6.6","60.1","11.5","55.8","37.3","53.2","20.9","18.4","13.2","47.7","6.6","39.9","11.5","44.2","37.3","46.8","20.9","81.6","13.2",
"1400000US06111004902","Census Tract 49.02, Ventura County, California","1087","62","675","139","153","89","102","80","157","80","4.43","0.53","5.35","0.74","3.79","0.78","3.77","1.30","1.50","0.80","930","96","675","139","153","89","102","80","(X)","(X)","4.60","0.46","5.05","0.60","3.38","0.63","3.46","0.99","(X)","(X)","488","109","380","125","98","71","10","17","(X)","(X)","7.4","10.7","0.0","9.4","36.7","48.8","0.0","100.0","(X)","(X)","24.4","17.5","22.9","18.3","32.7","43.9","0.0","100.0","(X)","(X)","68.2","18.0","77.1","18.3","30.6","37.6","100.0","100.0","(X)","(X)","1087","62","675","139","153","89","102","80","157","80","52.7","9.1","61.5","13.0","64.1","25.9","58.8","36.8","0.0","21.1","42.7","9.7","34.2","13.4","35.9","25.9","41.2","36.8","86.6","21.1","12.5","7.0","(X)","(X)","(X)","(X)","(X)","(X)","86.6","21.1","5.4","4.0","(X)","(X)","(X)","(X)","(X)","(X)","37.6","29.5","2.8","3.4","(X)","(X)","(X)","(X)","(X)","(X)","(X)","(X)","3.3","4.8","(X)","(X)","(X)","(X)","(X)","(X)","(X)","(X)","59.9","8.5","65.9","13.6","76.5","32.0","47.1","38.1","26.1","24.7","40.1","8.5","34.1","13.6","23.5","32.0","52.9","38.1","73.9","24.7","0.0","3.4","0.0","5.4","0.0","21.5","0.0","29.8","0.0","21.1","46.1","9.8","50.7","15.3","76.5","32.0","41.2","36.2","0.0","21.1","53.9","9.8","49.3","15.3","23.5","32.0","58.8","36.2","100.0","21.1",
"1400000US06111005002","Census Tract 50.02, Ventura County, California","687","46","325","84","64","54","155","65","143","59","4.00","0.44","5.09","0.65","4.77","0.75","4.08","1.00","1.08","0.11","544","64","325","84","64","54","155","65","(X)","(X)","4.46","0.43","5.06","0.65","4.11","0.98","3.37","0.58","(X)","(X)","384","82","214","81","46","48","124","61","(X)","(X)","36.7","16.6","50.0","21.7","73.9","41.7","0.0","25.6","(X)","(X)","23.2","13.6","3.7","5.9","26.1","41.7","55.6","31.3","(X)","(X)","40.1","18.0","46.3","21.3","0.0","47.0","44.4","31.3","(X)","(X)","687","46","325","84","64","54","155","65","143","59","64.6","9.5","79.7","12.4","71.9","33.4","89.7","11.8","0.0","22.8","9.3","5.6","4.3","4.9","0.0","39.8","0.0","21.3","35.0","25.6","19.5","8.1","(X)","(X)","(X)","(X)","(X)","(X)","93.7","10.9","1.9","2.2","(X)","(X)","(X)","(X)","(X)","(X)","9.1","10.5","0.0","5.3","(X)","(X)","(X)","(X)","(X)","(X)","(X)","(X)","11.5","8.9","(X)","(X)","(X)","(X)","(X)","(X)","(X)","(X)","63.3","12.0","84.0","14.8","46.9","37.8","71.0","19.8","15.4","13.9","11.5","7.4","10.5","11.4","0.0","39.8","5.8","10.0","25.2","21.1","25.2","10.0","5.5","7.0","53.1","37.8","23.2","18.9","59.4","22.4","29.5","10.6","16.9","10.9","46.9","37.8","25.2","23.3","55.2","27.9","70.5","10.6","83.1","10.9","53.1","37.8","74.8","23.3","44.8","27.9",
"1400000US06111005003","Census Tract 50.03, Ventura County, California","1721","138","1036","152","94","65","209","92","382","141","4.03","0.39","4.99","0.43","3.47","0.67","3.68","0.63","1.76","1.00","1339","168","1036","152","94","65","209","92","(X)","(X)","4.50","0.36","4.85","0.42","3.09","0.88","3.42","0.59","(X)","(X)","770","167","583","153","71","61","116","86","(X)","(X)","17.8","12.1","14.1","14.1","77.5","47.7","0.0","27.0","(X)","(X)","24.4","12.1","32.2","15.1","0.0","37.8","0.0","27.0","(X)","(X)","57.8","15.0","53.7","19.0","22.5","47.7","100.0","27.0","(X)","(X)","1721","138","1036","152","94","65","209","92","382","141","55.0","7.7","63.8","8.7","86.2","22.1","78.0","19.9","11.0","16.4","39.5","8.0","37.6","11.9","13.8","22.1","21.5","18.0","60.7","22.3","18.9","7.7","(X)","(X)","(X)","(X)","(X)","(X)","85.3","17.2","8.4","5.0","(X)","(X)","(X)","(X)","(X)","(X)","38.0","19.7","0.0","2.2","(X)","(X)","(X)","(X)","(X)","(X)","(X)","(X)","2.8","3.6","(X)","(X)","(X)","(X)","(X)","(X)","(X)","(X)","78.4","6.8","69.6","9.9","100.0","31.7","92.8","12.7","89.3","16.2","13.6","6.1","17.2","8.8","0.0","31.7","7.2","12.7","10.7","16.2","8.0","4.1","13.2","6.7","0.0","31.7","0.0","16.4","0.0","9.3","65.4","8.4","70.9","10.1","35.1","31.7","35.4","23.1","74.1","20.1","34.6","8.4","29.1","10.1","64.9","31.7","64.6","23.1","25.9","20.1",
"1400000US06111005004","Census Tract 50.04, Ventura County, California","1326","102","644","95","35","36","258","126","389","149","2.78","0.26","3.41","0.39","3.29","0.37","2.55","0.35","1.84","0.35","937","140","644","95","35","36","258","126","(X)","(X)","3.11","0.30","3.39","0.39","2.17","0.16","2.55","0.35","(X)","(X)","654","143","415","82","12","19","227","123","(X)","(X)","28.4","15.2","26.5","14.5","100.0","92.0","28.2","35.8","(X)","(X)","8.3","8.4","13.0","13.0","0.0","92.0","0.0","15.2","(X)","(X)","63.3","16.8","60.5","18.9","0.0","92.0","71.8","35.8","(X)","(X)","1326","102","644","95","35","36","258","126","389","149","49.3","10.9","64.4","11.9","34.3","49.8","88.0","16.2","0.0","9.2","6.4","4.8","6.7","7.1","65.7","49.8","0.0","13.5","4.9","8.3","10.9","6.3","(X)","(X)","(X)","(X)","(X)","(X)","37.0","20.8","1.4","2.6","(X)","(X)","(X)","(X)","(X)","(X)","4.9","8.3","0.0","2.8","(X)","(X)","(X)","(X)","(X)","(X)","(X)","(X)","11.8","6.9","(X)","(X)","(X)","(X)","(X)","(X)","(X)","(X)","49.3","9.6","59.0","16.3","100.0","53.8","29.8","25.5","41.6","20.0","49.5","9.8","38.7","16.3","0.0","53.8","70.2","25.5","58.4","20.0","1.1","1.7","2.3","3.4","0.0","53.8","0.0","13.5","0.0","9.2","42.8","9.2","57.5","14.7","34.3","49.8","12.8","18.7","39.3","18.3","57.2","9.2","42.5","14.7","65.7","49.8","87.2","18.7","60.7","18.3",
"1400000US06111005100","Census Tract 51, Ventura County, California","966","78","608","79","50","34","63","38","245","84","3.01","0.24","3.45","0.30","2.64","0.52","4.97","0.99","1.51","0.34","721","77","608","79","50","34","63","38","(X)","(X)","3.47","0.23","3.41","0.30","2.48","0.44","4.84","0.86","(X)","(X)","308","65","249","73","7","11","52","35","(X)","(X)","10.1","8.0","12.4","10.1","0.0","100.0","0.0","44.2","(X)","(X)","8.1","6.9","6.8","6.7","0.0","100.0","15.4","21.2","(X)","(X)","81.8","10.2","80.7","12.4","100.0","100.0","84.6","21.2","(X)","(X)","966","78","608","79","50","34","63","38","245","84","37.6","6.8","44.1","9.7","14.0","23.9","82.5","22.2","14.7","15.8","54.0","6.9","51.5","10.4","72.0","31.9","30.2","26.3","62.9","17.1","17.5","6.5","(X)","(X)","(X)","(X)","(X)","(X)","69.0","18.3","11.9","4.3","(X)","(X)","(X)","(X)","(X)","(X)","46.9","15.8","2.4","3.4","(X)","(X)","(X)","(X)","(X)","(X)","(X)","(X)","2.7","2.2","(X)","(X)","(X)","(X)","(X)","(X)","(X)","(X)","91.9","3.9","94.1","3.7","86.0","20.5","100.0","40.1","85.7","15.1","2.5","3.8","0.0","6.0","0.0","45.1","0.0","40.1","9.8","14.4","5.6","2.9","5.9","3.7","14.0","20.5","0.0","40.1","4.5","5.8","76.8","7.2","83.2","8.0","82.0","25.0","41.3","29.5","69.0","18.8","23.2","7.2","16.8","8.0","18.0","25.0","58.7","29.5","31.0","18.8",
"1400000US06111005202","Census Tract 52.02, Ventura County, California","1021","70","578","103","25","26","88","57","330","88","2.69","0.25","3.56","0.36","3.20","0.31","2.44","0.37","1.19","0.14","691","93","578","103","25","26","88","57","(X)","(X)","3.35","0.31","3.54","0.35","2.76","0.71","2.30","0.25","(X)","(X)","265","73","221","66","15","23","29","38","(X)","(X)","30.6","16.8","19.5","13.3","100.0","82.2","79.3","46.0","(X)","(X)","7.2","7.8","5.9","8.4","0.0","82.3","20.7","46.0","(X)","(X)","62.3","17.9","74.7","15.9","0.0","82.3","0.0","59.2","(X)","(X)","1021","70","578","103","25","26","88","57","330","88","26.8","7.0","38.2","11.1","60.0","60.0","33.0","34.5","2.7","3.9","48.6","7.1","46.9","9.1","0.0","63.7","51.1","33.2","54.5","14.5","27.9","7.9","(X)","(X)","(X)","(X)","(X)","(X)","86.4","8.2","8.7","4.5","(X)","(X)","(X)","(X)","(X)","(X)","27.0","11.0","0.0","3.6","(X)","(X)","(X)","(X)","(X)","(X)","(X)","(X)","3.5","2.3","(X)","(X)","(X)","(X)","(X)","(X)","(X)","(X)","80.3","5.1","91.3","7.6","40.0","60.0","93.2","11.8","60.6","13.0","19.7","5.1","8.7","7.6","60.0","60.0","6.8","11.8","39.4","13.0","0.0","3.6","0.0","6.3","0.0","63.7","0.0","33.2","0.0","10.7","76.0","6.1","82.9","7.9","100.0","63.7","47.7","33.4","69.7","13.3","24.0","6.1","17.1","7.9","0.0","63.7","52.3","33.4","30.3","13.3",
"1400000US06111005203","Census Tract 52.03, Ventura County, California","1796","101","1102","95","111","70","116","56","467","104","2.80","0.17","3.28","0.24","4.23","1.12","3.07","0.19","1.27","0.26","1329","106","1102","95","111","70","116","56","(X)","(X)","3.13","0.17","3.11","0.19","3.68","0.90","2.88","0.23","(X)","(X)","474","72","326","70","78","54","70","42","(X)","(X)","9.9","5.8","12.9","8.0","0.0","35.8","7.1","9.8","(X)","(X)","18.6","11.6","21.5","14.4","23.1","36.6","0.0","38.1","(X)","(X)","71.5","12.6","65.6","15.8","76.9","36.6","92.9","9.8","(X)","(X)","1796","101","1102","95","111","70","116","56","467","104","28.3","3.7","32.8","5.1","70.3","28.6","60.3","25.2","0.0","7.7","50.8","6.2","52.9","7.7","10.8","18.1","34.5","24.6","59.5","13.7","21.5","4.6","(X)","(X)","(X)","(X)","(X)","(X)","82.7","12.8","10.2","3.5","(X)","(X)","(X)","(X)","(X)","(X)","39.4","12.8","0.0","2.1","(X)","(X)","(X)","(X)","(X)","(X)","(X)","(X)","5.5","2.9","(X)","(X)","(X)","(X)","(X)","(X)","(X)","(X)","94.7","3.4","97.8","2.5","100.0","28.0","100.0","27.0","84.6","12.4","4.8","3.3","1.3","2.0","0.0","28.0","0.0","27.0","15.4","12.4","0.6","1.0","0.9","1.6","0.0","28.0","0.0","27.0","0.0","7.7","81.9","5.7","92.3","3.9","57.7","34.7","68.1","23.1","66.6","14.8","18.1","5.7","7.7","3.9","42.3","34.7","31.9","23.1","33.4","14.8",
"1400000US06111005204","Census Tract 52.04, Ventura County, California","1219","42","884","82","64","51","79","84","192","67","2.77","0.16","3.01","0.21","2.97","0.71","3.52","2.21","1.27","0.21","1027","80","884","82","64","51","79","84","(X)","(X)","2.97","0.16","3.00","0.21","2.41","0.34","3.11","1.52","(X)","(X)","331","52","277","66","28","32","26","35","(X)","(X)","5.1","6.2","6.1","7.2","0.0","60.2","0.0","62.5","(X)","(X)","22.7","14.2","27.1","17.2","0.0","60.2","0.0","62.5","(X)","(X)","72.2","14.8","66.8","17.6","100.0","60.2","100.0","62.5","(X)","(X)","1219","42","884","82","64","51","79","84","192","67","27.2","4.4","31.3","6.5","43.8","42.1","32.9","55.7","0.0","17.7","54.9","7.3","54.8","8.3","29.7","41.9","67.1","55.7","58.9","24.5","11.5","5.3","(X)","(X)","(X)","(X)","(X)","(X)","72.9","20.2","7.9","4.8","(X)","(X)","(X)","(X)","(X)","(X)","50.0","24.0","1.3","2.0","(X)","(X)","(X)","(X)","(X)","(X)","(X)","(X)","6.0","4.1","(X)","(X)","(X)","(X)","(X)","(X)","(X)","(X)","100.0","3.0","100.0","4.1","100.0","39.8","100.0","35.6","100.0","17.7","0.0","3.0","0.0","4.1","0.0","39.8","0.0","35.6","0.0","17.7","0.0","3.0","0.0","4.1","0.0","39.8","0.0","35.6","0.0","17.7","98.0","2.4","97.3","3.4","100.0","39.8","100.0","35.6","100.0","17.7","2.0","2.4","2.7","3.4","0.0","39.8","0.0","35.6","0.0","17.7",
"1400000US06111005205","Census Tract 52.05, Ventura County, California","2213","92","1330","159","40","36","229","104","614","122","2.70","0.13","3.04","0.18","3.55","1.33","3.92","0.76","1.48","0.21","1599","145","1330","159","40","36","229","104","(X)","(X)","3.12","0.15","3.04","0.18","2.70","0.40","3.70","0.73","(X)","(X)","704","130","567","144","40","36","97","75","(X)","(X)","23.3","13.2","28.9","15.0","0.0","50.4","0.0","31.0","(X)","(X)","7.8","7.9","9.7","9.7","0.0","50.4","0.0","31.0","(X)","(X)","68.9","14.5","61.4","16.1","100.0","50.4","100.0","31.0","(X)","(X)","2213","92","1330","159","40","36","229","104","614","122","33.8","4.9","43.1","8.7","100.0","50.4","59.4","23.3","0.0","5.9","44.8","5.5","46.5","8.5","0.0","50.4","29.7","21.6","49.7","12.5","19.7","4.7","(X)","(X)","(X)","(X)","(X)","(X)","71.2","9.3","6.1","2.5","(X)","(X)","(X)","(X)","(X)","(X)","22.1","9.2","2.0","1.8","(X)","(X)","(X)","(X)","(X)","(X)","(X)","(X)","4.8","2.8","(X)","(X)","(X)","(X)","(X)","(X)","(X)","(X)","87.9","3.4","94.1","3.9","100.0","50.4","95.2","8.0","71.0","12.2","6.4","3.1","2.9","2.7","0.0","50.4","4.8","8.0","15.0","11.7","5.7","2.0","3.0","2.6","0.0","50.4","0.0","15.1","14.0","6.6","78.8","5.6","84.6","7.1","25.0","39.1","68.6","23.7","73.6","11.6","21.2","5.6","15.4","7.1","75.0","39.1","31.4","23.7","26.4","11.6",
"1400000US06111005303","Census Tract 53.03, Ventura County, California","3142","112","2296","193","112","115","173","86","561","142","3.10","0.15","3.46","0.13","4.67","0.49","2.85","0.48","1.36","0.22","2581","167","2296","193","112","115","173","86","(X)","(X)","3.44","0.14","3.46","0.13","4.19","0.49","2.72","0.38","(X)","(X)","1499","162","1324","157","66","94","109","71","(X)","(X)","18.5","7.2","19.0","6.9","0.0","39.2","23.9","31.9","(X)","(X)","19.0","6.1","20.6","6.8","0.0","39.2","11.0","18.3","(X)","(X)","62.5","8.9","60.4","8.9","100.0","39.2","65.1","33.4","(X)","(X)","3142","112","2296","193","112","115","173","86","561","142","50.4","5.3","59.0","6.4","100.0","27.8","63.0","24.5","1.6","2.5","26.0","4.5","20.5","4.5","41.1","56.5","27.2","22.1","45.3","14.1","14.1","4.0","(X)","(X)","(X)","(X)","(X)","(X)","78.8","11.9","6.6","3.0","(X)","(X)","(X)","(X)","(X)","(X)","36.7","13.2","0.3","0.4","(X)","(X)","(X)","(X)","(X)","(X)","(X)","(X)","3.0","2.6","(X)","(X)","(X)","(X)","(X)","(X)","(X)","(X)","85.1","3.1","87.7","3.9","100.0","27.8","93.6","9.6","69.0","12.3","9.0","2.5","7.5","3.4","0.0","27.8","6.4","9.6","17.8","9.5","5.9","1.8","4.8","2.4","0.0","27.8","0.0","19.4","13.2","8.0","80.2","4.6","85.1","4.5","0.0","27.8","84.4","16.4","74.7","10.9","19.8","4.6","14.9","4.5","100.0","27.8","15.6","16.4","25.3","10.9",
"1400000US06111005304","Census Tract 53.04, Ventura County, California","2789","169","1128","178","22","27","124","79","1515","205","1.77","0.09","2.66","0.21","2.50","0.81","2.35","0.29","1.04","0.03","1274","171","1128","178","22","27","124","79","(X)","(X)","2.63","0.18","2.66","0.21","2.50","0.81","2.35","0.29","(X)","(X)","324","69","263","70","9","17","52","54","(X)","(X)","10.2","11.7","12.5","13.7","0.0","100.0","0.0","44.2","(X)","(X)","12.0","13.7","14.8","16.8","0.0","100.0","0.0","44.2","(X)","(X)","77.8","16.8","72.6","19.9","100.0","100.0","100.0","44.2","(X)","(X)","2789","169","1128","178","22","27","124","79","1515","205","11.6","2.3","23.3","6.7","40.9","59.1","41.9","42.3","0.0","2.4","76.5","4.7","63.6","9.3","59.1","59.1","58.1","42.3","87.9","5.9","52.2","5.9","(X)","(X)","(X)","(X)","(X)","(X)","96.0","2.9","42.8","5.0","(X)","(X)","(X)","(X)","(X)","(X)","78.7","7.2","0.3","0.6","(X)","(X)","(X)","(X)","(X)","(X)","(X)","(X)","0.5","0.8","(X)","(X)","(X)","(X)","(X)","(X)","(X)","(X)","89.3","4.4","99.1","1.4","100.0","67.9","73.4","25.5","83.1","7.4","10.7","4.4","0.9","1.4","0.0","67.9","26.6","25.5","16.9","7.4","0.0","1.3","0.0","3.3","0.0","67.9","0.0","25.6","0.0","2.4","74.5","5.6","79.2","8.3","100.0","67.9","66.9","30.9","71.4","7.1","25.5","5.6","20.8","8.3","0.0","67.9","33.1","30.9","28.6","7.1",
"1400000US06111005305","Census Tract 53.05, Ventura County, California","1799","75","1355","118","43","39","75","45","326","114","3.15","0.20","3.56","0.21","3.58","1.46","3.09","0.67","1.36","0.24","1473","104","1355","118","43","39","75","45","(X)","(X)","3.42","0.19","3.47","0.21","2.26","0.30","3.09","0.67","(X)","(X)","602","96","566","102","27","26","9","15","(X)","(X)","2.3","3.4","2.5","3.6","0.0","61.3","0.0","100.0","(X)","(X)","15.1","8.2","16.1","8.6","0.0","61.3","0.0","100.0","(X)","(X)","82.6","9.2","81.4","9.6","100.0","61.3","100.0","100.0","(X)","(X)","1799","75","1355","118","43","39","75","45","326","114","36.7","5.1","45.4","6.1","62.8","37.7","12.0","18.7","3.1","4.9","35.0","6.1","34.8","6.8","0.0","48.6","70.7","30.0","32.5","18.0","12.7","5.6","(X)","(X)","(X)","(X)","(X)","(X)","70.2","19.6","2.2","2.3","(X)","(X)","(X)","(X)","(X)","(X)","12.3","13.2","0.4","0.8","(X)","(X)","(X)","(X)","(X)","(X)","(X)","(X)","2.9","2.6","(X)","(X)","(X)","(X)","(X)","(X)","(X)","(X)","98.4","2.0","99.4","0.9","100.0","48.6","100.0","36.7","93.6","10.9","0.0","2.1","0.0","2.7","0.0","48.6","0.0","36.7","0.0","10.9","1.6","2.0","0.6","0.9","0.0","48.6","0.0","36.7","6.4","10.9","91.9","4.1","93.4","4.9","100.0","48.6","100.0","36.7","82.5","16.8","8.1","4.1","6.6","4.9","0.0","48.6","0.0","36.7","17.5","16.8",
"1400000US06111005306","Census Tract 53.06, Ventura County, California","1656","60","1059","89","71","42","223","70","303","77","2.94","0.15","3.34","0.18","4.04","1.25","3.19","0.39","1.12","0.09","1353","87","1059","89","71","42","223","70","(X)","(X)","3.30","0.17","3.34","0.18","3.39","0.85","3.08","0.42","(X)","(X)","727","75","561","67","48","35","118","56","(X)","(X)","19.3","9.2","10.9","8.4","0.0","46.0","66.9","24.2","(X)","(X)","16.2","8.4","21.0","10.3","0.0","46.0","0.0","26.7","(X)","(X)","64.5","10.4","68.1","11.9","100.0","46.0","33.1","24.2","(X)","(X)","1656","60","1059","89","71","42","223","70","303","77","46.7","5.0","53.0","5.6","80.3","22.2","70.0","15.9","0.0","11.6","33.0","4.3","31.4","5.9","28.2","28.3","23.8","17.3","46.2","14.0","15.9","4.0","(X)","(X)","(X)","(X)","(X)","(X)","87.1","9.2","5.6","2.8","(X)","(X)","(X)","(X)","(X)","(X)","30.4","13.1","0.5","0.7","(X)","(X)","(X)","(X)","(X)","(X)","(X)","(X)","3.0","2.0","(X)","(X)","(X)","(X)","(X)","(X)","(X)","(X)","93.5","3.5","99.2","1.3","100.0","37.8","64.6","19.7","93.1","7.7","6.5","3.5","0.8","1.3","0.0","37.8","35.4","19.7","6.9","7.7","0.0","2.2","0.0","3.5","0.0","37.8","0.0","15.4","0.0","11.6","80.0","5.6","80.5","7.9","83.1","25.2","64.6","19.7","88.4","10.1","20.0","5.6","19.5","7.9","16.9","25.2","35.4","19.7","11.6","10.1",
"1400000US06111005401","Census Tract 54.01, Ventura County, California","1267","71","765","92","105","57","117","58","280","99","3.11","0.26","3.38","0.32","3.89","0.88","3.62","0.62","1.86","0.53","987","89","765","92","105","57","117","58","(X)","(X)","3.28","0.26","3.36","0.32","2.85","0.64","3.18","0.58","(X)","(X)","346","54","293","50","19","21","34","25","(X)","(X)","22.5","14.6","26.6","16.7","0.0","73.1","0.0","54.6","(X)","(X)","26.6","15.3","19.5","14.8","47.4","52.6","76.5","45.2","(X)","(X)","50.9","16.3","53.9","17.3","52.6","52.6","23.5","45.2","(X)","(X)","1267","71","765","92","105","57","117","58","280","99","34.5","6.5","42.0","6.3","42.9","30.1","53.8","29.0","2.9","4.7","46.8","6.5","47.2","8.1","41.0","32.2","64.1","23.6","40.7","16.5","14.6","6.2","(X)","(X)","(X)","(X)","(X)","(X)","66.1","18.5","6.8","3.2","(X)","(X)","(X)","(X)","(X)","(X)","30.7","13.2","1.7","2.4","(X)","(X)","(X)","(X)","(X)","(X)","(X)","(X)","3.1","2.5","(X)","(X)","(X)","(X)","(X)","(X)","(X)","(X)","93.1","2.7","98.6","2.3","88.6","17.3","78.6","18.7","86.1","11.3","6.9","2.7","1.4","2.3","11.4","17.3","21.4","18.7","13.9","11.3","0.0","2.9","0.0","4.8","0.0","29.2","0.0","26.9","0.0","12.5","78.9","7.5","90.3","6.6","59.0","31.7","46.2","29.0","68.9","17.0","21.1","7.5","9.7","6.6","41.0","31.7","53.8","29.0","31.1","17.0",
"1400000US06111005403","Census Tract 54.03, Ventura County, California","920","82","319","79","36","39","140","86","425","88","2.68","0.27","3.91","0.66","7.08","0.77","3.26","0.37","1.19","0.14","495","91","319","79","36","39","140","86","(X)","(X)","3.72","0.40","3.68","0.48","6.67","0.68","3.05","0.24","(X)","(X)","265","57","174","46","23","33","68","56","(X)","(X)","5.3","5.5","8.0","8.6","0.0","66.4","0.0","38.6","(X)","(X)","21.1","15.5","30.5","20.6","0.0","66.4","4.4","9.7","(X)","(X)","73.6","16.4","61.5","21.7","100.0","66.4","95.6","9.7","(X)","(X)","920","82","319","79","36","39","140","86","425","88","31.1","6.4","57.1","13.1","100.0","53.1","48.6","36.8","0.0","8.4","45.8","7.6","30.7","16.2","0.0","53.1","23.6","23.2","68.2","14.6","39.9","7.6","(X)","(X)","(X)","(X)","(X)","(X)","86.4","8.2","27.1","6.8","(X)","(X)","(X)","(X)","(X)","(X)","58.6","14.4","0.0","4.0","(X)","(X)","(X)","(X)","(X)","(X)","(X)","(X)","6.3","4.2","(X)","(X)","(X)","(X)","(X)","(X)","(X)","(X)","54.8","7.5","75.2","12.5","36.1","57.1","79.3","30.3","32.9","13.1","44.6","7.8","22.9","13.4","63.9","57.1","20.7","30.3","67.1","13.1","0.7","1.1","1.9","3.2","0.0","53.1","0.0","23.2","0.0","8.4","33.2","7.7","62.7","14.1","0.0","53.1","30.7","23.5","14.6","8.7","66.8","7.7","37.3","14.1","100.0","53.1","69.3","23.5","85.4","8.7",
"1400000US06111005404","Census Tract 54.04, Ventura County, California","1216","47","821","94","39","46","167","88","189","74","3.09","0.17","3.52","0.27","2.18","0.14","3.13","0.62","1.37","0.45","1027","79","821","94","39","46","167","88","(X)","(X)","3.35","0.21","3.50","0.27","2.18","0.14","2.87","0.64","(X)","(X)","408","65","356","67","0","95","52","42","(X)","(X)","0.0","8.8","0.0","10.0","-","**","0.0","44.2","(X)","(X)","20.8","10.8","23.9","12.5","-","**","0.0","44.2","(X)","(X)","79.2","10.8","76.1","12.5","-","**","100.0","44.2","(X)","(X)","1216","47","821","94","39","46","167","88","189","74","35.1","5.8","45.7","8.5","0.0","51.0","31.1","22.1","0.0","17.9","40.7","6.1","31.5","6.5","100.0","51.0","54.5","26.5","56.1","26.7","11.8","4.6","(X)","(X)","(X)","(X)","(X)","(X)","76.2","26.9","7.2","4.0","(X)","(X)","(X)","(X)","(X)","(X)","46.0","25.7","0.0","3.0","(X)","(X)","(X)","(X)","(X)","(X)","(X)","(X)","3.1","4.7","(X)","(X)","(X)","(X)","(X)","(X)","(X)","(X)","100.0","3.0","100.0","4.5","100.0","51.0","100.0","20.0","100.0","17.9","0.0","3.0","0.0","4.5","0.0","51.0","0.0","20.0","0.0","17.9","0.0","3.0","0.0","4.5","0.0","51.0","0.0","20.0","0.0","17.9","94.0","3.5","96.7","3.2","100.0","51.0","84.4","18.8","89.4","9.2","6.0","3.5","3.3","3.2","0.0","51.0","15.6","18.8","10.6","9.2",
"1400000US06111005502","Census Tract 55.02, Ventura County, California","2021","97","742","166","74","44","367","121","838","129","2.54","0.20","3.32","0.35","2.70","0.74","3.21","0.70","1.53","0.29","1183","133","742","166","74","44","367","121","(X)","(X)","3.19","0.28","3.32","0.35","2.35","0.42","3.08","0.70","(X)","(X)","705","101","386","116","54","38","265","119","(X)","(X)","28.9","9.7","27.5","14.1","68.5","37.2","23.0","19.7","(X)","(X)","25.2","14.1","46.1","19.7","0.0","43.3","0.0","13.2","(X)","(X)","45.8","13.8","26.4","14.2","31.5","37.2","77.0","19.7","(X)","(X)","2021","97","742","166","74","44","367","121","838","129","36.0","4.9","52.0","10.4","73.0","26.0","75.5","15.9","1.2","2.0","20.4","4.2","19.8","8.7","14.9","22.1","21.3","12.9","21.1","7.7","28.3","5.5","(X)","(X)","(X)","(X)","(X)","(X)","68.3","9.8","5.6","2.3","(X)","(X)","(X)","(X)","(X)","(X)","13.5","5.5","0.0","1.8","(X)","(X)","(X)","(X)","(X)","(X)","(X)","(X)","7.9","3.8","(X)","(X)","(X)","(X)","(X)","(X)","(X)","(X)","38.1","4.7","40.3","10.1","28.4","30.1","37.9","16.2","37.0","11.5","61.9","4.7","59.7","10.1","71.6","30.1","62.1","16.2","63.0","11.5","0.0","1.8","0.0","4.9","0.0","36.9","0.0","9.7","0.0","4.4","29.5","4.0","31.3","10.2","28.4","30.1","25.6","14.9","29.7","10.5","70.5","4.0","68.7","10.2","71.6","30.1","74.4","14.9","70.3","10.5",
"1400000US06111005503","Census Tract 55.03, Ventura County, California","1001","94","632","119","66","52","104","62","199","65","2.96","0.26","3.26","0.29","3.79","0.49","4.07","1.05","1.14","0.16","802","103","632","119","66","52","104","62","(X)","(X)","3.32","0.30","3.24","0.29","3.30","0.84","3.82","1.09","(X)","(X)","386","102","283","91","52","49","51","41","(X)","(X)","15.0","10.4","18.7","13.3","0.0","44.2","9.8","20.4","(X)","(X)","16.1","13.1","13.8","12.7","44.2","55.8","0.0","44.6","(X)","(X)","68.9","14.6","67.5","16.2","55.8","55.8","90.2","20.4","(X)","(X)","1001","94","632","119","66","52","104","62","199","65","42.0","8.8","47.2","10.7","78.8","31.1","67.3","26.8","0.0","17.1","45.3","6.9","33.7","8.9","21.2","31.1","41.3","30.0","92.0","12.4","17.7","5.9","(X)","(X)","(X)","(X)","(X)","(X)","88.9","12.9","15.3","5.6","(X)","(X)","(X)","(X)","(X)","(X)","76.9","17.9","0.0","3.7","(X)","(X)","(X)","(X)","(X)","(X)","(X)","(X)","1.5","1.8","(X)","(X)","(X)","(X)","(X)","(X)","(X)","(X)","84.3","6.5","96.2","5.7","65.2","46.3","100.0","29.4","44.7","20.3","15.7","6.5","3.8","5.7","34.8","46.3","0.0","29.4","55.3","20.3","0.0","3.7","0.0","5.8","0.0","39.2","0.0","29.4","0.0","17.1","63.4","9.7","73.6","11.1","34.8","40.1","71.2","29.9","36.7","18.4","36.6","9.7","26.4","11.1","65.2","40.1","28.8","29.9","63.3","18.4",
"1400000US06111005504","Census Tract 55.04, Ventura County, California","1509","53","840","111","74","66","219","78","376","98","2.84","0.18","3.35","0.24","4.07","1.38","3.33","0.45","1.17","0.16","1133","102","840","111","74","66","219","78","(X)","(X)","3.24","0.20","3.32","0.24","3.39","1.81","2.89","0.36","(X)","(X)","477","103","319","92","74","66","84","50","(X)","(X)","18.2","12.5","24.1","17.8","0.0","36.9","11.9","20.7","(X)","(X)","10.5","9.0","12.9","12.2","0.0","36.9","10.7","19.0","(X)","(X)","71.3","14.2","63.0","20.4","100.0","36.9","77.4","23.6","(X)","(X)","1509","53","840","111","74","66","219","78","376","98","38.0","6.1","43.0","8.6","100.0","36.9","59.4","16.5","2.4","3.6","39.8","4.4","33.6","7.0","20.3","32.6","40.6","16.5","57.2","12.0","22.9","6.2","(X)","(X)","(X)","(X)","(X)","(X)","92.0","7.1","10.5","3.8","(X)","(X)","(X)","(X)","(X)","(X)","42.3","12.6","0.9","1.4","(X)","(X)","(X)","(X)","(X)","(X)","(X)","(X)","2.6","2.3","(X)","(X)","(X)","(X)","(X)","(X)","(X)","(X)","80.8","4.8","92.3","6.6","100.0","36.9","83.6","15.6","50.0","12.3","19.2","4.8","7.7","6.6","0.0","36.9","16.4","15.6","50.0","12.3","0.0","2.5","0.0","4.4","0.0","36.9","0.0","15.7","0.0","9.5","67.9","6.2","78.8","7.9","79.7","32.6","61.2","19.9","44.9","11.5","32.1","6.2","21.2","7.9","20.3","32.6","38.8","19.9","55.1","11.5",
"1400000US06111005600","Census Tract 56, Ventura County, California","3449","116","2028","200","123","81","414","134","884","169","2.63","0.15","3.15","0.20","3.02","0.64","2.86","0.41","1.29","0.17","2565","176","2028","200","123","81","414","134","(X)","(X)","3.04","0.19","3.14","0.20","2.72","0.36","2.65","0.41","(X)","(X)","1265","172","986","184","77","76","202","107","(X)","(X)","33.6","11.2","36.6","12.3","27.3","42.2","21.3","22.9","(X)","(X)","13.9","5.7","16.7","7.1","14.3","33.8","0.0","16.9","(X)","(X)","52.5","11.8","46.7","12.6","58.4","55.4","78.7","22.9","(X)","(X)","3449","116","2028","200","123","81","414","134","884","169","41.1","5.1","51.2","7.9","62.6","33.9","64.7","21.0","3.8","5.5","37.0","4.3","31.9","5.5","24.4","28.0","27.8","17.4","54.9","10.8","20.4","4.1","(X)","(X)","(X)","(X)","(X)","(X)","79.6","11.1","9.1","3.1","(X)","(X)","(X)","(X)","(X)","(X)","35.6","10.6","0.4","0.6","(X)","(X)","(X)","(X)","(X)","(X)","(X)","(X)","5.2","3.0","(X)","(X)","(X)","(X)","(X)","(X)","(X)","(X)","68.9","4.5","81.5","5.6","63.4","44.0","64.0","17.8","43.3","9.9","15.5","4.6","8.9","5.2","0.0","25.8","17.6","14.9","31.7","9.3","15.6","4.1","9.7","4.6","36.6","44.0","18.4","12.3","25.0","8.3","71.4","5.1","81.1","6.3","74.0","31.3","39.6","17.1","63.8","11.2","28.6","5.1","18.9","6.3","26.0","31.3","60.4","17.1","36.2","11.2",
"1400000US06111005700","Census Tract 57, Ventura County, California","625","60","318","73","9","13","98","61","200","68","2.59","0.31","3.22","0.41","1.78","0.64","3.10","0.23","1.36","0.27","425","75","318","73","9","13","98","61","(X)","(X)","3.05","0.33","3.20","0.42","1.78","0.64","2.68","0.24","(X)","(X)","226","65","145","45","9","13","72","53","(X)","(X)","32.3","14.8","43.4","18.3","0.0","100.0","13.9","23.5","(X)","(X)","35.0","17.9","27.6","16.9","0.0","100.0","54.2","46.5","(X)","(X)","32.7","16.0","29.0","18.5","100.0","100.0","31.9","42.7","(X)","(X)","625","60","318","73","9","13","98","61","200","68","36.2","10.0","45.6","12.4","100.0","100.0","73.5","23.9","0.0","17.0","10.6","4.9","17.6","9.3","0.0","100.0","0.0","30.7","5.0","7.4","23.5","10.4","(X)","(X)","(X)","(X)","(X)","(X)","73.5","19.0","0.0","5.8","(X)","(X)","(X)","(X)","(X)","(X)","0.0","17.0","0.0","5.8","(X)","(X)","(X)","(X)","(X)","(X)","(X)","(X)","11.2","6.3","(X)","(X)","(X)","(X)","(X)","(X)","(X)","(X)","32.8","8.6","45.0","12.7","0.0","100.0","31.6","29.1","15.5","15.1","67.2","8.6","55.0","12.7","100.0","100.0","68.4","29.1","84.5","15.1","0.0","5.8","0.0","11.1","0.0","100.0","0.0","30.7","0.0","17.0","32.6","8.6","41.8","14.6","100.0","100.0","31.6","29.1","15.5","15.1","67.4","8.6","58.2","14.6","0.0","100.0","68.4","29.1","84.5","15.1",
"1400000US06111005801","Census Tract 58.01, Ventura County, California","1627","91","1130","129","103","85","230","84","164","86","3.24","0.19","3.58","0.21","3.16","0.27","2.74","0.55","1.66","0.73","1463","88","1130","129","103","85","230","84","(X)","(X)","3.34","0.18","3.53","0.20","2.85","0.51","2.67","0.49","(X)","(X)","803","94","596","86","50","63","157","88","(X)","(X)","28.5","12.3","32.6","14.4","32.0","57.6","12.1","18.6","(X)","(X)","12.2","7.9","10.7","8.8","0.0","45.1","21.7","21.9","(X)","(X)","59.3","12.4","56.7","14.0","68.0","57.6","66.2","25.7","(X)","(X)","1627","91","1130","129","103","85","230","84","164","86","51.1","5.1","53.7","6.0","48.5","41.9","75.7","19.7","0.0","20.3","29.6","5.9","30.7","8.4","35.0","36.0","7.4","12.1","50.0","30.8","7.2","4.5","(X)","(X)","(X)","(X)","(X)","(X)","71.3","29.1","2.4","2.4","(X)","(X)","(X)","(X)","(X)","(X)","23.8","24.2","0.0","2.3","(X)","(X)","(X)","(X)","(X)","(X)","(X)","(X)","5.2","4.3","(X)","(X)","(X)","(X)","(X)","(X)","(X)","(X)","100.0","2.3","100.0","3.3","100.0","29.6","100.0","15.0","100.0","20.3","0.0","2.3","0.0","3.3","0.0","29.6","0.0","15.0","0.0","20.3","0.0","2.3","0.0","3.3","0.0","29.6","0.0","15.0","0.0","20.3","92.1","5.1","96.5","2.9","67.0","42.8","81.3","18.6","92.1","13.4","7.9","5.1","3.5","2.9","33.0","42.8","18.7","18.6","7.9","13.4",
"1400000US06111005802","Census Tract 58.02, Ventura County, California","3075","67","2268","169","142","83","247","109","418","120","3.15","0.10","3.51","0.13","2.94","0.65","3.28","0.47","1.13","0.12","2657","130","2268","169","142","83","247","109","(X)","(X)","3.43","0.12","3.51","0.13","2.53","0.44","3.23","0.47","(X)","(X)","1520","143","1240","153","99","63","181","93","(X)","(X)","13.8","6.1","16.9","7.8","0.0","30.5","0.0","18.6","(X)","(X)","13.6","6.3","15.8","7.6","0.0","30.5","5.5","9.1","(X)","(X)","72.6","8.8","67.3","11.2","100.0","30.5","94.5","9.1","(X)","(X)","3075","67","2268","169","142","83","247","109","418","120","51.4","4.7","56.0","5.3","69.7","31.6","85.4","13.2","0.0","8.6","36.2","4.6","33.0","5.9","5.6","9.0","9.3","10.5","79.7","12.6","11.9","3.5","(X)","(X)","(X)","(X)","(X)","(X)","87.6","11.9","8.9","2.6","(X)","(X)","(X)","(X)","(X)","(X)","65.8","15.8","0.0","1.2","(X)","(X)","(X)","(X)","(X)","(X)","(X)","(X)","3.4","2.8","(X)","(X)","(X)","(X)","(X)","(X)","(X)","(X)","86.5","3.3","95.6","2.8","94.4","8.8","78.9","15.0","38.5","15.7","1.8","1.2","1.3","1.5","5.6","8.8","4.0","6.4","2.2","3.3","11.7","3.1","3.1","2.4","0.0","22.9","17.0","16.8","59.3","15.5","92.5","3.1","93.5","3.8","85.2","15.6","84.2","14.9","94.5","6.4","7.5","3.1","6.5","3.8","14.8","15.6","15.8","14.9","5.5","6.4",
"1400000US06111005901","Census Tract 59.01, Ventura County, California","2249","56","1694","149","91","68","158","96","306","108","3.03","0.14","3.32","0.17","3.65","1.22","3.17","0.53","1.19","0.14","1943","116","1694","149","91","68","158","96","(X)","(X)","3.27","0.16","3.31","0.17","3.11","0.69","2.98","0.36","(X)","(X)","862","108","747","121","44","39","71","75","(X)","(X)","12.3","6.8","14.2","7.9","0.0","48.0","0.0","37.8","(X)","(X)","20.2","11.0","23.3","12.5","0.0","48.0","0.0","37.8","(X)","(X)","67.5","11.0","62.5","12.2","100.0","48.0","100.0","37.8","(X)","(X)","2249","56","1694","149","91","68","158","96","306","108","40.9","4.9","46.8","6.8","48.4","40.1","53.2","31.2","0.0","11.5","39.7","6.7","34.5","7.3","69.2","30.4","38.6","29.8","60.1","19.9","11.4","4.3","(X)","(X)","(X)","(X)","(X)","(X)","84.0","12.3","5.2","3.3","(X)","(X)","(X)","(X)","(X)","(X)","38.2","20.2","0.0","1.7","(X)","(X)","(X)","(X)","(X)","(X)","(X)","(X)","2.4","2.0","(X)","(X)","(X)","(X)","(X)","(X)","(X)","(X)","100.0","1.7","100.0","2.2","100.0","32.4","100.0","20.9","100.0","11.5","0.0","1.7","0.0","2.2","0.0","32.4","0.0","20.9","0.0","11.5","0.0","1.7","0.0","2.2","0.0","32.4","0.0","20.9","0.0","11.5","87.2","7.2","89.2","7.7","65.9","37.8","71.5","34.0","90.8","10.1","12.8","7.2","10.8","7.7","34.1","37.8","28.5","34.0","9.2","10.1",
"1400000US06111005906","Census Tract 59.06, Ventura County, California","2467","76","1512","142","130","90","227","105","598","133","2.73","0.18","3.14","0.15","3.72","1.35","3.04","0.53","1.37","0.25","1869","144","1512","142","130","90","227","105","(X)","(X)","3.10","0.16","3.14","0.15","3.07","0.96","2.86","0.55","(X)","(X)","833","136","704","143","61","46","68","39","(X)","(X)","13.3","8.2","12.1","9.4","0.0","40.8","38.2","26.1","(X)","(X)","28.2","11.0","31.5","11.9","0.0","40.8","19.1","33.3","(X)","(X)","58.5","11.8","56.4","12.5","100.0","40.8","42.6","39.2","(X)","(X)","2467","76","1512","142","130","90","227","105","598","133","33.8","5.5","46.6","7.6","46.9","38.4","30.0","17.7","0.0","6.1","36.0","5.2","34.8","6.9","16.2","18.5","31.7","34.2","44.8","13.5","18.4","4.8","(X)","(X)","(X)","(X)","(X)","(X)","76.1","12.7","8.4","3.7","(X)","(X)","(X)","(X)","(X)","(X)","34.8","13.7","0.9","1.0","(X)","(X)","(X)","(X)","(X)","(X)","(X)","(X)","2.2","2.0","(X)","(X)","(X)","(X)","(X)","(X)","(X)","(X)","75.9","4.2","92.2","4.1","44.6","35.2","88.5","9.9","36.6","11.8","24.1","4.2","7.8","4.1","55.4","35.2","11.5","9.9","63.4","11.8","0.0","1.5","0.0","2.4","0.0","24.7","0.0","15.2","0.0","6.1","64.0","5.5","78.6","7.5","34.6","32.6","64.3","32.9","33.4","11.6","36.0","5.5","21.4","7.5","65.4","32.6","35.7","32.9","66.6","11.6",
"1400000US06111005907","Census Tract 59.07, Ventura County, California","1753","88","902","114","13","21","182","86","656","125","2.07","0.10","2.57","0.14","3.23","0.44","2.54","0.37","1.22","0.11","1097","116","902","114","13","21","182","86","(X)","(X)","2.56","0.12","2.57","0.14","3.23","0.44","2.48","0.31","(X)","(X)","280","73","194","48","0","95","86","57","(X)","(X)","11.1","10.9","10.8","11.8","-","**","11.6","23.1","(X)","(X)","21.8","15.7","31.4","20.5","-","**","0.0","33.7","(X)","(X)","67.1","17.6","57.7","21.0","-","**","88.4","23.1","(X)","(X)","1753","88","902","114","13","21","182","86","656","125","16.5","4.2","21.5","5.1","0.0","88.4","52.2","24.1","0.0","5.6","58.8","6.1","57.4","8.5","0.0","88.4","36.8","23.3","68.0","10.9","29.8","6.0","(X)","(X)","(X)","(X)","(X)","(X)","79.7","9.0","16.8","4.8","(X)","(X)","(X)","(X)","(X)","(X)","44.8","11.4","1.1","1.3","(X)","(X)","(X)","(X)","(X)","(X)","(X)","(X)","4.6","2.3","(X)","(X)","(X)","(X)","(X)","(X)","(X)","(X)","86.1","5.4","92.5","5.3","100.0","88.4","83.0","15.1","78.0","11.0","13.9","5.4","7.5","5.3","0.0","88.4","17.0","15.1","22.0","11.0","0.0","2.1","0.0","4.1","0.0","88.4","0.0","18.5","0.0","5.6","72.5","7.0","80.0","6.9","0.0","88.4","94.5","8.7","57.5","13.5","27.5","7.0","20.0","6.9","100.0","88.4","5.5","8.7","42.5","13.5",
"1400000US06111005908","Census Tract 59.08, Ventura County, California","866","52","510","94","30","30","124","62","202","71","2.93","0.19","3.48","0.26","2.63","0.63","3.45","0.87","1.24","0.36","664","74","510","94","30","30","124","62","(X)","(X)","3.40","0.29","3.48","0.26","2.63","0.63","3.25","0.90","(X)","(X)","226","44","187","54","0","95","39","32","(X)","(X)","7.5","9.5","6.4","10.4","-","**","12.8","23.2","(X)","(X)","35.0","21.8","42.2","23.8","-","**","0.0","51.0","(X)","(X)","57.5","20.7","51.3","22.4","-","**","87.2","23.2","(X)","(X)","866","52","510","94","30","30","124","62","202","71","33.9","6.9","42.5","9.0","40.0","60.0","52.4","25.8","0.0","16.9","37.6","6.3","43.5","9.2","60.0","53.4","28.2","21.6","25.2","16.4","22.3","7.7","(X)","(X)","(X)","(X)","(X)","(X)","95.5","7.2","3.8","2.8","(X)","(X)","(X)","(X)","(X)","(X)","16.3","12.8","0.0","4.2","(X)","(X)","(X)","(X)","(X)","(X)","(X)","(X)","0.0","4.2","(X)","(X)","(X)","(X)","(X)","(X)","(X)","(X)","96.7","2.2","97.6","3.7","100.0","58.2","86.3","12.4","100.0","16.9","3.3","2.2","2.4","3.7","0.0","58.2","13.7","12.4","0.0","16.9","0.0","4.2","0.0","7.1","0.0","58.2","0.0","25.6","0.0","16.9","79.6","8.5","90.6","8.7","60.0","60.0","69.4","23.3","60.9","37.4","20.4","8.5","9.4","8.7","40.0","60.0","30.6","23.3","39.1","37.4",
"1400000US06111005909","Census Tract 59.09, Ventura County, California","1339","97","718","94","67","52","97","48","457","121","2.46","0.25","3.13","0.34","4.48","1.38","2.36","0.33","1.12","0.13","882","94","718","94","67","52","97","48","(X)","(X)","3.11","0.28","3.13","0.34","4.01","0.86","2.36","0.33","(X)","(X)","363","76","270","73","67","52","26","25","(X)","(X)","6.6","6.0","8.9","7.9","0.0","38.9","0.0","62.5","(X)","(X)","27.0","17.9","24.8","17.8","46.3","53.7","0.0","62.5","(X)","(X)","66.4","17.2","66.3","17.1","53.7","53.7","100.0","62.5","(X)","(X)","1339","97","718","94","67","52","97","48","457","121","27.8","5.0","37.6","8.6","100.0","38.9","36.1","22.1","0.0","7.9","53.9","5.6","52.4","8.6","0.0","38.9","37.1","24.9","67.8","13.3","30.8","7.0","(X)","(X)","(X)","(X)","(X)","(X)","90.4","7.0","15.5","4.8","(X)","(X)","(X)","(X)","(X)","(X)","45.3","12.4","0.0","2.8","(X)","(X)","(X)","(X)","(X)","(X)","(X)","(X)","3.9","3.7","(X)","(X)","(X)","(X)","(X)","(X)","(X)","(X)","68.4","7.3","85.4","8.3","67.2","42.1","80.4","19.1","39.4","12.9","7.3","5.3","0.0","5.1","32.8","42.1","0.0","31.0","16.6","13.1","24.3","5.8","14.6","8.3","0.0","38.9","19.6","19.1","44.0","11.8","86.7","5.8","89.3","6.4","67.2","42.1","80.4","19.9","86.9","12.0","13.3","5.8","10.7","6.4","32.8","42.1","19.6","19.9","13.1","12.0",
"1400000US06111005910","Census Tract 59.10, Ventura County, California","622","15","497","46","19","19","0","95","106","48","2.89","0.15","3.21","0.17","3.32","1.34","-","**","1.34","0.28","516","46","497","46","19","19","0","95","(X)","(X)","3.16","0.17","3.21","0.17","2.05","0.28","-","**","(X)","(X)","202","39","199","38","3","6","0","95","(X)","(X)","13.9","10.0","14.1","10.1","0.0","100.0","-","**","(X)","(X)","12.9","14.5","13.1","14.6","0.0","100.0","-","**","(X)","(X)","73.3","19.0","72.9","19.2","100.0","100.0","-","**","(X)","(X)","622","15","497","46","19","19","0","95","106","48","33.9","6.6","41.9","8.7","15.8","31.3","-","**","0.0","29.0","37.1","8.6","30.0","9.6","15.8","31.3","-","**","74.5","23.2","10.9","6.6","(X)","(X)","(X)","(X)","(X)","(X)","64.2","29.6","9.8","6.2","(X)","(X)","(X)","(X)","(X)","(X)","57.5","30.7","2.6","3.4","(X)","(X)","(X)","(X)","(X)","(X)","(X)","(X)","5.0","4.4","(X)","(X)","(X)","(X)","(X)","(X)","(X)","(X)","100.0","5.8","100.0","7.3","100.0","73.1","-","**","100.0","29.0","0.0","5.8","0.0","7.3","0.0","73.1","-","**","0.0","29.0","0.0","5.8","0.0","7.3","0.0","73.1","-","**","0.0","29.0","87.3","8.7","92.4","8.7","47.4","52.6","-","**","70.8","27.1","12.7","8.7","7.6","8.7","52.6","52.6","-","**","29.2","27.1",
"1400000US06111005911","Census Tract 59.11, Ventura County, California","1559","76","794","114","57","38","243","118","465","104","2.58","0.21","3.16","0.24","2.37","0.56","3.55","0.83","1.11","0.08","1094","109","794","114","57","38","243","118","(X)","(X)","3.09","0.18","3.10","0.21","2.21","0.29","3.28","0.59","(X)","(X)","548","85","348","68","48","35","152","97","(X)","(X)","12.6","5.9","19.8","8.6","0.0","46.0","0.0","21.6","(X)","(X)","31.4","13.7","35.3","16.7","0.0","46.0","32.2","38.8","(X)","(X)","56.0","13.9","44.8","16.5","100.0","46.0","67.8","38.8","(X)","(X)","1559","76","794","114","57","38","243","118","465","104","36.6","5.6","46.6","8.0","84.2","26.5","62.6","21.9","0.0","7.7","36.8","5.4","39.8","8.6","36.8","33.5","14.0","12.5","43.7","12.7","26.9","6.4","(X)","(X)","(X)","(X)","(X)","(X)","90.1","6.3","9.0","3.7","(X)","(X)","(X)","(X)","(X)","(X)","30.3","12.0","0.0","2.4","(X)","(X)","(X)","(X)","(X)","(X)","(X)","(X)","6.2","4.5","(X)","(X)","(X)","(X)","(X)","(X)","(X)","(X)","85.0","5.6","90.3","4.9","68.4","31.8","100.0","14.3","70.1","15.9","14.7","5.7","9.1","4.9","31.6","31.8","0.0","14.3","29.9","15.9","0.3","0.5","0.6","1.1","0.0","42.2","0.0","14.3","0.0","7.7","71.3","7.6","83.0","8.5","31.6","31.9","42.4","22.8","71.2","12.6","28.7","7.6","17.0","8.5","68.4","31.9","57.6","22.8","28.8","12.6",
"1400000US06111006000","Census Tract 60, Ventura County, California","1508","44","944","137","158","102","127","79","279","101","3.42","0.33","3.79","0.36","4.78","0.93","3.34","1.02","1.43","0.37","1229","104","944","137","158","102","127","79","(X)","(X)","3.59","0.29","3.59","0.32","3.94","0.89","3.18","0.99","(X)","(X)","590","95","470","112","90","81","30","29","(X)","(X)","15.1","8.9","16.6","9.2","12.2","24.6","0.0","58.2","(X)","(X)","15.4","10.9","19.4","12.5","0.0","32.7","0.0","58.2","(X)","(X)","69.5","14.1","64.0","14.8","87.8","24.6","100.0","58.2","(X)","(X)","1508","44","944","137","158","102","127","79","279","101","45.2","5.6","54.8","6.8","75.3","23.7","36.2","28.7","0.0","12.6","30.0","5.6","34.0","7.0","12.7","16.7","26.0","25.0","28.3","12.6","14.5","6.4","(X)","(X)","(X)","(X)","(X)","(X)","78.1","16.5","3.8","2.6","(X)","(X)","(X)","(X)","(X)","(X)","20.4","12.1","0.0","2.5","(X)","(X)","(X)","(X)","(X)","(X)","(X)","(X)","7.3","4.5","(X)","(X)","(X)","(X)","(X)","(X)","(X)","(X)","97.1","2.4","100.0","3.9","91.8","15.4","100.0","25.1","88.9","13.9","2.9","2.4","0.0","3.9","8.2","15.4","0.0","25.1","11.1","13.9","0.0","2.5","0.0","3.9","0.0","20.9","0.0","25.1","0.0","12.6","85.5","5.1","88.8","5.6","76.6","21.1","79.5","19.2","82.4","15.7","14.5","5.1","11.2","5.6","23.4","21.1","20.5","19.2","17.6","15.7",
"1400000US06111006100","Census Tract 61, Ventura County, California","2672","156","1519","185","192","108","307","121","654","161","2.98","0.24","3.71","0.31","3.30","0.85","2.81","0.50","1.29","0.19","2018","161","1519","185","192","108","307","121","(X)","(X)","3.46","0.27","3.67","0.31","3.10","0.73","2.66","0.36","(X)","(X)","1387","185","1044","181","116","91","227","109","(X)","(X)","20.5","7.2","25.1","9.0","5.2","10.0","7.0","11.3","(X)","(X)","13.5","6.3","14.9","8.6","19.0","31.3","4.0","6.8","(X)","(X)","66.0","8.4","60.0","10.7","75.9","32.8","89.0","13.0","(X)","(X)","2672","156","1519","185","192","108","307","121","654","161","51.9","6.2","68.7","6.8","60.4","27.6","73.9","17.9","0.0","5.6","15.6","3.6","15.1","5.2","20.8","21.9","12.1","10.7","16.8","8.1","19.7","5.5","(X)","(X)","(X)","(X)","(X)","(X)","80.4","12.1","3.0","1.7","(X)","(X)","(X)","(X)","(X)","(X)","12.1","6.7","0.0","1.4","(X)","(X)","(X)","(X)","(X)","(X)","(X)","(X)","3.8","2.8","(X)","(X)","(X)","(X)","(X)","(X)","(X)","(X)","49.2","5.8","62.7","8.5","35.4","27.4","38.8","23.4","26.9","11.8","50.8","5.8","37.3","8.5","64.6","27.4","61.2","23.4","73.1","11.8","0.0","1.4","0.0","2.4","0.0","17.7","0.0","11.5","0.0","5.6","46.9","5.0","58.5","8.3","35.4","30.4","21.2","13.8","35.5","14.1","53.1","5.0","41.5","8.3","64.6","30.4","78.8","13.8","64.5","14.1",
"1400000US06111006200","Census Tract 62, Ventura County, California","1070","23","876","78","29","27","62","42","103","55","3.11","0.25","3.33","0.28","2.45","0.43","3.34","1.20","1.23","0.23","967","60","876","78","29","27","62","42","(X)","(X)","3.23","0.24","3.25","0.25","2.21","0.24","3.34","1.20","(X)","(X)","309","54","283","52","0","95","26","22","(X)","(X)","18.8","10.1","20.5","11.3","-","**","0.0","62.5","(X)","(X)","5.2","6.2","5.7","6.7","-","**","0.0","62.5","(X)","(X)","76.1","11.6","73.9","13.0","-","**","100.0","62.5","(X)","(X)","1070","23","876","78","29","27","62","42","103","55","31.7","5.0","35.7","6.3","0.0","59.2","41.9","36.8","0.0","29.6","47.9","6.2","48.1","6.9","37.9","48.3","46.8","36.0","50.5","30.5","7.7","4.5","(X)","(X)","(X)","(X)","(X)","(X)","79.6","20.5","3.0","2.4","(X)","(X)","(X)","(X)","(X)","(X)","31.1","24.4","0.0","3.4","(X)","(X)","(X)","(X)","(X)","(X)","(X)","(X)","1.7","2.1","(X)","(X)","(X)","(X)","(X)","(X)","(X)","(X)","98.0","2.6","97.6","3.1","100.0","59.2","100.0","40.5","100.0","29.6","0.0","3.4","0.0","4.2","0.0","59.2","0.0","40.5","0.0","29.6","2.0","2.6","2.4","3.1","0.0","59.2","0.0","40.5","0.0","29.6","93.3","4.4","92.6","5.1","100.0","59.2","88.7","19.1","100.0","29.6","6.7","4.4","7.4","5.1","0.0","59.2","11.3","19.1","0.0","29.6",
"1400000US06111006301","Census Tract 63.01, Ventura County, California","2456","112","1464","144","68","69","208","111","716","139","2.64","0.14","3.26","0.16","3.24","0.99","2.95","0.71","1.23","0.17","1740","145","1464","144","68","69","208","111","(X)","(X)","3.22","0.15","3.26","0.16","3.24","0.99","2.95","0.71","(X)","(X)","783","132","603","99","55","67","125","82","(X)","(X)","11.1","7.1","12.3","9.1","23.6","53.7","0.0","25.5","(X)","(X)","14.7","10.2","19.1","13.0","0.0","43.0","0.0","25.5","(X)","(X)","74.2","11.2","68.7","13.8","76.4","53.7","100.0","25.5","(X)","(X)","2456","112","1464","144","68","69","208","111","716","139","34.1","5.1","41.9","6.0","80.9","39.9","74.0","27.0","2.1","3.3","43.5","4.9","39.1","6.6","19.1","39.9","28.4","27.1","59.2","11.3","25.7","5.1","(X)","(X)","(X)","(X)","(X)","(X)","88.0","9.2","16.2","3.9","(X)","(X)","(X)","(X)","(X)","(X)","55.7","10.8","0.0","1.5","(X)","(X)","(X)","(X)","(X)","(X)","(X)","(X)","0.6","1.0","(X)","(X)","(X)","(X)","(X)","(X)","(X)","(X)","78.5","4.2","92.3","3.7","80.9","38.2","73.1","27.8","51.4","12.0","20.7","4.3","6.8","3.5","19.1","38.2","26.9","27.8","47.5","12.0","0.9","1.0","0.9","1.4","0.0","38.6","0.0","16.4","1.1","2.0","76.3","4.8","88.9","5.7","19.1","39.9","61.1","28.8","60.3","11.4","23.7","4.8","11.1","5.7","80.9","39.9","38.9","28.8","39.7","11.4",
"1400000US06111006302","Census Tract 63.02, Ventura County, California","807","47","494","78","91","59","39","30","183","78","2.70","0.27","3.21","0.24","3.18","0.36","2.62","0.72","1.10","0.13","624","88","494","78","91","59","39","30","(X)","(X)","3.12","0.20","3.17","0.23","3.05","0.38","2.62","0.72","(X)","(X)","270","76","186","68","67","50","17","19","(X)","(X)","22.2","14.1","26.3","14.4","16.4","35.3","0.0","77.3","(X)","(X)","6.7","8.0","6.5","9.7","0.0","38.9","35.3","60.2","(X)","(X)","71.1","15.8","67.2","14.7","83.6","35.3","64.7","60.2","(X)","(X)","807","47","494","78","91","59","39","30","183","78","33.5","9.1","37.7","11.2","73.6","27.4","43.6","42.3","0.0","18.4","49.9","9.9","40.7","11.9","26.4","27.4","56.4","42.3","85.2","15.1","20.6","9.8","(X)","(X)","(X)","(X)","(X)","(X)","90.7","12.5","10.7","5.5","(X)","(X)","(X)","(X)","(X)","(X)","47.0","20.6","0.0","4.5","(X)","(X)","(X)","(X)","(X)","(X)","(X)","(X)","3.5","3.5","(X)","(X)","(X)","(X)","(X)","(X)","(X)","(X)","90.1","6.4","94.9","4.6","87.9","24.8","100.0","51.0","76.0","20.6","9.9","6.4","5.1","4.6","12.1","24.8","0.0","51.0","24.0","20.6","0.0","4.5","0.0","7.3","0.0","32.4","0.0","51.0","0.0","18.4","67.0","9.0","75.7","10.8","33.0","34.0","84.6","29.3","56.8","25.8","33.0","9.0","24.3","10.8","67.0","34.0","15.4","29.3","43.2","25.8",
"1400000US06111006400","Census Tract 64, Ventura County, California","2322","96","1528","132","67","54","252","105","475","131","3.01","0.29","3.59","0.43","3.30","1.43","2.38","0.30","1.44","0.26","1847","126","1528","132","67","54","252","105","(X)","(X)","3.38","0.35","3.56","0.43","3.30","1.43","2.28","0.21","(X)","(X)","811","110","688","95","50","46","73","80","(X)","(X)","14.7","8.2","17.3","9.4","0.0","45.1","0.0","37.2","(X)","(X)","15.9","9.4","16.4","10.9","0.0","45.1","21.9","44.0","(X)","(X)","69.4","11.6","66.3","13.3","100.0","45.1","78.1","44.0","(X)","(X)","2322","96","1528","132","67","54","252","105","475","131","37.0","4.8","47.1","5.3","100.0","38.9","29.0","23.3","0.0","7.6","42.8","5.5","39.9","6.8","25.4","39.9","36.5","20.6","58.1","14.4","15.3","4.8","(X)","(X)","(X)","(X)","(X)","(X)","74.7","14.0","9.3","3.9","(X)","(X)","(X)","(X)","(X)","(X)","45.5","14.9","0.0","1.6","(X)","(X)","(X)","(X)","(X)","(X)","(X)","(X)","4.2","2.8","(X)","(X)","(X)","(X)","(X)","(X)","(X)","(X)","98.2","1.6","100.0","2.4","100.0","38.9","100.0","13.8","91.4","7.7","1.8","1.6","0.0","2.4","0.0","38.9","0.0","13.8","8.6","7.7","0.0","1.6","0.0","2.4","0.0","38.9","0.0","13.8","0.0","7.6","86.4","5.9","88.1","6.9","79.1","35.1","85.3","22.2","82.7","12.4","13.6","5.9","11.9","6.9","20.9","35.1","14.7","22.2","17.3","12.4",
"1400000US06111006500","Census Tract 65, Ventura County, California","1058","37","784","119","42","39","64","46","168","94","3.24","0.20","3.41","0.26","2.12","0.13","3.00","0.82","2.82","0.93","890","108","784","119","42","39","64","46","(X)","(X)","3.28","0.21","3.41","0.26","2.12","0.13","2.53","0.43","(X)","(X)","390","82","375","77","15","24","0","95","(X)","(X)","16.9","11.3","17.6","11.7","0.0","82.3","-","**","(X)","(X)","21.8","15.7","22.7","16.4","0.0","82.3","-","**","(X)","(X)","61.3","18.5","59.7","19.3","100.0","82.2","-","**","(X)","(X)","1058","37","784","119","42","39","64","46","168","94","37.3","7.5","48.5","10.6","35.7","50.9","0.0","39.8","0.0","19.9","18.1","6.9","18.4","8.7","0.0","49.2","42.2","37.2","12.5","14.9","6.2","5.1","(X)","(X)","(X)","(X)","(X)","(X)","39.3","28.9","1.4","2.2","(X)","(X)","(X)","(X)","(X)","(X)","8.9","14.6","0.0","3.5","(X)","(X)","(X)","(X)","(X)","(X)","(X)","(X)","0.0","3.5","(X)","(X)","(X)","(X)","(X)","(X)","(X)","(X)","89.2","8.0","91.3","10.1","100.0","49.2","57.8","38.4","88.7","18.4","10.8","8.0","8.7","10.1","0.0","49.2","42.2","38.4","11.3","18.4","0.0","3.5","0.0","4.7","0.0","49.2","0.0","39.8","0.0","19.9","63.4","7.7","72.2","11.7","69.0","43.2","32.8","36.9","32.7","21.4","36.6","7.7","27.8","11.7","31.0","43.2","67.2","36.9","67.3","21.4",
"1400000US06111006600","Census Tract 66, Ventura County, California","1306","46","875","115","14","17","60","36","357","108","2.73","0.26","3.28","0.20","4.93","2.12","2.95","0.76","1.26","0.23","949","109","875","115","14","17","60","36","(X)","(X)","3.23","0.19","3.26","0.21","2.71","0.97","2.80","0.81","(X)","(X)","355","87","314","87","0","95","41","30","(X)","(X)","16.1","10.3","14.6","10.0","-","**","26.8","40.7","(X)","(X)","9.9","9.2","11.1","10.7","-","**","0.0","49.7","(X)","(X)","74.1","13.0","74.2","13.3","-","**","73.2","40.7","(X)","(X)","1306","46","875","115","14","17","60","36","357","108","28.0","6.8","37.1","7.0","0.0","85.1","68.3","30.6","0.0","10.0","44.6","6.4","44.8","7.0","42.9","57.1","18.3","25.8","48.5","18.6","22.2","7.4","(X)","(X)","(X)","(X)","(X)","(X)","81.2","17.1","6.4","3.0","(X)","(X)","(X)","(X)","(X)","(X)","23.5","13.2","0.0","2.8","(X)","(X)","(X)","(X)","(X)","(X)","(X)","(X)","2.5","2.2","(X)","(X)","(X)","(X)","(X)","(X)","(X)","(X)","100.0","2.8","100.0","4.2","100.0","85.1","100.0","41.1","100.0","10.0","0.0","2.8","0.0","4.2","0.0","85.1","0.0","41.1","0.0","10.0","0.0","2.8","0.0","4.2","0.0","85.1","0.0","41.1","0.0","10.0","86.1","6.6","90.4","6.1","0.0","85.1","100.0","41.1","76.8","19.7","13.9","6.6","9.6","6.1","100.0","85.1","0.0","41.1","23.2","19.7",
"1400000US06111006700","Census Tract 67, Ventura County, California","1102","57","629","90","30","38","116","63","327","83","2.69","0.24","3.17","0.21","6.10","1.34","2.96","0.64","1.36","0.29","775","82","629","90","30","38","116","63","(X)","(X)","3.19","0.26","3.17","0.21","5.77","1.95","2.64","0.71","(X)","(X)","337","65","263","62","30","38","44","44","(X)","(X)","22.6","15.9","28.9","18.2","0.0","58.2","0.0","48.0","(X)","(X)","19.6","13.2","16.7","13.0","73.3","56.3","0.0","48.0","(X)","(X)","57.9","16.5","54.4","17.0","26.7","56.3","100.0","48.0","(X)","(X)","1102","57","629","90","30","38","116","63","327","83","36.5","6.5","44.8","7.7","100.0","58.2","77.6","18.1","0.0","10.8","39.7","8.1","43.2","9.3","0.0","58.2","33.6","30.4","38.8","17.9","23.2","7.3","(X)","(X)","(X)","(X)","(X)","(X)","78.3","17.5","8.2","5.3","(X)","(X)","(X)","(X)","(X)","(X)","27.5","16.7","0.7","1.2","(X)","(X)","(X)","(X)","(X)","(X)","(X)","(X)","3.6","4.5","(X)","(X)","(X)","(X)","(X)","(X)","(X)","(X)","87.0","5.8","96.7","3.5","100.0","58.2","100.0","27.0","62.7","18.4","13.0","5.8","3.3","3.5","0.0","58.2","0.0","27.0","37.3","18.4","0.0","3.3","0.0","5.8","0.0","58.2","0.0","27.0","0.0","10.8","72.3","7.9","90.0","6.1","100.0","58.2","50.0","31.1","43.7","17.7","27.7","7.9","10.0","6.1","0.0","58.2","50.0","31.1","56.3","17.7",
"1400000US06111006800","Census Tract 68, Ventura County, California","1225","59","778","102","96","50","81","47","270","84","3.26","0.20","3.57","0.25","4.05","0.66","3.42","0.93","2.01","0.62","955","92","778","102","96","50","81","47","(X)","(X)","3.38","0.27","3.52","0.24","2.91","0.89","2.53","0.43","(X)","(X)","429","77","345","79","57","52","27","32","(X)","(X)","13.8","12.1","9.3","9.4","0.0","42.2","100.0","61.3","(X)","(X)","32.6","14.6","40.6","16.7","0.0","42.2","0.0","61.3","(X)","(X)","53.6","13.9","50.1","16.5","100.0","42.2","0.0","61.3","(X)","(X)","1225","59","778","102","96","50","81","47","270","84","35.0","6.1","44.3","8.5","59.4","35.2","33.3","36.9","0.0","12.9","34.1","6.8","30.7","9.1","45.8","44.7","4.9","8.5","48.5","15.0","11.3","4.3","(X)","(X)","(X)","(X)","(X)","(X)","51.1","16.8","5.1","3.2","(X)","(X)","(X)","(X)","(X)","(X)","23.3","13.9","2.2","2.5","(X)","(X)","(X)","(X)","(X)","(X)","(X)","(X)","3.0","2.5","(X)","(X)","(X)","(X)","(X)","(X)","(X)","(X)","94.0","3.0","95.2","5.0","100.0","31.2","100.0","35.0","86.3","10.6","6.0","3.0","4.8","5.0","0.0","31.2","0.0","35.0","13.7","10.6","0.0","3.0","0.0","4.7","0.0","31.2","0.0","35.0","0.0","12.9","70.9","6.8","79.0","7.3","22.9","23.8","66.7","36.9","65.6","19.7","29.1","6.8","21.0","7.3","77.1","23.8","33.3","36.9","34.4","19.7",
"1400000US06111006900","Census Tract 69, Ventura County, California","1619","93","567","125","23","28","177","66","852","136","2.14","0.28","3.27","0.50","3.30","1.04","2.98","0.53","1.19","0.11","767","120","567","125","23","28","177","66","(X)","(X)","3.01","0.28","3.06","0.33","2.74","0.55","2.91","0.52","(X)","(X)","282","90","224","83","14","23","44","31","(X)","(X)","26.6","14.4","33.5","17.9","0.0","85.1","0.0","48.0","(X)","(X)","20.2","16.9","19.2","18.6","100.0","85.1","0.0","48.0","(X)","(X)","53.2","17.3","47.3","18.7","0.0","85.1","100.0","48.0","(X)","(X)","1619","93","567","125","23","28","177","66","852","136","20.0","6.5","39.5","10.4","60.9","57.8","48.6","22.5","0.0","4.3","52.0","5.8","47.8","11.5","39.1","57.8","60.5","23.8","53.4","10.0","46.6","7.0","(X)","(X)","(X)","(X)","(X)","(X)","88.6","5.7","23.4","4.9","(X)","(X)","(X)","(X)","(X)","(X)","44.5","8.8","0.0","2.3","(X)","(X)","(X)","(X)","(X)","(X)","(X)","(X)","2.7","1.9","(X)","(X)","(X)","(X)","(X)","(X)","(X)","(X)","43.7","5.8","69.1","9.5","0.0","66.4","55.9","20.9","25.4","7.6","56.3","5.8","30.9","9.5","100.0","66.4","44.1","20.9","74.6","7.6","0.0","2.3","0.0","6.4","0.0","66.4","0.0","19.0","0.0","4.3","39.8","6.6","57.8","11.4","39.1","57.8","22.6","14.0","31.3","8.4","60.2","6.6","42.2","11.4","60.9","57.8","77.4","14.0","68.7","8.4",
"1400000US06111007000","Census Tract 70, Ventura County, California","1587","100","735","148","62","48","81","45","709","143","2.54","0.32","3.62","0.63","3.24","0.79","3.09","0.57","1.29","0.16","878","142","735","148","62","48","81","45","(X)","(X)","3.24","0.25","3.32","0.30","2.68","0.36","2.90","0.49","(X)","(X)","490","102","424","101","37","34","29","28","(X)","(X)","35.5","16.6","41.0","18.2","0.0","52.4","0.0","59.2","(X)","(X)","23.1","10.3","12.3","9.7","86.5","26.4","100.0","59.2","(X)","(X)","41.4","16.2","46.7","19.2","13.5","26.4","0.0","59.2","(X)","(X)","1587","100","735","148","62","48","81","45","709","143","32.1","6.3","58.6","11.9","59.7","49.1","50.6","26.0","0.0","5.1","31.8","7.0","12.8","7.6","40.3","49.1","44.4","24.8","49.4","11.9","36.0","7.7","(X)","(X)","(X)","(X)","(X)","(X)","80.7","9.5","21.2","6.6","(X)","(X)","(X)","(X)","(X)","(X)","47.5","11.9","0.0","2.3","(X)","(X)","(X)","(X)","(X)","(X)","(X)","(X)","5.6","2.9","(X)","(X)","(X)","(X)","(X)","(X)","(X)","(X)","37.2","6.3","44.4","11.5","79.0","33.3","33.3","23.4","26.7","10.5","62.8","6.3","55.6","11.5","21.0","33.3","66.7","23.4","73.3","10.5","0.0","2.3","0.0","5.0","0.0","40.5","0.0","35.0","0.0","5.1","25.3","6.5","31.6","12.3","48.4","48.2","18.5","18.7","17.5","8.5","74.7","6.5","68.4","12.3","51.6","48.2","81.5","18.7","82.5","8.5",
"1400000US06111007100","Census Tract 71, Ventura County, California","2482","131","528","141","222","106","493","173","1239","193","2.04","0.15","3.11","0.42","2.82","0.61","2.90","0.22","1.11","0.10","1243","150","528","141","222","106","493","173","(X)","(X)","2.89","0.25","3.11","0.42","2.44","0.36","2.85","0.21","(X)","(X)","806","127","231","122","147","100","428","160","(X)","(X)","9.2","5.9","26.4","21.0","8.8","15.2","0.0","8.4","(X)","(X)","16.7","14.2","10.8","16.8","0.0","22.3","25.7","23.6","(X)","(X)","74.1","15.4","62.8","26.9","91.2","15.2","74.3","23.6","(X)","(X)","2482","131","528","141","222","106","493","173","1239","193","33.5","5.2","48.5","15.9","66.2","22.5","86.8","12.2","0.0","3.0","27.4","6.1","32.8","12.1","10.4","14.3","0.0","7.3","39.1","10.2","46.1","6.8","(X)","(X)","(X)","(X)","(X)","(X)","92.3","6.3","13.7","4.3","(X)","(X)","(X)","(X)","(X)","(X)","27.4","8.1","1.1","2.2","(X)","(X)","(X)","(X)","(X)","(X)","(X)","(X)","4.7","2.5","(X)","(X)","(X)","(X)","(X)","(X)","(X)","(X)","32.1","6.2","42.4","17.0","23.9","19.4","28.2","20.1","30.7","8.1","56.7","6.1","46.0","17.2","63.5","23.2","71.8","20.1","54.1","10.8","11.2","5.4","11.6","7.1","12.6","22.4","0.0","7.3","15.3","8.4","44.4","6.3","61.9","14.5","46.4","26.6","32.7","19.9","41.2","10.6","55.6","6.3","38.1","14.5","53.6","26.6","67.3","19.9","58.8","10.6",
"1400000US06111007201","Census Tract 72.01, Ventura County, California","1176","25","784","93","71","58","140","60","181","61","2.85","0.18","3.18","0.27","2.77","0.44","3.38","0.44","1.06","0.09","995","65","784","93","71","58","140","60","(X)","(X)","3.08","0.20","3.12","0.26","2.13","0.08","3.29","0.46","(X)","(X)","405","76","273","84","32","50","100","51","(X)","(X)","0.0","8.8","0.0","12.8","0.0","56.3","0.0","30.3","(X)","(X)","12.8","8.3","19.0","11.3","0.0","56.3","0.0","30.3","(X)","(X)","87.2","8.3","81.0","11.3","100.0","56.3","100.0","30.3","(X)","(X)","1176","25","784","93","71","58","140","60","181","61","38.2","6.4","37.6","9.1","45.1","46.4","87.1","14.5","0.0","18.6","46.4","5.1","52.4","6.8","14.1","24.9","28.6","21.2","47.0","18.8","14.5","4.9","(X)","(X)","(X)","(X)","(X)","(X)","93.9","9.2","6.5","3.2","(X)","(X)","(X)","(X)","(X)","(X)","42.0","19.1","0.0","3.1","(X)","(X)","(X)","(X)","(X)","(X)","(X)","(X)","4.6","4.7","(X)","(X)","(X)","(X)","(X)","(X)","(X)","(X)","99.1","1.5","100.0","4.7","100.0","37.8","100.0","23.2","93.9","9.2","0.9","1.5","0.0","4.7","0.0","37.8","0.0","23.2","6.1","9.2","0.0","3.1","0.0","4.7","0.0","37.8","0.0","23.2","0.0","18.6","93.2","4.3","95.5","4.1","100.0","37.8","82.1","19.0","89.0","11.9","6.8","4.3","4.5","4.1","0.0","37.8","17.9","19.0","11.0","11.9",
"1400000US06111007202","Census Tract 72.02, Ventura County, California","1612","46","985","138","33","51","293","119","301","93","2.81","0.19","3.20","0.21","2.27","0.17","3.37","0.66","1.06","0.07","1311","101","985","138","33","51","293","119","(X)","(X)","3.16","0.21","3.16","0.19","2.27","0.17","3.28","0.62","(X)","(X)","487","81","381","74","0","95","106","65","(X)","(X)","17.7","12.3","22.6","15.7","-","**","0.0","29.0","(X)","(X)","16.4","12.9","15.0","12.7","-","**","21.7","32.2","(X)","(X)","65.9","14.6","62.5","15.6","-","**","78.3","32.2","(X)","(X)","1612","46","985","138","33","51","293","119","301","93","32.5","5.2","38.7","6.3","0.0","55.5","48.8","17.0","0.0","11.7","49.9","6.2","46.4","7.7","100.0","55.5","43.3","16.5","62.1","18.7","17.5","5.8","(X)","(X)","(X)","(X)","(X)","(X)","93.7","7.2","5.6","2.3","(X)","(X)","(X)","(X)","(X)","(X)","30.2","12.1","0.0","2.3","(X)","(X)","(X)","(X)","(X)","(X)","(X)","(X)","1.5","1.6","(X)","(X)","(X)","(X)","(X)","(X)","(X)","(X)","99.6","0.8","100.0","3.7","100.0","55.5","100.0","12.0","97.7","4.4","0.4","0.8","0.0","3.7","0.0","55.5","0.0","12.0","2.3","4.4","0.0","2.3","0.0","3.7","0.0","55.5","0.0","12.0","0.0","11.7","95.7","2.9","94.0","4.4","100.0","55.5","96.2","7.4","100.0","11.7","4.3","2.9","6.0","4.4","0.0","55.5","3.8","7.4","0.0","11.7",
"1400000US06111007300","Census Tract 73, Ventura County, California","641","89","471","105","14","22","21","31","135","61","2.50","0.21","2.68","0.27","3.07","0.45","4.24","0.35","1.54","0.46","506","101","471","105","14","22","21","31","(X)","(X)","2.61","0.22","2.61","0.25","2.07","0.27","3.14","0.25","(X)","(X)","103","32","82","38","0","95","21","31","(X)","(X)","12.6","10.6","15.9","13.1","-","**","0.0","69.5","(X)","(X)","0.0","29.6","0.0","34.7","-","**","0.0","69.5","(X)","(X)","87.4","10.6","84.1","13.1","-","**","100.0","69.5","(X)","(X)","641","89","471","105","14","22","21","31","135","61","16.1","5.0","17.4","6.8","0.0","85.1","100.0","69.5","0.0","23.9","44.5","8.8","50.5","11.6","100.0","85.1","0.0","69.5","24.4","18.3","14.0","7.7","(X)","(X)","(X)","(X)","(X)","(X)","66.7","23.3","2.2","2.8","(X)","(X)","(X)","(X)","(X)","(X)","10.4","12.1","0.0","5.7","(X)","(X)","(X)","(X)","(X)","(X)","(X)","(X)","7.0","6.7","(X)","(X)","(X)","(X)","(X)","(X)","(X)","(X)","89.2","6.8","93.2","6.3","0.0","85.1","100.0","69.5","83.0","19.3","7.2","5.6","6.8","6.3","100.0","85.1","0.0","69.5","0.0","23.9","3.6","4.1","0.0","7.6","0.0","85.1","0.0","69.5","17.0","19.3","80.2","8.8","84.7","11.0","100.0","85.1","100.0","69.5","59.3","20.2","19.8","8.8","15.3","11.0","0.0","85.1","0.0","69.5","40.7","20.2",
"1400000US06111007402","Census Tract 74.02, Ventura County, California","2531","80","1619","150","119","92","150","71","643","150","2.44","0.14","2.89","0.17","2.75","0.44","3.03","0.53","1.12","0.10","1888","132","1619","150","119","92","150","71","(X)","(X)","2.86","0.15","2.88","0.17","2.28","0.18","3.03","0.53","(X)","(X)","752","122","573","139","94","88","85","56","(X)","(X)","25.0","10.1","22.9","12.6","60.6","49.3","0.0","33.9","(X)","(X)","0.0","4.9","0.0","6.3","0.0","31.7","0.0","33.9","(X)","(X)","75.0","10.1","77.1","12.6","39.4","49.3","100.0","33.9","(X)","(X)","2531","80","1619","150","119","92","150","71","643","150","30.3","5.2","35.4","7.5","79.0","33.6","67.3","25.4","0.0","5.7","44.8","5.4","48.9","8.0","0.0","26.5","22.7","23.6","48.1","12.2","22.8","5.2","(X)","(X)","(X)","(X)","(X)","(X)","89.7","9.0","8.1","3.6","(X)","(X)","(X)","(X)","(X)","(X)","31.9","12.0","0.5","0.9","(X)","(X)","(X)","(X)","(X)","(X)","(X)","(X)","2.9","3.3","(X)","(X)","(X)","(X)","(X)","(X)","(X)","(X)","94.0","3.1","94.5","4.7","100.0","26.5","100.0","21.9","90.2","7.9","6.0","3.1","5.5","4.7","0.0","26.5","0.0","21.9","9.8","7.9","0.0","1.5","0.0","2.3","0.0","26.5","0.0","21.9","0.0","5.7","92.2","3.8","92.1","4.8","100.0","26.5","87.3","19.7","92.1","7.9","7.8","3.8","7.9","4.8","0.0","26.5","12.7","19.7","7.9","7.9",
"1400000US06111007403","Census Tract 74.03, Ventura County, California","2087","108","1187","135","33","33","245","83","622","135","2.66","0.12","3.32","0.16","2.45","0.75","2.88","0.54","1.33","0.19","1465","139","1187","135","33","33","245","83","(X)","(X)","3.16","0.15","3.32","0.16","2.45","0.75","2.52","0.33","(X)","(X)","922","99","722","88","17","21","183","69","(X)","(X)","25.3","9.3","31.3","11.8","0.0","77.3","3.8","7.0","(X)","(X)","8.6","4.6","9.7","5.8","0.0","77.3","4.9","8.1","(X)","(X)","66.2","9.8","59.0","12.4","100.0","77.3","91.3","10.5","(X)","(X)","2087","108","1187","135","33","33","245","83","622","135","44.8","4.5","60.8","6.3","51.5","51.5","74.7","17.7","2.3","3.8","33.4","5.3","31.7","7.7","15.2","37.8","13.5","13.4","45.5","15.0","22.1","5.9","(X)","(X)","(X)","(X)","(X)","(X)","74.1","14.6","8.5","4.3","(X)","(X)","(X)","(X)","(X)","(X)","28.5","14.0","0.0","1.8","(X)","(X)","(X)","(X)","(X)","(X)","(X)","(X)","4.7","3.4","(X)","(X)","(X)","(X)","(X)","(X)","(X)","(X)","92.1","3.3","95.9","3.1","100.0","55.5","89.4","12.0","85.5","10.3","7.3","3.3","3.0","2.7","0.0","55.5","10.6","12.0","14.5","10.3","0.6","0.9","1.1","1.6","0.0","55.5","0.0","14.2","0.0","5.8","86.3","5.4","94.5","3.4","84.8","37.8","67.3","19.6","78.1","13.2","13.7","5.4","5.5","3.4","15.2","37.8","32.7","19.6","21.9","13.2",
"1400000US06111007405","Census Tract 74.05, Ventura County, California","2432","58","1465","148","97","70","271","105","599","139","2.77","0.13","3.28","0.16","4.06","0.34","2.78","0.26","1.30","0.15","1833","138","1465","148","97","70","271","105","(X)","(X)","3.17","0.15","3.27","0.15","3.42","0.55","2.55","0.27","(X)","(X)","1059","116","833","124","59","69","167","85","(X)","(X)","13.4","7.7","17.0","9.4","0.0","41.5","0.0","20.0","(X)","(X)","6.4","5.0","8.2","6.2","0.0","41.5","0.0","20.0","(X)","(X)","80.2","9.1","74.8","10.8","100.0","41.5","100.0","20.0","(X)","(X)","2432","58","1465","148","97","70","271","105","599","139","44.3","4.7","58.1","6.1","60.8","51.6","61.6","19.5","0.0","6.1","25.0","4.6","25.2","6.3","0.0","31.0","19.6","15.2","31.2","11.6","18.0","5.0","(X)","(X)","(X)","(X)","(X)","(X)","73.0","12.4","5.5","2.6","(X)","(X)","(X)","(X)","(X)","(X)","22.4","10.0","0.9","1.4","(X)","(X)","(X)","(X)","(X)","(X)","(X)","(X)","8.0","4.2","(X)","(X)","(X)","(X)","(X)","(X)","(X)","(X)","79.4","5.1","88.9","5.2","100.0","31.0","77.9","19.1","53.6","13.6","20.6","5.1","11.1","5.2","0.0","31.0","22.1","19.1","46.4","13.6","0.0","1.5","0.0","2.5","0.0","31.0","0.0","12.9","0.0","6.1","80.8","5.2","86.8","6.1","100.0","31.0","55.4","22.4","74.6","13.3","19.2","5.2","13.2","6.1","0.0","31.0","44.6","22.4","25.4","13.3",
"1400000US06111007406","Census Tract 74.06, Ventura County, California","769","96","583","69","0","95","9","18","177","86","2.92","0.29","3.50","0.22","-","**","2.67","0.93","-","**","592","71","583","69","0","95","9","18","(X)","(X)","3.48","0.22","3.50","0.22","-","**","1.78","0.40","(X)","(X)","368","53","359","51","0","95","9","18","(X)","(X)","6.5","7.5","4.2","6.5","-","**","100.0","100.0","(X)","(X)","3.0","5.8","3.1","6.0","-","**","0.0","100.0","(X)","(X)","90.5","9.7","92.8","8.3","-","**","0.0","100.0","(X)","(X)","769","96","583","69","0","95","9","18","177","86","47.9","8.1","61.6","8.7","-","**","100.0","100.0","0.0","19.0","15.0","7.7","13.0","3.5","-","**","0.0","100.0","22.0","33.2","23.0","9.4","(X)","(X)","(X)","(X)","(X)","(X)","100.0","19.0","0.0","4.8","(X)","(X)","(X)","(X)","(X)","(X)","0.0","19.0","0.0","4.8","(X)","(X)","(X)","(X)","(X)","(X)","(X)","(X)","1.2","2.3","(X)","(X)","(X)","(X)","(X)","(X)","(X)","(X)","78.3","7.3","97.9","3.8","-","**","0.0","100.0","17.5","18.7","21.7","7.3","2.1","3.8","-","**","100.0","100.0","82.5","18.7","0.0","4.8","0.0","6.2","-","**","0.0","100.0","0.0","19.0","76.3","7.7","95.4","5.1","-","**","0.0","100.0","17.5","18.7","23.7","7.7","4.6","5.1","-","**","100.0","100.0","82.5","18.7",
"1400000US06111007505","Census Tract 75.05, Ventura County, California","1051","72","607","101","91","43","157","77","196","64","3.04","0.23","3.36","0.36","2.99","0.52","3.96","0.90","1.35","0.42","855","75","607","101","91","43","157","77","(X)","(X)","3.34","0.25","3.34","0.36","2.46","0.37","3.89","0.89","(X)","(X)","265","66","181","69","18","23","66","47","(X)","(X)","11.7","13.1","3.9","6.5","44.4","55.6","24.2","39.9","(X)","(X)","23.8","13.3","29.3","16.5","55.6","55.6","0.0","39.2","(X)","(X)","64.5","16.3","66.9","18.1","0.0","75.1","75.8","39.9","(X)","(X)","1051","72","607","101","91","43","157","77","196","64","29.5","5.9","29.8","9.2","27.5","26.2","66.2","32.5","0.0","17.3","44.5","6.4","49.3","9.2","40.7","29.0","43.9","22.7","32.1","18.4","14.0","5.8","(X)","(X)","(X)","(X)","(X)","(X)","75.0","21.3","2.5","2.6","(X)","(X)","(X)","(X)","(X)","(X)","13.3","13.0","2.4","2.6","(X)","(X)","(X)","(X)","(X)","(X)","(X)","(X)","3.5","3.3","(X)","(X)","(X)","(X)","(X)","(X)","(X)","(X)","91.7","4.3","98.2","2.6","87.9","21.3","100.0","21.1","66.8","18.5","8.3","4.3","1.8","2.6","12.1","21.3","0.0","21.1","33.2","18.5","0.0","3.5","0.0","6.0","0.0","32.4","0.0","21.1","0.0","17.3","88.4","5.2","92.6","6.6","65.9","27.2","100.0","21.1","76.5","19.2","11.6","5.2","7.4","6.6","34.1","27.2","0.0","21.1","23.5","19.2",
"1400000US06111007506","Census Tract 75.06, Ventura County, California","2276","91","1718","144","55","44","200","73","303","109","3.20","0.15","3.39","0.15","4.29","1.46","4.00","0.80","1.36","0.21","1973","113","1718","144","55","44","200","73","(X)","(X)","3.34","0.15","3.35","0.15","3.85","1.50","3.16","0.44","(X)","(X)","1053","122","871","158","44","42","138","68","(X)","(X)","20.5","10.6","24.8","13.1","0.0","48.0","0.0","23.5","(X)","(X)","19.3","10.8","22.4","12.6","0.0","48.0","5.8","9.8","(X)","(X)","60.2","11.8","52.8","13.5","100.0","48.0","94.2","9.8","(X)","(X)","2276","91","1718","144","55","44","200","73","303","109","49.3","4.7","54.7","6.5","80.0","33.1","69.0","20.6","0.0","11.6","30.7","4.3","27.2","4.6","21.8","34.2","24.0","16.9","56.8","21.5","8.6","3.8","(X)","(X)","(X)","(X)","(X)","(X)","64.4","20.3","3.7","2.3","(X)","(X)","(X)","(X)","(X)","(X)","28.1","14.2","0.0","1.6","(X)","(X)","(X)","(X)","(X)","(X)","(X)","(X)","6.9","3.9","(X)","(X)","(X)","(X)","(X)","(X)","(X)","(X)","97.1","2.1","98.5","1.7","100.0","43.0","100.0","17.0","86.5","14.4","2.9","2.1","1.5","1.7","0.0","43.0","0.0","17.0","13.5","14.4","0.0","1.6","0.0","2.2","0.0","43.0","0.0","17.0","0.0","11.6","91.1","4.4","91.4","5.9","81.8","33.9","77.0","21.9","100.0","11.6","8.9","4.4","8.6","5.9","18.2","33.9","23.0","21.9","0.0","11.6",
"1400000US06111007507","Census Tract 75.07, Ventura County, California","2286","85","1764","134","86","75","140","82","296","77","3.17","0.16","3.39","0.16","3.40","0.59","3.27","0.95","1.74","0.67","1990","105","1764","134","86","75","140","82","(X)","(X)","3.34","0.15","3.36","0.15","3.16","0.67","3.19","0.92","(X)","(X)","990","152","887","143","55","67","48","39","(X)","(X)","24.1","8.8","20.9","9.2","76.4","52.5","25.0","37.5","(X)","(X)","9.4","6.0","10.5","6.6","0.0","43.0","0.0","46.0","(X)","(X)","66.5","10.7","68.7","11.4","23.6","52.5","75.0","37.5","(X)","(X)","2286","85","1764","134","86","75","140","82","296","77","45.5","6.3","52.4","7.8","64.0","45.2","34.3","34.3","4.4","6.6","32.8","6.0","31.6","6.7","0.0","33.7","32.1","35.5","49.3","19.4","8.8","3.0","(X)","(X)","(X)","(X)","(X)","(X)","67.9","17.7","5.9","2.7","(X)","(X)","(X)","(X)","(X)","(X)","45.6","19.5","0.0","1.6","(X)","(X)","(X)","(X)","(X)","(X)","(X)","(X)","3.1","2.4","(X)","(X)","(X)","(X)","(X)","(X)","(X)","(X)","96.9","2.4","98.8","1.8","100.0","33.7","100.0","23.2","82.8","14.1","3.1","2.4","1.2","1.8","0.0","33.7","0.0","23.2","17.2","14.1","0.0","1.6","0.0","2.1","0.0","33.7","0.0","23.2","0.0","11.9","94.7","4.3","95.9","4.5","100.0","33.7","65.0","34.3","100.0","11.9","5.3","4.3","4.1","4.5","0.0","33.7","35.0","34.3","0.0","11.9",
"1400000US06111007508","Census Tract 75.08, Ventura County, California","1423","64","800","98","27","25","182","60","414","86","2.48","0.13","3.05","0.21","2.41","0.43","2.78","0.44","1.26","0.13","1009","85","800","98","27","25","182","60","(X)","(X)","2.96","0.16","3.04","0.21","2.41","0.43","2.67","0.44","(X)","(X)","399","51","250","59","10","17","139","56","(X)","(X)","18.0","9.0","28.8","13.8","0.0","100.0","0.0","23.3","(X)","(X)","9.5","8.5","15.2","13.8","0.0","100.0","0.0","23.3","(X)","(X)","72.4","13.2","56.0","20.7","100.0","100.0","100.0","23.3","(X)","(X)","1423","64","800","98","27","25","182","60","414","86","29.0","3.6","32.3","7.5","37.0","49.0","79.1","16.2","0.0","8.7","35.1","5.1","35.1","7.9","40.7","52.8","16.5","15.0","42.8","12.0","22.0","5.2","(X)","(X)","(X)","(X)","(X)","(X)","75.6","11.5","7.4","3.4","(X)","(X)","(X)","(X)","(X)","(X)","25.6","10.6","0.0","2.6","(X)","(X)","(X)","(X)","(X)","(X)","(X)","(X)","5.9","2.7","(X)","(X)","(X)","(X)","(X)","(X)","(X)","(X)","88.2","4.7","94.1","5.2","63.0","49.0","65.9","24.5","88.2","7.2","11.8","4.7","5.9","5.2","37.0","49.0","34.1","24.5","11.8","7.2","0.0","2.6","0.0","4.6","0.0","61.3","0.0","18.5","0.0","8.7","78.3","6.6","76.3","9.9","40.7","52.8","55.5","23.5","94.7","5.9","21.7","6.6","23.8","9.9","59.3","52.8","44.5","23.5","5.3","5.9",
"1400000US06111007509","Census Tract 75.09, Ventura County, California","1618","48","1072","134","13","22","211","106","322","105","2.76","0.19","3.17","0.21","3.15","0.73","2.64","0.59","1.43","0.49","1296","122","1072","134","13","22","211","106","(X)","(X)","3.07","0.20","3.16","0.21","3.15","0.73","2.59","0.59","(X)","(X)","662","128","468","138","13","22","181","100","(X)","(X)","24.3","12.9","31.0","17.8","0.0","88.4","8.8","13.5","(X)","(X)","26.6","12.4","26.1","15.4","0.0","88.4","29.8","31.8","(X)","(X)","49.1","13.6","42.9","15.7","100.0","88.4","61.3","32.0","(X)","(X)","1618","48","1072","134","13","22","211","106","322","105","41.8","7.9","45.0","9.7","100.0","88.4","85.8","17.6","0.0","11.0","25.2","5.8","28.5","8.5","0.0","88.4","4.3","7.2","28.9","16.4","15.4","6.3","(X)","(X)","(X)","(X)","(X)","(X)","77.3","21.2","4.0","2.6","(X)","(X)","(X)","(X)","(X)","(X)","19.9","14.1","0.0","2.3","(X)","(X)","(X)","(X)","(X)","(X)","(X)","(X)","1.7","2.1","(X)","(X)","(X)","(X)","(X)","(X)","(X)","(X)","66.5","6.0","78.5","8.2","0.0","88.4","65.4","29.4","30.1","16.8","33.5","6.0","21.5","8.2","100.0","88.4","34.6","29.4","69.9","16.8","0.0","2.3","0.0","3.4","0.0","88.4","0.0","16.2","0.0","11.0","59.8","7.0","74.5","8.1","0.0","88.4","39.8","30.6","26.4","15.9","40.2","7.0","25.5","8.1","100.0","88.4","60.2","30.6","73.6","15.9",
"1400000US06111007510","Census Tract 75.10, Ventura County, California","2080","62","1691","123","48","44","118","72","223","85","3.26","0.13","3.47","0.14","3.73","0.76","3.66","0.41","1.35","0.19","1857","94","1691","123","48","44","118","72","(X)","(X)","3.45","0.13","3.44","0.14","3.73","0.76","3.49","0.56","(X)","(X)","1091","89","993","92","11","17","87","63","(X)","(X)","22.7","8.6","25.0","9.5","0.0","96.0","0.0","33.4","(X)","(X)","23.6","8.0","23.7","8.6","0.0","96.0","25.3","31.8","(X)","(X)","53.7","9.8","51.4","10.1","100.0","96.0","74.7","31.8","(X)","(X)","2080","62","1691","123","48","44","118","72","223","85","54.8","4.4","60.8","4.9","52.1","50.2","73.7","24.8","0.0","15.4","32.0","4.4","27.9","5.0","47.9","50.2","38.1","30.4","56.5","27.4","7.1","3.5","(X)","(X)","(X)","(X)","(X)","(X)","66.4","18.9","4.5","3.3","(X)","(X)","(X)","(X)","(X)","(X)","41.7","25.9","1.0","1.4","(X)","(X)","(X)","(X)","(X)","(X)","(X)","(X)","3.2","2.2","(X)","(X)","(X)","(X)","(X)","(X)","(X)","(X)","100.0","1.8","100.0","2.2","100.0","46.0","100.0","26.7","100.0","15.4","0.0","1.8","0.0","2.2","0.0","46.0","0.0","26.7","0.0","15.4","0.0","1.8","0.0","2.2","0.0","46.0","0.0","26.7","0.0","15.4","94.5","3.3","95.0","3.4","70.8","42.8","85.6","22.3","100.0","15.4","5.5","3.3","5.0","3.4","29.2","42.8","14.4","22.3","0.0","15.4",
"1400000US06111007511","Census Tract 75.11, Ventura County, California","769","75","597","93","22","35","82","60","68","54","2.89","0.27","3.01","0.31","1.91","0.18","3.57","1.00","1.31","0.40","701","72","597","93","22","35","82","60","(X)","(X)","2.93","0.25","2.99","0.30","1.91","0.18","2.82","0.93","(X)","(X)","216","81","179","69","22","35","15","27","(X)","(X)","6.5","10.6","7.8","12.4","0.0","67.9","0.0","82.3","(X)","(X)","12.0","12.9","14.5","15.6","0.0","67.9","0.0","82.3","(X)","(X)","81.5","16.3","77.7","19.2","100.0","67.9","100.0","82.2","(X)","(X)","769","75","597","93","22","35","82","60","68","54","30.6","10.2","30.0","11.6","100.0","67.9","41.5","43.5","0.0","38.6","34.5","10.3","31.2","11.5","0.0","67.9","51.2","37.1","54.4","40.2","6.4","6.0","(X)","(X)","(X)","(X)","(X)","(X)","72.1","36.1","4.8","5.5","(X)","(X)","(X)","(X)","(X)","(X)","54.4","40.2","0.0","4.8","(X)","(X)","(X)","(X)","(X)","(X)","(X)","(X)","2.5","3.7","(X)","(X)","(X)","(X)","(X)","(X)","(X)","(X)","100.0","4.8","100.0","6.1","100.0","67.9","100.0","34.7","100.0","38.6","0.0","4.8","0.0","6.1","0.0","67.9","0.0","34.7","0.0","38.6","0.0","4.8","0.0","6.1","0.0","67.9","0.0","34.7","0.0","38.6","97.5","3.7","100.0","6.1","100.0","67.9","100.0","34.7","72.1","36.1","2.5","3.7","0.0","6.1","0.0","67.9","0.0","34.7","27.9","36.1",
"1400000US06111007512","Census Tract 75.12, Ventura County, California","1655","99","1081","150","53","43","147","98","374","132","2.93","0.26","3.55","0.29","2.38","0.37","2.83","0.59","1.25","0.17","1281","131","1081","150","53","43","147","98","(X)","(X)","3.39","0.27","3.54","0.30","2.38","0.37","2.69","0.43","(X)","(X)","651","110","554","131","28","34","69","60","(X)","(X)","7.4","6.5","8.7","7.7","0.0","60.2","0.0","38.3","(X)","(X)","37.6","14.2","44.2","15.2","0.0","60.2","0.0","38.3","(X)","(X)","55.0","12.7","47.1","13.1","100.0","60.2","100.0","38.3","(X)","(X)","1655","99","1081","150","53","43","147","98","374","132","40.9","7.1","53.7","8.8","52.8","42.5","46.9","30.2","0.0","9.5","28.6","6.7","30.8","7.9","47.2","42.5","21.1","21.9","22.7","14.5","16.9","7.0","(X)","(X)","(X)","(X)","(X)","(X)","74.9","16.9","1.8","1.9","(X)","(X)","(X)","(X)","(X)","(X)","7.8","8.9","1.6","1.4","(X)","(X)","(X)","(X)","(X)","(X)","(X)","(X)","4.5","3.3","(X)","(X)","(X)","(X)","(X)","(X)","(X)","(X)","86.3","5.6","93.9","6.8","100.0","43.8","80.3","28.5","65.0","21.3","13.7","5.6","6.1","6.8","0.0","43.8","19.7","28.5","35.0","21.3","0.0","2.2","0.0","3.4","0.0","43.8","0.0","22.3","0.0","9.5","75.0","6.9","84.8","8.2","100.0","43.8","34.7","27.3","59.1","21.7","25.0","6.9","15.2","8.2","0.0","43.8","65.3","27.3","40.9","21.7",
"1400000US06111007513","Census Tract 75.13, Ventura County, California","519","19","426","53","0","95","54","57","39","32","3.48","0.70","3.30","0.69","-","**","6.39","0.64","1.38","0.63","480","38","426","53","0","95","54","57","(X)","(X)","3.58","0.73","3.30","0.69","-","**","5.76","2.13","(X)","(X)","152","91","111","73","0","95","41","65","(X)","(X)","0.0","21.6","0.0","28.0","-","**","0.0","49.7","(X)","(X)","63.8","33.9","50.5","43.7","-","**","100.0","49.7","(X)","(X)","36.2","33.9","49.5","43.7","-","**","0.0","49.7","(X)","(X)","519","19","426","53","0","95","54","57","39","32","31.8","17.1","29.1","16.5","-","**","75.9","64.9","0.0","51.0","57.6","17.5","64.3","18.7","-","**","0.0","43.3","64.1","55.6","5.2","6.0","(X)","(X)","(X)","(X)","(X)","(X)","69.2","51.3","2.5","4.1","(X)","(X)","(X)","(X)","(X)","(X)","33.3","42.4","0.0","7.0","(X)","(X)","(X)","(X)","(X)","(X)","(X)","(X)","0.0","7.0","(X)","(X)","(X)","(X)","(X)","(X)","(X)","(X)","100.0","7.0","100.0","8.4","-","**","100.0","43.3","100.0","51.0","0.0","7.0","0.0","8.4","-","**","0.0","43.3","0.0","51.0","0.0","7.0","0.0","8.4","-","**","0.0","43.3","0.0","51.0","100.0","7.0","100.0","8.4","-","**","100.0","43.3","100.0","51.0","0.0","7.0","0.0","8.4","-","**","0.0","43.3","0.0","51.0",
"1400000US06111007514","Census Tract 75.14, Ventura County, California","2922","118","1349","203","50","79","225","113","1298","191","2.27","0.16","2.92","0.24","2.24","0.09","3.17","0.42","1.44","0.19","1624","208","1349","203","50","79","225","113","(X)","(X)","2.93","0.20","2.92","0.24","2.24","0.09","3.12","0.44","(X)","(X)","724","183","562","182","0","95","162","97","(X)","(X)","14.8","10.0","19.0","12.6","-","**","0.0","20.5","(X)","(X)","12.4","7.1","11.9","7.8","-","**","14.2","19.0","(X)","(X)","72.8","12.0","69.0","13.7","-","**","85.8","19.0","(X)","(X)","2922","118","1349","203","50","79","225","113","1298","191","26.4","6.5","41.7","11.8","0.0","45.1","72.0","18.8","3.5","5.5","33.0","5.0","27.5","6.3","0.0","45.1","12.9","15.6","43.5","9.4","30.0","6.2","(X)","(X)","(X)","(X)","(X)","(X)","67.6","11.1","14.7","3.8","(X)","(X)","(X)","(X)","(X)","(X)","33.1","8.0","0.3","0.6","(X)","(X)","(X)","(X)","(X)","(X)","(X)","(X)","5.7","2.7","(X)","(X)","(X)","(X)","(X)","(X)","(X)","(X)","46.4","6.2","68.4","11.1","0.0","45.1","25.3","23.5","29.0","7.7","53.6","6.2","31.6","11.1","100.0","45.1","74.7","23.5","71.0","7.7","0.0","1.3","0.0","2.7","0.0","45.1","0.0","15.3","0.0","2.8","41.4","5.5","57.4","11.1","0.0","45.1","27.1","25.0","28.9","8.4","58.6","5.5","42.6","11.1","100.0","45.1","72.9","25.0","71.1","8.4",
"1400000US06111007606","Census Tract 76.06, Ventura County, California","378","43","330","47","19","23","29","28","0","95","3.37","0.27","3.24","0.32","4.26","0.93","4.34","1.08","-","**","378","43","330","47","19","23","29","28","(X)","(X)","3.35","0.27","3.24","0.32","4.26","0.93","4.07","1.49","(X)","(X)","195","53","180","49","15","23","0","95","(X)","(X)","13.3","14.7","14.4","15.9","0.0","82.3","-","**","(X)","(X)","2.1","3.8","2.2","4.2","0.0","82.3","-","**","(X)","(X)","84.6","15.1","83.3","16.5","100.0","82.2","-","**","(X)","(X)","378","43","330","47","19","23","29","28","0","95","51.6","11.8","54.5","11.9","78.9","49.0","0.0","59.2","-","**","26.7","8.2","23.3","10.3","21.1","49.0","69.0","50.2","-","**","0.0","9.4","(X)","(X)","(X)","(X)","(X)","(X)","-","**","0.0","9.4","(X)","(X)","(X)","(X)","(X)","(X)","-","**","0.0","9.4","(X)","(X)","(X)","(X)","(X)","(X)","(X)","(X)","2.4","4.0","(X)","(X)","(X)","(X)","(X)","(X)","(X)","(X)","97.4","4.1","100.0","10.7","94.7","37.3","69.0","50.2","-","**","0.3","1.4","0.0","10.7","5.3","37.3","0.0","59.2","-","**","2.4","4.0","0.0","10.7","0.0","73.1","31.0","50.2","-","**","97.4","4.1","97.0","4.6","100.0","73.1","100.0","59.2","-","**","2.6","4.1","3.0","4.6","0.0","73.1","0.0","59.2","-","**",
"1400000US06111007607","Census Tract 76.07, Ventura County, California","1995","83","1458","117","45","34","132","68","360","110","2.99","0.13","3.39","0.15","3.84","1.19","3.09","0.54","1.21","0.19","1635","126","1458","117","45","34","132","68","(X)","(X)","3.31","0.14","3.35","0.15","2.78","0.97","3.09","0.54","(X)","(X)","837","89","730","97","31","31","76","56","(X)","(X)","7.0","5.0","8.1","5.8","0.0","57.2","0.0","36.4","(X)","(X)","13.6","7.7","14.4","8.8","29.0","42.4","0.0","36.4","(X)","(X)","79.3","8.4","77.5","9.8","71.0","42.4","100.0","36.4","(X)","(X)","1995","83","1458","117","45","34","132","68","360","110","43.3","4.0","51.9","6.0","68.9","36.4","57.6","27.2","0.0","9.9","24.2","4.8","18.3","4.9","17.8","31.0","34.8","29.6","45.0","16.0","15.8","5.0","(X)","(X)","(X)","(X)","(X)","(X)","87.5","11.0","4.1","2.4","(X)","(X)","(X)","(X)","(X)","(X)","22.5","12.6","1.0","1.5","(X)","(X)","(X)","(X)","(X)","(X)","(X)","(X)","1.0","1.2","(X)","(X)","(X)","(X)","(X)","(X)","(X)","(X)","96.9","2.5","98.9","1.4","100.0","47.5","100.0","24.4","87.2","12.0","3.1","2.5","1.1","1.4","0.0","47.5","0.0","24.4","12.8","12.0","0.0","1.9","0.0","2.5","0.0","47.5","0.0","24.4","0.0","9.9","94.5","3.5","97.4","2.3","86.7","26.1","77.3","23.6","90.0","11.5","5.5","3.5","2.6","2.3","13.3","26.1","22.7","23.6","10.0","11.5",
"1400000US06111007609","Census Tract 76.09, Ventura County, California","786","29","611","85","71","48","47","44","57","36","3.34","0.24","3.48","0.25","3.01","1.16","3.64","1.11","1.91","1.08","729","44","611","85","71","48","47","44","(X)","(X)","3.42","0.23","3.45","0.24","3.01","1.16","3.64","1.11","(X)","(X)","350","82","293","86","25","28","32","39","(X)","(X)","26.3","14.2","31.4","16.7","0.0","63.7","0.0","56.3","(X)","(X)","6.0","8.1","3.8","6.6","0.0","63.7","31.3","55.2","(X)","(X)","67.7","15.0","64.8","16.6","100.0","63.7","68.8","55.2","(X)","(X)","786","29","611","85","71","48","47","44","57","36","48.5","9.9","48.0","11.4","57.7","49.0","100.0","46.5","0.0","42.2","22.9","7.0","24.7","10.3","0.0","37.8","0.0","46.5","50.9","38.1","3.9","3.5","(X)","(X)","(X)","(X)","(X)","(X)","54.4","40.3","1.7","2.6","(X)","(X)","(X)","(X)","(X)","(X)","22.8","37.1","0.0","4.7","(X)","(X)","(X)","(X)","(X)","(X)","(X)","(X)","2.0","2.8","(X)","(X)","(X)","(X)","(X)","(X)","(X)","(X)","100.0","4.7","100.0","5.9","100.0","37.8","100.0","46.5","100.0","42.2","0.0","4.7","0.0","5.9","0.0","37.8","0.0","46.5","0.0","42.2","0.0","4.7","0.0","5.9","0.0","37.8","0.0","46.5","0.0","42.2","83.3","10.3","81.0","12.2","100.0","37.8","68.1","47.8","100.0","42.2","16.7","10.3","19.0","12.2","0.0","37.8","31.9","47.8","0.0","42.2",
"1400000US06111007610","Census Tract 76.10, Ventura County, California","1643","54","1212","142","60","50","200","116","171","68","3.31","0.19","3.67","0.21","2.60","0.46","3.13","1.06","1.27","0.29","1472","85","1212","142","60","50","200","116","(X)","(X)","3.46","0.19","3.66","0.21","2.33","0.39","2.62","0.37","(X)","(X)","840","86","724","92","21","24","95","72","(X)","(X)","32.3","11.8","37.4","13.7","0.0","69.5","0.0","31.4","(X)","(X)","7.3","5.8","8.4","6.6","0.0","69.5","0.0","31.4","(X)","(X)","60.5","12.0","54.1","13.7","100.0","69.5","100.0","31.4","(X)","(X)","1643","54","1212","142","60","50","200","116","171","68","53.7","6.0","63.2","8.1","35.0","40.8","47.5","30.4","0.0","19.6","21.3","4.8","18.8","5.2","35.0","45.6","24.5","27.2","30.4","25.4","8.1","4.1","(X)","(X)","(X)","(X)","(X)","(X)","77.8","23.5","3.2","2.8","(X)","(X)","(X)","(X)","(X)","(X)","30.4","25.4","0.0","2.3","(X)","(X)","(X)","(X)","(X)","(X)","(X)","(X)","3.7","4.3","(X)","(X)","(X)","(X)","(X)","(X)","(X)","(X)","99.2","1.3","100.0","3.0","100.0","41.1","100.0","17.0","92.4","12.7","0.8","1.3","0.0","3.0","0.0","41.1","0.0","17.0","7.6","12.7","0.0","2.3","0.0","3.0","0.0","41.1","0.0","17.0","0.0","19.6","89.9","4.9","93.1","4.8","46.7","45.9","90.0","17.0","82.5","19.4","10.1","4.9","6.9","4.8","53.3","45.9","10.0","17.0","17.5","19.4",
"1400000US06111007611","Census Tract 76.11, Ventura County, California","949","50","688","121","55","78","90","77","116","64","4.70","0.42","5.26","0.70","6.85","0.44","3.74","0.82","1.10","0.18","833","79","688","121","55","78","90","77","(X)","(X)","4.95","0.56","5.05","0.70","6.73","0.69","3.11","1.26","(X)","(X)","562","90","427","108","55","78","80","73","(X)","(X)","3.6","4.7","4.7","6.3","0.0","43.0","0.0","35.3","(X)","(X)","47.5","18.2","42.2","18.4","100.0","43.0","40.0","52.7","(X)","(X)","48.9","17.9","53.2","18.3","0.0","43.0","60.0","52.7","(X)","(X)","949","50","688","121","55","78","90","77","116","64","62.9","8.9","67.2","11.4","100.0","43.0","88.9","20.2","0.0","27.0","30.0","12.4","32.6","16.3","0.0","43.0","0.0","32.7","52.6","28.9","10.9","7.2","(X)","(X)","(X)","(X)","(X)","(X)","88.8","20.3","6.4","5.0","(X)","(X)","(X)","(X)","(X)","(X)","52.6","28.9","0.0","3.9","(X)","(X)","(X)","(X)","(X)","(X)","(X)","(X)","1.4","2.3","(X)","(X)","(X)","(X)","(X)","(X)","(X)","(X)","69.5","9.8","79.9","11.6","89.1","35.2","17.8","26.7","38.8","26.9","30.5","9.8","20.1","11.6","10.9","35.2","82.2","26.7","61.2","26.9","0.0","3.9","0.0","5.3","0.0","43.0","0.0","32.7","0.0","27.0","55.4","14.0","54.4","16.3","89.1","35.2","17.8","26.7","75.0","28.0","44.6","14.0","45.6","16.3","10.9","35.2","82.2","26.7","25.0","28.0",
"1400000US06111007612","Census Tract 76.12, Ventura County, California","1537","103","668","127","148","82","213","127","508","162","2.76","0.23","3.47","0.36","3.30","0.73","3.32","0.67","1.44","0.20","1029","160","668","127","148","82","213","127","(X)","(X)","3.25","0.27","3.47","0.36","2.26","0.15","3.25","0.67","(X)","(X)","448","143","345","123","46","44","57","51","(X)","(X)","21.9","15.7","23.5","20.1","37.0","56.8","0.0","42.2","(X)","(X)","15.4","8.9","20.0","11.6","0.0","47.0","0.0","42.2","(X)","(X)","62.7","17.3","56.5","21.4","63.0","56.8","100.0","42.2","(X)","(X)","1537","103","668","127","148","82","213","127","508","162","34.9","9.2","52.2","13.4","31.1","28.8","66.2","28.7","0.0","7.1","27.5","6.7","29.6","9.5","39.9","38.2","0.0","16.1","32.5","14.8","21.2","6.9","(X)","(X)","(X)","(X)","(X)","(X)","64.2","16.0","8.3","4.4","(X)","(X)","(X)","(X)","(X)","(X)","25.0","12.9","0.0","2.4","(X)","(X)","(X)","(X)","(X)","(X)","(X)","(X)","9.6","6.0","(X)","(X)","(X)","(X)","(X)","(X)","(X)","(X)","43.3","8.6","68.6","12.2","39.9","35.5","10.8","16.7","24.6","13.7","55.7","8.0","29.0","11.0","60.1","35.5","89.2","16.7","75.4","13.7","1.0","1.6","2.4","3.8","0.0","22.1","0.0","16.1","0.0","7.1","37.4","7.2","61.4","13.2","39.9","35.5","10.8","16.7","16.3","11.1","62.6","7.2","38.6","13.2","60.1","35.5","89.2","16.7","83.7","11.1",
"1400000US06111007613","Census Tract 76.13, Ventura County, California","1141","80","865","73","13","21","114","52","149","76","3.15","0.20","3.40","0.18","5.31","1.30","3.26","0.82","1.40","0.41","992","67","865","73","13","21","114","52","(X)","(X)","3.39","0.17","3.40","0.18","5.31","1.30","3.14","0.79","(X)","(X)","598","103","566","100","13","21","19","24","(X)","(X)","19.4","9.8","18.2","9.6","0.0","88.4","68.4","51.2","(X)","(X)","22.7","11.3","21.7","11.0","100.0","88.4","0.0","73.1","(X)","(X)","57.9","13.2","60.1","13.2","0.0","88.4","31.6","51.2","(X)","(X)","1141","80","865","73","13","21","114","52","149","76","55.6","9.1","65.4","9.3","100.0","88.4","48.2","34.4","0.0","22.0","19.3","5.5","16.3","8.3","0.0","88.4","43.9","30.8","19.5","21.2","8.5","5.7","(X)","(X)","(X)","(X)","(X)","(X)","65.1","36.2","2.5","2.4","(X)","(X)","(X)","(X)","(X)","(X)","19.5","21.2","0.0","3.2","(X)","(X)","(X)","(X)","(X)","(X)","(X)","(X)","3.3","4.8","(X)","(X)","(X)","(X)","(X)","(X)","(X)","(X)","97.0","2.7","98.3","3.0","100.0","88.4","100.0","27.4","87.2","17.6","1.8","2.1","0.2","1.0","0.0","88.4","0.0","27.4","12.8","17.6","1.1","2.1","1.5","2.7","0.0","88.4","0.0","27.4","0.0","22.0","95.0","4.2","96.9","3.8","100.0","88.4","88.6","18.6","88.6","15.1","5.0","4.2","3.1","3.8","0.0","88.4","11.4","18.6","11.4","15.1",
"1400000US06111007614","Census Tract 76.14, Ventura County, California","2232","123","1402","192","98","75","241","91","491","148","3.36","0.24","3.97","0.29","3.46","0.94","2.67","0.39","1.91","0.68","1741","162","1402","192","98","75","241","91","(X)","(X)","3.65","0.27","3.89","0.28","3.18","1.03","2.47","0.33","(X)","(X)","956","118","794","132","76","71","86","59","(X)","(X)","23.0","9.6","21.5","10.2","0.0","36.4","57.0","36.5","(X)","(X)","10.5","7.6","12.6","9.2","0.0","36.4","0.0","33.7","(X)","(X)","66.5","11.7","65.9","12.8","100.0","36.4","43.0","36.5","(X)","(X)","2232","123","1402","192","98","75","241","91","491","148","45.0","5.5","59.1","7.2","77.6","26.6","41.5","20.8","0.0","7.3","24.6","5.8","23.8","8.9","10.2","16.9","26.1","17.5","29.1","13.9","14.0","5.2","(X)","(X)","(X)","(X)","(X)","(X)","63.7","18.1","3.1","2.1","(X)","(X)","(X)","(X)","(X)","(X)","14.3","9.4","0.0","1.7","(X)","(X)","(X)","(X)","(X)","(X)","(X)","(X)","4.1","3.1","(X)","(X)","(X)","(X)","(X)","(X)","(X)","(X)","88.3","4.4","88.8","6.0","89.8","16.9","100.0","14.4","80.7","11.3","4.2","3.1","4.9","4.2","0.0","30.7","0.0","14.4","5.1","6.5","7.6","3.4","6.3","5.1","10.2","16.9","0.0","14.4","14.3","8.7","88.5","5.7","91.9","5.3","87.8","20.3","81.3","18.3","82.5","16.7","11.5","5.7","8.1","5.3","12.2","20.3","18.7","18.3","17.5","16.7",
"1400000US06111007700","Census Tract 77, Ventura County, California","1913","80","1074","132","43","34","259","90","537","120","3.02","0.20","3.63","0.25","2.88","1.06","4.14","0.78","1.27","0.17","1376","112","1074","132","43","34","259","90","(X)","(X)","3.67","0.23","3.63","0.25","2.88","1.06","3.99","0.71","(X)","(X)","712","111","573","104","20","33","119","65","(X)","(X)","20.5","9.4","25.5","11.3","0.0","71.2","0.0","26.5","(X)","(X)","23.6","10.9","27.7","13.7","0.0","71.2","7.6","12.7","(X)","(X)","55.9","12.3","46.8","15.4","100.0","71.2","92.4","12.7","(X)","(X)","1913","80","1074","132","43","34","259","90","537","120","41.5","5.4","55.8","6.6","53.5","49.0","66.0","15.5","0.0","6.7","27.5","4.3","23.1","6.8","27.9","41.0","30.5","16.2","34.8","11.5","22.2","5.9","(X)","(X)","(X)","(X)","(X)","(X)","79.1","12.9","7.4","2.9","(X)","(X)","(X)","(X)","(X)","(X)","26.4","9.5","1.7","1.6","(X)","(X)","(X)","(X)","(X)","(X)","(X)","(X)","3.0","2.2","(X)","(X)","(X)","(X)","(X)","(X)","(X)","(X)","76.3","5.4","84.2","6.4","81.4","28.4","81.5","15.6","57.7","12.8","14.9","4.5","8.8","5.5","18.6","28.4","14.3","13.5","27.2","11.3","8.8","3.1","7.1","4.0","0.0","48.6","4.2","6.9","15.1","9.1","79.9","5.5","88.1","5.8","46.5","49.0","70.3","21.8","70.8","11.7","20.1","5.5","11.9","5.8","53.5","49.0","29.7","21.8","29.2","11.7",
"1400000US06111007800","Census Tract 78, Ventura County, California","1340","59","628","108","16","18","262","91","434","108","2.96","0.26","4.03","0.29","2.31","0.45","2.94","0.48","1.46","0.26","906","113","628","108","16","18","262","91","(X)","(X)","3.46","0.19","3.81","0.24","2.31","0.45","2.68","0.48","(X)","(X)","632","93","414","87","0","95","218","85","(X)","(X)","24.1","8.1","28.5","11.0","-","**","15.6","13.3","(X)","(X)","10.6","8.2","11.6","10.8","-","**","8.7","13.6","(X)","(X)","65.3","11.0","59.9","14.8","-","**","75.7","16.9","(X)","(X)","1340","59","628","108","16","18","262","91","434","108","47.2","6.5","65.9","10.0","0.0","79.6","83.2","14.6","0.0","8.3","23.6","4.2","17.4","7.5","56.3","56.3","6.1","9.1","41.9","12.7","22.8","5.9","(X)","(X)","(X)","(X)","(X)","(X)","70.3","13.7","11.6","4.6","(X)","(X)","(X)","(X)","(X)","(X)","35.7","11.9","1.0","1.3","(X)","(X)","(X)","(X)","(X)","(X)","(X)","(X)","8.6","5.3","(X)","(X)","(X)","(X)","(X)","(X)","(X)","(X)","37.8","6.7","61.1","11.1","56.3","56.3","14.9","14.1","17.1","11.5","62.2","6.7","38.9","11.1","43.8","56.2","85.1","14.1","82.9","11.5","0.0","2.8","0.0","5.8","0.0","79.6","0.0","13.3","0.0","8.3","27.9","6.3","45.1","9.2","0.0","79.6","6.5","7.1","17.1","11.5","72.1","6.3","54.9","9.2","100.0","79.6","93.5","7.1","82.9","11.5",
"1400000US06111007901","Census Tract 79.01, Ventura County, California","1676","58","985","135","164","85","169","68","358","104","3.31","0.22","3.73","0.32","3.55","0.60","3.63","0.84","1.88","0.56","1318","108","985","135","164","85","169","68","(X)","(X)","3.54","0.25","3.66","0.31","3.12","0.68","3.26","0.70","(X)","(X)","661","123","455","111","92","66","114","63","(X)","(X)","28.6","11.6","41.5","14.8","0.0","32.2","0.0","27.4","(X)","(X)","11.8","8.3","7.9","6.7","45.7","44.5","0.0","27.4","(X)","(X)","59.6","11.0","50.5","14.5","54.3","44.5","100.0","27.4","(X)","(X)","1676","58","985","135","164","85","169","68","358","104","50.7","7.6","54.8","8.4","84.1","19.3","74.0","18.7","13.1","15.3","17.7","3.2","16.1","4.4","16.5","17.4","11.8","12.4","25.1","12.9","13.7","5.3","(X)","(X)","(X)","(X)","(X)","(X)","64.0","18.9","2.7","1.9","(X)","(X)","(X)","(X)","(X)","(X)","12.6","8.9","0.7","1.1","(X)","(X)","(X)","(X)","(X)","(X)","(X)","(X)","5.9","4.2","(X)","(X)","(X)","(X)","(X)","(X)","(X)","(X)","69.2","5.6","79.5","7.4","54.3","32.3","59.2","22.7","52.2","17.4","30.8","5.6","20.5","7.4","45.7","32.3","40.8","22.7","47.8","17.4","0.0","2.2","0.0","3.7","0.0","20.3","0.0","19.8","0.0","9.9","62.1","5.8","68.2","9.1","36.6","27.4","46.7","22.3","64.0","17.4","37.9","5.8","31.8","9.1","63.4","27.4","53.3","22.3","36.0","17.4",
"1400000US06111007903","Census Tract 79.03, Ventura County, California","1517","46","1123","93","77","53","122","68","195","76","3.08","0.16","3.27","0.19","4.65","1.53","2.93","0.55","1.48","0.36","1322","74","1123","93","77","53","122","68","(X)","(X)","3.29","0.17","3.27","0.19","4.29","1.43","2.86","0.55","(X)","(X)","650","64","559","83","32","40","59","57","(X)","(X)","31.7","12.0","36.9","13.3","0.0","56.3","0.0","41.5","(X)","(X)","20.9","9.6","15.2","10.6","100.0","56.3","32.2","46.7","(X)","(X)","47.4","13.5","47.9","14.2","0.0","56.3","67.8","46.7","(X)","(X)","1517","46","1123","93","77","53","122","68","195","76","45.3","4.6","50.8","5.6","64.9","37.0","54.9","29.7","0.0","17.4","25.8","3.9","20.5","4.6","39.0","40.0","32.8","25.3","46.7","22.1","8.6","3.7","(X)","(X)","(X)","(X)","(X)","(X)","67.2","21.7","3.8","2.7","(X)","(X)","(X)","(X)","(X)","(X)","29.7","19.5","0.5","0.8","(X)","(X)","(X)","(X)","(X)","(X)","(X)","(X)","2.5","2.7","(X)","(X)","(X)","(X)","(X)","(X)","(X)","(X)","100.0","2.4","100.0","3.3","100.0","36.1","100.0","26.0","100.0","17.4","0.0","2.4","0.0","3.3","0.0","36.1","0.0","26.0","0.0","17.4","0.0","2.4","0.0","3.3","0.0","36.1","0.0","26.0","0.0","17.4","84.2","5.3","88.0","5.6","58.4","43.2","84.4","22.6","72.3","19.7","15.8","5.3","12.0","5.6","41.6","43.2","15.6","22.6","27.7","19.7",
"1400000US06111007904","Census Tract 79.04, Ventura County, California","1705","34","1200","122","59","45","198","87","248","100","3.57","0.21","3.91","0.26","2.81","0.64","3.86","0.78","1.84","0.62","1457","100","1200","122","59","45","198","87","(X)","(X)","3.64","0.23","3.72","0.28","2.61","0.56","3.52","0.70","(X)","(X)","621","102","498","90","36","38","87","56","(X)","(X)","18.5","10.8","23.1","12.8","0.0","53.1","0.0","33.4","(X)","(X)","24.2","9.2","30.1","12.1","0.0","53.1","0.0","33.4","(X)","(X)","57.3","12.1","46.8","14.7","100.0","53.1","100.0","33.4","(X)","(X)","1705","34","1200","122","59","45","198","87","248","100","40.2","6.0","45.9","6.6","61.0","38.3","50.0","21.9","0.0","14.0","39.0","5.1","40.8","7.3","25.4","29.5","36.9","21.0","35.5","17.7","8.4","4.1","(X)","(X)","(X)","(X)","(X)","(X)","57.7","27.0","4.5","2.7","(X)","(X)","(X)","(X)","(X)","(X)","31.0","15.2","1.4","1.6","(X)","(X)","(X)","(X)","(X)","(X)","(X)","(X)","4.6","3.8","(X)","(X)","(X)","(X)","(X)","(X)","(X)","(X)","99.6","0.7","100.0","3.1","100.0","41.5","100.0","17.2","97.2","4.9","0.4","0.7","0.0","3.1","0.0","41.5","0.0","17.2","2.8","4.9","0.0","2.2","0.0","3.1","0.0","41.5","0.0","17.2","0.0","14.0","86.7","4.6","89.2","5.6","100.0","41.5","74.7","18.8","81.5","14.4","13.3","4.6","10.8","5.6","0.0","41.5","25.3","18.8","18.5","14.4",
"1400000US06111008001","Census Tract 80.01, Ventura County, California","871","83","512","93","87","49","114","79","158","69","3.62","0.37","4.07","0.43","3.66","1.12","4.65","1.74","1.40","0.36","713","95","512","93","87","49","114","79","(X)","(X)","3.49","0.27","3.70","0.35","2.41","0.28","3.33","0.61","(X)","(X)","265","91","177","66","19","27","69","64","(X)","(X)","31.7","16.9","24.3","19.7","78.9","54.0","37.7","44.9","(X)","(X)","11.7","16.5","0.0","19.0","0.0","73.1","44.9","51.2","(X)","(X)","56.6","19.5","75.7","19.7","21.1","54.0","17.4","26.6","(X)","(X)","871","83","512","93","87","49","114","79","158","69","38.3","7.8","47.1","9.7","21.8","28.2","64.9","25.4","0.0","20.9","35.0","7.3","34.8","8.8","44.8","31.7","19.3","22.9","41.8","28.4","14.0","6.9","(X)","(X)","(X)","(X)","(X)","(X)","77.2","19.8","6.4","5.5","(X)","(X)","(X)","(X)","(X)","(X)","35.4","27.2","0.0","4.2","(X)","(X)","(X)","(X)","(X)","(X)","(X)","(X)","4.0","3.8","(X)","(X)","(X)","(X)","(X)","(X)","(X)","(X)","90.9","5.3","98.0","2.4","87.4","18.0","64.0","33.8","89.2","13.0","9.1","5.3","2.0","2.4","12.6","18.0","36.0","33.8","10.8","13.0","0.0","4.2","0.0","7.1","0.0","33.4","0.0","27.4","0.0","20.9","82.4","9.0","84.2","10.4","70.1","25.1","59.6","33.5","100.0","20.9","17.6","9.0","15.8","10.4","29.9","25.1","40.4","33.5","0.0","20.9",
"1400000US06111008002","Census Tract 80.02, Ventura County, California","1446","81","807","96","122","80","238","83","279","92","3.20","0.26","3.79","0.40","3.40","0.61","3.27","0.44","1.35","0.23","1167","114","807","96","122","80","238","83","(X)","(X)","3.21","0.19","3.41","0.22","2.51","0.36","2.86","0.42","(X)","(X)","544","121","364","93","58","63","122","69","(X)","(X)","32.5","13.1","17.9","13.0","100.0","41.8","44.3","35.5","(X)","(X)","27.2","13.9","32.1","18.4","0.0","41.8","25.4","30.5","(X)","(X)","40.3","14.2","50.0","18.7","0.0","41.8","30.3","28.0","(X)","(X)","1446","81","807","96","122","80","238","83","279","92","41.0","7.8","49.2","10.7","47.5","32.3","58.0","20.1","0.0","12.6","18.7","4.4","16.1","4.7","15.6","19.1","18.5","16.4","28.0","14.9","14.0","5.8","(X)","(X)","(X)","(X)","(X)","(X)","72.8","18.1","3.6","2.8","(X)","(X)","(X)","(X)","(X)","(X)","18.6","13.9","0.8","1.2","(X)","(X)","(X)","(X)","(X)","(X)","(X)","(X)","10.9","6.2","(X)","(X)","(X)","(X)","(X)","(X)","(X)","(X)","82.0","6.1","94.4","5.0","53.3","36.7","49.6","22.8","86.0","14.9","18.0","6.1","5.6","5.0","46.7","36.7","50.4","22.8","14.0","14.9","0.0","2.6","0.0","4.5","0.0","26.0","0.0","14.5","0.0","12.6","66.9","8.0","80.8","9.9","36.1","26.7","27.7","17.8","73.5","18.1","33.1","8.0","19.2","9.9","63.9","26.7","72.3","17.8","26.5","18.1",
"1400000US06111008004","Census Tract 80.04, Ventura County, California","1337","91","801","99","125","61","110","66","301","90","3.45","0.31","3.51","0.33","7.31","1.96","3.12","0.55","1.81","0.30","1036","106","801","99","125","61","110","66","(X)","(X)","3.80","0.38","3.45","0.30","6.66","2.13","3.12","0.55","(X)","(X)","515","104","362","92","65","54","88","62","(X)","(X)","30.7","12.6","41.4","16.6","0.0","39.5","9.1","15.4","(X)","(X)","7.6","6.3","10.8","8.7","0.0","39.5","0.0","33.2","(X)","(X)","61.7","12.0","47.8","14.9","100.0","39.5","90.9","15.4","(X)","(X)","1337","91","801","99","125","61","110","66","301","90","43.2","6.9","47.6","8.5","87.2","16.3","80.0","22.4","0.0","11.7","34.2","8.6","33.1","10.1","63.2","26.9","20.0","22.4","30.2","15.7","9.3","4.2","(X)","(X)","(X)","(X)","(X)","(X)","41.5","19.3","6.1","3.5","(X)","(X)","(X)","(X)","(X)","(X)","26.9","15.1","0.0","2.8","(X)","(X)","(X)","(X)","(X)","(X)","(X)","(X)","13.8","6.9","(X)","(X)","(X)","(X)","(X)","(X)","(X)","(X)","98.7","1.5","98.8","1.8","93.6","12.1","100.0","28.2","100.0","11.7","1.3","1.5","1.2","1.8","6.4","12.1","0.0","28.2","0.0","11.7","0.0","2.8","0.0","4.6","0.0","25.5","0.0","28.2","0.0","11.7","75.8","7.0","84.3","6.7","36.0","28.3","70.0","30.3","71.8","20.7","24.2","7.0","15.7","6.7","64.0","28.3","30.0","30.3","28.2","20.7",
"1400000US06111008005","Census Tract 80.05, Ventura County, California","767","23","458","68","82","50","82","50","145","55","3.63","0.32","4.05","0.39","5.68","2.75","2.67","0.42","1.68","0.73","622","57","458","68","82","50","82","50","(X)","(X)","3.97","0.35","3.93","0.33","5.68","2.75","2.52","0.38","(X)","(X)","303","63","222","66","51","44","30","36","(X)","(X)","6.6","10.5","9.0","13.8","0.0","44.6","0.0","58.2","(X)","(X)","8.9","8.5","12.2","12.1","0.0","44.6","0.0","58.2","(X)","(X)","84.5","13.3","78.8","17.3","100.0","44.6","100.0","58.2","(X)","(X)","767","23","458","68","82","50","82","50","145","55","49.7","9.0","60.3","12.8","65.9","28.5","62.2","29.0","0.0","22.5","36.5","9.2","35.4","14.5","28.0","23.7","29.3","25.8","49.0","25.6","14.2","6.5","(X)","(X)","(X)","(X)","(X)","(X)","75.2","23.8","8.5","5.0","(X)","(X)","(X)","(X)","(X)","(X)","44.8","24.8","0.0","4.8","(X)","(X)","(X)","(X)","(X)","(X)","(X)","(X)","0.0","4.8","(X)","(X)","(X)","(X)","(X)","(X)","(X)","(X)","100.0","4.8","100.0","7.9","100.0","34.7","100.0","34.7","100.0","22.5","0.0","4.8","0.0","7.9","0.0","34.7","0.0","34.7","0.0","22.5","0.0","4.8","0.0","7.9","0.0","34.7","0.0","34.7","0.0","22.5","90.1","5.3","97.4","4.6","100.0","34.7","58.5","27.6","79.3","20.3","9.9","5.3","2.6","4.6","0.0","34.7","41.5","27.6","20.7","20.3",
"1400000US06111008101","Census Tract 81.01, Ventura County, California","1063","56","681","88","41","44","155","61","186","63","3.10","0.24","3.60","0.30","2.71","0.60","3.14","0.47","1.33","0.18","877","75","681","88","41","44","155","61","(X)","(X)","3.41","0.26","3.53","0.30","2.71","0.60","3.06","0.46","(X)","(X)","438","75","308","59","36","42","94","59","(X)","(X)","12.8","11.5","9.4","11.3","75.0","51.9","0.0","31.7","(X)","(X)","21.9","13.9","18.2","15.6","0.0","53.1","42.6","34.0","(X)","(X)","65.3","13.2","72.4","14.2","25.0","51.9","57.4","34.0","(X)","(X)","1063","56","681","88","41","44","155","61","186","63","42.7","6.4","47.6","6.9","87.8","29.3","60.6","24.4","0.0","18.2","29.8","7.2","29.8","8.9","12.2","29.3","23.9","19.8","38.7","18.1","12.5","4.8","(X)","(X)","(X)","(X)","(X)","(X)","71.5","16.1","4.4","3.0","(X)","(X)","(X)","(X)","(X)","(X)","25.3","14.7","0.0","3.5","(X)","(X)","(X)","(X)","(X)","(X)","(X)","(X)","3.6","3.5","(X)","(X)","(X)","(X)","(X)","(X)","(X)","(X)","90.0","3.3","94.3","4.3","100.0","49.7","100.0","21.3","64.0","15.5","10.0","3.3","5.7","4.3","0.0","49.7","0.0","21.3","36.0","15.5","0.0","3.5","0.0","5.4","0.0","49.7","0.0","21.3","0.0","18.2","73.3","8.2","72.4","9.6","78.0","43.2","80.6","24.7","69.4","20.5","26.7","8.2","27.6","9.6","22.0","43.2","19.4","24.7","30.6","20.5",
"1400000US06111008201","Census Tract 82.01, Ventura County, California","1354","64","779","115","103","65","168","69","304","79","3.02","0.25","3.61","0.39","3.19","0.44","3.21","0.55","1.36","0.26","1050","86","779","115","103","65","168","69","(X)","(X)","3.24","0.22","3.38","0.28","2.94","0.47","2.79","0.59","(X)","(X)","535","86","371","93","48","45","116","64","(X)","(X)","29.0","17.8","41.8","21.3","0.0","46.0","0.0","27.0","(X)","(X)","23.7","9.8","31.3","14.2","0.0","46.0","9.5","17.9","(X)","(X)","47.3","16.7","27.0","14.8","100.0","46.0","90.5","17.9","(X)","(X)","1354","64","779","115","103","65","168","69","304","79","43.4","6.7","49.9","9.0","46.6","37.2","76.2","19.5","7.2","8.9","32.7","5.9","33.4","9.5","23.3","26.6","12.5","13.3","45.4","12.9","18.0","5.1","(X)","(X)","(X)","(X)","(X)","(X)","80.3","13.1","7.5","3.0","(X)","(X)","(X)","(X)","(X)","(X)","33.6","12.9","0.6","0.9","(X)","(X)","(X)","(X)","(X)","(X)","(X)","(X)","4.4","3.1","(X)","(X)","(X)","(X)","(X)","(X)","(X)","(X)","86.7","4.1","94.9","5.6","100.0","29.6","92.9","11.0","57.9","15.1","12.3","4.0","5.1","5.6","0.0","29.6","7.1","11.0","37.8","13.9","1.0","1.4","0.0","4.7","0.0","29.6","0.0","19.9","4.3","6.6","76.5","7.4","90.4","7.1","71.8","25.8","51.8","28.0","56.3","14.8","23.5","7.4","9.6","7.1","28.2","25.8","48.2","28.0","43.8","14.8",
"1400000US06111008202","Census Tract 82.02, Ventura County, California","1416","48","831","104","58","51","223","91","304","90","2.90","0.19","3.25","0.24","3.16","0.59","2.89","0.34","1.88","0.43","1112","93","831","104","58","51","223","91","(X)","(X)","3.10","0.18","3.24","0.24","2.55","0.34","2.72","0.29","(X)","(X)","479","101","321","84","5","8","153","75","(X)","(X)","27.1","12.7","34.0","16.6","0.0","100.0","13.7","17.0","(X)","(X)","16.3","9.2","21.8","14.3","0.0","100.0","5.2","9.3","(X)","(X)","56.6","11.9","44.2","14.8","100.0","100.0","81.0","19.7","(X)","(X)","1416","48","831","104","58","51","223","91","304","90","35.9","7.2","40.7","8.5","8.6","17.5","71.7","18.8","2.0","3.7","28.4","5.6","31.6","7.8","22.4","31.1","27.4","18.2","21.4","14.2","10.6","4.8","(X)","(X)","(X)","(X)","(X)","(X)","49.3","19.1","2.3","2.9","(X)","(X)","(X)","(X)","(X)","(X)","10.9","13.5","0.0","2.6","(X)","(X)","(X)","(X)","(X)","(X)","(X)","(X)","6.8","4.1","(X)","(X)","(X)","(X)","(X)","(X)","(X)","(X)","90.0","5.3","97.2","3.9","100.0","41.8","76.2","19.8","78.3","18.1","10.0","5.3","2.8","3.9","0.0","41.8","23.8","19.8","21.7","18.1","0.0","2.6","0.0","4.4","0.0","41.8","0.0","15.4","0.0","11.6","80.5","6.4","91.3","5.2","55.2","50.7","56.5","24.1","73.4","19.2","19.5","6.4","8.7","5.2","44.8","50.7","43.5","24.1","26.6","19.2",
"1400000US06111008302","Census Tract 83.02, Ventura County, California","1962","51","1091","127","134","80","235","93","502","100","2.80","0.14","3.50","0.18","2.79","0.32","2.93","0.32","1.20","0.15","1460","110","1091","127","134","80","235","93","(X)","(X)","3.25","0.16","3.48","0.18","2.39","0.30","2.66","0.21","(X)","(X)","696","111","526","87","38","43","132","73","(X)","(X)","7.9","6.9","6.1","7.5","39.5","58.7","6.1","10.6","(X)","(X)","40.1","12.0","42.6","13.1","0.0","51.7","41.7","28.6","(X)","(X)","52.0","10.9","51.3","11.9","60.5","58.7","52.3","28.1","(X)","(X)","1962","51","1091","127","134","80","235","93","502","100","38.6","5.3","49.5","6.6","49.3","34.3","64.7","19.3","0.0","7.2","36.2","3.9","33.0","6.9","11.9","17.0","6.8","7.7","63.3","8.9","22.2","4.5","(X)","(X)","(X)","(X)","(X)","(X)","86.7","7.9","14.7","3.4","(X)","(X)","(X)","(X)","(X)","(X)","57.6","9.2","0.5","0.8","(X)","(X)","(X)","(X)","(X)","(X)","(X)","(X)","5.7","4.0","(X)","(X)","(X)","(X)","(X)","(X)","(X)","(X)","77.1","4.5","91.5","4.3","61.9","34.3","35.3","17.0","69.5","8.7","22.9","4.5","8.5","4.3","38.1","34.3","64.7","17.0","30.5","8.7","0.0","1.9","0.0","3.4","0.0","24.1","0.0","14.7","0.0","7.2","72.1","5.4","82.5","6.8","50.7","34.3","41.7","19.0","69.3","8.4","27.9","5.4","17.5","6.8","49.3","34.3","58.3","19.0","30.7","8.4",
"1400000US06111008303","Census Tract 83.03, Ventura County, California","1429","51","759","137","66","53","206","101","398","105","3.07","0.30","3.63","0.33","3.67","0.69","4.15","1.44","1.33","0.19","1031","107","759","137","66","53","206","101","(X)","(X)","3.62","0.32","3.61","0.32","2.88","0.29","3.90","1.23","(X)","(X)","523","112","358","107","41","54","124","86","(X)","(X)","9.4","7.7","13.7","10.7","0.0","49.7","0.0","25.6","(X)","(X)","13.6","9.9","17.0","11.9","0.0","49.7","8.1","16.3","(X)","(X)","77.1","12.2","69.3","14.8","100.0","49.7","91.9","16.3","(X)","(X)","1429","51","759","137","66","53","206","101","398","105","42.7","7.8","51.8","10.8","86.4","25.8","77.7","18.4","0.0","9.0","32.1","5.9","29.4","8.6","86.4","25.8","15.0","17.7","37.2","12.5","20.3","6.2","(X)","(X)","(X)","(X)","(X)","(X)","72.9","12.8","6.9","3.8","(X)","(X)","(X)","(X)","(X)","(X)","24.9","12.7","0.0","2.6","(X)","(X)","(X)","(X)","(X)","(X)","(X)","(X)","6.9","4.7","(X)","(X)","(X)","(X)","(X)","(X)","(X)","(X)","58.6","7.1","66.1","10.9","71.2","40.9","55.3","28.8","43.7","14.1","37.4","7.2","31.8","10.7","28.8","40.9","38.3","27.7","49.2","14.9","4.0","2.2","2.1","3.1","0.0","39.2","6.3","9.8","7.0","6.4","52.9","6.0","53.9","9.7","71.2","40.9","49.0","28.7","50.0","14.7","47.1","6.0","46.1","9.7","28.8","40.9","51.0","28.7","50.0","14.7",
"1400000US06111008304","Census Tract 83.04, Ventura County, California","2004","74","1115","131","49","39","223","84","617","126","2.68","0.16","3.25","0.21","2.71","0.50","3.05","0.62","1.51","0.26","1387","118","1115","131","49","39","223","84","(X)","(X)","3.16","0.16","3.25","0.21","2.71","0.50","2.81","0.50","(X)","(X)","640","89","484","87","49","39","107","66","(X)","(X)","28.0","12.2","32.0","13.5","49.0","51.0","0.0","28.8","(X)","(X)","15.3","8.7","16.3","11.6","0.0","45.5","17.8","21.2","(X)","(X)","56.7","13.7","51.7","16.0","51.0","51.0","82.2","21.2","(X)","(X)","2004","74","1115","131","49","39","223","84","617","126","34.7","6.1","43.4","6.8","100.0","45.5","48.0","20.0","9.1","13.3","29.7","5.1","32.2","8.1","0.0","45.5","15.2","11.9","32.9","10.7","20.6","5.4","(X)","(X)","(X)","(X)","(X)","(X)","66.8","14.9","7.6","2.7","(X)","(X)","(X)","(X)","(X)","(X)","24.8","8.7","0.0","1.9","(X)","(X)","(X)","(X)","(X)","(X)","(X)","(X)","10.7","5.4","(X)","(X)","(X)","(X)","(X)","(X)","(X)","(X)","65.6","6.4","82.7","7.9","100.0","45.5","50.2","19.3","37.6","14.9","13.4","4.9","0.9","1.6","0.0","45.5","24.7","21.6","32.9","12.6","21.0","5.3","16.4","8.0","0.0","45.5","25.1","15.9","29.5","11.8","76.4","8.1","83.7","8.8","51.0","51.0","65.0","19.0","69.5","14.8","23.6","8.1","16.3","8.8","49.0","51.0","35.0","19.0","30.5","14.8",
"1400000US06111008305","Census Tract 83.05, Ventura County, California","1226","55","900","102","0","95","186","113","140","75","3.05","0.18","3.42","0.20","-","**","2.74","0.75","1.11","0.12","1086","82","900","102","0","95","186","113","(X)","(X)","3.24","0.17","3.41","0.20","-","**","2.41","0.53","(X)","(X)","525","66","510","63","0","95","15","18","(X)","(X)","18.7","11.4","17.8","11.5","-","**","46.7","53.3","(X)","(X)","9.7","7.2","10.0","7.4","-","**","0.0","82.3","(X)","(X)","71.6","11.0","72.2","11.2","-","**","53.3","53.3","(X)","(X)","1226","55","900","102","0","95","186","113","140","75","42.8","5.2","56.7","8.0","-","**","8.1","12.5","0.0","23.2","24.7","7.1","26.3","7.9","-","**","0.0","18.2","47.1","23.8","10.3","5.5","(X)","(X)","(X)","(X)","(X)","(X)","90.0","11.2","2.4","2.0","(X)","(X)","(X)","(X)","(X)","(X)","21.4","17.8","2.9","3.0","(X)","(X)","(X)","(X)","(X)","(X)","(X)","(X)","2.4","2.5","(X)","(X)","(X)","(X)","(X)","(X)","(X)","(X)","100.0","3.0","100.0","4.1","-","**","100.0","18.2","100.0","23.2","0.0","3.0","0.0","4.1","-","**","0.0","18.2","0.0","23.2","0.0","3.0","0.0","4.1","-","**","0.0","18.2","0.0","23.2","96.9","4.2","96.6","5.2","-","**","96.2","7.3","100.0","23.2","3.1","4.2","3.4","5.2","-","**","3.8","7.3","0.0","23.2",
"1400000US06111008306","Census Tract 83.06, Ventura County, California","1473","49","678","93","93","55","269","107","433","107","2.48","0.18","3.18","0.29","2.67","0.54","2.53","0.30","1.29","0.21","1040","98","678","93","93","55","269","107","(X)","(X)","2.89","0.24","3.15","0.30","2.67","0.54","2.30","0.28","(X)","(X)","463","108","234","80","41","34","188","102","(X)","(X)","17.3","11.2","34.2","19.1","0.0","49.7","0.0","18.0","(X)","(X)","6.9","6.7","9.8","11.1","0.0","49.7","4.8","7.9","(X)","(X)","75.8","12.5","56.0","18.9","100.0","49.7","95.2","7.9","(X)","(X)","1473","49","678","93","93","55","269","107","433","107","31.4","7.4","34.5","9.8","44.1","38.0","69.9","18.0","0.0","8.3","23.2","4.3","30.2","8.6","0.0","31.9","15.6","15.7","21.9","10.6","23.8","6.1","(X)","(X)","(X)","(X)","(X)","(X)","80.8","11.4","5.2","3.2","(X)","(X)","(X)","(X)","(X)","(X)","17.6","9.8","0.7","1.1","(X)","(X)","(X)","(X)","(X)","(X)","(X)","(X)","7.3","5.2","(X)","(X)","(X)","(X)","(X)","(X)","(X)","(X)","55.3","6.1","78.3","8.6","50.5","36.3","18.2","17.7","43.2","13.3","44.7","6.1","21.7","8.6","49.5","36.3","81.8","17.7","56.8","13.3","0.0","2.5","0.0","5.4","0.0","31.9","0.0","13.0","0.0","8.3","49.6","5.7","68.9","10.8","50.5","36.3","13.0","17.0","42.0","13.7","50.4","5.7","31.1","10.8","49.5","36.3","87.0","17.0","58.0","13.7",
"1400000US06111008401","Census Tract 84.01, Ventura County, California","1889","66","980","150","118","58","208","110","583","127","2.84","0.16","3.51","0.24","3.63","0.76","3.61","0.81","1.28","0.15","1306","112","980","150","118","58","208","110","(X)","(X)","3.43","0.22","3.42","0.26","3.36","0.70","3.49","0.79","(X)","(X)","622","100","444","100","28","28","150","95","(X)","(X)","4.5","4.7","6.3","6.2","0.0","60.2","0.0","21.9","(X)","(X)","31.8","12.7","31.8","13.7","0.0","60.2","38.0","41.2","(X)","(X)","63.7","12.4","61.9","14.6","100.0","60.2","62.0","41.2","(X)","(X)","1889","66","980","150","118","58","208","110","583","127","35.3","5.4","45.3","9.2","35.6","23.7","81.7","19.1","1.7","2.9","39.7","7.0","31.6","6.9","43.2","25.5","55.3","26.8","47.0","14.9","24.7","5.9","(X)","(X)","(X)","(X)","(X)","(X)","80.1","10.1","10.5","3.6","(X)","(X)","(X)","(X)","(X)","(X)","34.0","11.9","0.6","0.9","(X)","(X)","(X)","(X)","(X)","(X)","(X)","(X)","3.8","2.8","(X)","(X)","(X)","(X)","(X)","(X)","(X)","(X)","76.2","5.5","89.5","5.2","79.7","21.8","67.3","23.1","56.3","13.3","22.4","5.5","10.5","5.2","20.3","21.8","20.2","19.8","43.7","13.3","1.4","2.2","0.0","3.8","0.0","26.7","12.5","19.9","0.0","6.2","64.4","6.7","75.9","6.8","50.8","26.6","34.6","24.2","58.5","13.3","35.6","6.7","24.1","6.8","49.2","26.6","65.4","24.2","41.5","13.3",
"1400000US06111008402","Census Tract 84.02, Ventura County, California","1557","83","1103","136","49","44","170","77","235","96","3.34","0.22","3.53","0.22","2.84","1.23","5.22","1.39","1.20","0.21","1322","100","1103","136","49","44","170","77","(X)","(X)","3.49","0.18","3.51","0.21","2.59","0.80","3.68","0.50","(X)","(X)","654","92","564","108","0","95","90","57","(X)","(X)","19.7","8.3","22.9","9.3","-","**","0.0","32.7","(X)","(X)","21.9","8.6","21.6","8.8","-","**","23.3","33.6","(X)","(X)","58.4","9.1","55.5","10.4","-","**","76.7","33.6","(X)","(X)","1557","83","1103","136","49","44","170","77","235","96","43.3","5.5","52.9","7.7","0.0","45.5","52.9","21.8","0.0","14.7","30.3","5.2","25.4","6.0","40.8","53.4","40.6","21.2","43.8","21.5","13.2","5.8","(X)","(X)","(X)","(X)","(X)","(X)","87.2","13.0","5.3","2.8","(X)","(X)","(X)","(X)","(X)","(X)","35.3","19.1","0.9","1.3","(X)","(X)","(X)","(X)","(X)","(X)","(X)","(X)","6.0","3.7","(X)","(X)","(X)","(X)","(X)","(X)","(X)","(X)","100.0","2.4","100.0","3.3","100.0","45.5","100.0","19.7","100.0","14.7","0.0","2.4","0.0","3.3","0.0","45.5","0.0","19.7","0.0","14.7","0.0","2.4","0.0","3.3","0.0","45.5","0.0","19.7","0.0","14.7","92.0","5.5","93.5","4.2","100.0","45.5","91.8","12.7","83.8","19.8","8.0","5.5","6.5","4.2","0.0","45.5","8.2","12.7","16.2","19.8",
"1400000US06111008500","Census Tract 85, Ventura County, California","2936","113","1957","172","60","46","296","112","623","162","2.93","0.16","3.51","0.21","3.95","1.42","2.73","0.35","1.13","0.10","2313","172","1957","172","60","46","296","112","(X)","(X)","3.37","0.21","3.49","0.21","3.37","1.11","2.60","0.36","(X)","(X)","1096","152","892","140","32","32","172","88","(X)","(X)","19.9","7.3","21.1","8.3","65.6","52.3","5.2","8.5","(X)","(X)","15.6","7.8","19.2","9.6","0.0","56.3","0.0","19.5","(X)","(X)","64.5","9.5","59.8","11.2","34.4","52.3","94.8","8.5","(X)","(X)","2936","113","1957","172","60","46","296","112","623","162","38.8","5.0","47.7","6.7","53.3","38.6","58.1","18.0","0.0","5.8","30.6","4.4","28.7","4.6","46.7","38.6","21.3","14.8","39.3","15.0","18.5","5.1","(X)","(X)","(X)","(X)","(X)","(X)","87.2","9.5","4.8","2.0","(X)","(X)","(X)","(X)","(X)","(X)","22.5","9.5","0.9","1.0","(X)","(X)","(X)","(X)","(X)","(X)","(X)","(X)","4.0","2.3","(X)","(X)","(X)","(X)","(X)","(X)","(X)","(X)","85.4","3.6","90.5","3.8","85.0","26.8","85.8","13.5","69.3","12.6","14.6","3.6","9.5","3.8","15.0","26.8","14.2","13.5","30.7","12.6","0.0","1.3","0.0","1.9","0.0","41.1","0.0","11.9","0.0","5.8","80.1","4.6","85.5","4.7","66.7","37.3","69.9","18.0","69.2","13.4","19.9","4.6","14.5","4.7","33.3","37.3","30.1","18.0","30.8","13.4",
"1400000US06111008600","Census Tract 86, Ventura County, California","2285","88","877","140","194","91","450","129","764","137","3.40","0.23","4.85","0.39","3.77","0.88","4.00","0.57","1.30","0.17","1521","131","877","140","194","91","450","129","(X)","(X)","4.23","0.28","4.69","0.39","3.31","0.90","3.74","0.58","(X)","(X)","940","132","564","121","81","64","295","115","(X)","(X)","15.3","6.9","13.3","8.5","43.2","39.5","11.5","10.5","(X)","(X)","28.0","9.2","36.5","12.4","13.6","23.7","15.6","13.1","(X)","(X)","56.7","9.1","50.2","11.4","43.2","38.6","72.9","16.1","(X)","(X)","2285","88","877","140","194","91","450","129","764","137","45.8","6.1","66.5","8.9","49.0","25.8","81.8","10.2","0.0","4.8","26.3","4.8","18.0","5.9","8.8","10.9","14.0","8.5","47.5","12.4","26.2","5.3","(X)","(X)","(X)","(X)","(X)","(X)","78.3","10.5","11.8","5.0","(X)","(X)","(X)","(X)","(X)","(X)","35.3","13.8","0.0","1.6","(X)","(X)","(X)","(X)","(X)","(X)","(X)","(X)","7.5","4.2","(X)","(X)","(X)","(X)","(X)","(X)","(X)","(X)","34.5","4.3","45.5","8.3","26.8","24.9","31.6","14.3","25.7","10.5","65.5","4.3","54.5","8.3","73.2","24.9","68.4","14.3","74.3","10.5","0.0","1.6","0.0","4.2","0.0","17.5","0.0","8.0","0.0","4.8","24.4","4.4","34.8","9.9","2.6","5.0","19.6","9.0","20.8","9.3","75.6","4.4","65.2","9.9","97.4","5.0","80.4","9.0","79.2","9.3",
"1400000US06111008700","Census Tract 87, Ventura County, California","1825","78","781","108","123","66","314","125","607","139","3.20","0.32","4.35","0.42","3.28","0.57","4.34","0.93","1.11","0.09","1218","129","781","108","123","66","314","125","(X)","(X)","4.15","0.40","4.31","0.43","2.70","0.42","4.34","0.93","(X)","(X)","684","134","457","111","53","47","174","104","(X)","(X)","19.2","11.0","16.4","11.5","56.6","48.8","14.9","22.6","(X)","(X)","26.5","12.7","28.2","15.1","0.0","43.8","29.9","28.7","(X)","(X)","54.4","13.0","55.4","15.6","43.4","48.8","55.2","30.0","(X)","(X)","1825","78","781","108","123","66","314","125","607","139","43.7","7.0","66.6","8.6","43.1","30.7","71.3","19.6","0.0","6.0","32.7","5.3","19.0","7.5","48.0","31.1","35.0","20.9","46.0","13.3","30.0","7.2","(X)","(X)","(X)","(X)","(X)","(X)","90.1","8.0","12.7","5.1","(X)","(X)","(X)","(X)","(X)","(X)","38.2","12.8","0.0","2.0","(X)","(X)","(X)","(X)","(X)","(X)","(X)","(X)","3.6","3.1","(X)","(X)","(X)","(X)","(X)","(X)","(X)","(X)","72.0","5.8","83.4","8.5","79.7","16.9","65.9","19.5","59.0","13.4","28.0","5.8","16.6","8.5","20.3","16.9","34.1","19.5","41.0","13.4","0.0","2.0","0.0","4.7","0.0","25.8","0.0","11.2","0.0","6.0","40.4","6.3","56.6","11.2","14.6","17.6","15.6","12.4","37.7","12.9","59.6","6.3","43.4","11.2","85.4","17.6","84.4","12.4","62.3","12.9",
"1400000US06111008800","Census Tract 88, Ventura County, California","1354","88","889","122","106","83","115","59","244","78","3.79","0.24","4.32","0.35","3.89","1.11","4.53","0.89","1.50","0.34","1110","102","889","122","106","83","115","59","(X)","(X)","4.18","0.27","4.24","0.34","3.74","1.09","4.17","0.82","(X)","(X)","547","103","450","106","45","45","52","41","(X)","(X)","10.8","9.3","13.1","10.9","0.0","47.5","0.0","44.2","(X)","(X)","43.0","15.7","46.7","14.5","0.0","47.5","48.1","51.9","(X)","(X)","46.3","16.2","40.2","15.3","100.0","47.5","51.9","51.9","(X)","(X)","1354","88","889","122","106","83","115","59","244","78","50.2","7.7","61.1","9.1","42.5","39.6","69.6","22.4","4.9","8.4","39.3","6.4","32.2","8.4","48.1","40.5","55.7","25.8","53.7","19.4","12.0","5.3","(X)","(X)","(X)","(X)","(X)","(X)","66.4","19.5","6.1","4.4","(X)","(X)","(X)","(X)","(X)","(X)","33.6","20.5","0.0","2.7","(X)","(X)","(X)","(X)","(X)","(X)","(X)","(X)","5.8","3.5","(X)","(X)","(X)","(X)","(X)","(X)","(X)","(X)","95.1","3.6","93.6","5.5","100.0","29.0","100.0","27.2","96.3","5.7","4.9","3.6","6.4","5.5","0.0","29.0","0.0","27.2","3.7","5.7","0.0","2.7","0.0","4.1","0.0","29.0","0.0","27.2","0.0","14.2","82.4","8.4","82.7","9.9","100.0","29.0","78.3","30.2","75.8","19.1","17.6","8.4","17.3","9.9","0.0","29.0","21.7","30.2","24.2","19.1",
"1400000US06111008900","Census Tract 89, Ventura County, California","784","24","526","73","71","46","122","67","65","45","4.44","0.53","5.15","0.79","3.37","0.78","3.84","1.14","-","**","719","52","526","73","71","46","122","67","(X)","(X)","4.36","0.53","4.79","0.68","2.79","0.54","3.39","1.13","(X)","(X)","433","96","355","96","51","40","27","33","(X)","(X)","13.6","10.5","15.2","12.8","9.8","20.8","0.0","61.3","(X)","(X)","15.5","11.6","13.5","12.4","19.6","25.0","33.3","56.2","(X)","(X)","70.9","14.6","71.3","17.0","70.6","29.8","66.7","56.2","(X)","(X)","784","24","526","73","71","46","122","67","65","45","70.2","8.2","84.8","7.3","71.8","31.0","43.4","31.0","0.0","39.5","38.9","8.3","36.7","11.8","28.2","31.0","22.1","23.4","100.0","39.5","8.3","5.8","(X)","(X)","(X)","(X)","(X)","(X)","100.0","39.5","8.3","5.8","(X)","(X)","(X)","(X)","(X)","(X)","100.0","39.5","0.0","4.7","(X)","(X)","(X)","(X)","(X)","(X)","(X)","(X)","7.3","5.7","(X)","(X)","(X)","(X)","(X)","(X)","(X)","(X)","97.4","4.1","96.2","6.0","100.0","37.8","100.0","26.0","100.0","39.5","2.6","4.1","3.8","6.0","0.0","37.8","0.0","26.0","0.0","39.5","0.0","4.7","0.0","6.9","0.0","37.8","0.0","26.0","0.0","39.5","90.8","6.4","91.1","7.3","100.0","37.8","79.5","23.4","100.0","39.5","9.2","6.4","8.9","7.3","0.0","37.8","20.5","23.4","0.0","39.5",
"1400000US06111009100","Census Tract 91, Ventura County, California","1199","78","620","109","131","77","219","74","229","85","3.88","0.30","5.17","0.33","3.44","0.56","3.51","0.52","-","**","970","96","620","109","131","77","219","74","(X)","(X)","4.40","0.28","5.06","0.30","2.98","0.37","3.37","0.48","(X)","(X)","580","104","429","93","55","56","96","63","(X)","(X)","2.2","3.7","3.0","4.8","0.0","43.0","0.0","31.2","(X)","(X)","12.6","9.5","9.1","7.8","0.0","43.0","35.4","36.5","(X)","(X)","85.2","10.6","87.9","9.6","100.0","43.0","64.6","36.5","(X)","(X)","1199","78","620","109","131","77","219","74","229","85","57.5","7.4","76.8","7.4","42.0","31.2","72.1","20.9","0.0","15.1","35.4","6.5","21.8","9.1","24.4","22.4","39.7","18.1","74.2","16.3","19.1","6.8","(X)","(X)","(X)","(X)","(X)","(X)","100.0","15.1","12.1","5.2","(X)","(X)","(X)","(X)","(X)","(X)","63.3","19.9","0.0","3.1","(X)","(X)","(X)","(X)","(X)","(X)","(X)","(X)","7.5","5.4","(X)","(X)","(X)","(X)","(X)","(X)","(X)","(X)","54.1","8.4","63.2","10.9","91.6","11.9","25.1","19.0","35.8","19.1","27.7","7.5","29.0","10.5","0.0","24.5","37.9","23.0","30.1","17.4","18.2","4.9","7.7","5.0","8.4","11.9","37.0","17.5","34.1","18.5","25.9","5.8","21.8","8.2","32.1","22.9","14.6","13.1","44.5","18.7","74.1","5.8","78.2","8.2","67.9","22.9","85.4","13.1","55.5","18.7",
"1400000US06111980000","Census Tract 9800, Ventura County, California","0","95","0","95","0","95","0","95","0","95","-","**","-","**","-","**","-","**","-","**","0","95","0","95","0","95","0","95","(X)","(X)","-","**","-","**","-","**","-","**","(X)","(X)","0","95","0","95","0","95","0","95","(X)","(X)","-","**","-","**","-","**","-","**","(X)","(X)","-","**","-","**","-","**","-","**","(X)","(X)","-","**","-","**","-","**","-","**","(X)","(X)","0","95","0","95","0","95","0","95","0","95","-","**","-","**","-","**","-","**","-","**","-","**","-","**","-","**","-","**","-","**","-","**","(X)","(X)","(X)","(X)","(X)","(X)","-","**","-","**","(X)","(X)","(X)","(X)","(X)","(X)","-","**","-","**","(X)","(X)","(X)","(X)","(X)","(X)","(X)","(X)","-","**","(X)","(X)","(X)","(X)","(X)","(X)","(X)","(X)","-","**","-","**","-","**","-","**","-","**","-","**","-","**","-","**","-","**","-","**","-","**","-","**","-","**","-","**","-","**","-","**","-","**","-","**","-","**","-","**","-","**","-","**","-","**","-","**","-","**",
"1400000US06111990100","Census Tract 9901, Ventura County, California","0","95","0","95","0","95","0","95","0","95","-","**","-","**","-","**","-","**","-","**","0","95","0","95","0","95","0","95","(X)","(X)","-","**","-","**","-","**","-","**","(X)","(X)","0","95","0","95","0","95","0","95","(X)","(X)","-","**","-","**","-","**","-","**","(X)","(X)","-","**","-","**","-","**","-","**","(X)","(X)","-","**","-","**","-","**","-","**","(X)","(X)","0","95","0","95","0","95","0","95","0","95","-","**","-","**","-","**","-","**","-","**","-","**","-","**","-","**","-","**","-","**","-","**","(X)","(X)","(X)","(X)","(X)","(X)","-","**","-","**","(X)","(X)","(X)","(X)","(X)","(X)","-","**","-","**","(X)","(X)","(X)","(X)","(X)","(X)","(X)","(X)","-","**","(X)","(X)","(X)","(X)","(X)","(X)","(X)","(X)","-","**","-","**","-","**","-","**","-","**","-","**","-","**","-","**","-","**","-","**","-","**","-","**","-","**","-","**","-","**","-","**","-","**","-","**","-","**","-","**","-","**","-","**","-","**","-","**","-","**",
