"GEO_ID","NAME","S1101_C01_001E","S1101_C01_001M","S1101_C02_001E","S1101_C02_001M","S1101_C03_001E","S1101_C03_001M","S1101_C04_001E","S1101_C04_001M","S1101_C05_001E","S1101_C05_001M","S1101_C01_002E","S1101_C01_002M","S1101_C02_002E","S1101_C02_002M","S1101_C03_002E","S1101_C03_002M","S1101_C04_002E","S1101_C04_002M","S1101_C05_002E","S1101_C05_002M","S1101_C01_003E","S1101_C01_003M","S1101_C02_003E","S1101_C02_003M","S1101_C03_003E","S1101_C03_003M","S1101_C04_003E","S1101_C04_003M","S1101_C05_003E","S1101_C05_003M","S1101_C01_004E","S1101_C01_004M","S1101_C02_004E","S1101_C02_004M","S1101_C03_004E","S1101_C03_004M","S1101_C04_004E","S1101_C04_004M","S1101_C05_004E","S1101_C05_004M","S1101_C01_005E","S1101_C01_005M","S1101_C02_005E","S1101_C02_005M","S1101_C03_005E","S1101_C03_005M","S1101_C04_005E","S1101_C04_005M","S1101_C05_005E","S1101_C05_005M","S1101_C01_006E","S1101_C01_006M","S1101_C02_006E","S1101_C02_006M","S1101_C03_006E","S1101_C03_006M","S1101_C04_006E","S1101_C04_006M","S1101_C05_006E","S1101_C05_006M","S1101_C01_007E","S1101_C01_007M","S1101_C02_007E","S1101_C02_007M","S1101_C03_007E","S1101_C03_007M","S1101_C04_007E","S1101_C04_007M","S1101_C05_007E","S1101_C05_007M","S1101_C01_008E","S1101_C01_008M","S1101_C02_008E","S1101_C02_008M","S1101_C03_008E","S1101_C03_008M","S1101_C04_008E","S1101_C04_008M","S1101_C05_008E","S1101_C05_008M","S1101_C01_009E","S1101_C01_009M","S1101_C02_009E","S1101_C02_009M","S1101_C03_009E","S1101_C03_009M","S1101_C04_009E","S1101_C04_009M","S1101_C05_009E","S1101_C05_009M","S1101_C01_010E","S1101_C01_010M","S1101_C02_010E","S1101_C02_010M","S1101_C03_010E","S1101_C03_010M","S1101_C04_010E","S1101_C04_010M","S1101_C05_010E","S1101_C05_010M","S1101_C01_011E","S1101_C01_011M","S1101_C02_011E","S1101_C02_011M","S1101_C03_011E","S1101_C03_011M","S1101_C04_011E","S1101_C04_011M","S1101_C05_011E","S1101_C05_011M","S1101_C01_012E","S1101_C01_012M","S1101_C02_012E","S1101_C02_012M","S1101_C03_012E","S1101_C03_012M","S1101_C04_012E","S1101_C04_012M","S1101_C05_012E","S1101_C05_012M","S1101_C01_013E","S1101_C01_013M","S1101_C02_013E","S1101_C02_013M","S1101_C03_013E","S1101_C03_013M","S1101_C04_013E","S1101_C04_013M","S1101_C05_013E","S1101_C05_013M","S1101_C01_014E","S1101_C01_014M","S1101_C02_014E","S1101_C02_014M","S1101_C03_014E","S1101_C03_014M","S1101_C04_014E","S1101_C04_014M","S1101_C05_014E","S1101_C05_014M","S1101_C01_015E","S1101_C01_015M","S1101_C02_015E","S1101_C02_015M","S1101_C03_015E","S1101_C03_015M","S1101_C04_015E","S1101_C04_015M","S1101_C05_015E","S1101_C05_015M","S1101_C01_016E","S1101_C01_016M","S1101_C02_016E","S1101_C02_016M","S1101_C03_016E","S1101_C03_016M","S1101_C04_016E","S1101_C04_016M","S1101_C05_016E","S1101_C05_016M","S1101_C01_017E","S1101_C01_017M","S1101_C02_017E","S1101_C02_017M","S1101_C03_017E","S1101_C03_017M","S1101_C04_017E","S1101_C04_017M","S1101_C05_017E","S1101_C05_017M","S1101_C01_018E","S1101_C01_018M","S1101_C02_018E","S1101_C02_018M","S1101_C03_018E","S1101_C03_018M","S1101_C04_018E","S1101_C04_018M","S1101_C05_018E","S1101_C05_018M","S1101_C01_019E","S1101_C01_019M","S1101_C02_019E","S1101_C02_019M","S1101_C03_019E","S1101_C03_019M","S1101_C04_019E","S1101_C04_019M","S1101_C05_019E","S1101_C05_019M","S1101_C01_020E","S1101_C01_020M","S1101_C02_020E","S1101_C02_020M","S1101_C03_020E","S1101_C03_020M","S1101_C04_020E","S1101_C04_020M","S1101_C05_020E","S1101_C05_020M",
"Geography","Geographic Area Name","Total!!Estimate!!Total households","Total!!Margin of Error!!Total households","Married-couple family household!!Estimate!!Total households","Married-couple family household!!Margin of Error!!Total households","Male householder, no wife present, family household!!Estimate!!Total households","Male householder, no wife present, family household!!Margin of Error!!Total households","Female householder, no husband present, family household!!Estimate!!Total households","Female householder, no husband present, family household!!Margin of Error!!Total households","Nonfamily household!!Estimate!!Total households","Nonfamily household!!Margin of Error!!Total households","Total!!Estimate!!Average household size","Total!!Margin of Error!!Average household size","Married-couple family household!!Estimate!!Average household size","Married-couple family household!!Margin of Error!!Average household size","Male householder, no wife present, family household!!Estimate!!Average household size","Male householder, no wife present, family household!!Margin of Error!!Average household size","Female householder, no husband present, family household!!Estimate!!Average household size","Female householder, no husband present, family household!!Margin of Error!!Average household size","Nonfamily household!!Estimate!!Average household size","Nonfamily household!!Margin of Error!!Average household size","Total!!Estimate!!FAMILIES!!Total families","Total!!Margin of Error!!FAMILIES!!Total families","Married-couple family household!!Estimate!!FAMILIES!!Total families","Married-couple family household!!Margin of Error!!FAMILIES!!Total families","Male householder, no wife present, family household!!Estimate!!FAMILIES!!Total families","Male householder, no wife present, family household!!Margin of Error!!FAMILIES!!Total families","Female householder, no husband present, family household!!Estimate!!FAMILIES!!Total families","Female householder, no husband present, family household!!Margin of Error!!FAMILIES!!Total families","Nonfamily household!!Estimate!!FAMILIES!!Total families","Nonfamily household!!Margin of Error!!FAMILIES!!Total families","Total!!Estimate!!FAMILIES!!Average family size","Total!!Margin of Error!!FAMILIES!!Average family size","Married-couple family household!!Estimate!!FAMILIES!!Average family size","Married-couple family household!!Margin of Error!!FAMILIES!!Average family size","Male householder, no wife present, family household!!Estimate!!FAMILIES!!Average family size","Male householder, no wife present, family household!!Margin of Error!!FAMILIES!!Average family size","Female householder, no husband present, family household!!Estimate!!FAMILIES!!Average family size","Female householder, no husband present, family household!!Margin of Error!!FAMILIES!!Average family size","Nonfamily household!!Estimate!!FAMILIES!!Average family size","Nonfamily household!!Margin of Error!!FAMILIES!!Average family size","Total!!Estimate!!AGE OF OWN CHILDREN!!Households with own children of the householder under 18 years","Total!!Margin of Error!!AGE OF OWN CHILDREN!!Households with own children of the householder under 18 years","Married-couple family household!!Estimate!!AGE OF OWN CHILDREN!!Households with own children of the householder under 18 years","Married-couple family household!!Margin of Error!!AGE OF OWN CHILDREN!!Households with own children of the householder under 18 years","Male householder, no wife present, family household!!Estimate!!AGE OF OWN CHILDREN!!Households with own children of the householder under 18 years","Male householder, no wife present, family household!!Margin of Error!!AGE OF OWN CHILDREN!!Households with own children of the householder under 18 years","Female householder, no husband present, family household!!Estimate!!AGE OF OWN CHILDREN!!Households with own children of the householder under 18 years","Female householder, no husband present, family household!!Margin of Error!!AGE OF OWN CHILDREN!!Households with own children of the householder under 18 years","Nonfamily household!!Estimate!!AGE OF OWN CHILDREN!!Households with own children of the householder under 18 years","Nonfamily household!!Margin of Error!!AGE OF OWN CHILDREN!!Households with own children of the householder under 18 years","Total!!Estimate!!AGE OF OWN CHILDREN!!Households with own children of the householder under 18 years!!Under 6 years only","Total!!Margin of Error!!AGE OF OWN CHILDREN!!Households with own children of the householder under 18 years!!Under 6 years only","Married-couple family household!!Estimate!!AGE OF OWN CHILDREN!!Households with own children of the householder under 18 years!!Under 6 years only","Married-couple family household!!Margin of Error!!AGE OF OWN CHILDREN!!Households with own children of the householder under 18 years!!Under 6 years only","Male householder, no wife present, family household!!Estimate!!AGE OF OWN CHILDREN!!Households with own children of the householder under 18 years!!Under 6 years only","Male householder, no wife present, family household!!Margin of Error!!AGE OF OWN CHILDREN!!Households with own children of the householder under 18 years!!Under 6 years only","Female householder, no husband present, family household!!Estimate!!AGE OF OWN CHILDREN!!Households with own children of the householder under 18 years!!Under 6 years only","Female householder, no husband present, family household!!Margin of Error!!AGE OF OWN CHILDREN!!Households with own children of the householder under 18 years!!Under 6 years only","Nonfamily household!!Estimate!!AGE OF OWN CHILDREN!!Households with own children of the householder under 18 years!!Under 6 years only","Nonfamily household!!Margin of Error!!AGE OF OWN CHILDREN!!Households with own children of the householder under 18 years!!Under 6 years only","Total!!Estimate!!AGE OF OWN CHILDREN!!Households with own children of the householder under 18 years!!Under 6 years and 6 to 17 years","Total!!Margin of Error!!AGE OF OWN CHILDREN!!Households with own children of the householder under 18 years!!Under 6 years and 6 to 17 years","Married-couple family household!!Estimate!!AGE OF OWN CHILDREN!!Households with own children of the householder under 18 years!!Under 6 years and 6 to 17 years","Married-couple family household!!Margin of Error!!AGE OF OWN CHILDREN!!Households with own children of the householder under 18 years!!Under 6 years and 6 to 17 years","Male householder, no wife present, family household!!Estimate!!AGE OF OWN CHILDREN!!Households with own children of the householder under 18 years!!Under 6 years and 6 to 17 years","Male householder, no wife present, family household!!Margin of Error!!AGE OF OWN CHILDREN!!Households with own children of the householder under 18 years!!Under 6 years and 6 to 17 years","Female householder, no husband present, family household!!Estimate!!AGE OF OWN CHILDREN!!Households with own children of the householder under 18 years!!Under 6 years and 6 to 17 years","Female householder, no husband present, family household!!Margin of Error!!AGE OF OWN CHILDREN!!Households with own children of the householder under 18 years!!Under 6 years and 6 to 17 years","Nonfamily household!!Estimate!!AGE OF OWN CHILDREN!!Households with own children of the householder under 18 years!!Under 6 years and 6 to 17 years","Nonfamily household!!Margin of Error!!AGE OF OWN CHILDREN!!Households with own children of the householder under 18 years!!Under 6 years and 6 to 17 years","Total!!Estimate!!AGE OF OWN CHILDREN!!Households with own children of the householder under 18 years!!6 to 17 years only","Total!!Margin of Error!!AGE OF OWN CHILDREN!!Households with own children of the householder under 18 years!!6 to 17 years only","Married-couple family household!!Estimate!!AGE OF OWN CHILDREN!!Households with own children of the householder under 18 years!!6 to 17 years only","Married-couple family household!!Margin of Error!!AGE OF OWN CHILDREN!!Households with own children of the householder under 18 years!!6 to 17 years only","Male householder, no wife present, family household!!Estimate!!AGE OF OWN CHILDREN!!Households with own children of the householder under 18 years!!6 to 17 years only","Male householder, no wife present, family household!!Margin of Error!!AGE OF OWN CHILDREN!!Households with own children of the householder under 18 years!!6 to 17 years only","Female householder, no husband present, family household!!Estimate!!AGE OF OWN CHILDREN!!Households with own children of the householder under 18 years!!6 to 17 years only","Female householder, no husband present, family household!!Margin of Error!!AGE OF OWN CHILDREN!!Households with own children of the householder under 18 years!!6 to 17 years only","Nonfamily household!!Estimate!!AGE OF OWN CHILDREN!!Households with own children of the householder under 18 years!!6 to 17 years only","Nonfamily household!!Margin of Error!!AGE OF OWN CHILDREN!!Households with own children of the householder under 18 years!!6 to 17 years only","Total!!Estimate!!Total households","Total!!Margin of Error!!Total households","Married-couple family household!!Estimate!!Total households","Married-couple family household!!Margin of Error!!Total households","Male householder, no wife present, family household!!Estimate!!Total households","Male householder, no wife present, family household!!Margin of Error!!Total households","Female householder, no husband present, family household!!Estimate!!Total households","Female householder, no husband present, family household!!Margin of Error!!Total households","Nonfamily household!!Estimate!!Total households","Nonfamily household!!Margin of Error!!Total households","Total!!Estimate!!Total households!!SELECTED HOUSEHOLDS BY TYPE!!Households with one or more people under 18 years","Total!!Margin of Error!!Total households!!SELECTED HOUSEHOLDS BY TYPE!!Households with one or more people under 18 years","Married-couple family household!!Estimate!!Total households!!SELECTED HOUSEHOLDS BY TYPE!!Households with one or more people under 18 years","Married-couple family household!!Margin of Error!!Total households!!SELECTED HOUSEHOLDS BY TYPE!!Households with one or more people under 18 years","Male householder, no wife present, family household!!Estimate!!Total households!!SELECTED HOUSEHOLDS BY TYPE!!Households with one or more people under 18 years","Male householder, no wife present, family household!!Margin of Error!!Total households!!SELECTED HOUSEHOLDS BY TYPE!!Households with one or more people under 18 years","Female householder, no husband present, family household!!Estimate!!Total households!!SELECTED HOUSEHOLDS BY TYPE!!Households with one or more people under 18 years","Female householder, no husband present, family household!!Margin of Error!!Total households!!SELECTED HOUSEHOLDS BY TYPE!!Households with one or more people under 18 years","Nonfamily household!!Estimate!!Total households!!SELECTED HOUSEHOLDS BY TYPE!!Households with one or more people under 18 years","Nonfamily household!!Margin of Error!!Total households!!SELECTED HOUSEHOLDS BY TYPE!!Households with one or more people under 18 years","Total!!Estimate!!Total households!!SELECTED HOUSEHOLDS BY TYPE!!Households with one or more people 60 years and over","Total!!Margin of Error!!Total households!!SELECTED HOUSEHOLDS BY TYPE!!Households with one or more people 60 years and over","Married-couple family household!!Estimate!!Total households!!SELECTED HOUSEHOLDS BY TYPE!!Households with one or more people 60 years and over","Married-couple family household!!Margin of Error!!Total households!!SELECTED HOUSEHOLDS BY TYPE!!Households with one or more people 60 years and over","Male householder, no wife present, family household!!Estimate!!Total households!!SELECTED HOUSEHOLDS BY TYPE!!Households with one or more people 60 years and over","Male householder, no wife present, family household!!Margin of Error!!Total households!!SELECTED HOUSEHOLDS BY TYPE!!Households with one or more people 60 years and over","Female householder, no husband present, family household!!Estimate!!Total households!!SELECTED HOUSEHOLDS BY TYPE!!Households with one or more people 60 years and over","Female householder, no husband present, family household!!Margin of Error!!Total households!!SELECTED HOUSEHOLDS BY TYPE!!Households with one or more people 60 years and over","Nonfamily household!!Estimate!!Total households!!SELECTED HOUSEHOLDS BY TYPE!!Households with one or more people 60 years and over","Nonfamily household!!Margin of Error!!Total households!!SELECTED HOUSEHOLDS BY TYPE!!Households with one or more people 60 years and over","Total!!Estimate!!Total households!!SELECTED HOUSEHOLDS BY TYPE!!Householder living alone","Total!!Margin of Error!!Total households!!SELECTED HOUSEHOLDS BY TYPE!!Householder living alone","Married-couple family household!!Estimate!!Total households!!SELECTED HOUSEHOLDS BY TYPE!!Householder living alone","Married-couple family household!!Margin of Error!!Total households!!SELECTED HOUSEHOLDS BY TYPE!!Householder living alone","Male householder, no wife present, family household!!Estimate!!Total households!!SELECTED HOUSEHOLDS BY TYPE!!Householder living alone","Male householder, no wife present, family household!!Margin of Error!!Total households!!SELECTED HOUSEHOLDS BY TYPE!!Householder living alone","Female householder, no husband present, family household!!Estimate!!Total households!!SELECTED HOUSEHOLDS BY TYPE!!Householder living alone","Female householder, no husband present, family household!!Margin of Error!!Total households!!SELECTED HOUSEHOLDS BY TYPE!!Householder living alone","Nonfamily household!!Estimate!!Total households!!SELECTED HOUSEHOLDS BY TYPE!!Householder living alone","Nonfamily household!!Margin of Error!!Total households!!SELECTED HOUSEHOLDS BY TYPE!!Householder living alone","Total!!Estimate!!Total households!!SELECTED HOUSEHOLDS BY TYPE!!Householder living alone!!65 years and over","Total!!Margin of Error!!Total households!!SELECTED HOUSEHOLDS BY TYPE!!Householder living alone!!65 years and over","Married-couple family household!!Estimate!!Total households!!SELECTED HOUSEHOLDS BY TYPE!!Householder living alone!!65 years and over","Married-couple family household!!Margin of Error!!Total households!!SELECTED HOUSEHOLDS BY TYPE!!Householder living alone!!65 years and over","Male householder, no wife present, family household!!Estimate!!Total households!!SELECTED HOUSEHOLDS BY TYPE!!Householder living alone!!65 years and over","Male householder, no wife present, family household!!Margin of Error!!Total households!!SELECTED HOUSEHOLDS BY TYPE!!Householder living alone!!65 years and over","Female householder, no husband present, family household!!Estimate!!Total households!!SELECTED HOUSEHOLDS BY TYPE!!Householder living alone!!65 years and over","Female householder, no husband present, family household!!Margin of Error!!Total households!!SELECTED HOUSEHOLDS BY TYPE!!Householder living alone!!65 years and over","Nonfamily household!!Estimate!!Total households!!SELECTED HOUSEHOLDS BY TYPE!!Householder living alone!!65 years and over","Nonfamily household!!Margin of Error!!Total households!!SELECTED HOUSEHOLDS BY TYPE!!Householder living alone!!65 years and over","Total!!Estimate!!UNMARRIED-PARTNER HOUSEHOLDS!!Same sex","Total!!Margin of Error!!UNMARRIED-PARTNER HOUSEHOLDS!!Same sex","Married-couple family household!!Estimate!!UNMARRIED-PARTNER HOUSEHOLDS!!Same sex","Married-couple family household!!Margin of Error!!UNMARRIED-PARTNER HOUSEHOLDS!!Same sex","Male householder, no wife present, family household!!Estimate!!UNMARRIED-PARTNER HOUSEHOLDS!!Same sex","Male householder, no wife present, family household!!Margin of Error!!UNMARRIED-PARTNER HOUSEHOLDS!!Same sex","Female householder, no husband present, family household!!Estimate!!UNMARRIED-PARTNER HOUSEHOLDS!!Same sex","Female householder, no husband present, family household!!Margin of Error!!UNMARRIED-PARTNER HOUSEHOLDS!!Same sex","Nonfamily household!!Estimate!!UNMARRIED-PARTNER HOUSEHOLDS!!Same sex","Nonfamily household!!Margin of Error!!UNMARRIED-PARTNER HOUSEHOLDS!!Same sex","Total!!Estimate!!UNMARRIED-PARTNER HOUSEHOLDS!!Opposite sex","Total!!Margin of Error!!UNMARRIED-PARTNER HOUSEHOLDS!!Opposite sex","Married-couple family household!!Estimate!!UNMARRIED-PARTNER HOUSEHOLDS!!Opposite sex","Married-couple family household!!Margin of Error!!UNMARRIED-PARTNER HOUSEHOLDS!!Opposite sex","Male householder, no wife present, family household!!Estimate!!UNMARRIED-PARTNER HOUSEHOLDS!!Opposite sex","Male householder, no wife present, family household!!Margin of Error!!UNMARRIED-PARTNER HOUSEHOLDS!!Opposite sex","Female householder, no husband present, family household!!Estimate!!UNMARRIED-PARTNER HOUSEHOLDS!!Opposite sex","Female householder, no husband present, family household!!Margin of Error!!UNMARRIED-PARTNER HOUSEHOLDS!!Opposite sex","Nonfamily household!!Estimate!!UNMARRIED-PARTNER HOUSEHOLDS!!Opposite sex","Nonfamily household!!Margin of Error!!UNMARRIED-PARTNER HOUSEHOLDS!!Opposite sex","Total!!Estimate!!UNITS IN STRUCTURE!!1-unit structures","Total!!Margin of Error!!UNITS IN STRUCTURE!!1-unit structures","Married-couple family household!!Estimate!!UNITS IN STRUCTURE!!1-unit structures","Married-couple family household!!Margin of Error!!UNITS IN STRUCTURE!!1-unit structures","Male householder, no wife present, family household!!Estimate!!UNITS IN STRUCTURE!!1-unit structures","Male householder, no wife present, family household!!Margin of Error!!UNITS IN STRUCTURE!!1-unit structures","Female householder, no husband present, family household!!Estimate!!UNITS IN STRUCTURE!!1-unit structures","Female householder, no husband present, family household!!Margin of Error!!UNITS IN STRUCTURE!!1-unit structures","Nonfamily household!!Estimate!!UNITS IN STRUCTURE!!1-unit structures","Nonfamily household!!Margin of Error!!UNITS IN STRUCTURE!!1-unit structures","Total!!Estimate!!UNITS IN STRUCTURE!!2-or-more-unit structures","Total!!Margin of Error!!UNITS IN STRUCTURE!!2-or-more-unit structures","Married-couple family household!!Estimate!!UNITS IN STRUCTURE!!2-or-more-unit structures","Married-couple family household!!Margin of Error!!UNITS IN STRUCTURE!!2-or-more-unit structures","Male householder, no wife present, family household!!Estimate!!UNITS IN STRUCTURE!!2-or-more-unit structures","Male householder, no wife present, family household!!Margin of Error!!UNITS IN STRUCTURE!!2-or-more-unit structures","Female householder, no husband present, family household!!Estimate!!UNITS IN STRUCTURE!!2-or-more-unit structures","Female householder, no husband present, family household!!Margin of Error!!UNITS IN STRUCTURE!!2-or-more-unit structures","Nonfamily household!!Estimate!!UNITS IN STRUCTURE!!2-or-more-unit structures","Nonfamily household!!Margin of Error!!UNITS IN STRUCTURE!!2-or-more-unit structures","Total!!Estimate!!UNITS IN STRUCTURE!!Mobile homes and all other types of units","Total!!Margin of Error!!UNITS IN STRUCTURE!!Mobile homes and all other types of units","Married-couple family household!!Estimate!!UNITS IN STRUCTURE!!Mobile homes and all other types of units","Married-couple family household!!Margin of Error!!UNITS IN STRUCTURE!!Mobile homes and all other types of units","Male householder, no wife present, family household!!Estimate!!UNITS IN STRUCTURE!!Mobile homes and all other types of units","Male householder, no wife present, family household!!Margin of Error!!UNITS IN STRUCTURE!!Mobile homes and all other types of units","Female householder, no husband present, family household!!Estimate!!UNITS IN STRUCTURE!!Mobile homes and all other types of units","Female householder, no husband present, family household!!Margin of Error!!UNITS IN STRUCTURE!!Mobile homes and all other types of units","Nonfamily household!!Estimate!!UNITS IN STRUCTURE!!Mobile homes and all other types of units","Nonfamily household!!Margin of Error!!UNITS IN STRUCTURE!!Mobile homes and all other types of units","Total!!Estimate!!HOUSING TENURE!!Owner-occupied housing units","Total!!Margin of Error!!HOUSING TENURE!!Owner-occupied housing units","Married-couple family household!!Estimate!!HOUSING TENURE!!Owner-occupied housing units","Married-couple family household!!Margin of Error!!HOUSING TENURE!!Owner-occupied housing units","Male householder, no wife present, family household!!Estimate!!HOUSING TENURE!!Owner-occupied housing units","Male householder, no wife present, family household!!Margin of Error!!HOUSING TENURE!!Owner-occupied housing units","Female householder, no husband present, family household!!Estimate!!HOUSING TENURE!!Owner-occupied housing units","Female householder, no husband present, family household!!Margin of Error!!HOUSING TENURE!!Owner-occupied housing units","Nonfamily household!!Estimate!!HOUSING TENURE!!Owner-occupied housing units","Nonfamily household!!Margin of Error!!HOUSING TENURE!!Owner-occupied housing units","Total!!Estimate!!HOUSING TENURE!!Renter-occupied housing units","Total!!Margin of Error!!HOUSING TENURE!!Renter-occupied housing units","Married-couple family household!!Estimate!!HOUSING TENURE!!Renter-occupied housing units","Married-couple family household!!Margin of Error!!HOUSING TENURE!!Renter-occupied housing units","Male householder, no wife present, family household!!Estimate!!HOUSING TENURE!!Renter-occupied housing units","Male householder, no wife present, family household!!Margin of Error!!HOUSING TENURE!!Renter-occupied housing units","Female householder, no husband present, family household!!Estimate!!HOUSING TENURE!!Renter-occupied housing units","Female householder, no husband present, family household!!Margin of Error!!HOUSING TENURE!!Renter-occupied housing units","Nonfamily household!!Estimate!!HOUSING TENURE!!Renter-occupied housing units","Nonfamily household!!Margin of Error!!HOUSING TENURE!!Renter-occupied housing units",
"1400000US06111000100","Census Tract 1, Ventura County, California","295","49","95","22","22","25","12","11","166","48","1.93","0.30","2.62","0.42","3.45","0.65","3.17","1.21","1.24","0.16","129","34","95","22","22","25","12","11","(X)","(X)","2.71","0.33","2.53","0.37","3.27","0.54","3.17","1.21","(X)","(X)","15","16","12","15","0","12","3","5","(X)","(X)","0.0","76.6","0.0","85.6","-","**","0.0","100.0","(X)","(X)","0.0","76.6","0.0","85.6","-","**","0.0","100.0","(X)","(X)","100.0","76.6","100.0","85.6","-","**","100.0","100.0","(X)","(X)","295","49","95","22","22","25","12","11","166","48","5.1","5.4","12.6","14.1","0.0","63.2","25.0","39.8","0.0","17.7","41.4","11.6","50.5","14.3","27.3","49.9","75.0","39.8","35.5","17.7","45.8","11.3","(X)","(X)","(X)","(X)","(X)","(X)","81.3","10.2","12.2","8.0","(X)","(X)","(X)","(X)","(X)","(X)","21.7","14.5","0.0","10.4","(X)","(X)","(X)","(X)","(X)","(X)","(X)","(X)","5.1","4.0","(X)","(X)","(X)","(X)","(X)","(X)","(X)","(X)","87.1","9.7","88.4","10.4","100.0","63.2","50.0","44.7","87.3","14.1","0.0","10.4","0.0","28.3","0.0","63.2","0.0","85.6","0.0","17.7","12.9","9.7","11.6","10.4","0.0","63.2","50.0","44.7","12.7","14.1","82.4","10.0","89.5","10.6","100.0","63.2","100.0","85.6","74.7","16.6","17.6","10.0","10.5","10.6","0.0","63.2","0.0","85.6","25.3","16.6",
"1400000US06111000200","Census Tract 2, Ventura County, California","766","42","454","53","64","32","106","47","142","48","3.60","0.31","4.13","0.39","3.42","0.84","4.50","0.95","1.32","0.27","624","55","454","53","64","32","106","47","(X)","(X)","4.05","0.33","4.13","0.39","3.14","0.72","4.24","0.93","(X)","(X)","317","65","226","55","45","30","46","29","(X)","(X)","22.7","10.3","20.8","11.4","37.8","36.5","17.4","21.9","(X)","(X)","18.3","10.4","13.7","11.5","24.4","35.4","34.8","33.8","(X)","(X)","59.0","13.8","65.5","16.0","37.8","33.0","47.8","39.7","(X)","(X)","766","42","454","53","64","32","106","47","142","48","51.7","7.6","60.8","10.1","70.3","26.0","70.8","17.9","0.0","20.3","38.8","7.3","42.1","10.7","20.3","22.0","23.6","19.3","47.9","19.2","14.5","6.3","(X)","(X)","(X)","(X)","(X)","(X)","78.2","17.8","5.1","3.8","(X)","(X)","(X)","(X)","(X)","(X)","27.5","20.9","0.0","4.2","(X)","(X)","(X)","(X)","(X)","(X)","(X)","(X)","7.2","4.3","(X)","(X)","(X)","(X)","(X)","(X)","(X)","(X)","75.1","4.8","78.0","6.9","29.7","28.1","77.4","20.0","84.5","13.9","20.2","4.6","17.6","6.2","60.9","28.7","13.2","15.7","15.5","13.9","4.7","3.1","4.4","3.4","9.4","16.4","9.4","13.6","0.0","20.3","56.0","7.4","60.6","9.0","26.6","27.9","45.3","25.0","62.7","19.0","44.0","7.4","39.4","9.0","73.4","27.9","54.7","25.0","37.3","19.0",
"1400000US06111000302","Census Tract 3.02, Ventura County, California","2196","131","1129","220","245","122","332","141","490","163","3.32","0.24","4.03","0.38","4.00","1.01","3.84","0.69","-","**","1706","173","1129","220","245","122","332","141","(X)","(X)","3.94","0.31","4.03","0.38","3.95","1.01","3.65","0.61","(X)","(X)","920","155","574","167","148","98","198","127","(X)","(X)","18.8","13.2","30.1","18.2","0.0","19.6","0.0","15.1","(X)","(X)","25.7","11.7","18.5","11.9","23.0","31.6","48.5","34.1","(X)","(X)","55.5","16.0","51.4","20.5","77.0","31.6","51.5","34.1","(X)","(X)","2196","131","1129","220","245","122","332","141","490","163","46.6","6.1","55.6","11.1","71.0","21.8","66.9","26.0","0.0","6.4","46.6","7.8","39.9","11.6","29.0","22.8","35.2","26.6","78.4","17.3","22.3","7.1","(X)","(X)","(X)","(X)","(X)","(X)","100.0","6.4","13.3","5.5","(X)","(X)","(X)","(X)","(X)","(X)","59.6","17.4","0.0","1.5","(X)","(X)","(X)","(X)","(X)","(X)","(X)","(X)","2.7","2.3","(X)","(X)","(X)","(X)","(X)","(X)","(X)","(X)","72.6","6.4","74.8","9.3","49.0","24.7","100.0","9.3","61.0","17.8","16.3","6.1","11.5","7.2","41.2","25.6","0.0","9.3","25.9","17.5","11.1","3.3","13.7","6.3","9.8","14.7","0.0","9.3","13.1","11.0","63.5","9.1","76.4","9.0","28.2","23.4","47.9","28.4","61.8","21.3","36.5","9.1","23.6","9.0","71.8","23.4","52.1","28.4","38.2","21.3",
"1400000US06111000303","Census Tract 3.03, Ventura County, California","1379","73","938","104","86","58","126","66","229","72","3.49","0.25","3.75","0.31","4.58","1.11","4.63","1.00","1.43","0.31","1150","84","938","104","86","58","126","66","(X)","(X)","3.79","0.24","3.72","0.31","4.29","1.11","4.01","0.74","(X)","(X)","522","72","410","87","15","25","97","62","(X)","(X)","14.6","10.6","18.5","13.2","0.0","76.6","0.0","27.8","(X)","(X)","34.9","14.7","29.3","16.0","100.0","76.6","48.5","39.6","(X)","(X)","50.6","15.0","52.2","16.8","0.0","76.6","51.5","39.6","(X)","(X)","1379","73","938","104","86","58","126","66","229","72","43.1","5.3","47.2","6.6","44.2","27.0","90.5","15.5","0.0","13.2","39.1","5.3","37.4","7.2","17.4","27.0","26.2","24.0","61.1","18.9","12.8","4.4","(X)","(X)","(X)","(X)","(X)","(X)","76.9","15.2","6.7","3.2","(X)","(X)","(X)","(X)","(X)","(X)","40.2","18.2","0.0","2.3","(X)","(X)","(X)","(X)","(X)","(X)","(X)","(X)","7.9","5.0","(X)","(X)","(X)","(X)","(X)","(X)","(X)","(X)","94.3","3.2","95.6","3.6","100.0","30.5","93.7","9.6","86.9","11.3","5.1","3.1","4.4","3.6","0.0","30.5","0.0","22.5","13.1","11.3","0.6","0.9","0.0","3.4","0.0","30.5","6.3","9.6","0.0","13.2","78.2","6.8","85.3","7.6","64.0","26.9","79.4","19.3","54.1","17.6","21.8","6.8","14.7","7.6","36.0","26.9","20.6","19.3","45.9","17.6",
"1400000US06111000304","Census Tract 3.04, Ventura County, California","1118","86","605","103","198","101","198","114","117","63","3.94","0.39","4.80","0.72","3.25","0.95","3.66","0.40","1.11","0.19","1001","92","605","103","198","101","198","114","(X)","(X)","3.94","0.48","4.70","0.70","2.59","0.56","2.97","0.60","(X)","(X)","455","109","281","79","12","20","162","109","(X)","(X)","17.6","13.9","11.0","10.1","0.0","85.6","30.2","35.6","(X)","(X)","16.7","13.3","18.9","15.9","25.0","75.0","12.3","19.2","(X)","(X)","65.7","19.1","70.1","18.2","75.0","75.0","57.4","37.8","(X)","(X)","1118","86","605","103","198","101","198","114","117","63","48.1","8.4","55.4","8.9","20.7","17.4","81.8","18.7","0.0","23.9","32.2","8.6","36.7","12.7","21.2","18.3","16.2","17.7","54.7","27.6","9.3","5.6","(X)","(X)","(X)","(X)","(X)","(X)","88.9","16.0","4.2","3.0","(X)","(X)","(X)","(X)","(X)","(X)","40.2","25.1","0.0","2.9","(X)","(X)","(X)","(X)","(X)","(X)","(X)","(X)","6.8","6.8","(X)","(X)","(X)","(X)","(X)","(X)","(X)","(X)","86.8","7.4","89.8","7.5","83.8","21.2","98.0","4.5","57.3","28.0","11.2","6.2","10.2","7.5","16.2","21.2","2.0","4.5","23.1","27.2","2.1","2.5","0.0","5.2","0.0","15.1","0.0","15.1","19.7","22.9","66.0","8.8","77.5","10.4","63.1","26.7","43.9","26.3","48.7","25.4","34.0","8.8","22.5","10.4","36.9","26.7","56.1","26.3","51.3","25.4",
"1400000US06111000400","Census Tract 4, Ventura County, California","1769","106","1115","113","121","53","169","84","364","129","3.73","0.29","4.46","0.26","3.71","1.18","3.34","1.10","1.68","0.71","1405","116","1115","113","121","53","169","84","(X)","(X)","4.17","0.25","4.43","0.26","3.56","1.18","2.90","0.84","(X)","(X)","636","124","558","104","25","25","53","59","(X)","(X)","10.2","8.8","9.7","9.5","44.0","56.0","0.0","40.7","(X)","(X)","37.3","14.3","42.5","15.1","0.0","59.3","0.0","40.7","(X)","(X)","52.5","15.9","47.8","15.7","56.0","56.0","100.0","40.7","(X)","(X)","1769","106","1115","113","121","53","169","84","364","129","45.4","6.1","61.8","8.2","34.7","25.8","37.3","27.4","2.5","4.2","36.6","6.3","28.2","5.3","44.6","26.5","42.6","27.7","57.1","16.1","16.3","6.2","(X)","(X)","(X)","(X)","(X)","(X)","79.4","15.2","6.4","2.6","(X)","(X)","(X)","(X)","(X)","(X)","31.3","13.4","0.1","0.2","(X)","(X)","(X)","(X)","(X)","(X)","(X)","(X)","3.4","2.9","(X)","(X)","(X)","(X)","(X)","(X)","(X)","(X)","85.0","4.7","79.8","6.8","91.7","12.2","100.0","17.4","91.8","6.8","11.4","4.5","18.1","6.9","0.0","23.3","0.0","17.4","0.0","8.5","3.6","1.7","2.1","1.8","8.3","12.2","0.0","17.4","8.2","6.8","66.1","7.4","68.0","8.5","87.6","16.6","36.1","22.3","67.0","15.8","33.9","7.4","32.0","8.5","12.4","16.6","63.9","22.3","33.0","15.8",
"1400000US06111000500","Census Tract 5, Ventura County, California","576","55","249","67","22","18","81","39","224","56","2.97","0.46","4.23","0.71","3.77","1.02","3.88","0.47","1.17","0.13","352","68","249","67","22","18","81","39","(X)","(X)","3.87","0.57","4.08","0.74","3.18","0.76","3.43","0.57","(X)","(X)","188","61","126","63","14","14","48","38","(X)","(X)","20.7","20.1","31.0","27.7","0.0","79.3","0.0","42.8","(X)","(X)","28.7","15.7","23.8","17.9","100.0","79.3","20.8","24.1","(X)","(X)","50.5","18.5","45.2","22.1","0.0","79.3","79.2","24.1","(X)","(X)","576","55","249","67","22","18","81","39","224","56","32.6","9.5","50.6","15.6","63.6","37.7","59.3","31.9","0.0","13.5","41.1","7.4","36.9","13.7","36.4","37.7","22.2","18.2","53.1","14.5","34.4","10.0","(X)","(X)","(X)","(X)","(X)","(X)","88.4","9.8","16.3","7.1","(X)","(X)","(X)","(X)","(X)","(X)","42.0","14.2","0.0","5.5","(X)","(X)","(X)","(X)","(X)","(X)","(X)","(X)","4.9","3.7","(X)","(X)","(X)","(X)","(X)","(X)","(X)","(X)","50.0","10.0","57.0","15.9","63.6","37.7","85.2","18.9","28.1","13.6","16.0","9.0","16.9","16.3","0.0","63.2","9.9","14.7","18.8","12.3","34.0","6.0","26.1","12.3","36.4","37.7","4.9","9.7","53.1","12.8","62.7","8.1","70.3","15.0","36.4","37.7","33.3","28.0","67.4","13.5","37.3","8.1","29.7","15.0","63.6","37.7","66.7","28.0","32.6","13.5",
"1400000US06111000600","Census Tract 6, Ventura County, California","1792","108","620","137","249","103","423","107","500","122","3.46","0.26","4.31","0.31","3.88","0.70","4.63","0.64","1.19","0.13","1292","117","620","137","249","103","423","107","(X)","(X)","4.07","0.25","4.26","0.30","3.41","0.67","4.16","0.54","(X)","(X)","790","103","335","110","178","87","277","96","(X)","(X)","14.4","8.9","7.2","6.2","35.4","26.3","9.7","11.8","(X)","(X)","40.1","11.8","36.1","17.3","26.4","22.8","53.8","20.2","(X)","(X)","45.4","11.1","56.7","17.3","38.2","25.0","36.5","18.8","(X)","(X)","1792","108","620","137","249","103","423","107","500","122","51.4","6.3","65.3","11.2","79.1","15.4","75.4","11.5","0.0","6.3","29.0","5.4","22.3","8.3","20.1","14.1","19.6","10.0","49.6","13.3","23.4","6.2","(X)","(X)","(X)","(X)","(X)","(X)","84.0","11.0","8.6","3.7","(X)","(X)","(X)","(X)","(X)","(X)","31.0","13.5","0.0","1.8","(X)","(X)","(X)","(X)","(X)","(X)","(X)","(X)","14.3","5.0","(X)","(X)","(X)","(X)","(X)","(X)","(X)","(X)","56.4","7.2","63.2","12.1","48.2","22.1","66.2","15.6","43.8","15.2","42.6","7.2","33.9","11.7","51.8","22.1","33.8","15.6","56.2","15.2","1.0","1.5","2.9","4.4","0.0","12.2","0.0","7.4","0.0","6.3","23.6","5.2","35.0","12.2","15.7","14.0","21.0","10.8","15.6","9.1","76.4","5.2","65.0","12.2","84.3","14.0","79.0","10.8","84.4","9.1",
"1400000US06111000701","Census Tract 7.01, Ventura County, California","1776","97","893","137","171","96","362","125","350","113","3.48","0.27","4.09","0.35","4.08","1.54","3.75","0.55","1.33","0.37","1426","112","893","137","171","96","362","125","(X)","(X)","3.83","0.28","4.01","0.36","3.60","1.47","3.51","0.48","(X)","(X)","757","114","471","112","127","82","159","71","(X)","(X)","23.9","11.6","14.4","11.4","76.4","26.0","10.1","11.6","(X)","(X)","10.8","7.3","14.4","10.5","0.0","22.3","8.8","14.8","(X)","(X)","65.3","12.3","71.1","14.9","23.6","26.0","81.1","18.0","(X)","(X)","1776","97","893","137","171","96","362","125","350","113","50.8","7.4","59.0","11.7","83.0","25.7","64.6","16.2","0.0","8.9","31.9","6.4","30.9","10.1","16.4","23.2","33.7","13.5","40.0","16.5","16.7","5.2","(X)","(X)","(X)","(X)","(X)","(X)","84.6","12.3","4.2","2.6","(X)","(X)","(X)","(X)","(X)","(X)","21.4","13.5","0.4","0.7","(X)","(X)","(X)","(X)","(X)","(X)","(X)","(X)","8.7","4.8","(X)","(X)","(X)","(X)","(X)","(X)","(X)","(X)","47.6","7.9","56.3","10.3","39.8","29.8","31.5","18.0","45.7","16.5","42.2","7.2","32.3","10.0","55.0","30.7","57.7","16.2","45.4","15.7","10.2","3.6","11.4","6.2","5.3","9.4","10.8","9.8","8.9","8.9","51.0","8.1","71.1","10.7","33.3","29.3","34.5","17.0","25.4","14.0","49.0","8.1","28.9","10.7","66.7","29.3","65.5","17.0","74.6","14.0",
"1400000US06111000702","Census Tract 7.02, Ventura County, California","884","55","601","66","16","15","128","52","139","59","3.89","0.32","4.17","0.40","4.00","2.68","4.45","0.64","2.16","0.90","745","59","601","66","16","15","128","52","(X)","(X)","4.11","0.31","4.11","0.38","4.00","2.68","4.13","0.57","(X)","(X)","332","67","253","54","0","12","79","42","(X)","(X)","16.9","10.3","14.6","10.7","-","**","24.1","29.3","(X)","(X)","21.1","12.3","24.9","15.1","-","**","8.9","14.7","(X)","(X)","62.0","16.1","60.5","17.4","-","**","67.1","32.0","(X)","(X)","884","55","601","66","16","15","128","52","139","59","46.4","8.1","49.3","8.2","0.0","74.1","76.6","17.7","11.5","16.8","38.7","6.3","34.3","7.3","25.0","37.3","46.1","20.8","52.5","22.5","10.0","4.6","(X)","(X)","(X)","(X)","(X)","(X)","63.3","23.0","6.4","4.1","(X)","(X)","(X)","(X)","(X)","(X)","41.0","20.4","0.0","3.6","(X)","(X)","(X)","(X)","(X)","(X)","(X)","(X)","6.0","4.6","(X)","(X)","(X)","(X)","(X)","(X)","(X)","(X)","89.8","5.7","95.3","3.7","56.3","50.5","88.3","16.7","71.2","23.7","8.0","5.1","4.0","3.7","43.8","50.5","0.0","22.2","28.8","23.7","2.1","2.8","0.7","1.1","0.0","74.1","11.7","16.7","0.0","20.7","77.7","7.8","83.2","8.0","68.8","46.7","57.0","24.4","74.1","19.5","22.3","7.8","16.8","8.0","31.3","46.7","43.0","24.4","25.9","19.5",
"1400000US06111000800","Census Tract 8, Ventura County, California","2525","106","1719","189","139","83","301","110","366","116","3.50","0.30","3.80","0.38","5.22","1.47","3.73","0.68","1.21","0.16","2159","131","1719","189","139","83","301","110","(X)","(X)","3.73","0.34","3.75","0.37","3.75","1.34","3.61","0.66","(X)","(X)","897","148","740","137","77","75","80","46","(X)","(X)","17.7","9.3","19.3","10.2","20.8","36.0","0.0","32.1","(X)","(X)","32.0","10.6","30.4","10.2","20.8","33.7","57.5","32.1","(X)","(X)","50.3","12.1","50.3","12.1","58.4","52.1","42.5","32.1","(X)","(X)","2525","106","1719","189","139","83","301","110","366","116","41.3","6.3","45.3","7.9","87.1","14.1","47.5","19.9","0.0","8.5","38.8","6.0","33.2","7.0","13.7","17.2","47.2","20.7","67.8","14.1","12.4","4.1","(X)","(X)","(X)","(X)","(X)","(X)","85.5","9.8","8.0","3.7","(X)","(X)","(X)","(X)","(X)","(X)","55.2","15.8","0.1","0.2","(X)","(X)","(X)","(X)","(X)","(X)","(X)","(X)","2.5","1.9","(X)","(X)","(X)","(X)","(X)","(X)","(X)","(X)","84.0","4.3","90.8","3.9","48.2","31.4","79.1","12.5","69.7","15.9","7.0","3.9","2.4","2.3","30.9","37.9","11.6","11.0","16.1","15.0","9.0","2.7","6.9","3.1","20.9","20.1","9.3","9.5","14.2","8.3","67.7","5.9","73.5","7.1","33.8","27.9","42.9","18.9","73.8","14.9","32.3","5.9","26.5","7.1","66.2","27.9","57.1","18.9","26.2","14.9",
"1400000US06111000901","Census Tract 9.01, Ventura County, California","1068","83","527","93","31","29","80","54","430","83","2.35","0.27","2.87","0.27","2.84","0.45","5.56","1.69","1.08","0.09","638","76","527","93","31","29","80","54","(X)","(X)","3.09","0.43","2.79","0.28","2.68","0.50","5.29","1.91","(X)","(X)","190","52","117","31","25","26","48","47","(X)","(X)","6.8","8.0","11.1","12.7","0.0","59.3","0.0","42.8","(X)","(X)","22.6","14.7","9.4","16.9","0.0","59.3","66.7","50.0","(X)","(X)","70.5","16.6","79.5","20.5","100.0","59.3","33.3","50.0","(X)","(X)","1068","83","527","93","31","29","80","54","430","83","19.4","5.4","23.7","6.1","80.6","32.5","71.3","27.4","0.0","7.3","67.1","6.5","57.1","9.5","45.2","51.0","32.5","30.3","87.4","10.3","37.9","6.9","(X)","(X)","(X)","(X)","(X)","(X)","94.2","6.3","26.9","5.8","(X)","(X)","(X)","(X)","(X)","(X)","66.7","10.5","0.0","3.0","(X)","(X)","(X)","(X)","(X)","(X)","(X)","(X)","0.6","1.0","(X)","(X)","(X)","(X)","(X)","(X)","(X)","(X)","72.9","5.6","94.1","5.0","100.0","53.3","100.0","32.1","40.0","11.0","26.3","5.4","4.4","4.2","0.0","53.3","0.0","32.1","60.0","11.0","0.7","1.4","1.5","2.8","0.0","53.3","0.0","32.1","0.0","7.3","61.0","6.4","85.6","8.8","77.4","35.3","32.5","30.3","35.1","9.3","39.0","6.4","14.4","8.8","22.6","35.3","67.5","30.3","64.9","9.3",
"1400000US06111000902","Census Tract 9.02, Ventura County, California","796","73","410","57","23","19","50","32","313","62","2.46","0.19","3.06","0.27","3.61","0.55","3.00","0.79","1.50","0.34","483","57","410","57","23","19","50","32","(X)","(X)","2.90","0.21","2.98","0.23","2.83","0.76","2.28","0.40","(X)","(X)","170","36","130","33","14","14","26","22","(X)","(X)","8.8","7.6","11.5","9.5","0.0","79.3","0.0","58.2","(X)","(X)","11.2","8.9","14.6","11.8","0.0","79.3","0.0","58.2","(X)","(X)","80.0","11.9","73.8","14.9","100.0","79.3","100.0","58.2","(X)","(X)","796","73","410","57","23","19","50","32","313","62","24.9","5.2","31.7","7.7","82.6","28.7","66.0","32.6","5.1","8.1","47.2","6.0","51.0","9.0","17.4","28.7","8.0","12.6","50.8","12.1","28.5","6.0","(X)","(X)","(X)","(X)","(X)","(X)","72.5","13.2","16.5","4.0","(X)","(X)","(X)","(X)","(X)","(X)","41.9","10.7","0.0","4.0","(X)","(X)","(X)","(X)","(X)","(X)","(X)","(X)","12.2","6.1","(X)","(X)","(X)","(X)","(X)","(X)","(X)","(X)","85.4","4.3","92.4","6.5","100.0","61.8","90.0","15.0","74.4","8.8","13.4","4.4","6.6","6.4","0.0","61.8","0.0","41.9","25.6","8.8","1.1","1.4","1.0","1.8","0.0","61.8","10.0","15.0","0.0","9.9","64.4","7.2","77.6","9.6","78.3","31.2","42.0","25.7","49.8","10.1","35.6","7.2","22.4","9.6","21.7","31.2","58.0","25.7","50.2","10.1",
"1400000US06111000903","Census Tract 9.03, Ventura County, California","1945","148","1007","154","74","69","247","99","617","151","2.72","0.21","3.08","0.18","3.05","1.67","3.80","0.73","1.67","0.47","1328","154","1007","154","74","69","247","99","(X)","(X)","3.11","0.19","3.08","0.18","2.81","1.21","3.36","0.72","(X)","(X)","546","108","398","82","61","67","87","72","(X)","(X)","8.2","8.0","11.3","10.0","0.0","38.0","0.0","30.2","(X)","(X)","23.3","13.9","23.6","14.9","0.0","38.0","37.9","45.8","(X)","(X)","68.5","13.8","65.1","16.3","100.0","38.0","62.1","45.8","(X)","(X)","1945","148","1007","154","74","69","247","99","617","151","33.2","5.7","41.4","7.3","100.0","33.8","57.5","25.3","1.9","3.3","41.0","7.2","39.8","9.7","31.1","42.3","27.5","19.7","49.6","16.3","23.9","6.3","(X)","(X)","(X)","(X)","(X)","(X)","75.4","15.5","11.2","5.1","(X)","(X)","(X)","(X)","(X)","(X)","35.2","15.7","0.0","1.7","(X)","(X)","(X)","(X)","(X)","(X)","(X)","(X)","4.3","4.6","(X)","(X)","(X)","(X)","(X)","(X)","(X)","(X)","82.2","5.9","83.1","6.5","48.6","51.4","83.4","16.9","84.1","12.2","16.1","5.4","16.9","6.5","51.4","51.4","16.6","16.9","10.5","9.4","1.7","2.7","0.0","3.2","0.0","33.8","0.0","12.3","5.3","8.4","57.3","7.1","78.6","7.3","0.0","33.8","36.4","21.8","37.6","16.2","42.7","7.1","21.4","7.3","100.0","33.8","63.6","21.8","62.4","16.2",
"1400000US06111001001","Census Tract 10.01, Ventura County, California","1082","55","649","88","33","34","85","70","315","82","2.65","0.23","2.99","0.32","3.24","0.33","4.14","0.65","1.48","0.35","767","79","649","88","33","34","85","70","(X)","(X)","2.98","0.27","2.99","0.32","2.52","0.47","3.11","0.60","(X)","(X)","306","66","233","58","0","12","73","60","(X)","(X)","29.4","18.5","15.9","11.6","-","**","72.6","39.3","(X)","(X)","19.3","13.4","25.3","17.2","-","**","0.0","34.1","(X)","(X)","51.3","19.5","58.8","18.4","-","**","27.4","39.3","(X)","(X)","1082","55","649","88","33","34","85","70","315","82","29.9","5.9","35.9","7.3","0.0","51.6","97.6","6.3","2.5","4.1","51.2","8.3","47.6","10.0","0.0","51.6","14.1","17.8","74.0","14.9","21.3","7.1","(X)","(X)","(X)","(X)","(X)","(X)","73.0","16.1","11.0","5.5","(X)","(X)","(X)","(X)","(X)","(X)","37.8","15.7","0.0","3.0","(X)","(X)","(X)","(X)","(X)","(X)","(X)","(X)","11.7","7.4","(X)","(X)","(X)","(X)","(X)","(X)","(X)","(X)","71.9","7.5","89.5","7.3","72.7","54.6","76.5","35.0","34.3","15.0","2.1","2.5","2.3","3.6","0.0","51.6","0.0","30.7","2.5","4.3","26.0","6.8","8.2","6.3","27.3","54.6","23.5","35.0","63.2","15.1","68.7","8.4","77.7","11.8","100.0","51.6","8.2","19.0","63.2","17.3","31.3","8.4","22.3","11.8","0.0","51.6","91.8","19.0","36.8","17.3",
"1400000US06111001002","Census Tract 10.02, Ventura County, California","2580","174","1292","157","46","71","268","145","974","217","2.60","0.22","3.11","0.24","3.74","0.31","3.32","0.80","1.67","0.40","1606","195","1292","157","46","71","268","145","(X)","(X)","3.10","0.23","3.07","0.22","3.74","0.31","3.13","0.80","(X)","(X)","428","107","360","100","0","17","68","46","(X)","(X)","9.6","7.9","11.4","9.2","-","**","0.0","35.7","(X)","(X)","28.3","17.1","33.6","20.0","-","**","0.0","35.7","(X)","(X)","62.1","17.6","55.0","20.4","-","**","100.0","35.7","(X)","(X)","2580","174","1292","157","46","71","268","145","974","217","18.6","3.8","32.0","6.2","0.0","43.7","25.4","15.6","0.0","3.3","51.6","6.7","53.0","8.9","100.0","43.7","24.3","23.7","54.9","11.1","28.6","6.7","(X)","(X)","(X)","(X)","(X)","(X)","75.8","11.0","14.8","5.0","(X)","(X)","(X)","(X)","(X)","(X)","39.3","11.4","0.0","1.2","(X)","(X)","(X)","(X)","(X)","(X)","(X)","(X)","1.6","1.5","(X)","(X)","(X)","(X)","(X)","(X)","(X)","(X)","75.5","6.2","86.7","6.7","100.0","43.7","86.6","15.0","56.6","12.2","4.7","3.9","2.2","2.5","0.0","43.7","7.1","11.2","7.4","7.7","19.8","5.0","11.1","6.4","0.0","43.7","6.3","9.8","36.0","12.0","65.5","7.1","72.4","10.0","0.0","43.7","53.7","27.8","62.7","11.9","34.5","7.1","27.6","10.0","100.0","43.7","46.3","27.8","37.3","11.9",
"1400000US06111001101","Census Tract 11.01, Ventura County, California","1691","93","951","126","107","57","117","55","516","101","2.86","0.20","3.48","0.31","4.17","0.86","3.90","0.84","1.23","0.12","1175","117","951","126","107","57","117","55","(X)","(X)","3.44","0.27","3.42","0.31","3.57","0.68","3.52","0.83","(X)","(X)","393","63","315","67","42","35","36","32","(X)","(X)","11.7","9.0","9.5","8.5","16.7","31.4","25.0","40.9","(X)","(X)","30.8","13.5","24.1","15.7","61.9","42.8","52.8","52.8","(X)","(X)","57.5","14.4","66.3","17.0","21.4","35.1","22.2","44.0","(X)","(X)","1691","93","951","126","107","57","117","55","516","101","27.8","4.2","39.2","8.4","39.3","25.7","41.0","22.9","1.4","2.0","43.5","5.6","39.2","8.1","28.0","26.7","39.3","25.5","55.4","10.1","25.3","4.8","(X)","(X)","(X)","(X)","(X)","(X)","82.9","8.5","14.4","4.0","(X)","(X)","(X)","(X)","(X)","(X)","47.1","11.3","1.2","1.4","(X)","(X)","(X)","(X)","(X)","(X)","(X)","(X)","6.3","2.6","(X)","(X)","(X)","(X)","(X)","(X)","(X)","(X)","83.0","4.2","92.3","5.0","90.7","15.4","67.5","23.0","67.8","9.1","4.7","2.6","1.2","1.8","9.3","15.4","0.0","23.9","11.4","6.6","12.2","3.5","6.5","4.5","0.0","25.7","32.5","23.0","20.7","7.7","77.3","5.7","83.9","8.0","50.5","23.6","73.5","23.7","71.5","10.9","22.7","5.7","16.1","8.0","49.5","23.6","26.5","23.7","28.5","10.9",
"1400000US06111001102","Census Tract 11.02, Ventura County, California","1377","79","739","121","72","56","96","65","470","112","2.76","0.21","3.43","0.29","2.60","0.51","4.15","0.41","1.44","0.23","907","117","739","121","72","56","96","65","(X)","(X)","3.32","0.23","3.40","0.29","2.60","0.51","3.23","0.60","(X)","(X)","260","84","205","74","8","13","47","55","(X)","(X)","10.4","9.7","7.8","9.2","0.0","100.0","23.4","49.4","(X)","(X)","15.4","10.1","19.5","13.3","0.0","100.0","0.0","43.3","(X)","(X)","74.2","14.0","72.7","15.5","100.0","100.0","76.6","49.4","(X)","(X)","1377","79","739","121","72","56","96","65","470","112","26.1","6.0","38.7","9.3","11.1","20.1","68.8","27.2","0.0","6.7","50.8","6.5","51.3","8.6","22.2","27.0","34.4","29.8","57.9","16.6","27.3","8.4","(X)","(X)","(X)","(X)","(X)","(X)","80.0","10.3","11.9","5.8","(X)","(X)","(X)","(X)","(X)","(X)","34.9","14.1","0.0","2.3","(X)","(X)","(X)","(X)","(X)","(X)","(X)","(X)","4.1","2.6","(X)","(X)","(X)","(X)","(X)","(X)","(X)","(X)","90.2","5.8","98.8","2.0","87.5","21.1","46.9","32.7","86.0","14.5","5.0","3.7","1.2","2.0","12.5","21.1","53.1","32.7","0.0","6.7","4.8","5.1","0.0","4.3","0.0","34.4","0.0","28.0","14.0","14.5","73.3","6.9","84.6","5.8","76.4","29.6","43.8","33.1","61.1","17.2","26.7","6.9","15.4","5.8","23.6","29.6","56.3","33.1","38.9","17.2",
"1400000US06111001201","Census Tract 12.01, Ventura County, California","1756","76","803","118","113","57","188","88","652","106","2.50","0.14","3.31","0.21","3.59","0.52","2.99","0.54","1.17","0.16","1104","100","803","118","113","57","188","88","(X)","(X)","3.20","0.16","3.31","0.21","2.91","0.41","2.90","0.47","(X)","(X)","572","74","394","95","53","45","125","73","(X)","(X)","21.5","11.2","17.8","12.2","100.0","40.7","0.0","22.6","(X)","(X)","12.1","7.5","17.5","10.8","0.0","40.7","0.0","22.6","(X)","(X)","66.4","12.7","64.7","12.9","0.0","40.7","100.0","22.6","(X)","(X)","1756","76","803","118","113","57","188","88","652","106","33.9","4.6","50.7","7.7","55.8","24.6","66.5","21.8","0.0","4.9","48.2","5.5","32.0","7.5","58.4","27.6","10.1","11.5","77.3","8.5","33.4","5.5","(X)","(X)","(X)","(X)","(X)","(X)","89.9","7.3","25.2","5.1","(X)","(X)","(X)","(X)","(X)","(X)","67.8","10.3","0.5","0.7","(X)","(X)","(X)","(X)","(X)","(X)","(X)","(X)","5.0","2.9","(X)","(X)","(X)","(X)","(X)","(X)","(X)","(X)","45.4","4.7","69.5","9.0","31.0","23.9","36.7","19.5","20.9","9.4","43.2","4.8","27.3","8.6","53.1","25.8","58.5","20.4","56.6","10.8","11.4","3.0","3.2","2.6","15.9","17.5","4.8","7.4","22.5","8.1","50.0","4.7","63.3","7.9","46.9","25.8","36.7","20.3","38.0","10.3","50.0","4.7","36.7","7.9","53.1","25.8","63.3","20.3","62.0","10.3",
"1400000US06111001202","Census Tract 12.02, Ventura County, California","2423","78","1496","168","120","85","242","134","565","139","2.73","0.17","3.21","0.16","3.11","1.06","3.53","0.61","1.06","0.07","1858","141","1496","168","120","85","242","134","(X)","(X)","3.18","0.16","3.21","0.16","2.63","0.68","3.30","0.62","(X)","(X)","781","132","557","131","75","65","149","97","(X)","(X)","22.7","10.8","23.2","12.3","0.0","33.5","32.2","31.9","(X)","(X)","15.5","10.2","16.5","12.2","38.7","46.7","0.0","19.5","(X)","(X)","61.8","11.6","60.3","14.6","61.3","46.7","67.8","31.9","(X)","(X)","2423","78","1496","168","120","85","242","134","565","139","33.9","5.4","40.0","7.6","62.5","35.2","61.6","25.6","0.0","5.6","44.6","5.3","33.6","6.5","37.5","35.2","43.4","26.7","75.8","14.4","22.0","5.5","(X)","(X)","(X)","(X)","(X)","(X)","94.2","6.8","12.1","4.4","(X)","(X)","(X)","(X)","(X)","(X)","51.9","18.2","0.0","1.3","(X)","(X)","(X)","(X)","(X)","(X)","(X)","(X)","3.9","3.2","(X)","(X)","(X)","(X)","(X)","(X)","(X)","(X)","97.6","2.6","98.9","1.5","100.0","23.4","83.1","20.7","100.0","5.6","2.4","2.6","1.1","1.5","0.0","23.4","16.9","20.7","0.0","5.6","0.0","1.3","0.0","2.1","0.0","23.4","0.0","12.5","0.0","5.6","79.6","6.8","79.5","8.4","65.0","34.9","60.3","24.6","91.2","10.1","20.4","6.8","20.5","8.4","35.0","34.9","39.7","24.6","8.8","10.1",
"1400000US06111001204","Census Tract 12.04, Ventura County, California","814","52","336","70","70","42","190","60","218","48","3.41","0.28","4.09","0.36","4.30","1.24","3.89","0.56","1.66","0.19","596","59","336","70","70","42","190","60","(X)","(X)","3.66","0.25","4.00","0.37","2.61","0.34","3.45","0.43","(X)","(X)","193","42","133","41","23","27","37","31","(X)","(X)","15.0","13.7","4.5","6.5","100.0","61.8","0.0","48.8","(X)","(X)","32.6","17.2","47.4","22.6","0.0","61.8","0.0","48.8","(X)","(X)","52.3","18.6","48.1","22.1","0.0","61.8","100.0","48.8","(X)","(X)","814","52","336","70","70","42","190","60","218","48","34.3","6.5","49.7","10.3","55.7","31.5","32.1","14.1","5.5","5.5","40.8","6.6","31.5","9.6","48.6","29.0","44.2","19.0","49.5","13.9","14.3","4.1","(X)","(X)","(X)","(X)","(X)","(X)","53.2","13.1","6.8","2.8","(X)","(X)","(X)","(X)","(X)","(X)","25.2","10.0","1.0","1.1","(X)","(X)","(X)","(X)","(X)","(X)","(X)","(X)","11.3","6.2","(X)","(X)","(X)","(X)","(X)","(X)","(X)","(X)","75.3","6.2","82.1","11.0","65.7","32.9","60.5","18.2","80.7","8.6","0.6","1.2","1.5","2.7","0.0","35.1","0.0","15.7","0.0","13.8","24.1","6.2","16.4","10.8","34.3","32.9","39.5","18.2","19.3","8.6","75.2","7.1","79.2","11.5","67.1","32.3","72.6","13.4","73.9","13.3","24.8","7.1","20.8","11.5","32.9","32.3","27.4","13.4","26.1","13.3",
"1400000US06111001206","Census Tract 12.06, Ventura County, California","344","62","211","54","19","17","6","10","108","38","2.65","0.45","3.29","0.60","3.63","1.25","2.00","0.54","1.27","0.29","236","54","211","54","19","17","6","10","(X)","(X)","3.29","0.55","3.29","0.60","3.63","1.25","2.00","0.54","(X)","(X)","115","51","95","51","14","15","6","10","(X)","(X)","16.5","18.3","20.0","21.8","0.0","79.3","0.0","100.0","(X)","(X)","10.4","13.8","12.6","17.7","0.0","79.3","0.0","100.0","(X)","(X)","73.0","22.6","67.4","27.4","100.0","79.3","100.0","100.0","(X)","(X)","344","62","211","54","19","17","6","10","108","38","33.4","13.1","45.0","18.7","73.7","54.1","100.0","100.0","0.0","25.5","46.5","11.4","43.1","14.5","5.3","57.1","0.0","100.0","63.0","20.9","26.7","9.6","(X)","(X)","(X)","(X)","(X)","(X)","85.2","13.4","13.1","6.7","(X)","(X)","(X)","(X)","(X)","(X)","41.7","19.8","0.0","9.0","(X)","(X)","(X)","(X)","(X)","(X)","(X)","(X)","1.5","2.5","(X)","(X)","(X)","(X)","(X)","(X)","(X)","(X)","76.7","11.0","80.1","15.4","94.7","57.1","100.0","100.0","65.7","22.2","12.2","10.2","17.5","15.2","0.0","68.0","0.0","100.0","4.6","8.5","11.0","9.1","2.4","3.4","5.3","57.1","0.0","100.0","29.6","22.5","73.0","9.4","76.3","15.8","52.6","52.6","100.0","100.0","68.5","21.8","27.0","9.4","23.7","15.8","47.4","52.6","0.0","100.0","31.5","21.8",
"1400000US06111001301","Census Tract 13.01, Ventura County, California","2722","67","1432","181","96","76","430","156","764","150","3.18","0.15","3.74","0.41","3.56","1.10","4.28","1.09","1.47","0.27","1958","165","1432","181","96","76","430","156","(X)","(X)","3.76","0.26","3.74","0.41","3.38","1.10","3.91","1.15","(X)","(X)","884","175","660","169","42","48","182","111","(X)","(X)","12.2","8.1","16.4","10.5","0.0","45.8","0.0","16.3","(X)","(X)","11.9","9.0","11.7","10.3","66.7","55.5","0.0","16.3","(X)","(X)","75.9","11.8","72.0","14.2","33.3","55.5","100.0","16.3","(X)","(X)","2722","67","1432","181","96","76","430","156","764","150","40.9","5.8","51.9","11.1","43.8","35.4","70.5","18.0","3.3","5.2","31.5","6.8","30.7","8.9","31.3","33.2","27.7","16.3","35.3","14.9","19.6","5.4","(X)","(X)","(X)","(X)","(X)","(X)","69.8","15.0","9.0","4.2","(X)","(X)","(X)","(X)","(X)","(X)","32.1","14.7","0.8","1.0","(X)","(X)","(X)","(X)","(X)","(X)","(X)","(X)","6.4","4.2","(X)","(X)","(X)","(X)","(X)","(X)","(X)","(X)","69.9","5.1","86.2","5.1","100.0","28.0","56.0","22.2","43.6","12.2","28.5","4.5","13.8","5.1","0.0","28.0","34.0","22.2","56.4","12.2","1.6","2.3","0.0","2.2","0.0","28.0","10.0","13.5","0.0","4.2","56.1","6.2","72.1","9.4","100.0","28.0","37.7","19.3","30.9","12.5","43.9","6.2","27.9","9.4","0.0","28.0","62.3","19.3","69.1","12.5",
"1400000US06111001302","Census Tract 13.02, Ventura County, California","762","44","274","60","14","19","130","44","344","56","2.74","0.28","3.93","0.59","3.50","1.28","4.13","0.86","1.23","0.19","418","63","274","60","14","19","130","44","(X)","(X)","3.69","0.40","3.75","0.59","2.43","1.45","3.70","0.81","(X)","(X)","149","48","79","47","13","17","57","33","(X)","(X)","12.1","10.4","16.5","16.4","0.0","82.3","8.8","15.1","(X)","(X)","35.6","16.6","38.0","26.4","0.0","82.3","40.4","31.3","(X)","(X)","52.3","18.1","45.6","28.7","100.0","82.2","50.9","31.5","(X)","(X)","762","44","274","60","14","19","130","44","344","56","20.9","6.1","32.5","14.3","92.9","44.4","43.8","19.3","0.0","9.0","68.4","6.2","55.1","13.9","100.0","79.3","47.7","21.2","85.5","7.1","39.9","7.5","(X)","(X)","(X)","(X)","(X)","(X)","88.4","8.6","32.9","6.9","(X)","(X)","(X)","(X)","(X)","(X)","73.0","10.1","1.0","1.5","(X)","(X)","(X)","(X)","(X)","(X)","(X)","(X)","4.5","2.6","(X)","(X)","(X)","(X)","(X)","(X)","(X)","(X)","41.6","7.5","49.6","12.7","100.0","79.3","70.8","17.4","21.8","10.4","8.8","4.6","9.1","9.5","0.0","79.3","0.0","21.9","12.2","7.3","49.6","6.5","41.2","10.4","0.0","79.3","29.2","17.4","66.0","11.6","78.0","6.2","78.5","11.6","100.0","79.3","54.6","20.1","85.5","8.0","22.0","6.2","21.5","11.6","0.0","79.3","45.4","20.1","14.5","8.0",
"1400000US06111001401","Census Tract 14.01, Ventura County, California","1405","65","788","101","101","58","169","70","347","82","2.86","0.15","3.48","0.22","2.88","0.53","3.07","0.62","1.33","0.19","1058","92","788","101","101","58","169","70","(X)","(X)","3.31","0.19","3.47","0.22","2.57","0.59","3.01","0.62","(X)","(X)","442","75","349","58","47","53","46","35","(X)","(X)","27.4","12.7","16.9","10.6","78.7","52.4","54.3","39.3","(X)","(X)","27.4","14.6","34.7","17.3","0.0","43.3","0.0","43.7","(X)","(X)","45.2","12.4","48.4","14.7","21.3","52.4","45.7","39.3","(X)","(X)","1405","65","788","101","101","58","169","70","347","82","33.0","5.3","45.1","7.0","46.5","38.4","36.7","20.7","0.0","8.9","42.1","5.8","30.7","7.3","11.9","17.7","47.9","23.6","74.1","11.7","19.8","5.2","(X)","(X)","(X)","(X)","(X)","(X)","80.1","8.6","11.6","3.8","(X)","(X)","(X)","(X)","(X)","(X)","47.0","14.1","0.0","2.3","(X)","(X)","(X)","(X)","(X)","(X)","(X)","(X)","4.7","4.0","(X)","(X)","(X)","(X)","(X)","(X)","(X)","(X)","91.4","3.5","98.0","3.0","100.0","26.9","86.4","18.4","76.4","9.9","8.6","3.5","2.0","3.0","0.0","26.9","13.6","18.4","23.6","9.9","0.0","2.3","0.0","4.0","0.0","26.9","0.0","17.4","0.0","8.9","70.7","6.4","83.1","6.6","36.6","36.9","59.2","23.6","58.2","13.4","29.3","6.4","16.9","6.6","63.4","36.9","40.8","23.6","41.8","13.4",
"1400000US06111001402","Census Tract 14.02, Ventura County, California","2051","111","1056","163","71","58","307","114","617","134","2.63","0.20","3.26","0.31","3.61","0.50","3.07","0.57","1.24","0.16","1434","127","1056","163","71","58","307","114","(X)","(X)","3.12","0.26","3.20","0.30","2.51","0.41","2.97","0.57","(X)","(X)","532","133","347","123","50","48","135","75","(X)","(X)","23.1","12.3","22.5","16.0","60.0","51.7","11.1","19.2","(X)","(X)","16.0","11.0","14.7","14.2","0.0","41.9","25.2","26.5","(X)","(X)","60.9","15.5","62.8","18.9","40.0","51.7","63.7","26.2","(X)","(X)","2051","111","1056","163","71","58","307","114","617","134","29.8","7.6","38.3","10.6","70.4","39.7","51.5","30.2","0.0","5.1","38.1","6.7","37.8","7.4","29.6","39.7","22.5","17.0","47.5","15.5","23.8","6.4","(X)","(X)","(X)","(X)","(X)","(X)","79.3","14.3","9.0","4.2","(X)","(X)","(X)","(X)","(X)","(X)","29.8","12.2","0.7","1.1","(X)","(X)","(X)","(X)","(X)","(X)","(X)","(X)","8.3","5.2","(X)","(X)","(X)","(X)","(X)","(X)","(X)","(X)","67.4","7.3","88.9","6.0","100.0","34.8","53.4","29.3","33.7","11.7","32.6","7.3","11.1","6.0","0.0","34.8","46.6","29.3","66.3","11.7","0.0","1.6","0.0","3.0","0.0","34.8","0.0","10.0","0.0","5.1","59.7","7.0","79.4","8.4","28.2","38.4","49.2","28.9","35.0","13.5","40.3","7.0","20.6","8.4","71.8","38.4","50.8","28.9","65.0","13.5",
"1400000US06111001502","Census Tract 15.02, Ventura County, California","3766","152","1319","236","271","128","499","170","1677","257","2.40","0.17","3.34","0.29","3.86","0.63","2.64","0.23","1.35","0.14","2089","235","1319","236","271","128","499","170","(X)","(X)","3.08","0.20","3.24","0.25","3.28","0.71","2.54","0.23","(X)","(X)","1156","193","668","180","156","118","332","143","(X)","(X)","16.3","9.6","17.2","14.2","30.1","37.8","7.8","9.7","(X)","(X)","24.5","10.3","32.0","16.8","19.2","28.2","11.7","12.9","(X)","(X)","59.3","12.2","50.7","16.9","50.6","41.5","80.4","12.7","(X)","(X)","3766","152","1319","236","271","128","499","170","1677","257","33.3","5.0","53.4","10.4","74.5","18.8","66.5","17.7","1.0","1.6","26.4","4.6","20.0","7.3","24.0","25.3","20.0","12.2","33.8","8.2","33.9","5.5","(X)","(X)","(X)","(X)","(X)","(X)","76.0","7.8","9.6","2.9","(X)","(X)","(X)","(X)","(X)","(X)","21.5","6.2","0.7","1.1","(X)","(X)","(X)","(X)","(X)","(X)","(X)","(X)","8.5","3.5","(X)","(X)","(X)","(X)","(X)","(X)","(X)","(X)","32.6","5.6","36.2","10.1","40.2","32.9","42.9","17.6","25.5","8.6","49.6","6.2","51.1","11.3","26.9","20.6","44.7","16.2","53.5","10.3","17.8","4.3","12.7","7.6","32.8","33.0","12.4","10.5","20.9","6.6","45.7","6.5","45.6","10.5","37.3","32.4","41.9","17.6","48.2","10.8","54.3","6.5","54.4","10.5","62.7","32.4","58.1","17.6","51.8","10.8",
"1400000US06111001503","Census Tract 15.03, Ventura County, California","1810","107","648","120","106","71","314","82","742","146","2.51","0.18","3.62","0.32","3.29","0.87","3.05","0.34","1.19","0.09","1068","127","648","120","106","71","314","82","(X)","(X)","3.38","0.24","3.60","0.31","3.12","0.79","3.03","0.33","(X)","(X)","610","103","371","95","26","26","213","87","(X)","(X)","30.8","10.6","25.1","13.8","38.5","47.0","39.9","23.2","(X)","(X)","17.9","10.5","27.5","16.1","0.0","58.2","3.3","6.8","(X)","(X)","51.3","13.0","47.4","18.0","61.5","47.0","56.8","22.7","(X)","(X)","1810","107","648","120","106","71","314","82","742","146","35.7","5.8","60.5","8.8","32.1","25.9","70.4","16.6","0.0","4.3","34.3","3.8","26.1","7.8","18.9","20.1","24.5","17.4","47.7","8.5","33.9","6.4","(X)","(X)","(X)","(X)","(X)","(X)","82.6","8.2","13.3","3.8","(X)","(X)","(X)","(X)","(X)","(X)","32.5","8.5","1.3","1.3","(X)","(X)","(X)","(X)","(X)","(X)","(X)","(X)","4.4","2.7","(X)","(X)","(X)","(X)","(X)","(X)","(X)","(X)","41.7","6.3","65.3","8.9","44.3","30.3","21.0","17.4","29.4","10.1","48.3","6.2","29.8","8.6","55.7","30.3","76.1","17.4","51.6","10.7","10.1","2.2","4.9","3.4","0.0","25.9","2.9","4.3","19.0","5.4","36.8","6.3","44.4","13.2","17.9","19.8","20.4","16.7","39.8","8.9","63.2","6.3","55.6","13.2","82.1","19.8","79.6","16.7","60.2","8.9",
"1400000US06111001506","Census Tract 15.06, Ventura County, California","1785","39","872","108","149","69","289","91","475","110","2.90","0.18","3.34","0.25","3.68","0.50","3.87","0.51","1.28","0.16","1310","116","872","108","149","69","289","91","(X)","(X)","3.26","0.18","3.27","0.24","3.32","0.38","3.21","0.45","(X)","(X)","489","87","313","88","51","51","125","65","(X)","(X)","21.5","13.9","10.5","8.3","60.8","50.9","32.8","28.0","(X)","(X)","24.7","11.5","30.7","13.8","0.0","41.5","20.0","23.2","(X)","(X)","53.8","15.1","58.8","15.3","39.2","50.9","47.2","27.8","(X)","(X)","1785","39","872","108","149","69","289","91","475","110","32.7","5.1","36.7","7.4","50.3","28.3","57.8","14.5","4.4","6.4","48.4","6.3","45.1","8.3","46.3","27.1","38.4","15.0","61.3","15.0","21.1","5.1","(X)","(X)","(X)","(X)","(X)","(X)","79.2","11.9","10.8","3.4","(X)","(X)","(X)","(X)","(X)","(X)","40.6","11.5","1.2","1.7","(X)","(X)","(X)","(X)","(X)","(X)","(X)","(X)","8.5","4.4","(X)","(X)","(X)","(X)","(X)","(X)","(X)","(X)","85.8","5.8","96.6","2.7","63.1","29.6","76.8","18.9","78.5","13.5","11.4","5.6","0.0","3.7","36.9","29.6","23.2","18.9","17.1","13.4","2.9","1.6","3.4","2.7","0.0","19.5","0.0","10.6","4.4","4.7","73.7","6.1","72.8","9.9","43.6","26.7","61.2","17.1","92.2","8.3","26.3","6.1","27.2","9.9","56.4","26.7","38.8","17.1","7.8","8.3",
"1400000US06111001507","Census Tract 15.07, Ventura County, California","1460","80","714","110","64","59","215","78","467","94","3.01","0.29","3.55","0.37","4.17","1.57","3.67","1.01","1.72","0.56","993","114","714","110","64","59","215","78","(X)","(X)","3.42","0.27","3.51","0.35","3.84","1.91","3.00","0.50","(X)","(X)","401","76","283","68","0","12","118","58","(X)","(X)","21.7","13.4","25.1","17.2","-","**","13.6","14.6","(X)","(X)","13.7","9.3","13.8","11.1","-","**","13.6","17.8","(X)","(X)","64.6","14.4","61.1","19.2","-","**","72.9","22.2","(X)","(X)","1460","80","714","110","64","59","215","78","467","94","33.4","6.2","39.6","7.6","48.4","51.6","58.1","17.9","10.5","10.5","34.2","6.0","29.7","7.9","18.8","33.7","27.4","18.5","46.3","14.6","23.5","6.0","(X)","(X)","(X)","(X)","(X)","(X)","73.4","15.0","11.5","4.1","(X)","(X)","(X)","(X)","(X)","(X)","36.0","13.1","0.0","2.2","(X)","(X)","(X)","(X)","(X)","(X)","(X)","(X)","3.2","2.7","(X)","(X)","(X)","(X)","(X)","(X)","(X)","(X)","73.0","6.3","80.3","9.4","32.8","45.6","71.6","17.3","68.1","11.7","27.0","6.3","19.7","9.4","67.2","45.6","28.4","17.3","31.9","11.7","0.0","2.2","0.0","4.4","0.0","37.0","0.0","14.0","0.0","6.7","54.0","6.6","66.1","11.0","0.0","37.0","36.3","16.9","51.2","14.3","46.0","6.6","33.9","11.0","100.0","37.0","63.7","16.9","48.8","14.3",
"1400000US06111001601","Census Tract 16.01, Ventura County, California","504","35","180","53","38","32","38","28","248","47","2.26","0.21","3.18","0.34","3.79","0.68","3.26","0.79","1.20","0.13","256","47","180","53","38","32","38","28","(X)","(X)","3.19","0.32","3.15","0.35","3.29","0.98","3.26","0.79","(X)","(X)","118","40","72","38","25","25","21","21","(X)","(X)","22.0","16.0","30.6","23.7","16.0","34.5","0.0","64.7","(X)","(X)","4.2","6.4","6.9","10.5","0.0","59.3","0.0","64.7","(X)","(X)","73.7","16.5","62.5","24.6","84.0","34.5","100.0","64.7","(X)","(X)","504","35","180","53","38","32","38","28","248","47","26.6","7.9","46.1","14.6","65.8","41.8","55.3","43.5","2.0","3.1","28.4","7.7","29.4","14.5","0.0","48.1","0.0","48.1","36.3","13.0","42.1","9.3","(X)","(X)","(X)","(X)","(X)","(X)","85.5","9.9","14.9","6.9","(X)","(X)","(X)","(X)","(X)","(X)","30.2","12.9","0.0","6.2","(X)","(X)","(X)","(X)","(X)","(X)","(X)","(X)","10.1","6.1","(X)","(X)","(X)","(X)","(X)","(X)","(X)","(X)","30.6","7.6","53.9","15.6","0.0","48.1","0.0","48.1","23.0","9.7","68.7","7.5","46.1","15.6","100.0","48.1","100.0","48.1","75.4","9.3","0.8","1.3","0.0","16.5","0.0","48.1","0.0","48.1","1.6","2.7","20.4","6.8","38.9","15.2","0.0","48.1","0.0","48.1","13.3","9.3","79.6","6.8","61.1","15.2","100.0","48.1","100.0","48.1","86.7","9.3",
"1400000US06111001602","Census Tract 16.02, Ventura County, California","937","36","428","56","28","20","112","50","369","70","2.37","0.18","3.27","0.26","3.86","1.71","2.42","0.33","1.21","0.09","568","72","428","56","28","20","112","50","(X)","(X)","3.06","0.23","3.18","0.24","3.86","1.71","2.42","0.33","(X)","(X)","205","50","147","33","7","10","51","39","(X)","(X)","20.0","13.5","27.9","18.6","0.0","100.0","0.0","41.5","(X)","(X)","31.7","16.6","44.2","18.3","0.0","100.0","0.0","41.5","(X)","(X)","48.3","17.5","27.9","14.8","100.0","100.0","100.0","41.5","(X)","(X)","937","36","428","56","28","20","112","50","369","70","21.9","5.4","34.3","6.4","25.0","36.9","45.5","27.1","0.0","8.4","56.2","6.0","54.0","8.1","57.1","41.4","37.5","22.7","64.5","9.3","32.6","6.5","(X)","(X)","(X)","(X)","(X)","(X)","82.7","7.9","21.2","5.3","(X)","(X)","(X)","(X)","(X)","(X)","53.9","9.7","0.0","3.4","(X)","(X)","(X)","(X)","(X)","(X)","(X)","(X)","3.8","2.7","(X)","(X)","(X)","(X)","(X)","(X)","(X)","(X)","71.7","4.6","84.3","6.0","82.1","25.7","57.1","28.4","60.7","10.3","10.6","3.7","5.4","3.4","17.9","25.7","31.3","26.9","9.8","6.9","17.7","4.2","10.3","5.3","0.0","56.0","11.6","18.7","29.5","9.3","79.0","4.5","78.0","8.2","82.1","25.7","43.8","23.0","90.5","5.8","21.0","4.5","22.0","8.2","17.9","25.7","56.3","23.0","9.5","5.8",
"1400000US06111001700","Census Tract 17, Ventura County, California","1314","59","966","88","43","44","49","35","256","73","2.58","0.15","2.86","0.19","2.63","0.88","3.78","0.79","1.29","0.18","1058","89","966","88","43","44","49","35","(X)","(X)","2.84","0.18","2.84","0.19","2.53","0.83","3.10","0.46","(X)","(X)","287","66","239","58","30","39","18","17","(X)","(X)","11.1","11.2","11.7","12.8","13.3","43.5","0.0","69.9","(X)","(X)","18.8","13.4","20.5","15.0","0.0","54.1","27.8","44.3","(X)","(X)","70.0","16.2","67.8","17.5","86.7","43.5","72.2","44.3","(X)","(X)","1314","59","966","88","43","44","49","35","256","73","22.6","4.9","25.8","5.8","69.8","49.0","36.7","30.8","0.0","11.9","62.6","5.5","60.9","7.5","30.2","49.0","63.3","30.8","74.2","11.8","15.1","4.8","(X)","(X)","(X)","(X)","(X)","(X)","77.3","13.0","10.3","3.9","(X)","(X)","(X)","(X)","(X)","(X)","52.7","12.9","0.7","1.1","(X)","(X)","(X)","(X)","(X)","(X)","(X)","(X)","2.8","2.4","(X)","(X)","(X)","(X)","(X)","(X)","(X)","(X)","99.2","1.3","100.0","3.3","100.0","45.2","100.0","42.4","95.7","6.5","0.0","2.4","0.0","3.3","0.0","45.2","0.0","42.4","0.0","11.9","0.8","1.3","0.0","3.3","0.0","45.2","0.0","42.4","4.3","6.5","89.7","4.3","90.7","4.8","69.8","49.0","100.0","42.4","87.5","8.7","10.3","4.3","9.3","4.8","30.2","49.0","0.0","42.4","12.5","8.7",
"1400000US06111001800","Census Tract 18, Ventura County, California","1585","82","1026","110","46","33","109","65","404","93","2.64","0.18","3.03","0.21","3.09","0.97","4.02","1.37","1.24","0.14","1181","100","1026","110","46","33","109","65","(X)","(X)","3.11","0.23","3.03","0.21","3.09","0.97","3.94","1.42","(X)","(X)","353","78","333","76","9","15","11","17","(X)","(X)","9.3","7.2","9.9","7.6","0.0","98.9","0.0","89.4","(X)","(X)","13.9","8.6","12.0","8.1","100.0","98.9","0.0","89.4","(X)","(X)","76.8","10.9","78.1","10.9","0.0","98.9","100.0","89.4","(X)","(X)","1585","82","1026","110","46","33","109","65","404","93","25.8","5.3","37.1","7.2","37.0","36.5","10.1","16.4","0.0","7.7","67.0","5.2","65.0","6.3","34.8","34.5","89.9","16.4","69.6","9.2","20.7","5.0","(X)","(X)","(X)","(X)","(X)","(X)","81.2","11.5","11.2","3.9","(X)","(X)","(X)","(X)","(X)","(X)","43.8","12.4","0.0","2.0","(X)","(X)","(X)","(X)","(X)","(X)","(X)","(X)","3.7","3.2","(X)","(X)","(X)","(X)","(X)","(X)","(X)","(X)","89.3","3.1","93.5","3.8","76.1","33.6","100.0","25.3","77.5","10.5","6.4","2.1","4.4","2.8","23.9","33.6","0.0","25.3","11.1","8.3","4.3","2.0","2.1","2.3","0.0","43.7","0.0","25.3","11.4","7.3","84.0","4.4","86.1","4.9","76.1","33.6","100.0","25.3","75.5","12.2","16.0","4.4","13.9","4.9","23.9","33.6","0.0","25.3","24.5","12.2",
"1400000US06111001900","Census Tract 19, Ventura County, California","1640","78","639","79","32","33","188","80","781","98","2.32","0.13","3.41","0.21","3.22","0.83","3.03","0.32","1.22","0.11","859","77","639","79","32","33","188","80","(X)","(X)","3.25","0.17","3.33","0.22","3.22","0.83","2.98","0.32","(X)","(X)","412","72","312","65","0","12","100","56","(X)","(X)","26.5","12.3","31.4","14.9","-","**","11.0","17.0","(X)","(X)","14.6","10.9","19.2","13.7","-","**","0.0","27.2","(X)","(X)","59.0","13.1","49.4","14.1","-","**","89.0","17.0","(X)","(X)","1640","78","639","79","32","33","188","80","781","98","29.1","4.9","53.1","7.9","75.0","60.7","61.2","18.5","0.0","4.1","39.7","6.2","26.0","5.6","100.0","52.4","25.5","12.9","51.9","10.2","39.0","5.8","(X)","(X)","(X)","(X)","(X)","(X)","81.8","9.4","14.6","4.7","(X)","(X)","(X)","(X)","(X)","(X)","30.7","9.3","0.9","1.1","(X)","(X)","(X)","(X)","(X)","(X)","(X)","(X)","3.4","2.0","(X)","(X)","(X)","(X)","(X)","(X)","(X)","(X)","68.4","5.7","87.5","7.3","100.0","52.4","47.9","20.2","56.3","10.2","31.6","5.7","12.5","7.3","0.0","52.4","52.1","20.2","43.7","10.2","0.0","2.0","0.0","5.0","0.0","52.4","0.0","15.8","0.0","4.1","52.0","6.3","65.4","11.7","75.0","60.7","39.4","19.2","43.1","9.4","48.0","6.3","34.6","11.7","25.0","60.7","60.6","19.2","56.9","9.4",
"1400000US06111002000","Census Tract 20, Ventura County, California","1092","66","520","83","63","55","150","63","359","76","2.48","0.15","3.14","0.25","2.73","0.48","2.89","0.44","1.31","0.13","733","76","520","83","63","55","150","63","(X)","(X)","3.02","0.21","3.14","0.25","2.25","0.19","2.89","0.44","(X)","(X)","293","65","232","56","0","12","61","37","(X)","(X)","5.5","8.7","6.9","10.7","-","**","0.0","38.0","(X)","(X)","5.5","8.4","6.9","10.5","-","**","0.0","38.0","(X)","(X)","89.1","10.7","86.2","13.0","-","**","100.0","38.0","(X)","(X)","1092","66","520","83","63","55","150","63","359","76","27.3","5.3","44.6","8.3","0.0","37.3","40.7","20.7","1.4","2.6","51.4","6.9","47.3","8.7","65.1","43.4","52.0","24.6","54.6","15.1","24.3","6.2","(X)","(X)","(X)","(X)","(X)","(X)","73.8","11.6","8.4","3.6","(X)","(X)","(X)","(X)","(X)","(X)","25.6","9.5","0.0","2.9","(X)","(X)","(X)","(X)","(X)","(X)","(X)","(X)","10.6","5.2","(X)","(X)","(X)","(X)","(X)","(X)","(X)","(X)","81.0","5.4","90.2","8.0","87.3","24.0","88.7","15.4","63.2","11.2","19.0","5.4","9.8","8.0","12.7","24.0","11.3","15.4","36.8","11.2","0.0","2.9","0.0","6.1","0.0","37.3","0.0","19.3","0.0","8.6","67.2","6.5","73.5","10.3","87.3","24.0","79.3","16.1","49.6","12.3","32.8","6.5","26.5","10.3","12.7","24.0","20.7","16.1","50.4","12.3",
"1400000US06111002102","Census Tract 21.02, Ventura County, California","954","93","151","49","101","62","67","47","635","103","1.60","0.12","2.19","0.21","2.59","0.42","2.27","0.15","1.22","0.11","319","84","151","49","101","62","67","47","(X)","(X)","2.29","0.17","2.11","0.16","2.59","0.42","2.27","0.15","(X)","(X)","112","64","10","17","94","62","8","14","(X)","(X)","16.1","20.0","100.0","93.8","0.0","28.5","100.0","100.0","(X)","(X)","0.0","24.8","0.0","93.8","0.0","28.5","0.0","100.0","(X)","(X)","83.9","20.0","0.0","93.8","100.0","28.5","0.0","100.0","(X)","(X)","954","93","151","49","101","62","67","47","635","103","11.7","6.6","6.6","11.2","93.1","12.9","11.9","20.3","0.0","5.0","36.4","9.2","58.3","17.2","6.9","12.9","64.2","34.7","32.9","12.7","54.0","8.9","(X)","(X)","(X)","(X)","(X)","(X)","81.1","9.0","20.3","8.7","(X)","(X)","(X)","(X)","(X)","(X)","30.6","12.3","0.0","3.3","(X)","(X)","(X)","(X)","(X)","(X)","(X)","(X)","6.0","4.1","(X)","(X)","(X)","(X)","(X)","(X)","(X)","(X)","40.0","8.1","72.8","16.8","46.5","34.7","23.9","28.2","32.9","9.8","59.0","8.1","27.2","16.8","53.5","34.7","62.7","36.5","67.1","9.8","0.9","1.5","0.0","19.2","0.0","26.9","13.4","22.5","0.0","5.0","25.1","6.0","64.9","17.4","18.8","21.0","11.9","19.6","18.0","7.1","74.9","6.0","35.1","17.4","81.2","21.0","88.1","19.6","82.0","7.1",
"1400000US06111002200","Census Tract 22, Ventura County, California","2103","111","1025","199","128","94","352","150","598","146","3.24","0.24","3.95","0.48","3.10","1.24","4.31","0.76","1.42","0.19","1505","142","1025","199","128","94","352","150","(X)","(X)","3.69","0.32","3.87","0.44","2.65","0.73","3.54","0.50","(X)","(X)","759","122","460","165","108","97","191","115","(X)","(X)","33.6","15.6","43.3","17.3","51.9","51.9","0.0","15.6","(X)","(X)","27.3","14.9","12.2","11.2","0.0","25.5","79.1","24.4","(X)","(X)","39.1","15.8","44.6","17.0","48.1","51.9","20.9","24.4","(X)","(X)","2103","111","1025","199","128","94","352","150","598","146","44.1","5.6","57.7","10.9","84.4","27.4","65.1","21.8","0.0","5.3","24.1","7.4","16.6","8.8","13.3","22.7","24.4","21.5","39.0","16.6","19.3","5.2","(X)","(X)","(X)","(X)","(X)","(X)","67.9","14.3","3.2","1.9","(X)","(X)","(X)","(X)","(X)","(X)","11.4","6.7","0.4","0.7","(X)","(X)","(X)","(X)","(X)","(X)","(X)","(X)","15.2","7.2","(X)","(X)","(X)","(X)","(X)","(X)","(X)","(X)","77.7","7.1","90.2","8.0","13.3","22.7","79.8","14.1","68.7","14.6","21.5","7.0","8.1","7.5","86.7","22.7","20.2","14.1","31.3","14.6","0.8","1.3","1.7","2.7","0.0","22.2","0.0","8.8","0.0","5.3","50.2","6.7","61.1","11.3","13.3","22.7","49.4","25.0","39.8","13.6","49.8","6.7","38.9","11.3","86.7","22.7","50.6","25.0","60.2","13.6",
"1400000US06111002300","Census Tract 23, Ventura County, California","2122","103","1186","167","36","47","332","134","568","148","3.55","0.54","4.61","0.98","5.42","4.87","3.10","0.57","1.50","0.28","1554","151","1186","167","36","47","332","134","(X)","(X)","4.11","0.74","4.51","0.97","4.53","4.66","2.66","0.48","(X)","(X)","883","141","733","142","0","17","150","96","(X)","(X)","19.6","11.9","21.0","14.2","-","**","12.7","18.6","(X)","(X)","34.8","14.7","41.9","17.7","-","**","0.0","19.3","(X)","(X)","45.6","14.2","37.1","17.0","-","**","87.3","18.6","(X)","(X)","2122","103","1186","167","36","47","332","134","568","148","47.9","6.7","70.1","9.0","52.8","52.8","50.0","25.5","0.0","5.6","22.0","5.5","19.6","7.5","22.2","77.8","16.6","18.3","29.9","13.1","18.7","6.0","(X)","(X)","(X)","(X)","(X)","(X)","69.7","15.8","6.9","4.0","(X)","(X)","(X)","(X)","(X)","(X)","25.7","13.9","0.6","1.0","(X)","(X)","(X)","(X)","(X)","(X)","(X)","(X)","2.6","2.3","(X)","(X)","(X)","(X)","(X)","(X)","(X)","(X)","66.9","8.1","74.5","12.3","100.0","49.4","39.5","20.0","65.0","15.7","31.2","8.2","24.3","12.2","0.0","49.4","60.5","20.0","30.5","15.1","1.9","1.6","1.3","2.1","0.0","49.4","0.0","9.3","4.6","4.0","40.8","6.4","47.0","9.7","52.8","52.8","27.4","18.6","34.9","14.6","59.2","6.4","53.0","9.7","47.2","52.8","72.6","18.6","65.1","14.6",
"1400000US06111002400","Census Tract 24, Ventura County, California","1436","113","274","85","43","42","168","79","951","135","1.83","0.18","2.87","0.32","2.44","0.47","2.84","0.57","1.33","0.20","485","108","274","85","43","42","168","79","(X)","(X)","2.68","0.23","2.87","0.32","2.44","0.47","2.42","0.26","(X)","(X)","190","72","67","38","7","12","116","72","(X)","(X)","25.8","19.3","73.1","27.6","0.0","100.0","0.0","24.1","(X)","(X)","0.0","15.7","0.0","36.0","0.0","100.0","0.0","24.1","(X)","(X)","74.2","19.3","26.9","27.6","100.0","100.0","100.0","24.1","(X)","(X)","1436","113","274","85","43","42","168","79","951","135","13.9","5.0","24.5","12.1","37.2","49.3","69.0","21.5","0.0","3.4","34.3","8.1","46.4","16.8","62.8","49.3","18.5","14.4","32.4","8.9","53.6","8.2","(X)","(X)","(X)","(X)","(X)","(X)","81.0","9.5","15.4","5.4","(X)","(X)","(X)","(X)","(X)","(X)","23.2","8.4","0.0","2.2","(X)","(X)","(X)","(X)","(X)","(X)","(X)","(X)","4.9","4.4","(X)","(X)","(X)","(X)","(X)","(X)","(X)","(X)","19.1","6.3","29.2","15.2","62.8","49.3","31.0","21.2","12.1","7.2","80.2","6.3","67.2","16.0","37.2","49.3","69.0","21.2","87.9","7.2","0.7","1.1","3.6","5.7","0.0","45.2","0.0","17.5","0.0","3.4","5.8","2.3","15.7","11.6","0.0","45.2","4.8","7.6","3.5","2.6","94.2","2.3","84.3","11.6","100.0","45.2","95.2","7.6","96.5","2.6",
"1400000US06111002500","Census Tract 25, Ventura County, California","2202","169","957","193","54","45","178","93","1013","193","2.09","0.14","2.77","0.20","3.52","1.00","2.80","0.32","1.24","0.12","1189","186","957","193","54","45","178","93","(X)","(X)","2.74","0.20","2.77","0.20","3.20","1.18","2.44","0.32","(X)","(X)","345","74","256","64","0","12","89","72","(X)","(X)","16.8","15.5","22.7","21.3","-","**","0.0","29.7","(X)","(X)","12.5","14.3","16.8","18.0","-","**","0.0","29.7","(X)","(X)","70.7","16.8","60.5","21.3","-","**","100.0","29.7","(X)","(X)","2202","169","957","193","54","45","178","93","1013","193","16.5","3.6","28.7","8.5","0.0","40.4","50.0","22.8","0.0","3.2","44.3","6.6","43.5","9.7","75.9","38.5","50.0","22.8","42.4","12.0","36.9","7.9","(X)","(X)","(X)","(X)","(X)","(X)","80.3","8.6","13.0","4.7","(X)","(X)","(X)","(X)","(X)","(X)","28.2","10.5","1.1","1.5","(X)","(X)","(X)","(X)","(X)","(X)","(X)","(X)","8.1","4.1","(X)","(X)","(X)","(X)","(X)","(X)","(X)","(X)","62.9","7.4","73.7","10.2","100.0","40.4","65.7","27.8","50.1","12.2","27.5","7.0","19.6","9.0","0.0","40.4","34.3","27.8","35.2","11.3","9.6","4.0","6.7","4.4","0.0","40.4","0.0","16.6","14.6","7.5","44.1","5.9","55.4","9.7","59.3","45.2","24.2","22.3","36.1","9.3","55.9","5.9","44.6","9.7","40.7","45.2","75.8","22.3","63.9","9.3",
"1400000US06111002600","Census Tract 26, Ventura County, California","1323","67","474","92","57","50","113","49","679","99","2.31","0.25","3.11","0.26","6.86","2.73","2.93","0.35","1.27","0.16","644","101","474","92","57","50","113","49","(X)","(X)","3.26","0.25","3.11","0.26","5.16","1.72","2.93","0.35","(X)","(X)","289","71","196","55","41","43","52","48","(X)","(X)","29.1","14.1","26.0","13.9","80.5","36.6","0.0","41.1","(X)","(X)","15.6","11.0","23.0","13.9","0.0","46.3","0.0","41.1","(X)","(X)","55.4","14.1","51.0","15.7","19.5","36.6","100.0","41.1","(X)","(X)","1323","67","474","92","57","50","113","49","679","99","22.6","4.9","43.5","7.9","71.9","31.9","46.0","31.0","0.0","4.7","20.9","4.4","28.3","8.3","28.1","31.9","23.9","26.0","14.6","5.9","42.3","7.4","(X)","(X)","(X)","(X)","(X)","(X)","82.5","8.2","2.0","1.6","(X)","(X)","(X)","(X)","(X)","(X)","4.0","3.1","0.0","2.4","(X)","(X)","(X)","(X)","(X)","(X)","(X)","(X)","7.0","4.3","(X)","(X)","(X)","(X)","(X)","(X)","(X)","(X)","72.6","6.5","92.6","6.0","45.6","40.7","71.7","28.1","61.0","10.7","27.4","6.5","7.4","6.0","54.4","40.7","28.3","28.1","39.0","10.7","0.0","2.4","0.0","6.6","0.0","39.3","0.0","24.6","0.0","4.7","31.9","5.2","55.3","9.5","31.6","36.4","23.9","25.5","16.9","6.1","68.1","5.2","44.7","9.5","68.4","36.4","76.1","25.5","83.1","6.1",
"1400000US06111002700","Census Tract 27, Ventura County, California","1642","99","622","106","39","36","355","92","626","113","2.55","0.14","3.34","0.26","2.69","0.37","3.18","0.33","1.39","0.18","1016","114","622","106","39","36","355","92","(X)","(X)","3.11","0.19","3.32","0.26","2.69","0.37","2.77","0.30","(X)","(X)","421","90","282","75","21","25","118","62","(X)","(X)","31.6","11.9","41.1","17.6","0.0","64.7","14.4","15.9","(X)","(X)","14.3","10.7","9.9","11.3","0.0","64.7","27.1","26.5","(X)","(X)","54.2","14.8","48.9","20.7","100.0","64.7","58.5","27.9","(X)","(X)","1642","99","622","106","39","36","355","92","626","113","29.7","5.1","46.9","10.8","53.8","37.0","41.4","14.6","4.3","4.8","49.0","6.3","39.7","10.0","46.2","37.0","33.8","13.2","67.1","10.7","29.4","5.7","(X)","(X)","(X)","(X)","(X)","(X)","77.2","9.5","18.1","4.6","(X)","(X)","(X)","(X)","(X)","(X)","47.6","10.3","0.6","1.0","(X)","(X)","(X)","(X)","(X)","(X)","(X)","(X)","7.1","4.0","(X)","(X)","(X)","(X)","(X)","(X)","(X)","(X)","58.5","5.5","75.4","10.3","56.4","47.9","66.5","14.3","37.2","9.8","41.5","5.5","24.6","10.3","43.6","47.9","33.5","14.3","62.8","9.8","0.0","2.0","0.0","5.1","0.0","47.5","0.0","8.7","0.0","5.1","47.5","5.5","69.3","12.1","33.3","43.6","33.8","14.4","34.5","9.1","52.5","5.5","30.7","12.1","66.7","43.6","66.2","14.4","65.5","9.1",
"1400000US06111002800","Census Tract 28, Ventura County, California","2564","93","957","163","142","89","438","135","1027","164","2.47","0.15","3.27","0.26","2.70","0.40","3.74","0.56","1.15","0.11","1537","166","957","163","142","89","438","135","(X)","(X)","3.28","0.16","3.24","0.26","2.59","0.36","3.58","0.52","(X)","(X)","622","128","327","109","49","39","246","113","(X)","(X)","14.1","8.8","22.3","15.4","30.6","51.3","0.0","12.4","(X)","(X)","28.0","14.5","12.8","14.9","0.0","42.4","53.7","30.7","(X)","(X)","57.9","14.2","64.8","17.3","69.4","51.3","46.3","30.7","(X)","(X)","2564","93","957","163","142","89","438","135","1027","164","28.0","5.1","39.5","9.2","41.5","30.8","64.4","16.2","0.0","3.1","34.3","5.4","36.1","10.2","9.9","16.2","19.4","12.5","42.4","11.3","34.4","6.7","(X)","(X)","(X)","(X)","(X)","(X)","85.8","10.3","13.5","4.5","(X)","(X)","(X)","(X)","(X)","(X)","33.7","10.3","0.0","1.3","(X)","(X)","(X)","(X)","(X)","(X)","(X)","(X)","4.4","3.4","(X)","(X)","(X)","(X)","(X)","(X)","(X)","(X)","64.8","5.8","96.6","3.1","43.0","33.3","61.9","22.0","39.5","10.6","32.1","5.8","3.4","3.1","47.2","35.6","35.4","21.3","55.2","10.7","3.1","2.2","0.0","3.3","9.9","16.2","2.7","4.4","5.3","6.3","45.7","6.2","67.0","12.0","28.9","27.0","31.5","14.9","34.3","11.0","54.3","6.2","33.0","12.0","71.1","27.0","68.5","14.9","65.7","11.0",
"1400000US06111002901","Census Tract 29.01, Ventura County, California","1813","54","1269","107","82","49","189","84","273","89","3.26","0.25","3.61","0.30","4.94","1.67","3.28","0.33","1.13","0.10","1540","92","1269","107","82","49","189","84","(X)","(X)","3.47","0.26","3.54","0.29","4.15","0.89","2.73","0.35","(X)","(X)","755","109","577","109","26","30","152","74","(X)","(X)","6.9","7.1","7.1","8.7","0.0","58.2","7.2","11.3","(X)","(X)","12.5","8.6","16.3","10.9","0.0","58.2","0.0","19.1","(X)","(X)","80.7","10.5","76.6","12.9","100.0","58.2","92.8","11.3","(X)","(X)","1813","54","1269","107","82","49","189","84","273","89","45.1","6.3","48.2","7.8","65.9","34.7","80.4","16.4","0.0","11.2","39.5","4.4","35.6","5.4","61.0","29.4","22.8","17.9","62.6","19.2","13.1","4.7","(X)","(X)","(X)","(X)","(X)","(X)","86.8","10.0","7.4","3.5","(X)","(X)","(X)","(X)","(X)","(X)","49.5","18.5","1.4","1.6","(X)","(X)","(X)","(X)","(X)","(X)","(X)","(X)","5.2","3.1","(X)","(X)","(X)","(X)","(X)","(X)","(X)","(X)","92.9","4.0","96.4","3.6","100.0","31.5","56.6","26.2","100.0","11.2","7.1","4.0","3.6","3.6","0.0","31.5","43.4","26.2","0.0","11.2","0.0","1.8","0.0","2.5","0.0","31.5","0.0","15.7","0.0","11.2","79.0","5.5","82.1","7.1","76.8","24.1","41.3","23.5","91.2","9.1","21.0","5.5","17.9","7.1","23.2","24.1","58.7","23.5","8.8","9.1",
"1400000US06111002905","Census Tract 29.05, Ventura County, California","1679","75","899","122","107","77","323","109","350","99","3.32","0.21","3.72","0.32","5.05","1.32","3.86","0.45","1.28","0.20","1329","104","899","122","107","77","323","109","(X)","(X)","3.67","0.21","3.63","0.30","4.35","0.79","3.56","0.52","(X)","(X)","619","113","415","112","45","45","159","89","(X)","(X)","12.0","9.0","14.9","12.9","0.0","44.2","7.5","14.6","(X)","(X)","15.5","8.7","21.4","11.3","15.6","28.9","0.0","18.4","(X)","(X)","72.5","11.6","63.6","15.2","84.4","28.9","92.5","14.6","(X)","(X)","1679","75","899","122","107","77","323","109","350","99","39.5","6.7","47.1","9.2","42.1","31.1","60.7","18.2","0.0","8.9","41.6","5.4","39.9","7.8","19.6","23.7","47.4","17.5","47.4","15.7","18.3","5.4","(X)","(X)","(X)","(X)","(X)","(X)","87.7","8.0","7.6","3.9","(X)","(X)","(X)","(X)","(X)","(X)","36.3","15.9","0.0","1.9","(X)","(X)","(X)","(X)","(X)","(X)","(X)","(X)","4.5","3.4","(X)","(X)","(X)","(X)","(X)","(X)","(X)","(X)","86.9","4.5","92.4","4.8","100.0","25.7","90.1","9.6","65.7","15.4","11.9","4.1","7.6","4.8","0.0","25.7","9.9","9.6","28.3","15.0","1.3","1.9","0.0","3.5","0.0","25.7","0.0","9.6","6.0","9.0","73.1","6.8","81.4","7.1","50.5","39.4","60.1","19.7","70.9","14.8","26.9","6.8","18.6","7.1","49.5","39.4","39.9","19.7","29.1","14.8",
"1400000US06111003010","Census Tract 30.10, Ventura County, California","983","41","403","78","115","58","220","77","245","60","3.38","0.39","4.28","0.76","3.39","0.66","3.92","0.80","1.42","0.26","738","62","403","78","115","58","220","77","(X)","(X)","3.86","0.49","4.26","0.75","2.64","0.37","3.76","0.79","(X)","(X)","391","81","200","64","79","45","112","66","(X)","(X)","22.5","15.9","19.5","18.0","34.2","36.5","19.6","29.7","(X)","(X)","21.7","10.7","35.0","16.9","19.0","28.2","0.0","24.8","(X)","(X)","55.8","14.8","45.5","18.9","46.8","33.9","80.4","29.7","(X)","(X)","983","41","403","78","115","58","220","77","245","60","45.0","8.4","54.1","12.3","68.7","27.1","60.9","21.7","4.5","6.0","23.8","6.6","21.1","8.4","2.6","6.1","30.5","20.5","32.2","12.5","18.6","4.8","(X)","(X)","(X)","(X)","(X)","(X)","74.7","12.1","3.5","2.2","(X)","(X)","(X)","(X)","(X)","(X)","13.9","8.0","0.0","3.2","(X)","(X)","(X)","(X)","(X)","(X)","(X)","(X)","9.2","5.4","(X)","(X)","(X)","(X)","(X)","(X)","(X)","(X)","59.8","6.7","64.5","11.2","20.9","20.5","61.8","21.2","68.6","14.0","40.0","6.6","35.5","11.2","79.1","20.5","37.3","20.8","31.4","14.0","0.2","0.4","0.0","7.7","0.0","24.3","0.9","1.8","0.0","12.4","52.7","7.0","49.6","11.5","40.0","29.4","64.5","18.1","53.1","16.7","47.3","7.0","50.4","11.5","60.0","29.4","35.5","18.1","46.9","16.7",
"1400000US06111003011","Census Tract 30.11, Ventura County, California","1582","68","679","137","99","62","454","114","350","112","3.78","0.29","4.47","0.52","3.97","0.89","4.75","0.80","1.12","0.14","1232","106","679","137","99","62","454","114","(X)","(X)","4.34","0.37","4.42","0.51","3.36","1.12","4.43","0.86","(X)","(X)","690","107","417","108","26","29","247","80","(X)","(X)","25.9","11.5","23.0","12.8","0.0","58.2","33.6","25.3","(X)","(X)","39.1","12.5","37.6","15.3","0.0","58.2","45.7","26.0","(X)","(X)","34.9","11.5","39.3","16.2","100.0","58.2","20.6","14.1","(X)","(X)","1582","68","679","137","99","62","454","114","350","112","56.2","6.3","72.6","10.2","38.4","30.4","78.9","12.8","0.0","8.9","29.3","5.0","37.4","9.9","17.2","20.7","12.6","9.8","38.9","17.3","20.1","6.9","(X)","(X)","(X)","(X)","(X)","(X)","90.9","10.8","7.1","4.5","(X)","(X)","(X)","(X)","(X)","(X)","32.0","16.9","0.0","2.0","(X)","(X)","(X)","(X)","(X)","(X)","(X)","(X)","9.2","4.7","(X)","(X)","(X)","(X)","(X)","(X)","(X)","(X)","52.3","6.4","57.9","10.9","61.6","28.6","42.3","14.8","52.0","18.9","47.7","6.4","42.1","10.9","38.4","28.6","57.7","14.8","48.0","18.9","0.0","2.0","0.0","4.7","0.0","27.4","0.0","6.9","0.0","8.9","39.5","7.3","48.6","10.5","38.4","30.4","22.9","12.5","43.7","18.8","60.5","7.3","51.4","10.5","61.6","30.4","77.1","12.5","56.3","18.8",
"1400000US06111003012","Census Tract 30.12, Ventura County, California","125","71","105","80","13","20","0","12","7","11","3.72","0.56","4.06","0.53","2.46","0.42","-","**","-","**","118","70","105","80","13","20","0","12","(X)","(X)","3.76","0.54","3.92","0.62","2.46","0.42","-","**","(X)","(X)","92","79","92","79","0","12","0","12","(X)","(X)","56.5","36.8","56.5","36.8","-","**","-","**","(X)","(X)","13.0","23.9","13.0","23.9","-","**","-","**","(X)","(X)","30.4","28.4","30.4","28.4","-","**","-","**","(X)","(X)","125","71","105","80","13","20","0","12","7","11","73.6","29.4","87.6","23.0","0.0","82.3","-","**","0.0","100.0","12.8","11.5","8.6","9.2","0.0","82.3","-","**","100.0","100.0","5.6","9.6","(X)","(X)","(X)","(X)","(X)","(X)","100.0","100.0","5.6","9.6","(X)","(X)","(X)","(X)","(X)","(X)","100.0","100.0","0.0","22.6","(X)","(X)","(X)","(X)","(X)","(X)","(X)","(X)","0.0","22.6","(X)","(X)","(X)","(X)","(X)","(X)","(X)","(X)","34.4","23.3","41.0","33.7","0.0","82.3","-","**","0.0","100.0","42.4","29.4","38.1","41.2","100.0","82.2","-","**","0.0","100.0","23.2","24.5","21.0","27.2","0.0","82.3","-","**","100.0","100.0","28.8","19.9","27.6","22.5","0.0","82.3","-","**","100.0","100.0","71.2","19.9","72.4","22.5","100.0","82.2","-","**","0.0","100.0",
"1400000US06111003013","Census Tract 30.13, Ventura County, California","1593","71","941","125","150","75","199","90","303","94","3.18","0.23","3.66","0.42","3.81","0.84","3.59","0.76","1.12","0.12","1290","117","941","125","150","75","199","90","(X)","(X)","3.55","0.29","3.64","0.42","3.17","0.85","3.42","0.73","(X)","(X)","615","107","437","101","81","67","97","74","(X)","(X)","28.3","11.2","33.6","13.5","33.3","45.4","0.0","27.8","(X)","(X)","15.8","9.8","9.4","11.1","0.0","31.8","57.7","39.5","(X)","(X)","55.9","12.0","57.0","14.8","66.7","45.4","42.3","39.5","(X)","(X)","1593","71","941","125","150","75","199","90","303","94","46.2","6.7","49.9","9.5","76.7","22.9","75.9","22.8","0.0","10.2","30.9","6.8","30.7","10.2","22.0","27.8","28.6","25.0","37.3","15.4","17.6","5.4","(X)","(X)","(X)","(X)","(X)","(X)","92.4","6.7","5.5","2.9","(X)","(X)","(X)","(X)","(X)","(X)","28.7","13.8","0.0","2.0","(X)","(X)","(X)","(X)","(X)","(X)","(X)","(X)","7.0","4.5","(X)","(X)","(X)","(X)","(X)","(X)","(X)","(X)","43.1","5.7","53.9","7.9","18.0","18.9","10.6","10.1","43.6","15.5","45.4","5.4","36.8","8.0","82.0","18.9","76.4","16.0","34.0","13.4","11.4","4.3","9.4","6.2","0.0","19.3","13.1","11.7","22.4","12.7","47.5","5.4","54.3","8.8","18.0","18.9","23.6","16.0","56.8","16.0","52.5","5.4","45.7","8.8","82.0","18.9","76.4","16.0","43.2","16.0",
"1400000US06111003100","Census Tract 31, Ventura County, California","3499","113","2328","242","171","118","613","192","387","172","4.48","0.36","4.91","0.45","4.10","0.67","4.85","1.03","1.48","0.37","3112","189","2328","242","171","118","613","192","(X)","(X)","4.66","0.38","4.73","0.44","4.01","0.72","4.58","1.07","(X)","(X)","1750","237","1219","238","108","111","423","158","(X)","(X)","7.0","4.2","6.2","4.2","15.7","32.5","7.1","9.1","(X)","(X)","15.9","6.9","18.7","8.8","10.2","22.6","9.5","9.2","(X)","(X)","77.1","8.3","75.1","9.6","74.1","40.1","83.5","13.5","(X)","(X)","3499","113","2328","242","171","118","613","192","387","172","58.0","6.7","62.7","6.7","63.2","37.7","73.9","15.1","2.6","4.5","27.5","4.7","28.7","6.7","17.0","21.4","22.0","13.9","33.6","21.2","8.1","3.9","(X)","(X)","(X)","(X)","(X)","(X)","73.4","23.0","2.9","2.3","(X)","(X)","(X)","(X)","(X)","(X)","26.6","20.2","0.0","0.9","(X)","(X)","(X)","(X)","(X)","(X)","(X)","(X)","5.3","2.5","(X)","(X)","(X)","(X)","(X)","(X)","(X)","(X)","98.7","1.0","98.6","1.4","100.0","17.2","100.0","5.2","96.4","5.8","1.2","0.9","1.2","1.4","0.0","17.2","0.0","5.2","3.6","5.8","0.1","0.3","0.2","0.4","0.0","17.2","0.0","5.2","0.0","8.1","78.9","5.4","82.8","5.8","71.9","31.3","62.8","16.9","84.0","14.7","21.1","5.4","17.2","5.8","28.1","31.3","37.2","16.9","16.0","14.7",
"1400000US06111003201","Census Tract 32.01, Ventura County, California","792","45","381","69","93","47","253","69","65","38","5.40","0.52","5.35","0.67","7.01","2.80","5.65","0.89","2.38","1.29","727","48","381","69","93","47","253","69","(X)","(X)","4.70","0.45","5.05","0.65","3.74","0.79","4.52","0.56","(X)","(X)","407","74","244","73","35","41","128","51","(X)","(X)","16.7","9.8","2.0","2.9","37.1","41.1","39.1","24.5","(X)","(X)","36.6","13.1","51.2","17.1","0.0","50.1","18.8","19.9","(X)","(X)","46.7","13.4","46.7","17.0","62.9","41.1","42.2","24.3","(X)","(X)","792","45","381","69","93","47","253","69","65","38","65.5","8.0","70.1","13.2","59.1","32.6","77.9","11.6","0.0","36.7","25.1","6.2","22.8","10.2","21.5","20.6","30.0","13.9","24.6","23.9","4.4","3.4","(X)","(X)","(X)","(X)","(X)","(X)","53.8","31.3","1.4","1.4","(X)","(X)","(X)","(X)","(X)","(X)","16.9","19.3","0.0","4.0","(X)","(X)","(X)","(X)","(X)","(X)","(X)","(X)","11.1","5.5","(X)","(X)","(X)","(X)","(X)","(X)","(X)","(X)","83.1","6.8","85.0","9.7","100.0","28.7","81.4","13.0","53.8","31.8","14.9","6.4","10.8","7.8","0.0","28.7","18.6","13.0","46.2","31.8","2.0","3.1","4.2","6.4","0.0","28.7","0.0","12.0","0.0","36.7","27.0","5.9","36.0","11.4","17.2","17.2","17.8","10.4","24.6","23.9","73.0","5.9","64.0","11.4","82.8","17.2","82.2","10.4","75.4","23.9",
"1400000US06111003300","Census Tract 33, Ventura County, California","2217","133","1045","180","245","125","589","173","338","119","3.76","0.27","4.27","0.56","3.76","0.41","4.24","0.50","1.34","0.37","1879","166","1045","180","245","125","589","173","(X)","(X)","3.97","0.28","4.05","0.44","3.66","0.39","3.97","0.51","(X)","(X)","929","175","565","152","81","85","283","162","(X)","(X)","13.1","8.6","21.6","13.7","0.0","31.8","0.0","10.8","(X)","(X)","21.9","8.9","31.7","13.4","0.0","31.8","8.5","10.7","(X)","(X)","65.0","11.4","46.7","15.6","100.0","31.8","91.5","10.7","(X)","(X)","2217","133","1045","180","245","125","589","173","338","119","49.3","6.6","59.9","9.1","43.7","30.3","61.0","17.5","0.0","9.2","34.4","5.2","34.5","7.8","22.9","18.8","21.2","11.4","65.1","18.6","12.8","4.8","(X)","(X)","(X)","(X)","(X)","(X)","83.7","16.3","8.0","3.9","(X)","(X)","(X)","(X)","(X)","(X)","52.7","19.2","0.0","1.5","(X)","(X)","(X)","(X)","(X)","(X)","(X)","(X)","5.1","3.8","(X)","(X)","(X)","(X)","(X)","(X)","(X)","(X)","64.1","6.6","75.9","9.9","38.8","25.9","50.1","15.6","70.1","16.5","35.9","6.6","24.1","9.9","61.2","25.9","49.9","15.6","29.9","16.5","0.0","1.5","0.0","3.1","0.0","12.4","0.0","5.4","0.0","9.2","52.1","7.2","70.5","10.1","22.9","18.8","28.2","13.8","58.3","17.9","47.9","7.2","29.5","10.1","77.1","18.8","71.8","13.8","41.7","17.9",
"1400000US06111003605","Census Tract 36.05, Ventura County, California","2839","130","1470","215","128","79","458","175","783","179","3.19","0.22","3.70","0.29","2.95","0.69","4.14","0.66","1.73","0.33","2056","202","1470","215","128","79","458","175","(X)","(X)","3.53","0.22","3.70","0.29","2.95","0.69","3.17","0.48","(X)","(X)","1086","195","746","171","48","43","292","160","(X)","(X)","26.0","10.8","28.0","11.2","0.0","42.8","25.0","28.2","(X)","(X)","15.5","8.5","22.5","11.6","0.0","42.8","0.0","10.5","(X)","(X)","58.6","12.2","49.5","14.6","100.0","42.8","75.0","28.2","(X)","(X)","2839","130","1470","215","128","79","458","175","783","179","43.4","5.7","51.9","8.8","60.9","27.3","81.4","14.7","2.2","3.5","34.1","6.0","25.4","7.0","47.7","32.3","46.3","20.1","41.1","14.3","17.6","5.0","(X)","(X)","(X)","(X)","(X)","(X)","63.9","12.4","4.2","3.0","(X)","(X)","(X)","(X)","(X)","(X)","15.1","10.2","2.7","3.0","(X)","(X)","(X)","(X)","(X)","(X)","(X)","(X)","7.2","4.2","(X)","(X)","(X)","(X)","(X)","(X)","(X)","(X)","76.6","5.6","87.4","7.3","100.0","22.2","59.0","21.7","62.7","14.2","23.4","5.6","12.6","7.3","0.0","22.2","41.0","21.7","37.3","14.2","0.0","1.1","0.0","2.2","0.0","22.2","0.0","6.8","0.0","4.1","59.3","6.4","65.9","10.3","76.6","22.8","55.9","21.2","46.1","14.6","40.7","6.4","34.1","10.3","23.4","22.8","44.1","21.2","53.9","14.6",
"1400000US06111003608","Census Tract 36.08, Ventura County, California","1006","49","648","63","67","35","111","46","180","46","3.95","0.34","4.59","0.41","3.40","1.09","4.63","0.82","1.42","0.20","826","55","648","63","67","35","111","46","(X)","(X)","4.37","0.38","4.57","0.42","2.78","0.58","4.17","0.75","(X)","(X)","466","68","389","69","29","24","48","31","(X)","(X)","20.0","9.3","21.3","10.8","34.5","36.9","0.0","42.8","(X)","(X)","17.2","8.3","20.6","9.3","0.0","55.1","0.0","42.8","(X)","(X)","62.9","11.6","58.1","12.3","65.5","36.9","100.0","42.8","(X)","(X)","1006","49","648","63","67","35","111","46","180","46","52.2","6.8","66.7","7.6","43.3","27.1","53.2","21.9","2.8","3.9","31.5","5.0","31.5","6.6","34.3","26.0","20.7","18.1","37.2","12.0","12.4","3.6","(X)","(X)","(X)","(X)","(X)","(X)","69.4","12.7","3.6","1.8","(X)","(X)","(X)","(X)","(X)","(X)","20.0","10.0","0.3","0.4","(X)","(X)","(X)","(X)","(X)","(X)","(X)","(X)","6.4","3.2","(X)","(X)","(X)","(X)","(X)","(X)","(X)","(X)","84.0","3.8","86.6","5.2","74.6","25.0","77.5","20.0","82.2","10.6","16.0","3.8","13.4","5.2","25.4","25.0","22.5","20.0","17.8","10.6","0.0","3.2","0.0","4.9","0.0","36.0","0.0","25.0","0.0","16.5","60.8","4.1","65.3","6.8","29.9","24.4","36.9","20.3","71.1","13.8","39.2","4.1","34.7","6.8","70.1","24.4","63.1","20.3","28.9","13.8",
"1400000US06111003609","Census Tract 36.09, Ventura County, California","2799","232","1203","197","63","50","205","97","1328","249","2.05","0.17","2.49","0.22","2.32","0.31","3.66","0.95","1.38","0.15","1471","229","1203","197","63","50","205","97","(X)","(X)","2.60","0.23","2.49","0.22","2.32","0.31","3.28","0.90","(X)","(X)","326","118","203","88","28","42","95","67","(X)","(X)","48.5","19.4","62.6","25.6","0.0","56.0","32.6","29.8","(X)","(X)","8.6","9.1","6.4","9.9","0.0","56.0","15.8","24.1","(X)","(X)","42.9","19.0","31.0","22.6","100.0","56.0","51.6","32.8","(X)","(X)","2799","232","1203","197","63","50","205","97","1328","249","13.0","4.7","16.9","6.9","44.4","50.7","64.4","24.1","0.0","2.4","47.6","5.6","52.6","8.1","55.6","50.7","29.3","20.9","45.5","9.0","33.2","6.5","(X)","(X)","(X)","(X)","(X)","(X)","70.0","10.3","13.8","4.3","(X)","(X)","(X)","(X)","(X)","(X)","29.1","8.1","2.0","2.1","(X)","(X)","(X)","(X)","(X)","(X)","(X)","(X)","8.2","4.6","(X)","(X)","(X)","(X)","(X)","(X)","(X)","(X)","61.5","6.1","73.6","8.7","71.4","37.5","68.8","20.6","49.0","8.6","27.5","5.5","22.6","8.3","0.0","37.3","25.9","18.7","33.4","8.0","11.0","2.9","3.8","3.4","28.6","37.5","5.4","9.9","17.5","5.1","66.6","5.9","68.6","8.5","73.0","43.2","42.9","21.6","68.1","8.9","33.4","5.9","31.4","8.5","27.0","43.2","57.1","21.6","31.9","8.9",
"1400000US06111003612","Census Tract 36.12, Ventura County, California","1883","172","754","193","41","60","189","116","899","205","2.24","0.20","2.76","0.31","4.10","0.35","2.94","0.72","1.58","0.24","984","176","754","193","41","60","189","116","(X)","(X)","2.78","0.20","2.76","0.31","2.54","0.17","2.94","0.72","(X)","(X)","242","121","176","106","0","12","66","68","(X)","(X)","20.7","17.4","28.4","22.5","-","**","0.0","36.3","(X)","(X)","18.2","19.3","25.0","25.1","-","**","0.0","36.3","(X)","(X)","61.2","22.7","46.6","26.4","-","**","100.0","36.3","(X)","(X)","1883","172","754","193","41","60","189","116","899","205","15.3","5.5","23.3","11.1","0.0","46.3","59.3","33.2","0.0","3.5","33.1","6.2","43.2","12.2","0.0","46.3","37.0","31.7","25.3","8.8","30.0","7.9","(X)","(X)","(X)","(X)","(X)","(X)","62.8","12.5","3.3","2.2","(X)","(X)","(X)","(X)","(X)","(X)","7.0","4.6","1.2","2.0","(X)","(X)","(X)","(X)","(X)","(X)","(X)","(X)","9.2","4.5","(X)","(X)","(X)","(X)","(X)","(X)","(X)","(X)","67.3","7.5","73.1","9.8","100.0","46.3","62.4","32.5","62.1","12.9","32.7","7.5","26.9","9.8","0.0","46.3","37.6","32.5","37.9","12.9","0.0","1.7","0.0","4.2","0.0","46.3","0.0","15.7","0.0","3.5","42.5","7.8","65.0","10.8","0.0","46.3","37.0","31.7","26.7","11.6","57.5","7.8","35.0","10.8","100.0","46.3","63.0","31.7","73.3","11.6",
"1400000US06111003700","Census Tract 37, Ventura County, California","1224","72","743","112","148","66","287","91","46","29","5.42","0.40","6.05","0.56","5.04","1.25","4.51","0.81","2.11","1.45","1178","75","743","112","148","66","287","91","(X)","(X)","5.11","0.46","5.63","0.59","4.62","1.27","4.02","0.72","(X)","(X)","675","101","506","103","53","49","116","61","(X)","(X)","10.7","6.8","10.9","7.8","32.1","50.5","0.0","24.1","(X)","(X)","28.0","11.6","23.7","13.7","0.0","40.7","59.5","27.7","(X)","(X)","61.3","12.7","65.4","15.1","67.9","50.5","40.5","27.7","(X)","(X)","1224","72","743","112","148","66","287","91","46","29","67.6","7.5","80.6","8.6","54.1","25.9","51.6","18.1","0.0","43.7","40.4","7.7","26.8","9.2","83.8","18.8","53.3","18.1","41.3","35.7","2.9","1.9","(X)","(X)","(X)","(X)","(X)","(X)","76.1","32.5","0.9","1.0","(X)","(X)","(X)","(X)","(X)","(X)","23.9","23.2","0.7","1.1","(X)","(X)","(X)","(X)","(X)","(X)","(X)","(X)","3.0","3.3","(X)","(X)","(X)","(X)","(X)","(X)","(X)","(X)","92.8","4.1","90.8","6.0","95.3","8.1","95.5","5.9","100.0","43.7","7.2","4.1","9.2","6.0","4.7","8.1","4.5","5.9","0.0","43.7","0.0","2.6","0.0","4.3","0.0","19.6","0.0","10.7","0.0","43.7","61.7","8.6","61.9","10.0","44.6","30.6","67.6","18.3","76.1","32.5","38.3","8.6","38.1","10.0","55.4","30.6","32.4","18.3","23.9","32.5",
"1400000US06111003801","Census Tract 38.01, Ventura County, California","1185","51","684","143","185","94","149","103","167","75","4.37","0.54","5.15","0.67","3.97","0.86","4.56","1.26","1.40","0.42","1018","88","684","143","185","94","149","103","(X)","(X)","4.56","0.51","4.90","0.62","3.48","0.41","4.34","1.29","(X)","(X)","476","105","329","114","104","66","43","44","(X)","(X)","5.0","5.5","5.2","6.9","6.7","15.1","0.0","45.2","(X)","(X)","27.5","16.6","39.8","22.1","0.0","26.3","0.0","45.2","(X)","(X)","67.4","16.5","55.0","21.5","93.3","15.1","100.0","45.2","(X)","(X)","1185","51","684","143","185","94","149","103","167","75","55.3","9.1","64.3","12.2","66.5","24.0","61.7","28.3","0.0","17.6","36.1","7.6","37.6","10.7","21.6","22.2","36.2","32.6","46.1","27.5","11.6","6.0","(X)","(X)","(X)","(X)","(X)","(X)","82.6","17.4","5.7","5.2","(X)","(X)","(X)","(X)","(X)","(X)","40.7","28.2","1.0","1.6","(X)","(X)","(X)","(X)","(X)","(X)","(X)","(X)","6.2","4.3","(X)","(X)","(X)","(X)","(X)","(X)","(X)","(X)","74.0","7.7","79.1","9.0","48.1","33.7","100.0","19.5","58.7","19.5","25.9","7.9","20.9","9.0","51.9","33.7","0.0","19.5","40.7","20.5","0.1","0.7","0.0","4.6","0.0","16.1","0.0","19.5","0.6","5.2","43.4","11.0","45.0","16.3","37.8","30.3","49.7","32.7","37.1","24.9","56.6","11.0","55.0","16.3","62.2","30.3","50.3","32.7","62.9","24.9",
"1400000US06111003802","Census Tract 38.02, Ventura County, California","564","33","313","63","50","39","141","47","60","28","4.82","0.48","5.42","0.66","5.00","0.86","4.78","1.14","1.62","0.92","504","45","313","63","50","39","141","47","(X)","(X)","4.84","0.49","5.16","0.56","4.12","0.85","4.36","1.08","(X)","(X)","333","60","220","61","24","30","89","38","(X)","(X)","8.4","7.8","10.9","11.7","0.0","60.5","4.5","6.8","(X)","(X)","17.1","10.6","11.4","12.5","29.2","54.3","28.1","23.1","(X)","(X)","74.5","11.4","77.7","15.2","70.8","54.3","67.4","23.0","(X)","(X)","564","33","313","63","50","39","141","47","60","28","66.8","9.2","75.7","10.7","58.0","41.5","78.7","19.5","0.0","38.3","29.3","7.6","29.7","12.4","24.0","27.4","11.3","12.4","73.3","38.5","7.8","5.1","(X)","(X)","(X)","(X)","(X)","(X)","73.3","38.5","7.8","5.1","(X)","(X)","(X)","(X)","(X)","(X)","73.3","38.5","0.0","5.6","(X)","(X)","(X)","(X)","(X)","(X)","(X)","(X)","11.9","7.5","(X)","(X)","(X)","(X)","(X)","(X)","(X)","(X)","59.9","9.1","69.3","14.1","10.0","14.6","61.0","19.6","50.0","25.0","39.7","9.1","30.7","14.1","90.0","14.6","37.6","19.0","50.0","25.0","0.4","1.2","0.0","9.9","0.0","41.9","1.4","4.8","0.0","38.3","39.9","9.0","49.2","14.6","10.0","14.6","25.5","17.9","50.0","25.0","60.1","9.0","50.8","14.6","90.0","14.6","74.5","17.9","50.0","25.0",
"1400000US06111003900","Census Tract 39, Ventura County, California","1428","94","802","114","108","57","444","123","74","33","5.37","0.42","5.86","0.60","4.69","0.55","5.35","0.98","1.22","0.34","1354","91","802","114","108","57","444","123","(X)","(X)","5.04","0.37","5.61","0.54","4.11","0.62","4.22","0.79","(X)","(X)","831","124","504","113","15","18","312","115","(X)","(X)","15.2","8.0","10.5","10.2","0.0","76.6","23.4","17.1","(X)","(X)","27.7","10.2","26.0","13.2","0.0","76.6","31.7","19.1","(X)","(X)","57.2","11.1","63.5","13.5","100.0","76.6","44.9","20.2","(X)","(X)","1428","94","802","114","108","57","444","123","74","33","65.5","6.8","70.4","9.1","22.2","23.8","78.2","12.4","0.0","33.8","29.1","5.7","33.2","8.3","49.1","28.8","16.7","11.3","31.1","26.8","4.8","2.1","(X)","(X)","(X)","(X)","(X)","(X)","91.9","12.0","0.6","0.9","(X)","(X)","(X)","(X)","(X)","(X)","10.8","16.8","0.4","0.7","(X)","(X)","(X)","(X)","(X)","(X)","(X)","(X)","10.4","6.1","(X)","(X)","(X)","(X)","(X)","(X)","(X)","(X)","76.9","5.4","81.5","8.9","70.4","27.8","73.2","15.2","58.1","29.0","21.4","5.4","15.3","9.0","29.6","27.8","26.8","15.2","41.9","29.0","1.8","2.4","3.1","4.3","0.0","25.5","0.0","7.1","0.0","33.8","50.2","6.0","58.2","9.9","70.4","27.8","29.1","14.0","60.8","31.2","49.8","6.0","41.8","9.9","29.6","27.8","70.9","14.0","39.2","31.2",
"1400000US06111004000","Census Tract 40, Ventura County, California","1462","48","950","134","66","53","301","102","145","59","4.57","0.37","4.83","0.54","6.58","1.03","4.99","0.56","1.15","0.16","1317","79","950","134","66","53","301","102","(X)","(X)","4.64","0.36","4.54","0.48","5.95","1.00","4.66","0.57","(X)","(X)","701","130","485","123","38","47","178","103","(X)","(X)","25.8","12.8","18.6","14.1","28.9","54.8","44.9","28.5","(X)","(X)","30.5","13.0","33.2","15.5","71.1","54.8","14.6","20.4","(X)","(X)","43.7","14.7","48.2","17.9","0.0","48.1","40.4","27.1","(X)","(X)","1462","48","950","134","66","53","301","102","145","59","57.3","7.4","58.1","9.9","57.6","44.3","82.1","11.6","0.0","19.9","37.8","9.6","33.1","11.6","10.6","20.9","37.9","18.2","81.4","13.1","8.5","3.7","(X)","(X)","(X)","(X)","(X)","(X)","86.2","14.5","5.4","2.6","(X)","(X)","(X)","(X)","(X)","(X)","54.5","16.6","0.0","2.2","(X)","(X)","(X)","(X)","(X)","(X)","(X)","(X)","7.0","5.3","(X)","(X)","(X)","(X)","(X)","(X)","(X)","(X)","81.6","5.0","86.5","5.9","59.1","49.3","86.0","14.3","50.3","17.8","9.4","4.9","8.4","5.2","40.9","49.3","10.3","14.2","0.0","19.9","9.0","2.7","5.1","3.2","0.0","36.3","3.7","5.4","49.7","17.8","67.6","8.3","65.1","11.8","59.1","49.3","65.1","19.4","93.8","9.5","32.4","8.3","34.9","11.8","40.9","49.3","34.9","19.4","6.2","9.5",
"1400000US06111004101","Census Tract 41.01, Ventura County, California","1396","58","874","121","110","57","271","100","141","68","5.08","0.38","5.36","0.43","5.42","1.69","5.60","0.90","2.00","0.61","1255","80","874","121","110","57","271","100","(X)","(X)","5.17","0.33","5.25","0.39","4.35","1.09","5.24","0.93","(X)","(X)","713","119","560","126","29","34","124","79","(X)","(X)","18.5","9.9","12.5","9.9","100.0","55.1","26.6","26.1","(X)","(X)","37.3","12.4","42.5","12.3","0.0","55.1","22.6","30.9","(X)","(X)","44.2","11.2","45.0","11.0","0.0","55.1","50.8","35.0","(X)","(X)","1396","58","874","121","110","57","271","100","141","68","65.6","7.7","74.7","9.0","42.7","28.3","71.2","13.9","16.3","24.7","38.7","6.0","34.2","7.3","52.7","31.0","48.0","18.8","37.6","22.9","5.4","2.8","(X)","(X)","(X)","(X)","(X)","(X)","53.2","27.1","3.8","2.4","(X)","(X)","(X)","(X)","(X)","(X)","37.6","22.9","0.0","2.3","(X)","(X)","(X)","(X)","(X)","(X)","(X)","(X)","6.9","4.4","(X)","(X)","(X)","(X)","(X)","(X)","(X)","(X)","78.0","4.9","81.7","9.0","69.1","31.4","77.5","15.5","63.1","25.4","22.0","4.9","18.3","9.0","30.9","31.4","22.5","15.5","36.9","25.4","0.0","2.3","0.0","3.6","0.0","25.2","0.0","11.3","0.0","20.4","62.0","7.2","69.3","11.1","52.7","31.0","57.9","19.9","31.2","20.8","38.0","7.2","30.7","11.1","47.3","31.0","42.1","19.9","68.8","20.8",
"1400000US06111004200","Census Tract 42, Ventura County, California","1254","73","772","98","135","65","166","60","181","89","4.30","0.38","4.64","0.47","4.87","0.84","4.45","0.99","2.27","1.00","1073","87","772","98","135","65","166","60","(X)","(X)","4.37","0.38","4.39","0.43","4.35","0.69","4.31","0.97","(X)","(X)","469","91","403","96","21","22","45","40","(X)","(X)","22.2","10.6","20.3","11.2","33.3","45.3","33.3","41.8","(X)","(X)","13.6","10.0","13.9","10.3","38.1","48.6","0.0","44.2","(X)","(X)","64.2","12.7","65.8","12.4","28.6","42.0","66.7","41.8","(X)","(X)","1254","73","772","98","135","65","166","60","181","89","50.4","8.5","60.4","9.3","46.7","28.0","57.8","21.6","3.9","7.2","39.2","5.7","34.7","6.8","60.7","23.8","45.2","20.6","36.5","20.5","10.7","5.2","(X)","(X)","(X)","(X)","(X)","(X)","74.0","16.6","3.9","2.4","(X)","(X)","(X)","(X)","(X)","(X)","27.1","17.8","0.0","2.6","(X)","(X)","(X)","(X)","(X)","(X)","(X)","(X)","3.4","2.5","(X)","(X)","(X)","(X)","(X)","(X)","(X)","(X)","98.7","1.9","100.0","4.1","88.1","17.4","100.0","17.7","100.0","16.4","1.3","1.9","0.0","4.1","11.9","17.4","0.0","17.7","0.0","16.4","0.0","2.6","0.0","4.1","0.0","21.2","0.0","17.7","0.0","16.4","79.7","6.2","78.9","8.5","71.1","24.5","72.3","16.9","96.1","7.2","20.3","6.2","21.1","8.5","28.9","24.5","27.7","16.9","3.9","7.2",
"1400000US06111004304","Census Tract 43.04, Ventura County, California","2485","176","1029","173","134","96","415","152","907","196","2.74","0.22","3.90","0.39","2.68","0.63","3.22","0.43","1.22","0.14","1578","173","1029","173","134","96","415","152","(X)","(X)","3.45","0.27","3.77","0.39","2.51","0.54","2.94","0.31","(X)","(X)","744","138","548","129","34","32","162","93","(X)","(X)","17.7","11.0","19.0","13.9","38.2","49.8","9.3","14.1","(X)","(X)","29.3","14.4","28.8","18.1","32.4","44.8","30.2","30.9","(X)","(X)","53.0","14.7","52.2","18.9","29.4","47.4","60.5","30.2","(X)","(X)","2485","176","1029","173","134","96","415","152","907","196","31.1","5.5","53.3","10.0","25.4","21.4","41.2","16.6","2.3","3.6","40.8","5.8","34.0","9.7","31.3","30.6","33.0","16.5","53.4","13.5","31.2","6.2","(X)","(X)","(X)","(X)","(X)","(X)","85.4","8.3","13.7","4.5","(X)","(X)","(X)","(X)","(X)","(X)","37.6","11.5","1.4","2.3","(X)","(X)","(X)","(X)","(X)","(X)","(X)","(X)","2.2","1.6","(X)","(X)","(X)","(X)","(X)","(X)","(X)","(X)","59.7","6.7","59.1","12.3","56.7","36.0","52.0","17.4","64.4","11.8","38.3","7.0","39.8","12.2","43.3","36.0","48.0","17.4","31.4","11.2","2.0","2.2","1.1","1.8","0.0","21.3","0.0","7.5","4.2","5.8","43.2","6.5","44.6","9.6","22.4","27.0","25.5","17.2","52.7","11.2","56.8","6.5","55.4","9.6","77.6","27.0","74.5","17.2","47.3","11.2",
"1400000US06111004305","Census Tract 43.05, Ventura County, California","432","64","297","62","12","20","43","32","80","41","3.11","0.38","3.79","0.37","2.08","0.42","2.65","0.56","-","**","352","68","297","62","12","20","43","32","(X)","(X)","3.59","0.35","3.79","0.37","2.08","0.42","2.65","0.56","(X)","(X)","284","69","235","59","12","20","37","34","(X)","(X)","48.9","15.4","46.0","15.9","0.0","85.6","83.8","32.2","(X)","(X)","25.0","11.5","27.7","13.1","0.0","85.6","16.2","32.2","(X)","(X)","26.1","13.4","26.4","14.0","100.0","85.6","0.0","48.8","(X)","(X)","432","64","297","62","12","20","43","32","80","41","65.7","11.1","79.1","9.3","100.0","85.6","86.0","24.9","0.0","32.1","1.4","2.0","0.0","10.4","0.0","85.6","14.0","24.9","0.0","32.1","18.5","9.3","(X)","(X)","(X)","(X)","(X)","(X)","100.0","32.1","0.0","7.2","(X)","(X)","(X)","(X)","(X)","(X)","0.0","32.1","0.0","7.2","(X)","(X)","(X)","(X)","(X)","(X)","(X)","(X)","0.0","7.2","(X)","(X)","(X)","(X)","(X)","(X)","(X)","(X)","69.4","11.5","80.1","12.4","100.0","85.6","86.0","24.9","16.3","18.1","30.6","11.5","19.9","12.4","0.0","85.6","14.0","24.9","83.8","18.1","0.0","7.2","0.0","10.4","0.0","85.6","0.0","45.2","0.0","32.1","0.0","7.2","0.0","10.4","0.0","85.6","0.0","45.2","0.0","32.1","100.0","7.2","100.0","10.4","100.0","85.6","100.0","45.2","100.0","32.1",
"1400000US06111004400","Census Tract 44, Ventura County, California","2638","182","957","204","141","94","710","190","830","176","2.89","0.20","3.64","0.41","4.35","1.72","3.41","0.48","1.34","0.17","1808","204","957","204","141","94","710","190","(X)","(X)","3.43","0.24","3.64","0.41","3.64","1.81","3.10","0.38","(X)","(X)","854","173","383","108","40","51","431","191","(X)","(X)","22.1","10.7","7.0","8.4","0.0","46.9","37.6","19.1","(X)","(X)","24.5","15.0","41.0","28.0","0.0","46.9","12.1","14.4","(X)","(X)","53.4","15.9","52.0","25.8","100.0","46.9","50.3","19.2","(X)","(X)","2638","182","957","204","141","94","710","190","830","176","36.7","6.3","42.0","9.4","65.2","36.5","66.9","17.6","0.0","3.8","36.4","6.0","42.2","11.8","37.6","27.5","15.9","8.7","47.0","12.1","24.7","6.0","(X)","(X)","(X)","(X)","(X)","(X)","78.4","9.9","11.4","3.8","(X)","(X)","(X)","(X)","(X)","(X)","36.1","11.7","0.0","1.2","(X)","(X)","(X)","(X)","(X)","(X)","(X)","(X)","6.2","3.1","(X)","(X)","(X)","(X)","(X)","(X)","(X)","(X)","64.3","4.9","70.8","10.8","73.0","28.7","71.4","12.6","49.3","11.0","35.2","4.9","29.2","10.8","27.0","28.7","28.6","12.6","49.3","10.8","0.5","0.7","0.0","3.3","0.0","20.4","0.0","4.5","1.4","2.2","38.3","7.3","37.3","12.8","46.8","38.6","34.6","15.8","41.1","12.5","61.7","7.3","62.7","12.8","53.2","38.6","65.4","15.8","58.9","12.5",
"1400000US06111004503","Census Tract 45.03, Ventura County, California","992","75","580","82","83","55","168","72","161","69","4.09","0.33","4.63","0.42","3.87","0.64","5.07","0.71","1.27","0.22","831","77","580","82","83","55","168","72","(X)","(X)","4.43","0.32","4.63","0.42","3.36","0.81","4.26","0.60","(X)","(X)","564","73","421","78","44","42","99","56","(X)","(X)","32.3","13.0","32.5","15.4","86.4","28.1","7.1","10.2","(X)","(X)","24.8","10.0","23.8","12.3","13.6","28.1","34.3","31.4","(X)","(X)","42.9","13.7","43.7","16.2","0.0","44.7","58.6","30.7","(X)","(X)","992","75","580","82","83","55","168","72","161","69","65.5","7.0","80.2","9.0","53.0","34.9","83.9","12.3","0.0","18.2","20.2","7.8","18.1","10.6","42.2","35.0","16.1","14.0","20.5","22.9","12.9","5.7","(X)","(X)","(X)","(X)","(X)","(X)","79.5","17.6","3.3","3.6","(X)","(X)","(X)","(X)","(X)","(X)","20.5","22.9","0.0","3.2","(X)","(X)","(X)","(X)","(X)","(X)","(X)","(X)","10.1","6.3","(X)","(X)","(X)","(X)","(X)","(X)","(X)","(X)","49.1","7.9","56.2","10.7","54.2","34.9","33.9","19.2","36.6","22.4","31.4","7.4","27.4","10.5","22.9","31.5","56.5","20.4","23.6","16.7","19.6","5.4","16.4","7.2","22.9","32.2","9.5","11.0","39.8","19.5","51.2","8.4","55.9","12.6","60.2","34.8","31.5","17.0","50.3","21.0","48.8","8.4","44.1","12.6","39.8","34.8","68.5","17.0","49.7","21.0",
"1400000US06111004504","Census Tract 45.04, Ventura County, California","1201","48","552","100","148","65","345","93","156","56","4.72","0.38","4.85","0.50","6.51","1.51","5.33","0.73","1.19","0.17","1045","61","552","100","148","65","345","93","(X)","(X)","4.62","0.38","4.65","0.52","4.79","1.52","4.49","0.68","(X)","(X)","564","94","346","90","32","25","186","78","(X)","(X)","19.3","9.9","11.0","8.2","0.0","52.4","38.2","25.2","(X)","(X)","28.9","13.0","32.9","17.2","0.0","52.4","26.3","23.9","(X)","(X)","51.8","13.9","56.1","16.7","100.0","52.4","35.5","22.7","(X)","(X)","1201","48","552","100","148","65","345","93","156","56","60.0","7.4","67.9","9.9","73.6","17.5","68.7","16.0","0.0","18.7","29.4","6.5","29.9","10.5","15.5","14.9","23.8","11.4","53.2","22.3","10.9","4.4","(X)","(X)","(X)","(X)","(X)","(X)","84.0","14.1","6.9","3.6","(X)","(X)","(X)","(X)","(X)","(X)","53.2","22.3","0.7","1.0","(X)","(X)","(X)","(X)","(X)","(X)","(X)","(X)","9.8","4.7","(X)","(X)","(X)","(X)","(X)","(X)","(X)","(X)","69.0","6.3","85.7","7.9","79.1","22.4","48.4","17.0","46.2","20.1","31.0","6.3","14.3","7.9","20.9","22.4","51.6","17.0","53.8","20.1","0.0","2.7","0.0","5.7","0.0","19.6","0.0","9.0","0.0","18.7","39.2","6.2","47.8","11.3","44.6","24.1","24.9","12.0","35.3","18.1","60.8","6.2","52.2","11.3","55.4","24.1","75.1","12.0","64.7","18.1",
"1400000US06111004505","Census Tract 45.05, Ventura County, California","468","44","287","60","20","20","87","48","74","41","4.71","0.52","5.13","0.57","8.50","1.58","5.40","1.86","1.27","0.34","394","56","287","60","20","20","87","48","(X)","(X)","4.75","0.43","4.90","0.51","8.00","1.52","3.51","0.87","(X)","(X)","226","44","175","43","12","17","39","33","(X)","(X)","30.5","15.5","21.7","16.6","100.0","85.6","48.7","39.9","(X)","(X)","13.3","8.6","7.4","8.5","0.0","85.6","43.6","38.1","(X)","(X)","56.2","14.2","70.9","16.1","0.0","85.6","7.7","14.6","(X)","(X)","468","44","287","60","20","20","87","48","74","41","59.0","7.5","67.6","9.5","100.0","66.3","71.3","20.1","0.0","33.8","40.8","9.3","37.3","11.3","40.0","56.2","55.2","24.3","37.8","29.7","13.5","8.2","(X)","(X)","(X)","(X)","(X)","(X)","85.1","18.5","3.8","3.6","(X)","(X)","(X)","(X)","(X)","(X)","24.3","23.9","0.0","6.7","(X)","(X)","(X)","(X)","(X)","(X)","(X)","(X)","5.1","5.8","(X)","(X)","(X)","(X)","(X)","(X)","(X)","(X)","71.2","7.8","76.7","14.8","100.0","66.3","67.8","22.2","45.9","38.2","28.2","7.7","23.3","14.8","0.0","66.3","28.7","24.6","54.1","38.2","0.6","1.7","0.0","10.7","0.0","66.3","3.4","9.2","0.0","33.8","45.9","9.3","54.7","11.5","40.0","56.2","23.0","18.8","40.5","37.4","54.1","9.3","45.3","11.5","60.0","56.2","77.0","18.8","59.5","37.4",
"1400000US06111004506","Census Tract 45.06, Ventura County, California","1440","65","692","122","252","88","300","92","196","78","5.18","0.49","5.90","0.86","5.04","1.13","5.04","0.70","3.03","1.30","1244","98","692","122","252","88","300","92","(X)","(X)","5.19","0.53","5.74","0.79","4.34","1.13","4.65","0.68","(X)","(X)","811","101","463","103","112","59","236","85","(X)","(X)","15.5","7.8","15.1","10.2","12.5","18.9","17.8","13.8","(X)","(X)","53.0","10.0","50.5","14.5","44.6","23.0","61.9","17.4","(X)","(X)","31.4","8.8","34.3","13.1","42.9","21.0","20.3","14.8","(X)","(X)","1440","65","692","122","252","88","300","92","196","78","66.9","7.4","75.6","9.4","67.5","23.4","90.3","9.2","0.0","15.2","13.8","4.1","18.1","7.1","0.0","12.1","16.3","12.5","12.8","12.4","7.7","3.8","(X)","(X)","(X)","(X)","(X)","(X)","56.6","20.5","0.5","0.7","(X)","(X)","(X)","(X)","(X)","(X)","3.6","5.5","0.0","2.2","(X)","(X)","(X)","(X)","(X)","(X)","(X)","(X)","14.9","5.5","(X)","(X)","(X)","(X)","(X)","(X)","(X)","(X)","31.7","7.2","35.5","12.5","42.1","22.9","27.3","16.5","11.7","13.7","67.2","7.2","62.1","12.1","57.9","22.9","72.7","16.5","88.3","13.7","1.1","1.8","2.3","3.6","0.0","12.1","0.0","10.3","0.0","15.2","18.1","4.3","23.4","10.0","25.0","21.1","8.0","8.8","6.1","7.0","81.9","4.3","76.6","10.0","75.0","21.1","92.0","8.8","93.9","7.0",
"1400000US06111004600","Census Tract 46, Ventura County, California","474","58","421","58","7","10","33","20","13","15","3.49","0.21","3.53","0.23","4.00","1.04","3.48","0.46","2.08","0.41","461","56","421","58","7","10","33","20","(X)","(X)","3.47","0.20","3.49","0.22","4.00","1.04","3.06","0.44","(X)","(X)","336","51","305","53","7","10","24","18","(X)","(X)","46.1","11.8","47.2","12.8","0.0","100.0","45.8","42.2","(X)","(X)","21.7","9.7","19.7","9.7","0.0","100.0","54.2","42.2","(X)","(X)","32.1","9.9","33.1","11.0","100.0","100.0","0.0","60.5","(X)","(X)","474","58","421","58","7","10","33","20","13","15","72.8","8.0","72.4","8.4","100.0","100.0","100.0","51.6","0.0","82.3","3.0","3.0","3.3","3.4","0.0","100.0","0.0","51.6","0.0","82.3","0.0","6.6","(X)","(X)","(X)","(X)","(X)","(X)","0.0","82.3","0.0","6.6","(X)","(X)","(X)","(X)","(X)","(X)","0.0","82.3","0.0","6.6","(X)","(X)","(X)","(X)","(X)","(X)","(X)","(X)","3.2","3.4","(X)","(X)","(X)","(X)","(X)","(X)","(X)","(X)","96.4","3.7","98.1","2.7","100.0","100.0","100.0","51.6","30.8","55.0","1.9","2.8","0.0","7.4","0.0","100.0","0.0","51.6","69.2","55.0","1.7","2.4","1.9","2.7","0.0","100.0","0.0","51.6","0.0","82.3","0.8","1.5","1.0","1.6","0.0","100.0","0.0","51.6","0.0","82.3","99.2","1.5","99.0","1.6","100.0","100.0","100.0","51.6","100.0","82.2",
"1400000US06111004704","Census Tract 47.04, Ventura County, California","418","31","210","49","30","23","86","39","92","38","3.77","0.37","4.57","0.57","3.20","1.15","4.19","0.71","1.73","0.48","326","40","210","49","30","23","86","39","(X)","(X)","4.15","0.42","4.54","0.57","3.20","1.15","3.51","0.62","(X)","(X)","143","38","120","37","5","7","18","19","(X)","(X)","0.0","20.2","0.0","23.4","0.0","100.0","0.0","69.9","(X)","(X)","35.7","16.4","35.0","17.3","0.0","100.0","50.0","50.0","(X)","(X)","64.3","16.4","65.0","17.3","100.0","100.0","50.0","50.0","(X)","(X)","418","31","210","49","30","23","86","39","92","38","52.2","9.3","64.3","13.4","63.3","41.0","44.2","21.1","28.3","25.0","51.9","8.4","49.5","14.3","36.7","41.0","66.3","20.8","48.9","21.5","12.4","5.9","(X)","(X)","(X)","(X)","(X)","(X)","56.5","26.7","6.7","4.4","(X)","(X)","(X)","(X)","(X)","(X)","30.4","20.3","0.0","7.5","(X)","(X)","(X)","(X)","(X)","(X)","(X)","(X)","12.7","8.5","(X)","(X)","(X)","(X)","(X)","(X)","(X)","(X)","23.0","6.4","34.8","12.5","0.0","54.1","16.3","18.8","9.8","11.6","2.4","3.7","4.8","7.1","0.0","54.1","0.0","30.5","0.0","29.0","74.6","6.7","60.5","12.5","100.0","54.1","83.7","18.8","90.2","11.6","62.7","10.5","57.6","18.0","63.3","41.0","46.5","23.7","89.1","14.6","37.3","10.5","42.4","18.0","36.7","41.0","53.5","23.7","10.9","14.6",
"1400000US06111004710","Census Tract 47.10, Ventura County, California","1275","74","712","141","140","74","117","82","306","90","3.63","0.33","4.01","0.31","6.29","1.70","4.34","1.17","1.25","0.19","969","114","712","141","140","74","117","82","(X)","(X)","4.30","0.34","4.01","0.31","5.79","1.83","4.26","1.18","(X)","(X)","425","110","319","99","62","65","44","43","(X)","(X)","6.4","7.4","8.5","9.7","0.0","37.6","0.0","44.7","(X)","(X)","39.8","18.6","42.3","19.5","54.8","54.8","0.0","44.7","(X)","(X)","53.9","17.6","49.2","17.4","45.2","54.8","100.0","44.7","(X)","(X)","1275","74","712","141","140","74","117","82","306","90","43.4","7.2","48.7","9.8","95.7","8.4","61.5","36.9","0.0","10.1","32.7","8.0","21.5","9.0","16.4","23.1","38.5","36.9","64.1","17.6","19.5","6.4","(X)","(X)","(X)","(X)","(X)","(X)","81.0","16.3","11.1","5.6","(X)","(X)","(X)","(X)","(X)","(X)","46.1","18.4","0.0","2.5","(X)","(X)","(X)","(X)","(X)","(X)","(X)","(X)","3.9","4.3","(X)","(X)","(X)","(X)","(X)","(X)","(X)","(X)","39.8","6.8","44.7","10.6","36.4","32.8","53.8","40.5","24.5","11.5","24.6","7.7","25.3","9.7","43.6","34.3","31.6","33.5","11.8","16.5","35.6","6.9","30.1","10.1","20.0","34.7","14.5","18.6","63.7","18.1","67.2","8.2","67.7","10.3","36.4","38.9","76.1","33.4","76.8","17.8","32.8","8.2","32.3","10.3","63.6","38.9","23.9","33.4","23.2","17.8",
"1400000US06111004711","Census Tract 47.11, Ventura County, California","802","43","494","75","18","23","152","60","138","56","4.33","0.38","4.86","0.39","6.72","2.06","5.02","0.88","1.38","0.34","664","59","494","75","18","23","152","60","(X)","(X)","4.71","0.43","4.72","0.44","5.72","1.46","4.57","0.83","(X)","(X)","298","54","231","60","14","22","53","32","(X)","(X)","10.4","9.2","10.0","10.5","0.0","79.3","15.1","24.1","(X)","(X)","41.9","16.7","38.1","18.8","0.0","79.3","69.8","29.1","(X)","(X)","47.7","18.4","51.9","20.8","100.0","79.3","15.1","21.2","(X)","(X)","802","43","494","75","18","23","152","60","138","56","45.4","6.1","53.2","8.9","77.8","47.7","57.2","17.1","0.0","20.8","46.5","8.1","40.1","10.3","100.0","69.9","30.3","14.8","80.4","22.0","14.0","6.7","(X)","(X)","(X)","(X)","(X)","(X)","81.2","16.1","10.6","5.7","(X)","(X)","(X)","(X)","(X)","(X)","61.6","23.3","0.0","4.0","(X)","(X)","(X)","(X)","(X)","(X)","(X)","(X)","3.4","3.3","(X)","(X)","(X)","(X)","(X)","(X)","(X)","(X)","70.0","6.9","70.9","9.7","100.0","69.9","69.1","19.1","63.8","23.4","29.2","6.9","29.1","9.7","0.0","69.9","30.9","19.1","31.2","23.1","0.9","1.4","0.0","6.4","0.0","69.9","0.0","19.1","5.1","8.0","56.9","7.7","59.7","10.0","100.0","69.9","41.4","22.0","58.0","22.9","43.1","7.7","40.3","10.0","0.0","69.9","58.6","22.0","42.0","22.9",
"1400000US06111004715","Census Tract 47.15, Ventura County, California","1213","55","721","110","129","66","192","77","171","50","4.47","0.32","4.71","0.49","5.89","1.83","5.00","1.24","1.79","0.80","1042","66","721","110","129","66","192","77","(X)","(X)","4.76","0.35","4.57","0.46","5.89","1.83","4.74","1.22","(X)","(X)","529","78","417","97","25","26","87","55","(X)","(X)","8.3","6.6","10.6","8.2","0.0","59.3","0.0","30.2","(X)","(X)","42.2","10.9","38.8","13.2","32.0","54.6","60.9","32.3","(X)","(X)","49.5","12.5","50.6","14.6","68.0","54.6","39.1","32.3","(X)","(X)","1213","55","721","110","129","66","192","77","171","50","53.4","5.8","61.6","10.0","71.3","26.4","58.3","19.8","0.0","17.2","34.9","6.9","29.3","9.7","28.7","26.4","36.5","17.8","61.4","19.9","10.6","3.9","(X)","(X)","(X)","(X)","(X)","(X)","74.9","17.7","4.3","2.6","(X)","(X)","(X)","(X)","(X)","(X)","30.4","17.2","0.0","2.6","(X)","(X)","(X)","(X)","(X)","(X)","(X)","(X)","2.7","3.2","(X)","(X)","(X)","(X)","(X)","(X)","(X)","(X)","54.7","5.9","53.7","8.4","42.6","28.9","75.0","19.1","45.0","16.9","18.9","5.9","19.4","7.8","19.4","22.5","9.9","14.6","26.3","20.3","26.5","5.6","26.9","8.4","38.0","29.0","15.1","14.3","28.7","17.3","63.7","8.0","72.8","9.1","28.7","26.4","49.5","21.5","67.8","24.2","36.3","8.0","27.2","9.1","71.3","26.4","50.5","21.5","32.2","24.2",
"1400000US06111004716","Census Tract 47.16, Ventura County, California","918","33","589","73","139","57","114","46","76","40","4.86","0.42","5.54","0.54","3.81","0.75","5.18","1.26","1.12","0.16","842","47","589","73","139","57","114","46","(X)","(X)","4.91","0.36","5.31","0.47","3.65","0.72","4.40","0.89","(X)","(X)","445","73","355","67","29","23","61","39","(X)","(X)","17.5","10.8","22.0","13.2","0.0","55.1","0.0","38.0","(X)","(X)","27.6","12.1","26.5","13.5","24.1","29.9","36.1","32.2","(X)","(X)","54.8","14.1","51.5","16.2","75.9","29.9","63.9","32.2","(X)","(X)","918","33","589","73","139","57","114","46","76","40","62.3","6.7","75.6","7.7","41.0","19.5","61.4","20.8","0.0","33.2","37.0","7.0","33.8","8.9","38.1","26.0","57.9","22.0","28.9","20.9","7.3","4.2","(X)","(X)","(X)","(X)","(X)","(X)","88.2","13.0","2.0","1.6","(X)","(X)","(X)","(X)","(X)","(X)","23.7","18.4","0.0","3.5","(X)","(X)","(X)","(X)","(X)","(X)","(X)","(X)","3.8","2.4","(X)","(X)","(X)","(X)","(X)","(X)","(X)","(X)","65.4","6.7","76.4","9.3","40.3","25.9","56.1","22.4","39.5","24.6","13.5","5.3","10.5","8.9","19.4","16.0","10.5","15.7","30.3","28.3","21.1","5.6","13.1","4.0","40.3","25.4","33.3","20.7","30.3","27.3","68.5","7.9","69.3","11.5","84.2","17.3","44.7","20.7","69.7","28.3","31.5","7.9","30.7","11.5","15.8","17.3","55.3","20.7","30.3","28.3",
"1400000US06111004717","Census Tract 47.17, Ventura County, California","741","40","475","59","64","35","173","55","29","20","6.17","0.75","6.51","1.04","6.42","1.34","5.88","1.28","1.66","0.95","712","46","475","59","64","35","173","55","(X)","(X)","5.70","0.62","5.98","0.83","5.69","1.24","4.93","1.13","(X)","(X)","286","66","242","54","23","23","21","25","(X)","(X)","17.1","15.4","14.0","17.9","0.0","61.8","71.4","54.2","(X)","(X)","24.8","14.7","29.3","17.4","0.0","61.8","0.0","64.7","(X)","(X)","58.0","17.3","56.6","19.5","100.0","61.8","28.6","54.2","(X)","(X)","741","40","475","59","64","35","173","55","29","20","64.9","7.4","69.7","8.6","62.5","30.8","63.6","19.9","0.0","55.1","39.4","9.4","36.8","10.9","39.1","29.4","36.4","20.3","100.0","55.1","2.3","1.9","(X)","(X)","(X)","(X)","(X)","(X)","58.6","31.1","2.3","1.9","(X)","(X)","(X)","(X)","(X)","(X)","58.6","31.1","0.0","4.3","(X)","(X)","(X)","(X)","(X)","(X)","(X)","(X)","5.8","4.6","(X)","(X)","(X)","(X)","(X)","(X)","(X)","(X)","84.2","7.2","82.5","10.6","81.3","20.7","87.3","13.3","100.0","55.1","15.8","7.2","17.5","10.6","18.8","20.7","12.7","13.3","0.0","55.1","0.0","4.3","0.0","6.6","0.0","37.0","0.0","17.0","0.0","55.1","69.4","7.8","70.3","10.3","87.5","18.2","54.9","17.1","100.0","55.1","30.6","7.8","29.7","10.3","12.5","18.2","45.1","17.1","0.0","55.1",
"1400000US06111004901","Census Tract 49.01, Ventura County, California","1756","60","1088","138","87","67","316","103","265","81","4.02","0.21","4.43","0.27","3.69","1.00","4.11","0.53","2.34","0.63","1491","95","1088","138","87","67","316","103","(X)","(X)","4.17","0.25","4.30","0.27","3.40","1.01","3.94","0.53","(X)","(X)","884","104","636","116","30","29","218","78","(X)","(X)","27.0","8.9","28.3","10.2","26.7","43.3","23.4","18.9","(X)","(X)","26.7","8.3","26.1","10.2","0.0","54.1","32.1","22.2","(X)","(X)","46.3","10.4","45.6","12.0","73.3","43.3","44.5","22.1","(X)","(X)","1756","60","1088","138","87","67","316","103","265","81","56.6","5.3","65.1","6.0","50.6","37.7","69.0","12.9","9.1","10.6","16.0","3.7","18.9","5.3","13.8","22.9","11.4","10.1","10.2","7.7","7.8","3.0","(X)","(X)","(X)","(X)","(X)","(X)","51.7","16.3","0.0","1.8","(X)","(X)","(X)","(X)","(X)","(X)","0.0","11.5","0.5","0.8","(X)","(X)","(X)","(X)","(X)","(X)","(X)","(X)","3.8","2.4","(X)","(X)","(X)","(X)","(X)","(X)","(X)","(X)","69.8","5.6","76.7","6.9","93.1","11.0","62.3","19.6","42.6","17.0","30.2","5.6","23.3","6.9","6.9","11.0","37.7","19.6","57.4","17.0","0.0","1.8","0.0","2.9","0.0","30.2","0.0","9.8","0.0","11.5","51.7","5.4","59.2","7.3","57.5","40.4","46.8","21.2","24.9","12.6","48.3","5.4","40.8","7.3","42.5","40.4","53.2","21.2","75.1","12.6",
"1400000US06111004902","Census Tract 49.02, Ventura County, California","1109","82","631","126","97","72","215","78","166","70","4.64","0.54","4.81","0.84","5.91","2.23","6.00","1.08","1.52","0.33","943","97","631","126","97","72","215","78","(X)","(X)","4.69","0.44","4.45","0.53","4.36","0.78","5.56","0.93","(X)","(X)","479","98","360","111","40","52","79","60","(X)","(X)","13.6","9.4","15.6","11.3","0.0","46.9","11.4","18.7","(X)","(X)","21.5","16.1","12.8","14.2","0.0","46.9","72.2","29.7","(X)","(X)","64.9","15.9","71.7","16.6","100.0","46.9","16.5","21.2","(X)","(X)","1109","82","631","126","97","72","215","78","166","70","52.4","7.7","62.8","12.5","54.6","31.9","57.7","20.7","4.8","8.3","39.4","6.2","35.0","11.2","53.6","37.5","27.4","17.4","63.3","31.6","8.7","4.3","(X)","(X)","(X)","(X)","(X)","(X)","58.4","30.2","6.9","3.7","(X)","(X)","(X)","(X)","(X)","(X)","46.4","27.8","0.0","2.9","(X)","(X)","(X)","(X)","(X)","(X)","(X)","(X)","8.5","6.0","(X)","(X)","(X)","(X)","(X)","(X)","(X)","(X)","54.9","8.6","55.0","15.0","100.0","27.8","63.7","21.2","16.9","18.8","45.1","8.6","45.0","15.0","0.0","27.8","36.3","21.2","83.1","18.8","0.0","2.9","0.0","5.0","0.0","27.8","0.0","14.0","0.0","17.7","40.4","7.9","39.6","13.3","69.1","38.9","47.9","21.9","16.9","18.8","59.6","7.9","60.4","13.3","30.9","38.9","52.1","21.9","83.1","18.8",
"1400000US06111005002","Census Tract 50.02, Ventura County, California","704","51","326","69","96","52","150","52","132","56","3.96","0.42","4.42","0.49","4.81","1.38","4.83","0.84","1.20","0.20","572","64","326","69","96","52","150","52","(X)","(X)","4.27","0.42","4.27","0.48","4.17","1.38","4.32","0.81","(X)","(X)","397","63","236","61","52","41","109","43","(X)","(X)","35.3","13.7","39.0","18.9","38.5","39.1","25.7","24.4","(X)","(X)","14.1","9.2","10.6","10.3","0.0","41.1","28.4","23.4","(X)","(X)","50.6","14.2","50.4","19.4","61.5","39.1","45.9","26.6","(X)","(X)","704","51","326","69","96","52","150","52","132","56","62.5","7.7","74.5","9.9","76.0","21.2","82.7","14.7","0.0","21.6","21.2","6.8","19.6","8.9","4.2","7.6","23.3","16.6","34.8","22.5","15.2","6.2","(X)","(X)","(X)","(X)","(X)","(X)","81.1","18.7","5.3","4.0","(X)","(X)","(X)","(X)","(X)","(X)","28.0","21.9","0.0","4.5","(X)","(X)","(X)","(X)","(X)","(X)","(X)","(X)","13.5","6.6","(X)","(X)","(X)","(X)","(X)","(X)","(X)","(X)","63.6","9.9","69.6","13.5","57.3","27.6","63.3","21.0","53.8","23.1","12.4","6.5","12.6","10.4","29.2","25.5","6.7","7.4","6.1","9.7","24.0","6.8","17.8","9.0","13.5","17.0","30.0","20.9","40.2","22.7","35.8","8.2","50.9","12.2","15.6","19.8","21.3","16.4","29.5","20.1","64.2","8.2","49.1","12.2","84.4","19.8","78.7","16.4","70.5","20.1",
"1400000US06111005003","Census Tract 50.03, Ventura County, California","1838","96","1152","143","117","77","261","86","308","101","4.23","0.33","4.66","0.47","4.65","1.37","5.40","1.08","1.46","0.51","1530","129","1152","143","117","77","261","86","(X)","(X)","4.42","0.31","4.36","0.40","4.16","1.14","4.79","0.86","(X)","(X)","806","129","604","144","83","70","119","60","(X)","(X)","9.7","6.7","8.6","7.6","0.0","31.3","21.8","28.5","(X)","(X)","25.8","11.7","20.2","12.2","16.9","29.9","60.5","33.0","(X)","(X)","64.5","12.2","71.2","13.2","83.1","29.9","17.6","19.3","(X)","(X)","1838","96","1152","143","117","77","261","86","308","101","51.5","5.9","58.5","9.0","82.9","20.0","67.0","16.8","0.0","10.0","33.4","6.4","28.8","8.1","9.4","14.5","29.5","16.7","63.0","18.7","14.0","5.3","(X)","(X)","(X)","(X)","(X)","(X)","83.8","14.3","8.0","4.5","(X)","(X)","(X)","(X)","(X)","(X)","47.7","20.6","0.4","0.7","(X)","(X)","(X)","(X)","(X)","(X)","(X)","(X)","5.0","3.6","(X)","(X)","(X)","(X)","(X)","(X)","(X)","(X)","74.8","6.9","72.7","7.7","68.4","27.4","80.1","21.8","80.8","16.7","10.5","4.9","9.6","5.6","19.7","21.1","0.0","11.7","19.2","16.7","14.7","4.9","17.7","5.7","12.0","19.6","19.9","21.8","0.0","10.0","58.9","8.4","63.0","9.5","21.4","28.1","47.9","18.1","67.2","18.3","41.1","8.4","37.0","9.5","78.6","28.1","52.1","18.1","32.8","18.3",
"1400000US06111005004","Census Tract 50.04, Ventura County, California","2131","112","1027","132","126","94","448","143","530","126","3.21","0.27","3.76","0.33","2.90","0.69","3.75","0.64","1.74","0.29","1601","141","1027","132","126","94","448","143","(X)","(X)","3.55","0.26","3.71","0.33","2.66","0.44","3.44","0.60","(X)","(X)","943","148","604","114","52","58","287","131","(X)","(X)","27.3","10.1","30.0","11.9","0.0","41.1","26.5","23.2","(X)","(X)","16.5","7.3","22.0","9.4","0.0","41.1","8.0","9.9","(X)","(X)","56.2","12.4","48.0","14.1","100.0","41.1","65.5","24.6","(X)","(X)","2131","112","1027","132","126","94","448","143","530","126","47.6","7.0","59.9","8.5","63.5","39.8","69.2","18.9","1.7","2.5","12.0","4.1","15.9","5.5","31.0","39.9","0.0","7.0","10.2","8.3","14.7","4.9","(X)","(X)","(X)","(X)","(X)","(X)","59.2","15.0","0.9","1.1","(X)","(X)","(X)","(X)","(X)","(X)","3.6","4.2","0.7","1.1","(X)","(X)","(X)","(X)","(X)","(X)","(X)","(X)","11.1","5.0","(X)","(X)","(X)","(X)","(X)","(X)","(X)","(X)","48.0","4.9","64.5","8.2","5.6","14.3","26.3","13.1","44.5","12.9","52.0","4.9","35.5","8.2","94.4","14.3","73.7","13.1","55.5","12.9","0.0","1.5","0.0","3.1","0.0","22.5","0.0","7.0","0.0","5.9","43.1","5.5","58.1","8.1","5.6","14.3","22.1","14.5","40.8","12.9","56.9","5.5","41.9","8.1","94.4","14.3","77.9","14.5","59.2","12.9",
"1400000US06111005100","Census Tract 51, Ventura County, California","1070","60","694","75","101","64","63","38","212","66","3.08","0.23","3.30","0.33","4.25","0.96","4.51","1.25","1.36","0.23","858","71","694","75","101","64","63","38","(X)","(X)","3.43","0.25","3.27","0.33","4.25","0.96","4.00","0.99","(X)","(X)","255","51","189","56","50","45","16","18","(X)","(X)","12.9","10.6","17.5","13.0","0.0","41.9","0.0","74.1","(X)","(X)","8.6","8.4","11.6","10.8","0.0","41.9","0.0","74.1","(X)","(X)","78.4","13.6","70.9","16.1","100.0","41.9","100.0","74.1","(X)","(X)","1070","60","694","75","101","64","63","38","212","66","26.4","4.7","28.4","7.3","49.5","29.8","57.1","24.3","0.0","14.2","59.8","5.8","56.6","7.5","50.5","29.8","74.6","24.3","70.3","15.0","15.7","5.3","(X)","(X)","(X)","(X)","(X)","(X)","79.2","11.2","9.3","4.0","(X)","(X)","(X)","(X)","(X)","(X)","46.7","15.4","0.7","0.9","(X)","(X)","(X)","(X)","(X)","(X)","(X)","(X)","0.6","0.8","(X)","(X)","(X)","(X)","(X)","(X)","(X)","(X)","90.2","4.0","88.5","5.6","100.0","26.9","93.7","11.9","90.1","8.4","2.5","1.8","2.4","2.2","0.0","26.9","6.3","11.9","2.8","4.0","7.3","3.5","9.1","4.8","0.0","26.9","0.0","37.3","7.1","7.7","67.8","5.5","73.3","6.2","44.6","28.0","81.0","20.8","56.6","16.8","32.2","5.5","26.7","6.2","55.4","28.0","19.0","20.8","43.4","16.8",
"1400000US06111005202","Census Tract 52.02, Ventura County, California","1180","33","552","83","13","17","146","50","469","81","2.64","0.23","3.29","0.33","3.77","1.93","4.41","1.00","1.29","0.18","711","79","552","83","13","17","146","50","(X)","(X)","3.46","0.31","3.26","0.30","3.77","1.93","4.20","1.03","(X)","(X)","270","60","197","56","5","8","68","42","(X)","(X)","22.2","13.0","30.5","18.4","0.0","100.0","0.0","35.7","(X)","(X)","23.0","12.0","19.8","14.2","0.0","100.0","33.8","29.6","(X)","(X)","54.8","16.3","49.7","22.7","100.0","100.0","66.2","29.6","(X)","(X)","1180","33","552","83","13","17","146","50","469","81","27.7","6.4","46.0","10.4","38.5","44.1","46.6","25.6","0.0","6.7","47.9","6.5","46.4","9.6","0.0","82.3","37.7","19.6","54.2","12.3","32.9","6.7","(X)","(X)","(X)","(X)","(X)","(X)","82.7","8.7","15.8","4.4","(X)","(X)","(X)","(X)","(X)","(X)","39.7","10.3","0.0","2.7","(X)","(X)","(X)","(X)","(X)","(X)","(X)","(X)","5.6","3.7","(X)","(X)","(X)","(X)","(X)","(X)","(X)","(X)","82.5","4.6","91.8","4.5","100.0","82.2","78.1","19.5","72.5","9.5","16.2","4.4","5.4","3.6","0.0","82.3","21.9","19.5","27.5","9.5","1.3","2.0","2.7","4.2","0.0","82.3","0.0","19.8","0.0","6.7","66.7","7.9","76.1","11.8","0.0","82.3","75.3","20.2","54.8","13.5","33.3","7.9","23.9","11.8","100.0","82.2","24.7","20.2","45.2","13.5",
"1400000US06111005203","Census Tract 52.03, Ventura County, California","1870","84","1177","105","136","68","155","71","402","105","2.94","0.15","3.34","0.22","3.72","0.90","2.83","0.28","1.53","0.31","1468","106","1177","105","136","68","155","71","(X)","(X)","3.23","0.17","3.27","0.21","3.55","0.74","2.63","0.28","(X)","(X)","477","88","360","80","58","44","59","51","(X)","(X)","11.7","6.2","14.2","8.1","0.0","38.9","8.5","16.1","(X)","(X)","24.9","12.2","22.5","12.7","65.5","37.0","0.0","38.6","(X)","(X)","63.3","13.4","63.3","14.8","34.5","37.0","91.5","16.1","(X)","(X)","1870","84","1177","105","136","68","155","71","402","105","28.4","4.9","32.9","6.1","42.6","26.5","42.6","23.3","5.2","8.5","51.4","5.0","56.6","6.7","33.1","25.9","52.9","22.5","42.0","14.3","15.5","4.4","(X)","(X)","(X)","(X)","(X)","(X)","71.9","12.9","8.6","3.2","(X)","(X)","(X)","(X)","(X)","(X)","40.0","14.2","0.0","1.7","(X)","(X)","(X)","(X)","(X)","(X)","(X)","(X)","4.2","2.7","(X)","(X)","(X)","(X)","(X)","(X)","(X)","(X)","98.0","1.8","98.6","1.7","100.0","21.1","100.0","18.8","94.8","6.4","2.0","1.8","1.4","1.7","0.0","21.1","0.0","18.8","5.2","6.4","0.0","1.7","0.0","2.7","0.0","21.1","0.0","18.8","0.0","7.8","70.6","6.2","82.1","6.8","39.0","25.9","66.5","24.5","49.3","15.1","29.4","6.2","17.9","6.8","61.0","25.9","33.5","24.5","50.7","15.1",
"1400000US06111005204","Census Tract 52.04, Ventura County, California","1277","37","933","87","47","38","31","25","266","70","2.75","0.17","3.05","0.21","3.26","0.75","3.65","1.32","1.50","0.30","1011","82","933","87","47","38","31","25","(X)","(X)","3.03","0.20","3.05","0.22","2.62","0.56","3.10","0.97","(X)","(X)","332","72","269","79","47","38","16","16","(X)","(X)","17.2","10.6","17.1","12.3","0.0","43.3","68.8","51.5","(X)","(X)","9.3","8.3","11.5","9.9","0.0","43.3","0.0","74.1","(X)","(X)","73.5","12.7","71.4","14.3","100.0","43.3","31.3","51.5","(X)","(X)","1277","37","933","87","47","38","31","25","266","70","27.4","5.5","30.0","7.6","100.0","43.3","51.6","39.7","2.6","3.9","56.1","6.4","57.1","8.1","0.0","43.3","25.8","37.1","66.2","16.6","15.0","5.2","(X)","(X)","(X)","(X)","(X)","(X)","71.8","14.7","7.9","3.8","(X)","(X)","(X)","(X)","(X)","(X)","38.0","16.7","0.4","0.6","(X)","(X)","(X)","(X)","(X)","(X)","(X)","(X)","6.1","3.6","(X)","(X)","(X)","(X)","(X)","(X)","(X)","(X)","98.8","1.9","100.0","3.4","100.0","43.3","100.0","53.3","94.4","8.9","1.2","1.9","0.0","3.4","0.0","43.3","0.0","53.3","5.6","8.9","0.0","2.5","0.0","3.4","0.0","43.3","0.0","53.3","0.0","11.5","93.8","3.1","94.9","3.3","100.0","43.3","48.4","39.7","94.4","8.9","6.2","3.1","5.1","3.3","0.0","43.3","51.6","39.7","5.6","8.9",
"1400000US06111005205","Census Tract 52.05, Ventura County, California","2260","77","1245","153","86","62","324","142","605","139","2.56","0.22","2.74","0.16","2.74","0.34","4.19","0.83","1.30","0.20","1655","132","1245","153","86","62","324","142","(X)","(X)","2.92","0.19","2.73","0.16","2.48","0.31","3.81","0.60","(X)","(X)","537","133","345","85","34","38","158","140","(X)","(X)","30.0","17.5","45.2","20.0","14.7","29.2","0.0","18.5","(X)","(X)","1.7","2.9","2.6","4.6","0.0","50.9","0.0","18.5","(X)","(X)","68.3","17.6","52.2","19.6","85.3","29.2","100.0","18.5","(X)","(X)","2260","77","1245","153","86","62","324","142","605","139","25.0","5.7","28.7","5.5","39.5","32.2","53.4","27.0","0.0","5.2","48.9","4.8","52.4","7.1","9.3","18.3","43.2","25.0","50.4","14.7","21.1","6.6","(X)","(X)","(X)","(X)","(X)","(X)","78.8","14.5","8.8","3.8","(X)","(X)","(X)","(X)","(X)","(X)","32.9","13.2","0.2","0.3","(X)","(X)","(X)","(X)","(X)","(X)","(X)","(X)","3.9","2.4","(X)","(X)","(X)","(X)","(X)","(X)","(X)","(X)","83.2","4.4","89.2","7.1","87.2","24.1","83.6","15.9","70.1","14.9","12.3","4.2","5.1","5.0","12.8","24.1","14.2","16.1","26.1","14.4","4.5","1.8","5.7","4.3","0.0","30.5","2.2","4.0","3.8","4.3","74.2","6.9","84.1","8.2","55.8","37.3","54.6","26.1","66.9","14.3","25.8","6.9","15.9","8.2","44.2","37.3","45.4","26.1","33.1","14.3",
"1400000US06111005303","Census Tract 53.03, Ventura County, California","3279","114","1940","203","203","118","187","90","949","214","2.86","0.16","3.55","0.18","3.44","1.09","2.80","0.57","1.33","0.15","2330","185","1940","203","203","118","187","90","(X)","(X)","3.42","0.16","3.54","0.18","3.12","0.74","2.58","0.57","(X)","(X)","1181","150","1015","159","86","57","80","59","(X)","(X)","21.3","8.0","24.8","8.5","0.0","30.5","0.0","32.1","(X)","(X)","11.9","6.2","10.2","6.4","43.0","52.3","0.0","32.1","(X)","(X)","66.7","8.0","64.9","8.8","57.0","52.3","100.0","32.1","(X)","(X)","3279","114","1940","203","203","118","187","90","949","214","38.7","4.7","54.3","6.4","52.7","34.9","50.3","25.3","1.5","2.3","35.3","4.6","29.7","6.1","24.6","33.2","36.9","20.6","48.5","12.0","23.1","5.3","(X)","(X)","(X)","(X)","(X)","(X)","79.8","10.4","8.2","3.4","(X)","(X)","(X)","(X)","(X)","(X)","28.5","11.5","0.0","1.0","(X)","(X)","(X)","(X)","(X)","(X)","(X)","(X)","3.5","2.5","(X)","(X)","(X)","(X)","(X)","(X)","(X)","(X)","84.0","2.9","87.3","4.2","92.6","12.4","71.7","22.8","77.9","8.5","10.3","2.2","10.6","3.8","7.4","12.4","21.4","21.4","8.1","4.5","5.7","1.7","2.1","1.7","0.0","14.8","7.0","11.1","14.0","7.2","74.3","4.4","76.8","5.2","61.6","35.8","71.1","22.3","72.5","11.6","25.7","4.4","23.2","5.2","38.4","35.8","28.9","22.3","27.5","11.6",
"1400000US06111005304","Census Tract 53.04, Ventura County, California","2773","168","935","172","42","49","150","75","1646","223","1.77","0.11","2.64","0.30","2.62","0.57","2.82","0.43","1.15","0.13","1127","181","935","172","42","49","150","75","(X)","(X)","2.62","0.24","2.61","0.28","2.62","0.57","2.68","0.42","(X)","(X)","179","87","135","75","23","40","21","32","(X)","(X)","48.6","31.5","48.9","37.2","0.0","61.8","100.0","64.7","(X)","(X)","0.0","16.5","0.0","21.2","0.0","61.8","0.0","64.7","(X)","(X)","51.4","31.5","51.1","37.2","100.0","61.8","0.0","64.7","(X)","(X)","2773","168","935","172","42","49","150","75","1646","223","8.3","2.6","18.6","7.4","54.8","54.8","22.0","23.9","0.0","2.0","79.3","4.4","77.0","8.4","45.2","54.8","78.0","23.9","81.5","7.9","53.9","6.4","(X)","(X)","(X)","(X)","(X)","(X)","90.9","5.8","45.5","5.9","(X)","(X)","(X)","(X)","(X)","(X)","76.7","7.7","0.0","1.2","(X)","(X)","(X)","(X)","(X)","(X)","(X)","(X)","3.4","2.9","(X)","(X)","(X)","(X)","(X)","(X)","(X)","(X)","87.1","5.9","91.1","8.7","100.0","45.8","100.0","19.3","83.4","7.2","12.9","5.9","8.9","8.7","0.0","45.8","0.0","19.3","16.6","7.2","0.0","1.2","0.0","3.4","0.0","45.8","0.0","19.3","0.0","2.0","74.9","6.1","78.3","10.5","100.0","45.8","69.3","22.1","72.8","8.0","25.1","6.1","21.7","10.5","0.0","45.8","30.7","22.1","27.2","8.0",
"1400000US06111005305","Census Tract 53.05, Ventura County, California","1844","74","1528","117","83","60","82","48","151","66","3.13","0.16","3.25","0.16","3.82","0.89","3.32","0.66","1.42","0.32","1693","91","1528","117","83","60","82","48","(X)","(X)","3.16","0.13","3.19","0.14","2.52","0.39","3.32","0.66","(X)","(X)","586","90","543","93","24","25","19","23","(X)","(X)","11.8","9.1","12.7","9.7","0.0","60.5","0.0","68.0","(X)","(X)","13.8","7.4","14.9","8.0","0.0","60.5","0.0","68.0","(X)","(X)","74.4","10.4","72.4","10.9","100.0","60.5","100.0","68.0","(X)","(X)","1844","74","1528","117","83","60","82","48","151","66","35.2","3.8","37.0","4.9","61.4","31.2","23.2","25.9","8.6","12.6","40.9","4.8","39.0","5.5","21.7","24.5","23.2","26.5","80.1","15.0","5.9","3.0","(X)","(X)","(X)","(X)","(X)","(X)","72.2","18.5","4.4","2.4","(X)","(X)","(X)","(X)","(X)","(X)","54.3","18.1","0.0","1.7","(X)","(X)","(X)","(X)","(X)","(X)","(X)","(X)","2.8","2.5","(X)","(X)","(X)","(X)","(X)","(X)","(X)","(X)","99.6","0.6","99.5","0.7","100.0","31.3","100.0","31.5","100.0","19.2","0.0","1.7","0.0","2.1","0.0","31.3","0.0","31.5","0.0","19.2","0.4","0.6","0.5","0.7","0.0","31.3","0.0","31.5","0.0","19.2","97.2","2.6","99.0","1.2","67.5","38.5","100.0","31.5","94.0","8.5","2.8","2.6","1.0","1.2","32.5","38.5","0.0","31.5","6.0","8.5",
"1400000US06111005306","Census Tract 53.06, Ventura County, California","1636","78","1105","117","74","50","161","66","296","74","3.03","0.15","3.47","0.18","3.04","0.34","2.96","0.36","1.41","0.44","1340","93","1105","117","74","50","161","66","(X)","(X)","3.30","0.16","3.42","0.17","2.69","0.30","2.75","0.28","(X)","(X)","562","84","509","91","45","43","8","13","(X)","(X)","6.8","5.1","7.5","5.5","0.0","44.2","0.0","100.0","(X)","(X)","26.2","10.5","28.9","11.5","0.0","44.2","0.0","100.0","(X)","(X)","67.1","11.1","63.7","11.9","100.0","44.2","100.0","100.0","(X)","(X)","1636","78","1105","117","74","50","161","66","296","74","37.7","4.8","46.8","6.1","60.8","31.3","34.2","23.8","0.0","10.4","37.3","4.5","35.8","5.7","5.4","9.0","29.2","17.8","55.4","14.8","15.0","3.8","(X)","(X)","(X)","(X)","(X)","(X)","82.8","13.7","9.4","3.3","(X)","(X)","(X)","(X)","(X)","(X)","52.0","15.6","0.9","1.2","(X)","(X)","(X)","(X)","(X)","(X)","(X)","(X)","2.8","1.9","(X)","(X)","(X)","(X)","(X)","(X)","(X)","(X)","95.7","2.9","98.4","1.8","100.0","33.8","80.1","23.7","92.9","7.1","4.3","2.9","1.6","1.8","0.0","33.8","19.9","23.7","7.1","7.1","0.0","2.0","0.0","2.9","0.0","33.8","0.0","18.2","0.0","10.4","83.7","5.4","87.1","5.5","67.6","35.7","69.6","22.3","82.4","13.8","16.3","5.4","12.9","5.5","32.4","35.7","30.4","22.3","17.6","13.8",
"1400000US06111005401","Census Tract 54.01, Ventura County, California","1323","39","965","99","75","52","110","62","173","63","3.22","0.29","3.45","0.37","3.08","0.78","3.65","0.52","1.77","0.32","1150","76","965","99","75","52","110","62","(X)","(X)","3.40","0.32","3.44","0.37","2.85","0.73","3.45","0.47","(X)","(X)","363","57","323","61","9","13","31","31","(X)","(X)","12.1","11.3","13.6","12.6","0.0","98.9","0.0","53.3","(X)","(X)","24.5","11.5","22.6","12.3","100.0","98.9","22.6","38.6","(X)","(X)","63.4","14.4","63.8","15.7","0.0","98.9","77.4","38.6","(X)","(X)","1323","39","965","99","75","52","110","62","173","63","36.2","6.0","40.0","6.7","12.0","17.8","67.3","24.8","5.8","9.0","54.0","5.5","51.7","6.9","38.7","40.6","71.8","25.3","61.8","17.4","6.8","3.5","(X)","(X)","(X)","(X)","(X)","(X)","52.0","16.4","3.9","3.1","(X)","(X)","(X)","(X)","(X)","(X)","30.1","19.3","0.7","1.1","(X)","(X)","(X)","(X)","(X)","(X)","(X)","(X)","5.1","3.0","(X)","(X)","(X)","(X)","(X)","(X)","(X)","(X)","96.3","2.1","97.3","1.7","100.0","33.5","93.6","11.3","90.8","11.7","3.7","2.1","2.7","1.7","0.0","33.5","6.4","11.3","9.2","11.7","0.0","2.4","0.0","3.3","0.0","33.5","0.0","25.2","0.0","17.0","83.4","5.0","87.0","6.0","80.0","24.4","50.0","31.3","86.1","12.6","16.6","5.0","13.0","6.0","20.0","24.4","50.0","31.3","13.9","12.6",
"1400000US06111005403","Census Tract 54.03, Ventura County, California","963","41","392","58","27","26","113","47","431","58","2.61","0.23","3.77","0.43","6.48","2.25","3.12","0.41","1.18","0.16","532","60","392","58","27","26","113","47","(X)","(X)","3.63","0.40","3.76","0.43","5.15","1.64","2.80","0.38","(X)","(X)","233","43","168","46","12","15","53","25","(X)","(X)","21.5","12.1","15.5","12.2","41.7","50.9","35.8","27.6","(X)","(X)","20.6","12.0","26.8","15.4","0.0","85.6","5.7","10.5","(X)","(X)","57.9","15.5","57.7","19.0","58.3","50.9","58.5","27.0","(X)","(X)","963","41","392","58","27","26","113","47","431","58","28.2","5.3","45.9","10.9","100.0","57.1","52.2","23.5","1.4","2.0","45.1","6.0","31.4","9.1","0.0","57.1","23.0","22.2","66.1","10.7","40.7","6.4","(X)","(X)","(X)","(X)","(X)","(X)","91.0","6.3","26.0","4.6","(X)","(X)","(X)","(X)","(X)","(X)","58.0","9.8","0.0","3.3","(X)","(X)","(X)","(X)","(X)","(X)","(X)","(X)","4.7","3.7","(X)","(X)","(X)","(X)","(X)","(X)","(X)","(X)","64.1","5.4","87.0","7.1","81.5","34.0","69.9","23.2","40.6","10.7","35.4","5.5","11.7","6.9","18.5","34.0","30.1","23.2","59.4","10.7","0.5","1.0","1.3","2.3","0.0","57.1","0.0","24.6","0.0","7.3","38.1","7.7","63.5","12.0","25.9","38.9","36.3","19.0","16.2","9.4","61.9","7.7","36.5","12.0","74.1","38.9","63.7","19.0","83.8","9.4",
"1400000US06111005404","Census Tract 54.04, Ventura County, California","1173","58","766","93","67","43","132","67","208","64","3.25","0.20","3.62","0.24","3.63","0.91","3.45","0.88","1.64","0.43","965","75","766","93","67","43","132","67","(X)","(X)","3.48","0.25","3.55","0.23","3.09","0.62","3.23","0.78","(X)","(X)","360","63","265","67","33","37","62","45","(X)","(X)","5.8","4.9","7.9","6.9","0.0","51.6","0.0","37.6","(X)","(X)","27.8","12.9","20.4","13.8","27.3","49.4","59.7","41.6","(X)","(X)","66.4","13.6","71.7","15.3","72.7","49.4","40.3","41.6","(X)","(X)","1173","58","766","93","67","43","132","67","208","64","33.7","5.7","39.2","8.1","49.3","38.0","47.0","25.0","0.0","14.4","37.5","5.4","37.6","7.7","22.4","25.2","28.8","17.4","47.6","17.7","11.9","3.5","(X)","(X)","(X)","(X)","(X)","(X)","67.3","18.6","6.1","3.0","(X)","(X)","(X)","(X)","(X)","(X)","34.1","16.4","0.0","2.7","(X)","(X)","(X)","(X)","(X)","(X)","(X)","(X)","5.7","5.1","(X)","(X)","(X)","(X)","(X)","(X)","(X)","(X)","100.0","2.7","100.0","4.2","100.0","36.0","100.0","21.6","100.0","14.4","0.0","2.7","0.0","4.2","0.0","36.0","0.0","21.6","0.0","14.4","0.0","2.7","0.0","4.2","0.0","36.0","0.0","21.6","0.0","14.4","83.4","5.0","89.6","5.2","71.6","34.2","58.3","25.7","80.3","15.8","16.6","5.0","10.4","5.2","28.4","34.2","41.7","25.7","19.7","15.8",
"1400000US06111005502","Census Tract 55.02, Ventura County, California","2053","122","587","170","123","76","444","160","899","176","2.68","0.28","3.61","0.58","3.55","0.49","3.60","0.77","1.51","0.18","1154","157","587","170","123","76","444","160","(X)","(X)","3.41","0.38","3.55","0.56","2.98","0.76","3.34","0.72","(X)","(X)","773","154","321","122","85","74","367","142","(X)","(X)","25.9","13.2","33.6","22.5","48.2","44.7","13.9","15.7","(X)","(X)","25.9","13.3","29.9","17.7","0.0","30.7","28.3","21.5","(X)","(X)","48.3","12.9","36.4","17.4","51.8","44.7","57.8","20.5","(X)","(X)","2053","122","587","170","123","76","444","160","899","176","40.1","8.2","56.7","14.5","69.1","46.5","91.2","9.2","0.0","3.5","17.8","5.1","18.9","11.1","0.0","22.9","6.5","7.6","25.1","8.3","25.8","7.8","(X)","(X)","(X)","(X)","(X)","(X)","59.0","14.9","6.7","3.6","(X)","(X)","(X)","(X)","(X)","(X)","15.4","7.9","0.0","1.6","(X)","(X)","(X)","(X)","(X)","(X)","(X)","(X)","11.4","5.5","(X)","(X)","(X)","(X)","(X)","(X)","(X)","(X)","34.4","5.7","57.4","14.1","0.0","22.9","32.9","15.7","24.9","9.3","65.6","5.7","42.6","14.1","100.0","22.9","67.1","15.7","75.1","9.3","0.0","1.6","0.0","5.4","0.0","22.9","0.0","7.1","0.0","3.5","21.7","4.9","32.4","12.9","0.0","22.9","18.0","11.0","19.5","7.1","78.3","4.9","67.6","12.9","100.0","22.9","82.0","11.0","80.5","7.1",
"1400000US06111005503","Census Tract 55.03, Ventura County, California","1281","85","838","91","41","32","111","55","291","81","3.10","0.20","3.71","0.27","3.93","1.22","3.19","0.46","1.20","0.16","990","85","838","91","41","32","111","55","(X)","(X)","3.58","0.23","3.67","0.27","3.27","1.05","2.98","0.43","(X)","(X)","499","77","411","77","41","32","47","45","(X)","(X)","40.7","13.7","40.1","15.3","0.0","46.3","80.9","37.8","(X)","(X)","23.8","10.9","24.8","12.7","41.5","35.9","0.0","43.3","(X)","(X)","35.5","11.2","35.0","12.4","58.5","35.9","19.1","37.8","(X)","(X)","1281","85","838","91","41","32","111","55","291","81","45.4","6.2","58.1","8.7","100.0","46.3","48.6","28.1","0.0","10.6","45.2","6.5","33.9","8.8","0.0","46.3","42.3","25.6","85.2","10.6","19.6","5.1","(X)","(X)","(X)","(X)","(X)","(X)","86.3","10.0","18.3","5.1","(X)","(X)","(X)","(X)","(X)","(X)","80.8","11.7","0.0","2.5","(X)","(X)","(X)","(X)","(X)","(X)","(X)","(X)","4.4","2.8","(X)","(X)","(X)","(X)","(X)","(X)","(X)","(X)","83.6","5.4","97.4","3.1","82.9","31.4","70.3","31.4","49.1","14.9","16.4","5.4","2.6","3.1","17.1","31.4","29.7","31.4","50.9","14.9","0.0","2.5","0.0","3.8","0.0","46.3","0.0","25.0","0.0","10.6","58.1","6.0","64.8","7.9","58.5","35.9","62.2","32.6","37.1","11.9","41.9","6.0","35.2","7.9","41.5","35.9","37.8","32.6","62.9","11.9",
"1400000US06111005504","Census Tract 55.04, Ventura County, California","1569","38","950","112","36","28","158","77","425","80","2.80","0.19","3.31","0.24","3.11","0.43","4.07","0.52","1.16","0.17","1144","84","950","112","36","28","158","77","(X)","(X)","3.35","0.20","3.29","0.23","3.11","0.43","3.78","0.42","(X)","(X)","438","76","322","97","24","27","92","58","(X)","(X)","11.9","8.5","16.1","11.3","0.0","60.5","0.0","29.0","(X)","(X)","24.9","15.9","26.1","18.1","0.0","60.5","27.2","33.5","(X)","(X)","63.2","16.1","57.8","18.4","100.0","60.5","72.8","33.5","(X)","(X)","1569","38","950","112","36","28","158","77","425","80","31.6","4.4","38.1","8.0","66.7","43.8","69.6","21.9","0.0","7.4","46.7","6.2","40.6","9.2","33.3","43.8","41.8","23.2","63.3","13.4","24.8","5.2","(X)","(X)","(X)","(X)","(X)","(X)","91.5","7.4","14.1","4.2","(X)","(X)","(X)","(X)","(X)","(X)","52.2","11.6","0.0","2.0","(X)","(X)","(X)","(X)","(X)","(X)","(X)","(X)","3.8","3.4","(X)","(X)","(X)","(X)","(X)","(X)","(X)","(X)","86.1","3.9","92.9","4.1","100.0","49.4","100.0","18.5","64.5","12.5","12.9","3.8","7.1","4.1","0.0","49.4","0.0","18.5","31.8","12.2","1.0","1.6","0.0","3.4","0.0","49.4","0.0","18.5","3.8","5.8","73.9","5.3","76.2","8.2","86.1","25.9","74.7","29.1","67.5","12.0","26.1","5.3","23.8","8.2","13.9","25.9","25.3","29.1","32.5","12.0",
"1400000US06111005600","Census Tract 56, Ventura County, California","3699","154","1965","202","126","83","372","143","1236","239","2.46","0.18","3.16","0.22","2.55","0.35","2.71","0.36","1.25","0.16","2463","217","1965","202","126","83","372","143","(X)","(X)","2.97","0.20","3.10","0.22","2.30","0.29","2.48","0.32","(X)","(X)","1065","205","838","181","47","45","180","113","(X)","(X)","34.6","12.8","31.4","13.3","74.5","40.3","38.9","30.8","(X)","(X)","16.6","9.2","21.1","11.2","0.0","43.3","0.0","16.5","(X)","(X)","48.8","11.3","47.5","12.4","25.5","40.3","61.1","30.8","(X)","(X)","3699","154","1965","202","126","83","372","143","1236","239","31.6","6.2","44.3","7.4","64.3","29.7","48.4","20.8","3.0","3.9","36.2","3.9","28.4","4.8","62.7","31.4","33.3","17.1","46.8","10.7","29.1","5.9","(X)","(X)","(X)","(X)","(X)","(X)","87.1","6.4","9.8","3.1","(X)","(X)","(X)","(X)","(X)","(X)","29.3","8.7","0.3","0.4","(X)","(X)","(X)","(X)","(X)","(X)","(X)","(X)","3.2","2.5","(X)","(X)","(X)","(X)","(X)","(X)","(X)","(X)","66.3","4.5","82.3","6.1","51.6","33.1","45.7","19.9","48.4","10.9","17.4","3.8","8.8","4.9","0.0","22.5","30.9","18.0","28.6","10.6","16.4","3.2","8.9","3.8","48.4","33.1","23.4","18.5","23.0","7.2","72.9","4.5","78.9","6.5","77.0","25.5","64.2","19.6","65.5","9.1","27.1","4.5","21.1","6.5","23.0","25.5","35.8","19.6","34.5","9.1",
"1400000US06111005700","Census Tract 57, Ventura County, California","617","36","314","50","0","12","75","32","228","49","2.49","0.22","3.33","0.33","-","**","2.63","0.38","1.30","0.17","389","48","314","50","0","12","75","32","(X)","(X)","3.06","0.20","3.17","0.24","-","**","2.57","0.35","(X)","(X)","217","37","185","35","0","12","32","20","(X)","(X)","35.9","12.1","42.2","13.4","-","**","0.0","52.4","(X)","(X)","18.9","9.7","20.0","11.2","-","**","12.5","23.5","(X)","(X)","45.2","13.9","37.8","15.3","-","**","87.5","23.5","(X)","(X)","617","36","314","50","0","12","75","32","228","49","36.0","6.9","60.5","10.8","-","**","42.7","25.3","0.0","13.3","15.7","5.4","19.1","9.0","-","**","0.0","33.5","16.2","9.5","29.2","7.8","(X)","(X)","(X)","(X)","(X)","(X)","78.9","11.7","6.0","3.7","(X)","(X)","(X)","(X)","(X)","(X)","16.2","9.5","0.0","5.1","(X)","(X)","(X)","(X)","(X)","(X)","(X)","(X)","2.4","2.5","(X)","(X)","(X)","(X)","(X)","(X)","(X)","(X)","37.3","6.9","52.9","10.1","-","**","34.7","25.3","16.7","11.4","62.1","6.9","47.1","10.1","-","**","65.3","25.3","81.6","12.2","0.6","1.4","0.0","9.8","-","**","0.0","33.5","1.8","3.8","31.3","7.0","43.6","10.5","-","**","18.7","19.0","18.4","11.9","68.7","7.0","56.4","10.5","-","**","81.3","19.0","81.6","11.9",
"1400000US06111005801","Census Tract 58.01, Ventura County, California","1636","82","1262","96","65","55","153","71","156","81","3.15","0.15","3.42","0.17","3.37","0.51","2.73","0.44","1.31","0.25","1480","89","1262","96","65","55","153","71","(X)","(X)","3.35","0.16","3.42","0.17","3.37","0.51","2.73","0.44","(X)","(X)","717","71","645","75","24","24","48","44","(X)","(X)","11.0","6.2","11.5","6.7","0.0","60.5","10.4","22.8","(X)","(X)","24.4","8.8","23.1","8.5","0.0","60.5","54.2","50.5","(X)","(X)","64.6","9.7","65.4","9.8","100.0","60.5","35.4","45.1","(X)","(X)","1636","82","1262","96","65","55","153","71","156","81","44.4","4.4","51.8","5.6","36.9","37.9","31.4","23.6","0.0","18.7","34.0","4.9","35.5","5.5","55.4","40.2","7.2","11.1","39.1","27.3","7.2","4.3","(X)","(X)","(X)","(X)","(X)","(X)","75.0","20.4","3.2","3.3","(X)","(X)","(X)","(X)","(X)","(X)","33.3","28.1","0.0","2.0","(X)","(X)","(X)","(X)","(X)","(X)","(X)","(X)","1.0","1.2","(X)","(X)","(X)","(X)","(X)","(X)","(X)","(X)","100.0","2.0","100.0","2.5","100.0","36.7","100.0","19.0","100.0","18.7","0.0","2.0","0.0","2.5","0.0","36.7","0.0","19.0","0.0","18.7","0.0","2.0","0.0","2.5","0.0","36.7","0.0","19.0","0.0","18.7","85.0","5.8","83.2","7.3","76.9","25.3","100.0","19.0","87.8","20.1","15.0","5.8","16.8","7.3","23.1","25.3","0.0","19.0","12.2","20.1",
"1400000US06111005802","Census Tract 58.02, Ventura County, California","3025","90","2308","155","64","61","195","97","458","122","3.20","0.14","3.64","0.16","3.55","1.60","2.97","0.40","-","**","2567","121","2308","155","64","61","195","97","(X)","(X)","3.56","0.15","3.63","0.16","2.70","0.55","2.97","0.40","(X)","(X)","1474","154","1297","160","64","61","113","74","(X)","(X)","12.2","7.4","13.9","8.3","0.0","37.0","0.0","24.6","(X)","(X)","14.0","7.6","15.9","8.7","0.0","37.0","0.0","24.6","(X)","(X)","73.8","10.0","70.2","11.5","100.0","37.0","100.0","24.6","(X)","(X)","3025","90","2308","155","64","61","195","97","458","122","50.9","5.1","59.0","5.5","100.0","37.0","57.9","27.3","0.0","6.8","39.6","5.6","34.8","6.3","0.0","37.0","24.6","25.5","75.8","15.4","15.1","3.9","(X)","(X)","(X)","(X)","(X)","(X)","100.0","6.8","8.0","2.7","(X)","(X)","(X)","(X)","(X)","(X)","52.8","15.8","0.0","1.1","(X)","(X)","(X)","(X)","(X)","(X)","(X)","(X)","0.6","0.9","(X)","(X)","(X)","(X)","(X)","(X)","(X)","(X)","88.6","3.2","94.9","3.3","100.0","37.0","75.4","25.5","60.9","12.5","2.6","1.7","1.3","1.6","0.0","37.0","0.0","15.3","10.7","8.5","8.7","2.9","3.7","2.9","0.0","37.0","24.6","25.5","28.4","12.7","96.0","2.1","96.8","1.9","100.0","37.0","93.3","12.2","92.1","6.9","4.0","2.1","3.2","1.9","0.0","37.0","6.7","12.2","7.9","6.9",
"1400000US06111005901","Census Tract 59.01, Ventura County, California","2280","43","1682","136","126","99","115","79","357","103","3.08","0.16","3.37","0.18","2.74","0.61","4.50","1.27","1.37","0.24","1923","103","1682","136","126","99","115","79","(X)","(X)","3.29","0.17","3.35","0.17","2.44","0.66","3.38","0.38","(X)","(X)","822","126","717","112","105","96","0","17","(X)","(X)","0.0","3.9","0.0","4.4","0.0","26.1","-","**","(X)","(X)","27.0","13.8","31.0","14.8","0.0","26.1","-","**","(X)","(X)","73.0","13.8","69.0","14.8","100.0","26.1","-","**","(X)","(X)","2280","43","1682","136","126","99","115","79","357","103","38.3","5.6","45.7","6.8","83.3","27.3","0.0","24.3","0.0","8.7","45.9","5.7","46.4","7.6","16.7","27.3","47.8","33.4","53.5","20.9","10.3","4.9","(X)","(X)","(X)","(X)","(X)","(X)","65.8","22.0","5.0","3.0","(X)","(X)","(X)","(X)","(X)","(X)","32.2","18.0","0.7","1.2","(X)","(X)","(X)","(X)","(X)","(X)","(X)","(X)","7.0","5.0","(X)","(X)","(X)","(X)","(X)","(X)","(X)","(X)","100.0","1.4","100.0","1.9","100.0","22.5","100.0","24.3","100.0","8.7","0.0","1.4","0.0","1.9","0.0","22.5","0.0","24.3","0.0","8.7","0.0","1.4","0.0","1.9","0.0","22.5","0.0","24.3","0.0","8.7","88.7","5.5","92.5","5.6","70.6","40.2","73.9","26.4","81.8","17.9","11.3","5.5","7.5","5.6","29.4","40.2","26.1","26.4","18.2","17.9",
"1400000US06111005906","Census Tract 59.06, Ventura County, California","2460","110","1572","158","96","93","110","70","682","168","2.61","0.15","3.14","0.17","2.17","0.15","2.64","0.35","1.44","0.25","1778","161","1572","158","96","93","110","70","(X)","(X)","3.03","0.16","3.12","0.16","2.17","0.15","2.45","0.25","(X)","(X)","839","147","764","129","60","86","15","26","(X)","(X)","12.4","9.2","13.6","10.0","0.0","38.3","0.0","76.6","(X)","(X)","13.2","7.4","14.5","8.2","0.0","38.3","0.0","76.6","(X)","(X)","74.4","10.0","71.9","10.9","100.0","38.3","100.0","76.6","(X)","(X)","2460","110","1572","158","96","93","110","70","682","168","34.5","5.8","49.2","7.1","62.5","55.5","13.6","23.8","0.0","4.7","43.1","6.8","44.5","7.9","77.1","44.2","30.9","27.8","37.0","12.9","19.9","6.1","(X)","(X)","(X)","(X)","(X)","(X)","71.7","14.8","5.7","3.0","(X)","(X)","(X)","(X)","(X)","(X)","20.4","9.8","0.0","1.3","(X)","(X)","(X)","(X)","(X)","(X)","(X)","(X)","2.2","1.8","(X)","(X)","(X)","(X)","(X)","(X)","(X)","(X)","73.7","4.5","89.2","6.0","100.0","28.0","68.2","28.6","34.9","12.3","26.3","4.5","10.8","6.0","0.0","28.0","31.8","28.6","65.1","12.3","0.0","1.3","0.0","2.0","0.0","28.0","0.0","25.2","0.0","4.7","67.5","5.2","82.5","6.4","100.0","28.0","68.2","28.6","28.3","11.7","32.5","5.2","17.5","6.4","0.0","28.0","31.8","28.6","71.7","11.7",
"1400000US06111005907","Census Tract 59.07, Ventura County, California","1777","85","833","114","76","56","125","68","743","123","2.06","0.14","2.68","0.20","3.18","0.75","2.62","0.32","1.15","0.09","1034","117","833","114","76","56","125","68","(X)","(X)","2.69","0.18","2.68","0.20","2.89","0.46","2.62","0.32","(X)","(X)","318","85","211","73","30","24","77","51","(X)","(X)","24.8","16.6","37.4","22.1","0.0","54.1","0.0","32.9","(X)","(X)","6.0","7.3","4.7","7.7","30.0","52.3","0.0","32.9","(X)","(X)","69.2","18.0","57.8","23.1","70.0","52.3","100.0","32.9","(X)","(X)","1777","85","833","114","76","56","125","68","743","123","17.9","4.6","25.3","7.9","39.5","39.5","61.6","26.3","0.0","4.3","62.0","6.1","60.7","8.4","22.4","30.9","24.8","21.1","73.6","10.7","36.0","6.5","(X)","(X)","(X)","(X)","(X)","(X)","86.0","8.3","25.4","5.7","(X)","(X)","(X)","(X)","(X)","(X)","60.7","10.1","0.0","1.8","(X)","(X)","(X)","(X)","(X)","(X)","(X)","(X)","5.2","3.4","(X)","(X)","(X)","(X)","(X)","(X)","(X)","(X)","85.3","4.9","91.8","6.3","84.2","27.0","76.0","33.3","79.5","7.9","14.7","4.9","8.2","6.3","15.8","27.0","24.0","33.3","20.5","7.9","0.0","1.8","0.0","3.8","0.0","33.2","0.0","22.6","0.0","4.3","74.0","5.7","77.3","8.7","72.4","37.5","66.4","33.9","71.7","9.4","26.0","5.7","22.7","8.7","27.6","37.5","33.6","33.9","28.3","9.4",
"1400000US06111005908","Census Tract 59.08, Ventura County, California","889","62","552","59","62","38","80","30","195","55","2.87","0.20","3.24","0.21","3.47","0.77","3.58","1.12","1.32","0.20","694","57","552","59","62","38","80","30","(X)","(X)","3.25","0.23","3.24","0.21","2.97","0.59","3.51","1.11","(X)","(X)","270","49","226","47","11","15","33","19","(X)","(X)","12.6","9.1","12.8","10.9","0.0","89.4","15.2","21.4","(X)","(X)","23.3","11.9","27.9","14.1","0.0","89.4","0.0","51.6","(X)","(X)","64.1","13.2","59.3","16.0","100.0","89.4","84.8","21.4","(X)","(X)","889","62","552","59","62","38","80","30","195","55","32.5","5.4","40.9","6.9","22.6","22.1","48.8","24.3","5.1","5.7","44.2","6.1","44.6","7.9","88.7","15.6","37.5","23.9","31.8","17.2","17.2","5.7","(X)","(X)","(X)","(X)","(X)","(X)","78.5","12.9","4.4","3.3","(X)","(X)","(X)","(X)","(X)","(X)","20.0","14.5","0.0","3.6","(X)","(X)","(X)","(X)","(X)","(X)","(X)","(X)","1.9","2.1","(X)","(X)","(X)","(X)","(X)","(X)","(X)","(X)","92.9","3.6","97.6","2.6","62.9","37.6","80.0","15.4","94.4","6.2","7.1","3.6","2.4","2.6","37.1","37.6","20.0","15.4","5.6","6.2","0.0","3.6","0.0","5.7","0.0","37.6","0.0","32.1","0.0","15.3","69.7","6.9","75.4","8.3","51.6","37.4","45.0","20.8","69.7","16.6","30.3","6.9","24.6","8.3","48.4","37.4","55.0","20.8","30.3","16.6",
"1400000US06111005909","Census Tract 59.09, Ventura County, California","1475","36","835","108","33","27","133","63","474","100","2.35","0.16","2.89","0.18","3.15","0.91","2.80","0.75","1.22","0.13","1001","105","835","108","33","27","133","63","(X)","(X)","2.87","0.16","2.89","0.18","3.15","0.91","2.71","0.74","(X)","(X)","273","66","222","78","22","22","29","32","(X)","(X)","19.4","15.4","23.9","18.4","0.0","63.2","0.0","55.1","(X)","(X)","8.4","11.6","0.0","13.6","0.0","63.2","79.3","37.9","(X)","(X)","72.2","19.0","76.1","18.4","100.0","63.2","20.7","37.9","(X)","(X)","1475","36","835","108","33","27","133","63","474","100","18.8","4.6","27.2","8.8","66.7","48.7","21.8","25.4","0.0","6.6","52.6","5.6","50.3","8.1","33.3","48.7","37.6","23.3","62.2","12.5","27.2","6.5","(X)","(X)","(X)","(X)","(X)","(X)","84.6","8.8","14.0","4.6","(X)","(X)","(X)","(X)","(X)","(X)","43.7","10.8","0.0","2.2","(X)","(X)","(X)","(X)","(X)","(X)","(X)","(X)","3.0","2.4","(X)","(X)","(X)","(X)","(X)","(X)","(X)","(X)","66.8","6.0","73.3","9.1","66.7","48.7","76.7","22.0","52.5","12.0","8.1","4.5","5.5","5.4","0.0","51.6","5.3","10.4","13.9","9.9","25.2","5.1","21.2","8.3","33.3","48.7","18.0","20.0","33.5","9.9","85.4","6.2","93.4","4.7","100.0","51.6","53.4","24.7","79.1","12.0","14.6","6.2","6.6","4.7","0.0","51.6","46.6","24.7","20.9","12.0",
"1400000US06111005910","Census Tract 59.10, Ventura County, California","624","22","496","50","7","11","13","15","108","48","2.76","0.17","3.07","0.17","3.00","0.93","3.62","2.20","1.24","0.29","516","50","496","50","7","11","13","15","(X)","(X)","3.03","0.16","3.05","0.16","2.00","0.52","2.54","0.60","(X)","(X)","212","34","200","34","7","11","5","8","(X)","(X)","12.3","11.0","13.0","11.5","0.0","100.0","0.0","100.0","(X)","(X)","9.0","6.8","9.5","7.3","0.0","100.0","0.0","100.0","(X)","(X)","78.8","12.4","77.5","13.0","100.0","100.0","100.0","100.0","(X)","(X)","624","22","496","50","7","11","13","15","108","48","34.0","5.5","40.3","6.9","100.0","100.0","38.5","54.4","0.0","25.5","42.6","8.3","43.5","8.1","100.0","100.0","61.5","54.4","32.4","23.0","14.3","7.1","(X)","(X)","(X)","(X)","(X)","(X)","82.4","16.2","4.2","3.0","(X)","(X)","(X)","(X)","(X)","(X)","24.1","17.6","0.3","0.7","(X)","(X)","(X)","(X)","(X)","(X)","(X)","(X)","3.4","3.0","(X)","(X)","(X)","(X)","(X)","(X)","(X)","(X)","98.7","1.7","98.4","2.1","100.0","100.0","100.0","82.2","100.0","25.5","0.0","5.1","0.0","6.3","0.0","100.0","0.0","82.3","0.0","25.5","1.3","1.7","1.6","2.1","0.0","100.0","0.0","82.3","0.0","25.5","87.7","5.8","90.1","6.0","100.0","100.0","0.0","82.3","86.1","15.5","12.3","5.8","9.9","6.0","0.0","100.0","100.0","82.2","13.9","15.5",
"1400000US06111005911","Census Tract 59.11, Ventura County, California","1519","83","832","113","49","50","128","81","510","101","2.69","0.19","3.09","0.21","3.57","0.41","4.06","1.21","1.62","0.43","1009","104","832","113","49","50","128","81","(X)","(X)","3.14","0.21","3.06","0.21","2.39","0.43","3.97","1.22","(X)","(X)","474","97","326","99","49","50","99","75","(X)","(X)","24.7","18.1","9.2","11.0","83.7","33.5","46.5","52.8","(X)","(X)","13.5","12.6","16.0","16.4","0.0","42.4","12.1","22.9","(X)","(X)","61.8","18.2","74.8","17.5","16.3","33.5","41.4","50.0","(X)","(X)","1519","83","832","113","49","50","128","81","510","101","32.3","6.1","41.1","9.7","100.0","42.4","77.3","23.4","0.0","6.2","35.9","6.6","35.7","8.1","0.0","42.4","7.0","12.4","46.9","13.2","24.3","6.3","(X)","(X)","(X)","(X)","(X)","(X)","72.4","13.6","12.0","5.3","(X)","(X)","(X)","(X)","(X)","(X)","35.7","13.9","0.0","2.1","(X)","(X)","(X)","(X)","(X)","(X)","(X)","(X)","4.9","3.0","(X)","(X)","(X)","(X)","(X)","(X)","(X)","(X)","69.1","6.9","80.8","8.5","100.0","42.4","58.6","38.9","49.8","11.2","30.2","6.9","17.9","8.1","0.0","42.4","41.4","38.9","50.2","11.2","0.7","1.2","1.3","2.2","0.0","42.4","0.0","22.2","0.0","6.2","64.8","7.1","78.5","9.5","100.0","42.4","15.6","18.9","51.4","15.1","35.2","7.1","21.5","9.5","0.0","42.4","84.4","18.9","48.6","15.1",
"1400000US06111006000","Census Tract 60, Ventura County, California","1539","45","947","102","77","49","107","52","408","103","3.04","0.24","3.69","0.24","4.56","1.34","2.93","0.66","1.28","0.21","1131","94","947","102","77","49","107","52","(X)","(X)","3.56","0.22","3.62","0.25","3.78","1.04","2.93","0.66","(X)","(X)","436","60","381","50","43","41","12","17","(X)","(X)","20.9","10.7","22.6","11.6","11.6","26.7","0.0","85.6","(X)","(X)","25.2","13.3","28.9","15.0","0.0","45.2","0.0","85.6","(X)","(X)","53.9","13.2","48.6","14.3","88.4","26.7","100.0","85.6","(X)","(X)","1539","45","947","102","77","49","107","52","408","103","34.0","5.0","45.5","6.5","71.4","29.7","34.6","24.0","0.0","7.7","42.2","6.4","38.5","8.1","28.6","29.7","62.6","28.3","48.0","15.1","22.0","6.0","(X)","(X)","(X)","(X)","(X)","(X)","83.1","10.6","9.7","4.4","(X)","(X)","(X)","(X)","(X)","(X)","36.8","15.8","0.0","2.1","(X)","(X)","(X)","(X)","(X)","(X)","(X)","(X)","1.7","1.4","(X)","(X)","(X)","(X)","(X)","(X)","(X)","(X)","98.6","2.3","100.0","3.4","100.0","32.9","100.0","25.7","94.6","8.4","1.4","2.3","0.0","3.4","0.0","32.9","0.0","25.7","5.4","8.4","0.0","2.1","0.0","3.4","0.0","32.9","0.0","25.7","0.0","7.7","85.9","5.7","90.6","4.7","79.2","26.1","89.7","15.3","75.2","15.5","14.1","5.7","9.4","4.7","20.8","26.1","10.3","15.3","24.8","15.5",
"1400000US06111006100","Census Tract 61, Ventura County, California","2827","77","1783","214","260","158","209","104","575","173","3.02","0.20","3.41","0.26","3.95","1.20","3.21","1.01","1.31","0.21","2252","200","1783","214","260","158","209","104","(X)","(X)","3.32","0.21","3.35","0.22","3.39","1.01","2.96","0.71","(X)","(X)","1280","210","971","210","136","128","173","102","(X)","(X)","15.5","7.5","16.8","9.6","19.1","35.4","5.8","11.4","(X)","(X)","27.2","12.3","35.1","14.3","5.1","22.3","0.0","17.0","(X)","(X)","57.3","11.9","48.1","12.4","75.7","38.7","94.2","11.4","(X)","(X)","2827","77","1783","214","260","158","209","104","575","173","46.2","7.3","55.2","8.7","57.3","34.0","82.8","17.6","0.0","5.5","18.2","3.7","22.9","5.8","8.1","13.3","4.8","8.4","13.0","10.1","16.1","5.5","(X)","(X)","(X)","(X)","(X)","(X)","79.0","12.6","1.5","1.3","(X)","(X)","(X)","(X)","(X)","(X)","7.1","6.5","0.0","1.1","(X)","(X)","(X)","(X)","(X)","(X)","(X)","(X)","6.8","4.0","(X)","(X)","(X)","(X)","(X)","(X)","(X)","(X)","51.2","6.1","62.4","8.0","37.7","34.1","39.7","29.7","26.6","13.5","48.8","6.1","37.6","8.0","62.3","34.1","60.3","29.7","73.4","13.5","0.0","1.1","0.0","1.8","0.0","11.7","0.0","14.4","0.0","5.5","40.5","5.4","49.6","8.6","23.8","19.5","24.4","20.3","25.9","13.4","59.5","5.4","50.4","8.6","76.2","19.5","75.6","20.3","74.1","13.4",
"1400000US06111006200","Census Tract 62, Ventura County, California","1048","65","714","105","33","28","130","64","171","72","2.70","0.20","3.00","0.21","3.45","1.71","2.79","0.31","1.24","0.27","877","84","714","105","33","28","130","64","(X)","(X)","2.89","0.21","2.99","0.21","2.97","1.51","2.33","0.34","(X)","(X)","276","54","216","51","7","11","53","59","(X)","(X)","9.4","12.7","12.0","15.7","0.0","100.0","0.0","40.7","(X)","(X)","5.4","7.9","6.9","9.8","0.0","100.0","0.0","40.7","(X)","(X)","85.1","13.8","81.0","16.9","100.0","100.0","100.0","40.7","(X)","(X)","1048","65","714","105","33","28","130","64","171","72","28.7","5.8","33.8","7.1","21.2","35.2","40.8","38.7","0.0","17.2","57.6","5.4","53.2","6.6","69.7","39.4","37.7","23.8","88.9","13.3","13.5","6.1","(X)","(X)","(X)","(X)","(X)","(X)","82.5","20.3","9.1","5.6","(X)","(X)","(X)","(X)","(X)","(X)","55.6","24.4","0.0","3.1","(X)","(X)","(X)","(X)","(X)","(X)","(X)","(X)","5.6","5.3","(X)","(X)","(X)","(X)","(X)","(X)","(X)","(X)","100.0","3.1","100.0","4.4","100.0","51.6","100.0","21.9","100.0","17.2","0.0","3.1","0.0","4.4","0.0","51.6","0.0","21.9","0.0","17.2","0.0","3.1","0.0","4.4","0.0","51.6","0.0","21.9","0.0","17.2","94.7","3.5","94.1","4.6","100.0","51.6","96.9","6.8","94.2","9.1","5.3","3.5","5.9","4.6","0.0","51.6","3.1","6.8","5.8","9.1",
"1400000US06111006301","Census Tract 63.01, Ventura County, California","2580","124","1523","144","39","60","112","66","906","171","2.40","0.16","3.01","0.19","1.97","0.10","3.17","0.75","1.29","0.17","1674","122","1523","144","39","60","112","66","(X)","(X)","2.99","0.17","3.01","0.19","1.97","0.10","3.17","0.75","(X)","(X)","542","77","473","76","39","60","30","38","(X)","(X)","18.3","11.7","20.9","13.2","0.0","47.5","0.0","54.1","(X)","(X)","15.7","9.6","18.0","10.9","0.0","47.5","0.0","54.1","(X)","(X)","66.1","13.7","61.1","15.0","100.0","47.5","100.0","54.1","(X)","(X)","2580","124","1523","144","39","60","112","66","906","171","22.9","3.3","32.1","4.8","100.0","47.5","36.6","30.1","2.5","4.0","52.9","5.7","51.9","5.2","0.0","47.5","73.2","27.4","54.3","13.7","29.8","5.6","(X)","(X)","(X)","(X)","(X)","(X)","84.9","8.1","17.3","5.4","(X)","(X)","(X)","(X)","(X)","(X)","49.3","13.8","0.0","1.2","(X)","(X)","(X)","(X)","(X)","(X)","(X)","(X)","3.6","2.5","(X)","(X)","(X)","(X)","(X)","(X)","(X)","(X)","75.7","5.4","83.5","7.4","100.0","47.5","72.3","26.4","62.0","12.3","24.3","5.4","16.5","7.4","0.0","47.5","27.7","26.4","38.0","12.3","0.0","1.2","0.0","2.1","0.0","47.5","0.0","24.8","0.0","3.5","69.0","5.4","74.8","7.9","0.0","47.5","83.9","24.0","60.3","12.1","31.0","5.4","25.2","7.9","100.0","47.5","16.1","24.0","39.7","12.1",
"1400000US06111006302","Census Tract 63.02, Ventura County, California","827","25","556","53","19","19","102","59","150","48","2.90","0.25","3.07","0.19","3.79","1.03","4.26","0.69","1.25","0.23","677","53","556","53","19","19","102","59","(X)","(X)","3.11","0.21","3.01","0.18","3.68","1.31","3.55","1.02","(X)","(X)","265","65","181","42","11","15","73","56","(X)","(X)","11.3","8.7","16.6","11.7","0.0","89.4","0.0","34.1","(X)","(X)","24.2","15.0","14.4","11.3","0.0","89.4","52.1","42.1","(X)","(X)","64.5","14.8","69.1","13.7","100.0","89.4","47.9","42.1","(X)","(X)","827","25","556","53","19","19","102","59","150","48","34.3","8.0","34.9","7.4","57.9","48.9","77.5","19.5","0.0","19.3","43.5","5.3","43.2","7.4","31.6","50.9","32.4","24.3","54.0","20.0","15.0","5.7","(X)","(X)","(X)","(X)","(X)","(X)","82.7","14.9","8.3","4.1","(X)","(X)","(X)","(X)","(X)","(X)","46.0","20.2","0.0","3.9","(X)","(X)","(X)","(X)","(X)","(X)","(X)","(X)","5.6","4.8","(X)","(X)","(X)","(X)","(X)","(X)","(X)","(X)","79.9","5.7","80.6","7.4","100.0","68.0","67.6","31.0","83.3","12.1","20.1","5.7","19.4","7.4","0.0","68.0","32.4","31.0","16.7","12.1","0.0","3.9","0.0","5.7","0.0","68.0","0.0","26.7","0.0","19.3","67.7","6.7","73.2","7.8","57.9","48.9","35.3","25.2","70.7","14.4","32.3","6.7","26.8","7.8","42.1","48.9","64.7","25.2","29.3","14.4",
"1400000US06111006400","Census Tract 64, Ventura County, California","2518","45","1577","175","106","75","280","140","555","167","3.17","0.28","3.68","0.38","3.52","0.65","3.51","1.19","1.47","0.29","1963","161","1577","175","106","75","280","140","(X)","(X)","3.55","0.28","3.58","0.36","3.52","0.65","3.43","1.17","(X)","(X)","763","163","648","140","26","44","89","81","(X)","(X)","17.3","9.4","19.0","10.5","0.0","58.2","10.1","22.3","(X)","(X)","25.6","13.6","30.1","15.1","0.0","58.2","0.0","29.7","(X)","(X)","57.1","15.2","50.9","15.8","100.0","58.2","89.9","22.3","(X)","(X)","2518","45","1577","175","106","75","280","140","555","167","33.8","6.3","42.7","7.8","40.6","38.6","48.2","29.9","0.0","5.7","46.0","7.2","40.6","7.2","75.5","35.0","28.9","25.7","64.3","15.8","17.0","6.1","(X)","(X)","(X)","(X)","(X)","(X)","77.1","11.6","7.1","3.1","(X)","(X)","(X)","(X)","(X)","(X)","32.1","12.4","0.4","0.7","(X)","(X)","(X)","(X)","(X)","(X)","(X)","(X)","1.9","2.1","(X)","(X)","(X)","(X)","(X)","(X)","(X)","(X)","98.8","1.9","100.0","2.0","71.7","38.3","100.0","10.9","100.0","5.7","0.0","1.3","0.0","2.0","0.0","25.9","0.0","10.9","0.0","5.7","1.2","1.9","0.0","2.0","28.3","38.3","0.0","10.9","0.0","5.7","81.3","5.8","84.5","8.0","75.5","35.0","74.3","26.8","76.9","15.8","18.7","5.8","15.5","8.0","24.5","35.0","25.7","26.8","23.1","15.8",
"1400000US06111006500","Census Tract 65, Ventura County, California","1027","57","600","97","57","40","98","53","272","90","3.57","0.26","4.01","0.35","5.58","1.27","4.44","1.05","1.89","0.43","755","88","600","97","57","40","98","53","(X)","(X)","3.98","0.32","3.94","0.34","4.54","1.03","3.89","0.84","(X)","(X)","294","53","255","51","23","24","16","20","(X)","(X)","13.6","10.9","15.7","12.3","0.0","61.8","0.0","74.1","(X)","(X)","26.5","16.7","23.1","16.8","56.5","53.0","37.5","57.3","(X)","(X)","59.9","17.3","61.2","18.5","43.5","53.0","62.5","57.3","(X)","(X)","1027","57","600","97","57","40","98","53","272","90","34.2","5.1","52.0","9.7","40.4","30.4","16.3","20.9","0.0","11.2","29.9","6.7","26.0","8.4","45.6","34.3","63.3","29.2","23.2","14.4","11.9","5.7","(X)","(X)","(X)","(X)","(X)","(X)","44.9","20.2","5.5","3.7","(X)","(X)","(X)","(X)","(X)","(X)","20.6","13.8","0.0","3.1","(X)","(X)","(X)","(X)","(X)","(X)","(X)","(X)","11.6","6.4","(X)","(X)","(X)","(X)","(X)","(X)","(X)","(X)","86.8","6.3","96.7","3.8","87.7","19.4","86.7","18.8","64.7","19.3","13.2","6.3","3.3","3.8","12.3","19.4","13.3","18.8","35.3","19.3","0.0","3.1","0.0","5.3","0.0","39.3","0.0","27.6","0.0","11.2","73.6","7.6","87.2","7.4","35.1","30.2","86.7","18.8","47.1","17.2","26.4","7.6","12.8","7.4","64.9","30.2","13.3","18.8","52.9","17.2",
"1400000US06111006600","Census Tract 66, Ventura County, California","1326","53","922","87","33","30","112","63","259","61","3.24","0.20","3.45","0.22","4.82","1.81","4.77","1.44","1.61","0.43","1067","71","922","87","33","30","112","63","(X)","(X)","3.50","0.22","3.44","0.23","3.00","0.67","4.18","1.35","(X)","(X)","424","54","373","51","0","12","51","40","(X)","(X)","20.5","9.6","21.7","10.5","-","**","11.8","18.9","(X)","(X)","12.5","8.0","8.0","7.0","-","**","45.1","37.4","(X)","(X)","67.0","12.6","70.2","13.2","-","**","43.1","38.6","(X)","(X)","1326","53","922","87","33","30","112","63","259","61","33.8","3.9","42.3","5.6","0.0","51.6","51.8","25.0","0.0","11.8","53.1","6.4","44.5","7.4","75.8","36.1","75.0","23.9","71.4","18.6","12.4","4.6","(X)","(X)","(X)","(X)","(X)","(X)","63.7","20.9","9.4","4.1","(X)","(X)","(X)","(X)","(X)","(X)","47.9","19.5","0.0","2.4","(X)","(X)","(X)","(X)","(X)","(X)","(X)","(X)","3.8","3.7","(X)","(X)","(X)","(X)","(X)","(X)","(X)","(X)","100.0","2.4","100.0","3.5","100.0","51.6","100.0","24.8","100.0","11.8","0.0","2.4","0.0","3.5","0.0","51.6","0.0","24.8","0.0","11.8","0.0","2.4","0.0","3.5","0.0","51.6","0.0","24.8","0.0","11.8","84.7","6.2","87.2","7.6","39.4","50.5","93.8","10.2","77.6","19.9","15.3","6.2","12.8","7.6","60.6","50.5","6.3","10.2","22.4","19.9",
"1400000US06111006700","Census Tract 67, Ventura County, California","1123","41","693","79","84","61","57","36","289","70","2.76","0.21","3.18","0.26","4.14","1.18","3.60","1.07","1.19","0.12","834","65","693","79","84","61","57","36","(X)","(X)","3.18","0.22","3.08","0.20","4.14","1.18","2.96","0.70","(X)","(X)","317","53","249","53","53","54","15","17","(X)","(X)","4.7","5.1","6.0","6.6","0.0","40.7","0.0","76.6","(X)","(X)","18.0","15.6","15.3","17.7","35.8","56.1","0.0","76.6","(X)","(X)","77.3","15.5","78.7","18.0","64.2","56.1","100.0","76.6","(X)","(X)","1123","41","693","79","84","61","57","36","289","70","30.4","4.1","37.5","6.3","63.1","35.8","49.1","34.2","0.0","10.6","40.9","5.7","44.0","8.1","7.1","13.3","15.8","23.7","48.1","16.2","23.4","6.0","(X)","(X)","(X)","(X)","(X)","(X)","91.0","7.0","7.2","4.3","(X)","(X)","(X)","(X)","(X)","(X)","28.0","15.1","0.5","0.9","(X)","(X)","(X)","(X)","(X)","(X)","(X)","(X)","0.0","2.8","(X)","(X)","(X)","(X)","(X)","(X)","(X)","(X)","85.0","4.4","97.3","2.6","100.0","31.0","86.0","21.3","51.2","15.5","15.0","4.4","2.7","2.6","0.0","31.0","14.0","21.3","48.8","15.5","0.0","2.8","0.0","4.6","0.0","31.0","0.0","39.3","0.0","10.6","74.6","6.8","88.2","7.6","70.2","32.3","54.4","32.4","47.4","14.8","25.4","6.8","11.8","7.6","29.8","32.3","45.6","32.4","52.6","14.8",
"1400000US06111006800","Census Tract 68, Ventura County, California","1192","86","710","99","34","38","193","84","255","83","3.34","0.26","3.92","0.31","6.68","3.42","3.15","0.57","1.41","0.29","937","95","710","99","34","38","193","84","(X)","(X)","3.70","0.30","3.81","0.33","6.00","3.18","2.88","0.48","(X)","(X)","381","63","285","62","34","38","62","50","(X)","(X)","6.3","6.9","8.4","9.4","0.0","50.9","0.0","37.6","(X)","(X)","17.6","14.4","23.5","19.4","0.0","50.9","0.0","37.6","(X)","(X)","76.1","14.1","68.1","18.9","100.0","50.9","100.0","37.6","(X)","(X)","1192","86","710","99","34","38","193","84","255","83","37.3","5.4","47.7","8.1","100.0","50.9","32.1","20.3","3.9","6.4","39.2","6.3","37.0","9.3","0.0","50.9","20.2","14.7","64.7","20.9","15.2","5.8","(X)","(X)","(X)","(X)","(X)","(X)","71.0","19.5","7.4","3.4","(X)","(X)","(X)","(X)","(X)","(X)","34.5","14.9","0.0","2.7","(X)","(X)","(X)","(X)","(X)","(X)","(X)","(X)","5.7","4.7","(X)","(X)","(X)","(X)","(X)","(X)","(X)","(X)","91.2","3.8","95.2","4.6","61.8","44.9","90.7","11.7","84.3","11.6","8.8","3.8","4.8","4.6","38.2","44.9","9.3","11.7","15.7","11.6","0.0","2.7","0.0","4.5","0.0","50.9","0.0","15.4","0.0","11.9","73.7","7.1","78.0","7.8","61.8","44.9","67.4","22.7","67.8","18.1","26.3","7.1","22.0","7.8","38.2","44.9","32.6","22.7","32.2","18.1",
"1400000US06111006900","Census Tract 69, Ventura County, California","1720","64","558","93","44","46","214","72","904","96","2.19","0.13","3.17","0.40","4.23","2.15","3.16","0.41","1.26","0.13","816","87","558","93","44","46","214","72","(X)","(X)","3.12","0.21","3.15","0.39","3.57","1.51","2.93","0.37","(X)","(X)","327","69","207","58","38","45","82","53","(X)","(X)","13.8","8.3","13.0","10.3","0.0","48.1","22.0","23.1","(X)","(X)","23.5","14.9","22.7","19.2","78.9","65.6","0.0","31.5","(X)","(X)","62.7","16.1","64.3","19.0","21.1","65.6","78.0","23.1","(X)","(X)","1720","64","558","93","44","46","214","72","904","96","20.6","3.9","37.1","9.0","86.4","24.0","43.9","19.4","1.7","1.9","47.5","5.5","47.8","10.0","18.2","51.2","25.2","18.4","54.0","8.9","43.5","5.1","(X)","(X)","(X)","(X)","(X)","(X)","82.9","7.3","22.3","4.5","(X)","(X)","(X)","(X)","(X)","(X)","42.4","8.8","0.5","0.9","(X)","(X)","(X)","(X)","(X)","(X)","(X)","(X)","7.3","4.4","(X)","(X)","(X)","(X)","(X)","(X)","(X)","(X)","38.1","5.0","60.6","11.4","31.8","65.2","58.9","21.6","19.7","6.6","60.3","5.8","39.4","11.4","68.2","65.2","41.1","21.6","77.3","8.0","1.6","2.5","0.0","5.7","0.0","44.7","0.0","14.1","3.0","4.7","37.2","4.8","51.4","11.2","18.2","51.2","42.1","22.4","28.2","6.7","62.8","4.8","48.6","11.2","81.8","51.2","57.9","22.4","71.8","6.7",
"1400000US06111007000","Census Tract 70, Ventura County, California","1653","56","497","92","126","62","217","67","813","122","2.41","0.20","3.39","0.36","5.09","1.28","3.27","0.30","1.16","0.08","840","107","497","92","126","62","217","67","(X)","(X)","3.33","0.27","3.30","0.27","3.93","1.21","3.05","0.29","(X)","(X)","361","93","195","63","56","52","110","52","(X)","(X)","23.3","13.9","27.2","17.6","0.0","39.6","28.2","33.0","(X)","(X)","21.6","13.9","21.0","17.1","0.0","39.6","33.6","30.5","(X)","(X)","55.1","15.2","51.8","20.4","100.0","39.6","38.2","22.1","(X)","(X)","1653","56","497","92","126","62","217","67","813","122","28.2","5.9","43.7","11.5","95.2","8.5","59.4","21.0","0.0","3.9","44.6","6.8","31.4","11.6","28.6","31.2","17.5","13.7","62.4","10.9","42.4","6.6","(X)","(X)","(X)","(X)","(X)","(X)","86.2","6.8","25.0","5.7","(X)","(X)","(X)","(X)","(X)","(X)","50.9","9.9","0.0","1.9","(X)","(X)","(X)","(X)","(X)","(X)","(X)","(X)","7.3","3.7","(X)","(X)","(X)","(X)","(X)","(X)","(X)","(X)","37.4","4.8","61.0","11.2","67.5","28.1","24.9","16.4","21.8","7.6","62.6","4.8","39.0","11.2","32.5","28.1","75.1","16.4","78.2","7.6","0.0","1.9","0.0","6.3","0.0","22.5","0.0","13.9","0.0","3.9","22.4","4.7","39.2","11.1","23.0","23.9","6.5","7.4","16.4","6.9","77.6","4.7","60.8","11.1","77.0","23.9","93.5","7.4","83.6","6.9",
"1400000US06111007100","Census Tract 71, Ventura County, California","2706","163","608","146","233","113","437","206","1428","225","2.22","0.17","3.62","0.35","2.82","0.80","3.39","0.63","1.16","0.11","1278","176","608","146","233","113","437","206","(X)","(X)","3.12","0.23","3.47","0.32","2.60","0.59","2.90","0.46","(X)","(X)","685","201","326","105","65","58","294","209","(X)","(X)","18.7","14.1","4.6","7.1","0.0","36.7","38.4","26.7","(X)","(X)","20.6","13.2","31.0","23.1","0.0","36.7","13.6","17.5","(X)","(X)","60.7","15.2","64.4","22.0","100.0","36.7","48.0","25.3","(X)","(X)","2706","163","608","146","233","113","437","206","1428","225","28.0","7.4","55.9","10.8","46.8","31.8","70.5","21.4","0.0","2.2","35.0","7.3","32.9","15.9","12.0","14.2","25.9","16.1","42.4","8.9","46.4","6.5","(X)","(X)","(X)","(X)","(X)","(X)","87.9","7.5","16.5","5.0","(X)","(X)","(X)","(X)","(X)","(X)","31.3","9.5","0.9","1.4","(X)","(X)","(X)","(X)","(X)","(X)","(X)","(X)","5.2","3.4","(X)","(X)","(X)","(X)","(X)","(X)","(X)","(X)","28.6","6.3","37.5","12.6","44.6","24.9","34.8","21.2","20.2","9.0","59.6","6.3","55.4","13.3","44.6","26.3","62.9","21.3","62.9","8.9","11.8","4.0","7.1","6.0","10.7","16.9","2.3","4.3","16.9","7.4","33.9","5.8","33.9","13.8","30.5","21.5","20.6","17.8","38.6","8.4","66.1","5.8","66.1","13.8","69.5","21.5","79.4","17.8","61.4","8.4",
"1400000US06111007201","Census Tract 72.01, Ventura County, California","1174","47","734","82","68","41","116","64","256","74","2.93","0.18","3.43","0.25","3.04","0.86","2.98","0.44","1.43","0.18","918","92","734","82","68","41","116","64","(X)","(X)","3.24","0.23","3.35","0.25","2.88","0.66","2.76","0.53","(X)","(X)","363","78","309","74","21","17","33","44","(X)","(X)","18.2","9.9","21.4","11.7","0.0","64.7","0.0","51.6","(X)","(X)","11.0","9.3","9.7","9.5","47.6","52.4","0.0","51.6","(X)","(X)","70.8","12.8","68.9","13.3","52.4","52.4","100.0","51.6","(X)","(X)","1174","47","734","82","68","41","116","64","256","74","35.3","7.0","48.0","9.4","30.9","26.1","36.2","28.6","0.0","11.9","43.2","7.2","39.0","9.1","51.5","31.9","38.8","28.3","55.1","19.3","13.7","4.6","(X)","(X)","(X)","(X)","(X)","(X)","62.9","15.5","6.4","3.4","(X)","(X)","(X)","(X)","(X)","(X)","29.3","14.5","0.0","2.7","(X)","(X)","(X)","(X)","(X)","(X)","(X)","(X)","5.4","4.1","(X)","(X)","(X)","(X)","(X)","(X)","(X)","(X)","100.0","2.7","100.0","4.3","100.0","35.7","100.0","24.1","100.0","11.9","0.0","2.7","0.0","4.3","0.0","35.7","0.0","24.1","0.0","11.9","0.0","2.7","0.0","4.3","0.0","35.7","0.0","24.1","0.0","11.9","94.7","3.0","95.9","3.7","100.0","35.7","89.7","16.1","92.2","8.8","5.3","3.0","4.1","3.7","0.0","35.7","10.3","16.1","7.8","8.8",
"1400000US06111007202","Census Tract 72.02, Ventura County, California","1586","87","960","129","39","38","169","71","418","97","2.65","0.14","3.16","0.18","2.46","0.29","3.15","0.72","1.29","0.16","1168","119","960","129","39","38","169","71","(X)","(X)","3.06","0.15","3.15","0.18","2.26","0.17","2.75","0.40","(X)","(X)","389","79","337","70","8","12","44","28","(X)","(X)","5.9","5.4","6.8","6.2","0.0","100.0","0.0","44.7","(X)","(X)","5.7","5.7","6.5","6.5","0.0","100.0","0.0","44.7","(X)","(X)","88.4","7.7","86.6","8.7","100.0","100.0","100.0","44.7","(X)","(X)","1586","87","960","129","39","38","169","71","418","97","25.1","4.6","35.1","6.1","20.5","33.4","26.0","16.6","2.2","3.6","53.4","5.3","45.8","6.2","23.1","39.5","55.6","22.3","72.7","10.5","20.8","4.8","(X)","(X)","(X)","(X)","(X)","(X)","78.9","11.4","12.8","4.5","(X)","(X)","(X)","(X)","(X)","(X)","48.6","13.9","0.5","0.8","(X)","(X)","(X)","(X)","(X)","(X)","(X)","(X)","4.4","2.6","(X)","(X)","(X)","(X)","(X)","(X)","(X)","(X)","97.6","2.6","99.2","1.4","100.0","47.5","100.0","17.4","92.8","9.3","2.4","2.6","0.8","1.4","0.0","47.5","0.0","17.4","7.2","9.3","0.0","2.0","0.0","3.3","0.0","47.5","0.0","17.4","0.0","7.5","83.6","5.4","87.3","6.7","100.0","47.5","64.5","21.8","81.3","10.0","16.4","5.4","12.7","6.7","0.0","47.5","35.5","21.8","18.7","10.0",
"1400000US06111007300","Census Tract 73, Ventura County, California","751","67","406","69","34","29","32","22","279","73","2.33","0.19","2.83","0.22","2.59","0.62","3.41","0.95","1.44","0.34","472","66","406","69","34","29","32","22","(X)","(X)","2.72","0.19","2.78","0.20","2.12","0.15","2.53","0.64","(X)","(X)","136","42","110","38","12","12","14","15","(X)","(X)","9.6","9.8","11.8","11.9","0.0","85.6","0.0","79.3","(X)","(X)","11.0","10.3","13.6","12.4","0.0","85.6","0.0","79.3","(X)","(X)","79.4","14.7","74.5","17.9","100.0","85.6","100.0","79.3","(X)","(X)","751","67","406","69","34","29","32","22","279","73","19.6","5.9","28.3","7.5","35.3","38.9","43.8","39.3","2.2","3.4","47.8","6.9","58.4","9.3","35.3","42.3","37.5","36.8","35.1","12.5","27.4","7.3","(X)","(X)","(X)","(X)","(X)","(X)","73.8","17.0","6.7","3.6","(X)","(X)","(X)","(X)","(X)","(X)","17.9","9.9","0.0","4.2","(X)","(X)","(X)","(X)","(X)","(X)","(X)","(X)","6.0","3.6","(X)","(X)","(X)","(X)","(X)","(X)","(X)","(X)","89.6","5.2","91.6","6.2","100.0","50.9","100.0","52.4","84.2","11.6","9.6","5.1","8.4","6.2","0.0","50.9","0.0","52.4","13.6","11.3","0.8","1.2","0.0","7.7","0.0","50.9","0.0","52.4","2.2","3.2","83.6","6.6","89.4","7.4","52.9","49.2","100.0","52.4","77.1","13.4","16.4","6.6","10.6","7.4","47.1","49.2","0.0","52.4","22.9","13.4",
"1400000US06111007402","Census Tract 74.02, Ventura County, California","2641","75","1609","164","65","55","81","44","886","142","2.42","0.20","3.17","0.21","2.38","0.53","2.62","0.40","1.05","0.06","1755","142","1609","164","65","55","81","44","(X)","(X)","3.10","0.20","3.16","0.21","2.38","0.53","2.62","0.40","(X)","(X)","738","156","596","162","61","52","81","44","(X)","(X)","14.1","11.7","17.4","14.1","0.0","38.0","0.0","31.8","(X)","(X)","9.3","11.4","11.6","14.1","0.0","38.0","0.0","31.8","(X)","(X)","76.6","13.6","71.0","16.2","100.0","38.0","100.0","31.8","(X)","(X)","2641","75","1609","164","65","55","81","44","886","142","29.0","5.8","38.5","8.2","100.0","36.7","100.0","31.8","0.0","3.6","48.3","5.5","55.6","8.2","30.8","44.3","0.0","31.8","40.7","11.4","32.1","5.3","(X)","(X)","(X)","(X)","(X)","(X)","95.7","4.8","10.4","4.1","(X)","(X)","(X)","(X)","(X)","(X)","31.0","10.6","0.0","1.2","(X)","(X)","(X)","(X)","(X)","(X)","(X)","(X)","0.8","1.2","(X)","(X)","(X)","(X)","(X)","(X)","(X)","(X)","82.8","5.4","92.4","6.7","100.0","36.7","79.0","31.7","64.7","10.7","17.2","5.4","7.6","6.7","0.0","36.7","21.0","31.7","35.3","10.7","0.0","1.2","0.0","2.0","0.0","36.7","0.0","31.8","0.0","3.6","83.8","5.6","86.7","7.3","100.0","36.7","39.5","40.1","81.3","9.5","16.2","5.6","13.3","7.3","0.0","36.7","60.5","40.1","18.7","9.5",
"1400000US06111007403","Census Tract 74.03, Ventura County, California","2199","81","1416","160","108","86","159","84","516","134","2.75","0.20","3.32","0.23","2.36","0.66","2.81","0.45","1.26","0.20","1683","156","1416","160","108","86","159","84","(X)","(X)","3.20","0.20","3.32","0.23","2.36","0.66","2.70","0.34","(X)","(X)","937","141","774","129","67","72","96","71","(X)","(X)","13.2","9.3","16.0","11.0","0.0","36.0","0.0","28.0","(X)","(X)","29.2","11.5","35.4","13.8","0.0","36.0","0.0","28.0","(X)","(X)","57.5","10.4","48.6","11.6","100.0","36.0","100.0","28.0","(X)","(X)","2199","81","1416","160","108","86","159","84","516","134","43.9","6.1","55.7","7.4","62.0","38.3","69.2","24.4","0.0","6.1","32.1","5.5","31.4","7.2","18.5","31.5","16.4","19.9","41.9","11.9","18.5","6.2","(X)","(X)","(X)","(X)","(X)","(X)","78.9","15.7","8.0","3.4","(X)","(X)","(X)","(X)","(X)","(X)","33.9","10.4","0.6","1.0","(X)","(X)","(X)","(X)","(X)","(X)","(X)","(X)","1.4","1.6","(X)","(X)","(X)","(X)","(X)","(X)","(X)","(X)","85.6","5.3","91.0","5.6","56.5","44.6","81.1","16.4","78.3","13.4","14.4","5.3","9.0","5.6","43.5","44.6","18.9","16.4","21.7","13.4","0.0","1.5","0.0","2.3","0.0","25.5","0.0","18.4","0.0","6.1","74.9","6.3","78.9","8.6","38.0","38.3","81.1","16.4","70.0","13.5","25.1","6.3","21.1","8.6","62.0","38.3","18.9","16.4","30.0","13.5",
"1400000US06111007405","Census Tract 74.05, Ventura County, California","2456","73","1419","195","90","69","270","105","677","164","2.78","0.24","3.36","0.28","4.24","0.83","2.86","0.41","1.32","0.22","1779","164","1419","195","90","69","270","105","(X)","(X)","3.25","0.26","3.36","0.28","3.33","0.95","2.64","0.38","(X)","(X)","1025","153","762","171","62","65","201","93","(X)","(X)","4.0","3.9","3.4","4.0","24.2","46.1","0.0","14.9","(X)","(X)","15.8","9.6","21.3","12.6","0.0","37.6","0.0","14.9","(X)","(X)","80.2","10.6","75.3","13.0","75.8","46.1","100.0","14.9","(X)","(X)","2456","73","1419","195","90","69","270","105","677","164","43.6","6.3","55.0","9.4","68.9","42.6","84.4","14.6","0.0","4.7","32.3","6.4","33.8","8.0","16.7","28.7","24.1","18.6","34.6","16.0","20.9","5.9","(X)","(X)","(X)","(X)","(X)","(X)","75.8","15.2","6.6","4.1","(X)","(X)","(X)","(X)","(X)","(X)","23.9","14.3","0.9","1.4","(X)","(X)","(X)","(X)","(X)","(X)","(X)","(X)","4.4","3.4","(X)","(X)","(X)","(X)","(X)","(X)","(X)","(X)","74.8","5.6","92.2","4.5","63.3","50.4","83.3","15.2","36.3","13.8","25.2","5.6","7.8","4.5","36.7","50.4","16.7","15.2","63.7","13.8","0.0","1.3","0.0","2.3","0.0","29.4","0.0","11.3","0.0","4.7","67.9","7.0","77.8","9.9","47.8","48.4","56.7","24.2","54.2","16.7","32.1","7.0","22.2","9.9","52.2","48.4","43.3","24.2","45.8","16.7",
"1400000US06111007406","Census Tract 74.06, Ventura County, California","825","72","667","74","0","12","25","21","133","53","2.97","0.17","3.33","0.18","-","**","2.76","0.81","1.20","0.17","692","76","667","74","0","12","25","21","(X)","(X)","3.30","0.17","3.32","0.17","-","**","2.76","0.81","(X)","(X)","355","64","340","64","0","12","15","17","(X)","(X)","21.1","12.5","20.0","13.0","-","**","46.7","53.3","(X)","(X)","17.5","11.2","18.2","11.6","-","**","0.0","76.6","(X)","(X)","61.4","12.8","61.8","13.2","-","**","53.3","53.3","(X)","(X)","825","72","667","74","0","12","25","21","133","53","43.0","6.0","51.0","6.9","-","**","60.0","38.8","0.0","21.5","23.4","6.2","21.1","7.2","-","**","0.0","59.3","39.1","18.4","13.1","5.8","(X)","(X)","(X)","(X)","(X)","(X)","81.2","17.3","3.6","3.0","(X)","(X)","(X)","(X)","(X)","(X)","22.6","15.9","0.0","3.9","(X)","(X)","(X)","(X)","(X)","(X)","(X)","(X)","3.0","2.9","(X)","(X)","(X)","(X)","(X)","(X)","(X)","(X)","82.7","5.6","84.3","6.6","-","**","72.0","39.5","76.7","14.8","17.3","5.6","15.7","6.6","-","**","28.0","39.5","23.3","14.8","0.0","3.9","0.0","4.8","-","**","0.0","59.3","0.0","21.5","77.8","5.7","78.3","7.1","-","**","72.0","39.5","76.7","14.8","22.2","5.7","21.7","7.1","-","**","28.0","39.5","23.3","14.8",
"1400000US06111007505","Census Tract 75.05, Ventura County, California","1117","39","663","95","40","31","161","83","253","81","3.08","0.21","3.47","0.39","2.58","0.66","4.52","1.04","1.20","0.16","864","85","663","95","40","31","161","83","(X)","(X)","3.61","0.26","3.47","0.39","2.23","0.17","4.52","1.04","(X)","(X)","283","54","220","70","0","12","63","59","(X)","(X)","10.2","8.8","13.2","12.0","-","**","0.0","37.3","(X)","(X)","27.6","17.9","31.8","19.2","-","**","12.7","23.0","(X)","(X)","62.2","16.9","55.0","17.6","-","**","87.3","23.0","(X)","(X)","1117","39","663","95","40","31","161","83","253","81","26.7","4.8","34.4","9.5","17.5","29.8","39.1","33.1","0.0","12.0","43.7","7.8","31.8","8.1","100.0","46.9","64.0","30.9","53.0","17.6","19.0","6.7","(X)","(X)","(X)","(X)","(X)","(X)","83.8","13.0","7.9","3.6","(X)","(X)","(X)","(X)","(X)","(X)","34.8","15.2","0.7","1.3","(X)","(X)","(X)","(X)","(X)","(X)","(X)","(X)","0.5","0.9","(X)","(X)","(X)","(X)","(X)","(X)","(X)","(X)","92.9","3.7","100.0","4.8","100.0","46.9","86.3","12.4","77.5","16.1","7.1","3.7","0.0","4.8","0.0","46.9","13.7","12.4","22.5","16.1","0.0","2.9","0.0","4.8","0.0","46.9","0.0","18.2","0.0","12.0","80.2","7.5","89.9","6.4","67.5","41.1","65.8","31.6","66.0","25.7","19.8","7.5","10.1","6.4","32.5","41.1","34.2","31.6","34.0","25.7",
"1400000US06111007506","Census Tract 75.06, Ventura County, California","2453","70","1889","146","26","33","202","94","336","133","3.08","0.17","3.34","0.20","3.27","1.09","3.42","0.51","1.39","0.28","2117","142","1889","146","26","33","202","94","(X)","(X)","3.29","0.17","3.30","0.18","3.27","1.09","3.16","0.44","(X)","(X)","828","120","751","131","0","17","77","68","(X)","(X)","18.4","12.0","20.2","12.9","-","**","0.0","32.9","(X)","(X)","10.7","7.8","11.9","8.5","-","**","0.0","32.9","(X)","(X)","70.9","13.1","67.9","13.9","-","**","100.0","32.9","(X)","(X)","2453","70","1889","146","26","33","202","94","336","133","39.0","5.1","44.9","7.0","0.0","58.2","48.5","27.8","3.0","6.2","37.4","5.3","35.4","6.8","61.5","61.0","34.7","23.0","48.5","24.6","9.3","4.6","(X)","(X)","(X)","(X)","(X)","(X)","68.2","22.5","4.9","3.1","(X)","(X)","(X)","(X)","(X)","(X)","35.4","20.2","0.0","1.3","(X)","(X)","(X)","(X)","(X)","(X)","(X)","(X)","3.5","2.5","(X)","(X)","(X)","(X)","(X)","(X)","(X)","(X)","98.0","2.5","100.0","1.7","100.0","58.2","94.6","9.1","88.7","16.5","2.0","2.5","0.0","1.7","0.0","58.2","5.4","9.1","11.3","16.5","0.0","1.3","0.0","1.7","0.0","58.2","0.0","14.8","0.0","9.2","87.3","5.2","87.7","5.7","100.0","58.2","78.7","19.6","89.6","16.2","12.7","5.2","12.3","5.7","0.0","58.2","21.3","19.6","10.4","16.2",
"1400000US06111007507","Census Tract 75.07, Ventura County, California","2382","57","1725","142","47","66","224","135","386","111","2.99","0.19","3.20","0.22","4.57","0.33","3.40","0.69","1.59","0.57","1996","114","1725","142","47","66","224","135","(X)","(X)","3.19","0.21","3.20","0.22","3.32","0.22","3.13","0.77","(X)","(X)","800","146","721","148","0","17","79","67","(X)","(X)","13.3","7.9","14.7","8.9","-","**","0.0","32.4","(X)","(X)","22.1","10.1","24.5","11.1","-","**","0.0","32.4","(X)","(X)","64.6","11.3","60.7","12.5","-","**","100.0","32.4","(X)","(X)","2382","57","1725","142","47","66","224","135","386","111","41.8","6.6","44.1","7.7","100.0","43.3","75.9","30.5","4.9","7.8","41.7","5.2","41.0","6.4","0.0","43.3","35.3","31.1","53.9","16.8","12.2","3.9","(X)","(X)","(X)","(X)","(X)","(X)","75.4","17.7","7.4","3.0","(X)","(X)","(X)","(X)","(X)","(X)","45.9","15.4","0.0","1.4","(X)","(X)","(X)","(X)","(X)","(X)","(X)","(X)","3.7","2.8","(X)","(X)","(X)","(X)","(X)","(X)","(X)","(X)","97.4","2.1","97.8","2.3","100.0","43.3","100.0","13.5","93.5","7.3","1.6","1.5","0.8","1.2","0.0","43.3","0.0","13.5","6.5","7.3","1.0","1.4","1.4","1.9","0.0","43.3","0.0","13.5","0.0","8.1","96.4","2.6","95.0","3.5","100.0","43.3","100.0","13.5","100.0","8.1","3.6","2.6","5.0","3.5","0.0","43.3","0.0","13.5","0.0","8.1",
"1400000US06111007508","Census Tract 75.08, Ventura County, California","1424","75","643","98","83","73","239","101","459","99","2.52","0.19","3.10","0.26","3.43","0.54","2.89","0.35","1.36","0.16","965","102","643","98","83","73","239","101","(X)","(X)","2.89","0.18","3.04","0.24","2.58","0.45","2.61","0.24","(X)","(X)","335","70","194","52","45","56","96","56","(X)","(X)","9.3","7.2","11.3","10.0","0.0","44.2","9.4","15.2","(X)","(X)","26.9","17.6","17.5","16.3","77.8","51.0","21.9","23.9","(X)","(X)","63.9","17.8","71.1","18.3","22.2","51.0","68.8","25.1","(X)","(X)","1424","75","643","98","83","73","239","101","459","99","27.2","5.7","33.7","8.9","54.2","46.8","52.3","19.9","0.0","6.8","41.2","7.5","39.8","9.3","45.8","46.8","44.4","23.1","40.7","13.8","23.5","6.2","(X)","(X)","(X)","(X)","(X)","(X)","72.8","10.5","6.2","3.2","(X)","(X)","(X)","(X)","(X)","(X)","19.2","9.1","0.0","2.3","(X)","(X)","(X)","(X)","(X)","(X)","(X)","(X)","11.5","5.7","(X)","(X)","(X)","(X)","(X)","(X)","(X)","(X)","80.4","7.2","90.2","8.7","100.0","31.3","59.8","23.9","73.9","12.5","19.6","7.2","9.8","8.7","0.0","31.3","40.2","23.9","26.1","12.5","0.0","2.3","0.0","4.9","0.0","31.3","0.0","12.7","0.0","6.8","78.2","7.6","88.0","7.6","100.0","31.3","43.5","21.1","78.4","13.7","21.8","7.6","12.0","7.6","0.0","31.3","56.5","21.1","21.6","13.7",
"1400000US06111007509","Census Tract 75.09, Ventura County, California","1572","38","867","101","86","48","169","89","450","119","2.89","0.30","3.52","0.29","2.45","0.26","4.11","1.57","1.28","0.18","1122","117","867","101","86","48","169","89","(X)","(X)","3.47","0.32","3.52","0.29","2.45","0.26","3.72","1.43","(X)","(X)","509","97","336","62","45","30","128","84","(X)","(X)","12.6","7.5","15.2","10.5","0.0","44.2","10.2","18.0","(X)","(X)","4.7","5.3","7.1","7.8","0.0","44.2","0.0","22.2","(X)","(X)","82.7","8.1","77.7","11.0","100.0","44.2","89.8","18.0","(X)","(X)","1572","38","867","101","86","48","169","89","450","119","33.7","6.3","41.2","8.4","52.3","25.8","75.7","20.7","0.0","7.0","30.9","5.5","31.9","8.0","46.5","22.5","18.9","16.3","30.4","15.0","22.4","7.5","(X)","(X)","(X)","(X)","(X)","(X)","78.2","14.2","7.6","4.4","(X)","(X)","(X)","(X)","(X)","(X)","26.4","14.2","2.2","3.7","(X)","(X)","(X)","(X)","(X)","(X)","(X)","(X)","5.1","4.1","(X)","(X)","(X)","(X)","(X)","(X)","(X)","(X)","65.5","5.8","81.2","7.7","62.8","28.6","59.2","29.7","38.2","15.8","34.5","5.8","18.8","7.7","37.2","28.6","40.8","29.7","61.8","15.8","0.0","2.0","0.0","3.7","0.0","30.5","0.0","17.4","0.0","7.0","53.6","6.7","66.0","9.9","48.8","23.6","53.8","27.9","30.7","13.8","46.4","6.7","34.0","9.9","51.2","23.6","46.2","27.9","69.3","13.8",
"1400000US06111007510","Census Tract 75.10, Ventura County, California","2022","85","1669","113","34","33","92","75","227","89","2.94","0.14","3.17","0.16","2.18","0.18","3.34","0.65","1.21","0.16","1795","107","1669","113","34","33","92","75","(X)","(X)","3.13","0.14","3.14","0.15","2.18","0.18","3.34","0.65","(X)","(X)","856","116","793","118","23","27","40","60","(X)","(X)","14.7","7.4","14.4","7.6","52.2","52.2","0.0","46.9","(X)","(X)","22.5","9.2","19.3","10.2","0.0","61.8","100.0","46.9","(X)","(X)","62.7","10.5","66.3","11.0","47.8","52.2","0.0","46.9","(X)","(X)","2022","85","1669","113","34","33","92","75","227","89","43.6","5.0","49.0","5.4","67.6","44.2","43.5","45.7","0.0","13.3","36.7","6.1","40.3","6.2","0.0","50.9","15.2","25.3","25.1","24.4","9.0","3.9","(X)","(X)","(X)","(X)","(X)","(X)","79.7","16.0","2.5","3.0","(X)","(X)","(X)","(X)","(X)","(X)","22.0","24.6","0.0","1.6","(X)","(X)","(X)","(X)","(X)","(X)","(X)","(X)","1.9","1.9","(X)","(X)","(X)","(X)","(X)","(X)","(X)","(X)","99.6","0.7","99.5","0.9","100.0","50.9","100.0","29.0","100.0","13.3","0.4","0.7","0.5","0.9","0.0","50.9","0.0","29.0","0.0","13.3","0.0","1.6","0.0","1.9","0.0","50.9","0.0","29.0","0.0","13.3","93.8","3.5","95.1","3.0","100.0","50.9","81.5","25.6","87.7","19.4","6.2","3.5","4.9","3.0","0.0","50.9","18.5","25.6","12.3","19.4",
"1400000US06111007511","Census Tract 75.11, Ventura County, California","801","55","552","72","34","28","68","39","147","40","2.92","0.20","3.23","0.23","4.06","1.38","2.76","0.39","1.58","0.52","654","70","552","72","34","28","68","39","(X)","(X)","3.08","0.19","3.12","0.21","3.35","0.94","2.56","0.30","(X)","(X)","270","54","218","54","24","28","28","22","(X)","(X)","17.4","15.6","19.3","19.1","20.8","46.6","0.0","56.0","(X)","(X)","10.0","8.5","9.2","8.5","0.0","60.5","25.0","41.8","(X)","(X)","72.6","15.2","71.6","18.1","79.2","46.6","75.0","41.8","(X)","(X)","801","55","552","72","34","28","68","39","147","40","38.6","6.6","43.8","8.5","70.6","45.4","47.1","26.0","7.5","10.7","42.6","6.4","45.7","8.9","0.0","50.9","52.9","26.0","36.1","16.8","12.9","4.4","(X)","(X)","(X)","(X)","(X)","(X)","70.1","17.9","3.1","2.8","(X)","(X)","(X)","(X)","(X)","(X)","17.0","14.8","0.5","0.8","(X)","(X)","(X)","(X)","(X)","(X)","(X)","(X)","7.7","4.7","(X)","(X)","(X)","(X)","(X)","(X)","(X)","(X)","98.0","1.8","99.5","0.9","100.0","50.9","100.0","35.7","91.2","9.9","0.9","1.0","0.5","0.9","0.0","50.9","0.0","35.7","2.7","4.8","1.1","1.5","0.0","5.7","0.0","50.9","0.0","35.7","6.1","8.6","91.3","3.9","97.1","3.0","85.3","26.8","94.1","10.2","69.4","15.9","8.7","3.9","2.9","3.0","14.7","26.8","5.9","10.2","30.6","15.9",
"1400000US06111007512","Census Tract 75.12, Ventura County, California","1829","81","1143","111","96","60","176","76","414","122","3.00","0.16","3.55","0.20","3.35","0.81","2.73","0.32","1.50","0.16","1415","126","1143","111","96","60","176","76","(X)","(X)","3.38","0.18","3.53","0.21","2.76","0.76","2.73","0.32","(X)","(X)","596","112","476","88","46","54","74","64","(X)","(X)","19.1","10.4","13.4","8.5","0.0","43.7","67.6","37.3","(X)","(X)","19.6","12.3","24.6","14.7","0.0","43.7","0.0","33.8","(X)","(X)","61.2","13.9","62.0","14.9","100.0","43.7","32.4","37.3","(X)","(X)","1829","81","1143","111","96","60","176","76","414","122","32.6","6.0","41.6","6.1","47.9","37.7","42.0","24.7","0.0","7.5","24.5","4.9","27.6","7.1","29.2","28.2","28.4","18.6","13.3","9.1","11.4","4.8","(X)","(X)","(X)","(X)","(X)","(X)","50.2","16.0","0.6","1.0","(X)","(X)","(X)","(X)","(X)","(X)","2.7","4.2","1.0","1.5","(X)","(X)","(X)","(X)","(X)","(X)","(X)","(X)","10.7","5.2","(X)","(X)","(X)","(X)","(X)","(X)","(X)","(X)","81.6","5.0","89.9","6.0","70.8","37.8","70.5","23.8","65.9","16.0","15.6","4.5","6.9","5.1","29.2","37.8","29.5","23.8","30.7","14.4","2.8","2.9","3.2","4.2","0.0","28.0","0.0","16.8","3.4","5.6","74.3","5.1","85.2","6.3","70.8","37.8","51.1","20.7","54.8","18.2","25.7","5.1","14.8","6.3","29.2","37.8","48.9","20.7","45.2","18.2",
"1400000US06111007513","Census Tract 75.13, Ventura County, California","518","45","419","57","0","12","25","20","74","36","3.20","0.37","3.48","0.43","-","**","3.68","2.03","1.42","0.40","444","55","419","57","0","12","25","20","(X)","(X)","3.31","0.38","3.35","0.40","-","**","2.64","0.85","(X)","(X)","111","41","111","41","0","12","0","12","(X)","(X)","34.2","23.3","34.2","23.3","-","**","-","**","(X)","(X)","4.5","7.7","4.5","7.7","-","**","-","**","(X)","(X)","61.3","22.9","61.3","22.9","-","**","-","**","(X)","(X)","518","45","419","57","0","12","25","20","74","36","24.7","7.9","30.5","9.8","-","**","0.0","59.3","0.0","33.8","50.2","10.4","44.9","11.5","-","**","76.0","39.6","71.6","21.2","9.7","5.4","(X)","(X)","(X)","(X)","(X)","(X)","67.6","28.0","2.7","2.8","(X)","(X)","(X)","(X)","(X)","(X)","18.9","19.5","0.0","6.1","(X)","(X)","(X)","(X)","(X)","(X)","(X)","(X)","1.2","2.1","(X)","(X)","(X)","(X)","(X)","(X)","(X)","(X)","98.6","2.0","100.0","7.5","-","**","100.0","59.3","90.5","14.0","0.0","6.1","0.0","7.5","-","**","0.0","59.3","0.0","33.8","1.4","2.0","0.0","7.5","-","**","0.0","59.3","9.5","14.0","95.2","6.1","95.7","7.0","-","**","100.0","59.3","90.5","16.6","4.8","6.1","4.3","7.0","-","**","0.0","59.3","9.5","16.6",
"1400000US06111007514","Census Tract 75.14, Ventura County, California","2990","106","1358","171","62","78","276","119","1294","207","2.17","0.12","2.97","0.21","2.23","0.22","2.92","0.56","1.17","0.09","1696","199","1358","171","62","78","276","119","(X)","(X)","2.92","0.19","2.97","0.21","2.23","0.22","2.81","0.54","(X)","(X)","583","117","473","80","16","28","94","68","(X)","(X)","12.3","12.4","7.2","8.4","0.0","74.1","40.4","49.3","(X)","(X)","14.4","9.2","17.8","11.6","0.0","74.1","0.0","28.5","(X)","(X)","73.2","15.8","75.1","15.4","100.0","74.1","59.6","49.3","(X)","(X)","2990","106","1358","171","62","78","276","119","1294","207","21.5","4.2","36.8","7.4","25.8","53.7","46.0","24.1","0.0","2.5","43.4","5.1","39.3","8.3","0.0","37.6","18.5","15.1","55.2","9.1","36.5","6.3","(X)","(X)","(X)","(X)","(X)","(X)","84.2","8.0","19.9","4.9","(X)","(X)","(X)","(X)","(X)","(X)","45.9","9.4","0.5","0.9","(X)","(X)","(X)","(X)","(X)","(X)","(X)","(X)","4.9","2.9","(X)","(X)","(X)","(X)","(X)","(X)","(X)","(X)","50.7","5.0","77.3","8.0","25.8","53.7","55.1","22.9","23.0","8.8","48.8","5.2","22.7","8.0","74.2","53.7","44.9","22.9","75.7","9.5","0.5","0.9","0.0","2.4","0.0","37.6","0.0","11.1","1.2","2.0","50.4","4.8","73.9","7.8","25.8","53.7","25.0","17.8","32.4","9.3","49.6","4.8","26.1","7.8","74.2","53.7","75.0","17.8","67.6","9.3",
"1400000US06111007606","Census Tract 76.06, Ventura County, California","437","32","362","47","18","16","40","27","17","13","3.76","0.29","3.99","0.33","3.39","1.35","2.80","0.61","1.53","0.49","420","31","362","47","18","16","40","27","(X)","(X)","3.80","0.28","3.97","0.32","3.39","1.35","2.48","0.38","(X)","(X)","195","36","175","35","11","14","9","9","(X)","(X)","8.2","8.9","6.9","9.5","0.0","89.4","44.4","55.6","(X)","(X)","20.0","12.7","22.3","14.0","0.0","89.4","0.0","98.9","(X)","(X)","71.8","12.7","70.9","13.5","100.0","89.4","55.6","55.6","(X)","(X)","437","32","362","47","18","16","40","27","17","13","44.6","8.0","48.3","9.3","61.1","37.4","22.5","23.2","0.0","71.9","43.2","8.3","43.9","10.4","38.9","37.4","32.5","32.9","58.8","35.3","2.3","2.3","(X)","(X)","(X)","(X)","(X)","(X)","58.8","41.9","0.0","7.2","(X)","(X)","(X)","(X)","(X)","(X)","0.0","71.9","0.0","7.2","(X)","(X)","(X)","(X)","(X)","(X)","(X)","(X)","3.9","3.3","(X)","(X)","(X)","(X)","(X)","(X)","(X)","(X)","97.5","3.2","100.0","8.6","66.7","40.7","87.5","26.0","100.0","71.9","1.4","2.2","0.0","8.6","33.3","40.7","0.0","46.9","0.0","71.9","1.1","2.1","0.0","8.6","0.0","69.9","12.5","26.0","0.0","71.9","83.1","7.0","81.5","7.9","100.0","69.9","90.0","14.4","82.4","29.6","16.9","7.0","18.5","7.9","0.0","69.9","10.0","14.4","17.6","29.6",
"1400000US06111007607","Census Tract 76.07, Ventura County, California","2041","107","1662","164","47","51","70","50","262","122","3.06","0.17","3.36","0.20","2.57","0.85","3.07","1.07","1.19","0.20","1779","159","1662","164","47","51","70","50","(X)","(X)","3.27","0.18","3.33","0.20","2.45","0.56","2.33","0.31","(X)","(X)","688","120","655","126","6","17","27","23","(X)","(X)","16.7","11.5","16.6","11.7","100.0","100.0","0.0","57.1","(X)","(X)","4.4","5.5","4.6","5.8","0.0","100.0","0.0","57.1","(X)","(X)","78.9","12.7","78.8","13.1","0.0","100.0","100.0","57.1","(X)","(X)","2041","107","1662","164","47","51","70","50","262","122","33.7","6.1","39.4","7.3","12.8","30.9","38.6","36.2","0.0","11.7","35.2","5.5","33.2","5.9","42.6","57.4","32.9","39.9","46.9","24.1","10.4","4.9","(X)","(X)","(X)","(X)","(X)","(X)","80.9","20.5","4.4","3.3","(X)","(X)","(X)","(X)","(X)","(X)","34.4","24.3","1.7","2.4","(X)","(X)","(X)","(X)","(X)","(X)","(X)","(X)","1.1","1.4","(X)","(X)","(X)","(X)","(X)","(X)","(X)","(X)","97.9","1.7","98.2","2.1","100.0","43.3","100.0","35.1","95.0","8.9","2.1","1.7","1.8","2.1","0.0","43.3","0.0","35.1","5.0","8.9","0.0","1.6","0.0","1.9","0.0","43.3","0.0","35.1","0.0","11.7","92.6","3.3","91.6","3.9","100.0","43.3","100.0","35.1","95.0","8.9","7.4","3.3","8.4","3.9","0.0","43.3","0.0","35.1","5.0","8.9",
"1400000US06111007609","Census Tract 76.09, Ventura County, California","796","40","674","53","42","26","42","29","38","24","3.33","0.20","3.47","0.24","3.12","0.82","3.17","0.43","1.16","0.19","758","47","674","53","42","26","42","29","(X)","(X)","3.37","0.22","3.45","0.24","2.90","0.60","2.50","0.36","(X)","(X)","345","52","297","52","22","22","26","24","(X)","(X)","15.1","9.5","17.5","11.0","0.0","63.2","0.0","58.2","(X)","(X)","11.0","7.8","11.1","8.6","0.0","63.2","19.2","31.9","(X)","(X)","73.9","12.8","71.4","14.5","100.0","63.2","80.8","31.9","(X)","(X)","796","40","674","53","42","26","42","29","38","24","45.7","6.4","46.9","7.3","52.4","32.4","61.9","34.3","0.0","48.1","30.0","7.2","30.7","8.0","26.2","34.3","11.9","20.5","42.1","27.6","4.1","2.6","(X)","(X)","(X)","(X)","(X)","(X)","86.8","17.7","1.4","1.5","(X)","(X)","(X)","(X)","(X)","(X)","28.9","28.5","0.0","4.0","(X)","(X)","(X)","(X)","(X)","(X)","(X)","(X)","1.8","1.5","(X)","(X)","(X)","(X)","(X)","(X)","(X)","(X)","99.2","1.1","100.0","4.7","100.0","45.8","100.0","45.8","84.2","23.2","0.0","4.0","0.0","4.7","0.0","45.8","0.0","45.8","0.0","48.1","0.8","1.1","0.0","4.7","0.0","45.8","0.0","45.8","15.8","23.2","88.6","8.5","88.0","9.7","90.5","17.2","100.0","45.8","84.2","23.2","11.4","8.5","12.0","9.7","9.5","17.2","0.0","45.8","15.8","23.2",
"1400000US06111007610","Census Tract 76.10, Ventura County, California","1718","71","1260","97","56","39","164","85","238","91","3.03","0.13","3.46","0.15","2.50","0.42","2.47","0.28","1.25","0.20","1480","95","1260","97","56","39","164","85","(X)","(X)","3.27","0.14","3.41","0.15","2.34","0.41","2.47","0.28","(X)","(X)","631","80","554","74","39","36","38","31","(X)","(X)","13.0","6.8","14.8","7.5","0.0","47.5","0.0","48.1","(X)","(X)","22.0","10.8","25.1","11.9","0.0","47.5","0.0","48.1","(X)","(X)","65.0","11.2","60.1","11.7","100.0","47.5","100.0","48.1","(X)","(X)","1718","71","1260","97","56","39","164","85","238","91","40.9","4.8","49.0","5.4","69.6","31.5","28.7","21.7","0.0","12.7","31.7","5.4","28.3","5.3","14.3","24.1","49.4","27.1","41.2","23.8","11.0","5.0","(X)","(X)","(X)","(X)","(X)","(X)","79.4","15.8","3.8","2.5","(X)","(X)","(X)","(X)","(X)","(X)","27.7","17.2","0.0","1.9","(X)","(X)","(X)","(X)","(X)","(X)","(X)","(X)","2.3","1.7","(X)","(X)","(X)","(X)","(X)","(X)","(X)","(X)","97.6","2.8","96.7","3.7","100.0","39.6","100.0","17.9","100.0","12.7","2.4","2.8","3.3","3.7","0.0","39.6","0.0","17.9","0.0","12.7","0.0","1.9","0.0","2.5","0.0","39.6","0.0","17.9","0.0","12.7","85.2","4.6","87.6","5.1","53.6","36.2","87.2","14.9","78.6","21.7","14.8","4.6","12.4","5.1","46.4","36.2","12.8","14.9","21.4","21.7",
"1400000US06111007611","Census Tract 76.11, Ventura County, California","913","43","616","88","55","43","145","72","97","49","4.83","0.51","5.54","0.52","5.35","0.96","3.78","0.92","1.62","0.48","816","60","616","88","55","43","145","72","(X)","(X)","5.08","0.51","5.51","0.52","4.95","0.64","3.34","0.79","(X)","(X)","465","83","385","93","16","25","64","51","(X)","(X)","16.3","14.8","19.7","16.8","0.0","74.1","0.0","37.0","(X)","(X)","26.2","14.2","20.0","13.8","100.0","74.1","45.3","54.0","(X)","(X)","57.4","14.7","60.3","17.5","0.0","74.1","54.7","54.0","(X)","(X)","913","43","616","88","55","43","145","72","97","49","62.0","8.5","73.2","8.6","92.7","15.1","44.1","27.1","0.0","27.8","30.1","7.1","34.4","9.1","9.1","14.5","6.9","9.2","49.5","30.3","6.5","4.3","(X)","(X)","(X)","(X)","(X)","(X)","60.8","31.8","3.9","3.6","(X)","(X)","(X)","(X)","(X)","(X)","37.1","27.6","0.0","3.5","(X)","(X)","(X)","(X)","(X)","(X)","(X)","(X)","3.7","3.9","(X)","(X)","(X)","(X)","(X)","(X)","(X)","(X)","69.8","7.3","71.3","9.6","70.9","37.3","71.0","19.4","57.7","27.5","30.2","7.3","28.7","9.6","29.1","37.3","29.0","19.4","42.3","27.5","0.0","3.5","0.0","5.1","0.0","40.0","0.0","19.9","0.0","27.8","37.7","8.1","40.7","9.9","41.8","35.7","32.4","24.2","23.7","18.9","62.3","8.1","59.3","9.9","58.2","35.7","67.6","24.2","76.3","18.9",
"1400000US06111007612","Census Tract 76.12, Ventura County, California","1639","94","865","142","134","96","159","77","481","119","2.95","0.24","3.75","0.28","3.43","0.71","3.11","0.56","1.32","0.23","1158","114","865","142","134","96","159","77","(X)","(X)","3.38","0.25","3.62","0.27","2.43","0.23","2.86","0.38","(X)","(X)","593","127","417","126","53","53","123","74","(X)","(X)","24.8","12.8","26.9","15.9","11.3","22.2","23.6","19.7","(X)","(X)","22.3","10.7","25.9","14.5","0.0","40.7","19.5","28.5","(X)","(X)","53.0","14.3","47.2","16.8","88.7","22.2","56.9","28.7","(X)","(X)","1639","94","865","142","134","96","159","77","481","119","37.3","8.3","50.4","11.3","39.6","36.1","77.4","19.8","0.0","6.5","37.5","6.3","31.6","7.0","60.4","36.1","7.5","9.9","51.6","15.0","23.4","6.5","(X)","(X)","(X)","(X)","(X)","(X)","79.8","11.1","9.9","3.9","(X)","(X)","(X)","(X)","(X)","(X)","33.9","12.2","0.0","2.0","(X)","(X)","(X)","(X)","(X)","(X)","(X)","(X)","8.4","5.0","(X)","(X)","(X)","(X)","(X)","(X)","(X)","(X)","43.6","5.8","48.9","8.9","6.0","8.8","27.7","22.7","49.9","13.2","55.9","5.7","50.2","8.6","94.0","8.8","72.3","22.7","50.1","13.2","0.5","0.9","0.9","1.8","0.0","21.3","0.0","18.4","0.0","6.5","36.7","5.6","43.2","9.6","6.0","8.8","7.5","9.1","43.0","13.9","63.3","5.6","56.8","9.6","94.0","8.8","92.5","9.1","57.0","13.9",
"1400000US06111007613","Census Tract 76.13, Ventura County, California","1182","110","864","106","26","24","57","51","235","87","3.33","0.24","3.76","0.29","3.88","2.63","3.42","0.67","1.65","0.32","947","103","864","106","26","24","57","51","(X)","(X)","3.69","0.26","3.74","0.28","3.19","1.55","3.26","0.55","(X)","(X)","459","85","449","85","0","12","10","17","(X)","(X)","13.5","10.6","13.8","10.9","-","**","0.0","93.8","(X)","(X)","25.7","12.3","24.1","12.8","-","**","100.0","93.8","(X)","(X)","60.8","14.4","62.1","14.8","-","**","0.0","93.8","(X)","(X)","1182","110","864","106","26","24","57","51","235","87","44.4","6.4","56.3","7.0","0.0","58.2","68.4","41.5","0.0","12.9","37.8","7.4","33.4","8.2","100.0","58.2","63.2","41.6","40.9","18.7","9.8","4.6","(X)","(X)","(X)","(X)","(X)","(X)","49.4","23.0","6.0","3.4","(X)","(X)","(X)","(X)","(X)","(X)","30.2","16.5","0.0","2.7","(X)","(X)","(X)","(X)","(X)","(X)","(X)","(X)","4.2","2.6","(X)","(X)","(X)","(X)","(X)","(X)","(X)","(X)","90.8","5.8","98.5","2.4","100.0","58.2","100.0","39.3","59.1","20.2","8.1","5.5","0.0","3.7","0.0","58.2","0.0","39.3","40.9","20.2","1.1","1.7","1.5","2.4","0.0","58.2","0.0","39.3","0.0","12.9","81.6","6.9","89.8","7.3","100.0","58.2","82.5","32.8","49.4","22.0","18.4","6.9","10.2","7.3","0.0","58.2","17.5","32.8","50.6","22.0",
"1400000US06111007614","Census Tract 76.14, Ventura County, California","2351","115","1506","208","183","112","274","125","388","124","3.26","0.22","3.69","0.30","3.87","0.46","3.13","0.54","1.39","0.32","1963","121","1506","208","183","112","274","125","(X)","(X)","3.49","0.25","3.68","0.30","2.99","0.44","2.76","0.48","(X)","(X)","791","128","660","153","102","104","29","32","(X)","(X)","29.2","16.0","19.7","12.7","84.3","26.9","51.7","51.7","(X)","(X)","16.1","12.0","19.2","13.7","0.0","26.7","0.0","55.1","(X)","(X)","54.7","17.3","61.1","17.3","15.7","26.9","48.3","51.7","(X)","(X)","2351","115","1506","208","183","112","274","125","388","124","35.8","5.4","45.0","8.8","55.7","35.1","22.6","18.8","0.0","8.0","27.8","4.4","27.2","6.1","13.7","18.1","37.2","24.9","30.4","15.9","13.4","4.7","(X)","(X)","(X)","(X)","(X)","(X)","81.4","15.7","5.0","2.7","(X)","(X)","(X)","(X)","(X)","(X)","30.4","15.9","0.0","1.4","(X)","(X)","(X)","(X)","(X)","(X)","(X)","(X)","6.3","4.8","(X)","(X)","(X)","(X)","(X)","(X)","(X)","(X)","84.5","5.2","88.2","6.1","93.4","11.7","75.2","22.5","72.7","15.2","5.2","4.0","5.4","5.8","0.0","16.2","0.0","11.2","10.6","9.2","10.3","3.7","6.4","3.5","6.6","11.7","24.8","22.5","16.8","12.8","79.1","6.8","81.9","8.3","84.2","20.7","68.6","26.0","73.2","18.2","20.9","6.8","18.1","8.3","15.8","20.7","31.4","26.0","26.8","18.2",
"1400000US06111007700","Census Tract 77, Ventura County, California","2043","75","1131","132","98","70","194","73","620","113","2.95","0.16","3.54","0.25","4.14","1.22","3.87","0.67","1.39","0.37","1423","115","1131","132","98","70","194","73","(X)","(X)","3.53","0.21","3.50","0.25","4.14","1.22","3.40","0.49","(X)","(X)","722","96","583","94","37","42","102","54","(X)","(X)","26.3","9.4","30.4","10.8","0.0","48.8","12.7","21.9","(X)","(X)","22.2","10.1","24.2","11.5","0.0","48.8","18.6","28.1","(X)","(X)","51.5","10.7","45.5","11.1","100.0","48.8","68.6","36.9","(X)","(X)","2043","75","1131","132","98","70","194","73","620","113","40.2","4.7","54.2","6.4","74.5","35.6","63.9","22.3","1.9","3.0","36.1","4.9","35.6","7.7","7.1","13.3","26.8","20.1","44.5","10.8","26.2","5.3","(X)","(X)","(X)","(X)","(X)","(X)","86.5","7.6","7.9","3.3","(X)","(X)","(X)","(X)","(X)","(X)","26.0","9.9","0.5","0.8","(X)","(X)","(X)","(X)","(X)","(X)","(X)","(X)","5.9","3.5","(X)","(X)","(X)","(X)","(X)","(X)","(X)","(X)","74.9","5.3","85.9","5.4","77.6","35.2","76.8","16.9","53.9","14.0","14.9","4.4","8.6","4.7","22.4","35.2","19.1","16.8","23.9","10.8","10.2","3.2","5.5","3.4","0.0","27.6","4.1","7.4","22.3","10.0","66.3","6.0","70.4","9.2","48.0","35.5","42.3","23.0","69.4","12.0","33.7","6.0","29.6","9.2","52.0","35.5","57.7","23.0","30.6","12.0",
"1400000US06111007800","Census Tract 78, Ventura County, California","1408","80","607","125","129","70","283","109","389","98","2.97","0.27","3.66","0.27","2.52","0.31","4.10","0.89","1.22","0.16","1019","115","607","125","129","70","283","109","(X)","(X)","3.53","0.29","3.56","0.23","2.47","0.31","3.93","0.91","(X)","(X)","671","112","427","110","41","37","203","88","(X)","(X)","35.3","12.2","40.3","16.1","12.2","24.3","29.6","21.9","(X)","(X)","12.5","8.8","14.3","11.3","0.0","46.3","11.3","14.9","(X)","(X)","52.2","13.4","45.4","16.6","87.8","24.3","59.1","24.2","(X)","(X)","1408","80","607","125","129","70","283","109","389","98","48.3","7.2","70.3","8.6","31.8","26.1","71.7","16.4","2.3","4.0","29.2","5.4","21.1","7.1","9.3","13.0","17.3","14.8","57.1","12.4","23.3","6.0","(X)","(X)","(X)","(X)","(X)","(X)","84.3","10.2","10.3","3.9","(X)","(X)","(X)","(X)","(X)","(X)","37.3","12.1","0.0","2.3","(X)","(X)","(X)","(X)","(X)","(X)","(X)","(X)","5.7","3.5","(X)","(X)","(X)","(X)","(X)","(X)","(X)","(X)","45.7","8.0","67.5","11.6","41.1","27.9","29.3","23.1","24.9","11.8","54.3","8.0","32.5","11.6","58.9","27.9","70.7","23.1","75.1","11.8","0.0","2.3","0.0","5.2","0.0","22.0","0.0","10.8","0.0","8.0","37.3","6.4","54.2","11.8","37.2","26.9","14.5","13.4","27.5","11.5","62.7","6.4","45.8","11.8","62.8","26.9","85.5","13.4","72.5","11.5",
"1400000US06111007901","Census Tract 79.01, Ventura County, California","1714","47","984","119","134","74","140","66","456","102","3.34","0.23","4.03","0.44","4.66","1.69","3.89","0.77","1.30","0.16","1258","109","984","119","134","74","140","66","(X)","(X)","3.98","0.30","3.95","0.43","4.34","1.74","3.80","0.77","(X)","(X)","631","115","498","113","75","60","58","53","(X)","(X)","29.5","12.3","35.7","14.5","0.0","33.5","13.8","23.2","(X)","(X)","12.2","6.8","14.3","8.3","8.0","13.4","0.0","38.9","(X)","(X)","58.3","12.3","50.0","14.7","92.0","13.4","86.2","23.2","(X)","(X)","1714","47","984","119","134","74","140","66","456","102","44.3","6.5","57.2","8.6","84.3","14.8","59.3","22.8","0.0","6.9","25.4","5.5","19.6","6.5","34.3","25.3","39.3","24.8","30.9","12.2","19.8","5.1","(X)","(X)","(X)","(X)","(X)","(X)","74.6","13.7","5.8","3.0","(X)","(X)","(X)","(X)","(X)","(X)","21.7","10.3","0.8","1.2","(X)","(X)","(X)","(X)","(X)","(X)","(X)","(X)","4.6","3.5","(X)","(X)","(X)","(X)","(X)","(X)","(X)","(X)","70.1","5.2","69.3","7.5","59.7","27.3","63.6","25.5","76.8","9.3","29.9","5.2","30.7","7.5","40.3","27.3","36.4","25.5","23.2","9.3","0.0","1.9","0.0","3.2","0.0","21.3","0.0","20.5","0.0","6.9","56.2","6.6","47.4","9.3","59.7","27.3","63.6","25.5","72.1","14.3","43.8","6.6","52.6","9.3","40.3","27.3","36.4","25.5","27.9","14.3",
"1400000US06111007903","Census Tract 79.03, Ventura County, California","1512","53","1244","96","0","12","29","27","239","92","3.07","0.18","3.33","0.18","-","**","3.38","0.97","1.67","0.63","1273","101","1244","96","0","12","29","27","(X)","(X)","3.30","0.17","3.30","0.18","-","**","3.38","0.97","(X)","(X)","573","62","562","61","0","12","11","17","(X)","(X)","24.6","10.3","25.1","10.5","-","**","0.0","89.4","(X)","(X)","17.8","9.1","18.1","9.2","-","**","0.0","89.4","(X)","(X)","57.6","13.0","56.8","13.1","-","**","100.0","89.4","(X)","(X)","1512","53","1244","96","0","12","29","27","239","92","38.4","4.0","45.7","4.3","-","**","37.9","48.2","0.0","12.7","30.8","3.9","29.5","4.5","-","**","27.6","43.0","37.7","21.1","11.8","4.5","(X)","(X)","(X)","(X)","(X)","(X)","74.5","15.6","5.0","2.2","(X)","(X)","(X)","(X)","(X)","(X)","31.4","18.2","0.6","0.9","(X)","(X)","(X)","(X)","(X)","(X)","(X)","(X)","1.1","1.4","(X)","(X)","(X)","(X)","(X)","(X)","(X)","(X)","97.0","2.6","98.6","1.5","-","**","100.0","55.1","87.9","12.5","1.9","2.3","0.0","2.6","-","**","0.0","55.1","12.1","12.5","1.1","1.2","1.4","1.5","-","**","0.0","55.1","0.0","12.7","90.5","3.3","91.5","3.5","-","**","100.0","55.1","84.1","14.1","9.5","3.3","8.5","3.5","-","**","0.0","55.1","15.9","14.1",
"1400000US06111007904","Census Tract 79.04, Ventura County, California","1740","40","1180","117","51","35","198","86","311","75","3.40","0.22","3.92","0.26","2.55","0.41","4.18","0.73","1.07","0.07","1429","85","1180","117","51","35","198","86","(X)","(X)","3.85","0.25","3.88","0.27","2.39","0.30","4.04","0.76","(X)","(X)","686","79","599","87","11","16","76","55","(X)","(X)","25.7","12.7","27.0","14.8","0.0","89.4","18.4","36.4","(X)","(X)","18.1","9.4","20.7","10.8","0.0","89.4","0.0","33.2","(X)","(X)","56.3","13.3","52.3","15.2","100.0","89.4","81.6","36.4","(X)","(X)","1740","40","1180","117","51","35","198","86","311","75","45.0","4.8","56.4","5.4","21.6","31.1","53.5","25.1","0.0","9.9","41.4","4.1","33.3","5.6","15.7","28.0","57.1","22.0","66.6","13.2","16.6","4.4","(X)","(X)","(X)","(X)","(X)","(X)","92.9","7.4","11.3","3.8","(X)","(X)","(X)","(X)","(X)","(X)","63.3","14.0","0.6","1.0","(X)","(X)","(X)","(X)","(X)","(X)","(X)","(X)","2.0","1.7","(X)","(X)","(X)","(X)","(X)","(X)","(X)","(X)","99.1","1.0","99.2","1.2","100.0","41.5","100.0","15.1","98.1","3.3","0.9","1.0","0.8","1.2","0.0","41.5","0.0","15.1","1.9","3.3","0.0","1.8","0.0","2.7","0.0","41.5","0.0","15.1","0.0","9.9","84.9","5.9","83.8","7.9","56.9","37.9","92.9","10.6","88.4","10.8","15.1","5.9","16.2","7.9","43.1","37.9","7.1","10.6","11.6","10.8",
"1400000US06111008001","Census Tract 80.01, Ventura County, California","959","36","520","75","91","45","184","60","164","50","3.74","0.26","4.03","0.35","5.13","0.86","3.95","0.81","1.79","0.41","795","51","520","75","91","45","184","60","(X)","(X)","3.82","0.25","3.90","0.30","3.82","0.78","3.58","0.69","(X)","(X)","351","53","209","54","61","38","81","39","(X)","(X)","17.9","8.0","23.0","11.9","9.8","14.2","11.1","16.5","(X)","(X)","17.4","12.1","11.5","12.1","36.1","28.1","18.5","26.5","(X)","(X)","64.7","12.1","65.6","15.8","54.1","28.4","70.4","30.9","(X)","(X)","959","36","520","75","91","45","184","60","164","50","45.0","5.6","51.3","9.2","84.6","12.6","47.8","14.7","0.0","17.9","38.7","7.2","39.6","7.9","29.7","18.7","38.0","15.2","41.5","20.4","8.8","4.0","(X)","(X)","(X)","(X)","(X)","(X)","51.2","21.5","4.5","3.0","(X)","(X)","(X)","(X)","(X)","(X)","26.2","17.6","0.0","3.3","(X)","(X)","(X)","(X)","(X)","(X)","(X)","(X)","12.7","4.7","(X)","(X)","(X)","(X)","(X)","(X)","(X)","(X)","91.9","2.7","96.0","2.6","85.7","15.9","92.9","8.2","81.1","15.2","7.4","2.9","2.7","2.3","14.3","15.9","7.1","8.2","18.9","15.2","0.7","1.0","1.3","1.9","0.0","29.2","0.0","16.1","0.0","17.9","75.5","6.8","88.5","8.2","41.8","25.2","54.3","15.6","76.8","13.7","24.5","6.8","11.5","8.2","58.2","25.2","45.7","15.6","23.2","13.7",
"1400000US06111008002","Census Tract 80.02, Ventura County, California","1535","68","911","119","75","46","273","110","276","88","3.40","0.22","3.88","0.33","4.03","0.79","3.70","0.51","1.34","0.20","1259","100","911","119","75","46","273","110","(X)","(X)","3.63","0.23","3.66","0.30","3.49","0.74","3.56","0.54","(X)","(X)","597","95","408","87","24","23","165","98","(X)","(X)","30.0","12.2","37.3","16.0","0.0","60.5","16.4","22.2","(X)","(X)","16.1","9.9","17.2","11.8","0.0","60.5","15.8","23.3","(X)","(X)","53.9","13.4","45.6","15.0","100.0","60.5","67.9","29.6","(X)","(X)","1535","68","911","119","75","46","273","110","276","88","46.8","6.8","53.8","9.2","46.7","33.1","71.1","16.4","0.0","11.1","34.0","6.8","35.3","8.7","13.3","20.5","29.7","16.0","39.5","15.1","13.4","5.3","(X)","(X)","(X)","(X)","(X)","(X)","74.3","14.9","3.8","2.4","(X)","(X)","(X)","(X)","(X)","(X)","21.0","14.8","0.0","2.1","(X)","(X)","(X)","(X)","(X)","(X)","(X)","(X)","4.6","3.5","(X)","(X)","(X)","(X)","(X)","(X)","(X)","(X)","88.1","5.0","95.5","3.4","88.0","21.1","70.3","20.9","81.5","17.4","11.9","5.0","4.5","3.4","12.0","21.1","29.7","20.9","18.5","17.4","0.0","2.1","0.0","3.5","0.0","33.5","0.0","11.2","0.0","11.1","67.2","6.9","75.4","8.0","36.0","31.5","57.5","22.5","58.0","18.9","32.8","6.9","24.6","8.0","64.0","31.5","42.5","22.5","42.0","18.9",
"1400000US06111008004","Census Tract 80.04, Ventura County, California","1398","65","907","115","118","79","126","50","247","68","3.40","0.30","3.56","0.28","5.58","1.84","3.80","0.43","1.53","0.21","1151","93","907","115","118","79","126","50","(X)","(X)","3.73","0.31","3.56","0.28","5.05","1.64","3.72","0.43","(X)","(X)","515","81","407","90","27","39","81","60","(X)","(X)","15.0","11.1","16.5","13.4","0.0","57.1","12.3","24.4","(X)","(X)","11.1","8.2","12.0","9.2","0.0","57.1","9.9","17.3","(X)","(X)","74.0","13.0","71.5","14.9","100.0","57.1","77.8","29.8","(X)","(X)","1398","65","907","115","118","79","126","50","247","68","40.6","4.8","47.5","8.1","34.7","28.0","67.5","33.9","4.0","6.7","26.8","5.4","25.1","7.7","21.2","21.2","22.2","29.3","37.7","17.7","10.4","3.7","(X)","(X)","(X)","(X)","(X)","(X)","59.1","15.8","4.4","2.3","(X)","(X)","(X)","(X)","(X)","(X)","25.1","12.9","0.0","2.3","(X)","(X)","(X)","(X)","(X)","(X)","(X)","(X)","6.4","4.3","(X)","(X)","(X)","(X)","(X)","(X)","(X)","(X)","99.6","0.8","100.0","3.5","100.0","23.7","100.0","22.5","97.6","4.3","0.4","0.8","0.0","3.5","0.0","23.7","0.0","22.5","2.4","4.3","0.0","2.3","0.0","3.5","0.0","23.7","0.0","22.5","0.0","12.3","81.3","6.5","88.1","6.9","73.7","24.6","34.9","23.4","83.4","15.1","18.7","6.5","11.9","6.9","26.3","24.6","65.1","23.4","16.6","15.1",
"1400000US06111008005","Census Tract 80.05, Ventura County, California","738","46","464","54","59","36","97","40","118","41","3.32","0.24","3.66","0.34","4.24","1.38","3.61","0.72","1.30","0.17","620","50","464","54","59","36","97","40","(X)","(X)","3.53","0.24","3.58","0.31","3.73","1.18","3.16","0.47","(X)","(X)","277","45","216","48","23","24","38","29","(X)","(X)","14.1","8.5","16.7","10.4","0.0","61.8","7.9","19.0","(X)","(X)","24.2","12.1","19.0","12.0","60.9","55.5","31.6","38.0","(X)","(X)","61.7","13.5","64.4","13.9","39.1","55.5","60.5","42.7","(X)","(X)","738","46","464","54","59","36","97","40","118","41","42.0","5.4","48.3","7.8","52.5","29.9","56.7","22.6","0.0","23.7","35.9","6.1","35.3","9.3","16.9","19.2","32.0","17.1","50.8","20.3","12.9","4.9","(X)","(X)","(X)","(X)","(X)","(X)","80.5","12.8","5.0","2.5","(X)","(X)","(X)","(X)","(X)","(X)","31.4","15.6","0.0","4.3","(X)","(X)","(X)","(X)","(X)","(X)","(X)","(X)","5.7","4.1","(X)","(X)","(X)","(X)","(X)","(X)","(X)","(X)","100.0","4.3","100.0","6.8","100.0","38.6","100.0","27.8","100.0","23.7","0.0","4.3","0.0","6.8","0.0","38.6","0.0","27.8","0.0","23.7","0.0","4.3","0.0","6.8","0.0","38.6","0.0","27.8","0.0","23.7","79.8","6.5","87.7","7.2","50.8","29.2","56.7","23.2","82.2","13.9","20.2","6.5","12.3","7.2","49.2","29.2","43.3","23.2","17.8","13.9",
"1400000US06111008101","Census Tract 81.01, Ventura County, California","1066","39","597","94","83","48","142","56","244","64","3.09","0.26","3.52","0.36","4.36","1.16","3.35","0.66","1.48","0.29","822","70","597","94","83","48","142","56","(X)","(X)","3.51","0.29","3.50","0.36","4.17","1.18","3.15","0.50","(X)","(X)","350","60","257","57","0","12","93","44","(X)","(X)","20.9","12.0","18.7","12.0","-","**","26.9","28.3","(X)","(X)","11.4","9.0","13.2","10.6","-","**","6.5","11.7","(X)","(X)","67.7","13.7","68.1","16.2","-","**","66.7","28.3","(X)","(X)","1066","39","597","94","83","48","142","56","244","64","39.1","5.3","43.0","7.3","57.8","26.4","71.8","20.0","4.1","6.6","41.7","6.2","45.1","8.6","43.4","28.6","21.1","17.2","45.1","16.5","16.0","5.5","(X)","(X)","(X)","(X)","(X)","(X)","70.1","14.1","7.9","3.6","(X)","(X)","(X)","(X)","(X)","(X)","34.4","14.9","0.0","3.0","(X)","(X)","(X)","(X)","(X)","(X)","(X)","(X)","3.4","3.2","(X)","(X)","(X)","(X)","(X)","(X)","(X)","(X)","90.9","4.0","93.3","4.9","100.0","31.3","100.0","20.3","76.6","12.9","8.2","3.6","5.0","3.5","0.0","31.3","0.0","20.3","23.4","12.9","0.9","1.5","1.7","2.7","0.0","31.3","0.0","20.3","0.0","12.5","81.8","6.3","90.8","5.8","91.6","13.6","76.1","16.0","59.8","19.8","18.2","6.3","9.2","5.8","8.4","13.6","23.9","16.0","40.2","19.8",
"1400000US06111008201","Census Tract 82.01, Ventura County, California","1426","59","740","93","75","52","234","104","377","96","3.00","0.21","3.66","0.26","4.20","0.83","3.42","0.40","1.20","0.13","1049","103","740","93","75","52","234","104","(X)","(X)","3.44","0.19","3.62","0.26","2.44","0.46","3.17","0.41","(X)","(X)","522","104","354","77","17","19","151","98","(X)","(X)","19.2","8.9","26.6","12.5","35.3","58.2","0.0","19.2","(X)","(X)","25.9","13.0","28.8","14.4","0.0","71.9","21.9","27.1","(X)","(X)","55.0","13.0","44.6","13.8","64.7","58.2","78.1","27.1","(X)","(X)","1426","59","740","93","75","52","234","104","377","96","41.7","7.1","48.6","8.5","73.3","30.1","76.9","15.4","0.0","8.3","40.9","5.6","33.2","7.4","65.3","33.0","23.1","16.5","62.1","13.6","22.9","6.2","(X)","(X)","(X)","(X)","(X)","(X)","86.7","8.3","12.9","4.4","(X)","(X)","(X)","(X)","(X)","(X)","48.8","13.9","0.4","0.7","(X)","(X)","(X)","(X)","(X)","(X)","(X)","(X)","8.8","5.2","(X)","(X)","(X)","(X)","(X)","(X)","(X)","(X)","86.3","3.9","95.1","3.9","100.0","33.5","85.5","17.6","66.8","11.6","13.0","3.8","4.9","3.9","0.0","33.5","14.5","17.6","30.8","11.3","0.6","1.0","0.0","4.3","0.0","33.5","0.0","12.9","2.4","3.9","75.5","6.4","86.9","8.1","84.0","24.3","48.7","23.0","67.9","11.5","24.5","6.4","13.1","8.1","16.0","24.3","51.3","23.0","32.1","11.5",
"1400000US06111008202","Census Tract 82.02, Ventura County, California","1462","52","839","103","148","66","206","77","269","81","3.23","0.22","3.63","0.26","4.64","1.48","3.06","0.34","1.33","0.23","1193","89","839","103","148","66","206","77","(X)","(X)","3.33","0.19","3.55","0.24","3.28","0.44","2.49","0.31","(X)","(X)","576","85","379","78","62","49","135","67","(X)","(X)","35.4","12.6","33.2","14.1","56.5","38.9","31.9","29.0","(X)","(X)","8.2","6.2","9.2","8.0","19.4","28.6","0.0","21.2","(X)","(X)","56.4","12.5","57.5","14.3","24.2","31.9","68.1","29.0","(X)","(X)","1462","52","839","103","148","66","206","77","269","81","43.3","5.7","47.1","6.8","48.0","24.9","77.2","16.5","3.0","5.0","32.4","6.1","32.2","8.2","57.4","25.2","25.2","16.9","24.9","14.5","14.6","5.2","(X)","(X)","(X)","(X)","(X)","(X)","79.6","12.7","3.4","2.1","(X)","(X)","(X)","(X)","(X)","(X)","18.2","11.9","0.0","2.2","(X)","(X)","(X)","(X)","(X)","(X)","(X)","(X)","6.3","4.7","(X)","(X)","(X)","(X)","(X)","(X)","(X)","(X)","92.8","3.4","98.1","2.0","73.6","21.2","84.5","15.3","93.3","6.7","7.2","3.4","1.9","2.0","26.4","21.2","15.5","15.3","6.7","6.7","0.0","2.2","0.0","3.8","0.0","19.6","0.0","14.6","0.0","11.4","78.5","5.6","87.2","7.4","52.7","28.6","50.5","23.6","86.6","9.8","21.5","5.6","12.8","7.4","47.3","28.6","49.5","23.6","13.4","9.8",
"1400000US06111008302","Census Tract 83.02, Ventura County, California","1977","58","1074","95","76","54","247","87","580","96","2.80","0.17","3.37","0.22","3.26","0.93","3.21","0.63","1.51","0.21","1397","94","1074","95","76","54","247","87","(X)","(X)","3.24","0.21","3.33","0.23","2.83","0.99","2.96","0.53","(X)","(X)","518","87","365","62","53","48","100","59","(X)","(X)","10.8","8.7","11.5","10.4","13.2","25.5","7.0","11.4","(X)","(X)","37.5","11.6","45.8","14.2","0.0","40.7","27.0","34.0","(X)","(X)","51.7","12.4","42.7","14.2","86.8","25.5","66.0","33.3","(X)","(X)","1977","58","1074","95","76","54","247","87","580","96","28.8","5.1","37.1","6.9","82.9","22.3","44.1","18.9","0.0","5.4","46.1","4.6","41.7","7.2","19.7","25.3","49.8","18.3","56.0","11.1","20.0","4.2","(X)","(X)","(X)","(X)","(X)","(X)","68.1","12.0","13.9","3.4","(X)","(X)","(X)","(X)","(X)","(X)","47.4","10.9","0.8","0.9","(X)","(X)","(X)","(X)","(X)","(X)","(X)","(X)","7.2","3.9","(X)","(X)","(X)","(X)","(X)","(X)","(X)","(X)","80.5","4.7","87.6","5.4","81.6","22.4","59.9","17.8","76.0","9.0","19.5","4.7","12.4","5.4","18.4","22.4","40.1","17.8","24.0","9.0","0.0","1.6","0.0","3.0","0.0","33.2","0.0","12.3","0.0","5.4","70.7","5.3","77.8","7.8","57.9","35.8","49.4","18.0","68.1","9.8","29.3","5.3","22.2","7.8","42.1","35.8","50.6","18.0","31.9","9.8",
"1400000US06111008303","Census Tract 83.03, Ventura County, California","1361","90","507","85","126","71","281","98","447","114","2.79","0.20","3.60","0.38","3.47","0.49","3.25","0.50","1.40","0.16","914","101","507","85","126","71","281","98","(X)","(X)","3.26","0.21","3.56","0.37","2.84","0.34","2.93","0.43","(X)","(X)","466","99","238","59","81","68","147","76","(X)","(X)","20.6","12.4","15.1","10.7","32.1","45.0","23.1","26.2","(X)","(X)","10.9","7.0","17.6","10.5","0.0","31.8","6.1","10.2","(X)","(X)","68.5","13.3","67.2","15.1","67.9","45.0","70.7","26.2","(X)","(X)","1361","90","507","85","126","71","281","98","447","114","37.9","6.8","51.1","9.9","87.3","13.3","52.3","17.0","0.0","7.0","50.5","6.4","41.2","9.4","43.7","31.2","52.3","15.1","61.7","13.0","23.6","5.8","(X)","(X)","(X)","(X)","(X)","(X)","71.8","12.1","16.8","5.3","(X)","(X)","(X)","(X)","(X)","(X)","51.2","13.8","1.7","2.7","(X)","(X)","(X)","(X)","(X)","(X)","(X)","(X)","9.5","5.1","(X)","(X)","(X)","(X)","(X)","(X)","(X)","(X)","54.5","5.8","75.5","10.0","50.0","30.9","45.2","17.6","37.8","13.1","36.1","7.3","22.7","10.2","12.7","13.6","39.5","20.0","55.7","12.9","9.4","4.8","1.8","2.9","37.3","31.8","15.3","13.7","6.5","5.5","49.1","6.0","64.1","10.7","48.4","32.5","31.3","16.5","43.4","13.0","50.9","6.0","35.9","10.7","51.6","32.5","68.7","16.5","56.6","13.0",
"1400000US06111008304","Census Tract 83.04, Ventura County, California","2112","56","1281","166","114","86","72","43","645","147","2.67","0.17","3.28","0.24","2.96","0.92","3.89","1.02","1.26","0.16","1467","161","1281","166","114","86","72","43","(X)","(X)","3.26","0.23","3.26","0.24","2.81","0.87","3.89","1.02","(X)","(X)","682","159","649","160","17","20","16","20","(X)","(X)","23.9","15.3","25.1","16.1","0.0","71.9","0.0","74.1","(X)","(X)","14.2","7.2","13.9","7.4","0.0","71.9","43.8","56.2","(X)","(X)","61.9","14.0","61.0","14.8","100.0","71.9","56.3","56.3","(X)","(X)","2112","56","1281","166","114","86","72","43","645","147","33.3","7.4","52.3","10.2","14.9","22.0","22.2","21.7","0.0","4.9","33.9","7.8","24.6","8.5","28.1","33.7","75.0","28.2","48.7","12.7","23.6","6.3","(X)","(X)","(X)","(X)","(X)","(X)","77.2","13.6","8.7","4.4","(X)","(X)","(X)","(X)","(X)","(X)","28.5","12.6","0.0","1.5","(X)","(X)","(X)","(X)","(X)","(X)","(X)","(X)","5.0","3.6","(X)","(X)","(X)","(X)","(X)","(X)","(X)","(X)","71.4","6.2","80.7","8.4","57.0","41.9","63.9","26.9","56.3","13.8","13.0","5.3","7.0","6.6","14.9","25.7","0.0","34.4","26.0","13.4","15.6","4.4","12.3","6.5","28.1","33.7","36.1","26.9","17.7","8.3","79.6","6.6","87.4","7.2","57.9","47.3","90.3","17.4","66.7","15.2","20.4","6.6","12.6","7.2","42.1","47.3","9.7","17.4","33.3","15.2",
"1400000US06111008305","Census Tract 83.05, Ventura County, California","1244","29","947","92","48","52","87","49","162","67","3.04","0.14","3.25","0.17","3.52","0.40","3.38","0.73","1.52","0.35","1082","68","947","92","48","52","87","49","(X)","(X)","3.26","0.16","3.25","0.17","3.52","0.40","3.28","0.68","(X)","(X)","468","61","413","52","36","50","19","22","(X)","(X)","17.3","11.2","10.9","6.4","100.0","49.4","0.0","68.0","(X)","(X)","10.7","8.4","12.1","9.4","0.0","49.4","0.0","68.0","(X)","(X)","72.0","13.6","77.0","10.5","0.0","49.4","100.0","68.0","(X)","(X)","1244","29","947","92","48","52","87","49","162","67","40.1","5.1","45.9","4.7","75.0","52.3","32.2","30.9","0.0","18.1","47.3","7.0","49.8","8.1","0.0","42.8","10.3","16.8","66.0","23.1","8.4","4.3","(X)","(X)","(X)","(X)","(X)","(X)","64.8","25.9","1.8","1.6","(X)","(X)","(X)","(X)","(X)","(X)","13.6","14.3","1.3","1.5","(X)","(X)","(X)","(X)","(X)","(X)","(X)","(X)","2.7","3.4","(X)","(X)","(X)","(X)","(X)","(X)","(X)","(X)","100.0","2.6","100.0","3.4","100.0","42.8","100.0","30.2","100.0","18.1","0.0","2.6","0.0","3.4","0.0","42.8","0.0","30.2","0.0","18.1","0.0","2.6","0.0","3.4","0.0","42.8","0.0","30.2","0.0","18.1","94.4","4.5","96.5","3.1","100.0","42.8","88.5","21.5","83.3","24.0","5.6","4.5","3.5","3.1","0.0","42.8","11.5","21.5","16.7","24.0",
"1400000US06111008306","Census Tract 83.06, Ventura County, California","1546","45","806","97","91","61","211","81","438","101","2.51","0.19","3.12","0.25","2.24","0.33","2.82","0.46","1.29","0.25","1108","99","806","97","91","61","211","81","(X)","(X)","2.97","0.22","3.12","0.25","2.24","0.33","2.67","0.47","(X)","(X)","575","78","383","76","62","54","130","74","(X)","(X)","12.3","7.8","17.0","10.7","0.0","37.6","4.6","9.2","(X)","(X)","25.0","11.4","30.8","12.8","0.0","37.6","20.0","29.8","(X)","(X)","62.6","12.8","52.2","13.9","100.0","37.6","75.4","29.0","(X)","(X)","1546","45","806","97","91","61","211","81","438","101","37.2","5.2","47.5","7.5","68.1","29.8","61.6","24.0","0.0","7.1","32.5","5.1","33.7","7.7","8.8","14.0","18.5","17.5","41.8","12.9","23.7","6.3","(X)","(X)","(X)","(X)","(X)","(X)","83.6","11.1","7.4","3.0","(X)","(X)","(X)","(X)","(X)","(X)","26.0","10.2","0.0","2.1","(X)","(X)","(X)","(X)","(X)","(X)","(X)","(X)","1.4","1.4","(X)","(X)","(X)","(X)","(X)","(X)","(X)","(X)","61.9","5.6","78.8","7.5","20.9","25.8","33.2","19.3","53.2","12.8","38.1","5.6","21.2","7.5","79.1","25.8","66.8","19.3","46.8","12.8","0.0","2.1","0.0","3.9","0.0","29.2","0.0","14.2","0.0","7.1","53.9","4.8","63.3","9.1","18.7","21.2","31.3","19.4","55.0","13.0","46.1","4.8","36.7","9.1","81.3","21.2","68.7","19.4","45.0","13.0",
"1400000US06111008401","Census Tract 84.01, Ventura County, California","1851","74","846","117","146","87","281","89","578","133","2.87","0.24","3.62","0.28","3.36","0.55","3.58","0.89","1.32","0.17","1273","133","846","117","146","87","281","89","(X)","(X)","3.43","0.24","3.53","0.27","3.27","0.49","3.20","0.63","(X)","(X)","579","101","405","85","73","58","101","53","(X)","(X)","18.5","9.3","24.7","11.9","0.0","34.1","6.9","14.6","(X)","(X)","15.7","8.5","20.5","10.7","0.0","34.1","7.9","12.8","(X)","(X)","65.8","12.4","54.8","14.8","100.0","34.1","85.1","21.0","(X)","(X)","1851","74","846","117","146","87","281","89","578","133","37.0","5.9","50.1","7.5","87.0","15.2","44.5","16.5","1.6","2.8","43.1","5.8","40.1","6.4","12.3","15.2","25.3","20.5","63.8","12.1","23.9","5.8","(X)","(X)","(X)","(X)","(X)","(X)","76.6","12.8","13.5","3.6","(X)","(X)","(X)","(X)","(X)","(X)","43.1","9.7","0.0","1.7","(X)","(X)","(X)","(X)","(X)","(X)","(X)","(X)","5.5","4.2","(X)","(X)","(X)","(X)","(X)","(X)","(X)","(X)","78.0","4.8","86.2","6.1","77.4","20.3","81.5","12.4","64.4","10.8","22.0","4.8","13.8","6.1","22.6","20.3","18.5","12.4","35.6","10.8","0.0","1.7","0.0","3.8","0.0","19.8","0.0","10.9","0.0","5.5","68.1","5.3","86.8","6.0","56.2","31.9","54.8","18.4","50.3","10.1","31.9","5.3","13.2","6.0","43.8","31.9","45.2","18.4","49.7","10.1",
"1400000US06111008402","Census Tract 84.02, Ventura County, California","1648","60","1123","126","120","68","165","85","240","74","3.19","0.18","3.48","0.19","3.00","0.91","3.92","0.62","1.40","0.43","1408","78","1123","126","120","68","165","85","(X)","(X)","3.32","0.15","3.38","0.17","2.79","0.57","3.32","0.73","(X)","(X)","704","78","583","97","37","42","84","62","(X)","(X)","11.5","5.5","10.5","6.0","0.0","48.8","23.8","34.2","(X)","(X)","10.4","6.5","12.5","7.4","0.0","48.8","0.0","31.0","(X)","(X)","78.1","8.1","77.0","9.2","100.0","48.8","76.2","34.2","(X)","(X)","1648","60","1123","126","120","68","165","85","240","74","45.9","4.9","56.1","6.8","30.8","29.4","53.9","25.0","0.0","12.6","38.6","5.1","31.8","6.3","33.3","29.5","46.7","23.7","67.5","17.8","12.5","4.3","(X)","(X)","(X)","(X)","(X)","(X)","85.8","15.6","5.6","2.7","(X)","(X)","(X)","(X)","(X)","(X)","38.8","15.4","0.0","2.0","(X)","(X)","(X)","(X)","(X)","(X)","(X)","(X)","4.1","3.1","(X)","(X)","(X)","(X)","(X)","(X)","(X)","(X)","98.8","1.3","99.3","1.2","90.8","16.2","100.0","17.8","100.0","12.6","0.0","2.0","0.0","2.8","0.0","23.4","0.0","17.8","0.0","12.6","1.2","1.3","0.7","1.2","9.2","16.2","0.0","17.8","0.0","12.6","88.2","4.6","90.7","4.7","91.7","13.0","81.8","19.1","79.2","14.3","11.8","4.6","9.3","4.7","8.3","13.0","18.2","19.1","20.8","14.3",
"1400000US06111008500","Census Tract 85, Ventura County, California","3001","109","1901","189","138","97","298","128","664","147","2.85","0.15","3.38","0.17","2.43","0.55","2.81","0.35","1.44","0.40","2337","158","1901","189","138","97","298","128","(X)","(X)","3.24","0.16","3.38","0.17","2.43","0.55","2.72","0.31","(X)","(X)","919","141","710","132","113","96","96","72","(X)","(X)","17.0","8.9","20.1","11.0","11.5","15.4","0.0","28.0","(X)","(X)","14.0","8.5","18.2","10.9","0.0","24.6","0.0","28.0","(X)","(X)","69.0","10.8","61.7","13.2","88.5","15.4","100.0","28.0","(X)","(X)","3001","109","1901","189","138","97","298","128","664","147","33.1","4.4","41.2","6.4","81.9","24.7","32.2","20.7","0.0","4.8","40.5","5.4","38.1","6.3","49.3","37.8","55.7","22.1","38.6","14.3","19.0","4.4","(X)","(X)","(X)","(X)","(X)","(X)","85.8","10.8","5.4","2.8","(X)","(X)","(X)","(X)","(X)","(X)","24.2","12.6","0.5","0.9","(X)","(X)","(X)","(X)","(X)","(X)","(X)","(X)","0.0","1.1","(X)","(X)","(X)","(X)","(X)","(X)","(X)","(X)","81.7","4.1","92.6","4.5","9.4","12.4","79.2","15.1","66.4","12.3","18.3","4.1","7.4","4.5","90.6","12.4","20.8","15.1","33.6","12.3","0.0","1.1","0.0","1.7","0.0","20.8","0.0","10.3","0.0","4.8","74.3","4.9","84.5","5.9","9.4","12.4","74.8","16.0","58.4","14.2","25.7","4.9","15.5","5.9","90.6","12.4","25.2","16.0","41.6","14.2",
"1400000US06111008600","Census Tract 86, Ventura County, California","2218","86","982","184","175","105","485","156","576","155","3.66","0.28","4.71","0.35","3.77","0.69","4.12","0.46","1.47","0.29","1642","154","982","184","175","105","485","156","(X)","(X)","4.25","0.24","4.65","0.34","3.21","0.53","3.81","0.48","(X)","(X)","1046","150","579","150","98","89","369","142","(X)","(X)","10.5","7.1","13.8","10.0","0.0","27.6","8.1","13.1","(X)","(X)","38.2","13.3","35.1","16.1","15.3","26.4","49.3","22.3","(X)","(X)","51.2","12.4","51.1","16.2","84.7","26.4","42.5","21.4","(X)","(X)","2218","86","982","184","175","105","485","156","576","155","56.0","6.7","67.9","9.6","74.9","24.0","91.3","8.6","0.0","5.5","27.6","5.2","27.4","9.0","28.0","25.8","5.8","7.8","46.2","13.1","17.9","5.7","(X)","(X)","(X)","(X)","(X)","(X)","68.8","15.6","8.5","2.9","(X)","(X)","(X)","(X)","(X)","(X)","32.6","11.7","0.0","1.5","(X)","(X)","(X)","(X)","(X)","(X)","(X)","(X)","10.8","5.3","(X)","(X)","(X)","(X)","(X)","(X)","(X)","(X)","39.5","7.0","51.2","10.1","46.3","33.0","30.7","17.4","24.8","12.9","59.2","6.8","48.8","10.1","53.7","33.0","69.3","17.4","70.0","13.2","1.4","1.9","0.0","3.3","0.0","16.9","0.0","6.5","5.2","7.2","25.0","5.8","33.2","9.8","22.9","24.4","8.9","10.0","25.2","11.2","75.0","5.8","66.8","9.8","77.1","24.4","91.1","10.0","74.8","11.2",
"1400000US06111008700","Census Tract 87, Ventura County, California","1874","75","806","104","175","82","252","84","641","119","3.36","0.25","4.86","0.55","3.97","0.83","3.53","0.60","1.23","0.15","1233","112","806","104","175","82","252","84","(X)","(X)","4.28","0.33","4.81","0.54","3.17","0.51","3.37","0.54","(X)","(X)","667","114","458","100","98","68","111","71","(X)","(X)","32.2","10.8","15.5","9.7","81.6","21.0","57.7","32.5","(X)","(X)","17.7","9.0","25.8","12.5","0.0","27.6","0.0","25.0","(X)","(X)","50.1","12.6","58.7","14.7","18.4","21.0","42.3","32.5","(X)","(X)","1874","75","806","104","175","82","252","84","641","119","42.2","5.5","66.7","8.6","56.0","23.2","61.1","19.0","0.0","4.9","43.3","4.6","28.0","7.3","44.0","23.2","40.9","18.8","63.2","9.4","28.9","4.9","(X)","(X)","(X)","(X)","(X)","(X)","84.4","9.7","13.6","3.1","(X)","(X)","(X)","(X)","(X)","(X)","39.6","9.0","0.0","1.7","(X)","(X)","(X)","(X)","(X)","(X)","(X)","(X)","7.6","4.8","(X)","(X)","(X)","(X)","(X)","(X)","(X)","(X)","54.7","5.4","75.3","8.7","21.1","18.5","46.4","21.8","41.2","9.1","43.6","5.4","20.7","7.9","78.9","18.5","53.6","21.8","58.8","9.1","1.7","1.8","4.0","4.1","0.0","16.9","0.0","12.1","0.0","4.9","33.1","5.7","44.9","10.6","10.3","11.3","33.3","18.8","24.3","8.7","66.9","5.7","55.1","10.6","89.7","11.3","66.7","18.8","75.7","8.7",
"1400000US06111008800","Census Tract 88, Ventura County, California","1350","69","764","119","145","75","168","93","273","96","3.83","0.32","4.20","0.45","3.86","0.84","4.19","0.82","2.53","0.65","1077","110","764","119","145","75","168","93","(X)","(X)","4.10","0.36","4.19","0.45","3.74","0.82","4.00","0.73","(X)","(X)","350","95","260","82","53","50","37","52","(X)","(X)","9.7","8.8","13.1","11.5","0.0","40.7","0.0","48.8","(X)","(X)","24.0","15.3","18.1","11.4","0.0","40.7","100.0","48.8","(X)","(X)","66.3","17.0","68.8","16.7","100.0","40.7","0.0","48.8","(X)","(X)","1350","69","764","119","145","75","168","93","273","96","41.6","6.8","43.8","9.2","45.5","34.5","69.6","24.5","15.8","14.8","45.3","8.2","45.0","10.7","44.8","28.1","40.5","28.1","49.5","19.8","8.8","3.9","(X)","(X)","(X)","(X)","(X)","(X)","43.6","17.0","4.4","2.9","(X)","(X)","(X)","(X)","(X)","(X)","22.0","13.8","0.0","2.4","(X)","(X)","(X)","(X)","(X)","(X)","(X)","(X)","6.6","4.5","(X)","(X)","(X)","(X)","(X)","(X)","(X)","(X)","96.0","3.2","97.6","2.5","100.0","19.9","86.3","20.4","95.2","7.1","4.0","3.2","2.4","2.5","0.0","19.9","13.7","20.4","4.8","7.1","0.0","2.4","0.0","4.2","0.0","19.9","0.0","17.5","0.0","11.2","79.7","7.2","90.6","6.1","41.4","32.6","84.5","21.8","66.7","15.5","20.3","7.2","9.4","6.1","58.6","32.6","15.5","21.8","33.3","15.5",
"1400000US06111008900","Census Tract 89, Ventura County, California","716","52","429","69","58","35","161","59","68","37","5.09","0.48","5.39","0.70","5.48","1.69","5.47","1.02","2.01","1.20","648","60","429","69","58","35","161","59","(X)","(X)","5.28","0.44","5.33","0.67","4.41","1.13","5.47","1.02","(X)","(X)","339","67","263","69","29","23","47","39","(X)","(X)","19.8","12.0","22.1","14.8","31.0","34.7","0.0","43.3","(X)","(X)","33.9","13.9","29.7","16.2","48.3","34.5","48.9","38.9","(X)","(X)","46.3","16.9","48.3","20.9","20.7","29.0","51.1","38.9","(X)","(X)","716","52","429","69","58","35","161","59","68","37","62.4","8.9","71.8","9.6","50.0","28.1","64.6","16.1","8.8","13.4","44.1","8.6","33.1","10.4","46.6","29.2","59.0","21.3","76.5","22.2","7.1","4.6","(X)","(X)","(X)","(X)","(X)","(X)","75.0","25.3","3.8","2.8","(X)","(X)","(X)","(X)","(X)","(X)","39.7","27.8","0.0","4.4","(X)","(X)","(X)","(X)","(X)","(X)","(X)","(X)","4.1","3.2","(X)","(X)","(X)","(X)","(X)","(X)","(X)","(X)","98.0","3.1","100.0","7.3","100.0","38.9","100.0","18.2","79.4","28.0","2.0","3.1","0.0","7.3","0.0","38.9","0.0","18.2","20.6","28.0","0.0","4.4","0.0","7.3","0.0","38.9","0.0","18.2","0.0","35.7","75.3","7.4","78.8","10.9","89.7","15.7","65.8","16.2","63.2","32.3","24.7","7.4","21.2","10.9","10.3","15.7","34.2","16.2","36.8","32.3",
"1400000US06111009100","Census Tract 91, Ventura County, California","1126","54","510","104","101","57","295","79","220","84","4.07","0.32","4.72","0.48","5.02","1.92","4.22","0.58","1.92","0.74","906","92","510","104","101","57","295","79","(X)","(X)","4.37","0.34","4.57","0.43","3.89","1.42","4.20","0.58","(X)","(X)","487","101","316","96","40","39","131","71","(X)","(X)","10.3","8.9","5.4","8.8","82.5","31.4","0.0","21.7","(X)","(X)","14.0","10.4","15.8","13.7","0.0","46.9","13.7","19.1","(X)","(X)","75.8","12.2","78.8","14.8","17.5","31.4","86.3","19.1","(X)","(X)","1126","54","510","104","101","57","295","79","220","84","53.6","7.1","68.6","11.2","39.6","30.7","66.4","18.1","8.2","11.4","34.7","6.2","25.9","10.1","60.4","30.7","40.0","17.5","36.4","19.2","13.9","5.4","(X)","(X)","(X)","(X)","(X)","(X)","70.9","18.4","5.5","3.7","(X)","(X)","(X)","(X)","(X)","(X)","28.2","18.0","1.8","2.7","(X)","(X)","(X)","(X)","(X)","(X)","(X)","(X)","3.6","2.8","(X)","(X)","(X)","(X)","(X)","(X)","(X)","(X)","51.0","7.9","38.6","10.8","92.1","12.4","69.5","17.1","35.9","19.2","32.3","7.8","40.6","11.6","0.0","26.9","27.1","17.2","35.0","19.6","16.7","5.4","20.8","10.4","7.9","12.4","3.4","4.2","29.1","15.9","38.0","6.4","45.9","10.8","26.7","22.2","26.8","16.2","40.0","20.0","62.0","6.4","54.1","10.8","73.3","22.2","73.2","16.2","60.0","20.0",
"1400000US06111980000","Census Tract 9800, Ventura County, California","0","12","0","12","0","12","0","12","0","12","-","**","-","**","-","**","-","**","-","**","0","12","0","12","0","12","0","12","(X)","(X)","-","**","-","**","-","**","-","**","(X)","(X)","0","12","0","12","0","12","0","12","(X)","(X)","-","**","-","**","-","**","-","**","(X)","(X)","-","**","-","**","-","**","-","**","(X)","(X)","-","**","-","**","-","**","-","**","(X)","(X)","0","12","0","12","0","12","0","12","0","12","-","**","-","**","-","**","-","**","-","**","-","**","-","**","-","**","-","**","-","**","-","**","(X)","(X)","(X)","(X)","(X)","(X)","-","**","-","**","(X)","(X)","(X)","(X)","(X)","(X)","-","**","-","**","(X)","(X)","(X)","(X)","(X)","(X)","(X)","(X)","-","**","(X)","(X)","(X)","(X)","(X)","(X)","(X)","(X)","-","**","-","**","-","**","-","**","-","**","-","**","-","**","-","**","-","**","-","**","-","**","-","**","-","**","-","**","-","**","-","**","-","**","-","**","-","**","-","**","-","**","-","**","-","**","-","**","-","**",
"1400000US06111990100","Census Tract 9901, Ventura County, California","0","12","0","12","0","12","0","12","0","12","-","**","-","**","-","**","-","**","-","**","0","12","0","12","0","12","0","12","(X)","(X)","-","**","-","**","-","**","-","**","(X)","(X)","0","12","0","12","0","12","0","12","(X)","(X)","-","**","-","**","-","**","-","**","(X)","(X)","-","**","-","**","-","**","-","**","(X)","(X)","-","**","-","**","-","**","-","**","(X)","(X)","0","12","0","12","0","12","0","12","0","12","-","**","-","**","-","**","-","**","-","**","-","**","-","**","-","**","-","**","-","**","-","**","(X)","(X)","(X)","(X)","(X)","(X)","-","**","-","**","(X)","(X)","(X)","(X)","(X)","(X)","-","**","-","**","(X)","(X)","(X)","(X)","(X)","(X)","(X)","(X)","-","**","(X)","(X)","(X)","(X)","(X)","(X)","(X)","(X)","-","**","-","**","-","**","-","**","-","**","-","**","-","**","-","**","-","**","-","**","-","**","-","**","-","**","-","**","-","**","-","**","-","**","-","**","-","**","-","**","-","**","-","**","-","**","-","**","-","**",
