"GEO_ID","NAME","S1101_C01_001E","S1101_C01_001M","S1101_C01_002E","S1101_C01_002M","S1101_C01_003E","S1101_C01_003M","S1101_C01_004E","S1101_C01_004M","S1101_C01_005E","S1101_C01_005M","S1101_C01_006E","S1101_C01_006M","S1101_C01_007E","S1101_C01_007M","S1101_C01_008E","S1101_C01_008M","S1101_C01_009E","S1101_C01_009M","S1101_C01_010E","S1101_C01_010M","S1101_C01_011E","S1101_C01_011M","S1101_C01_012E","S1101_C01_012M","S1101_C01_013E","S1101_C01_013M","S1101_C01_014E","S1101_C01_014M","S1101_C01_015E","S1101_C01_015M","S1101_C01_016E","S1101_C01_016M","S1101_C01_017E","S1101_C01_017M","S1101_C01_018E","S1101_C01_018M","S1101_C01_019E","S1101_C01_019M","S1101_C02_001E","S1101_C02_001M","S1101_C02_002E","S1101_C02_002M","S1101_C02_003E","S1101_C02_003M","S1101_C02_004E","S1101_C02_004M","S1101_C02_005E","S1101_C02_005M","S1101_C02_006E","S1101_C02_006M","S1101_C02_007E","S1101_C02_007M","S1101_C02_008E","S1101_C02_008M","S1101_C02_009E","S1101_C02_009M","S1101_C02_010E","S1101_C02_010M","S1101_C02_011E","S1101_C02_011M","S1101_C02_012E","S1101_C02_012M","S1101_C02_013E","S1101_C02_013M","S1101_C02_014E","S1101_C02_014M","S1101_C02_015E","S1101_C02_015M","S1101_C02_016E","S1101_C02_016M","S1101_C02_017E","S1101_C02_017M","S1101_C02_018E","S1101_C02_018M","S1101_C02_019E","S1101_C02_019M","S1101_C03_001E","S1101_C03_001M","S1101_C03_002E","S1101_C03_002M","S1101_C03_003E","S1101_C03_003M","S1101_C03_004E","S1101_C03_004M","S1101_C03_005E","S1101_C03_005M","S1101_C03_006E","S1101_C03_006M","S1101_C03_007E","S1101_C03_007M","S1101_C03_008E","S1101_C03_008M","S1101_C03_009E","S1101_C03_009M","S1101_C03_010E","S1101_C03_010M","S1101_C03_011E","S1101_C03_011M","S1101_C03_012E","S1101_C03_012M","S1101_C03_013E","S1101_C03_013M","S1101_C03_014E","S1101_C03_014M","S1101_C03_015E","S1101_C03_015M","S1101_C03_016E","S1101_C03_016M","S1101_C03_017E","S1101_C03_017M","S1101_C03_018E","S1101_C03_018M","S1101_C03_019E","S1101_C03_019M","S1101_C04_001E","S1101_C04_001M","S1101_C04_002E","S1101_C04_002M","S1101_C04_003E","S1101_C04_003M","S1101_C04_004E","S1101_C04_004M","S1101_C04_005E","S1101_C04_005M","S1101_C04_006E","S1101_C04_006M","S1101_C04_007E","S1101_C04_007M","S1101_C04_008E","S1101_C04_008M","S1101_C04_009E","S1101_C04_009M","S1101_C04_010E","S1101_C04_010M","S1101_C04_011E","S1101_C04_011M","S1101_C04_012E","S1101_C04_012M","S1101_C04_013E","S1101_C04_013M","S1101_C04_014E","S1101_C04_014M","S1101_C04_015E","S1101_C04_015M","S1101_C04_016E","S1101_C04_016M","S1101_C04_017E","S1101_C04_017M","S1101_C04_018E","S1101_C04_018M","S1101_C04_019E","S1101_C04_019M","S1101_C05_001E","S1101_C05_001M","S1101_C05_002E","S1101_C05_002M","S1101_C05_003E","S1101_C05_003M","S1101_C05_004E","S1101_C05_004M","S1101_C05_005E","S1101_C05_005M","S1101_C05_006E","S1101_C05_006M","S1101_C05_007E","S1101_C05_007M","S1101_C05_008E","S1101_C05_008M","S1101_C05_009E","S1101_C05_009M","S1101_C05_010E","S1101_C05_010M","S1101_C05_011E","S1101_C05_011M","S1101_C05_012E","S1101_C05_012M","S1101_C05_013E","S1101_C05_013M","S1101_C05_014E","S1101_C05_014M","S1101_C05_015E","S1101_C05_015M","S1101_C05_016E","S1101_C05_016M","S1101_C05_017E","S1101_C05_017M","S1101_C05_018E","S1101_C05_018M","S1101_C05_019E","S1101_C05_019M",
"Geography","Geographic Area Name","Estimate!!Total!!HOUSEHOLDS!!Total households","Margin of Error!!Total!!HOUSEHOLDS!!Total households","Estimate!!Total!!HOUSEHOLDS!!Average household size","Margin of Error!!Total!!HOUSEHOLDS!!Average household size","Estimate!!Total!!FAMILIES!!Total families","Margin of Error!!Total!!FAMILIES!!Total families","Estimate!!Total!!FAMILIES!!Average family size","Margin of Error!!Total!!FAMILIES!!Average family size","Estimate!!Total!!AGE OF OWN CHILDREN!!Households with own children of the householder under 18 years","Margin of Error!!Total!!AGE OF OWN CHILDREN!!Households with own children of the householder under 18 years","Estimate!!Total!!AGE OF OWN CHILDREN!!Households with own children of the householder under 18 years!!Under 6 years only","Margin of Error!!Total!!AGE OF OWN CHILDREN!!Households with own children of the householder under 18 years!!Under 6 years only","Estimate!!Total!!AGE OF OWN CHILDREN!!Households with own children of the householder under 18 years!!Under 6 years and 6 to 17 years","Margin of Error!!Total!!AGE OF OWN CHILDREN!!Households with own children of the householder under 18 years!!Under 6 years and 6 to 17 years","Estimate!!Total!!AGE OF OWN CHILDREN!!Households with own children of the householder under 18 years!!6 to 17 years only","Margin of Error!!Total!!AGE OF OWN CHILDREN!!Households with own children of the householder under 18 years!!6 to 17 years only","Estimate!!Total!!Total households","Margin of Error!!Total!!Total households","Estimate!!Total!!Total households!!SELECTED HOUSEHOLDS BY TYPE!!Households with one or more people under 18 years","Margin of Error!!Total!!Total households!!SELECTED HOUSEHOLDS BY TYPE!!Households with one or more people under 18 years","Estimate!!Total!!Total households!!SELECTED HOUSEHOLDS BY TYPE!!Households with one or more people 60 years and over","Margin of Error!!Total!!Total households!!SELECTED HOUSEHOLDS BY TYPE!!Households with one or more people 60 years and over","Estimate!!Total!!Total households!!SELECTED HOUSEHOLDS BY TYPE!!Households with one or more people 65 years and over","Margin of Error!!Total!!Total households!!SELECTED HOUSEHOLDS BY TYPE!!Households with one or more people 65 years and over","Estimate!!Total!!Total households!!SELECTED HOUSEHOLDS BY TYPE!!Householder living alone","Margin of Error!!Total!!Total households!!SELECTED HOUSEHOLDS BY TYPE!!Householder living alone","Estimate!!Total!!Total households!!SELECTED HOUSEHOLDS BY TYPE!!Householder living alone!!65 years and over","Margin of Error!!Total!!Total households!!SELECTED HOUSEHOLDS BY TYPE!!Householder living alone!!65 years and over","Estimate!!Total!!Total households!!UNITS IN STRUCTURE!!1-unit structures","Margin of Error!!Total!!Total households!!UNITS IN STRUCTURE!!1-unit structures","Estimate!!Total!!Total households!!UNITS IN STRUCTURE!!2-or-more-unit structures","Margin of Error!!Total!!Total households!!UNITS IN STRUCTURE!!2-or-more-unit structures","Estimate!!Total!!Total households!!UNITS IN STRUCTURE!!Mobile homes and all other types of units","Margin of Error!!Total!!Total households!!UNITS IN STRUCTURE!!Mobile homes and all other types of units","Estimate!!Total!!Total households!!HOUSING TENURE!!Owner-occupied housing units","Margin of Error!!Total!!Total households!!HOUSING TENURE!!Owner-occupied housing units","Estimate!!Total!!Total households!!HOUSING TENURE!!Renter-occupied housing units","Margin of Error!!Total!!Total households!!HOUSING TENURE!!Renter-occupied housing units","Estimate!!Married-couple family household!!HOUSEHOLDS!!Total households","Margin of Error!!Married-couple family household!!HOUSEHOLDS!!Total households","Estimate!!Married-couple family household!!HOUSEHOLDS!!Average household size","Margin of Error!!Married-couple family household!!HOUSEHOLDS!!Average household size","Estimate!!Married-couple family household!!FAMILIES!!Total families","Margin of Error!!Married-couple family household!!FAMILIES!!Total families","Estimate!!Married-couple family household!!FAMILIES!!Average family size","Margin of Error!!Married-couple family household!!FAMILIES!!Average family size","Estimate!!Married-couple family household!!AGE OF OWN CHILDREN!!Households with own children of the householder under 18 years","Margin of Error!!Married-couple family household!!AGE OF OWN CHILDREN!!Households with own children of the householder under 18 years","Estimate!!Married-couple family household!!AGE OF OWN CHILDREN!!Households with own children of the householder under 18 years!!Under 6 years only","Margin of Error!!Married-couple family household!!AGE OF OWN CHILDREN!!Households with own children of the householder under 18 years!!Under 6 years only","Estimate!!Married-couple family household!!AGE OF OWN CHILDREN!!Households with own children of the householder under 18 years!!Under 6 years and 6 to 17 years","Margin of Error!!Married-couple family household!!AGE OF OWN CHILDREN!!Households with own children of the householder under 18 years!!Under 6 years and 6 to 17 years","Estimate!!Married-couple family household!!AGE OF OWN CHILDREN!!Households with own children of the householder under 18 years!!6 to 17 years only","Margin of Error!!Married-couple family household!!AGE OF OWN CHILDREN!!Households with own children of the householder under 18 years!!6 to 17 years only","Estimate!!Married-couple family household!!Total households","Margin of Error!!Married-couple family household!!Total households","Estimate!!Married-couple family household!!Total households!!SELECTED HOUSEHOLDS BY TYPE!!Households with one or more people under 18 years","Margin of Error!!Married-couple family household!!Total households!!SELECTED HOUSEHOLDS BY TYPE!!Households with one or more people under 18 years","Estimate!!Married-couple family household!!Total households!!SELECTED HOUSEHOLDS BY TYPE!!Households with one or more people 60 years and over","Margin of Error!!Married-couple family household!!Total households!!SELECTED HOUSEHOLDS BY TYPE!!Households with one or more people 60 years and over","Estimate!!Married-couple family household!!Total households!!SELECTED HOUSEHOLDS BY TYPE!!Households with one or more people 65 years and over","Margin of Error!!Married-couple family household!!Total households!!SELECTED HOUSEHOLDS BY TYPE!!Households with one or more people 65 years and over","Estimate!!Married-couple family household!!Total households!!SELECTED HOUSEHOLDS BY TYPE!!Householder living alone","Margin of Error!!Married-couple family household!!Total households!!SELECTED HOUSEHOLDS BY TYPE!!Householder living alone","Estimate!!Married-couple family household!!Total households!!SELECTED HOUSEHOLDS BY TYPE!!Householder living alone!!65 years and over","Margin of Error!!Married-couple family household!!Total households!!SELECTED HOUSEHOLDS BY TYPE!!Householder living alone!!65 years and over","Estimate!!Married-couple family household!!Total households!!UNITS IN STRUCTURE!!1-unit structures","Margin of Error!!Married-couple family household!!Total households!!UNITS IN STRUCTURE!!1-unit structures","Estimate!!Married-couple family household!!Total households!!UNITS IN STRUCTURE!!2-or-more-unit structures","Margin of Error!!Married-couple family household!!Total households!!UNITS IN STRUCTURE!!2-or-more-unit structures","Estimate!!Married-couple family household!!Total households!!UNITS IN STRUCTURE!!Mobile homes and all other types of units","Margin of Error!!Married-couple family household!!Total households!!UNITS IN STRUCTURE!!Mobile homes and all other types of units","Estimate!!Married-couple family household!!Total households!!HOUSING TENURE!!Owner-occupied housing units","Margin of Error!!Married-couple family household!!Total households!!HOUSING TENURE!!Owner-occupied housing units","Estimate!!Married-couple family household!!Total households!!HOUSING TENURE!!Renter-occupied housing units","Margin of Error!!Married-couple family household!!Total households!!HOUSING TENURE!!Renter-occupied housing units","Estimate!!Male householder, no spouse present, family household!!HOUSEHOLDS!!Total households","Margin of Error!!Male householder, no spouse present, family household!!HOUSEHOLDS!!Total households","Estimate!!Male householder, no spouse present, family household!!HOUSEHOLDS!!Average household size","Margin of Error!!Male householder, no spouse present, family household!!HOUSEHOLDS!!Average household size","Estimate!!Male householder, no spouse present, family household!!FAMILIES!!Total families","Margin of Error!!Male householder, no spouse present, family household!!FAMILIES!!Total families","Estimate!!Male householder, no spouse present, family household!!FAMILIES!!Average family size","Margin of Error!!Male householder, no spouse present, family household!!FAMILIES!!Average family size","Estimate!!Male householder, no spouse present, family household!!AGE OF OWN CHILDREN!!Households with own children of the householder under 18 years","Margin of Error!!Male householder, no spouse present, family household!!AGE OF OWN CHILDREN!!Households with own children of the householder under 18 years","Estimate!!Male householder, no spouse present, family household!!AGE OF OWN CHILDREN!!Households with own children of the householder under 18 years!!Under 6 years only","Margin of Error!!Male householder, no spouse present, family household!!AGE OF OWN CHILDREN!!Households with own children of the householder under 18 years!!Under 6 years only","Estimate!!Male householder, no spouse present, family household!!AGE OF OWN CHILDREN!!Households with own children of the householder under 18 years!!Under 6 years and 6 to 17 years","Margin of Error!!Male householder, no spouse present, family household!!AGE OF OWN CHILDREN!!Households with own children of the householder under 18 years!!Under 6 years and 6 to 17 years","Estimate!!Male householder, no spouse present, family household!!AGE OF OWN CHILDREN!!Households with own children of the householder under 18 years!!6 to 17 years only","Margin of Error!!Male householder, no spouse present, family household!!AGE OF OWN CHILDREN!!Households with own children of the householder under 18 years!!6 to 17 years only","Estimate!!Male householder, no spouse present, family household!!Total households","Margin of Error!!Male householder, no spouse present, family household!!Total households","Estimate!!Male householder, no spouse present, family household!!Total households!!SELECTED HOUSEHOLDS BY TYPE!!Households with one or more people under 18 years","Margin of Error!!Male householder, no spouse present, family household!!Total households!!SELECTED HOUSEHOLDS BY TYPE!!Households with one or more people under 18 years","Estimate!!Male householder, no spouse present, family household!!Total households!!SELECTED HOUSEHOLDS BY TYPE!!Households with one or more people 60 years and over","Margin of Error!!Male householder, no spouse present, family household!!Total households!!SELECTED HOUSEHOLDS BY TYPE!!Households with one or more people 60 years and over","Estimate!!Male householder, no spouse present, family household!!Total households!!SELECTED HOUSEHOLDS BY TYPE!!Households with one or more people 65 years and over","Margin of Error!!Male householder, no spouse present, family household!!Total households!!SELECTED HOUSEHOLDS BY TYPE!!Households with one or more people 65 years and over","Estimate!!Male householder, no spouse present, family household!!Total households!!SELECTED HOUSEHOLDS BY TYPE!!Householder living alone","Margin of Error!!Male householder, no spouse present, family household!!Total households!!SELECTED HOUSEHOLDS BY TYPE!!Householder living alone","Estimate!!Male householder, no spouse present, family household!!Total households!!SELECTED HOUSEHOLDS BY TYPE!!Householder living alone!!65 years and over","Margin of Error!!Male householder, no spouse present, family household!!Total households!!SELECTED HOUSEHOLDS BY TYPE!!Householder living alone!!65 years and over","Estimate!!Male householder, no spouse present, family household!!Total households!!UNITS IN STRUCTURE!!1-unit structures","Margin of Error!!Male householder, no spouse present, family household!!Total households!!UNITS IN STRUCTURE!!1-unit structures","Estimate!!Male householder, no spouse present, family household!!Total households!!UNITS IN STRUCTURE!!2-or-more-unit structures","Margin of Error!!Male householder, no spouse present, family household!!Total households!!UNITS IN STRUCTURE!!2-or-more-unit structures","Estimate!!Male householder, no spouse present, family household!!Total households!!UNITS IN STRUCTURE!!Mobile homes and all other types of units","Margin of Error!!Male householder, no spouse present, family household!!Total households!!UNITS IN STRUCTURE!!Mobile homes and all other types of units","Estimate!!Male householder, no spouse present, family household!!Total households!!HOUSING TENURE!!Owner-occupied housing units","Margin of Error!!Male householder, no spouse present, family household!!Total households!!HOUSING TENURE!!Owner-occupied housing units","Estimate!!Male householder, no spouse present, family household!!Total households!!HOUSING TENURE!!Renter-occupied housing units","Margin of Error!!Male householder, no spouse present, family household!!Total households!!HOUSING TENURE!!Renter-occupied housing units","Estimate!!Female householder, no spouse present, family household!!HOUSEHOLDS!!Total households","Margin of Error!!Female householder, no spouse present, family household!!HOUSEHOLDS!!Total households","Estimate!!Female householder, no spouse present, family household!!HOUSEHOLDS!!Average household size","Margin of Error!!Female householder, no spouse present, family household!!HOUSEHOLDS!!Average household size","Estimate!!Female householder, no spouse present, family household!!FAMILIES!!Total families","Margin of Error!!Female householder, no spouse present, family household!!FAMILIES!!Total families","Estimate!!Female householder, no spouse present, family household!!FAMILIES!!Average family size","Margin of Error!!Female householder, no spouse present, family household!!FAMILIES!!Average family size","Estimate!!Female householder, no spouse present, family household!!AGE OF OWN CHILDREN!!Households with own children of the householder under 18 years","Margin of Error!!Female householder, no spouse present, family household!!AGE OF OWN CHILDREN!!Households with own children of the householder under 18 years","Estimate!!Female householder, no spouse present, family household!!AGE OF OWN CHILDREN!!Households with own children of the householder under 18 years!!Under 6 years only","Margin of Error!!Female householder, no spouse present, family household!!AGE OF OWN CHILDREN!!Households with own children of the householder under 18 years!!Under 6 years only","Estimate!!Female householder, no spouse present, family household!!AGE OF OWN CHILDREN!!Households with own children of the householder under 18 years!!Under 6 years and 6 to 17 years","Margin of Error!!Female householder, no spouse present, family household!!AGE OF OWN CHILDREN!!Households with own children of the householder under 18 years!!Under 6 years and 6 to 17 years","Estimate!!Female householder, no spouse present, family household!!AGE OF OWN CHILDREN!!Households with own children of the householder under 18 years!!6 to 17 years only","Margin of Error!!Female householder, no spouse present, family household!!AGE OF OWN CHILDREN!!Households with own children of the householder under 18 years!!6 to 17 years only","Estimate!!Female householder, no spouse present, family household!!Total households","Margin of Error!!Female householder, no spouse present, family household!!Total households","Estimate!!Female householder, no spouse present, family household!!Total households!!SELECTED HOUSEHOLDS BY TYPE!!Households with one or more people under 18 years","Margin of Error!!Female householder, no spouse present, family household!!Total households!!SELECTED HOUSEHOLDS BY TYPE!!Households with one or more people under 18 years","Estimate!!Female householder, no spouse present, family household!!Total households!!SELECTED HOUSEHOLDS BY TYPE!!Households with one or more people 60 years and over","Margin of Error!!Female householder, no spouse present, family household!!Total households!!SELECTED HOUSEHOLDS BY TYPE!!Households with one or more people 60 years and over","Estimate!!Female householder, no spouse present, family household!!Total households!!SELECTED HOUSEHOLDS BY TYPE!!Households with one or more people 65 years and over","Margin of Error!!Female householder, no spouse present, family household!!Total households!!SELECTED HOUSEHOLDS BY TYPE!!Households with one or more people 65 years and over","Estimate!!Female householder, no spouse present, family household!!Total households!!SELECTED HOUSEHOLDS BY TYPE!!Householder living alone","Margin of Error!!Female householder, no spouse present, family household!!Total households!!SELECTED HOUSEHOLDS BY TYPE!!Householder living alone","Estimate!!Female householder, no spouse present, family household!!Total households!!SELECTED HOUSEHOLDS BY TYPE!!Householder living alone!!65 years and over","Margin of Error!!Female householder, no spouse present, family household!!Total households!!SELECTED HOUSEHOLDS BY TYPE!!Householder living alone!!65 years and over","Estimate!!Female householder, no spouse present, family household!!Total households!!UNITS IN STRUCTURE!!1-unit structures","Margin of Error!!Female householder, no spouse present, family household!!Total households!!UNITS IN STRUCTURE!!1-unit structures","Estimate!!Female householder, no spouse present, family household!!Total households!!UNITS IN STRUCTURE!!2-or-more-unit structures","Margin of Error!!Female householder, no spouse present, family household!!Total households!!UNITS IN STRUCTURE!!2-or-more-unit structures","Estimate!!Female householder, no spouse present, family household!!Total households!!UNITS IN STRUCTURE!!Mobile homes and all other types of units","Margin of Error!!Female householder, no spouse present, family household!!Total households!!UNITS IN STRUCTURE!!Mobile homes and all other types of units","Estimate!!Female householder, no spouse present, family household!!Total households!!HOUSING TENURE!!Owner-occupied housing units","Margin of Error!!Female householder, no spouse present, family household!!Total households!!HOUSING TENURE!!Owner-occupied housing units","Estimate!!Female householder, no spouse present, family household!!Total households!!HOUSING TENURE!!Renter-occupied housing units","Margin of Error!!Female householder, no spouse present, family household!!Total households!!HOUSING TENURE!!Renter-occupied housing units","Estimate!!Nonfamily household!!HOUSEHOLDS!!Total households","Margin of Error!!Nonfamily household!!HOUSEHOLDS!!Total households","Estimate!!Nonfamily household!!HOUSEHOLDS!!Average household size","Margin of Error!!Nonfamily household!!HOUSEHOLDS!!Average household size","Estimate!!Nonfamily household!!FAMILIES!!Total families","Margin of Error!!Nonfamily household!!FAMILIES!!Total families","Estimate!!Nonfamily household!!FAMILIES!!Average family size","Margin of Error!!Nonfamily household!!FAMILIES!!Average family size","Estimate!!Nonfamily household!!AGE OF OWN CHILDREN!!Households with own children of the householder under 18 years","Margin of Error!!Nonfamily household!!AGE OF OWN CHILDREN!!Households with own children of the householder under 18 years","Estimate!!Nonfamily household!!AGE OF OWN CHILDREN!!Households with own children of the householder under 18 years!!Under 6 years only","Margin of Error!!Nonfamily household!!AGE OF OWN CHILDREN!!Households with own children of the householder under 18 years!!Under 6 years only","Estimate!!Nonfamily household!!AGE OF OWN CHILDREN!!Households with own children of the householder under 18 years!!Under 6 years and 6 to 17 years","Margin of Error!!Nonfamily household!!AGE OF OWN CHILDREN!!Households with own children of the householder under 18 years!!Under 6 years and 6 to 17 years","Estimate!!Nonfamily household!!AGE OF OWN CHILDREN!!Households with own children of the householder under 18 years!!6 to 17 years only","Margin of Error!!Nonfamily household!!AGE OF OWN CHILDREN!!Households with own children of the householder under 18 years!!6 to 17 years only","Estimate!!Nonfamily household!!Total households","Margin of Error!!Nonfamily household!!Total households","Estimate!!Nonfamily household!!Total households!!SELECTED HOUSEHOLDS BY TYPE!!Households with one or more people under 18 years","Margin of Error!!Nonfamily household!!Total households!!SELECTED HOUSEHOLDS BY TYPE!!Households with one or more people under 18 years","Estimate!!Nonfamily household!!Total households!!SELECTED HOUSEHOLDS BY TYPE!!Households with one or more people 60 years and over","Margin of Error!!Nonfamily household!!Total households!!SELECTED HOUSEHOLDS BY TYPE!!Households with one or more people 60 years and over","Estimate!!Nonfamily household!!Total households!!SELECTED HOUSEHOLDS BY TYPE!!Households with one or more people 65 years and over","Margin of Error!!Nonfamily household!!Total households!!SELECTED HOUSEHOLDS BY TYPE!!Households with one or more people 65 years and over","Estimate!!Nonfamily household!!Total households!!SELECTED HOUSEHOLDS BY TYPE!!Householder living alone","Margin of Error!!Nonfamily household!!Total households!!SELECTED HOUSEHOLDS BY TYPE!!Householder living alone","Estimate!!Nonfamily household!!Total households!!SELECTED HOUSEHOLDS BY TYPE!!Householder living alone!!65 years and over","Margin of Error!!Nonfamily household!!Total households!!SELECTED HOUSEHOLDS BY TYPE!!Householder living alone!!65 years and over","Estimate!!Nonfamily household!!Total households!!UNITS IN STRUCTURE!!1-unit structures","Margin of Error!!Nonfamily household!!Total households!!UNITS IN STRUCTURE!!1-unit structures","Estimate!!Nonfamily household!!Total households!!UNITS IN STRUCTURE!!2-or-more-unit structures","Margin of Error!!Nonfamily household!!Total households!!UNITS IN STRUCTURE!!2-or-more-unit structures","Estimate!!Nonfamily household!!Total households!!UNITS IN STRUCTURE!!Mobile homes and all other types of units","Margin of Error!!Nonfamily household!!Total households!!UNITS IN STRUCTURE!!Mobile homes and all other types of units","Estimate!!Nonfamily household!!Total households!!HOUSING TENURE!!Owner-occupied housing units","Margin of Error!!Nonfamily household!!Total households!!HOUSING TENURE!!Owner-occupied housing units","Estimate!!Nonfamily household!!Total households!!HOUSING TENURE!!Renter-occupied housing units","Margin of Error!!Nonfamily household!!Total households!!HOUSING TENURE!!Renter-occupied housing units",
"1400000US06111000302","Census Tract 3.02; Ventura County; California","3123","285","2.91","0.28","2319","332","3.47","0.33","1137","249","8.4","6.1","32.9","13.6","58.7","14.2","3123","285","40.1","8.2","40.7","9.7","30.2","9.8","24.5","8.3","10.4","6.1","75.6","8.7","8.1","3.8","16.3","8.1","70.0","10.1","30.0","10.1","1699","277","3.66","0.35","1699","277","3.66","0.35","851","213","9.0","8.0","28.8","15.5","62.2","17.0","1699","277","55.9","10.5","26.1","10.7","(X)","(X)","(X)","(X)","(X)","(X)","75.2","13.6","2.5","3.8","22.2","14.1","73.9","14.3","26.1","14.3","298","279","2.60","0.89","298","279","2.32","0.56","85","90","0.0","36.7","54.1","54.1","45.9","54.1","298","279","28.5","36.0","60.4","44.2","(X)","(X)","(X)","(X)","(X)","(X)","95.6","8.4","0.0","13.3","4.4","8.4","96.0","8.9","4.0","8.9","322","158","3.81","0.86","322","158","3.52","0.62","201","154","9.5","19.4","41.3","42.3","49.3","41.3","322","158","64.3","27.0","30.1","24.6","(X)","(X)","(X)","(X)","(X)","(X)","83.2","18.4","11.5","14.1","5.3","10.4","49.1","26.8","50.9","26.8","804","272","1.09","0.11","(X)","(X)","(X)","(X)","(X)","(X)","(X)","(X)","(X)","(X)","(X)","(X)","804","272","1.5","2.4","68.5","14.8","43.7","18.5","95.3","6.0","40.4","18.7","65.9","15.1","21.6","13.4","12.4","13.0","60.6","19.2","39.4","19.2",
"1400000US06111000303","Census Tract 3.03; Ventura County; California","1485","194","3.45","0.35","1338","205","3.53","0.41","495","122","9.9","9.0","23.6","14.0","66.5","17.3","1485","194","38.5","8.4","46.9","9.3","33.1","6.9","8.6","5.0","6.9","4.8","97.0","2.7","1.8","2.1","1.2","1.9","71.4","11.9","28.6","11.9","1022","215","3.26","0.49","1022","215","3.22","0.48","315","111","7.0","8.4","21.3","16.0","71.7","19.1","1022","215","34.1","10.3","52.5","12.4","(X)","(X)","(X)","(X)","(X)","(X)","98.3","2.6","1.7","2.6","0.0","4.1","73.0","16.1","27.0","16.1","128","97","4.97","0.62","128","97","4.38","0.81","60","54","0.0","43.8","0.0","43.8","100.0","43.8","128","97","57.8","48.4","10.9","19.2","(X)","(X)","(X)","(X)","(X)","(X)","85.9","22.3","0.0","27.6","14.1","22.3","85.9","22.3","14.1","22.3","188","95","5.28","1.39","188","95","4.65","1.28","120","83","22.5","30.9","41.7","34.5","35.8","33.4","188","95","79.3","17.9","12.8","12.1","(X)","(X)","(X)","(X)","(X)","(X)","95.2","9.8","4.8","9.8","0.0","20.1","59.0","26.9","41.0","26.9","147","76","1.14","0.19","(X)","(X)","(X)","(X)","(X)","(X)","(X)","(X)","(X)","(X)","(X)","(X)","147","76","0.0","24.7","82.3","22.2","82.3","22.2","87.1","15.5","69.4","25.6","100.0","24.7","0.0","24.7","0.0","24.7","63.9","40.4","36.1","40.4",
"1400000US06111000304","Census Tract 3.04; Ventura County; California","1134","139","3.88","0.39","1011","139","4.12","0.40","466","127","5.2","5.5","33.5","16.8","61.4","17.8","1134","139","47.3","10.2","39.9","8.2","32.5","7.9","4.0","3.1","3.2","2.8","81.9","10.0","12.1","8.9","6.0","6.4","56.2","9.7","43.8","9.7","729","147","4.26","0.55","729","147","4.26","0.55","276","100","3.3","4.4","43.8","22.9","52.9","23.9","729","147","46.0","13.0","46.1","11.2","(X)","(X)","(X)","(X)","(X)","(X)","81.9","12.7","8.8","9.6","9.3","9.7","63.8","14.6","36.2","14.6","55","53","3.35","1.02","55","53","3.31","1.02","7","12","0.0","100.0","0.0","100.0","100.0","100.0","55","53","12.7","24.3","1.8","6.4","(X)","(X)","(X)","(X)","(X)","(X)","100.0","45.7","0.0","45.7","0.0","45.7","43.6","50.6","56.4","50.6","227","102","3.96","0.86","227","102","3.84","0.79","183","92","8.2","13.2","19.1","25.7","72.7","26.4","227","102","85.5","15.1","15.9","12.6","(X)","(X)","(X)","(X)","(X)","(X)","82.8","23.9","17.2","23.9","0.0","17.0","27.8","17.8","72.2","17.8","123","81","1.64","0.29","(X)","(X)","(X)","(X)","(X)","(X)","(X)","(X)","(X)","(X)","(X)","(X)","123","81","0.0","28.5","64.2","30.8","44.7","30.1","36.6","27.9","29.3","24.5","72.4","31.4","27.6","31.4","0.0","28.5","69.1","30.9","30.9","30.9",
"1400000US06111000400","Census Tract 4; Ventura County; California","2229","191","3.37","0.35","1819","217","3.74","0.32","630","234","28.1","18.2","16.3","13.9","55.6","20.5","2229","191","35.9","9.5","45.9","8.4","38.5","7.8","17.1","6.9","7.0","4.4","82.1","8.1","11.7","7.6","6.2","4.1","70.3","8.8","29.7","8.8","1368","243","3.78","0.38","1368","243","3.74","0.35","415","212","40.2","24.9","12.0","10.3","47.7","26.6","1368","243","42.1","12.4","53.1","11.6","(X)","(X)","(X)","(X)","(X)","(X)","76.1","12.2","15.3","11.7","8.6","6.7","70.7","12.2","29.3","12.2","51","38","4.39","0.73","51","38","3.53","0.87","10","15","100.0","100.0","0.0","100.0","0.0","100.0","51","38","37.3","33.1","39.2","35.1","(X)","(X)","(X)","(X)","(X)","(X)","100.0","47.5","0.0","47.5","0.0","47.5","74.5","31.9","25.5","31.9","400","150","4.19","0.67","400","150","3.80","0.60","205","128","0.0","18.6","25.9","34.9","74.1","34.9","400","150","51.3","22.0","19.8","13.5","(X)","(X)","(X)","(X)","(X)","(X)","93.8","6.2","6.3","6.2","0.0","10.1","55.0","20.8","45.0","20.8","410","163","1.07","0.07","(X)","(X)","(X)","(X)","(X)","(X)","(X)","(X)","(X)","(X)","(X)","(X)","410","163","0.0","9.8","48.0","17.2","40.5","17.1","93.2","5.9","38.3","17.4","88.5","8.8","6.3","6.9","5.1","5.5","83.7","14.1","16.3","14.1",
"1400000US06111000500","Census Tract 5; Ventura County; California","632","127","2.40","0.30","371","96","2.95","0.38","94","57","45.7","35.6","13.8","22.2","40.4","31.9","632","127","22.6","10.4","67.6","11.7","60.3","12.5","27.8","10.4","12.8","7.3","54.3","11.0","2.4","2.9","43.4","11.5","72.8","9.9","27.2","9.9","215","84","3.09","0.48","215","84","3.01","0.45","94","57","45.7","35.6","13.8","22.2","40.4","31.9","215","84","43.7","16.1","62.3","18.2","(X)","(X)","(X)","(X)","(X)","(X)","69.8","13.7","4.2","7.0","26.0","12.8","69.8","16.2","30.2","16.2","52","46","3.13","0.66","52","46","2.85","0.78","0","14","-","**","-","**","-","**","52","46","32.7","49.9","67.3","49.9","(X)","(X)","(X)","(X)","(X)","(X)","65.4","46.3","0.0","47.0","34.6","46.3","67.3","49.9","32.7","49.9","104","78","2.86","0.83","104","78","2.86","0.83","0","14","-","**","-","**","-","**","104","78","5.8","10.5","100.0","32.2","(X)","(X)","(X)","(X)","(X)","(X)","47.1","37.0","5.8","10.5","47.1","37.5","69.2","35.5","30.8","35.5","261","119","1.49","0.36","(X)","(X)","(X)","(X)","(X)","(X)","(X)","(X)","(X)","(X)","(X)","(X)","261","119","10.0","13.6","59.0","22.6","53.6","22.6","67.4","23.9","31.0","19.5","42.1","22.6","0.0","15.0","57.9","22.6","77.8","16.2","22.2","16.2",
"1400000US06111000600","Census Tract 6; Ventura County; California","1817","257","3.34","0.35","1393","228","3.84","0.41","790","180","8.9","8.6","32.9","13.5","58.2","14.6","1817","257","46.4","9.0","29.4","9.6","22.0","6.3","20.6","6.2","10.0","4.2","59.3","9.4","37.8","9.6","2.9","3.0","18.3","7.0","81.7","7.0","643","195","4.20","0.63","643","195","4.16","0.64","363","109","4.7","6.1","44.4","18.2","51.0","17.6","643","195","59.7","18.3","33.4","17.1","(X)","(X)","(X)","(X)","(X)","(X)","83.4","10.7","15.6","10.6","1.1","2.1","33.1","15.5","66.9","15.5","154","90","3.15","0.75","154","90","3.03","0.79","60","58","0.0","43.8","0.0","43.8","100.0","43.8","154","90","39.0","29.8","9.1","12.9","(X)","(X)","(X)","(X)","(X)","(X)","72.1","24.4","27.9","24.4","0.0","23.8","2.6","7.2","97.4","7.2","596","214","3.92","0.75","596","214","3.71","0.80","367","187","14.4","17.9","27.0","28.3","58.6","29.4","596","214","66.3","18.0","18.0","12.7","(X)","(X)","(X)","(X)","(X)","(X)","48.5","19.6","44.0","20.0","7.6","8.3","12.9","11.1","87.1","11.1","424","132","1.29","0.29","(X)","(X)","(X)","(X)","(X)","(X)","(X)","(X)","(X)","(X)","(X)","(X)","424","132","0.9","1.5","46.9","19.1","43.9","17.8","88.2","11.0","42.9","17.8","33.5","16.9","66.5","16.9","0.0","9.5","9.2","7.7","90.8","7.7",
"1400000US06111000701","Census Tract 7.01; Ventura County; California","1957","195","3.75","0.33","1733","200","3.97","0.33","959","184","4.4","4.1","23.1","11.6","72.5","11.5","1957","195","54.1","8.8","27.0","7.1","20.8","6.5","9.6","4.9","4.7","3.4","41.9","6.8","48.2","6.7","9.9","4.9","34.5","7.0","65.5","7.0","1059","227","4.17","0.49","1059","227","4.17","0.50","513","186","8.2","7.7","14.2","11.4","77.6","13.7","1059","227","51.8","13.2","28.0","9.0","(X)","(X)","(X)","(X)","(X)","(X)","48.9","11.0","40.6","9.9","10.5","7.7","45.0","11.8","55.0","11.8","209","127","5.10","1.39","209","127","4.48","1.15","144","103","0.0","25.1","52.8","44.0","47.2","44.0","209","127","87.1","13.9","27.3","27.8","(X)","(X)","(X)","(X)","(X)","(X)","41.6","31.9","58.4","31.9","0.0","18.3","11.5","12.3","88.5","12.3","465","156","3.43","0.39","465","156","3.30","0.43","302","122","0.0","13.1","24.2","20.7","75.8","20.7","465","156","70.5","14.1","8.2","6.9","(X)","(X)","(X)","(X)","(X)","(X)","39.8","17.3","48.0","19.6","12.3","10.2","26.7","14.1","73.3","14.1","224","113","1.19","0.27","(X)","(X)","(X)","(X)","(X)","(X)","(X)","(X)","(X)","(X)","(X)","(X)","224","113","0.0","17.2","61.6","27.7","41.1","24.9","83.5","23.6","41.1","24.9","13.4","13.7","75.4","18.9","11.2","10.1","22.3","17.8","77.7","17.8",
"1400000US06111000702","Census Tract 7.02; Ventura County; California","937","124","3.14","0.31","737","99","3.56","0.32","258","64","8.1","7.7","3.1","4.4","88.8","8.1","937","124","32.7","7.2","48.5","9.5","38.4","7.5","20.6","9.6","9.3","5.0","92.8","5.5","7.2","5.5","0.0","4.4","82.5","9.8","17.5","9.8","471","74","4.04","0.49","471","74","3.97","0.48","228","65","7.9","8.5","0.0","16.9","92.1","8.5","471","74","51.0","12.3","45.2","10.9","(X)","(X)","(X)","(X)","(X)","(X)","89.8","9.5","10.2","9.5","0.0","8.6","87.3","10.7","12.7","10.7","108","85","2.28","0.54","108","85","2.16","0.42","14","18","21.4","43.3","0.0","90.6","78.6","43.3","108","85","19.4","23.3","67.6","34.4","(X)","(X)","(X)","(X)","(X)","(X)","100.0","31.4","0.0","31.4","0.0","31.4","92.6","12.1","7.4","12.1","158","73","3.63","0.68","158","73","3.29","0.66","16","18","0.0","84.8","50.0","50.0","50.0","50.0","158","73","28.5","18.7","47.5","25.0","(X)","(X)","(X)","(X)","(X)","(X)","100.0","23.3","0.0","23.3","0.0","23.3","89.9","10.9","10.1","10.9","200","104","1.09","0.15","(X)","(X)","(X)","(X)","(X)","(X)","(X)","(X)","(X)","(X)","(X)","(X)","200","104","0.0","19.0","46.5","24.3","43.5","23.3","96.5","5.8","43.5","23.3","90.5","9.3","9.5","9.3","0.0","19.0","60.0","28.4","40.0","28.4",
"1400000US06111000800","Census Tract 8; Ventura County; California","2750","333","2.91","0.30","2048","281","3.38","0.29","726","220","24.2","12.5","36.5","17.7","39.3","15.2","2750","333","31.9","7.2","49.9","7.7","36.5","7.4","21.3","9.0","13.3","8.1","88.7","3.7","3.5","2.6","7.8","2.9","70.7","9.0","29.3","9.0","1593","297","3.39","0.34","1593","297","3.37","0.34","530","201","28.1","15.6","37.2","22.0","34.7","15.4","1593","297","39.7","9.8","38.8","9.2","(X)","(X)","(X)","(X)","(X)","(X)","90.5","4.4","1.1","1.6","8.4","4.0","71.8","12.5","28.2","12.5","159","121","2.69","0.39","159","121","2.69","0.39","76","99","0.0","38.9","0.0","38.9","100.0","38.9","159","121","52.8","41.9","25.8","29.1","(X)","(X)","(X)","(X)","(X)","(X)","100.0","23.2","0.0","23.2","0.0","23.2","70.4","38.2","29.6","38.2","296","108","4.17","1.07","296","108","3.84","1.02","120","76","22.5","32.5","56.7","40.8","20.8","25.4","296","108","54.4","22.9","53.7","22.2","(X)","(X)","(X)","(X)","(X)","(X)","70.3","21.3","23.0","22.1","6.8","8.3","61.1","21.2","38.9","21.2","702","281","1.32","0.25","(X)","(X)","(X)","(X)","(X)","(X)","(X)","(X)","(X)","(X)","(X)","(X)","702","281","0.0","5.9","78.9","11.4","68.7","15.7","83.3","11.9","52.0","20.4","89.7","6.9","1.7","2.8","8.5","6.0","72.2","15.2","27.8","15.2",
"1400000US06111000901","Census Tract 9.01; Ventura County; California","1106","125","2.28","0.19","795","113","2.65","0.20","228","83","8.8","9.6","24.1","23.4","67.1","24.8","1106","125","20.6","7.0","66.2","6.9","49.8","9.2","21.4","5.6","14.4","5.4","86.3","5.8","13.7","5.8","0.0","3.8","63.9","9.9","36.1","9.9","683","114","2.61","0.19","683","114","2.61","0.19","149","63","13.4","14.1","36.9","37.3","49.7","38.2","683","114","21.8","8.1","62.5","7.9","(X)","(X)","(X)","(X)","(X)","(X)","93.7","5.0","6.3","5.0","0.0","6.0","74.8","12.0","25.2","12.0","38","50","4.50","1.54","38","50","4.13","1.32","27","49","0.0","65.3","0.0","65.3","100.0","65.3","38","50","71.1","53.6","71.1","53.6","(X)","(X)","(X)","(X)","(X)","(X)","28.9","53.6","71.1","53.6","0.0","55.0","28.9","53.6","71.1","53.6","74","65","2.35","0.37","74","65","2.16","0.16","52","61","0.0","47.0","0.0","47.0","100.0","47.0","74","65","70.3","41.9","29.7","41.9","(X)","(X)","(X)","(X)","(X)","(X)","100.0","39.4","0.0","39.4","0.0","39.4","17.6","31.1","82.4","31.1","311","84","1.27","0.15","(X)","(X)","(X)","(X)","(X)","(X)","(X)","(X)","(X)","(X)","(X)","(X)","311","84","0.0","12.8","82.3","11.5","67.8","14.5","76.2","12.5","51.1","15.2","74.0","12.9","26.0","12.9","0.0","12.8","55.3","15.7","44.7","15.7",
"1400000US06111000902","Census Tract 9.02; Ventura County; California","961","137","2.58","0.33","623","125","3.06","0.41","107","55","12.1","13.3","0.0","31.6","87.9","13.3","961","137","18.3","9.4","58.5","9.2","48.3","9.3","30.3","8.2","19.9","8.2","86.0","6.6","12.6","6.6","1.5","1.4","66.8","10.5","33.2","10.5","455","92","2.78","0.38","455","92","2.69","0.32","27","24","0.0","65.3","0.0","65.3","100.0","65.3","455","92","8.1","5.6","70.5","11.1","(X)","(X)","(X)","(X)","(X)","(X)","94.1","4.3","4.6","4.0","1.3","1.8","87.9","7.7","12.1","7.7","50","50","7.16","2.49","50","50","6.10","2.35","26","37","0.0","66.5","0.0","66.5","100.0","66.5","50","50","52.0","52.0","0.0","48.0","(X)","(X)","(X)","(X)","(X)","(X)","100.0","48.0","0.0","48.0","0.0","48.0","100.0","48.0","0.0","48.0","118","101","3.58","0.50","118","101","3.18","0.73","54","40","24.1","27.6","0.0","46.1","75.9","27.6","118","101","95.8","8.3","4.2","8.3","(X)","(X)","(X)","(X)","(X)","(X)","94.9","8.0","5.1","8.0","0.0","29.4","10.2","14.7","89.8","14.7","338","90","1.28","0.18","(X)","(X)","(X)","(X)","(X)","(X)","(X)","(X)","(X)","(X)","(X)","(X)","338","90","0.0","11.8","69.8","13.9","59.5","15.4","86.1","8.8","56.5","15.6","69.8","15.5","27.8","15.6","2.4","3.5","53.3","15.4","46.7","15.4",
"1400000US06111000903","Census Tract 9.03; Ventura County; California","2297","292","2.26","0.17","1498","268","2.78","0.26","538","140","15.8","13.6","12.1","16.3","72.1","19.4","2297","292","24.1","6.6","58.1","8.8","47.7","8.4","30.3","9.0","13.5","7.5","77.0","11.4","16.9","9.2","6.1","8.2","60.3","11.0","39.7","11.0","967","273","2.96","0.34","967","273","2.95","0.34","271","116","31.4","24.9","0.0","14.5","68.6","24.9","967","273","28.2","12.0","67.0","14.8","(X)","(X)","(X)","(X)","(X)","(X)","82.8","18.2","4.2","4.9","12.9","18.0","68.0","16.9","32.0","16.9","175","140","2.10","0.19","175","140","2.10","0.19","72","104","0.0","40.0","0.0","40.0","100.0","40.0","175","140","41.1","43.9","58.9","43.9","(X)","(X)","(X)","(X)","(X)","(X)","73.7","38.0","26.3","38.0","0.0","21.4","32.6","35.0","67.4","35.0","356","150","2.96","0.48","356","150","2.66","0.41","195","134","0.0","19.4","33.3","39.6","66.7","39.6","356","150","58.7","23.4","35.1","28.6","(X)","(X)","(X)","(X)","(X)","(X)","84.8","17.7","11.0","14.4","4.2","6.9","61.2","24.1","38.8","24.1","799","254","1.13","0.11","(X)","(X)","(X)","(X)","(X)","(X)","(X)","(X)","(X)","(X)","(X)","(X)","799","254","0.0","5.2","57.4","18.4","46.1","18.4","87.2","10.6","38.7","17.8","67.2","20.1","32.8","20.1","0.0","5.2","56.6","19.8","43.4","19.8",
"1400000US06111001002","Census Tract 10.02; Ventura County; California","2838","340","2.32","0.20","1787","339","2.98","0.26","540","116","41.1","14.5","15.7","11.1","43.1","17.3","2838","340","20.4","5.4","69.1","6.4","59.0","7.3","35.3","9.1","24.6","9.0","61.9","9.1","5.3","3.4","32.8","9.3","74.1","6.9","25.9","6.9","1241","297","2.98","0.35","1241","297","2.97","0.35","409","126","46.5","19.7","10.0","10.0","43.5","20.7","1241","297","36.0","10.8","62.1","10.1","(X)","(X)","(X)","(X)","(X)","(X)","71.6","11.6","1.2","2.2","27.2","11.4","82.8","8.2","17.2","8.2","126","114","4.35","0.81","126","114","3.79","0.68","62","58","29.0","52.2","71.0","52.2","0.0","43.1","126","114","49.2","50.8","0.0","28.0","(X)","(X)","(X)","(X)","(X)","(X)","85.7","31.7","14.3","31.7","0.0","28.0","49.2","50.8","50.8","50.8","420","200","2.93","0.36","420","200","2.76","0.37","69","44","20.3","32.0","0.0","40.8","79.7","32.0","420","200","16.4","11.5","65.7","20.1","(X)","(X)","(X)","(X)","(X)","(X)","40.7","25.7","13.1","10.1","46.2","23.7","71.0","21.0","29.0","21.0","1051","293","1.05","0.04","(X)","(X)","(X)","(X)","(X)","(X)","(X)","(X)","(X)","(X)","(X)","(X)","1051","293","0.0","4.0","86.9","8.5","69.3","13.2","95.4","4.6","66.4","13.3","56.0","17.4","5.9","7.2","38.1","18.1","67.9","13.2","32.1","13.2",
"1400000US06111001101","Census Tract 11.01; Ventura County; California","1744","173","2.73","0.24","1132","165","3.41","0.25","439","90","32.3","17.5","22.6","14.4","45.1","15.8","1744","173","28.1","5.6","53.7","7.2","46.9","7.4","30.1","6.1","23.9","5.8","76.7","5.9","5.4","3.5","17.8","5.7","83.5","5.6","16.5","5.6","972","161","3.62","0.30","972","161","3.49","0.28","416","90","34.1","18.6","23.8","15.4","42.1","17.1","972","161","45.3","11.0","38.8","9.8","(X)","(X)","(X)","(X)","(X)","(X)","89.1","7.3","0.0","4.3","10.9","7.3","86.0","7.8","14.0","7.8","48","38","2.56","0.71","48","38","2.46","0.52","0","14","-","**","-","**","-","**","48","38","0.0","48.9","75.0","38.9","(X)","(X)","(X)","(X)","(X)","(X)","75.0","38.0","0.0","48.9","25.0","38.0","100.0","48.9","0.0","48.9","112","66","3.16","0.96","112","66","3.16","0.96","23","26","0.0","70.7","0.0","70.7","100.0","70.7","112","66","44.6","28.6","66.1","26.4","(X)","(X)","(X)","(X)","(X)","(X)","56.3","32.3","24.1","30.0","19.6","22.0","64.3","29.7","35.7","29.7","612","114","1.25","0.24","(X)","(X)","(X)","(X)","(X)","(X)","(X)","(X)","(X)","(X)","(X)","(X)","612","114","0.0","6.7","73.4","10.4","69.0","10.7","85.8","10.0","68.0","10.8","60.9","11.9","11.1","7.7","27.9","10.2","81.9","9.2","18.1","9.2",
"1400000US06111001102","Census Tract 11.02; Ventura County; California","1402","150","2.60","0.28","1047","139","2.96","0.29","265","76","18.5","15.2","6.4","7.3","75.1","15.1","1402","150","21.5","5.4","55.4","7.0","47.7","5.9","17.7","7.3","7.8","4.1","91.7","5.5","1.2","1.3","7.1","5.4","87.4","5.6","12.6","5.6","869","144","2.88","0.31","869","144","2.87","0.31","220","78","22.3","18.2","7.7","9.0","70.0","18.2","869","144","27.4","8.0","59.6","10.1","(X)","(X)","(X)","(X)","(X)","(X)","95.7","3.8","0.0","4.8","4.3","3.8","89.1","6.8","10.9","6.8","92","66","3.77","1.05","92","66","3.25","0.80","12","17","0.0","97.9","0.0","97.9","100.0","97.9","92","66","13.0","20.3","55.4","33.4","(X)","(X)","(X)","(X)","(X)","(X)","100.0","35.0","0.0","35.0","0.0","35.0","68.5","37.3","31.5","37.3","86","47","3.60","0.61","86","47","3.60","0.61","33","34","0.0","59.0","0.0","59.0","100.0","59.0","86","47","59.3","25.7","89.5","15.7","(X)","(X)","(X)","(X)","(X)","(X)","89.5","15.7","10.5","15.7","0.0","36.4","76.7","23.5","23.3","23.5","355","142","1.37","0.23","(X)","(X)","(X)","(X)","(X)","(X)","(X)","(X)","(X)","(X)","(X)","(X)","355","142","0.0","11.3","36.9","16.8","35.2","16.2","69.9","19.8","30.7","15.2","80.0","20.6","2.3","3.5","17.7","20.6","91.0","8.9","9.0","8.9",
"1400000US06111001201","Census Tract 12.01; Ventura County; California","2086","172","2.70","0.23","1343","213","3.18","0.22","684","162","38.2","15.0","12.4","10.1","49.4","14.1","2086","172","35.1","8.2","40.6","7.2","29.8","6.4","25.9","8.4","9.9","5.0","48.9","6.8","38.6","8.1","12.4","4.6","53.2","7.9","46.8","7.9","966","172","3.27","0.29","966","172","3.27","0.29","469","114","40.3","17.9","11.9","12.8","47.8","17.0","966","172","48.6","10.5","43.8","9.3","(X)","(X)","(X)","(X)","(X)","(X)","66.4","11.3","23.3","11.7","10.4","5.6","70.8","12.0","29.2","12.0","131","110","5.10","1.33","131","110","3.27","0.92","53","51","0.0","46.6","30.2","45.2","69.8","45.2","131","110","77.9","29.0","23.7","28.4","(X)","(X)","(X)","(X)","(X)","(X)","62.6","30.3","23.7","28.4","13.7","19.0","38.9","31.3","61.1","31.3","246","158","3.37","0.41","246","158","2.79","0.43","162","120","44.4","32.8","8.0","14.3","47.5","30.0","246","158","65.9","24.3","44.3","32.5","(X)","(X)","(X)","(X)","(X)","(X)","44.7","25.8","38.2","27.0","17.1","23.5","49.6","27.5","50.4","27.5","743","150","1.32","0.20","(X)","(X)","(X)","(X)","(X)","(X)","(X)","(X)","(X)","(X)","(X)","(X)","743","150","0.0","5.6","38.2","15.4","28.9","14.4","72.8","17.3","27.9","14.3","25.3","13.1","61.4","16.5","13.3","9.9","33.9","15.5","66.1","15.5",
"1400000US06111001202","Census Tract 12.02; Ventura County; California","2318","211","2.96","0.22","1951","220","3.23","0.23","844","192","7.3","9.3","23.8","20.1","68.8","21.9","2318","211","36.8","6.8","54.3","7.4","31.7","7.7","14.9","5.4","6.3","2.8","99.6","0.7","0.4","0.7","0.0","1.8","79.8","7.0","20.2","7.0","1670","263","3.12","0.20","1670","263","3.10","0.20","660","183","9.4","10.9","24.2","25.1","66.4","24.7","1670","263","39.5","8.1","54.4","9.4","(X)","(X)","(X)","(X)","(X)","(X)","100.0","2.5","0.0","2.5","0.0","2.5","83.1","9.1","16.9","9.1","113","92","4.46","0.96","113","92","3.63","0.71","76","84","0.0","38.9","53.9","53.9","46.1","53.9","113","92","76.1","31.0","23.9","31.0","(X)","(X)","(X)","(X)","(X)","(X)","100.0","30.4","0.0","30.4","0.0","30.4","84.1","28.2","15.9","28.2","168","143","4.45","1.23","168","143","4.23","1.59","108","139","0.0","31.4","0.0","31.4","100.0","31.4","168","143","64.3","50.9","12.5","21.6","(X)","(X)","(X)","(X)","(X)","(X)","100.0","22.1","0.0","22.1","0.0","22.1","35.7","50.9","64.3","50.9","367","127","1.07","0.08","(X)","(X)","(X)","(X)","(X)","(X)","(X)","(X)","(X)","(X)","(X)","(X)","367","127","0.0","10.9","82.0","15.5","45.8","21.1","94.3","6.6","40.1","18.7","97.5","4.5","2.5","4.5","0.0","10.9","83.7","13.1","16.3","13.1",
"1400000US06111001204","Census Tract 12.04; Ventura County; California","802","91","3.12","0.23","616","92","3.46","0.25","245","96","11.8","10.0","2.9","4.6","85.3","11.1","802","91","43.9","9.0","42.5","7.3","37.2","5.8","15.1","5.1","11.3","4.7","70.2","8.5","1.1","1.9","28.7","8.9","76.9","6.5","23.1","6.5","423","84","3.50","0.40","423","84","3.42","0.36","138","57","18.1","15.0","5.1","7.9","76.8","15.9","423","84","43.3","11.2","38.5","9.3","(X)","(X)","(X)","(X)","(X)","(X)","77.8","10.2","0.0","9.6","22.2","10.2","76.1","8.5","23.9","8.5","29","22","2.41","0.58","29","22","2.41","0.58","0","14","-","**","-","**","-","**","29","22","48.3","40.5","51.7","39.4","(X)","(X)","(X)","(X)","(X)","(X)","69.0","42.2","31.0","42.2","0.0","63.0","69.0","42.2","31.0","42.2","164","99","3.95","0.47","164","99","3.77","0.61","107","92","3.7","8.0","0.0","31.6","96.3","8.0","164","99","88.4","13.0","22.0","19.4","(X)","(X)","(X)","(X)","(X)","(X)","38.4","31.5","0.0","22.6","61.6","31.5","73.2","22.0","26.8","22.0","186","41","1.64","0.37","(X)","(X)","(X)","(X)","(X)","(X)","(X)","(X)","(X)","(X)","(X)","(X)","186","41","5.4","6.9","68.3","14.0","57.5","13.0","65.1","14.0","48.9","14.2","81.2","10.8","0.0","20.3","18.8","10.8","83.3","10.7","16.7","10.7",
"1400000US06111001302","Census Tract 13.02; Ventura County; California","1066","279","2.68","0.63","548","122","4.05","0.73","265","110","44.9","25.0","5.7","8.9","49.4","24.6","1066","279","30.5","11.1","57.1","13.3","50.7","14.7","42.6","15.8","32.0","17.9","51.1","15.2","18.2","7.5","30.7","11.4","69.5","12.8","30.5","12.8","443","127","4.17","0.88","443","127","4.14","0.89","241","109","45.2","27.3","6.2","9.8","48.5","26.7","443","127","59.1","14.3","26.2","11.6","(X)","(X)","(X)","(X)","(X)","(X)","43.1","15.2","28.0","12.0","28.9","16.4","52.8","17.5","47.2","17.5","30","23","2.70","1.05","30","23","2.10","0.52","19","19","52.6","52.6","0.0","77.8","47.4","52.6","30","23","63.3","39.4","66.7","40.0","(X)","(X)","(X)","(X)","(X)","(X)","86.7","22.7","0.0","61.9","13.3","22.7","86.7","22.7","13.3","22.7","75","33","4.68","1.42","75","33","4.31","1.34","5","9","0.0","100.0","0.0","100.0","100.0","100.0","75","33","58.7","23.0","69.3","27.5","(X)","(X)","(X)","(X)","(X)","(X)","60.0","21.2","6.7","12.1","33.3","21.4","69.3","27.5","30.7","27.5","518","265","1.12","0.10","(X)","(X)","(X)","(X)","(X)","(X)","(X)","(X)","(X)","(X)","(X)","(X)","518","265","0.0","7.9","81.3","14.0","75.1","17.2","87.6","9.3","65.8","21.6","54.6","27.9","12.5","10.7","32.8","21.0","82.8","13.5","17.2","13.5",
"1400000US06111001303","Census Tract 13.03; Ventura County; California","1552","112","3.11","0.30","1278","123","3.33","0.34","346","95","19.9","14.3","34.4","19.4","45.7","19.9","1552","112","29.4","6.3","49.4","7.3","36.9","6.7","11.7","5.6","8.0","5.1","78.7","5.7","20.7","5.8","0.6","1.0","58.0","8.7","42.0","8.7","922","119","3.41","0.36","922","119","3.38","0.35","279","94","16.8","13.8","35.1","20.5","48.0","22.0","922","119","37.1","9.3","46.2","11.0","(X)","(X)","(X)","(X)","(X)","(X)","89.7","5.4","9.2","5.3","1.1","1.7","66.8","10.3","33.2","10.3","111","71","2.94","0.69","111","71","2.71","0.48","46","47","47.8","52.2","0.0","50.0","52.2","52.2","111","71","41.4","34.5","7.2","12.6","(X)","(X)","(X)","(X)","(X)","(X)","69.4","30.0","30.6","30.0","0.0","30.8","50.5","35.8","49.5","35.8","245","104","3.60","0.91","245","104","3.41","0.89","21","32","0.0","74.0","100.0","74.0","0.0","74.0","245","104","23.3","22.8","66.5","24.1","(X)","(X)","(X)","(X)","(X)","(X)","61.2","25.1","38.8","25.1","0.0","15.9","46.5","27.3","53.5","27.3","274","105","1.69","0.50","(X)","(X)","(X)","(X)","(X)","(X)","(X)","(X)","(X)","(X)","(X)","(X)","274","105","4.0","6.1","62.0","19.4","52.2","20.4","66.4","21.4","45.3","21.2","60.9","17.4","39.1","17.4","0.0","14.3","41.6","19.5","58.4","19.5",
"1400000US06111001304","Census Tract 13.04; Ventura County; California","1105","102","2.56","0.30","676","139","2.88","0.32","239","114","43.1","20.6","33.5","18.0","23.4","19.7","1105","102","27.0","11.5","46.0","8.8","29.8","7.4","17.4","7.2","6.1","3.5","76.7","7.7","22.2","7.6","1.1","1.8","50.5","8.3","49.5","8.3","455","118","2.92","0.42","455","118","2.83","0.42","115","66","38.3","26.3","13.0","19.8","48.7","27.5","455","118","29.2","13.8","59.3","17.3","(X)","(X)","(X)","(X)","(X)","(X)","95.8","5.3","4.2","5.3","0.0","8.9","83.7","9.2","16.3","9.2","65","48","3.12","0.63","65","48","2.95","0.70","31","35","35.5","61.2","64.5","61.2","0.0","60.9","65","48","72.3","31.4","36.9","36.7","(X)","(X)","(X)","(X)","(X)","(X)","83.1","28.7","16.9","28.7","0.0","42.1","55.4","38.1","44.6","38.1","156","95","3.53","0.71","156","95","3.02","0.49","93","86","51.6","32.8","48.4","32.8","0.0","34.7","156","95","59.6","28.9","29.5","25.7","(X)","(X)","(X)","(X)","(X)","(X)","75.0","24.7","25.0","24.7","0.0","23.5","19.9","21.3","80.1","21.3","429","112","1.73","0.26","(X)","(X)","(X)","(X)","(X)","(X)","(X)","(X)","(X)","(X)","(X)","(X)","429","112","5.8","7.3","39.2","16.6","22.1","12.1","44.8","17.1","15.6","9.6","56.2","18.2","41.0","18.0","2.8","4.6","25.6","13.4","74.4","13.4",
"1400000US06111001401","Census Tract 14.01; Ventura County; California","1434","152","2.83","0.26","1062","136","3.30","0.31","469","97","25.6","11.8","15.8","17.0","58.6","16.6","1434","152","34.4","7.6","45.7","7.4","39.2","6.5","18.3","4.9","12.5","4.2","96.9","2.0","3.1","2.0","0.0","2.9","77.1","8.2","22.9","8.2","880","149","3.42","0.36","880","149","3.37","0.35","377","85","31.8","15.1","15.9","19.8","52.3","18.2","880","149","45.0","9.4","43.3","9.3","(X)","(X)","(X)","(X)","(X)","(X)","100.0","4.7","0.0","4.7","0.0","4.7","86.7","6.8","13.3","6.8","67","62","3.45","0.77","67","62","3.00","0.45","31","51","0.0","60.9","0.0","60.9","100.0","60.9","67","62","46.3","45.2","53.7","45.2","(X)","(X)","(X)","(X)","(X)","(X)","100.0","41.4","0.0","41.4","0.0","41.4","53.7","45.2","46.3","45.2","115","46","3.04","0.56","115","46","2.93","0.51","61","45","0.0","43.4","23.0","32.0","77.0","32.0","115","46","58.3","24.8","26.1","17.4","(X)","(X)","(X)","(X)","(X)","(X)","93.9","11.3","6.1","11.3","0.0","30.0","87.8","15.4","12.2","15.4","372","130","1.26","0.21","(X)","(X)","(X)","(X)","(X)","(X)","(X)","(X)","(X)","(X)","(X)","(X)","372","130","0.0","10.8","55.9","22.2","55.9","22.2","70.4","23.2","48.1","20.2","89.8","7.8","10.2","7.8","0.0","10.8","55.1","21.0","44.9","21.0",
"1400000US06111001402","Census Tract 14.02; Ventura County; California","2148","292","2.55","0.29","1536","310","3.12","0.29","567","288","22.6","16.1","3.5","6.1","73.9","17.5","2148","292","28.7","10.9","42.2","9.4","32.6","8.9","27.2","8.7","10.5","4.0","75.8","8.3","24.2","8.3","0.0","2.0","67.1","8.8","32.9","8.8","1361","318","3.20","0.31","1361","318","3.20","0.31","515","285","24.9","18.5","3.9","6.8","71.3","20.2","1361","318","38.9","15.0","38.4","13.3","(X)","(X)","(X)","(X)","(X)","(X)","89.8","7.1","10.2","7.1","0.0","3.1","82.8","8.8","17.2","8.8","41","49","2.63","0.58","41","49","2.63","0.58","0","19","-","**","-","**","-","**","41","49","0.0","53.0","41.5","58.5","(X)","(X)","(X)","(X)","(X)","(X)","100.0","53.0","0.0","53.0","0.0","53.0","41.5","58.5","58.5","58.5","134","80","2.44","0.49","134","80","2.44","0.49","52","53","0.0","47.0","0.0","47.0","100.0","47.0","134","80","64.2","28.9","47.0","30.8","(X)","(X)","(X)","(X)","(X)","(X)","64.9","31.8","35.1","31.8","0.0","26.6","54.5","32.2","45.5","32.2","612","190","1.10","0.13","(X)","(X)","(X)","(X)","(X)","(X)","(X)","(X)","(X)","(X)","(X)","(X)","612","190","0.0","6.7","49.8","18.6","36.8","17.5","95.6","5.1","36.8","17.5","45.6","19.2","54.4","19.2","0.0","6.7","36.6","17.6","63.4","17.6",
"1400000US06111001506","Census Tract 15.06; Ventura County; California","1918","248","2.53","0.24","1321","223","3.01","0.28","451","90","19.5","10.5","13.5","8.0","67.0","14.5","1918","248","24.5","6.0","50.3","7.5","39.4","6.7","26.5","7.5","13.0","4.4","85.1","7.6","10.7","7.3","4.2","3.0","82.0","6.8","18.0","6.8","963","211","2.87","0.34","963","211","2.83","0.34","293","90","19.8","14.6","13.0","12.3","67.2","18.3","963","211","31.3","10.7","45.3","10.8","(X)","(X)","(X)","(X)","(X)","(X)","89.1","8.3","9.1","8.7","1.8","2.1","83.7","10.5","16.3","10.5","136","114","3.06","0.44","136","114","2.99","0.47","17","20","52.9","52.9","0.0","82.3","47.1","52.9","136","114","20.6","26.9","39.7","40.4","(X)","(X)","(X)","(X)","(X)","(X)","52.2","49.8","47.8","49.8","0.0","26.3","64.7","42.2","35.3","42.2","222","96","4.04","0.66","222","96","3.79","0.73","141","73","14.9","20.8","16.3","16.9","68.8","23.9","222","96","63.5","16.3","27.9","14.6","(X)","(X)","(X)","(X)","(X)","(X)","100.0","17.3","0.0","17.3","0.0","17.3","73.4","17.7","26.6","17.7","597","178","1.30","0.22","(X)","(X)","(X)","(X)","(X)","(X)","(X)","(X)","(X)","(X)","(X)","(X)","597","178","0.0","6.9","69.0","12.1","47.4","14.3","85.3","8.7","41.9","14.0","80.7","11.5","8.7","8.3","10.6","9.3","86.4","10.6","13.6","10.6",
"1400000US06111001507","Census Tract 15.07; Ventura County; California","1683","279","2.93","0.41","1032","157","3.66","0.44","398","96","14.1","11.4","30.4","16.5","55.5","16.8","1683","279","26.1","6.7","47.3","8.1","29.7","5.9","28.9","11.6","8.5","4.3","57.5","9.6","42.5","9.6","0.0","2.5","46.6","8.5","53.4","8.5","734","155","3.63","0.57","734","155","3.63","0.57","203","70","4.9","8.0","33.0","20.9","62.1","21.7","734","155","32.3","8.6","65.0","11.1","(X)","(X)","(X)","(X)","(X)","(X)","78.5","9.8","21.5","9.8","0.0","5.6","66.8","11.6","33.2","11.6","146","75","3.71","0.41","146","75","3.59","0.49","84","67","21.4","32.5","28.6","45.6","50.0","47.9","146","75","57.5","32.9","39.0","34.4","(X)","(X)","(X)","(X)","(X)","(X)","66.4","31.5","33.6","31.5","0.0","24.9","39.0","34.4","61.0","34.4","152","90","4.36","0.98","152","90","3.86","0.96","111","78","25.2","29.2","27.0","30.3","47.7","36.6","152","90","73.0","19.0","27.0","24.7","(X)","(X)","(X)","(X)","(X)","(X)","26.3","22.8","73.7","22.8","0.0","24.0","16.4","20.2","83.6","20.2","651","267","1.63","0.53","(X)","(X)","(X)","(X)","(X)","(X)","(X)","(X)","(X)","(X)","(X)","(X)","651","267","1.1","2.0","33.9","15.4","22.0","11.7","74.7","14.3","22.0","11.7","39.2","16.2","60.8","16.2","0.0","6.3","32.6","14.1","67.4","14.1",
"1400000US06111001508","Census Tract 15.08; Ventura County; California","1881","222","2.35","0.24","1198","256","2.99","0.33","399","111","14.0","10.3","10.8","8.6","75.2","13.8","1881","222","24.1","6.6","54.5","9.7","45.8","10.9","33.2","9.4","17.4","6.3","46.9","8.0","30.0","7.3","23.1","5.8","66.0","9.1","34.0","9.1","863","150","3.17","0.35","863","150","3.13","0.36","354","107","13.6","11.3","12.1","9.4","74.3","15.0","863","150","45.5","10.8","47.6","9.3","(X)","(X)","(X)","(X)","(X)","(X)","55.3","10.9","23.2","9.2","21.6","9.1","73.7","10.5","26.3","10.5","103","76","4.02","0.68","103","76","3.66","0.76","37","54","0.0","55.8","0.0","55.8","100.0","55.8","103","76","51.5","38.0","37.9","37.1","(X)","(X)","(X)","(X)","(X)","(X)","51.5","38.0","36.9","35.1","11.7","21.1","85.4","23.1","14.6","23.1","232","220","2.22","0.39","232","220","2.17","0.31","8","13","100.0","100.0","0.0","100.0","0.0","100.0","232","220","3.4","7.8","82.8","24.1","(X)","(X)","(X)","(X)","(X)","(X)","73.3","35.8","3.4","7.8","23.3","31.5","96.6","7.8","3.4","7.8","683","181","1.12","0.09","(X)","(X)","(X)","(X)","(X)","(X)","(X)","(X)","(X)","(X)","(X)","(X)","683","181","0.0","6.0","56.2","16.4","49.9","16.9","91.5","6.1","47.9","16.7","26.6","14.5","46.7","16.5","26.6","14.2","43.0","12.7","57.0","12.7",
"1400000US06111001509","Census Tract 15.09; Ventura County; California","1722","216","2.50","0.29","1184","211","2.96","0.37","451","184","27.3","16.1","21.1","18.3","51.7","22.3","1722","216","32.7","11.7","34.3","10.8","18.9","7.3","21.9","5.8","12.0","4.7","27.5","10.5","66.9","10.6","5.6","6.5","40.5","10.9","59.5","10.9","656","213","3.06","0.41","656","213","3.06","0.41","344","179","22.7","18.0","27.6","24.5","49.7","26.8","656","213","54.0","16.6","23.6","17.9","(X)","(X)","(X)","(X)","(X)","(X)","43.1","18.4","56.9","18.4","0.0","6.3","53.7","20.9","46.3","20.9","147","112","2.54","0.36","147","112","2.28","0.13","27","29","63.0","63.0","0.0","65.3","37.0","63.0","147","112","18.4","30.0","66.7","43.3","(X)","(X)","(X)","(X)","(X)","(X)","18.4","30.0","28.6","33.6","53.1","52.0","59.9","49.4","40.1","49.4","381","117","3.14","0.76","381","117","3.06","0.76","80","56","35.0","32.7","0.0","37.9","65.0","32.7","381","117","47.8","28.8","24.9","18.9","(X)","(X)","(X)","(X)","(X)","(X)","22.0","25.5","74.8","26.1","3.1","6.7","33.9","26.4","66.1","26.4","538","133","1.35","0.16","(X)","(X)","(X)","(X)","(X)","(X)","(X)","(X)","(X)","(X)","(X)","(X)","538","133","0.0","7.6","45.2","13.8","38.3","13.2","70.1","14.4","38.3","13.2","14.7","9.2","84.0","9.5","1.3","2.1","23.8","11.0","76.2","11.0",
"1400000US06111001510","Census Tract 15.10; Ventura County; California","1160","130","2.13","0.32","506","119","3.14","0.53","148","75","27.0","27.9","33.8","34.5","39.2","27.9","1160","130","12.9","6.1","45.9","7.8","40.3","6.9","42.1","9.4","19.2","6.6","35.4","8.1","48.7","7.8","15.9","4.9","36.2","8.2","63.8","8.2","279","97","3.55","0.77","279","97","3.47","0.80","102","73","24.5","32.4","49.0","47.7","26.5","33.6","279","97","36.6","18.0","44.8","14.2","(X)","(X)","(X)","(X)","(X)","(X)","43.7","15.8","33.3","17.8","22.9","13.2","56.6","17.9","43.4","17.9","81","62","2.21","0.12","81","62","2.21","0.12","0","14","-","**","-","**","-","**","81","62","0.0","37.7","28.4","36.2","(X)","(X)","(X)","(X)","(X)","(X)","7.4","12.4","92.6","12.4","0.0","37.7","7.4","12.4","92.6","12.4","146","60","3.18","0.46","146","60","3.03","0.51","46","29","32.6","44.4","0.0","50.0","67.4","44.4","146","60","32.9","17.2","54.1","20.7","(X)","(X)","(X)","(X)","(X)","(X)","40.4","20.8","36.3","25.4","23.3","20.8","22.6","16.0","77.4","16.0","654","147","1.28","0.12","(X)","(X)","(X)","(X)","(X)","(X)","(X)","(X)","(X)","(X)","(X)","(X)","654","147","0.0","6.3","46.8","13.7","41.6","13.3","74.6","10.4","34.1","11.8","34.3","12.6","52.6","11.9","13.1","6.7","34.1","12.5","65.9","12.5",
"1400000US06111001511","Census Tract 15.11; Ventura County; California","783","187","3.14","0.44","554","100","3.61","0.35","197","51","10.7","13.6","12.7","11.3","76.6","18.6","783","187","27.7","8.7","29.9","8.7","26.3","7.3","27.6","14.3","6.0","4.2","39.1","11.8","60.9","11.8","0.0","5.3","23.1","9.3","76.9","9.3","381","106","3.83","0.52","381","106","3.49","0.43","142","39","14.8","18.0","13.4","13.1","71.8","23.5","381","106","37.3","11.1","24.4","9.4","(X)","(X)","(X)","(X)","(X)","(X)","50.7","17.0","49.3","17.0","0.0","10.5","28.9","12.1","71.1","12.1","57","51","5.79","1.65","57","51","5.37","1.90","32","42","0.0","59.9","18.8","45.9","81.3","45.9","57","51","89.5","18.9","0.0","44.9","(X)","(X)","(X)","(X)","(X)","(X)","14.0","24.2","86.0","24.2","0.0","44.9","0.0","44.9","100.0","44.9","116","56","3.53","0.67","116","56","3.15","0.59","23","19","0.0","70.7","0.0","70.7","100.0","70.7","116","56","20.7","16.0","72.4","17.0","(X)","(X)","(X)","(X)","(X)","(X)","46.6","22.7","53.4","22.7","0.0","29.8","23.3","21.1","76.7","21.1","229","156","1.12","0.21","(X)","(X)","(X)","(X)","(X)","(X)","(X)","(X)","(X)","(X)","(X)","(X)","229","156","0.0","16.9","24.9","22.4","20.5","18.9","94.3","9.6","20.5","18.9","22.3","24.9","77.7","24.9","0.0","16.9","19.2","22.8","80.8","22.8",
"1400000US06111001602","Census Tract 16.02; Ventura County; California","966","95","2.50","0.16","587","71","3.12","0.24","205","49","21.0","14.2","15.6","11.9","63.4","15.1","966","95","22.6","4.5","56.8","6.0","43.4","5.7","28.1","5.6","18.3","4.9","81.4","5.2","5.8","3.1","12.8","3.8","79.1","5.6","20.9","5.6","496","70","3.26","0.28","496","70","3.20","0.27","173","49","24.9","17.0","18.5","13.6","56.6","17.0","496","70","35.9","8.0","46.0","8.4","(X)","(X)","(X)","(X)","(X)","(X)","89.9","6.1","5.6","4.8","4.4","3.8","76.0","8.3","24.0","8.3","40","23","2.98","0.72","40","23","2.50","0.61","12","14","0.0","97.9","0.0","97.9","100.0","97.9","40","23","50.0","36.7","47.5","34.6","(X)","(X)","(X)","(X)","(X)","(X)","100.0","53.6","0.0","53.6","0.0","53.6","60.0","32.0","40.0","32.0","51","31","3.29","0.73","51","31","2.84","0.40","20","24","0.0","75.8","0.0","75.8","100.0","75.8","51","31","39.2","35.1","52.9","31.6","(X)","(X)","(X)","(X)","(X)","(X)","68.6","28.7","7.8","13.9","23.5","24.8","92.2","13.9","7.8","13.9","379","75","1.35","0.18","(X)","(X)","(X)","(X)","(X)","(X)","(X)","(X)","(X)","(X)","(X)","(X)","379","75","0.0","10.6","72.6","11.0","61.7","11.2","71.5","13.1","46.7","12.4","69.9","10.9","6.3","5.0","23.7","8.7","83.4","9.6","16.6","9.6",
"1400000US06111001801","Census Tract 18.01; Ventura County; California","1299","142","2.92","0.21","963","141","3.45","0.24","397","114","18.6","10.4","11.3","9.3","70.0","13.2","1299","142","32.0","6.7","52.6","6.4","44.7","5.6","23.7","5.7","19.5","5.1","85.0","5.0","8.7","4.5","6.3","3.9","77.1","7.2","22.9","7.2","876","142","3.56","0.25","876","142","3.52","0.25","394","113","18.8","10.5","11.4","9.3","69.8","13.3","876","142","45.5","8.9","39.4","9.0","(X)","(X)","(X)","(X)","(X)","(X)","94.2","4.9","5.8","4.9","0.0","4.7","81.2","8.9","18.8","8.9","29","26","4.07","2.36","29","26","3.14","1.62","0","14","-","**","-","**","-","**","29","26","20.7","31.2","100.0","63.0","(X)","(X)","(X)","(X)","(X)","(X)","100.0","63.0","0.0","63.0","0.0","63.0","100.0","63.0","0.0","63.0","58","39","2.71","0.74","58","39","2.59","0.61","3","6","0.0","100.0","0.0","100.0","100.0","100.0","58","39","19.0","22.8","69.0","30.3","(X)","(X)","(X)","(X)","(X)","(X)","100.0","44.5","0.0","44.5","0.0","44.5","75.9","24.7","24.1","24.7","336","70","1.17","0.21","(X)","(X)","(X)","(X)","(X)","(X)","(X)","(X)","(X)","(X)","(X)","(X)","336","70","0.0","11.9","80.1","11.7","75.3","12.5","91.7","8.7","75.3","12.5","57.1","16.2","18.5","14.0","24.4","14.1","64.6","16.3","35.4","16.3",
"1400000US06111001901","Census Tract 19.01; Ventura County; California","1439","149","2.25","0.13","807","133","2.88","0.19","281","85","50.2","25.7","0.0","14.0","49.8","25.7","1439","149","23.2","5.2","53.2","5.9","42.1","6.2","31.7","6.1","17.7","5.5","77.1","7.4","22.9","7.4","0.0","2.9","58.8","8.1","41.2","8.1","665","143","2.94","0.26","665","143","2.86","0.23","225","100","62.7","24.3","0.0","17.1","37.3","24.3","665","143","37.7","11.7","43.3","9.0","(X)","(X)","(X)","(X)","(X)","(X)","98.3","2.8","1.7","2.8","0.0","6.2","82.3","8.8","17.7","8.8","27","30","3.30","1.02","27","30","3.30","1.02","0","14","-","**","-","**","-","**","27","30","59.3","53.4","59.3","53.4","(X)","(X)","(X)","(X)","(X)","(X)","59.3","53.4","40.7","53.4","0.0","65.3","59.3","53.4","40.7","53.4","115","96","2.90","0.50","115","96","2.90","0.50","56","77","0.0","45.3","0.0","45.3","100.0","45.3","115","96","58.3","40.3","51.3","44.8","(X)","(X)","(X)","(X)","(X)","(X)","11.3","21.5","88.7","21.5","0.0","30.0","11.3","21.5","88.7","21.5","632","125","1.35","0.17","(X)","(X)","(X)","(X)","(X)","(X)","(X)","(X)","(X)","(X)","(X)","(X)","632","125","0.0","6.5","63.8","12.6","50.9","12.4","72.2","11.4","40.3","12.7","67.4","10.5","32.6","10.5","0.0","6.5","42.7","13.2","57.3","13.2",
"1400000US06111002000","Census Tract 20; Ventura County; California","1048","126","2.32","0.25","702","111","2.88","0.25","143","55","15.4","21.2","14.7","18.6","69.9","24.6","1048","126","18.1","5.6","55.7","9.5","44.4","9.2","27.7","10.5","11.9","9.8","84.9","7.5","15.1","7.5","0.0","4.0","67.9","9.3","32.1","9.3","560","97","2.69","0.18","560","97","2.67","0.18","109","47","20.2","27.4","19.3","24.2","60.6","31.4","560","97","21.6","7.8","57.5","11.1","(X)","(X)","(X)","(X)","(X)","(X)","92.7","7.6","7.3","7.6","0.0","7.3","84.8","8.6","15.2","8.6","29","31","2.97","1.19","29","31","2.97","1.19","13","21","0.0","94.1","0.0","94.1","100.0","94.1","29","31","44.8","55.2","24.1","39.2","(X)","(X)","(X)","(X)","(X)","(X)","100.0","63.0","0.0","63.0","0.0","63.0","55.2","55.2","44.8","55.2","113","82","4.13","0.97","113","82","3.94","1.13","21","25","0.0","74.0","0.0","74.0","100.0","74.0","113","82","49.6","37.8","73.5","29.4","(X)","(X)","(X)","(X)","(X)","(X)","76.1","32.8","23.9","32.8","0.0","30.4","28.3","29.0","71.7","29.0","346","136","1.09","0.08","(X)","(X)","(X)","(X)","(X)","(X)","(X)","(X)","(X)","(X)","(X)","(X)","346","136","0.0","11.5","49.7","21.2","39.0","22.2","83.8","15.4","36.1","22.9","74.0","17.7","26.0","17.7","0.0","11.5","54.6","22.8","45.4","22.8",
"1400000US06111002102","Census Tract 21.02; Ventura County; California","860","125","1.72","0.17","227","71","2.81","0.39","57","42","70.2","33.1","17.5","26.2","12.3","21.5","860","125","7.2","4.5","36.3","6.8","28.6","5.7","57.8","9.1","18.6","6.7","40.3","9.5","59.7","9.5","0.0","4.8","28.1","9.0","71.9","9.0","160","53","2.88","0.45","160","53","2.88","0.45","35","21","51.4","39.1","28.6","36.8","20.0","31.9","160","53","25.0","11.5","45.0","17.8","(X)","(X)","(X)","(X)","(X)","(X)","61.3","17.4","38.8","17.4","0.0","23.0","46.3","17.5","53.8","17.5","22","35","3.50","0.87","22","35","1.95","0.43","22","35","100.0","72.3","0.0","72.3","0.0","72.3","22","35","100.0","72.3","0.0","72.3","(X)","(X)","(X)","(X)","(X)","(X)","0.0","72.3","100.0","72.3","0.0","72.3","0.0","72.3","100.0","72.3","45","42","3.09","1.05","45","42","2.98","0.89","0","14","-","**","-","**","-","**","45","42","0.0","50.6","100.0","50.6","(X)","(X)","(X)","(X)","(X)","(X)","11.1","29.8","88.9","29.8","0.0","50.6","11.1","29.8","88.9","29.8","633","106","1.27","0.12","(X)","(X)","(X)","(X)","(X)","(X)","(X)","(X)","(X)","(X)","(X)","(X)","633","106","0.0","6.5","30.8","8.8","29.7","8.8","78.5","9.3","25.3","8.4","38.5","11.2","61.5","11.2","0.0","6.5","25.8","12.2","74.2","12.2",
"1400000US06111002200","Census Tract 22; Ventura County; California","2168","198","2.82","0.29","1427","250","3.30","0.27","601","202","12.0","15.2","12.0","9.7","76.0","18.6","2168","198","30.1","8.1","38.4","7.4","26.8","6.0","21.4","7.3","6.3","4.2","84.4","6.4","15.6","6.4","0.0","1.9","55.0","8.9","45.0","8.9","1002","205","3.62","0.37","1002","205","3.59","0.37","417","153","2.9","5.1","17.3","14.3","79.9","14.3","1002","205","41.6","12.1","42.1","10.7","(X)","(X)","(X)","(X)","(X)","(X)","78.3","12.8","21.7","12.8","0.0","4.1","65.1","13.6","34.9","13.6","123","94","3.02","0.36","123","94","2.61","0.41","21","32","0.0","74.0","0.0","74.0","100.0","74.0","123","94","31.7","36.3","68.3","36.3","(X)","(X)","(X)","(X)","(X)","(X)","100.0","28.5","0.0","28.5","0.0","28.5","43.9","35.4","56.1","35.4","302","193","3.53","1.29","302","193","2.61","0.30","163","134","36.8","46.1","0.0","22.7","63.2","46.1","302","193","64.9","24.6","12.3","12.5","(X)","(X)","(X)","(X)","(X)","(X)","95.4","8.4","4.6","8.4","0.0","13.1","36.8","29.6","63.2","29.6","741","196","1.42","0.19","(X)","(X)","(X)","(X)","(X)","(X)","(X)","(X)","(X)","(X)","(X)","(X)","741","196","0.0","5.6","39.1","15.3","25.9","12.2","62.8","17.2","18.5","10.8","85.6","11.0","14.4","11.0","0.0","5.6","50.7","16.1","49.3","16.1",
"1400000US06111002301","Census Tract 23.01; Ventura County; California","816","144","2.90","0.38","496","92","3.76","0.42","233","84","43.8","34.8","14.2","14.2","42.1","35.3","816","144","35.3","10.4","42.8","14.7","30.4","12.8","31.9","14.3","12.0","8.5","42.2","11.4","47.7","12.8","10.2","6.9","38.1","11.4","61.9","11.4","319","116","3.68","0.51","319","116","3.65","0.49","190","89","48.4","42.8","0.0","19.9","51.6","42.8","319","116","59.6","22.2","24.8","20.9","(X)","(X)","(X)","(X)","(X)","(X)","30.1","14.2","69.0","13.7","0.9","3.1","18.5","12.1","81.5","12.1","10","18","2.50","0.54","10","18","2.50","0.54","10","18","100.0","100.0","0.0","100.0","0.0","100.0","10","18","100.0","100.0","0.0","100.0","(X)","(X)","(X)","(X)","(X)","(X)","0.0","100.0","0.0","100.0","100.0","100.0","100.0","100.0","0.0","100.0","167","79","4.65","1.03","167","79","4.04","0.93","33","33","0.0","59.0","100.0","59.0","0.0","59.0","167","79","52.7","30.3","57.5","26.6","(X)","(X)","(X)","(X)","(X)","(X)","74.3","22.8","18.6","23.9","7.2","8.8","65.9","23.2","34.1","23.2","320","148","1.22","0.23","(X)","(X)","(X)","(X)","(X)","(X)","(X)","(X)","(X)","(X)","(X)","(X)","320","148","0.0","12.4","54.4","23.0","30.6","22.8","81.3","20.3","30.6","22.8","38.8","25.3","43.1","28.2","18.1","15.6","41.3","23.9","58.8","23.9",
"1400000US06111002302","Census Tract 23.02; Ventura County; California","1408","193","3.51","0.39","1191","203","3.58","0.41","716","162","10.1","9.1","20.8","17.6","69.1","18.5","1408","193","56.6","9.0","15.8","6.9","15.2","6.9","11.3","7.3","3.5","2.7","56.3","10.5","38.9","11.0","4.8","5.5","26.8","10.3","73.2","10.3","543","171","4.04","0.58","543","171","4.04","0.58","296","119","1.7","3.7","17.9","18.2","80.4","18.7","543","171","60.2","17.7","22.3","15.4","(X)","(X)","(X)","(X)","(X)","(X)","51.9","17.5","47.0","17.6","1.1","2.1","35.2","16.9","64.8","16.9","100","79","3.46","1.33","100","79","2.96","0.98","54","62","100.0","46.1","0.0","46.1","0.0","46.1","100","79","54.0","43.5","12.0","21.7","(X)","(X)","(X)","(X)","(X)","(X)","54.0","43.5","46.0","43.5","0.0","33.1","31.0","37.5","69.0","37.5","548","206","3.88","0.65","548","206","3.23","0.53","366","186","3.6","7.4","26.2","31.7","70.2","32.5","548","206","75.9","15.3","5.8","7.6","(X)","(X)","(X)","(X)","(X)","(X)","63.3","19.1","36.7","19.1","0.0","7.5","14.1","14.6","85.9","14.6","217","108","1.25","0.28","(X)","(X)","(X)","(X)","(X)","(X)","(X)","(X)","(X)","(X)","(X)","(X)","217","108","0.0","17.7","26.7","20.3","22.6","20.1","73.3","29.0","22.6","20.1","50.2","27.2","21.2","22.1","28.6","32.1","36.4","26.3","63.6","26.3",
"1400000US06111002400","Census Tract 24; Ventura County; California","1538","193","1.73","0.18","444","148","2.89","0.42","115","65","21.7","22.3","0.0","30.0","78.3","22.3","1538","193","8.8","4.1","38.0","8.9","31.9","8.3","54.5","9.1","18.6","7.2","18.3","8.4","81.7","8.4","0.0","2.7","10.3","4.8","89.7","4.8","379","143","2.89","0.49","379","143","2.89","0.49","108","63","23.1","23.7","0.0","31.4","76.9","23.7","379","143","28.5","15.3","51.5","17.4","(X)","(X)","(X)","(X)","(X)","(X)","37.5","20.5","62.5","20.5","0.0","10.6","21.9","14.6","78.1","14.6","16","26","2.19","0.43","16","26","2.19","0.43","0","14","-","**","-","**","-","**","16","26","0.0","84.8","0.0","84.8","(X)","(X)","(X)","(X)","(X)","(X)","0.0","84.8","100.0","84.8","0.0","84.8","0.0","84.8","100.0","84.8","49","30","3.10","0.71","49","30","3.10","0.71","7","11","0.0","100.0","0.0","100.0","100.0","100.0","49","30","55.1","36.8","85.7","24.5","(X)","(X)","(X)","(X)","(X)","(X)","0.0","48.4","100.0","48.4","0.0","48.4","0.0","48.4","100.0","48.4","1094","183","1.25","0.08","(X)","(X)","(X)","(X)","(X)","(X)","(X)","(X)","(X)","(X)","(X)","(X)","1094","183","0.0","3.8","31.8","10.4","27.5","9.8","76.6","7.7","26.1","9.9","12.7","6.2","87.3","6.2","0.0","3.8","6.9","4.7","93.1","4.7",
"1400000US06111002500","Census Tract 25; Ventura County; California","2303","434","1.90","0.21","1201","247","2.38","0.16","131","72","42.0","27.7","9.2","14.9","48.9","28.6","2303","434","6.0","3.6","67.0","7.8","50.5","10.9","37.7","11.7","20.6","11.4","52.4","11.6","30.1","8.2","17.5","11.4","52.5","9.5","47.5","9.5","933","201","2.46","0.21","933","201","2.42","0.19","131","72","42.0","27.7","9.2","14.9","48.9","28.6","933","201","14.8","7.6","75.3","9.4","(X)","(X)","(X)","(X)","(X)","(X)","72.8","14.3","23.7","13.9","3.5","3.9","60.7","14.7","39.3","14.7","42","51","2.74","1.00","42","51","2.74","1.00","0","14","-","**","-","**","-","**","42","51","0.0","52.3","35.7","58.0","(X)","(X)","(X)","(X)","(X)","(X)","35.7","58.0","64.3","58.0","0.0","52.3","35.7","58.0","64.3","58.0","226","159","2.13","0.19","226","159","2.13","0.19","0","14","-","**","-","**","-","**","226","159","0.0","17.1","82.7","27.4","(X)","(X)","(X)","(X)","(X)","(X)","82.7","29.0","17.3","29.0","0.0","17.1","29.6","26.3","70.4","26.3","1102","381","1.35","0.29","(X)","(X)","(X)","(X)","(X)","(X)","(X)","(X)","(X)","(X)","(X)","(X)","1102","381","0.0","3.8","57.9","16.4","48.0","17.6","78.8","13.6","43.0","18.3","29.5","13.6","36.9","13.9","33.6","20.0","50.8","15.1","49.2","15.1",
"1400000US06111002600","Census Tract 26; Ventura County; California","1449","209","2.21","0.24","578","138","3.08","0.24","245","98","13.1","13.1","11.0","9.0","75.9","15.5","1449","209","20.4","7.6","38.0","11.0","34.3","10.6","33.8","9.8","15.2","8.0","69.7","10.2","30.3","10.2","0.0","2.9","44.3","11.1","55.7","11.1","399","130","3.19","0.37","399","130","3.19","0.37","210","100","15.2","15.8","5.7","8.5","79.0","17.0","399","130","59.1","16.2","29.3","12.7","(X)","(X)","(X)","(X)","(X)","(X)","75.4","19.2","24.6","19.2","0.0","10.1","77.7","14.2","22.3","14.2","54","55","2.67","0.70","54","55","2.67","0.70","0","14","-","**","-","**","-","**","54","55","44.4","55.6","100.0","46.1","(X)","(X)","(X)","(X)","(X)","(X)","100.0","46.1","0.0","46.1","0.0","46.1","55.6","55.6","44.4","55.6","125","82","3.00","0.86","125","82","2.91","0.78","35","31","0.0","57.3","42.9","45.8","57.1","45.8","125","82","28.0","31.1","20.0","27.7","(X)","(X)","(X)","(X)","(X)","(X)","100.0","28.1","0.0","28.1","0.0","28.1","20.0","27.7","80.0","27.7","871","216","1.62","0.35","(X)","(X)","(X)","(X)","(X)","(X)","(X)","(X)","(X)","(X)","(X)","(X)","871","216","0.0","4.8","40.8","14.5","37.3","14.4","56.3","15.3","25.3","12.3","60.8","14.7","39.2","14.7","0.0","4.8","31.8","14.4","68.2","14.4",
"1400000US06111002700","Census Tract 27; Ventura County; California","1739","199","2.62","0.28","998","209","3.19","0.25","508","170","16.5","11.7","13.4","11.0","70.1","17.4","1739","199","30.6","8.1","41.6","6.4","37.1","6.0","34.4","7.5","24.4","6.6","58.9","8.5","41.1","8.5","0.0","2.4","50.3","8.7","49.7","8.7","604","125","3.59","0.34","604","125","3.42","0.30","309","120","18.8","16.2","12.0","13.1","69.3","21.2","604","125","54.3","13.2","21.5","9.3","(X)","(X)","(X)","(X)","(X)","(X)","75.0","9.9","25.0","9.9","0.0","6.8","64.2","13.0","35.8","13.0","228","159","3.72","0.58","228","159","2.80","0.56","111","87","9.0","17.8","0.0","30.8","91.0","17.8","228","159","50.9","36.0","19.3","25.1","(X)","(X)","(X)","(X)","(X)","(X)","76.8","26.9","23.2","26.9","0.0","16.9","37.3","30.3","62.7","30.3","166","66","3.16","0.42","166","66","2.91","0.47","88","52","18.2","19.4","35.2","32.4","46.6","30.2","166","66","53.0","19.5","41.0","19.1","(X)","(X)","(X)","(X)","(X)","(X)","66.3","19.8","33.7","19.8","0.0","22.3","45.2","19.8","54.8","19.8","741","151","1.37","0.22","(X)","(X)","(X)","(X)","(X)","(X)","(X)","(X)","(X)","(X)","(X)","(X)","741","151","0.0","5.6","64.9","11.5","61.7","11.8","80.7","9.7","57.2","11.7","38.6","11.1","61.4","11.1","0.0","5.6","44.1","12.4","55.9","12.4",
"1400000US06111002800","Census Tract 28; Ventura County; California","2511","256","2.57","0.23","1528","279","3.09","0.28","744","270","39.7","19.0","10.1","9.6","50.3","21.3","2511","256","33.8","8.6","44.4","7.2","25.6","6.1","21.5","6.5","8.7","3.9","71.4","8.0","26.3","8.2","2.3","1.7","47.6","9.0","52.4","9.0","1080","284","3.17","0.31","1080","284","3.12","0.30","520","251","35.8","22.3","14.4","13.5","49.8","27.8","1080","284","48.1","14.5","43.9","13.2","(X)","(X)","(X)","(X)","(X)","(X)","80.8","13.8","17.6","13.6","1.6","2.6","69.6","14.5","30.4","14.5","159","132","4.25","1.09","159","132","3.40","1.43","94","112","80.9","40.5","0.0","34.5","19.1","40.5","159","132","91.8","15.1","19.5","27.1","(X)","(X)","(X)","(X)","(X)","(X)","67.3","44.9","32.7","44.9","0.0","23.2","36.5","31.8","63.5","31.8","289","145","3.02","0.53","289","145","2.81","0.55","130","102","25.4","38.3","0.0","27.3","74.6","38.3","289","145","63.3","21.6","36.0","23.0","(X)","(X)","(X)","(X)","(X)","(X)","55.7","24.2","44.3","24.2","0.0","13.6","24.9","20.5","75.1","20.5","983","186","1.50","0.16","(X)","(X)","(X)","(X)","(X)","(X)","(X)","(X)","(X)","(X)","(X)","(X)","983","186","0.0","4.2","51.6","12.2","29.6","10.2","54.9","14.0","22.2","9.9","66.3","12.6","29.6","12.3","4.1","3.3","31.9","9.8","68.1","9.8",
"1400000US06111002901","Census Tract 29.01; Ventura County; California","1645","118","3.43","0.46","1362","123","3.69","0.40","442","138","16.3","11.8","14.0","14.8","69.7","17.9","1645","118","34.3","7.5","62.0","7.9","46.1","5.9","15.0","4.4","7.8","3.2","94.0","3.2","6.0","3.2","0.0","2.5","83.3","6.6","16.7","6.6","1097","127","3.50","0.35","1097","127","3.47","0.33","391","116","16.4","13.4","4.9","6.3","78.8","15.9","1097","127","39.3","9.7","62.1","11.0","(X)","(X)","(X)","(X)","(X)","(X)","95.5","4.0","4.5","4.0","0.0","3.8","90.6","5.5","9.4","5.5","28","24","2.54","0.50","28","24","2.54","0.50","0","19","-","**","-","**","-","**","28","24","0.0","64.1","100.0","64.1","(X)","(X)","(X)","(X)","(X)","(X)","100.0","64.1","0.0","64.1","0.0","64.1","100.0","64.1","0.0","64.1","237","112","5.87","2.24","237","112","4.85","1.60","51","70","15.7","45.8","84.3","45.8","0.0","47.5","237","112","51.5","26.1","65.8","25.8","(X)","(X)","(X)","(X)","(X)","(X)","96.6","6.4","3.4","6.4","0.0","16.4","45.1","26.9","54.9","26.9","283","80","1.21","0.20","(X)","(X)","(X)","(X)","(X)","(X)","(X)","(X)","(X)","(X)","(X)","(X)","283","80","3.9","6.1","54.8","16.5","50.9","15.4","87.3","9.3","45.6","15.0","85.2","9.1","14.8","9.1","0.0","13.9","85.5","8.9","14.5","8.9",
"1400000US06111002905","Census Tract 29.05; Ventura County; California","1568","140","3.28","0.37","1254","159","3.66","0.47","386","119","17.4","11.7","7.8","8.8","74.9","13.8","1568","140","34.3","7.0","50.1","6.3","36.0","6.1","17.2","6.5","3.2","2.4","83.6","6.2","16.4","6.2","0.0","2.7","70.2","7.9","29.8","7.9","839","132","3.95","0.61","839","132","3.92","0.62","261","111","25.7","14.7","8.4","11.3","65.9","16.7","839","132","42.3","10.4","54.2","9.7","(X)","(X)","(X)","(X)","(X)","(X)","86.7","7.2","13.3","7.2","0.0","4.9","74.6","10.7","25.4","10.7","217","123","3.64","1.15","217","123","3.44","1.18","66","82","0.0","41.7","0.0","41.7","100.0","41.7","217","123","57.1","27.9","32.7","23.9","(X)","(X)","(X)","(X)","(X)","(X)","85.3","18.7","14.7","18.7","0.0","17.7","75.1","25.5","24.9","25.5","198","89","3.40","0.83","198","89","2.81","0.56","59","46","0.0","44.2","13.6","26.6","86.4","26.6","198","89","29.8","22.1","64.1","24.5","(X)","(X)","(X)","(X)","(X)","(X)","78.8","22.5","21.2","22.5","0.0","19.2","55.1","26.2","44.9","26.2","314","102","1.14","0.12","(X)","(X)","(X)","(X)","(X)","(X)","(X)","(X)","(X)","(X)","(X)","(X)","314","102","0.0","12.6","42.0","22.3","19.4","13.9","86.0","11.0","15.9","12.6","77.4","18.1","22.6","18.1","0.0","12.6","64.6","20.5","35.4","20.5",
"1400000US06111003010","Census Tract 30.10; Ventura County; California","941","87","3.10","0.28","716","101","3.53","0.29","308","91","15.3","11.5","38.3","21.7","46.4","20.3","941","87","39.9","7.6","32.8","6.2","27.6","5.7","15.7","5.8","11.6","5.4","59.9","8.5","40.1","8.5","0.0","4.4","49.9","9.8","50.1","9.8","455","95","3.75","0.38","455","95","3.73","0.38","236","72","16.9","13.7","31.8","23.0","51.3","23.6","455","95","57.4","10.5","27.3","10.7","(X)","(X)","(X)","(X)","(X)","(X)","71.9","11.2","28.1","11.2","0.0","8.9","58.0","16.3","42.0","16.3","73","56","4.04","1.06","73","56","3.85","1.05","12","15","58.3","58.3","41.7","58.3","0.0","97.9","73","56","37.0","39.2","21.9","27.5","(X)","(X)","(X)","(X)","(X)","(X)","72.6","36.2","27.4","36.2","0.0","39.7","21.9","27.5","78.1","27.5","188","96","3.16","0.66","188","96","2.93","0.48","60","61","0.0","43.8","63.3","47.0","36.7","47.0","188","96","44.1","27.7","25.0","16.7","(X)","(X)","(X)","(X)","(X)","(X)","29.3","17.7","70.7","17.7","0.0","20.1","25.0","16.7","75.0","16.7","225","65","1.44","0.21","(X)","(X)","(X)","(X)","(X)","(X)","(X)","(X)","(X)","(X)","(X)","(X)","225","65","1.8","2.6","54.2","16.6","49.8","17.6","65.8","17.0","48.4","17.5","57.3","16.4","42.7","16.4","0.0","17.1","63.6","16.5","36.4","16.5",
"1400000US06111003011","Census Tract 30.11; Ventura County; California","1704","188","3.96","0.51","1391","191","4.26","0.56","591","147","4.2","4.9","33.8","13.6","61.9","15.0","1704","188","47.4","8.8","36.5","8.8","22.6","7.1","13.4","4.6","5.1","3.3","51.8","6.9","48.2","6.9","0.0","2.5","38.1","7.2","61.9","7.2","797","179","5.24","0.83","797","179","5.03","0.83","316","141","0.0","12.6","37.7","21.3","62.3","21.3","797","179","50.4","12.3","40.5","13.7","(X)","(X)","(X)","(X)","(X)","(X)","78.2","13.8","21.8","13.8","0.0","5.2","55.3","15.1","44.7","15.1","126","73","3.62","0.80","126","73","3.32","0.61","60","53","23.3","38.8","76.7","38.8","0.0","43.8","126","73","75.4","28.1","24.6","28.1","(X)","(X)","(X)","(X)","(X)","(X)","32.5","31.6","67.5","31.6","0.0","28.0","16.7","25.4","83.3","25.4","468","175","3.55","0.65","468","175","3.22","0.48","215","112","5.1","8.9","16.3","18.0","78.6","19.6","468","175","61.8","21.4","26.9","15.3","(X)","(X)","(X)","(X)","(X)","(X)","19.9","11.9","80.1","11.9","0.0","8.7","17.7","11.5","82.3","11.5","313","88","1.44","0.38","(X)","(X)","(X)","(X)","(X)","(X)","(X)","(X)","(X)","(X)","(X)","(X)","313","88","6.7","10.9","45.4","19.8","32.9","18.7","73.2","15.8","27.8","16.5","40.3","15.1","59.7","15.1","0.0","12.7","33.5","15.1","66.5","15.1",
"1400000US06111003013","Census Tract 30.13; Ventura County; California","1436","126","3.48","0.53","1226","95","3.75","0.58","438","105","11.0","12.4","13.9","13.9","75.1","16.7","1436","126","32.7","7.0","29.5","8.1","18.9","5.9","12.5","7.2","5.6","3.9","36.4","8.2","50.3","9.9","13.2","6.0","44.3","8.6","55.7","8.6","756","140","3.56","0.36","756","140","3.56","0.36","221","120","21.7","23.9","21.3","24.1","57.0","27.8","756","140","31.1","13.1","36.1","12.6","(X)","(X)","(X)","(X)","(X)","(X)","51.3","11.5","31.2","12.2","17.5","11.0","67.3","11.9","32.7","11.9","209","113","3.72","0.78","209","113","3.23","0.58","71","62","0.0","40.2","19.7","38.1","80.3","38.1","209","113","42.1","26.1","17.7","17.2","(X)","(X)","(X)","(X)","(X)","(X)","11.5","10.4","81.3","15.5","7.2","11.7","11.5","10.4","88.5","10.4","261","101","4.85","2.55","261","101","4.73","2.57","146","82","0.0","24.9","0.0","24.9","100.0","24.9","261","101","55.9","20.9","9.2","9.0","(X)","(X)","(X)","(X)","(X)","(X)","25.3","26.7","62.5","26.6","12.3","12.0","18.0","14.9","82.0","14.9","210","120","1.25","0.27","(X)","(X)","(X)","(X)","(X)","(X)","(X)","(X)","(X)","(X)","(X)","(X)","210","120","0.0","18.2","42.4","27.7","38.1","25.7","85.2","15.1","38.1","25.7","21.4","19.2","73.3","22.7","5.2","8.4","26.7","22.7","73.3","22.7",
"1400000US06111003101","Census Tract 31.01; Ventura County; California","1124","290","4.16","0.77","891","187","4.76","0.45","398","129","5.3","8.3","22.6","19.0","72.1","19.8","1124","290","41.5","14.3","59.7","14.1","39.5","15.9","19.8","17.5","16.4","17.6","100.0","3.7","0.0","3.7","0.0","3.7","70.4","14.1","29.6","14.1","613","196","4.84","0.65","613","196","4.69","0.58","232","93","9.1","12.9","10.3","10.5","80.6","16.5","613","196","42.1","16.4","64.4","16.0","(X)","(X)","(X)","(X)","(X)","(X)","100.0","6.7","0.0","6.7","0.0","6.7","64.1","18.2","35.9","18.2","119","88","4.21","0.94","119","88","3.97","0.72","65","76","0.0","42.1","0.0","42.1","100.0","42.1","119","88","67.2","28.7","29.4","32.8","(X)","(X)","(X)","(X)","(X)","(X)","100.0","29.2","0.0","29.2","0.0","29.2","36.1","32.3","63.9","32.3","159","110","5.77","0.92","159","110","5.63","0.96","101","94","0.0","32.9","65.3","48.6","34.7","48.6","159","110","63.5","36.2","29.6","35.1","(X)","(X)","(X)","(X)","(X)","(X)","100.0","23.2","0.0","23.2","0.0","23.2","100.0","23.2","0.0","23.2","233","233","1.25","0.59","(X)","(X)","(X)","(X)","(X)","(X)","(X)","(X)","(X)","(X)","(X)","(X)","233","233","11.6","23.1","83.3","28.0","83.3","28.0","95.7","10.3","79.0","31.3","100.0","16.6","0.0","16.6","0.0","16.6","84.1","26.8","15.9","26.8",
"1400000US06111003102","Census Tract 31.02; Ventura County; California","983","91","4.20","0.35","894","110","4.28","0.36","393","135","10.7","11.2","9.2","8.9","80.2","13.3","983","91","49.8","8.5","41.9","8.8","30.0","6.8","3.5","3.5","2.3","2.7","100.0","4.2","0.0","4.2","0.0","4.2","93.6","4.9","6.4","4.9","804","118","4.41","0.41","804","118","4.30","0.38","380","129","11.1","11.7","9.5","9.3","79.5","13.9","804","118","58.2","9.4","40.0","10.8","(X)","(X)","(X)","(X)","(X)","(X)","100.0","5.1","0.0","5.1","0.0","5.1","93.9","5.3","6.1","5.3","51","41","5.00","1.48","51","41","3.82","1.27","0","14","-","**","-","**","-","**","51","41","0.0","47.5","33.3","34.3","(X)","(X)","(X)","(X)","(X)","(X)","100.0","47.5","0.0","47.5","0.0","47.5","72.5","37.0","27.5","37.0","39","36","4.41","1.63","39","36","4.41","1.63","13","24","0.0","94.1","0.0","94.1","100.0","94.1","39","36","56.4","48.7","100.0","54.3","(X)","(X)","(X)","(X)","(X)","(X)","100.0","54.3","0.0","54.3","0.0","54.3","100.0","54.3","0.0","54.3","89","68","1.75","0.49","(X)","(X)","(X)","(X)","(X)","(X)","(X)","(X)","(X)","(X)","(X)","(X)","89","68","0.0","35.7","38.2","33.0","38.2","33.0","38.2","35.9","25.8","29.4","100.0","35.7","0.0","35.7","0.0","35.7","100.0","35.7","0.0","35.7",
"1400000US06111003201","Census Tract 32.01; Ventura County; California","775","137","5.25","0.66","565","67","4.92","0.46","343","61","8.7","11.5","41.4","15.9","49.9","16.8","775","137","64.9","10.3","37.7","14.2","30.6","14.4","6.3","6.0","2.6","4.3","77.4","10.3","20.9","10.0","1.7","2.3","13.2","6.0","86.8","6.0","252","75","5.04","0.63","252","75","5.04","0.63","184","69","16.3","20.3","27.7","19.0","56.0","23.4","252","75","77.0","14.7","29.4","15.9","(X)","(X)","(X)","(X)","(X)","(X)","68.3","14.4","30.6","15.0","1.2","2.6","16.7","12.2","83.3","12.2","124","67","4.15","0.94","124","67","3.46","0.88","70","54","0.0","40.5","60.0","47.0","40.0","47.0","124","67","56.5","28.1","21.0","20.3","(X)","(X)","(X)","(X)","(X)","(X)","66.1","30.1","33.9","30.1","0.0","28.3","8.9","10.0","91.1","10.0","189","63","5.98","0.87","189","63","5.72","0.83","89","51","0.0","35.7","55.1","31.8","44.9","31.8","189","63","73.0","20.8","41.3","21.0","(X)","(X)","(X)","(X)","(X)","(X)","88.9","13.6","11.1","13.6","0.0","20.0","25.9","15.2","74.1","15.2","210","150","5.49","2.12","(X)","(X)","(X)","(X)","(X)","(X)","(X)","(X)","(X)","(X)","(X)","(X)","210","150","48.1","41.8","54.3","35.7","49.5","38.2","23.3","25.5","9.5","17.6","84.8","18.4","10.5","14.5","4.8","8.8","0.0","18.2","100.0","18.2",
"1400000US06111003301","Census Tract 33.01; Ventura County; California","768","89","3.35","0.51","545","107","3.77","0.41","174","75","8.0","12.8","14.4","15.8","77.6","18.9","768","89","27.0","10.3","44.8","11.9","32.7","10.6","23.4","11.1","5.5","3.9","71.1","9.2","28.9","9.2","0.0","5.4","61.3","9.7","38.7","9.7","384","98","4.05","0.72","384","98","3.72","0.52","112","67","0.0","30.6","22.3","23.8","77.7","23.8","384","98","35.9","16.7","46.4","18.8","(X)","(X)","(X)","(X)","(X)","(X)","82.6","11.7","17.4","11.7","0.0","10.5","66.7","15.7","33.3","15.7","77","47","4.01","0.88","77","47","3.71","0.80","31","28","0.0","60.9","0.0","60.9","100.0","60.9","77","47","40.3","40.0","61.0","36.3","(X)","(X)","(X)","(X)","(X)","(X)","84.4","24.6","15.6","24.6","0.0","38.6","75.3","22.8","24.7","22.8","84","43","4.90","1.21","84","43","4.02","0.95","31","27","45.2","52.8","0.0","60.9","54.8","52.8","84","43","45.2","26.4","56.0","26.6","(X)","(X)","(X)","(X)","(X)","(X)","60.7","27.5","39.3","27.5","0.0","36.9","42.9","28.4","57.1","28.4","223","93","1.32","0.32","(X)","(X)","(X)","(X)","(X)","(X)","(X)","(X)","(X)","(X)","(X)","(X)","223","93","0.0","17.3","32.3","20.6","18.8","14.3","80.7","16.6","18.8","14.3","50.7","19.9","49.3","19.9","0.0","17.3","54.3","19.4","45.7","19.4",
"1400000US06111003302","Census Tract 33.02; Ventura County; California","1569","218","3.94","0.27","1367","233","4.10","0.26","553","118","12.1","14.8","19.9","13.5","68.0","18.3","1569","218","44.7","8.1","47.6","8.4","39.6","9.7","9.0","5.2","2.5","2.1","63.7","10.9","36.3","10.9","0.0","2.7","42.1","11.2","57.9","11.2","970","245","4.26","0.31","970","245","4.22","0.33","393","132","0.0","10.2","23.9","18.9","76.1","18.9","970","245","52.8","13.5","43.6","13.6","(X)","(X)","(X)","(X)","(X)","(X)","71.4","12.7","28.6","12.7","0.0","4.3","51.1","16.2","48.9","16.2","124","106","3.27","1.45","124","106","2.95","1.13","32","37","50.0","50.0","50.0","50.0","0.0","59.9","124","106","25.8","30.4","54.8","44.5","(X)","(X)","(X)","(X)","(X)","(X)","10.5","17.9","89.5","17.9","0.0","28.3","10.5","17.9","89.5","17.9","273","153","4.71","0.95","273","153","4.19","0.67","128","132","39.8","38.8","0.0","27.6","60.2","38.8","273","153","57.5","27.2","47.6","31.9","(X)","(X)","(X)","(X)","(X)","(X)","67.4","26.8","32.6","26.8","0.0","14.4","23.4","23.3","76.6","23.3","202","104","1.73","0.56","(X)","(X)","(X)","(X)","(X)","(X)","(X)","(X)","(X)","(X)","(X)","(X)","202","104","0.0","18.9","62.4","25.1","23.8","17.7","69.8","21.3","19.3","15.7","54.5","25.0","45.5","25.0","0.0","18.9","43.6","24.9","56.4","24.9",
"1400000US06111003608","Census Tract 36.08; Ventura County; California","1016","106","3.29","0.29","869","125","3.55","0.33","407","110","5.2","7.8","13.3","10.8","81.6","13.1","1016","106","50.2","8.3","44.7","7.5","33.9","5.8","11.3","6.2","5.1","4.7","82.6","6.4","15.7","6.5","1.7","2.1","63.3","8.8","36.7","8.8","726","131","3.47","0.36","726","131","3.41","0.35","354","120","5.9","9.1","15.3","11.3","78.8","13.9","726","131","55.8","10.9","44.6","11.9","(X)","(X)","(X)","(X)","(X)","(X)","89.9","7.1","9.0","7.1","1.1","1.7","67.1","11.3","32.9","11.3","33","30","5.91","0.97","33","30","4.91","0.94","0","14","-","**","-","**","-","**","33","30","84.8","25.0","51.5","41.1","(X)","(X)","(X)","(X)","(X)","(X)","100.0","59.0","0.0","59.0","0.0","59.0","93.9","21.6","6.1","21.6","110","65","4.11","0.87","110","65","4.03","0.88","53","62","0.0","46.6","0.0","46.6","100.0","46.6","110","65","70.0","30.5","42.7","34.2","(X)","(X)","(X)","(X)","(X)","(X)","49.1","34.8","50.9","34.8","0.0","31.0","30.0","29.9","70.0","29.9","147","71","1.22","0.19","(X)","(X)","(X)","(X)","(X)","(X)","(X)","(X)","(X)","(X)","(X)","(X)","147","71","0.0","24.7","44.9","24.3","35.4","22.3","78.2","20.5","35.4","22.3","67.3","25.8","26.5","24.4","6.1","12.2","62.6","25.0","37.4","25.0",
"1400000US06111003613","Census Tract 36.13; Ventura County; California","1283","293","3.84","0.47","899","306","4.64","0.52","459","276","3.7","5.5","61.4","28.0","34.9","26.1","1283","293","46.1","14.5","31.3","11.2","11.5","4.3","21.0","9.7","1.6","1.8","90.6","7.3","9.4","7.3","0.0","3.3","67.9","16.0","32.1","16.0","615","156","4.85","0.62","615","156","4.83","0.62","240","81","7.1","8.6","47.5","20.9","45.4","21.3","615","156","55.1","14.2","44.2","16.4","(X)","(X)","(X)","(X)","(X)","(X)","91.9","8.3","8.1","8.3","0.0","6.7","94.6","5.1","5.4","5.1","50","61","4.72","2.58","50","61","4.72","2.58","17","28","0.0","82.3","0.0","82.3","100.0","82.2","50","61","100.0","48.0","0.0","48.0","(X)","(X)","(X)","(X)","(X)","(X)","100.0","48.0","0.0","48.0","0.0","48.0","34.0","58.0","66.0","58.0","234","271","4.19","0.83","234","271","4.14","0.87","202","267","0.0","18.9","83.2","39.6","16.8","39.6","234","271","86.3","26.2","9.4","18.0","(X)","(X)","(X)","(X)","(X)","(X)","100.0","16.5","0.0","16.5","0.0","16.5","28.2","47.2","71.8","47.2","384","129","1.88","0.82","(X)","(X)","(X)","(X)","(X)","(X)","(X)","(X)","(X)","(X)","(X)","(X)","384","129","0.0","10.5","27.9","17.9","7.8","8.5","70.1","21.9","5.2","6.4","81.8","17.6","18.2","17.6","0.0","10.5","53.6","23.4","46.4","23.4",
"1400000US06111003614","Census Tract 36.14; Ventura County; California","1507","116","2.77","0.26","993","139","3.40","0.29","374","109","18.4","12.6","6.1","7.2","75.4","14.1","1507","116","29.3","6.5","51.3","6.4","37.4","5.7","26.2","7.1","12.2","5.5","72.6","6.5","27.4","6.5","0.0","2.8","64.2","8.2","35.8","8.2","819","158","3.59","0.35","819","158","3.50","0.31","334","101","15.9","12.0","6.9","8.0","77.2","14.0","819","158","45.7","9.4","41.4","11.2","(X)","(X)","(X)","(X)","(X)","(X)","82.1","9.4","17.9","9.4","0.0","5.1","68.0","11.1","32.0","11.1","5","10","3.60","2.32","5","10","3.60","2.32","0","14","-","**","-","**","-","**","5","10","100.0","100.0","100.0","100.0","(X)","(X)","(X)","(X)","(X)","(X)","100.0","100.0","0.0","100.0","0.0","100.0","100.0","100.0","0.0","100.0","169","96","3.15","0.75","169","96","2.91","0.72","40","40","40.0","50.6","0.0","53.6","60.0","50.6","169","96","36.7","26.9","72.8","26.5","(X)","(X)","(X)","(X)","(X)","(X)","93.5","11.0","6.5","11.0","0.0","22.0","45.0","32.0","55.0","32.0","514","121","1.34","0.20","(X)","(X)","(X)","(X)","(X)","(X)","(X)","(X)","(X)","(X)","(X)","(X)","514","121","0.0","7.9","59.5","14.4","43.4","14.6","76.8","11.8","35.8","14.1","50.4","14.4","49.6","14.4","0.0","7.9","64.2","14.8","35.8","14.8",
"1400000US06111003615","Census Tract 36.15; Ventura County; California","1200","127","1.93","0.15","617","117","2.39","0.18","103","28","0.0","32.4","9.7","13.4","90.3","13.4","1200","127","8.6","2.6","66.0","7.6","52.6","7.2","37.4","7.6","22.7","6.6","56.4","8.5","30.8","8.2","12.8","5.1","66.2","9.6","33.8","9.6","504","109","2.45","0.24","504","109","2.38","0.22","36","37","0.0","56.5","27.8","43.3","72.2","43.3","504","109","7.1","7.4","71.0","12.7","(X)","(X)","(X)","(X)","(X)","(X)","64.7","13.5","22.8","14.0","12.5","8.2","65.1","16.0","34.9","16.0","29","32","2.62","0.24","29","32","2.62","0.24","29","32","0.0","63.0","0.0","63.0","100.0","63.0","29","32","100.0","63.0","0.0","63.0","(X)","(X)","(X)","(X)","(X)","(X)","0.0","63.0","100.0","63.0","0.0","63.0","0.0","63.0","100.0","63.0","84","53","2.40","0.32","84","53","2.40","0.32","38","32","0.0","55.0","0.0","55.0","100.0","55.0","84","53","45.2","29.5","36.9","30.6","(X)","(X)","(X)","(X)","(X)","(X)","22.6","23.7","63.1","30.6","14.3","22.6","36.9","30.6","63.1","30.6","583","152","1.36","0.20","(X)","(X)","(X)","(X)","(X)","(X)","(X)","(X)","(X)","(X)","(X)","(X)","583","152","0.0","7.0","69.1","11.2","56.3","11.5","77.0","13.2","46.7","12.5","56.9","12.6","29.7","11.9","13.4","9.0","74.6","11.0","25.4","11.0",
"1400000US06111003616","Census Tract 36.16; Ventura County; California","1752","185","2.17","0.16","1165","161","2.58","0.21","187","121","26.7","25.6","4.8","9.5","68.4","29.5","1752","185","13.2","6.6","74.0","7.7","61.4","7.6","27.1","6.3","19.7","6.4","68.9","6.9","26.1","6.6","4.9","4.0","76.0","5.7","24.0","5.7","1078","170","2.60","0.24","1078","170","2.59","0.23","182","120","24.7","25.0","4.9","9.9","70.3","29.2","1078","170","19.8","10.3","74.2","9.5","(X)","(X)","(X)","(X)","(X)","(X)","82.6","6.6","16.4","6.6","1.0","1.5","76.2","7.7","23.8","7.7","44","38","3.00","0.72","44","38","2.86","0.58","5","9","100.0","100.0","0.0","100.0","0.0","100.0","44","38","29.5","38.5","88.6","22.9","(X)","(X)","(X)","(X)","(X)","(X)","88.6","22.9","11.4","22.9","0.0","51.1","100.0","51.1","0.0","51.1","43","33","3.05","0.84","43","33","2.12","0.25","0","14","-","**","-","**","-","**","43","33","14.0","25.3","100.0","51.7","(X)","(X)","(X)","(X)","(X)","(X)","100.0","51.7","0.0","51.7","0.0","51.7","62.8","36.9","37.2","36.9","587","133","1.25","0.14","(X)","(X)","(X)","(X)","(X)","(X)","(X)","(X)","(X)","(X)","(X)","(X)","587","133","0.0","7.0","70.7","12.8","65.1","14.0","80.7","9.7","58.8","14.0","40.2","13.1","47.0","14.6","12.8","11.5","75.0","11.7","25.0","11.7",
"1400000US06111003617","Census Tract 36.17; Ventura County; California","799","115","2.10","0.24","452","91","2.60","0.23","83","45","62.7","47.5","12.0","43.6","25.3","26.8","799","115","11.4","5.1","57.6","11.4","37.0","13.8","33.2","10.5","11.0","8.6","46.2","12.1","52.6","12.4","1.3","2.2","35.8","10.7","64.2","10.7","338","72","2.54","0.28","338","72","2.43","0.22","63","47","66.7","38.1","0.0","42.7","33.3","38.1","338","72","18.6","12.6","75.7","13.1","(X)","(X)","(X)","(X)","(X)","(X)","77.8","16.6","22.2","16.6","0.0","11.8","56.2","15.4","43.8","15.4","41","52","3.10","0.25","41","52","2.83","0.67","10","16","100.0","100.0","0.0","100.0","0.0","100.0","41","52","24.4","49.6","75.6","49.6","(X)","(X)","(X)","(X)","(X)","(X)","0.0","53.0","100.0","53.0","0.0","53.0","0.0","53.0","100.0","53.0","73","61","3.40","0.62","73","61","3.26","0.49","10","36","0.0","100.0","100.0","100.0","0.0","100.0","73","61","24.7","42.4","86.3","46.7","(X)","(X)","(X)","(X)","(X)","(X)","65.8","41.6","34.2","41.6","0.0","39.7","38.4","46.3","61.6","46.3","347","100","1.27","0.20","(X)","(X)","(X)","(X)","(X)","(X)","(X)","(X)","(X)","(X)","(X)","(X)","347","100","0.0","11.5","31.7","18.1","25.4","18.5","76.4","18.8","25.4","18.5","16.7","15.0","80.4","15.9","2.9","5.2","19.6","15.9","80.4","15.9",
"1400000US06111003618","Census Tract 36.18; Ventura County; California","1032","367","2.00","0.23","664","334","2.30","0.41","320","317","4.7","9.8","3.1","7.1","92.2","13.2","1032","367","31.0","21.7","27.5","10.8","21.6","8.6","24.1","11.4","7.0","4.9","66.1","22.7","33.9","22.7","0.0","4.0","46.8","17.4","53.2","17.4","386","98","2.62","0.32","386","98","2.62","0.32","90","39","16.7","24.9","11.1","19.2","72.2","30.3","386","98","23.3","9.8","27.7","13.5","(X)","(X)","(X)","(X)","(X)","(X)","91.2","9.6","8.8","9.6","0.0","10.4","76.7","13.7","23.3","13.7","249","324","1.75","0.23","249","324","1.75","0.23","230","323","0.0","16.8","0.0","16.8","100.0","16.8","249","324","92.4","19.2","7.6","19.2","(X)","(X)","(X)","(X)","(X)","(X)","17.3","37.4","82.7","37.4","0.0","15.6","13.3","30.1","86.7","30.1","29","37","2.69","0.77","29","37","2.69","0.77","0","14","-","**","-","**","-","**","29","37","0.0","63.0","100.0","63.0","(X)","(X)","(X)","(X)","(X)","(X)","100.0","63.0","0.0","63.0","0.0","63.0","100.0","63.0","0.0","63.0","368","147","1.47","0.30","(X)","(X)","(X)","(X)","(X)","(X)","(X)","(X)","(X)","(X)","(X)","(X)","368","147","0.0","10.9","35.1","16.1","30.7","15.2","67.7","17.5","19.6","14.1","70.1","18.5","29.9","18.5","0.0","10.9","34.0","16.4","66.0","16.4",
"1400000US06111003700","Census Tract 37; Ventura County; California","1087","90","5.45","1.06","976","115","5.60","1.22","349","79","15.8","14.1","23.2","15.5","61.0","18.3","1087","90","58.7","7.8","48.6","8.9","33.0","7.5","8.5","6.0","2.0","3.0","90.9","5.5","9.1","5.5","0.0","3.8","64.3","9.3","35.7","9.3","650","130","6.47","1.84","650","130","6.24","1.87","233","78","14.6","17.4","20.2","18.9","65.2","21.5","650","130","58.9","13.1","50.5","12.1","(X)","(X)","(X)","(X)","(X)","(X)","94.3","6.5","5.7","6.5","0.0","6.3","64.9","13.1","35.1","13.1","120","56","4.22","0.90","120","56","3.72","0.87","39","33","53.8","44.5","25.6","42.5","20.5","29.9","120","56","73.3","22.0","50.8","27.2","(X)","(X)","(X)","(X)","(X)","(X)","85.8","15.3","14.2","15.3","0.0","29.0","78.3","17.1","21.7","17.1","206","89","5.28","0.75","206","89","4.69","0.69","77","61","0.0","38.6","31.2","42.7","68.8","42.7","206","89","81.1","15.2","40.3","22.5","(X)","(X)","(X)","(X)","(X)","(X)","83.0","19.1","17.0","19.1","0.0","18.5","57.3","22.0","42.7","22.0","111","64","1.16","0.20","(X)","(X)","(X)","(X)","(X)","(X)","(X)","(X)","(X)","(X)","(X)","(X)","111","64","0.0","30.8","50.5","28.8","28.8","27.5","82.9","20.7","19.8","26.4","91.0","14.3","9.0","14.3","0.0","30.8","58.6","33.2","41.4","33.2",
"1400000US06111003801","Census Tract 38.01; Ventura County; California","1146","194","4.34","0.53","969","208","4.78","0.57","418","185","2.2","3.5","17.5","14.4","80.4","14.6","1146","194","58.2","11.3","48.3","12.4","26.2","9.6","13.4","7.7","3.5","3.2","60.4","11.0","39.6","11.0","0.0","3.6","32.3","8.9","67.7","8.9","586","198","4.96","0.85","586","198","4.94","0.84","272","161","0.0","14.4","12.1","14.1","87.9","14.1","586","198","70.5","16.9","47.4","21.0","(X)","(X)","(X)","(X)","(X)","(X)","59.7","17.5","40.3","17.5","0.0","7.0","26.6","12.6","73.4","12.6","103","64","3.90","0.87","103","64","3.62","0.82","22","24","40.9","55.9","0.0","72.3","59.1","55.9","103","64","47.6","25.7","48.5","27.3","(X)","(X)","(X)","(X)","(X)","(X)","86.4","21.9","13.6","21.9","0.0","32.4","61.2","28.4","38.8","28.4","280","109","5.25","1.07","280","109","4.88","1.03","124","89","0.0","28.3","32.3","36.6","67.7","36.6","280","109","73.2","22.1","42.9","22.1","(X)","(X)","(X)","(X)","(X)","(X)","32.1","17.7","67.9","17.7","0.0","14.0","27.5","18.5","72.5","18.5","177","94","1.14","0.20","(X)","(X)","(X)","(X)","(X)","(X)","(X)","(X)","(X)","(X)","(X)","(X)","177","94","0.0","21.1","59.3","30.8","22.6","23.5","86.4","19.3","22.6","23.5","92.1","12.1","7.9","12.1","0.0","21.1","41.8","31.4","58.2","31.4",
"1400000US06111003802","Census Tract 38.02; Ventura County; California","547","85","5.00","0.55","519","88","4.81","0.54","249","55","7.2","11.7","35.3","17.1","57.4","18.0","547","85","64.0","13.8","49.0","11.7","36.2","13.5","4.0","4.4","1.1","1.4","66.4","9.0","33.6","9.0","0.0","7.5","53.9","12.5","46.1","12.5","336","109","5.18","0.80","336","109","5.16","0.80","160","57","0.0","23.0","36.3","21.4","63.8","21.4","336","109","62.2","20.1","53.6","15.7","(X)","(X)","(X)","(X)","(X)","(X)","76.5","12.7","23.5","12.7","0.0","11.9","68.8","13.8","31.3","13.8","57","36","4.33","1.71","57","36","3.70","1.44","26","24","0.0","66.5","73.1","43.4","26.9","43.4","57","36","57.9","41.5","12.3","19.2","(X)","(X)","(X)","(X)","(X)","(X)","66.7","30.4","33.3","30.4","0.0","44.9","33.3","36.5","66.7","36.5","126","54","5.65","1.03","126","54","4.38","0.99","63","37","28.6","40.1","17.5","22.3","54.0","38.2","126","54","85.7","12.2","42.1","23.9","(X)","(X)","(X)","(X)","(X)","(X)","31.7","20.8","68.3","20.8","0.0","28.0","26.2","19.1","73.8","19.1","28","25","1.21","0.47","(X)","(X)","(X)","(X)","(X)","(X)","(X)","(X)","(X)","(X)","(X)","(X)","28","25","0.0","64.1","100.0","64.1","42.9","51.2","78.6","39.3","21.4","34.0","100.0","64.1","0.0","64.1","0.0","64.1","42.9","51.2","57.1","51.2",
"1400000US06111003901","Census Tract 39.01; Ventura County; California","698","84","4.56","0.42","587","107","4.74","0.31","294","79","18.4","16.5","34.7","16.8","46.9","18.1","698","84","49.6","9.7","48.0","8.9","37.0","8.3","12.0","8.3","7.7","6.9","91.5","6.9","8.5","6.9","0.0","5.9","68.6","7.6","31.4","7.6","353","95","5.04","0.48","353","95","4.87","0.47","169","57","5.9","8.3","38.5","19.5","55.6","19.4","353","95","49.3","14.5","44.2","14.2","(X)","(X)","(X)","(X)","(X)","(X)","96.6","2.9","3.4","2.9","0.0","11.3","66.3","13.1","33.7","13.1","106","73","5.97","1.22","106","73","4.88","1.19","89","69","49.4","41.1","41.6","41.5","9.0","16.0","106","73","100.0","31.8","8.5","13.6","(X)","(X)","(X)","(X)","(X)","(X)","100.0","31.8","0.0","31.8","0.0","31.8","52.8","38.0","47.2","38.0","128","61","4.94","1.29","128","61","4.29","0.97","36","39","0.0","56.5","0.0","56.5","100.0","56.5","128","61","51.6","26.5","64.1","23.8","(X)","(X)","(X)","(X)","(X)","(X)","95.3","8.7","4.7","8.7","0.0","27.6","93.0","10.7","7.0","10.7","111","58","1.28","0.28","(X)","(X)","(X)","(X)","(X)","(X)","(X)","(X)","(X)","(X)","(X)","(X)","111","58","0.0","30.8","79.3","26.0","64.9","30.1","75.7","24.1","48.6","33.6","63.1","28.2","36.9","28.2","0.0","30.8","63.1","28.2","36.9","28.2",
"1400000US06111003902","Census Tract 39.02; Ventura County; California","837","111","4.93","0.52","662","123","5.28","0.59","400","121","15.0","11.8","41.3","21.4","43.8","20.7","837","111","59.4","8.6","45.6","10.6","30.1","8.5","11.5","6.2","3.1","3.5","72.3","9.7","27.7","9.7","0.0","4.9","62.5","10.4","37.5","10.4","360","95","6.47","0.78","360","95","6.12","0.73","203","79","17.7","18.3","36.5","21.9","45.8","23.6","360","95","76.1","12.1","71.1","13.6","(X)","(X)","(X)","(X)","(X)","(X)","78.6","12.9","21.4","12.9","0.0","11.1","75.0","13.0","25.0","13.0","111","62","3.60","0.99","111","62","3.44","0.95","53","37","30.2","47.9","0.0","46.6","69.8","47.9","111","62","47.7","27.7","38.7","26.7","(X)","(X)","(X)","(X)","(X)","(X)","100.0","30.8","0.0","30.8","0.0","30.8","75.7","29.4","24.3","29.4","191","105","5.86","1.14","191","105","4.76","0.94","144","103","5.6","9.6","63.2","39.3","31.3","36.9","191","105","89.0","11.8","24.1","22.2","(X)","(X)","(X)","(X)","(X)","(X)","73.3","25.6","26.7","25.6","0.0","19.8","70.2","26.1","29.8","26.1","175","51","1.59","0.36","(X)","(X)","(X)","(X)","(X)","(X)","(X)","(X)","(X)","(X)","(X)","(X)","175","51","0.0","21.4","21.1","17.4","21.1","17.4","54.9","23.1","14.9","15.6","40.6","20.9","59.4","20.9","0.0","21.4","20.0","16.3","80.0","16.3",
"1400000US06111004000","Census Tract 40; Ventura County; California","1359","114","4.85","0.51","1112","138","5.07","0.55","497","113","4.2","6.0","49.1","18.0","46.7","17.6","1359","114","47.8","7.4","54.5","9.1","44.4","8.0","16.3","6.4","9.4","5.9","78.7","6.8","9.8","6.0","11.5","4.9","76.3","6.7","23.7","6.7","694","153","5.86","0.72","694","153","5.41","0.78","262","109","2.7","4.0","49.2","24.5","48.1","24.2","694","153","55.9","11.7","54.5","12.9","(X)","(X)","(X)","(X)","(X)","(X)","95.5","3.7","0.9","1.4","3.6","3.2","84.1","9.5","15.9","9.5","171","103","5.01","1.43","171","103","3.92","1.10","97","76","0.0","33.8","28.9","41.3","71.1","41.3","171","103","62.0","27.6","25.1","25.3","(X)","(X)","(X)","(X)","(X)","(X)","66.1","30.7","33.9","30.7","0.0","21.8","66.1","30.7","33.9","30.7","247","114","5.66","1.49","247","114","4.89","0.84","138","94","10.1","21.8","63.0","39.8","26.8","37.0","247","114","62.8","19.4","52.6","23.5","(X)","(X)","(X)","(X)","(X)","(X)","65.2","22.9","15.0","22.4","19.8","14.9","54.7","23.4","45.3","23.4","247","85","1.11","0.11","(X)","(X)","(X)","(X)","(X)","(X)","(X)","(X)","(X)","(X)","(X)","(X)","247","85","0.0","15.8","76.9","23.1","57.9","26.9","89.9","9.9","51.8","27.8","53.8","20.9","13.0","19.2","33.2","19.9","83.0","19.2","17.0","19.2",
"1400000US06111004101","Census Tract 41.01; Ventura County; California","1390","115","4.86","0.61","1229","131","4.90","0.65","544","129","12.3","9.6","16.4","11.3","71.3","13.7","1390","115","54.5","9.3","42.1","8.0","27.6","8.0","8.9","5.1","5.3","3.6","79.3","6.2","19.7","5.9","1.0","1.6","52.2","7.6","47.8","7.6","754","123","5.75","0.79","754","123","5.55","0.76","398","128","11.6","12.1","19.1","14.6","69.3","16.8","754","123","69.4","10.7","31.0","10.3","(X)","(X)","(X)","(X)","(X)","(X)","80.2","9.9","17.9","9.7","1.9","2.8","49.9","10.7","50.1","10.7","93","69","5.28","0.76","93","69","3.45","0.82","0","19","-","**","-","**","-","**","93","69","39.8","32.7","24.7","27.5","(X)","(X)","(X)","(X)","(X)","(X)","100.0","34.7","0.0","34.7","0.0","34.7","39.8","34.9","60.2","34.9","382","128","4.31","1.26","382","128","3.97","1.11","146","76","14.4","22.6","8.9","16.3","76.7","27.2","382","128","51.6","21.3","57.1","19.1","(X)","(X)","(X)","(X)","(X)","(X)","70.7","16.5","29.3","16.5","0.0","10.5","58.9","19.3","41.1","19.3","161","75","1.77","0.72","(X)","(X)","(X)","(X)","(X)","(X)","(X)","(X)","(X)","(X)","(X)","(X)","161","75","0.0","22.9","68.3","21.5","62.1","22.8","77.0","21.5","45.3","25.4","83.2","18.4","16.8","18.4","0.0","22.9","54.0","28.1","46.0","28.1",
"1400000US06111004200","Census Tract 42; Ventura County; California","1486","318","3.52","0.52","1223","322","3.60","0.52","332","113","32.2","17.3","15.7","13.5","52.1","18.9","1486","318","33.6","10.9","51.4","13.7","42.8","12.4","14.6","7.5","9.8","6.3","98.1","3.0","1.9","3.0","0.0","2.8","75.6","11.9","24.4","11.9","551","138","4.75","0.81","551","138","4.50","0.72","182","81","42.9","25.0","15.9","15.7","41.2","26.8","551","138","46.1","14.9","49.4","12.8","(X)","(X)","(X)","(X)","(X)","(X)","94.9","7.7","5.1","7.7","0.0","7.4","91.3","8.5","8.7","8.5","99","60","3.31","1.16","99","60","2.37","0.37","27","27","0.0","65.3","0.0","65.3","100.0","65.3","99","60","27.3","26.7","61.6","29.2","(X)","(X)","(X)","(X)","(X)","(X)","100.0","33.3","0.0","33.3","0.0","33.3","91.9","14.8","8.1","14.8","573","319","3.10","0.76","573","319","2.95","0.69","123","83","23.6","29.8","18.7","28.1","57.7","32.2","573","319","38.0","26.8","37.5","26.6","(X)","(X)","(X)","(X)","(X)","(X)","100.0","7.1","0.0","7.1","0.0","7.1","58.1","29.9","41.9","29.9","263","110","1.94","1.32","(X)","(X)","(X)","(X)","(X)","(X)","(X)","(X)","(X)","(X)","(X)","(X)","263","110","0.0","14.9","82.1","18.6","62.4","23.2","82.5","17.2","55.5","24.5","100.0","14.9","0.0","14.9","0.0","14.9","74.9","21.6","25.1","21.6",
"1400000US06111004304","Census Tract 43.04; Ventura County; California","2729","307","2.50","0.29","1662","316","3.15","0.36","900","287","13.3","13.5","32.1","20.0","54.6","19.5","2729","307","33.5","9.3","45.3","8.6","36.2","9.1","33.3","7.1","16.1","6.5","67.4","9.4","32.0","9.2","0.7","1.1","54.4","9.2","45.6","9.2","1053","271","3.04","0.39","1053","271","3.03","0.39","514","248","23.3","23.0","50.4","30.9","26.3","24.9","1053","271","50.2","14.8","42.4","14.4","(X)","(X)","(X)","(X)","(X)","(X)","73.3","15.9","26.7","15.9","0.0","4.0","49.8","16.3","50.2","16.3","273","207","3.51","1.15","273","207","3.16","0.82","171","129","0.0","21.8","17.5","32.1","82.5","32.1","273","207","62.6","43.8","37.4","43.8","(X)","(X)","(X)","(X)","(X)","(X)","54.2","42.5","45.8","42.5","0.0","14.4","44.7","42.0","55.3","42.0","336","165","3.90","0.77","336","165","3.54","0.81","215","149","0.0","17.8","0.0","17.8","100.0","17.8","336","165","64.0","24.5","18.8","15.5","(X)","(X)","(X)","(X)","(X)","(X)","65.5","22.4","34.5","22.4","0.0","11.9","50.0","26.1","50.0","26.1","1067","232","1.26","0.19","(X)","(X)","(X)","(X)","(X)","(X)","(X)","(X)","(X)","(X)","(X)","(X)","1067","232","0.0","3.9","58.7","12.7","43.4","14.7","85.2","9.5","41.2","14.5","65.4","12.1","32.8","11.2","1.8","2.8","62.8","12.2","37.2","12.2",
"1400000US06111004305","Census Tract 43.05; Ventura County; California","614","145","2.72","0.28","508","138","3.02","0.31","314","121","65.0","16.6","19.7","11.9","15.3","11.1","614","145","51.1","12.7","2.3","2.9","0.0","6.7","17.3","10.3","0.0","6.7","67.3","12.0","32.7","12.0","0.0","6.7","1.1","2.1","98.9","2.1","381","86","3.20","0.31","381","86","3.20","0.31","187","59","54.0","17.9","20.3","13.8","25.7","16.0","381","86","49.1","13.0","0.0","10.5","(X)","(X)","(X)","(X)","(X)","(X)","68.0","12.2","32.0","12.2","0.0","10.5","1.8","3.3","98.2","3.3","0","14","-","**","0","14","-","**","0","14","-","**","-","**","-","**","0","14","-","**","-","**","(X)","(X)","(X)","(X)","(X)","(X)","-","**","-","**","-","**","-","**","-","**","127","118","2.69","0.92","127","118","2.47","0.62","127","118","81.1","27.5","18.9","27.5","0.0","27.8","127","118","100.0","27.8","11.0","19.8","(X)","(X)","(X)","(X)","(X)","(X)","100.0","27.8","0.0","27.8","0.0","27.8","0.0","27.8","100.0","27.8","106","66","-","**","(X)","(X)","(X)","(X)","(X)","(X)","(X)","(X)","(X)","(X)","(X)","(X)","106","66","0.0","31.8","0.0","31.8","0.0","31.8","100.0","31.8","0.0","31.8","25.5","28.5","74.5","28.5","0.0","31.8","0.0","31.8","100.0","31.8",
"1400000US06111004400","Census Tract 44; Ventura County; California","2831","391","2.56","0.29","1865","299","3.12","0.42","645","232","13.0","13.2","22.9","22.5","64.0","23.6","2831","391","25.3","9.3","38.0","8.1","31.1","6.0","26.7","6.9","13.5","5.5","49.1","9.2","50.2","9.2","0.8","1.4","38.2","9.0","61.8","9.0","1400","354","3.15","0.55","1400","354","3.13","0.54","488","204","7.8","11.2","27.9","28.9","64.3","31.2","1400","354","38.4","15.0","30.4","12.1","(X)","(X)","(X)","(X)","(X)","(X)","63.5","14.4","34.9","14.0","1.6","2.7","44.4","14.6","55.6","14.6","210","153","3.64","0.59","210","153","2.84","0.43","75","91","61.3","55.6","0.0","39.2","38.7","55.6","210","153","35.7","36.4","0.0","18.2","(X)","(X)","(X)","(X)","(X)","(X)","35.7","36.4","64.3","36.4","0.0","18.2","19.5","25.4","80.5","25.4","255","148","3.48","0.63","255","148","3.27","0.59","82","60","0.0","37.4","14.6","25.9","85.4","25.9","255","148","40.0","28.4","72.5","21.4","(X)","(X)","(X)","(X)","(X)","(X)","29.0","26.2","71.0","26.2","0.0","15.3","62.4","23.6","37.6","23.6","966","261","1.24","0.13","(X)","(X)","(X)","(X)","(X)","(X)","(X)","(X)","(X)","(X)","(X)","(X)","966","261","0.0","4.3","48.3","14.4","42.1","14.7","78.4","11.2","39.5","14.8","36.3","14.5","63.7","14.5","0.0","4.3","26.8","11.3","73.2","11.3",
"1400000US06111004503","Census Tract 45.03; Ventura County; California","1053","116","4.08","0.39","925","138","4.22","0.38","495","111","7.5","8.4","14.7","9.4","77.8","12.2","1053","116","54.5","9.2","30.8","7.0","22.3","6.2","10.4","7.0","6.8","5.8","52.6","10.3","33.6","9.3","13.8","7.9","36.6","7.1","63.4","7.1","513","111","4.26","0.42","513","111","4.15","0.41","264","82","11.0","14.4","8.0","9.0","81.1","15.9","513","111","62.0","11.5","28.5","11.3","(X)","(X)","(X)","(X)","(X)","(X)","58.9","12.6","27.1","11.9","14.0","10.2","48.0","11.7","52.0","11.7","132","94","4.50","0.81","132","94","3.83","0.85","54","65","14.8","14.9","33.3","54.8","51.9","45.9","132","94","40.9","37.1","15.9","21.9","(X)","(X)","(X)","(X)","(X)","(X)","38.6","30.0","61.4","30.0","0.0","27.0","38.6","30.0","61.4","30.0","280","81","4.90","1.12","280","81","4.52","0.87","177","75","0.0","21.1","19.2","15.6","80.8","15.6","280","81","72.1","19.2","21.1","16.4","(X)","(X)","(X)","(X)","(X)","(X)","51.4","18.9","42.9","19.4","5.7","6.3","22.1","14.4","77.9","14.4","128","75","1.18","0.22","(X)","(X)","(X)","(X)","(X)","(X)","(X)","(X)","(X)","(X)","(X)","(X)","128","75","0.0","27.6","76.6","28.3","61.7","31.2","85.2","19.2","56.3","33.6","44.5","37.1","10.9","15.3","44.5","39.4","20.3","22.4","79.7","22.4",
"1400000US06111004504","Census Tract 45.04; Ventura County; California","1194","148","3.95","0.51","1056","168","4.06","0.47","367","167","12.3","11.8","34.1","19.3","53.7","17.1","1194","148","40.0","11.7","52.2","9.2","41.3","9.0","10.7","6.4","3.5","3.4","68.8","7.9","31.2","7.9","0.0","3.5","55.8","8.3","44.2","8.3","469","138","5.43","0.73","469","138","5.10","0.61","254","123","7.5","10.3","43.7","19.6","48.8","19.6","469","138","62.5","12.8","39.7","15.1","(X)","(X)","(X)","(X)","(X)","(X)","74.0","13.5","26.0","13.5","0.0","8.7","58.4","14.5","41.6","14.5","310","153","3.60","0.71","310","153","3.40","0.72","91","117","28.6","29.7","0.0","35.2","71.4","29.7","310","153","44.8","28.8","65.2","16.7","(X)","(X)","(X)","(X)","(X)","(X)","75.8","16.8","24.2","16.8","0.0","12.8","60.3","19.5","39.7","19.5","277","98","3.30","0.46","277","98","3.06","0.44","22","28","0.0","72.3","63.6","63.6","36.4","63.6","277","98","16.6","12.9","48.4","18.0","(X)","(X)","(X)","(X)","(X)","(X)","69.3","18.2","30.7","18.2","0.0","14.2","57.0","17.9","43.0","17.9","138","75","1.07","0.11","(X)","(X)","(X)","(X)","(X)","(X)","(X)","(X)","(X)","(X)","(X)","(X)","138","75","0.0","26.0","73.2","27.5","37.7","34.5","92.8","12.2","30.4","33.2","34.1","33.0","65.9","33.0","0.0","26.0","34.1","33.0","65.9","33.0",
"1400000US06111004505","Census Tract 45.05; Ventura County; California","506","100","5.03","0.53","469","99","4.89","0.53","284","85","19.7","15.8","30.3","13.1","50.0","18.0","506","100","68.4","10.7","45.5","11.6","38.3","11.0","6.1","5.1","1.2","1.7","79.6","10.1","20.4","10.1","0.0","8.1","59.7","11.6","40.3","11.6","257","67","5.34","0.73","257","67","5.18","0.72","152","65","3.9","6.7","40.8","21.2","55.3","22.6","257","67","63.8","15.5","64.2","16.9","(X)","(X)","(X)","(X)","(X)","(X)","96.9","5.6","3.1","5.6","0.0","15.2","86.8","9.9","13.2","9.9","60","39","6.45","1.77","60","39","5.75","1.92","24","24","37.5","49.3","62.5","49.3","0.0","69.2","60","39","76.7","25.5","51.7","29.2","(X)","(X)","(X)","(X)","(X)","(X)","91.7","13.3","8.3","13.3","0.0","43.8","76.7","26.3","23.3","26.3","152","90","4.90","1.17","152","90","4.07","1.40","108","58","38.0","34.7","8.3","13.2","53.7","33.3","152","90","89.5","10.5","10.5","10.5","(X)","(X)","(X)","(X)","(X)","(X)","50.0","31.3","50.0","31.3","0.0","24.0","10.5","10.5","89.5","10.5","37","27","1.16","0.24","(X)","(X)","(X)","(X)","(X)","(X)","(X)","(X)","(X)","(X)","(X)","(X)","37","27","0.0","55.8","48.6","38.9","32.4","35.4","83.8","25.7","16.2","23.4","62.2","40.9","37.8","40.9","0.0","55.8","45.9","38.6","54.1","38.6",
"1400000US06111004507","Census Tract 45.07; Ventura County; California","686","142","4.79","0.54","610","143","5.01","0.54","370","89","5.7","6.6","41.6","14.1","52.7","16.0","686","142","62.4","13.0","20.4","14.6","16.2","14.9","3.8","2.8","0.0","6.0","37.0","13.2","63.0","13.2","0.0","6.0","11.8","6.1","88.2","6.1","415","149","4.91","0.72","415","149","4.91","0.72","267","82","7.9","9.2","39.3","17.3","52.8","19.9","415","149","67.7","20.7","27.7","21.4","(X)","(X)","(X)","(X)","(X)","(X)","38.3","20.4","61.7","20.4","0.0","9.7","10.1","6.9","89.9","6.9","96","47","4.47","1.07","96","47","4.33","1.13","37","41","0.0","55.8","0.0","55.8","100.0","55.8","96","47","59.4","24.7","0.0","34.0","(X)","(X)","(X)","(X)","(X)","(X)","35.4","22.5","64.6","22.5","0.0","34.0","0.0","34.0","100.0","34.0","99","54","6.76","1.49","99","54","6.06","1.29","66","50","0.0","41.7","74.2","35.5","25.8","35.5","99","54","90.9","11.4","25.3","26.2","(X)","(X)","(X)","(X)","(X)","(X)","45.5","36.1","54.5","36.1","0.0","33.3","23.2","26.6","76.8","26.6","76","49","1.93","0.62","(X)","(X)","(X)","(X)","(X)","(X)","(X)","(X)","(X)","(X)","(X)","(X)","76","49","0.0","38.9","0.0","38.9","0.0","38.9","34.2","29.7","0.0","38.9","21.1","22.1","78.9","22.1","0.0","38.9","21.1","22.1","78.9","22.1",
"1400000US06111004508","Census Tract 45.08; Ventura County; California","764","86","4.99","0.68","623","115","5.11","0.63","430","130","9.1","10.2","41.6","17.3","49.3","16.3","764","86","64.7","12.4","24.2","7.7","16.0","7.4","10.5","7.2","2.1","3.1","31.3","7.3","68.7","7.3","0.0","5.4","20.3","7.2","79.7","7.2","409","128","5.78","0.77","409","128","5.43","0.79","281","121","5.0","8.9","38.8","19.6","56.2","19.6","409","128","78.5","12.7","35.5","12.3","(X)","(X)","(X)","(X)","(X)","(X)","37.2","14.8","62.8","14.8","0.0","9.9","25.4","12.5","74.6","12.5","64","47","5.81","1.82","64","47","5.05","1.72","38","38","0.0","55.0","15.8","29.3","84.2","29.3","64","47","78.1","30.3","21.9","30.3","(X)","(X)","(X)","(X)","(X)","(X)","43.8","39.9","56.3","39.9","0.0","42.4","43.8","39.9","56.3","39.9","150","72","5.56","2.12","150","72","4.27","0.92","111","64","22.5","31.5","57.7","33.8","19.8","22.1","150","72","82.0","19.3","0.0","24.3","(X)","(X)","(X)","(X)","(X)","(X)","24.0","18.1","76.0","18.1","0.0","24.3","0.0","24.3","100.0","24.3","141","73","1.72","0.46","(X)","(X)","(X)","(X)","(X)","(X)","(X)","(X)","(X)","(X)","(X)","(X)","141","73","0.0","25.6","18.4","19.0","11.3","17.3","56.7","24.4","11.3","17.3","16.3","23.9","83.7","23.9","0.0","25.6","16.3","23.9","83.7","23.9",
"1400000US06111004600","Census Tract 46; Ventura County; California","453","95","3.49","0.51","422","91","3.60","0.52","309","76","46.3","17.7","21.4","14.5","32.4","15.8","453","95","70.9","11.7","1.3","2.2","0.0","8.9","4.6","4.6","0.0","8.9","96.5","4.0","3.5","4.0","0.0","8.9","1.3","2.2","98.7","2.2","388","91","3.62","0.56","388","91","3.61","0.56","275","76","50.5","18.9","24.0","16.3","25.5","15.4","388","91","74.0","11.9","1.5","2.5","(X)","(X)","(X)","(X)","(X)","(X)","96.9","4.4","3.1","4.4","0.0","10.4","1.5","2.5","98.5","2.5","19","17","4.21","1.35","19","17","3.42","0.83","19","17","21.1","38.3","0.0","77.8","78.9","38.3","19","17","100.0","77.8","0.0","77.8","(X)","(X)","(X)","(X)","(X)","(X)","78.9","38.3","21.1","38.3","0.0","77.8","0.0","77.8","100.0","77.8","15","22","3.67","1.30","15","22","3.67","1.30","15","22","0.0","87.6","0.0","87.6","100.0","87.6","15","22","100.0","87.6","0.0","87.6","(X)","(X)","(X)","(X)","(X)","(X)","100.0","87.6","0.0","87.6","0.0","87.6","0.0","87.6","100.0","87.6","31","26","1.32","0.39","(X)","(X)","(X)","(X)","(X)","(X)","(X)","(X)","(X)","(X)","(X)","(X)","31","26","0.0","60.9","0.0","60.9","0.0","60.9","67.7","40.6","0.0","60.9","100.0","60.9","0.0","60.9","0.0","60.9","0.0","60.9","100.0","60.9",
"1400000US06111004704","Census Tract 47.04; Ventura County; California","447","69","3.81","0.56","384","75","3.92","0.54","165","48","0.0","22.5","2.4","4.7","97.6","4.7","447","69","53.0","13.1","37.4","9.3","30.4","9.6","11.6","7.9","6.3","5.1","9.8","7.2","8.3","5.7","81.9","9.1","65.5","11.9","34.5","11.9","214","71","4.33","0.99","214","71","4.27","0.98","73","35","0.0","39.7","5.5","10.8","94.5","10.8","214","71","51.4","18.2","40.2","15.8","(X)","(X)","(X)","(X)","(X)","(X)","18.2","15.5","0.0","17.9","81.8","15.5","65.0","17.9","35.0","17.9","71","44","3.75","1.44","71","44","2.80","0.73","38","27","0.0","55.0","0.0","55.0","100.0","55.0","71","44","87.3","20.3","39.4","36.6","(X)","(X)","(X)","(X)","(X)","(X)","0.0","40.2","39.4","34.7","60.6","34.7","60.6","34.7","39.4","34.7","99","39","4.43","0.88","99","39","3.96","0.62","54","33","0.0","46.1","0.0","46.1","100.0","46.1","99","39","65.7","26.7","25.3","24.0","(X)","(X)","(X)","(X)","(X)","(X)","5.1","7.6","9.1","15.7","85.9","18.2","55.6","27.0","44.4","27.0","63","38","1.16","0.23","(X)","(X)","(X)","(X)","(X)","(X)","(X)","(X)","(X)","(X)","(X)","(X)","63","38","0.0","42.7","44.4","29.8","44.4","29.8","82.5","23.6","44.4","29.8","0.0","42.7","0.0","42.7","100.0","42.7","88.9","16.0","11.1","16.0",
"1400000US06111004710","Census Tract 47.10; Ventura County; California","1331","220","4.18","0.78","993","246","4.84","1.06","559","230","4.5","7.2","24.9","14.9","70.7","17.2","1331","220","46.9","10.6","51.2","11.8","46.4","11.0","18.5","7.0","13.1","6.3","47.7","11.1","26.3","13.1","26.0","8.5","57.4","12.7","42.6","12.7","682","238","5.03","1.46","682","238","4.96","1.48","400","226","0.0","10.1","12.5","14.1","87.5","14.1","682","238","62.2","16.0","42.7","17.4","(X)","(X)","(X)","(X)","(X)","(X)","46.3","19.1","36.2","22.4","17.4","11.2","55.3","20.4","44.7","20.4","97","64","3.89","0.75","97","64","3.63","0.75","25","36","0.0","67.8","0.0","67.8","100.0","67.8","97","64","36.1","33.4","51.5","34.6","(X)","(X)","(X)","(X)","(X)","(X)","61.9","33.2","25.8","32.0","12.4","21.6","51.5","34.6","48.5","34.6","214","80","5.53","0.89","214","80","5.01","0.93","134","77","18.7","25.9","66.4","27.2","14.9","16.2","214","80","77.1","15.3","46.7","22.3","(X)","(X)","(X)","(X)","(X)","(X)","46.7","19.1","16.8","17.8","36.4","17.2","42.5","19.7","57.5","19.7","338","96","1.70","0.48","(X)","(X)","(X)","(X)","(X)","(X)","(X)","(X)","(X)","(X)","(X)","(X)","338","96","0.0","11.8","71.0","23.0","66.6","23.2","72.8","19.5","51.8","20.6","47.0","15.8","12.4","18.0","40.5","16.8","72.8","19.5","27.2","19.5",
"1400000US06111004711","Census Tract 47.11; Ventura County; California","686","61","4.24","0.44","611","65","4.31","0.41","228","90","0.0","16.9","14.5","12.4","85.5","12.4","686","61","50.3","9.5","55.4","10.3","46.1","10.6","9.3","6.4","8.9","6.3","75.5","9.8","24.5","9.8","0.0","6.0","66.8","9.8","33.2","9.8","421","80","5.28","0.63","421","80","4.89","0.54","188","85","0.0","20.1","8.0","8.4","92.0","8.4","421","80","62.0","11.8","52.7","14.1","(X)","(X)","(X)","(X)","(X)","(X)","87.2","11.2","12.8","11.2","0.0","9.6","76.7","13.0","23.3","13.0","40","22","2.63","0.57","40","22","2.50","0.47","18","17","0.0","79.9","27.8","42.8","72.2","42.8","40","22","45.0","36.6","12.5","22.4","(X)","(X)","(X)","(X)","(X)","(X)","52.5","42.9","47.5","42.9","0.0","53.6","80.0","25.9","20.0","25.9","150","62","3.31","0.69","150","62","3.15","0.59","22","23","0.0","72.3","59.1","56.2","40.9","56.2","150","62","44.0","19.6","54.0","19.5","(X)","(X)","(X)","(X)","(X)","(X)","76.0","16.9","24.0","16.9","0.0","24.3","60.7","20.5","39.3","20.5","75","44","1.12","0.19","(X)","(X)","(X)","(X)","(X)","(X)","(X)","(X)","(X)","(X)","(X)","(X)","75","44","0.0","39.2","96.0","7.6","96.0","7.6","85.3","24.1","81.3","25.2","21.3","16.8","78.7","16.8","0.0","39.2","16.0","15.6","84.0","15.6",
"1400000US06111004715","Census Tract 47.15; Ventura County; California","1192","144","3.49","0.31","1017","159","3.69","0.38","432","133","11.1","14.8","15.5","13.7","73.4","17.7","1192","144","44.7","10.1","52.9","11.0","35.0","9.3","9.8","6.1","6.3","5.2","55.8","9.9","15.7","7.9","28.5","10.1","58.1","9.5","41.9","9.5","664","147","3.65","0.55","664","147","3.59","0.54","242","117","19.8","25.6","27.7","24.2","52.5","29.1","664","147","45.3","15.5","52.3","15.8","(X)","(X)","(X)","(X)","(X)","(X)","67.9","14.2","8.3","6.4","23.8","14.2","53.9","14.4","46.1","14.4","66","51","5.52","1.16","66","51","4.62","1.09","47","47","0.0","49.5","0.0","49.5","100.0","49.5","66","51","90.9","18.8","53.0","38.1","(X)","(X)","(X)","(X)","(X)","(X)","65.2","37.4","30.3","38.0","4.5","16.0","69.7","38.0","30.3","38.0","287","107","3.79","0.61","287","107","3.69","0.54","143","86","0.0","25.3","0.0","25.3","100.0","25.3","287","107","59.9","17.3","53.3","19.7","(X)","(X)","(X)","(X)","(X)","(X)","51.2","18.8","10.8","11.8","38.0","16.4","71.8","18.2","28.2","18.2","175","95","1.65","0.58","(X)","(X)","(X)","(X)","(X)","(X)","(X)","(X)","(X)","(X)","(X)","(X)","175","95","0.0","21.4","54.3","34.1","54.3","34.1","66.9","25.2","42.9","32.9","13.7","16.0","46.3","34.1","40.0","32.4","46.9","33.6","53.1","33.6",
"1400000US06111004716","Census Tract 47.16; Ventura County; California","927","86","4.50","0.43","811","101","4.67","0.41","294","89","4.1","4.3","27.6","15.2","68.4","15.7","927","86","42.8","8.4","55.2","8.5","47.5","6.8","12.5","5.5","9.4","5.0","73.4","8.0","7.2","4.9","19.4","5.7","76.6","7.0","23.4","7.0","550","104","5.00","0.56","550","104","4.69","0.48","197","83","6.1","6.4","28.4","19.8","65.5","20.2","550","104","46.4","10.3","54.0","10.4","(X)","(X)","(X)","(X)","(X)","(X)","84.0","6.3","1.8","1.9","14.2","5.9","78.5","10.4","21.5","10.4","132","62","5.05","1.27","132","62","4.59","1.28","51","42","0.0","47.5","15.7","24.9","84.3","24.9","132","62","61.4","25.7","33.3","27.5","(X)","(X)","(X)","(X)","(X)","(X)","72.0","23.4","18.9","25.9","9.1","12.1","45.5","27.6","54.5","27.6","129","59","4.97","1.54","129","59","4.69","1.41","46","31","0.0","50.0","37.0","35.4","63.0","35.4","129","59","47.3","24.1","58.1","23.2","(X)","(X)","(X)","(X)","(X)","(X)","69.8","22.0","13.2","16.4","17.1","17.9","79.1","18.3","20.9","18.3","116","49","-","**","(X)","(X)","(X)","(X)","(X)","(X)","(X)","(X)","(X)","(X)","(X)","(X)","116","49","0.0","29.8","82.8","20.9","75.0","21.2","100.0","29.8","75.0","21.2","28.4","18.8","12.9","14.0","58.6","24.5","100.0","29.8","0.0","29.8",
"1400000US06111004717","Census Tract 47.17; Ventura County; California","825","139","5.01","0.36","760","145","4.92","0.35","420","139","0.0","9.6","20.2","10.9","79.8","10.9","825","139","64.5","7.9","44.0","11.4","38.5","11.2","2.9","2.2","2.9","2.2","85.2","5.5","14.8","5.5","0.0","5.0","65.2","10.8","34.8","10.8","524","136","4.97","0.58","524","136","4.72","0.49","310","138","0.0","12.8","21.0","14.8","79.0","14.8","524","136","67.7","11.0","45.6","15.0","(X)","(X)","(X)","(X)","(X)","(X)","86.5","7.4","13.5","7.4","0.0","7.8","70.4","15.1","29.6","15.1","120","71","5.76","1.55","120","71","4.80","1.74","51","42","0.0","47.5","0.0","47.5","100.0","47.5","120","71","71.7","29.1","29.2","28.0","(X)","(X)","(X)","(X)","(X)","(X)","66.7","29.3","33.3","29.3","0.0","29.0","37.5","29.3","62.5","29.3","116","51","6.37","1.00","116","51","5.96","1.03","59","46","0.0","44.2","33.9","30.3","66.1","30.3","116","51","78.4","17.2","41.4","24.3","(X)","(X)","(X)","(X)","(X)","(X)","95.7","8.0","4.3","8.0","0.0","29.8","52.6","24.9","47.4","24.9","65","37","1.60","0.26","(X)","(X)","(X)","(X)","(X)","(X)","(X)","(X)","(X)","(X)","(X)","(X)","65","37","0.0","42.1","63.1","40.2","44.6","32.4","36.9","27.9","36.9","27.9","90.8","14.4","9.2","14.4","0.0","42.1","96.9","5.0","3.1","5.0",
"1400000US06111004901","Census Tract 49.01; Ventura County; California","2105","268","3.46","0.43","1609","279","3.81","0.51","799","247","44.4","21.1","10.5","10.2","45.1","22.9","2105","268","48.0","9.4","30.0","7.1","16.1","5.9","14.9","6.6","0.0","2.0","49.6","9.0","48.1","10.4","2.3","3.6","38.4","9.4","61.6","9.4","1120","274","4.15","0.75","1120","274","4.01","0.68","677","255","40.6","22.4","12.4","12.1","47.0","25.1","1120","274","67.1","12.0","21.5","9.7","(X)","(X)","(X)","(X)","(X)","(X)","61.2","15.7","34.6","18.5","4.3","6.9","50.0","17.1","50.0","17.1","153","104","3.44","0.93","153","104","3.39","0.93","0","19","-","**","-","**","-","**","153","104","36.6","33.9","71.2","30.1","(X)","(X)","(X)","(X)","(X)","(X)","39.2","35.1","60.8","35.1","0.0","23.9","39.2","35.1","60.8","35.1","336","162","3.91","0.76","336","162","3.32","0.75","122","106","65.6","44.6","0.0","28.7","34.4","44.6","336","162","60.1","27.8","64.3","27.7","(X)","(X)","(X)","(X)","(X)","(X)","52.7","25.9","47.3","25.9","0.0","11.9","28.9","20.9","71.1","20.9","496","174","1.58","0.35","(X)","(X)","(X)","(X)","(X)","(X)","(X)","(X)","(X)","(X)","(X)","(X)","496","174","0.0","8.2","13.1","11.0","6.9","8.9","63.3","17.8","0.0","8.2","24.8","14.3","75.2","14.3","0.0","8.2","18.5","12.5","81.5","12.5",
"1400000US06111004902","Census Tract 49.02; Ventura County; California","913","85","4.11","0.72","704","83","4.71","0.80","261","120","5.4","7.6","9.6","14.4","85.1","15.0","913","85","41.3","13.3","61.2","11.7","46.5","8.6","16.6","8.4","7.9","5.7","66.0","10.4","33.4","10.5","0.5","1.2","49.6","8.8","50.4","8.8","329","92","4.92","0.95","329","92","4.85","0.95","181","104","3.3","5.9","13.8","20.9","82.9","21.1","329","92","68.1","21.2","54.4","18.3","(X)","(X)","(X)","(X)","(X)","(X)","85.4","13.2","14.6","13.2","0.0","12.1","59.3","18.0","40.7","18.0","267","113","4.15","1.28","267","113","4.06","1.18","25","38","0.0","67.8","0.0","67.8","100.0","67.8","267","113","25.1","23.6","60.7","24.2","(X)","(X)","(X)","(X)","(X)","(X)","41.2","27.5","58.8","27.5","0.0","14.7","26.6","25.5","73.4","25.5","108","60","7.22","2.98","108","60","5.90","2.52","55","42","14.5","35.6","0.0","45.7","85.5","35.6","108","60","79.6","20.6","82.4","23.0","(X)","(X)","(X)","(X)","(X)","(X)","91.7","13.7","8.3","13.7","0.0","31.4","83.3","23.1","16.7","23.1","209","95","1.17","0.16","(X)","(X)","(X)","(X)","(X)","(X)","(X)","(X)","(X)","(X)","(X)","(X)","209","95","0.0","18.3","61.7","23.2","61.7","23.2","72.7","24.1","34.4","22.7","54.1","24.3","43.5","25.6","2.4","5.4","46.4","24.5","53.6","24.5",
"1400000US06111005002","Census Tract 50.02; Ventura County; California","739","101","4.28","0.61","623","93","4.40","0.64","305","70","17.4","14.7","28.9","15.8","53.8","18.2","739","101","53.0","9.7","37.1","9.0","30.7","8.1","13.3","7.9","4.9","4.5","53.6","11.2","14.3","7.3","32.1","10.0","35.7","9.6","64.3","9.6","340","83","4.29","0.55","340","83","4.17","0.47","150","60","18.0","23.1","10.7","11.2","71.3","25.8","340","83","50.3","13.9","30.0","12.6","(X)","(X)","(X)","(X)","(X)","(X)","59.7","16.6","15.0","11.1","25.3","14.5","42.1","15.9","57.9","15.9","81","59","3.86","0.64","81","59","3.41","0.49","10","16","100.0","100.0","0.0","100.0","0.0","100.0","81","59","79.0","29.0","64.2","38.3","(X)","(X)","(X)","(X)","(X)","(X)","49.4","40.3","29.6","38.3","21.0","29.0","46.9","33.7","53.1","33.7","202","78","5.76","1.90","202","78","5.19","1.77","145","59","11.0","17.1","49.7","28.1","39.3","26.0","202","78","77.7","16.3","23.3","14.2","(X)","(X)","(X)","(X)","(X)","(X)","53.5","22.9","15.3","15.1","31.2","21.9","15.8","14.4","84.2","14.4","116","66","1.94","1.49","(X)","(X)","(X)","(X)","(X)","(X)","(X)","(X)","(X)","(X)","(X)","(X)","116","66","0.0","29.8","62.9","33.9","31.0","26.8","84.5","25.2","31.0","26.8","38.8","29.4","0.0","29.8","61.2","29.4","44.0","32.8","56.0","32.8",
"1400000US06111005004","Census Tract 50.04; Ventura County; California","3489","351","2.69","0.17","2260","297","3.19","0.20","1176","271","27.8","13.6","21.4","12.3","50.8","14.9","3489","351","35.1","6.4","27.3","6.6","17.9","5.9","20.8","5.8","4.6","2.8","55.5","6.7","44.5","6.7","0.0","1.2","43.9","7.8","56.1","7.8","1411","258","3.52","0.25","1411","258","3.49","0.26","706","184","23.8","12.4","33.6","17.3","42.6","17.6","1411","258","50.0","8.5","29.3","7.6","(X)","(X)","(X)","(X)","(X)","(X)","68.2","9.4","31.8","9.4","0.0","3.0","55.6","8.7","44.4","8.7","90","94","3.68","0.72","90","94","3.14","0.63","48","79","100.0","48.9","0.0","48.9","0.0","48.9","90","94","53.3","53.3","84.4","32.4","(X)","(X)","(X)","(X)","(X)","(X)","68.9","47.4","31.1","47.4","0.0","35.4","46.7","53.3","53.3","53.3","759","272","2.82","0.46","759","272","2.64","0.38","422","229","26.3","28.3","3.6","6.4","70.1","29.2","759","272","62.1","16.5","15.7","14.8","(X)","(X)","(X)","(X)","(X)","(X)","53.9","20.2","46.1","20.2","0.0","5.4","39.9","17.3","60.1","17.3","1229","303","1.58","0.22","(X)","(X)","(X)","(X)","(X)","(X)","(X)","(X)","(X)","(X)","(X)","(X)","1229","303","0.0","3.4","27.8","14.0","17.4","10.3","58.9","16.2","12.9","8.3","41.0","17.3","59.0","17.3","0.0","3.4","32.9","17.6","67.1","17.6",
"1400000US06111005005","Census Tract 50.05; Ventura County; California","1136","165","4.21","0.35","1096","168","4.03","0.32","497","137","7.4","9.8","37.8","16.8","54.7","16.7","1136","165","53.1","12.5","36.4","8.9","23.8","7.5","2.8","3.3","1.0","1.4","48.9","12.4","23.1","9.1","28.0","10.3","55.3","10.8","44.7","10.8","750","154","4.16","0.48","750","154","4.09","0.51","244","124","0.0","15.9","40.2","27.1","59.8","27.1","750","154","43.6","17.3","40.0","12.6","(X)","(X)","(X)","(X)","(X)","(X)","46.8","15.7","23.9","13.5","29.3","12.6","62.7","14.7","37.3","14.7","79","54","4.43","1.33","79","54","3.22","0.33","68","50","0.0","41.1","0.0","41.1","100.0","41.1","79","54","86.1","23.8","16.5","43.9","(X)","(X)","(X)","(X)","(X)","(X)","74.7","39.3","25.3","39.3","0.0","38.2","58.2","50.9","41.8","50.9","267","122","4.53","0.70","267","122","4.13","0.77","185","106","20.0","25.3","48.6","34.2","31.4","31.8","267","122","74.9","19.0","30.7","20.0","(X)","(X)","(X)","(X)","(X)","(X)","44.2","25.3","23.6","22.5","32.2","24.9","34.8","21.6","65.2","21.6","40","43","2.48","2.58","(X)","(X)","(X)","(X)","(X)","(X)","(X)","(X)","(X)","(X)","(X)","(X)","40","43","20.0","36.5","47.5","50.6","47.5","50.6","80.0","36.5","27.5","42.0","70.0","42.0","0.0","53.6","30.0","42.0","47.5","50.6","52.5","50.6",
"1400000US06111005006","Census Tract 50.06; Ventura County; California","845","161","3.86","0.47","667","106","4.30","0.47","177","55","5.6","8.0","21.5","21.1","72.9","20.5","845","161","29.3","6.5","33.7","11.4","25.0","8.3","15.4","14.4","5.3","4.0","97.9","3.4","2.1","3.4","0.0","4.9","58.2","14.1","41.8","14.1","454","110","4.68","0.67","454","110","4.63","0.67","94","43","10.6","15.9","40.4","30.7","48.9","28.3","454","110","30.6","9.9","36.8","14.8","(X)","(X)","(X)","(X)","(X)","(X)","96.0","6.2","4.0","6.2","0.0","8.9","74.2","17.1","25.8","17.1","60","40","3.10","0.27","60","40","2.40","0.60","5","8","0.0","100.0","0.0","100.0","100.0","100.0","60","40","8.3","14.3","26.7","37.5","(X)","(X)","(X)","(X)","(X)","(X)","100.0","43.8","0.0","43.8","0.0","43.8","26.7","42.2","73.3","42.2","153","65","4.46","0.56","153","65","4.07","0.41","78","54","0.0","38.4","0.0","38.4","100.0","38.4","153","65","68.0","22.6","37.3","23.8","(X)","(X)","(X)","(X)","(X)","(X)","100.0","23.9","0.0","23.9","0.0","23.9","69.3","25.6","30.7","25.6","178","141","1.52","0.67","(X)","(X)","(X)","(X)","(X)","(X)","(X)","(X)","(X)","(X)","(X)","(X)","178","141","0.0","21.0","25.3","26.8","25.3","26.8","73.0","31.3","25.3","26.8","100.0","21.0","0.0","21.0","0.0","21.0","18.5","22.3","81.5","22.3",
"1400000US06111005202","Census Tract 52.02; Ventura County; California","1045","90","2.37","0.29","627","96","3.15","0.34","216","80","0.0","17.8","33.3","18.7","66.7","18.7","1045","90","23.4","7.9","57.1","8.0","42.3","7.1","36.1","8.6","18.1","5.5","82.4","6.9","17.6","6.9","0.0","4.0","76.4","7.6","23.6","7.6","537","84","3.16","0.37","537","84","3.16","0.37","159","71","0.0","23.2","26.4","22.3","73.6","22.3","537","84","35.0","12.4","57.2","11.0","(X)","(X)","(X)","(X)","(X)","(X)","92.4","5.7","7.6","5.7","0.0","7.6","86.4","7.3","13.6","7.3","52","30","4.23","0.82","52","30","3.48","0.63","42","32","0.0","52.3","71.4","35.8","28.6","35.8","52","30","80.8","25.1","46.2","31.7","(X)","(X)","(X)","(X)","(X)","(X)","100.0","47.0","0.0","47.0","0.0","47.0","88.5","19.6","11.5","19.6","38","42","2.55","0.68","38","42","2.55","0.68","15","21","0.0","87.6","0.0","87.6","100.0","87.6","38","42","39.5","55.6","0.0","55.0","(X)","(X)","(X)","(X)","(X)","(X)","39.5","55.6","60.5","55.6","0.0","55.0","100.0","55.0","0.0","55.0","418","105","1.10","0.08","(X)","(X)","(X)","(X)","(X)","(X)","(X)","(X)","(X)","(X)","(X)","(X)","418","105","0.0","9.7","63.6","14.9","49.8","12.6","90.2","7.9","45.2","12.8","71.3","13.9","28.7","13.9","0.0","9.7","59.8","13.9","40.2","13.9",
"1400000US06111005203","Census Tract 52.03; Ventura County; California","1775","199","2.93","0.31","1320","192","3.46","0.32","472","176","41.5","18.8","6.4","6.8","52.1","18.0","1775","199","31.5","8.7","63.2","8.7","54.6","7.6","23.0","6.9","15.4","5.7","96.0","3.8","4.0","3.8","0.0","2.4","89.0","5.9","11.0","5.9","1119","195","3.54","0.36","1119","195","3.53","0.36","420","168","46.7","18.7","7.1","7.6","46.2","17.2","1119","195","42.0","11.7","61.8","11.6","(X)","(X)","(X)","(X)","(X)","(X)","100.0","3.7","0.0","3.7","0.0","3.7","93.7","4.9","6.3","4.9","70","71","3.59","0.78","70","71","3.00","0.59","41","66","0.0","53.0","0.0","53.0","100.0","53.0","70","71","58.6","53.4","22.9","35.6","(X)","(X)","(X)","(X)","(X)","(X)","100.0","40.5","0.0","40.5","0.0","40.5","81.4","35.3","18.6","35.3","131","66","3.64","0.63","131","66","3.16","0.70","11","19","0.0","100.0","0.0","100.0","100.0","100.0","131","66","36.6","28.5","80.2","18.8","(X)","(X)","(X)","(X)","(X)","(X)","100.0","27.1","0.0","27.1","0.0","27.1","100.0","27.1","0.0","27.1","455","141","1.13","0.09","(X)","(X)","(X)","(X)","(X)","(X)","(X)","(X)","(X)","(X)","(X)","(X)","455","141","0.0","8.9","67.9","17.6","64.6","16.5","89.7","7.7","60.2","16.5","84.4","13.9","15.6","13.9","0.0","8.9","75.4","16.3","24.6","16.3",
"1400000US06111005204","Census Tract 52.04; Ventura County; California","1274","143","2.77","0.33","1051","143","3.02","0.36","260","92","36.2","18.4","10.0","8.1","53.8","20.1","1274","143","26.1","9.5","73.5","6.4","58.9","7.5","13.5","6.0","12.1","6.2","99.4","1.0","0.6","1.0","0.0","3.3","85.3","8.7","14.7","8.7","853","155","2.97","0.31","853","155","2.94","0.32","232","90","40.5","20.4","11.2","9.2","48.3","22.3","853","155","27.2","8.9","67.6","7.6","(X)","(X)","(X)","(X)","(X)","(X)","99.1","1.5","0.9","1.5","0.0","4.9","95.5","3.5","4.5","3.5","68","56","2.32","0.36","68","56","2.32","0.36","19","22","0.0","77.8","0.0","77.8","100.0","77.8","68","56","27.9","36.0","39.7","41.5","(X)","(X)","(X)","(X)","(X)","(X)","100.0","41.1","0.0","41.1","0.0","41.1","52.9","48.4","47.1","48.4","130","109","3.93","1.58","130","109","3.93","1.58","9","13","0.0","100.0","0.0","100.0","100.0","100.0","130","109","63.1","40.8","93.1","13.5","(X)","(X)","(X)","(X)","(X)","(X)","100.0","27.3","0.0","27.3","0.0","27.3","36.9","40.8","63.1","40.8","223","73","1.48","0.47","(X)","(X)","(X)","(X)","(X)","(X)","(X)","(X)","(X)","(X)","(X)","(X)","223","73","0.0","17.3","94.6","7.0","91.9","8.5","77.1","15.2","69.1","17.0","100.0","17.3","0.0","17.3","0.0","17.3","84.3","13.3","15.7","13.3",
"1400000US06111005205","Census Tract 52.05; Ventura County; California","3167","250","2.63","0.15","2459","256","2.92","0.18","660","143","15.6","12.9","23.5","16.6","60.9","14.0","3167","250","22.0","4.3","52.4","5.1","43.6","4.2","16.3","4.6","9.7","4.0","71.1","5.2","23.5","5.2","5.3","2.5","70.7","4.8","29.3","4.8","2127","253","3.00","0.19","2127","253","2.96","0.19","514","126","16.3","14.8","30.2","20.6","53.5","16.0","2127","253","25.0","5.8","59.0","7.1","(X)","(X)","(X)","(X)","(X)","(X)","75.7","7.3","20.9","7.1","3.4","2.5","76.1","6.5","23.9","6.5","124","101","2.31","0.39","124","101","2.10","0.31","26","41","0.0","66.5","0.0","66.5","100.0","66.5","124","101","21.0","30.2","31.5","33.6","(X)","(X)","(X)","(X)","(X)","(X)","85.5","24.0","14.5","24.0","0.0","28.3","64.5","36.4","35.5","36.4","208","104","3.28","0.62","208","104","2.95","0.62","120","84","15.8","24.8","0.0","29.0","84.2","24.8","208","104","59.6","25.4","18.3","17.0","(X)","(X)","(X)","(X)","(X)","(X)","71.6","22.7","28.4","22.7","0.0","18.4","62.5","22.9","37.5","22.9","708","166","1.36","0.17","(X)","(X)","(X)","(X)","(X)","(X)","(X)","(X)","(X)","(X)","(X)","(X)","708","166","2.1","3.3","46.5","14.2","45.1","14.3","72.7","12.6","43.2","14.2","54.8","14.5","31.5","13.8","13.7","8.8","58.1","13.9","41.9","13.9",
"1400000US06111005304","Census Tract 53.04; Ventura County; California","2934","266","1.88","0.12","1469","261","2.52","0.18","278","102","26.3","22.5","32.7","24.5","41.0","25.5","2934","266","10.6","3.3","77.1","5.9","71.1","5.1","40.4","6.7","32.7","6.9","91.5","3.3","8.5","3.3","0.0","1.4","65.4","8.7","34.6","8.7","1195","251","2.55","0.23","1195","251","2.52","0.22","258","105","28.3","24.3","35.3","25.7","36.4","26.2","1195","251","22.8","9.1","73.3","9.4","(X)","(X)","(X)","(X)","(X)","(X)","92.4","6.1","7.6","6.1","0.0","3.5","65.4","15.2","34.6","15.2","56","47","2.38","0.45","56","47","2.38","0.45","20","33","0.0","75.8","0.0","75.8","100.0","75.8","56","47","35.7","53.0","100.0","45.3","(X)","(X)","(X)","(X)","(X)","(X)","100.0","45.3","0.0","45.3","0.0","45.3","100.0","45.3","0.0","45.3","218","103","2.70","0.53","218","103","2.56","0.43","0","19","-","**","-","**","-","**","218","103","8.3","13.1","79.4","22.5","(X)","(X)","(X)","(X)","(X)","(X)","93.1","11.6","6.9","11.6","0.0","17.6","86.7","14.4","13.3","14.4","1465","275","1.19","0.08","(X)","(X)","(X)","(X)","(X)","(X)","(X)","(X)","(X)","(X)","(X)","(X)","1465","275","0.0","2.9","79.0","10.5","74.4","10.5","81.0","8.9","65.5","11.0","90.3","5.4","9.7","5.4","0.0","2.9","61.0","12.2","39.0","12.2",
"1400000US06111005305","Census Tract 53.05; Ventura County; California","1855","153","2.95","0.15","1580","168","3.08","0.13","438","147","17.8","19.2","6.6","6.3","75.6","19.2","1855","153","26.4","7.1","65.1","7.4","47.4","6.4","11.2","4.1","7.7","3.6","99.0","1.6","0.0","2.3","1.0","1.6","92.5","4.0","7.5","4.0","1421","161","3.18","0.16","1421","161","3.09","0.15","383","129","20.4","21.2","7.6","7.2","72.1","20.8","1421","161","28.1","7.7","64.3","8.6","(X)","(X)","(X)","(X)","(X)","(X)","98.7","2.1","0.0","2.9","1.3","2.1","97.7","2.3","2.3","2.3","30","28","4.67","1.38","30","28","2.93","1.17","0","19","-","**","-","**","-","**","30","28","76.7","40.3","100.0","61.9","(X)","(X)","(X)","(X)","(X)","(X)","100.0","61.9","0.0","61.9","0.0","61.9","56.7","51.5","43.3","51.5","129","77","3.29","0.59","129","77","2.99","0.53","55","62","0.0","45.7","0.0","45.7","100.0","45.7","129","77","51.2","28.4","51.9","30.0","(X)","(X)","(X)","(X)","(X)","(X)","100.0","27.4","0.0","27.4","0.0","27.4","48.8","28.4","51.2","28.4","275","100","1.41","0.25","(X)","(X)","(X)","(X)","(X)","(X)","(X)","(X)","(X)","(X)","(X)","(X)","275","100","0.0","14.3","72.0","18.6","65.8","19.6","75.3","15.5","52.0","20.6","100.0","14.3","0.0","14.3","0.0","14.3","90.2","11.2","9.8","11.2",
"1400000US06111005306","Census Tract 53.06; Ventura County; California","1813","209","2.63","0.15","1442","228","2.90","0.17","427","84","23.7","14.4","11.2","6.8","65.1","14.0","1813","209","31.7","6.5","51.8","8.5","45.6","8.1","10.9","4.5","9.3","4.4","97.6","2.5","2.4","2.5","0.0","2.3","82.7","9.3","17.3","9.3","1251","225","2.96","0.19","1251","225","2.94","0.18","412","90","24.5","14.8","11.7","7.2","63.8","14.4","1251","225","38.5","8.5","37.7","9.0","(X)","(X)","(X)","(X)","(X)","(X)","96.6","3.7","3.4","3.7","0.0","3.3","78.5","12.4","21.5","12.4","47","36","2.38","0.43","47","36","2.38","0.43","15","22","0.0","87.6","0.0","87.6","100.0","87.6","47","36","57.4","41.0","68.1","42.1","(X)","(X)","(X)","(X)","(X)","(X)","100.0","49.5","0.0","49.5","0.0","49.5","100.0","49.5","0.0","49.5","144","62","2.76","0.51","144","62","2.76","0.51","0","14","-","**","-","**","-","**","144","62","38.9","24.1","70.8","22.8","(X)","(X)","(X)","(X)","(X)","(X)","100.0","25.1","0.0","25.1","0.0","25.1","83.3","21.6","16.7","21.6","371","138","1.51","0.22","(X)","(X)","(X)","(X)","(X)","(X)","(X)","(X)","(X)","(X)","(X)","(X)","371","138","2.4","4.2","89.8","8.6","83.0","12.4","53.4","19.7","45.3","19.4","100.0","10.8","0.0","10.8","0.0","10.8","94.3","5.4","5.7","5.4",
"1400000US06111005307","Census Tract 53.07; Ventura County; California","2293","289","2.65","0.20","1808","327","2.93","0.26","858","280","42.0","20.9","7.7","7.6","50.3","19.3","2293","289","40.5","9.1","47.2","10.0","38.6","9.7","12.6","4.6","8.5","3.4","70.3","8.3","20.3","7.1","9.4","3.4","57.9","8.8","42.1","8.8","1346","207","3.02","0.21","1346","207","3.00","0.20","529","156","25.7","18.6","12.5","10.9","61.8","20.2","1346","207","41.6","9.3","42.8","7.8","(X)","(X)","(X)","(X)","(X)","(X)","77.8","9.3","13.7","8.4","8.5","5.0","72.9","10.1","27.1","10.1","41","56","4.07","1.53","41","56","3.41","2.02","27","47","0.0","65.3","0.0","65.3","100.0","65.3","41","56","100.0","53.0","34.1","57.3","(X)","(X)","(X)","(X)","(X)","(X)","34.1","57.3","65.9","57.3","0.0","53.0","34.1","57.3","65.9","57.3","421","282","2.67","0.85","421","282","2.67","0.85","302","275","74.2","36.8","0.0","13.1","25.8","36.8","421","282","77.7","23.8","71.0","28.3","(X)","(X)","(X)","(X)","(X)","(X)","81.7","23.4","18.3","23.4","0.0","9.6","27.8","26.2","72.2","26.2","485","159","1.51","0.27","(X)","(X)","(X)","(X)","(X)","(X)","(X)","(X)","(X)","(X)","(X)","(X)","485","159","0.0","8.4","40.0","16.4","40.0","16.4","59.4","18.7","40.0","16.4","42.9","14.3","36.3","14.7","20.8","12.2","44.3","16.6","55.7","16.6",
"1400000US06111005308","Census Tract 53.08; Ventura County; California","1058","218","2.80","0.36","658","141","3.47","0.31","252","115","20.2","13.6","52.0","22.5","27.8","16.5","1058","218","25.0","10.5","52.1","13.1","28.0","7.3","16.7","7.5","9.5","4.8","98.4","2.3","1.6","2.3","0.0","3.9","78.7","10.4","21.3","10.4","609","136","3.61","0.31","609","136","3.53","0.33","252","115","20.2","13.6","52.0","22.5","27.8","16.5","609","136","43.3","13.6","41.9","12.3","(X)","(X)","(X)","(X)","(X)","(X)","100.0","6.7","0.0","6.7","0.0","6.7","72.9","13.9","27.1","13.9","20","18","3.70","0.82","20","18","2.75","0.70","0","14","-","**","-","**","-","**","20","18","0.0","75.8","100.0","75.8","(X)","(X)","(X)","(X)","(X)","(X)","100.0","75.8","0.0","75.8","0.0","75.8","70.0","43.3","30.0","43.3","29","20","2.72","0.68","29","20","2.72","0.68","0","14","-","**","-","**","-","**","29","20","0.0","63.0","51.7","44.8","(X)","(X)","(X)","(X)","(X)","(X)","100.0","63.0","0.0","63.0","0.0","63.0","41.4","42.7","58.6","42.7","400","220","1.54","0.22","(X)","(X)","(X)","(X)","(X)","(X)","(X)","(X)","(X)","(X)","(X)","(X)","400","220","0.0","10.1","65.3","24.9","26.8","17.1","44.3","27.9","25.0","16.6","95.8","6.4","4.3","6.4","0.0","10.1","90.8","8.7","9.3","8.7",
"1400000US06111005401","Census Tract 54.01; Ventura County; California","1316","130","3.05","0.32","1041","150","3.43","0.31","307","83","9.1","7.6","22.8","14.5","68.1","16.3","1316","130","25.9","6.2","54.9","6.9","37.8","5.4","16.1","6.0","4.8","2.5","93.8","4.0","6.2","4.0","0.0","3.2","82.5","7.2","17.5","7.2","810","113","3.53","0.30","810","113","3.52","0.29","279","76","10.0","8.6","24.4","14.8","65.6","16.5","810","113","34.4","7.2","58.0","8.3","(X)","(X)","(X)","(X)","(X)","(X)","94.7","6.5","5.3","6.5","0.0","5.1","87.5","9.2","12.5","9.2","86","67","2.30","0.35","86","67","2.30","0.35","16","27","0.0","84.8","0.0","84.8","100.0","84.8","86","67","18.6","28.5","23.3","33.3","(X)","(X)","(X)","(X)","(X)","(X)","55.8","43.5","44.2","43.5","0.0","36.4","41.9","39.5","58.1","39.5","145","116","3.63","1.13","145","116","3.61","1.08","12","24","0.0","97.9","16.7","83.3","83.3","83.3","145","116","31.7","33.1","86.9","18.9","(X)","(X)","(X)","(X)","(X)","(X)","100.0","25.0","0.0","25.0","0.0","25.0","62.8","35.9","37.2","35.9","275","85","1.57","0.62","(X)","(X)","(X)","(X)","(X)","(X)","(X)","(X)","(X)","(X)","(X)","(X)","275","85","0.0","14.3","38.9","15.5","36.7","15.2","77.1","14.0","22.9","12.6","100.0","14.3","0.0","14.3","0.0","14.3","90.9","10.8","9.1","10.8",
"1400000US06111005403","Census Tract 54.03; Ventura County; California","1019","137","2.56","0.27","563","105","3.45","0.34","238","88","19.3","24.9","21.8","16.6","58.8","23.9","1019","137","27.3","8.8","68.9","8.7","53.1","9.7","41.7","9.5","33.3","10.2","52.3","10.0","47.7","10.0","0.0","4.1","48.3","11.2","51.7","11.2","310","95","3.86","0.62","310","95","3.73","0.62","100","47","0.0","33.1","20.0","21.0","80.0","21.0","310","95","41.6","17.7","55.8","17.9","(X)","(X)","(X)","(X)","(X)","(X)","83.9","11.9","16.1","11.9","0.0","12.8","76.1","17.5","23.9","17.5","30","28","2.33","0.59","30","28","2.10","0.35","0","14","-","**","-","**","-","**","30","28","0.0","61.9","66.7","47.7","(X)","(X)","(X)","(X)","(X)","(X)","66.7","47.7","33.3","47.7","0.0","61.9","66.7","47.7","33.3","47.7","223","99","3.56","0.43","223","99","3.26","0.37","138","91","33.3","37.8","23.2","25.0","43.5","32.7","223","99","61.9","22.2","41.7","21.3","(X)","(X)","(X)","(X)","(X)","(X)","69.5","24.9","30.5","24.9","0.0","17.3","52.0","23.0","48.0","23.0","456","132","1.20","0.21","(X)","(X)","(X)","(X)","(X)","(X)","(X)","(X)","(X)","(X)","(X)","(X)","456","132","2.4","4.5","91.2","8.0","76.8","14.5","93.2","6.2","74.3","14.5","21.5","12.3","78.5","12.3","0.0","8.9","26.3","13.3","73.7","13.3",
"1400000US06111005404","Census Tract 54.04; Ventura County; California","1261","179","3.05","0.26","941","193","3.43","0.33","391","151","7.9","8.4","9.5","10.7","82.6","13.3","1261","179","35.6","10.4","55.6","11.1","53.5","11.1","19.3","7.7","14.1","6.5","100.0","3.3","0.0","3.3","0.0","3.3","90.4","5.9","9.6","5.9","728","213","3.17","0.38","728","213","3.13","0.36","280","154","11.1","12.1","0.0","14.0","88.9","12.1","728","213","40.1","15.6","54.4","13.9","(X)","(X)","(X)","(X)","(X)","(X)","100.0","5.7","0.0","5.7","0.0","5.7","93.4","5.8","6.6","5.8","14","18","2.86","0.85","14","18","2.86","0.85","0","14","-","**","-","**","-","**","14","18","0.0","90.6","100.0","90.6","(X)","(X)","(X)","(X)","(X)","(X)","100.0","90.6","0.0","90.6","0.0","90.6","100.0","90.6","0.0","90.6","199","78","5.43","1.34","199","78","4.55","1.05","111","52","0.0","30.8","33.3","30.6","66.7","30.6","199","78","78.9","19.1","45.2","26.5","(X)","(X)","(X)","(X)","(X)","(X)","100.0","19.1","0.0","19.1","0.0","19.1","71.4","26.5","28.6","26.5","320","97","1.29","0.19","(X)","(X)","(X)","(X)","(X)","(X)","(X)","(X)","(X)","(X)","(X)","(X)","320","97","0.0","12.4","62.8","19.4","62.8","19.4","75.9","14.4","55.6","18.5","100.0","12.4","0.0","12.4","0.0","12.4","95.0","5.8","5.0","5.8",
"1400000US06111005502","Census Tract 55.02; Ventura County; California","2180","225","2.54","0.24","1337","252","3.10","0.26","728","230","38.9","19.6","11.0","11.0","50.1","20.4","2180","225","34.3","9.0","33.2","7.5","23.1","6.8","28.8","7.8","11.1","4.1","35.0","9.0","64.3","9.2","0.7","1.2","17.2","6.0","82.8","6.0","568","228","3.45","0.57","568","228","3.45","0.57","320","196","67.8","27.6","11.6","15.0","20.6","19.9","568","228","59.7","21.9","13.4","10.1","(X)","(X)","(X)","(X)","(X)","(X)","41.2","21.8","56.2","22.2","2.6","4.8","24.6","16.8","75.4","16.8","278","163","3.18","0.85","278","163","2.68","0.64","109","115","43.1","56.9","0.0","31.2","56.9","56.9","278","163","39.2","32.8","70.9","29.6","(X)","(X)","(X)","(X)","(X)","(X)","46.0","31.9","54.0","31.9","0.0","14.1","7.6","10.0","92.4","10.0","491","148","3.12","0.50","491","148","2.92","0.45","299","77","6.4","12.0","14.4","23.5","79.3","25.4","491","148","60.9","15.6","24.0","17.9","(X)","(X)","(X)","(X)","(X)","(X)","36.0","23.7","64.0","23.7","0.0","8.3","13.2","11.1","86.8","11.1","843","180","1.37","0.18","(X)","(X)","(X)","(X)","(X)","(X)","(X)","(X)","(X)","(X)","(X)","(X)","843","180","0.0","4.9","39.5","10.3","32.6","9.1","74.4","12.5","28.6","10.3","26.6","11.0","73.4","11.0","0.0","4.9","17.6","9.6","82.4","9.6",
"1400000US06111005503","Census Tract 55.03; Ventura County; California","1230","187","3.26","0.29","974","171","3.77","0.29","576","140","17.2","11.6","31.1","16.6","51.7","16.7","1230","187","48.9","8.9","39.0","7.3","33.6","7.1","18.1","6.8","15.6","6.6","86.1","7.4","13.9","7.4","0.0","3.4","47.6","8.8","52.4","8.8","930","167","3.85","0.32","930","167","3.82","0.31","560","134","14.8","10.5","32.0","17.0","53.2","16.7","930","167","61.9","10.5","22.9","5.7","(X)","(X)","(X)","(X)","(X)","(X)","95.8","5.5","4.2","5.5","0.0","4.5","48.0","10.7","52.0","10.7","25","30","3.88","0.74","25","30","3.12","1.40","16","25","100.0","84.8","0.0","84.8","0.0","84.8","25","30","100.0","67.8","36.0","62.4","(X)","(X)","(X)","(X)","(X)","(X)","100.0","67.8","0.0","67.8","0.0","67.8","36.0","62.4","64.0","62.4","19","20","2.21","0.34","19","20","2.21","0.34","0","14","-","**","-","**","-","**","19","20","0.0","77.8","57.9","57.9","(X)","(X)","(X)","(X)","(X)","(X)","100.0","77.8","0.0","77.8","0.0","77.8","100.0","77.8","0.0","77.8","256","99","1.13","0.12","(X)","(X)","(X)","(X)","(X)","(X)","(X)","(X)","(X)","(X)","(X)","(X)","256","99","0.0","15.2","96.5","6.1","87.9","10.5","87.1","11.5","75.0","15.2","48.4","19.7","51.6","19.7","0.0","15.2","43.4","18.8","56.6","18.8",
"1400000US06111005504","Census Tract 55.04; Ventura County; California","1403","154","3.00","0.34","961","139","3.78","0.34","538","141","23.4","12.8","35.7","12.8","40.9","14.6","1403","154","41.8","10.1","36.3","6.8","33.4","6.3","24.7","7.2","14.5","5.1","75.0","9.5","25.0","9.5","0.0","3.0","57.6","9.7","42.4","9.7","776","135","3.79","0.37","776","135","3.75","0.36","474","137","19.0","13.0","39.0","15.9","42.0","16.2","776","135","61.1","12.6","28.9","9.4","(X)","(X)","(X)","(X)","(X)","(X)","80.7","8.7","19.3","8.7","0.0","5.3","59.8","11.9","40.2","11.9","69","50","4.87","1.54","69","50","4.78","1.52","20","20","15.0","37.5","35.0","57.1","50.0","50.0","69","50","73.9","36.1","15.9","29.5","(X)","(X)","(X)","(X)","(X)","(X)","55.1","51.4","44.9","51.4","0.0","40.8","40.6","46.6","59.4","46.6","116","64","3.58","0.85","116","64","3.37","0.83","44","42","75.0","38.0","0.0","51.1","25.0","38.0","116","64","53.4","29.4","48.3","26.5","(X)","(X)","(X)","(X)","(X)","(X)","71.6","29.7","28.4","29.7","0.0","29.8","64.7","30.1","35.3","30.1","442","137","1.17","0.12","(X)","(X)","(X)","(X)","(X)","(X)","(X)","(X)","(X)","(X)","(X)","(X)","442","137","0.0","9.2","49.3","17.4","47.7","17.3","78.5","16.3","45.9","17.0","69.0","15.7","31.0","15.7","0.0","9.2","54.5","15.8","45.5","15.8",
"1400000US06111005601","Census Tract 56.01; Ventura County; California","2266","179","2.81","0.24","1524","187","3.39","0.33","883","181","2.5","4.2","14.0","9.9","83.5","9.7","2266","179","40.4","6.6","34.9","6.3","24.3","4.5","22.5","7.3","9.2","4.7","59.0","8.5","29.9","9.5","11.1","5.1","58.3","7.6","41.7","7.6","1086","174","3.41","0.27","1086","174","3.41","0.27","599","125","3.7","6.2","20.7","14.0","75.6","13.2","1086","174","56.2","9.7","35.6","9.7","(X)","(X)","(X)","(X)","(X)","(X)","81.3","10.8","14.3","10.0","4.4","4.9","72.7","8.0","27.3","8.0","86","69","3.00","0.82","86","69","2.80","0.61","25","39","0.0","67.8","0.0","67.8","100.0","67.8","86","69","47.7","45.0","37.2","41.1","(X)","(X)","(X)","(X)","(X)","(X)","58.1","38.2","41.9","38.2","0.0","36.4","58.1","38.2","41.9","38.2","352","173","3.90","1.21","352","173","3.47","1.08","259","162","0.0","15.1","0.0","15.1","100.0","15.1","352","173","75.3","16.8","28.7","19.1","(X)","(X)","(X)","(X)","(X)","(X)","41.5","26.0","43.2","28.2","15.3","15.8","39.5","21.8","60.5","21.8","742","165","1.39","0.22","(X)","(X)","(X)","(X)","(X)","(X)","(X)","(X)","(X)","(X)","(X)","(X)","742","165","0.0","5.6","36.5","15.7","28.2","13.7","68.6","17.0","28.2","13.7","34.8","15.7","45.0","17.9","20.2","14.0","46.4","17.0","53.6","17.0",
"1400000US06111005602","Census Tract 56.02; Ventura County; California","1845","184","2.36","0.26","1179","209","2.95","0.31","402","203","17.9","23.3","30.6","29.0","51.5","29.6","1845","184","23.5","9.9","49.8","7.5","42.5","6.4","30.0","7.7","13.1","5.4","68.8","7.1","17.5","6.7","13.7","5.4","64.7","7.7","35.3","7.7","872","186","2.92","0.41","872","186","2.92","0.41","298","166","18.1","24.1","41.3","34.1","40.6","31.9","872","186","35.6","15.4","45.6","12.9","(X)","(X)","(X)","(X)","(X)","(X)","73.1","10.1","12.4","9.0","14.6","10.3","72.2","10.9","27.8","10.9","80","85","1.88","0.20","80","85","1.88","0.20","0","19","-","**","-","**","-","**","80","85","0.0","37.9","50.0","50.0","(X)","(X)","(X)","(X)","(X)","(X)","100.0","37.9","0.0","37.9","0.0","37.9","100.0","37.9","0.0","37.9","227","131","3.92","0.77","227","131","3.48","1.01","104","99","17.3","34.5","0.0","32.2","82.7","34.5","227","131","54.2","27.0","43.2","27.6","(X)","(X)","(X)","(X)","(X)","(X)","87.2","16.1","0.0","17.0","12.8","16.1","63.0","29.0","37.0","29.0","666","180","1.16","0.09","(X)","(X)","(X)","(X)","(X)","(X)","(X)","(X)","(X)","(X)","(X)","(X)","666","180","0.0","6.2","57.4","14.0","42.9","13.5","83.0","9.9","36.2","13.1","53.3","14.3","32.3","14.1","14.4","8.5","51.1","15.3","48.9","15.3",
"1400000US06111005700","Census Tract 57; Ventura County; California","575","85","2.70","0.20","414","73","3.14","0.21","195","65","37.9","19.0","38.5","16.2","23.6","13.0","575","85","33.9","8.2","29.7","6.3","14.6","7.1","17.9","6.3","1.9","2.1","63.0","7.8","37.0","7.8","0.0","7.1","56.7","8.2","43.3","8.2","380","69","3.14","0.20","380","69","3.11","0.20","174","60","42.5","21.1","38.5","16.8","19.0","14.0","380","69","45.8","10.7","35.8","8.6","(X)","(X)","(X)","(X)","(X)","(X)","78.4","8.3","21.6","8.3","0.0","10.6","74.5","9.1","25.5","9.1","20","19","3.25","1.00","20","19","2.90","1.06","7","10","0.0","100.0","0.0","100.0","100.0","100.0","20","19","35.0","44.7","0.0","75.8","(X)","(X)","(X)","(X)","(X)","(X)","35.0","44.7","65.0","44.7","0.0","75.8","35.0","44.7","65.0","44.7","14","15","5.29","1.95","14","15","4.36","1.69","14","15","0.0","90.6","57.1","57.1","42.9","57.1","14","15","100.0","90.6","0.0","90.6","(X)","(X)","(X)","(X)","(X)","(X)","100.0","90.6","0.0","90.6","0.0","90.6","42.9","57.1","57.1","57.1","161","50","1.37","0.16","(X)","(X)","(X)","(X)","(X)","(X)","(X)","(X)","(X)","(X)","(X)","(X)","161","50","0.0","22.9","21.7","12.3","15.5","11.1","64.0","14.8","6.8","7.8","26.7","13.5","73.3","13.5","0.0","22.9","18.6","12.4","81.4","12.4",
"1400000US06111005801","Census Tract 58.01; Ventura County; California","1790","183","2.90","0.26","1410","207","3.33","0.30","601","146","15.3","10.2","5.5","5.1","79.2","11.2","1790","183","34.2","7.0","45.9","6.4","35.6","6.1","15.3","5.8","7.1","2.9","99.5","0.7","0.5","0.7","0.0","2.3","96.3","2.5","3.7","2.5","1262","209","3.39","0.32","1262","209","3.39","0.32","552","147","16.7","11.1","6.0","5.6","77.4","12.1","1262","209","44.6","9.5","43.7","9.0","(X)","(X)","(X)","(X)","(X)","(X)","99.3","1.1","0.7","1.1","0.0","3.3","97.3","2.3","2.7","2.3","67","49","2.84","0.78","67","49","2.69","0.65","20","23","0.0","75.8","0.0","75.8","100.0","75.8","67","49","29.9","32.6","70.1","32.6","(X)","(X)","(X)","(X)","(X)","(X)","100.0","41.4","0.0","41.4","0.0","41.4","100.0","41.4","0.0","41.4","81","47","2.85","0.42","81","47","2.85","0.42","29","28","0.0","63.0","0.0","63.0","100.0","63.0","81","47","35.8","27.5","40.7","27.8","(X)","(X)","(X)","(X)","(X)","(X)","100.0","37.7","0.0","37.7","0.0","37.7","100.0","37.7","0.0","37.7","380","118","1.29","0.15","(X)","(X)","(X)","(X)","(X)","(X)","(X)","(X)","(X)","(X)","(X)","(X)","380","118","0.0","10.6","50.0","15.6","42.4","14.4","71.8","14.1","33.4","11.8","100.0","10.6","0.0","10.6","0.0","10.6","91.6","9.1","8.4","9.1",
"1400000US06111005803","Census Tract 58.03; Ventura County; California","1380","219","2.51","0.20","1027","229","2.92","0.16","531","207","6.6","6.1","18.3","13.3","75.1","14.2","1380","219","38.5","10.7","55.4","9.8","42.0","9.1","20.1","9.2","16.2","8.5","75.0","12.0","8.5","12.4","16.5","6.0","80.5","12.1","19.5","12.1","918","226","2.94","0.15","918","226","2.92","0.15","474","205","7.4","6.8","15.0","12.7","77.6","15.2","918","226","51.6","12.1","42.6","10.7","(X)","(X)","(X)","(X)","(X)","(X)","80.9","17.2","12.7","17.8","6.3","4.4","79.1","17.0","20.9","17.0","50","46","3.18","1.29","50","46","3.18","1.29","34","40","0.0","58.2","76.5","54.6","23.5","54.6","50","46","68.0","46.8","48.0","52.0","(X)","(X)","(X)","(X)","(X)","(X)","100.0","48.0","0.0","48.0","0.0","48.0","16.0","33.2","84.0","33.2","59","40","2.75","0.72","59","40","2.63","0.55","23","26","0.0","70.7","0.0","70.7","100.0","70.7","59","40","39.0","34.1","61.0","34.1","(X)","(X)","(X)","(X)","(X)","(X)","66.1","35.3","0.0","44.2","33.9","35.3","89.8","19.7","10.2","19.7","353","150","1.28","0.22","(X)","(X)","(X)","(X)","(X)","(X)","(X)","(X)","(X)","(X)","(X)","(X)","353","150","0.0","11.3","89.0","11.5","69.4","20.0","78.5","15.2","63.2","21.0","57.5","21.1","0.0","11.3","42.5","21.1","91.8","9.5","8.2","9.5",
"1400000US06111005804","Census Tract 58.04; Ventura County; California","1621","203","2.99","0.21","1316","217","3.31","0.28","605","122","3.3","4.2","16.2","11.3","80.5","11.0","1621","203","39.7","7.6","39.1","7.7","24.2","5.9","12.0","4.6","5.7","3.2","92.4","4.0","7.6","4.0","0.0","2.6","83.9","6.2","16.1","6.2","1129","219","3.40","0.32","1129","219","3.40","0.32","528","109","3.8","4.7","16.9","13.0","79.4","12.6","1129","219","46.8","9.3","34.1","8.7","(X)","(X)","(X)","(X)","(X)","(X)","99.1","1.5","0.9","1.5","0.0","3.7","91.1","5.5","8.9","5.5","75","77","2.85","0.76","75","77","2.72","0.57","9","17","0.0","100.0","100.0","100.0","0.0","100.0","75","77","12.0","26.4","26.7","46.0","(X)","(X)","(X)","(X)","(X)","(X)","100.0","39.2","0.0","39.2","0.0","39.2","38.7","51.3","61.3","51.3","112","71","2.74","0.44","112","71","2.74","0.44","68","57","0.0","41.1","0.0","41.1","100.0","41.1","112","71","70.5","31.6","32.1","33.4","(X)","(X)","(X)","(X)","(X)","(X)","71.4","37.4","28.6","37.4","0.0","30.6","71.4","37.4","28.6","37.4","305","91","1.58","0.46","(X)","(X)","(X)","(X)","(X)","(X)","(X)","(X)","(X)","(X)","(X)","(X)","305","91","8.9","12.7","63.3","14.8","48.5","17.2","63.9","19.6","30.5","16.0","73.1","14.4","26.9","14.4","0.0","13.0","73.1","14.2","26.9","14.2",
"1400000US06111005901","Census Tract 59.01; Ventura County; California","2218","238","2.42","0.18","1547","250","2.92","0.20","488","124","29.5","13.3","17.6","11.3","52.9","14.3","2218","238","22.5","5.8","62.3","7.0","55.0","7.5","25.8","7.9","15.8","7.5","99.3","1.1","0.7","1.1","0.0","1.9","86.7","6.2","13.3","6.2","1375","250","2.99","0.24","1375","250","2.94","0.23","429","116","28.7","14.1","18.2","12.1","53.1","15.3","1375","250","31.2","8.8","58.8","10.4","(X)","(X)","(X)","(X)","(X)","(X)","100.0","3.0","0.0","3.0","0.0","3.0","90.6","6.2","9.4","6.2","30","36","3.60","1.23","30","36","3.60","1.23","18","28","0.0","79.9","0.0","79.9","100.0","79.9","30","36","100.0","61.9","100.0","61.9","(X)","(X)","(X)","(X)","(X)","(X)","100.0","61.9","0.0","61.9","0.0","61.9","100.0","61.9","0.0","61.9","142","78","2.64","0.34","142","78","2.64","0.34","41","39","51.2","51.2","19.5","39.0","29.3","47.2","142","78","28.9","26.5","56.3","31.2","(X)","(X)","(X)","(X)","(X)","(X)","100.0","25.4","0.0","25.4","0.0","25.4","71.1","26.5","28.9","26.5","671","206","1.14","0.11","(X)","(X)","(X)","(X)","(X)","(X)","(X)","(X)","(X)","(X)","(X)","(X)","671","206","0.0","6.1","69.0","15.8","62.0","18.6","85.2","11.6","52.3","18.5","97.8","3.7","2.2","3.7","0.0","6.1","81.5","15.2","18.5","15.2",
"1400000US06111005906","Census Tract 59.06; Ventura County; California","2273","224","2.84","0.28","1711","292","3.33","0.28","833","189","12.0","6.5","19.9","11.7","68.1","12.7","2273","224","39.5","7.9","42.5","7.5","29.8","6.1","22.8","9.3","5.2","3.5","67.3","6.2","32.2","6.2","0.5","0.9","57.5","7.2","42.5","7.2","1507","266","3.44","0.28","1507","266","3.40","0.28","782","181","12.8","6.9","21.2","12.1","66.0","12.8","1507","266","52.8","8.7","39.7","9.5","(X)","(X)","(X)","(X)","(X)","(X)","79.6","9.7","19.6","9.8","0.7","1.3","70.1","10.9","29.9","10.9","19","35","4.47","0.49","19","35","4.47","0.49","19","35","0.0","77.8","0.0","77.8","100.0","77.8","19","35","100.0","77.8","100.0","77.8","(X)","(X)","(X)","(X)","(X)","(X)","0.0","77.8","100.0","77.8","0.0","77.8","0.0","77.8","100.0","77.8","185","130","2.63","0.77","185","130","2.63","0.77","32","42","0.0","59.9","0.0","59.9","100.0","59.9","185","130","44.9","27.3","91.9","14.4","(X)","(X)","(X)","(X)","(X)","(X)","100.0","20.4","0.0","20.4","0.0","20.4","82.7","22.5","17.3","22.5","562","223","1.21","0.25","(X)","(X)","(X)","(X)","(X)","(X)","(X)","(X)","(X)","(X)","(X)","(X)","562","223","0.0","7.3","31.9","14.0","26.5","13.8","92.2","6.5","21.0","13.5","25.8","13.1","74.2","13.1","0.0","7.3","17.6","9.9","82.4","9.9",
"1400000US06111005907","Census Tract 59.07; Ventura County; California","1631","202","1.85","0.14","803","155","2.52","0.15","189","50","4.8","8.3","15.9","13.6","79.4","14.6","1631","202","11.6","3.2","67.4","6.8","64.2","6.4","44.5","8.7","24.4","6.7","92.0","5.1","7.5","5.0","0.5","0.8","68.6","8.7","31.4","8.7","572","137","2.61","0.19","572","137","2.61","0.19","104","41","8.7","15.3","28.8","24.1","62.5","25.8","572","137","18.2","7.3","74.7","9.0","(X)","(X)","(X)","(X)","(X)","(X)","93.9","6.4","6.1","6.4","0.0","7.2","70.1","12.8","29.9","12.8","36","31","2.53","0.61","36","31","2.53","0.61","15","27","0.0","87.6","0.0","87.6","100.0","87.6","36","31","41.7","54.6","100.0","56.5","(X)","(X)","(X)","(X)","(X)","(X)","77.8","39.0","0.0","56.5","22.2","39.0","55.6","52.3","44.4","52.3","195","112","2.50","0.36","195","112","2.27","0.22","70","48","0.0","40.5","0.0","40.5","100.0","40.5","195","112","35.9","26.6","57.4","28.2","(X)","(X)","(X)","(X)","(X)","(X)","93.8","10.1","6.2","10.1","0.0","19.4","79.0","22.4","21.0","22.4","828","188","1.14","0.08","(X)","(X)","(X)","(X)","(X)","(X)","(X)","(X)","(X)","(X)","(X)","(X)","828","188","0.0","5.0","63.4","11.0","58.7","10.1","87.7","6.9","48.1","10.8","90.8","8.2","9.2","8.2","0.0","5.0","65.7","11.3","34.3","11.3",
"1400000US06111005908","Census Tract 59.08; Ventura County; California","976","107","2.79","0.21","679","123","3.22","0.25","244","101","43.4","27.5","10.2","9.1","46.3","23.6","976","107","26.9","8.2","52.2","6.7","34.4","5.0","19.0","6.5","9.9","4.0","85.3","10.0","12.5","9.7","2.2","1.8","76.5","8.8","23.5","8.8","577","123","3.36","0.27","577","123","3.26","0.28","229","102","46.3","28.2","8.7","8.9","45.0","24.3","577","123","41.6","10.9","52.5","10.1","(X)","(X)","(X)","(X)","(X)","(X)","84.6","15.0","15.4","15.0","0.0","7.1","77.1","13.2","22.9","13.2","33","22","3.85","0.87","33","22","3.06","0.58","5","8","0.0","100.0","0.0","100.0","100.0","100.0","33","22","15.2","27.8","21.2","31.7","(X)","(X)","(X)","(X)","(X)","(X)","72.7","34.1","27.3","34.1","0.0","59.0","72.7","34.1","27.3","34.1","69","33","3.07","0.79","69","33","2.90","0.65","10","13","0.0","100.0","50.0","50.0","50.0","50.0","69","33","26.1","23.6","73.9","18.2","(X)","(X)","(X)","(X)","(X)","(X)","100.0","40.8","0.0","40.8","0.0","40.8","89.9","15.1","10.1","15.1","297","69","1.49","0.22","(X)","(X)","(X)","(X)","(X)","(X)","(X)","(X)","(X)","(X)","(X)","(X)","297","69","0.0","13.3","49.8","13.8","39.7","12.6","62.3","16.9","32.7","11.7","84.8","9.5","8.1","8.0","7.1","5.9","72.7","12.4","27.3","12.4",
"1400000US06111005909","Census Tract 59.09; Ventura County; California","1532","146","2.68","0.22","952","150","3.40","0.30","408","133","40.0","17.6","15.0","9.8","45.1","17.3","1532","146","30.9","6.8","54.2","6.5","44.5","6.7","25.1","7.1","16.1","5.5","72.5","7.2","3.3","2.9","24.2","7.0","76.8","7.4","23.2","7.4","777","161","3.51","0.35","777","161","3.49","0.35","394","131","41.4","17.8","15.5","10.2","43.1","17.7","777","161","55.7","10.0","45.6","10.6","(X)","(X)","(X)","(X)","(X)","(X)","85.2","9.9","1.8","2.9","13.0","9.5","79.0","10.3","21.0","10.3","52","40","4.58","1.13","52","40","3.79","0.42","0","14","-","**","-","**","-","**","52","40","51.9","40.1","51.9","40.1","(X)","(X)","(X)","(X)","(X)","(X)","51.9","40.1","23.1","32.8","25.0","36.8","100.0","47.0","0.0","47.0","123","64","2.66","0.21","123","64","2.66","0.21","14","20","0.0","90.6","0.0","90.6","100.0","90.6","123","64","11.4","17.1","88.6","17.1","(X)","(X)","(X)","(X)","(X)","(X)","74.0","24.0","7.3","11.8","18.7","21.1","76.4","24.0","23.6","24.0","580","98","1.40","0.16","(X)","(X)","(X)","(X)","(X)","(X)","(X)","(X)","(X)","(X)","(X)","(X)","580","98","0.0","7.1","58.6","13.4","44.0","11.8","66.2","13.8","42.4","11.7","56.9","12.5","2.8","4.3","40.3","11.7","71.9","12.9","28.1","12.9",
"1400000US06111005910","Census Tract 59.10; Ventura County; California","652","89","2.80","0.17","568","96","2.95","0.20","182","46","14.3","9.4","0.0","20.6","85.7","9.4","652","89","31.3","6.8","60.9","8.5","43.7","8.8","7.5","4.9","2.0","2.0","98.3","2.1","0.5","1.2","1.2","1.6","92.0","5.6","8.0","5.6","462","100","2.94","0.22","462","100","2.94","0.22","157","48","12.1","9.2","0.0","23.4","87.9","9.2","462","100","35.7","9.4","61.0","10.1","(X)","(X)","(X)","(X)","(X)","(X)","98.9","2.1","0.6","1.7","0.4","1.0","97.0","3.2","3.0","3.2","45","34","2.47","0.43","45","34","2.47","0.43","7","10","0.0","100.0","0.0","100.0","100.0","100.0","45","34","15.6","29.4","33.3","45.6","(X)","(X)","(X)","(X)","(X)","(X)","100.0","50.6","0.0","50.6","0.0","50.6","15.6","29.4","84.4","29.4","61","35","3.39","0.91","61","35","3.33","0.92","18","16","38.9","47.7","0.0","79.9","61.1","47.7","61","35","52.5","29.2","67.2","29.6","(X)","(X)","(X)","(X)","(X)","(X)","100.0","43.4","0.0","43.4","0.0","43.4","100.0","43.4","0.0","43.4","84","29","1.75","0.65","(X)","(X)","(X)","(X)","(X)","(X)","(X)","(X)","(X)","(X)","(X)","(X)","84","29","0.0","36.9","70.2","29.9","57.1","28.6","58.3","27.2","15.5","15.2","92.9","10.3","0.0","36.9","7.1","10.3","100.0","36.9","0.0","36.9",
"1400000US06111005911","Census Tract 59.11; Ventura County; California","1617","190","2.22","0.19","905","141","2.99","0.22","316","79","36.1","19.6","15.8","10.8","48.1","17.3","1617","190","19.5","5.9","51.9","8.0","44.3","7.8","32.7","8.8","17.1","5.3","83.9","8.3","16.0","8.2","0.1","0.5","69.2","8.9","30.8","8.9","733","106","3.17","0.21","733","106","3.17","0.21","306","74","37.3","20.4","16.3","11.1","46.4","17.9","733","106","41.7","8.0","43.0","7.7","(X)","(X)","(X)","(X)","(X)","(X)","89.1","7.2","10.9","7.2","0.0","5.6","80.4","7.8","19.6","7.8","111","133","2.06","0.19","111","133","2.06","0.19","0","14","-","**","-","**","-","**","111","133","0.0","30.8","100.0","30.8","(X)","(X)","(X)","(X)","(X)","(X)","100.0","30.8","0.0","30.8","0.0","30.8","69.4","56.6","30.6","56.6","61","50","2.56","0.58","61","50","2.56","0.58","10","18","0.0","100.0","0.0","100.0","100.0","100.0","61","50","16.4","30.0","65.6","33.8","(X)","(X)","(X)","(X)","(X)","(X)","100.0","43.4","0.0","43.4","0.0","43.4","83.6","30.0","16.4","30.0","712","191","1.23","0.13","(X)","(X)","(X)","(X)","(X)","(X)","(X)","(X)","(X)","(X)","(X)","(X)","712","191","0.0","5.8","52.5","15.3","46.2","14.7","74.3","14.2","38.9","13.7","74.7","16.2","25.0","16.1","0.3","1.0","56.5","14.8","43.5","14.8",
"1400000US06111006000","Census Tract 60; Ventura County; California","1478","170","3.32","0.28","1205","168","3.57","0.23","584","146","31.0","14.4","17.5","12.0","51.5","17.6","1478","170","42.6","7.6","42.2","9.1","27.9","5.3","15.0","8.8","8.5","5.3","93.7","7.4","1.6","1.9","4.7","7.1","79.1","9.6","20.9","9.6","1031","159","3.72","0.24","1031","159","3.67","0.23","551","143","29.9","14.0","18.5","12.8","51.5","18.2","1031","159","57.8","8.7","41.1","10.9","(X)","(X)","(X)","(X)","(X)","(X)","98.4","2.5","1.6","2.5","0.0","4.0","80.8","11.8","19.2","11.8","110","80","2.84","1.17","110","80","2.76","1.06","27","32","59.3","57.4","0.0","65.3","40.7","57.4","110","80","24.5","28.1","34.5","33.4","(X)","(X)","(X)","(X)","(X)","(X)","100.0","31.0","0.0","31.0","0.0","31.0","84.5","24.7","15.5","24.7","64","57","3.44","0.66","64","57","3.44","0.66","6","12","0.0","100.0","0.0","100.0","100.0","100.0","64","57","9.4","17.9","40.6","35.5","(X)","(X)","(X)","(X)","(X)","(X)","90.6","17.9","9.4","17.9","0.0","42.4","67.2","35.2","32.8","35.2","273","155","1.99","1.20","(X)","(X)","(X)","(X)","(X)","(X)","(X)","(X)","(X)","(X)","(X)","(X)","273","155","0.0","14.4","49.5","28.3","46.2","27.2","81.0","22.0","46.2","27.2","74.4","33.1","0.0","14.4","25.6","33.1","73.3","32.7","26.7","32.7",
"1400000US06111006101","Census Tract 61.01; Ventura County; California","1344","180","3.17","0.46","1113","188","3.55","0.46","517","167","22.6","12.3","16.6","14.8","60.7","17.9","1344","180","41.8","10.1","54.2","10.5","33.4","9.3","15.9","7.9","6.0","5.4","73.7","7.9","24.6","8.0","1.7","2.5","57.3","10.6","42.7","10.6","889","196","3.60","0.50","889","196","3.60","0.50","473","165","18.2","13.4","18.2","16.4","63.6","19.5","889","196","53.2","11.7","56.8","14.8","(X)","(X)","(X)","(X)","(X)","(X)","86.5","7.3","13.5","7.3","0.0","4.7","69.9","14.2","30.1","14.2","74","63","2.86","0.37","74","63","2.58","0.64","23","38","100.0","70.7","0.0","70.7","0.0","70.7","74","63","31.1","43.0","32.4","38.7","(X)","(X)","(X)","(X)","(X)","(X)","32.4","38.7","67.6","38.7","0.0","39.4","32.4","38.7","67.6","38.7","150","86","4.02","1.26","150","86","3.75","0.97","21","24","38.1","57.3","0.0","74.0","61.9","57.3","150","86","44.0","30.7","38.0","28.6","(X)","(X)","(X)","(X)","(X)","(X)","75.3","25.0","24.7","25.0","0.0","24.3","32.0","26.7","68.0","26.7","231","111","1.07","0.09","(X)","(X)","(X)","(X)","(X)","(X)","(X)","(X)","(X)","(X)","(X)","(X)","231","111","0.0","16.7","61.5","23.1","38.1","26.9","92.6","8.4","34.6","27.0","36.8","24.4","53.2","26.1","10.0","14.6","33.3","23.7","66.7","23.7",
"1400000US06111006102","Census Tract 61.02; Ventura County; California","1368","160","3.30","0.35","1004","152","3.91","0.45","453","100","37.3","18.6","0.0","8.9","62.7","18.6","1368","160","46.1","10.1","27.4","9.0","18.9","8.3","20.2","7.8","3.9","3.7","32.0","9.6","68.0","9.6","0.0","3.1","21.1","7.7","78.9","7.7","599","122","3.90","0.33","599","122","3.90","0.33","386","115","40.4","22.1","0.0","10.4","59.6","22.1","599","122","74.1","14.0","15.7","10.7","(X)","(X)","(X)","(X)","(X)","(X)","25.5","13.5","74.5","13.5","0.0","6.8","28.4","13.7","71.6","13.7","156","94","4.67","1.48","156","94","4.08","1.63","43","56","0.0","51.7","0.0","51.7","100.0","51.7","156","94","55.8","28.6","18.6","22.7","(X)","(X)","(X)","(X)","(X)","(X)","21.8","24.4","78.2","24.4","0.0","23.5","31.4","30.2","68.6","30.2","249","148","3.93","1.20","249","148","3.81","1.25","24","20","54.2","54.2","0.0","69.2","45.8","54.2","249","148","40.2","35.1","71.9","26.1","(X)","(X)","(X)","(X)","(X)","(X)","88.8","14.6","11.2","14.6","0.0","15.6","20.1","19.8","79.9","19.8","364","123","1.28","0.22","(X)","(X)","(X)","(X)","(X)","(X)","(X)","(X)","(X)","(X)","(X)","(X)","364","123","0.0","11.0","20.1","15.7","16.8","13.8","76.1","18.7","14.6","13.2","8.2","10.2","91.8","10.2","0.0","11.0","5.5","6.1","94.5","6.1",
"1400000US06111006200","Census Tract 62; Ventura County; California","1050","131","2.79","0.38","849","150","3.14","0.32","312","121","22.1","28.5","13.5","11.9","64.4","26.2","1050","131","29.7","9.0","71.4","6.0","47.4","7.7","16.4","9.0","8.7","6.3","100.0","4.0","0.0","4.0","0.0","4.0","98.1","1.9","1.9","1.9","820","150","3.16","0.32","820","150","3.15","0.32","306","121","22.5","28.9","13.7","12.3","63.7","26.5","820","150","37.3","10.1","63.8","8.1","(X)","(X)","(X)","(X)","(X)","(X)","100.0","5.0","0.0","5.0","0.0","5.0","97.9","2.5","2.1","2.5","0","14","-","**","0","14","-","**","0","14","-","**","-","**","-","**","0","14","-","**","-","**","(X)","(X)","(X)","(X)","(X)","(X)","-","**","-","**","-","**","-","**","-","**","29","26","3.00","0.59","29","26","2.69","0.74","6","11","0.0","100.0","0.0","100.0","100.0","100.0","29","26","20.7","37.8","89.7","21.0","(X)","(X)","(X)","(X)","(X)","(X)","100.0","63.0","0.0","63.0","0.0","63.0","89.7","21.0","10.3","21.0","201","95","1.25","0.28","(X)","(X)","(X)","(X)","(X)","(X)","(X)","(X)","(X)","(X)","(X)","(X)","201","95","0.0","18.9","100.0","18.9","56.2","28.0","85.6","14.8","45.3","27.0","100.0","18.9","0.0","18.9","0.0","18.9","100.0","18.9","0.0","18.9",
"1400000US06111006301","Census Tract 63.01; Ventura County; California","2575","433","2.30","0.22","1700","387","2.84","0.27","506","157","10.3","8.5","2.8","5.2","87.0","10.3","2575","433","20.6","6.5","61.2","10.5","48.3","9.4","30.6","10.2","25.4","9.8","74.4","9.6","25.6","9.6","0.0","1.6","75.7","9.4","24.3","9.4","1229","158","3.07","0.24","1229","158","3.04","0.24","400","136","13.0","10.6","3.5","6.4","83.5","12.6","1229","158","32.5","9.5","52.7","11.2","(X)","(X)","(X)","(X)","(X)","(X)","85.5","7.6","14.5","7.6","0.0","3.4","82.5","8.2","17.5","8.2","323","348","2.23","0.32","323","348","2.17","0.25","32","51","0.0","59.9","0.0","59.9","100.0","59.9","323","348","9.9","20.7","17.3","34.3","(X)","(X)","(X)","(X)","(X)","(X)","100.0","12.3","0.0","12.3","0.0","12.3","95.4","10.8","4.6","10.8","148","75","2.81","0.59","148","75","2.74","0.52","74","66","0.0","39.4","0.0","39.4","100.0","39.4","148","75","60.1","33.5","75.7","26.4","(X)","(X)","(X)","(X)","(X)","(X)","100.0","24.6","0.0","24.6","0.0","24.6","100.0","24.6","0.0","24.6","875","303","1.17","0.17","(X)","(X)","(X)","(X)","(X)","(X)","(X)","(X)","(X)","(X)","(X)","(X)","875","303","1.1","2.7","87.0","10.6","82.3","12.0","90.1","8.5","74.9","14.1","45.0","18.1","55.0","18.1","0.0","4.7","54.6","19.3","45.4","19.3",
"1400000US06111006302","Census Tract 63.02; Ventura County; California","726","65","2.63","0.16","547","55","2.98","0.17","171","38","15.2","12.1","24.0","16.1","60.8","18.1","726","65","23.6","5.1","54.4","6.8","42.8","4.9","16.1","5.6","6.3","2.8","77.8","6.1","22.2","6.1","0.0","5.7","71.2","6.9","28.8","6.9","415","71","3.00","0.23","415","71","2.96","0.22","128","41","20.3","15.4","18.0","17.6","61.7","21.5","415","71","30.8","9.0","59.0","10.3","(X)","(X)","(X)","(X)","(X)","(X)","90.6","8.9","9.4","8.9","0.0","9.7","83.4","10.7","16.6","10.7","33","25","3.15","0.66","33","25","2.94","0.61","24","22","0.0","69.2","50.0","50.0","50.0","50.0","33","25","72.7","36.8","42.4","38.0","(X)","(X)","(X)","(X)","(X)","(X)","63.6","42.1","36.4","42.1","0.0","59.0","27.3","36.8","72.7","36.8","99","44","3.11","0.54","99","44","3.04","0.52","19","17","0.0","77.8","31.6","47.7","68.4","47.7","99","44","19.2","16.5","78.8","14.4","(X)","(X)","(X)","(X)","(X)","(X)","71.7","21.9","28.3","21.9","0.0","33.3","71.7","21.9","28.3","21.9","179","57","1.40","0.20","(X)","(X)","(X)","(X)","(X)","(X)","(X)","(X)","(X)","(X)","(X)","(X)","179","57","0.0","20.9","32.4","14.1","25.7","11.5","65.4","16.7","25.7","11.5","54.2","15.6","45.8","15.6","0.0","20.9","50.8","17.0","49.2","17.0",
"1400000US06111006400","Census Tract 64; Ventura County; California","2597","303","2.49","0.22","1672","339","3.22","0.31","544","124","32.4","13.6","14.3","11.2","53.3","15.6","2597","303","23.6","5.2","60.8","8.1","47.9","8.0","31.3","9.2","16.5","7.2","100.0","1.6","0.0","1.6","0.0","1.6","88.9","6.3","11.1","6.3","1524","336","3.27","0.35","1524","336","3.23","0.34","540","124","32.6","13.6","14.4","11.3","53.0","15.5","1524","336","40.0","10.3","61.2","11.1","(X)","(X)","(X)","(X)","(X)","(X)","100.0","2.7","0.0","2.7","0.0","2.7","91.9","6.2","8.1","6.2","55","50","2.71","0.73","55","50","2.71","0.73","0","19","-","**","-","**","-","**","55","50","0.0","45.7","67.3","50.0","(X)","(X)","(X)","(X)","(X)","(X)","100.0","45.7","0.0","45.7","0.0","45.7","100.0","45.7","0.0","45.7","93","66","3.27","0.59","93","66","3.27","0.59","4","16","0.0","100.0","0.0","100.0","100.0","100.0","93","66","4.3","15.5","78.5","28.3","(X)","(X)","(X)","(X)","(X)","(X)","100.0","34.7","0.0","34.7","0.0","34.7","100.0","34.7","0.0","34.7","925","242","1.12","0.11","(X)","(X)","(X)","(X)","(X)","(X)","(X)","(X)","(X)","(X)","(X)","(X)","925","242","0.0","4.5","57.9","14.7","54.5","14.7","87.9","10.6","46.4","15.2","100.0","4.5","0.0","4.5","0.0","4.5","82.3","13.4","17.7","13.4",
"1400000US06111006500","Census Tract 65; Ventura County; California","1098","155","3.37","0.45","851","138","3.84","0.31","215","76","17.2","23.3","11.2","12.2","71.6","27.7","1098","155","31.3","8.7","48.7","9.3","34.3","9.5","20.0","11.1","1.6","1.8","92.3","4.7","7.7","4.7","0.0","3.8","67.5","11.6","32.5","11.6","621","137","3.72","0.41","621","137","3.69","0.41","189","76","19.6","25.5","12.7","13.8","67.7","29.9","621","137","39.6","10.9","54.3","11.2","(X)","(X)","(X)","(X)","(X)","(X)","100.0","6.6","0.0","6.6","0.0","6.6","76.3","13.9","23.7","13.9","62","34","4.76","1.86","62","34","4.37","1.72","0","14","-","**","-","**","-","**","62","34","41.9","35.6","67.7","33.2","(X)","(X)","(X)","(X)","(X)","(X)","100.0","43.1","0.0","43.1","0.0","43.1","87.1","18.4","12.9","18.4","168","68","4.77","1.43","168","68","4.23","0.94","26","29","0.0","66.5","0.0","66.5","100.0","66.5","168","68","42.9","26.8","60.7","28.1","(X)","(X)","(X)","(X)","(X)","(X)","67.3","25.7","32.7","25.7","0.0","22.1","48.8","27.3","51.2","27.3","247","137","1.18","0.21","(X)","(X)","(X)","(X)","(X)","(X)","(X)","(X)","(X)","(X)","(X)","(X)","247","137","0.0","15.8","21.9","18.2","14.6","12.8","89.1","11.4","7.3","8.4","88.3","14.3","11.7","14.3","0.0","15.8","53.0","34.8","47.0","34.8",
"1400000US06111006600","Census Tract 66; Ventura County; California","1295","180","3.21","0.33","1100","176","3.25","0.32","321","109","14.0","11.8","25.5","21.6","60.4","20.3","1295","180","26.5","7.7","52.1","8.3","43.2","7.7","10.1","3.7","6.7","3.1","100.0","3.2","0.0","3.2","0.0","3.2","84.2","8.4","15.8","8.4","960","175","3.36","0.36","960","175","3.30","0.36","304","110","11.5","11.5","27.0","22.3","61.5","21.9","960","175","32.6","9.8","49.2","9.7","(X)","(X)","(X)","(X)","(X)","(X)","100.0","4.3","0.0","4.3","0.0","4.3","87.5","10.1","12.5","10.1","58","44","3.95","0.61","58","44","2.83","0.45","0","14","-","**","-","**","-","**","58","44","0.0","44.5","100.0","44.5","(X)","(X)","(X)","(X)","(X)","(X)","100.0","44.5","0.0","44.5","0.0","44.5","37.9","41.9","62.1","41.9","82","44","3.16","0.62","82","44","2.95","0.58","17","19","58.8","58.8","0.0","82.3","41.2","58.8","82","44","36.6","24.9","36.6","23.3","(X)","(X)","(X)","(X)","(X)","(X)","100.0","37.4","0.0","37.4","0.0","37.4","89.0","17.9","11.0","17.9","195","60","2.25","1.13","(X)","(X)","(X)","(X)","(X)","(X)","(X)","(X)","(X)","(X)","(X)","(X)","195","60","0.0","19.4","59.0","18.6","53.8","19.3","67.2","17.0","44.6","16.9","100.0","19.4","0.0","19.4","0.0","19.4","80.0","17.3","20.0","17.3",
"1400000US06111006700","Census Tract 67; Ventura County; California","1094","96","2.48","0.23","732","110","3.08","0.28","298","75","7.0","7.9","12.1","15.6","80.9","16.9","1094","96","28.6","7.0","41.9","6.3","38.0","6.2","27.4","8.4","11.2","5.4","84.0","6.5","16.0","6.5","0.0","3.8","73.9","7.4","26.1","7.4","561","103","3.17","0.32","561","103","3.15","0.32","196","64","5.6","8.5","18.4","22.6","76.0","22.9","561","103","36.2","10.3","43.9","10.7","(X)","(X)","(X)","(X)","(X)","(X)","92.9","6.6","7.1","6.6","0.0","7.3","82.4","11.2","17.6","11.2","37","30","3.41","1.31","37","30","3.41","1.31","21","24","47.6","52.4","0.0","74.0","52.4","52.4","37","30","78.4","32.7","73.0","36.4","(X)","(X)","(X)","(X)","(X)","(X)","73.0","36.4","27.0","36.4","0.0","55.8","73.0","36.4","27.0","36.4","134","79","2.75","0.47","134","79","2.68","0.42","81","59","0.0","37.7","0.0","37.7","100.0","37.7","134","79","60.4","22.4","30.6","21.2","(X)","(X)","(X)","(X)","(X)","(X)","91.0","14.1","9.0","14.1","0.0","26.6","67.9","34.4","32.1","34.4","362","106","1.20","0.15","(X)","(X)","(X)","(X)","(X)","(X)","(X)","(X)","(X)","(X)","(X)","(X)","362","106","0.0","11.1","39.8","15.3","38.7","15.1","82.9","10.8","34.0","14.9","68.8","15.6","31.2","15.6","0.0","11.1","63.0","15.9","37.0","15.9",
"1400000US06111006800","Census Tract 68; Ventura County; California","1326","192","2.70","0.27","1069","194","3.02","0.24","299","76","5.7","7.5","21.7","16.7","72.6","18.7","1326","192","26.5","6.6","56.0","8.1","35.7","8.7","16.8","9.3","5.2","3.0","88.5","6.3","11.5","6.3","0.0","3.2","75.5","9.5","24.5","9.5","779","169","3.23","0.29","779","169","3.20","0.29","174","51","2.3","4.8","29.3","24.5","68.4","24.2","779","169","29.1","8.8","56.5","10.1","(X)","(X)","(X)","(X)","(X)","(X)","97.9","3.5","2.1","3.5","0.0","5.3","84.1","12.3","15.9","12.3","106","95","2.66","0.73","106","95","2.36","0.38","29","32","44.8","53.5","48.3","51.7","6.9","22.1","106","95","27.4","39.6","61.3","49.1","(X)","(X)","(X)","(X)","(X)","(X)","100.0","31.8","0.0","31.8","0.0","31.8","86.8","24.0","13.2","24.0","184","73","2.68","0.53","184","73","2.68","0.53","96","69","0.0","34.0","0.0","34.0","100.0","34.0","184","73","52.2","28.3","17.4","17.1","(X)","(X)","(X)","(X)","(X)","(X)","53.3","28.3","46.7","28.3","0.0","20.5","38.6","21.4","61.4","21.4","257","125","1.15","0.18","(X)","(X)","(X)","(X)","(X)","(X)","(X)","(X)","(X)","(X)","(X)","(X)","257","125","0.0","15.2","79.8","20.7","28.4","18.0","86.8","17.5","26.8","17.4","80.5","14.5","19.5","14.5","0.0","15.2","71.2","17.4","28.8","17.4",
"1400000US06111006900","Census Tract 69; Ventura County; California","1799","181","2.33","0.21","945","143","2.99","0.27","431","127","12.8","15.3","3.9","5.8","83.3","15.7","1799","181","27.6","6.4","45.8","7.4","34.1","5.5","38.9","7.2","17.6","5.1","45.0","7.4","55.0","7.4","0.0","2.3","43.0","7.7","57.0","7.7","704","150","2.97","0.36","704","150","2.97","0.36","331","134","16.6","19.7","5.1","7.7","78.2","20.1","704","150","48.2","14.1","33.8","11.3","(X)","(X)","(X)","(X)","(X)","(X)","62.6","12.4","37.4","12.4","0.0","5.9","52.6","14.8","47.4","14.8","113","73","3.24","0.70","113","73","2.64","0.28","38","42","0.0","55.0","0.0","55.0","100.0","55.0","113","73","61.9","25.8","64.6","30.6","(X)","(X)","(X)","(X)","(X)","(X)","65.5","28.7","34.5","28.7","0.0","30.4","37.2","25.6","62.8","25.6","128","56","4.39","1.85","128","56","3.45","0.76","62","44","0.0","43.1","0.0","43.1","100.0","43.1","128","56","62.5","22.1","25.8","17.7","(X)","(X)","(X)","(X)","(X)","(X)","33.6","21.8","66.4","21.8","0.0","27.6","20.3","20.4","79.7","20.4","854","166","1.37","0.18","(X)","(X)","(X)","(X)","(X)","(X)","(X)","(X)","(X)","(X)","(X)","(X)","854","166","0.9","1.4","56.2","14.2","43.6","11.6","81.9","7.2","37.1","11.3","29.5","11.9","70.5","11.9","0.0","4.9","39.3","12.2","60.7","12.2",
"1400000US06111007000","Census Tract 70; Ventura County; California","1697","165","2.67","0.24","1005","157","3.47","0.26","367","127","3.3","6.8","28.1","14.4","68.7","15.2","1697","165","26.3","8.3","46.1","8.6","40.0","9.0","34.6","8.1","21.0","7.8","34.8","6.8","65.2","6.8","0.0","2.5","25.4","6.2","74.6","6.2","577","129","3.77","0.46","577","129","3.48","0.33","169","71","7.1","15.1","34.9","25.0","58.0","23.4","577","129","37.1","16.5","32.2","13.5","(X)","(X)","(X)","(X)","(X)","(X)","54.4","13.5","45.6","13.5","0.0","7.1","38.1","14.0","61.9","14.0","109","95","4.22","0.90","109","95","3.92","1.12","22","28","0.0","72.3","0.0","72.3","100.0","72.3","109","95","20.2","25.0","21.1","31.5","(X)","(X)","(X)","(X)","(X)","(X)","21.1","31.5","78.9","31.5","0.0","31.2","21.1","31.5","78.9","31.5","319","166","3.38","0.70","319","166","3.29","0.71","176","127","0.0","21.3","25.0","34.5","75.0","34.5","319","166","65.8","21.9","47.6","27.5","(X)","(X)","(X)","(X)","(X)","(X)","22.9","16.8","77.1","16.8","0.0","12.5","10.3","13.5","89.7","13.5","692","155","1.18","0.12","(X)","(X)","(X)","(X)","(X)","(X)","(X)","(X)","(X)","(X)","(X)","(X)","692","155","0.0","6.0","61.0","15.0","54.6","15.0","84.8","9.7","51.6","15.3","26.2","12.3","73.8","12.3","0.0","6.0","22.4","12.0","77.6","12.0",
"1400000US06111007100","Census Tract 71; Ventura County; California","3238","389","2.22","0.22","1336","240","3.19","0.30","651","257","15.5","13.3","11.4","11.3","73.1","15.2","3238","389","21.0","8.3","41.4","10.2","35.1","9.7","42.9","8.6","20.4","8.4","32.7","10.0","58.2","9.5","9.1","5.5","39.2","10.1","60.8","10.1","567","202","3.60","0.44","567","202","3.55","0.42","345","160","19.7","17.7","21.4","19.4","58.8","17.2","567","202","63.0","14.9","27.3","16.9","(X)","(X)","(X)","(X)","(X)","(X)","36.0","15.7","61.6","15.7","2.5","3.8","38.3","21.6","61.7","21.6","150","130","4.50","0.86","150","130","2.86","0.26","0","19","-","**","-","**","-","**","150","130","0.0","24.3","40.7","38.1","(X)","(X)","(X)","(X)","(X)","(X)","65.3","34.9","34.7","34.9","0.0","24.3","22.7","29.5","77.3","29.5","619","246","3.16","0.52","619","246","2.94","0.42","306","217","10.8","21.3","0.0","12.9","89.2","21.3","619","246","52.0","24.3","31.7","25.2","(X)","(X)","(X)","(X)","(X)","(X)","47.5","19.0","48.1","18.1","4.4","5.6","48.0","20.8","52.0","20.8","1902","430","1.33","0.13","(X)","(X)","(X)","(X)","(X)","(X)","(X)","(X)","(X)","(X)","(X)","(X)","1902","430","0.0","2.2","48.8","12.9","42.3","13.7","73.1","9.5","34.8","12.8","24.4","14.1","62.3","13.8","13.3","9.2","37.9","12.8","62.1","12.8",
"1400000US06111007201","Census Tract 72.01; Ventura County; California","1246","164","3.02","0.35","1061","190","3.14","0.21","373","72","26.3","13.7","8.0","6.0","65.7","14.2","1246","164","31.9","6.6","56.6","8.8","49.7","8.0","11.8","6.4","7.1","4.2","100.0","3.3","0.0","3.3","0.0","3.3","88.9","8.6","11.1","8.6","893","163","3.14","0.24","893","163","3.14","0.24","352","69","27.8","13.9","8.5","6.4","63.6","14.4","893","163","40.9","8.8","54.2","9.8","(X)","(X)","(X)","(X)","(X)","(X)","100.0","4.6","0.0","4.6","0.0","4.6","89.7","11.0","10.3","11.0","7","13","2.14","0.53","7","13","2.14","0.53","0","14","-","**","-","**","-","**","7","13","0.0","100.0","100.0","100.0","(X)","(X)","(X)","(X)","(X)","(X)","100.0","100.0","0.0","100.0","0.0","100.0","100.0","100.0","0.0","100.0","161","128","4.48","1.40","161","128","3.22","0.54","21","22","0.0","74.0","0.0","74.0","100.0","74.0","161","128","20.5","23.2","47.8","32.7","(X)","(X)","(X)","(X)","(X)","(X)","100.0","22.9","0.0","22.9","0.0","22.9","93.2","13.1","6.8","13.1","185","80","1.23","0.17","(X)","(X)","(X)","(X)","(X)","(X)","(X)","(X)","(X)","(X)","(X)","(X)","185","80","0.0","20.4","74.1","20.4","61.6","21.0","79.5","16.0","48.1","21.2","100.0","20.4","0.0","20.4","0.0","20.4","81.1","19.8","18.9","19.8",
"1400000US06111007202","Census Tract 72.02; Ventura County; California","1641","153","2.68","0.22","1169","180","3.18","0.24","403","97","31.5","14.8","0.0","10.0","68.5","14.8","1641","153","24.6","6.3","50.1","6.8","44.4","6.8","22.5","8.3","14.9","5.9","96.1","3.2","3.3","3.0","0.6","0.9","86.1","6.0","13.9","6.0","1060","165","3.20","0.24","1060","165","3.13","0.25","351","95","36.2","16.1","0.0","11.4","63.8","16.1","1060","165","33.1","9.6","44.2","8.9","(X)","(X)","(X)","(X)","(X)","(X)","99.1","1.4","0.0","3.9","0.9","1.4","87.7","7.8","12.3","7.8","2","7","3.00","1.77","2","7","2.00","0.88","0","14","-","**","-","**","-","**","2","7","0.0","100.0","100.0","100.0","(X)","(X)","(X)","(X)","(X)","(X)","100.0","100.0","0.0","100.0","0.0","100.0","100.0","100.0","0.0","100.0","107","65","3.81","1.48","107","65","3.71","1.48","52","47","0.0","47.0","0.0","47.0","100.0","47.0","107","65","48.6","34.4","31.8","28.7","(X)","(X)","(X)","(X)","(X)","(X)","86.0","22.2","14.0","22.2","0.0","31.6","49.5","36.3","50.5","36.3","472","144","1.26","0.17","(X)","(X)","(X)","(X)","(X)","(X)","(X)","(X)","(X)","(X)","(X)","(X)","472","144","0.0","8.6","67.2","15.1","64.8","15.1","78.4","15.5","51.7","17.9","91.7","8.8","8.3","8.8","0.0","8.6","90.7","6.7","9.3","6.7",
"1400000US06111007300","Census Tract 73; Ventura County; California","829","113","2.55","0.28","574","96","2.83","0.21","161","54","29.8","19.4","4.3","6.8","65.8","18.7","829","113","20.0","6.3","65.1","9.2","44.0","8.8","19.5","6.6","6.9","3.6","77.8","9.2","19.8","8.8","2.4","2.9","83.0","7.9","17.0","7.9","454","82","2.82","0.23","454","82","2.81","0.22","106","30","45.3","25.9","6.6","10.5","48.1","23.1","454","82","23.3","7.0","67.2","10.0","(X)","(X)","(X)","(X)","(X)","(X)","83.9","9.3","12.8","7.8","3.3","4.9","87.9","7.5","12.1","7.5","23","21","3.39","0.47","23","21","2.78","0.66","17","18","0.0","82.3","0.0","82.3","100.0","82.2","23","21","73.9","41.9","26.1","41.9","(X)","(X)","(X)","(X)","(X)","(X)","100.0","70.7","0.0","70.7","0.0","70.7","100.0","70.7","0.0","70.7","97","57","4.25","1.25","97","57","2.93","0.60","38","40","0.0","55.0","0.0","55.0","100.0","55.0","97","57","44.3","33.2","60.8","33.0","(X)","(X)","(X)","(X)","(X)","(X)","61.9","33.1","38.1","33.1","0.0","33.8","87.6","14.7","12.4","14.7","255","80","1.35","0.19","(X)","(X)","(X)","(X)","(X)","(X)","(X)","(X)","(X)","(X)","(X)","(X)","255","80","0.0","15.3","66.7","21.0","28.6","13.0","63.5","19.8","22.4","12.6","71.0","19.2","27.1","19.3","2.0","3.2","71.0","17.9","29.0","17.9",
"1400000US06111007402","Census Tract 74.02; Ventura County; California","2398","271","2.42","0.20","1666","191","2.95","0.22","591","148","13.4","15.9","18.8","12.2","67.9","19.2","2398","271","24.6","6.4","52.7","6.0","44.2","5.9","25.8","7.1","12.8","5.4","89.9","5.8","10.1","5.8","0.0","1.8","95.8","3.7","4.2","3.7","1556","193","2.99","0.24","1556","193","2.99","0.24","580","147","13.6","16.2","19.1","12.4","67.2","19.4","1556","193","37.3","9.2","50.1","7.5","(X)","(X)","(X)","(X)","(X)","(X)","100.0","2.7","0.0","2.7","0.0","2.7","100.0","2.7","0.0","2.7","32","36","2.25","0.56","32","36","2.25","0.56","0","19","-","**","-","**","-","**","32","36","0.0","59.9","100.0","59.9","(X)","(X)","(X)","(X)","(X)","(X)","100.0","59.9","0.0","59.9","0.0","59.9","100.0","59.9","0.0","59.9","78","52","2.35","0.51","78","52","2.35","0.51","11","18","0.0","100.0","0.0","100.0","100.0","100.0","78","52","14.1","23.1","24.4","28.2","(X)","(X)","(X)","(X)","(X)","(X)","100.0","38.4","0.0","38.4","0.0","38.4","100.0","38.4","0.0","38.4","732","240","1.21","0.21","(X)","(X)","(X)","(X)","(X)","(X)","(X)","(X)","(X)","(X)","(X)","(X)","732","240","0.0","5.6","59.3","16.3","43.7","15.8","84.4","13.3","41.8","16.0","67.1","15.1","32.9","15.1","0.0","5.6","86.3","11.2","13.7","11.2",
"1400000US06111007403","Census Tract 74.03; Ventura County; California","2102","215","2.72","0.32","1654","246","3.10","0.31","872","252","7.1","6.9","11.6","7.8","81.3","10.3","2102","215","42.3","9.3","37.5","6.4","30.8","4.7","18.0","6.1","7.9","4.1","90.3","4.0","9.7","4.0","0.0","2.0","71.3","7.2","28.7","7.2","1359","275","3.24","0.37","1359","275","3.22","0.37","707","255","8.8","9.0","14.3","9.5","76.9","13.3","1359","275","53.3","11.6","38.3","9.1","(X)","(X)","(X)","(X)","(X)","(X)","96.5","3.5","3.5","3.5","0.0","3.1","83.9","8.7","16.1","8.7","107","87","2.63","0.58","107","87","2.41","0.59","47","53","0.0","49.5","0.0","49.5","100.0","49.5","107","87","43.9","40.9","20.6","32.7","(X)","(X)","(X)","(X)","(X)","(X)","100.0","31.6","0.0","31.6","0.0","31.6","56.1","38.5","43.9","38.5","188","93","2.61","0.37","188","93","2.61","0.37","118","69","0.0","29.4","0.0","29.4","100.0","29.4","188","93","62.8","27.7","18.1","21.3","(X)","(X)","(X)","(X)","(X)","(X)","70.2","30.9","29.8","30.9","0.0","20.1","64.9","30.5","35.1","30.5","448","143","1.21","0.17","(X)","(X)","(X)","(X)","(X)","(X)","(X)","(X)","(X)","(X)","(X)","(X)","448","143","0.0","9.0","47.1","14.4","42.0","14.8","84.4","11.9","37.3","14.3","77.7","14.0","22.3","14.0","0.0","9.0","39.3","16.0","60.7","16.0",
"1400000US06111007405","Census Tract 74.05; Ventura County; California","2237","197","2.63","0.20","1766","188","2.98","0.20","837","171","17.8","10.8","11.4","7.9","70.8","13.1","2237","197","39.1","6.6","39.0","6.5","30.0","5.6","17.5","7.1","12.9","7.0","69.8","6.5","30.2","6.5","0.0","1.9","73.6","7.3","26.4","7.3","1514","193","3.13","0.25","1514","193","3.09","0.22","730","158","18.8","11.4","13.0","8.9","68.2","13.5","1514","193","48.2","7.7","30.4","7.6","(X)","(X)","(X)","(X)","(X)","(X)","75.6","7.5","24.4","7.5","0.0","2.8","73.8","8.1","26.2","8.1","12","23","2.08","0.52","12","23","2.08","0.52","12","23","100.0","97.9","0.0","97.9","0.0","97.9","12","23","100.0","97.9","0.0","97.9","(X)","(X)","(X)","(X)","(X)","(X)","100.0","97.9","0.0","97.9","0.0","97.9","100.0","97.9","0.0","97.9","240","125","2.31","0.27","240","125","2.31","0.27","95","97","0.0","34.2","0.0","34.2","100.0","34.2","240","125","55.4","28.2","32.9","30.7","(X)","(X)","(X)","(X)","(X)","(X)","49.2","34.0","50.8","34.0","0.0","16.2","31.3","30.2","68.8","30.2","471","183","1.18","0.13","(X)","(X)","(X)","(X)","(X)","(X)","(X)","(X)","(X)","(X)","(X)","(X)","471","183","0.0","8.6","70.7","18.6","66.7","19.1","83.2","12.9","61.1","19.5","60.9","20.7","39.1","20.7","0.0","8.6","93.8","7.4","6.2","7.4",
"1400000US06111007406","Census Tract 74.06; Ventura County; California","760","67","2.84","0.18","584","65","3.25","0.19","233","47","12.4","7.5","12.9","6.5","74.7","8.8","760","67","32.6","6.4","42.4","6.7","34.2","4.7","16.3","5.8","10.3","4.8","74.5","6.0","23.3","5.9","2.2","2.0","68.4","6.8","31.6","6.8","531","69","3.21","0.20","531","69","3.21","0.20","207","41","14.0","8.6","14.5","7.5","71.5","10.5","531","69","39.0","7.1","40.3","6.9","(X)","(X)","(X)","(X)","(X)","(X)","81.0","5.6","15.8","5.2","3.2","3.0","81.4","6.2","18.6","6.2","8","13","4.25","1.01","8","13","4.25","1.01","0","14","-","**","-","**","-","**","8","13","0.0","100.0","0.0","100.0","(X)","(X)","(X)","(X)","(X)","(X)","0.0","100.0","100.0","100.0","0.0","100.0","0.0","100.0","100.0","100.0","45","28","3.98","1.06","45","28","3.62","0.75","26","24","0.0","66.5","0.0","66.5","100.0","66.5","45","28","68.9","34.1","35.6","31.7","(X)","(X)","(X)","(X)","(X)","(X)","100.0","50.6","0.0","50.6","0.0","50.6","64.4","39.1","35.6","39.1","176","63","1.38","0.23","(X)","(X)","(X)","(X)","(X)","(X)","(X)","(X)","(X)","(X)","(X)","(X)","176","63","5.7","7.5","52.3","21.2","47.2","20.2","70.5","17.9","44.3","20.3","51.7","18.4","48.3","18.4","0.0","21.3","33.5","16.3","66.5","16.3",
"1400000US06111007505","Census Tract 75.05; Ventura County; California","1040","79","3.08","0.29","717","84","3.67","0.32","243","100","0.0","16.0","22.6","19.9","77.4","19.9","1040","79","34.5","6.9","48.8","8.6","40.0","8.1","24.1","8.0","14.3","6.0","91.5","5.0","8.5","5.0","0.0","4.0","81.0","10.3","19.0","10.3","512","99","4.05","0.46","512","99","3.87","0.37","170","51","0.0","21.9","32.4","25.0","67.6","25.0","512","99","50.0","10.7","33.4","10.1","(X)","(X)","(X)","(X)","(X)","(X)","100.0","8.0","0.0","8.0","0.0","8.0","90.8","7.6","9.2","7.6","149","106","3.00","0.66","149","106","2.59","0.54","48","78","0.0","48.9","0.0","48.9","100.0","48.9","149","106","43.6","41.9","67.8","41.1","(X)","(X)","(X)","(X)","(X)","(X)","100.0","24.4","0.0","24.4","0.0","24.4","56.4","41.9","43.6","41.9","56","42","4.66","1.68","56","42","4.66","1.68","25","31","0.0","67.8","0.0","67.8","100.0","67.8","56","42","67.9","34.9","69.6","31.9","(X)","(X)","(X)","(X)","(X)","(X)","41.1","34.7","58.9","34.7","0.0","45.3","41.1","34.7","58.9","34.7","323","107","1.32","0.23","(X)","(X)","(X)","(X)","(X)","(X)","(X)","(X)","(X)","(X)","(X)","(X)","323","107","0.0","12.3","60.7","19.0","56.0","18.8","77.7","12.0","46.1","17.3","83.0","12.3","17.0","12.3","0.0","12.3","83.6","13.5","16.4","13.5",
"1400000US06111007506","Census Tract 75.06; Ventura County; California","2319","243","3.03","0.27","1817","262","3.16","0.25","737","240","17.4","17.9","2.3","4.2","80.3","17.4","2319","243","34.0","7.4","52.4","7.6","41.9","6.6","14.5","6.3","9.3","4.3","98.9","1.5","1.1","1.5","0.0","1.8","93.7","5.0","6.3","5.0","1429","285","3.35","0.29","1429","285","3.32","0.28","579","228","5.5","8.7","0.0","7.1","94.5","8.7","1429","285","44.1","10.7","50.9","10.5","(X)","(X)","(X)","(X)","(X)","(X)","100.0","2.9","0.0","2.9","0.0","2.9","95.5","6.0","4.5","6.0","175","152","2.64","0.45","175","152","2.07","0.15","96","130","100.0","34.0","0.0","34.0","0.0","34.0","175","152","54.9","54.3","45.1","54.3","(X)","(X)","(X)","(X)","(X)","(X)","100.0","21.4","0.0","21.4","0.0","21.4","100.0","21.4","0.0","21.4","213","105","3.82","1.18","213","105","2.97","0.47","62","69","0.0","43.1","27.4","41.8","72.6","41.8","213","105","29.1","27.3","19.2","18.9","(X)","(X)","(X)","(X)","(X)","(X)","100.0","18.0","0.0","18.0","0.0","18.0","84.5","18.8","15.5","18.8","502","161","1.92","0.83","(X)","(X)","(X)","(X)","(X)","(X)","(X)","(X)","(X)","(X)","(X)","(X)","502","161","0.0","8.1","73.1","24.7","58.4","21.5","66.9","22.2","42.8","18.4","95.0","7.1","5.0","7.1","0.0","8.1","90.4","14.0","9.6","14.0",
"1400000US06111007507","Census Tract 75.07; Ventura County; California","2401","314","2.94","0.28","2036","329","3.20","0.32","746","227","8.7","10.6","18.5","12.3","72.8","13.3","2401","314","33.3","9.0","46.8","7.9","32.5","5.9","13.9","5.4","8.7","4.4","98.3","1.2","1.7","1.2","0.0","1.8","95.9","3.8","4.1","3.8","1721","299","3.35","0.36","1721","299","3.35","0.36","630","202","10.3","12.2","21.9","14.2","67.8","14.6","1721","299","39.7","12.0","47.4","9.4","(X)","(X)","(X)","(X)","(X)","(X)","99.4","1.0","0.6","1.0","0.0","2.4","98.5","1.8","1.5","1.8","164","123","3.74","1.07","164","123","2.93","0.76","90","110","0.0","35.4","0.0","35.4","100.0","35.4","164","123","54.9","39.8","32.9","33.3","(X)","(X)","(X)","(X)","(X)","(X)","100.0","22.6","0.0","22.6","0.0","22.6","100.0","22.6","0.0","22.6","151","143","1.79","0.34","151","143","1.79","0.34","26","41","0.0","66.5","0.0","66.5","100.0","66.5","151","143","17.2","32.2","9.9","23.0","(X)","(X)","(X)","(X)","(X)","(X)","100.0","24.2","0.0","24.2","0.0","24.2","100.0","24.2","0.0","24.2","365","118","1.10","0.10","(X)","(X)","(X)","(X)","(X)","(X)","(X)","(X)","(X)","(X)","(X)","(X)","365","118","0.0","11.0","65.8","22.0","65.8","22.0","91.2","9.4","57.0","21.0","92.1","7.9","7.9","7.9","0.0","11.0","80.0","22.4","20.0","22.4",
"1400000US06111007508","Census Tract 75.08; Ventura County; California","1494","224","2.60","0.25","1021","241","3.11","0.32","422","123","27.7","13.2","8.1","6.6","64.2","14.2","1494","224","29.0","7.5","40.1","8.9","28.8","6.5","27.0","7.2","13.5","5.9","91.9","7.6","8.1","7.6","0.0","2.8","69.5","8.9","30.5","8.9","719","179","3.32","0.36","719","179","3.32","0.36","250","81","31.6","13.0","11.2","8.8","57.2","13.5","719","179","36.0","10.8","38.5","14.9","(X)","(X)","(X)","(X)","(X)","(X)","100.0","5.7","0.0","5.7","0.0","5.7","83.6","9.0","16.4","9.0","37","35","5.05","0.83","37","35","3.65","1.20","26","30","30.8","45.2","23.1","38.4","46.2","53.6","37","35","78.4","35.2","67.6","42.6","(X)","(X)","(X)","(X)","(X)","(X)","100.0","55.8","0.0","55.8","0.0","55.8","45.9","43.6","54.1","43.6","265","159","2.77","0.68","265","159","2.44","0.46","146","103","20.5","29.5","0.0","24.9","79.5","29.5","265","159","55.1","36.9","12.8","12.2","(X)","(X)","(X)","(X)","(X)","(X)","72.1","35.7","27.9","35.7","0.0","14.8","20.0","14.0","80.0","14.0","473","96","1.23","0.17","(X)","(X)","(X)","(X)","(X)","(X)","(X)","(X)","(X)","(X)","(X)","(X)","473","96","0.0","8.6","55.6","17.3","49.3","16.9","85.4","8.4","42.7","17.0","90.1","8.1","9.9","8.1","0.0","8.6","77.8","15.9","22.2","15.9",
"1400000US06111007509","Census Tract 75.09; Ventura County; California","1520","154","2.76","0.19","1081","173","3.14","0.24","456","87","19.1","11.9","13.8","11.4","67.1","14.1","1520","154","34.0","5.8","47.8","7.3","26.3","4.9","16.3","5.1","8.6","3.9","62.2","4.9","37.8","4.9","0.0","2.8","57.7","5.2","42.3","5.2","811","118","3.32","0.28","811","118","3.32","0.28","368","81","17.9","13.4","17.1","13.5","64.9","16.3","811","118","45.4","7.3","43.5","8.5","(X)","(X)","(X)","(X)","(X)","(X)","75.5","7.0","24.5","7.0","0.0","5.1","70.7","7.0","29.3","7.0","121","122","2.35","0.26","121","122","2.26","0.23","20","23","0.0","75.8","0.0","75.8","100.0","75.8","121","122","16.5","30.3","83.5","30.3","(X)","(X)","(X)","(X)","(X)","(X)","91.7","16.2","8.3","16.2","0.0","28.8","83.5","30.3","16.5","30.3","149","61","3.06","0.64","149","61","2.90","0.52","68","50","30.9","36.8","0.0","41.1","69.1","36.8","149","61","67.8","23.2","26.8","19.6","(X)","(X)","(X)","(X)","(X)","(X)","34.2","20.4","65.8","20.4","0.0","24.4","34.2","20.4","65.8","20.4","439","105","1.74","0.31","(X)","(X)","(X)","(X)","(X)","(X)","(X)","(X)","(X)","(X)","(X)","(X)","439","105","6.4","8.8","53.1","13.1","37.8","12.4","56.3","13.6","29.8","11.7","39.2","14.7","60.8","14.7","0.0","9.2","34.6","14.1","65.4","14.1",
"1400000US06111007510","Census Tract 75.10; Ventura County; California","1954","210","2.78","0.21","1655","242","3.10","0.25","627","95","18.3","13.3","14.2","10.4","67.5","15.9","1954","210","32.1","5.0","54.9","8.3","35.7","5.4","15.3","7.1","12.1","6.4","100.0","2.1","0.0","2.1","0.0","2.1","95.2","3.2","4.8","3.2","1614","242","3.11","0.25","1614","242","3.11","0.25","611","94","18.8","13.7","14.6","10.6","66.6","16.3","1614","242","37.9","6.5","48.4","9.4","(X)","(X)","(X)","(X)","(X)","(X)","100.0","2.6","0.0","2.6","0.0","2.6","94.2","3.9","5.8","3.9","16","25","3.00","0.65","16","25","3.00","0.65","16","25","0.0","84.8","0.0","84.8","100.0","84.8","16","25","100.0","84.8","0.0","84.8","(X)","(X)","(X)","(X)","(X)","(X)","100.0","84.8","0.0","84.8","0.0","84.8","100.0","84.8","0.0","84.8","25","37","2.12","0.15","25","37","2.12","0.15","0","19","-","**","-","**","-","**","25","37","0.0","67.8","100.0","67.8","(X)","(X)","(X)","(X)","(X)","(X)","100.0","67.8","0.0","67.8","0.0","67.8","100.0","67.8","0.0","67.8","299","136","-","**","(X)","(X)","(X)","(X)","(X)","(X)","(X)","(X)","(X)","(X)","(X)","(X)","299","136","0.0","13.2","89.3","16.4","78.9","19.9","100.0","13.2","78.9","19.9","100.0","13.2","0.0","13.2","0.0","13.2","100.0","13.2","0.0","13.2",
"1400000US06111007511","Census Tract 75.11; Ventura County; California","897","95","3.19","0.32","806","97","3.38","0.35","283","68","18.0","14.5","0.0","13.9","82.0","14.5","897","95","34.1","8.0","54.4","9.5","41.0","8.7","8.4","4.6","5.5","4.2","100.0","4.6","0.0","4.6","0.0","4.6","96.9","2.7","3.1","2.7","710","103","3.48","0.38","710","103","3.46","0.38","255","77","20.0","16.4","0.0","15.3","80.0","16.4","710","103","37.0","10.2","55.5","10.6","(X)","(X)","(X)","(X)","(X)","(X)","100.0","5.8","0.0","5.8","0.0","5.8","96.1","3.4","3.9","3.4","41","38","3.17","0.46","41","38","2.85","0.19","17","24","0.0","82.3","0.0","82.3","100.0","82.2","41","38","78.0","33.8","58.5","46.4","(X)","(X)","(X)","(X)","(X)","(X)","100.0","53.0","0.0","53.0","0.0","53.0","100.0","53.0","0.0","53.0","55","67","2.76","0.23","55","67","2.76","0.23","11","18","0.0","100.0","0.0","100.0","100.0","100.0","55","67","20.0","45.5","0.0","45.7","(X)","(X)","(X)","(X)","(X)","(X)","100.0","45.7","0.0","45.7","0.0","45.7","100.0","45.7","0.0","45.7","91","45","1.20","0.26","(X)","(X)","(X)","(X)","(X)","(X)","(X)","(X)","(X)","(X)","(X)","(X)","91","45","0.0","35.2","76.9","22.5","53.8","29.2","82.4","21.1","53.8","29.2","100.0","35.2","0.0","35.2","0.0","35.2","100.0","35.2","0.0","35.2",
"1400000US06111007512","Census Tract 75.12; Ventura County; California","2050","179","2.87","0.24","1480","201","3.25","0.22","560","138","29.6","16.7","2.3","4.7","68.0","15.8","2050","179","28.4","7.0","32.3","6.1","25.2","5.3","19.1","7.1","4.7","3.1","81.2","5.4","18.8","5.4","0.0","2.0","77.0","6.5","23.0","6.5","1243","225","3.38","0.29","1243","225","3.22","0.25","472","131","29.4","17.4","0.0","8.6","70.6","17.4","1243","225","39.3","10.7","32.4","9.7","(X)","(X)","(X)","(X)","(X)","(X)","94.7","4.7","5.3","4.7","0.0","3.4","93.6","4.9","6.4","4.9","114","89","5.10","1.12","114","89","3.84","0.91","44","51","61.4","60.3","29.5","52.5","9.1","35.4","114","89","38.6","34.8","61.4","34.8","(X)","(X)","(X)","(X)","(X)","(X)","88.6","24.5","11.4","24.5","0.0","30.2","88.6","24.5","11.4","24.5","123","75","3.00","0.91","123","75","3.00","0.91","44","48","0.0","51.1","0.0","51.1","100.0","51.1","123","75","40.7","29.0","43.1","29.7","(X)","(X)","(X)","(X)","(X)","(X)","84.6","26.3","15.4","26.3","0.0","28.5","61.8","30.5","38.2","30.5","570","151","1.28","0.16","(X)","(X)","(X)","(X)","(X)","(X)","(X)","(X)","(X)","(X)","(X)","(X)","570","151","0.0","7.2","23.9","12.9","20.9","12.6","68.6","17.8","16.8","11.7","49.5","16.6","50.5","16.6","0.0","7.2","41.6","17.2","58.4","17.2",
"1400000US06111007513","Census Tract 75.13; Ventura County; California","573","156","2.72","0.37","492","161","2.87","0.48","85","24","36.5","24.8","0.0","36.7","63.5","24.8","573","156","17.1","6.2","73.5","10.3","55.5","13.3","7.9","5.0","5.2","4.2","100.0","7.1","0.0","7.1","0.0","7.1","96.2","3.5","3.8","3.5","324","55","3.31","0.33","324","55","3.31","0.33","78","26","39.7","26.7","0.0","38.4","60.3","26.7","324","55","28.1","6.0","60.2","11.5","(X)","(X)","(X)","(X)","(X)","(X)","100.0","12.3","0.0","12.3","0.0","12.3","93.2","5.6","6.8","5.6","6","8","4.17","1.80","6","8","3.17","1.31","0","14","-","**","-","**","-","**","6","8","0.0","100.0","100.0","100.0","(X)","(X)","(X)","(X)","(X)","(X)","100.0","100.0","0.0","100.0","0.0","100.0","100.0","100.0","0.0","100.0","162","150","2.04","0.66","162","150","1.99","0.61","7","11","0.0","100.0","0.0","100.0","100.0","100.0","162","150","4.3","8.6","95.7","8.6","(X)","(X)","(X)","(X)","(X)","(X)","100.0","22.8","0.0","22.8","0.0","22.8","100.0","22.8","0.0","22.8","81","37","1.64","0.38","(X)","(X)","(X)","(X)","(X)","(X)","(X)","(X)","(X)","(X)","(X)","(X)","81","37","0.0","37.7","80.2","17.7","60.5","21.4","55.6","24.0","37.0","23.7","100.0","37.7","0.0","37.7","0.0","37.7","100.0","37.7","0.0","37.7",
"1400000US06111007515","Census Tract 75.15; Ventura County; California","1362","254","2.52","0.29","848","219","3.17","0.32","229","77","31.9","18.6","13.1","20.3","55.0","22.9","1362","254","18.1","6.4","57.6","10.4","39.9","10.8","29.2","10.2","17.1","7.2","53.2","10.1","46.8","10.1","0.0","3.1","52.1","10.3","47.9","10.3","747","220","3.34","0.38","747","220","3.21","0.35","198","74","30.8","20.9","15.2","23.3","54.0","26.6","747","220","28.9","12.0","61.7","13.0","(X)","(X)","(X)","(X)","(X)","(X)","76.2","13.4","23.8","13.4","0.0","5.5","74.6","13.4","25.4","13.4","41","35","3.85","1.26","41","35","3.20","0.99","10","18","0.0","100.0","0.0","100.0","100.0","100.0","41","35","24.4","40.0","75.6","40.0","(X)","(X)","(X)","(X)","(X)","(X)","100.0","53.0","0.0","53.0","0.0","53.0","100.0","53.0","0.0","53.0","60","41","2.88","0.57","60","41","2.62","0.43","21","23","57.1","52.7","0.0","74.0","42.9","52.7","60","41","35.0","33.2","40.0","37.3","(X)","(X)","(X)","(X)","(X)","(X)","58.3","35.0","41.7","35.0","0.0","43.8","38.3","36.6","61.7","36.6","514","178","1.18","0.17","(X)","(X)","(X)","(X)","(X)","(X)","(X)","(X)","(X)","(X)","(X)","(X)","514","178","0.0","7.9","52.3","20.6","45.3","19.4","77.4","22.5","45.3","19.4","15.4","10.0","84.6","10.0","0.0","7.9","17.1","10.8","82.9","10.8",
"1400000US06111007516","Census Tract 75.16; Ventura County; California","1849","297","2.00","0.24","849","156","2.78","0.29","298","102","51.3","25.9","26.2","21.4","22.5","17.8","1849","297","17.0","6.2","56.5","11.2","46.6","11.4","44.8","10.3","29.0","12.3","51.2","10.4","48.8","10.4","0.0","2.3","51.5","9.5","48.5","9.5","632","164","2.97","0.40","632","164","2.95","0.40","215","83","39.5","26.6","36.3","28.4","24.2","22.0","632","164","34.0","13.7","43.5","14.8","(X)","(X)","(X)","(X)","(X)","(X)","48.4","17.1","51.6","17.1","0.0","6.5","68.8","13.8","31.2","13.8","138","84","2.45","0.41","138","84","2.05","0.10","30","35","50.0","50.0","0.0","61.9","50.0","50.0","138","84","33.3","31.9","58.7","35.1","(X)","(X)","(X)","(X)","(X)","(X)","11.6","19.6","88.4","19.6","0.0","26.0","25.4","30.1","74.6","30.1","79","56","2.95","0.82","79","56","2.67","0.88","53","47","100.0","46.6","0.0","46.6","0.0","46.6","79","56","67.1","31.8","32.9","31.8","(X)","(X)","(X)","(X)","(X)","(X)","54.4","36.9","45.6","36.9","0.0","38.2","54.4","36.9","45.6","36.9","1000","298","1.25","0.17","(X)","(X)","(X)","(X)","(X)","(X)","(X)","(X)","(X)","(X)","(X)","(X)","1000","298","0.0","4.2","66.3","16.0","57.9","16.9","82.9","10.6","53.7","17.5","58.2","16.0","41.8","16.0","0.0","4.2","44.0","18.7","56.0","18.7",
"1400000US06111007607","Census Tract 76.07; Ventura County; California","2167","273","2.88","0.21","1681","271","3.10","0.20","595","173","33.3","16.9","10.8","10.9","56.0","18.2","2167","273","28.2","7.7","53.9","9.3","40.7","8.3","15.0","5.1","9.2","4.2","96.3","3.6","2.9","3.2","0.9","1.4","95.7","3.4","4.3","3.4","1428","280","3.18","0.22","1428","280","3.11","0.20","469","118","37.5","17.8","13.6","13.7","48.8","17.3","1428","280","33.2","8.4","58.1","10.6","(X)","(X)","(X)","(X)","(X)","(X)","100.0","2.9","0.0","2.9","0.0","2.9","98.2","2.2","1.8","2.2","126","141","4.09","1.20","126","141","3.31","1.02","126","141","17.5","35.5","0.0","28.0","82.5","35.5","126","141","100.0","28.0","0.0","28.0","(X)","(X)","(X)","(X)","(X)","(X)","100.0","28.0","0.0","28.0","0.0","28.0","100.0","28.0","0.0","28.0","127","74","3.10","0.77","127","74","2.81","0.81","0","19","-","**","-","**","-","**","127","74","9.4","17.0","33.1","30.3","(X)","(X)","(X)","(X)","(X)","(X)","100.0","27.8","0.0","27.8","0.0","27.8","85.0","24.4","15.0","24.4","486","132","1.63","0.50","(X)","(X)","(X)","(X)","(X)","(X)","(X)","(X)","(X)","(X)","(X)","(X)","486","132","0.0","8.4","61.1","21.9","41.2","19.5","66.9","19.4","41.2","19.5","83.3","15.5","12.8","13.5","3.9","6.7","90.1","11.1","9.9","11.1",
"1400000US06111007609","Census Tract 76.09; Ventura County; California","837","131","3.11","0.19","746","130","3.32","0.20","308","107","9.4","8.3","14.9","11.2","75.6","14.9","837","131","41.2","7.9","51.3","8.7","38.2","7.3","9.8","5.0","3.0","2.4","99.3","1.0","0.0","4.9","0.7","1.0","87.7","9.8","12.3","9.8","568","113","3.34","0.26","568","113","3.32","0.27","201","59","14.4","12.4","19.9","15.7","65.7","20.6","568","113","37.9","7.1","50.5","8.4","(X)","(X)","(X)","(X)","(X)","(X)","98.9","1.5","0.0","7.2","1.1","1.5","92.4","3.9","7.6","3.9","73","91","2.86","0.53","73","91","2.86","0.53","60","90","0.0","43.8","0.0","43.8","100.0","43.8","73","91","82.2","34.4","12.3","26.5","(X)","(X)","(X)","(X)","(X)","(X)","100.0","39.7","0.0","39.7","0.0","39.7","17.8","34.4","82.2","34.4","105","51","3.77","0.66","105","51","3.64","0.66","47","26","0.0","49.5","12.8","18.8","87.2","18.8","105","51","66.7","19.0","45.7","25.1","(X)","(X)","(X)","(X)","(X)","(X)","100.0","32.0","0.0","32.0","0.0","32.0","100.0","32.0","0.0","32.0","91","45","1.13","0.14","(X)","(X)","(X)","(X)","(X)","(X)","(X)","(X)","(X)","(X)","(X)","(X)","91","45","0.0","35.2","93.4","9.5","37.4","24.9","90.1","11.7","27.5","22.5","100.0","35.2","0.0","35.2","0.0","35.2","100.0","35.2","0.0","35.2",
"1400000US06111007610","Census Tract 76.10; Ventura County; California","1570","117","2.90","0.18","1315","135","3.18","0.17","513","87","15.4","10.3","25.1","13.1","59.5","13.9","1570","117","33.9","4.9","46.9","6.2","35.7","5.3","15.2","5.6","5.9","3.2","98.7","2.0","1.3","2.0","0.0","2.7","88.9","5.0","11.1","5.0","1059","131","3.20","0.21","1059","131","3.19","0.21","393","101","20.1","12.3","19.6","13.8","60.3","14.6","1059","131","38.4","7.6","47.9","7.7","(X)","(X)","(X)","(X)","(X)","(X)","99.1","1.7","0.9","1.7","0.0","3.9","93.3","5.2","6.7","5.2","69","61","4.01","0.51","69","61","3.29","0.48","40","52","0.0","53.6","100.0","53.6","0.0","53.6","69","61","58.0","43.1","44.9","43.3","(X)","(X)","(X)","(X)","(X)","(X)","85.5","26.7","14.5","26.7","0.0","40.8","85.5","26.7","14.5","26.7","187","89","3.33","0.53","187","89","3.04","0.47","80","62","0.0","37.9","15.0","28.3","85.0","28.3","187","89","46.0","24.0","31.0","24.3","(X)","(X)","(X)","(X)","(X)","(X)","100.0","20.2","0.0","20.2","0.0","20.2","87.7","14.2","12.3","14.2","255","89","1.06","0.08","(X)","(X)","(X)","(X)","(X)","(X)","(X)","(X)","(X)","(X)","(X)","(X)","255","89","0.0","15.3","54.9","20.0","36.5","17.4","93.7","7.6","36.5","17.4","100.0","15.3","0.0","15.3","0.0","15.3","72.5","15.8","27.5","15.8",
"1400000US06111007611","Census Tract 76.11; Ventura County; California","1011","140","4.66","0.41","821","146","5.25","0.53","407","147","3.4","3.9","21.9","15.3","74.7","15.4","1011","140","50.8","11.0","43.8","12.4","26.5","10.7","14.9","7.3","5.6","5.5","73.6","8.0","26.4","8.0","0.0","4.1","66.8","9.3","33.2","9.3","644","144","5.16","0.58","644","144","5.02","0.62","357","148","3.9","4.7","19.6","17.0","76.5","16.8","644","144","68.6","13.6","48.0","17.7","(X)","(X)","(X)","(X)","(X)","(X)","77.3","11.7","22.7","11.7","0.0","6.4","76.7","11.4","23.3","11.4","64","55","5.28","1.69","64","55","4.91","2.12","4","6","0.0","100.0","100.0","100.0","0.0","100.0","64","55","10.9","24.7","17.2","28.7","(X)","(X)","(X)","(X)","(X)","(X)","100.0","42.4","0.0","42.4","0.0","42.4","37.5","39.7","62.5","39.7","113","51","7.33","2.09","113","51","6.78","1.99","46","32","0.0","50.0","32.6","35.7","67.4","35.7","113","51","57.5","24.0","51.3","26.9","(X)","(X)","(X)","(X)","(X)","(X)","70.8","22.4","29.2","22.4","0.0","30.4","54.9","25.3","45.1","25.3","190","74","1.18","0.18","(X)","(X)","(X)","(X)","(X)","(X)","(X)","(X)","(X)","(X)","(X)","(X)","190","74","0.0","19.9","34.2","26.2","34.2","26.2","79.5","20.5","30.0","25.1","53.7","21.8","46.3","21.8","0.0","19.9","50.0","24.6","50.0","24.6",
"1400000US06111007612","Census Tract 76.12; Ventura County; California","1739","186","2.74","0.29","1188","180","3.41","0.28","438","116","19.4","11.0","6.8","5.7","73.7","13.3","1739","186","28.5","7.0","41.5","8.3","27.6","6.3","27.6","8.6","6.6","3.0","50.0","9.6","47.7","9.4","2.4","3.4","44.3","7.7","55.7","7.7","828","164","3.48","0.35","828","164","3.42","0.32","324","89","26.2","13.5","9.3","7.9","64.5","16.9","828","164","40.7","11.7","43.5","11.6","(X)","(X)","(X)","(X)","(X)","(X)","62.9","12.4","37.1","12.4","0.0","5.0","55.8","12.7","44.2","12.7","125","116","3.19","1.86","125","116","3.19","1.86","37","38","0.0","55.8","0.0","55.8","100.0","55.8","125","116","29.6","35.3","62.4","41.4","(X)","(X)","(X)","(X)","(X)","(X)","37.6","41.4","62.4","41.4","0.0","28.1","29.6","35.3","70.4","35.3","235","105","3.66","0.49","235","105","3.49","0.47","77","76","0.0","38.6","0.0","38.6","100.0","38.6","235","105","51.5","22.9","38.3","19.9","(X)","(X)","(X)","(X)","(X)","(X)","64.7","18.8","35.3","18.8","0.0","16.5","64.3","19.0","35.7","19.0","551","169","1.15","0.14","(X)","(X)","(X)","(X)","(X)","(X)","(X)","(X)","(X)","(X)","(X)","(X)","551","169","0.0","7.4","35.0","15.1","20.7","9.7","87.1","11.2","20.7","9.7","27.0","14.6","65.5","17.9","7.4","10.4","21.8","15.0","78.2","15.0",
"1400000US06111007613","Census Tract 76.13; Ventura County; California","1450","107","3.15","0.18","1206","109","3.49","0.21","591","70","11.2","7.6","19.0","11.0","69.9","11.1","1450","107","45.2","5.2","41.0","6.8","27.5","4.4","13.0","4.7","6.0","2.9","93.3","4.0","6.7","4.0","0.0","2.9","80.8","7.3","19.2","7.3","987","132","3.52","0.25","987","132","3.50","0.25","466","90","11.2","8.3","16.5","11.0","72.3","10.8","987","132","51.3","7.8","40.2","9.2","(X)","(X)","(X)","(X)","(X)","(X)","99.5","0.8","0.5","0.8","0.0","4.2","95.5","4.1","4.5","4.1","124","60","3.88","0.62","124","60","3.40","0.51","91","59","0.0","35.2","38.5","44.6","61.5","44.6","124","60","83.9","20.5","24.2","26.5","(X)","(X)","(X)","(X)","(X)","(X)","100.0","28.3","0.0","28.3","0.0","28.3","27.4","25.6","72.6","25.6","95","48","3.56","0.67","95","48","3.45","0.60","34","30","41.2","42.6","0.0","58.2","58.8","42.6","95","48","48.4","26.5","70.5","22.8","(X)","(X)","(X)","(X)","(X)","(X)","89.5","16.0","10.5","16.0","0.0","34.2","67.4","24.1","32.6","24.1","244","87","1.14","0.12","(X)","(X)","(X)","(X)","(X)","(X)","(X)","(X)","(X)","(X)","(X)","(X)","244","87","0.0","15.9","41.0","17.3","38.9","17.3","77.5","17.3","35.7","17.4","66.4","19.5","33.6","19.5","0.0","15.9","53.7","21.6","46.3","21.6",
"1400000US06111007614","Census Tract 76.14; Ventura County; California","2138","270","3.29","0.23","1819","256","3.53","0.23","770","192","21.6","14.4","6.4","6.6","72.1","14.1","2138","270","41.8","6.3","51.9","8.9","37.2","6.4","12.0","4.9","7.5","4.0","93.1","3.8","3.2","2.8","3.6","2.8","85.8","6.2","14.2","6.2","1614","247","3.71","0.28","1614","247","3.63","0.26","710","174","23.4","15.9","6.9","7.1","69.7","15.4","1614","247","49.9","8.2","47.1","10.7","(X)","(X)","(X)","(X)","(X)","(X)","97.1","2.8","0.7","1.1","2.2","2.6","88.2","7.5","11.8","7.5","71","67","3.30","0.52","71","67","2.97","0.16","0","19","-","**","-","**","-","**","71","67","0.0","40.2","62.0","49.5","(X)","(X)","(X)","(X)","(X)","(X)","100.0","40.2","0.0","40.2","0.0","40.2","29.6","47.4","70.4","47.4","134","80","2.85","0.48","134","80","2.72","0.43","60","54","0.0","43.8","0.0","43.8","100.0","43.8","134","80","65.7","25.9","47.0","29.2","(X)","(X)","(X)","(X)","(X)","(X)","73.9","30.6","14.9","25.5","11.2","19.1","79.1","31.3","20.9","31.3","319","128","1.31","0.25","(X)","(X)","(X)","(X)","(X)","(X)","(X)","(X)","(X)","(X)","(X)","(X)","319","128","0.0","12.5","75.5","17.3","62.7","19.5","80.6","14.2","50.5","19.4","79.3","16.2","11.9","13.4","8.8","10.9","89.3","12.3","10.7","12.3",
"1400000US06111007700","Census Tract 77; Ventura County; California","2448","272","2.62","0.23","1521","248","3.31","0.27","703","159","21.6","14.7","24.3","13.1","54.1","15.6","2448","272","33.6","7.2","36.3","9.1","24.4","6.7","31.5","7.8","6.4","3.0","79.7","5.9","17.5","6.2","2.8","1.5","69.5","8.4","30.5","8.4","1149","243","3.61","0.39","1149","243","3.50","0.36","483","148","20.9","16.6","25.9","16.5","53.2","17.9","1149","243","51.7","12.6","38.3","12.7","(X)","(X)","(X)","(X)","(X)","(X)","95.4","4.5","2.5","3.9","2.1","2.5","86.2","8.4","13.8","8.4","84","91","3.44","0.56","84","91","2.30","0.19","51","81","100.0","47.5","0.0","47.5","0.0","47.5","84","91","60.7","56.1","22.6","40.9","(X)","(X)","(X)","(X)","(X)","(X)","39.3","56.1","60.7","56.1","0.0","36.9","39.3","56.1","60.7","56.1","288","126","2.92","0.38","288","126","2.88","0.34","169","93","0.0","22.0","27.2","31.7","72.8","31.7","288","126","61.8","19.5","12.2","14.3","(X)","(X)","(X)","(X)","(X)","(X)","74.0","16.4","26.0","16.4","0.0","13.7","41.3","17.2","58.7","17.2","927","237","1.22","0.19","(X)","(X)","(X)","(X)","(X)","(X)","(X)","(X)","(X)","(X)","(X)","(X)","927","237","0.0","4.5","42.6","16.8","20.3","9.9","83.3","13.8","16.9","8.5","65.7","13.8","29.4","14.1","4.9","4.0","60.3","16.3","39.7","16.3",
"1400000US06111007800","Census Tract 78; Ventura County; California","1605","151","2.94","0.26","1110","180","3.55","0.30","550","183","20.2","13.4","24.0","16.5","55.8","16.7","1605","151","39.1","9.2","40.1","10.1","32.5","9.9","26.5","7.8","15.8","6.3","36.7","8.7","63.3","8.7","0.0","2.6","29.1","7.2","70.9","7.2","665","160","3.72","0.47","665","160","3.70","0.47","246","135","14.2","14.3","33.3","29.6","52.4","27.0","665","160","45.7","14.6","34.6","13.6","(X)","(X)","(X)","(X)","(X)","(X)","64.7","14.9","35.3","14.9","0.0","6.2","52.9","13.8","47.1","13.8","256","135","4.04","0.68","256","135","3.48","0.60","189","127","27.5","31.0","15.9","27.2","56.6","33.0","256","135","73.8","23.1","34.0","30.1","(X)","(X)","(X)","(X)","(X)","(X)","11.3","16.4","88.7","16.4","0.0","15.2","2.3","5.6","97.7","5.6","189","106","3.33","0.80","189","106","3.13","0.66","115","82","20.9","32.9","17.4","27.5","61.7","37.4","189","106","69.3","27.2","27.5","26.1","(X)","(X)","(X)","(X)","(X)","(X)","36.0","31.5","64.0","31.5","0.0","20.0","12.7","20.5","87.3","20.5","495","129","1.16","0.11","(X)","(X)","(X)","(X)","(X)","(X)","(X)","(X)","(X)","(X)","(X)","(X)","495","129","0.6","1.1","55.4","16.2","51.3","16.6","85.9","10.3","51.3","16.6","12.5","8.8","87.5","8.8","0.0","8.2","17.2","10.5","82.8","10.5",
"1400000US06111007901","Census Tract 79.01; Ventura County; California","1872","323","2.56","0.35","987","174","3.67","0.46","369","130","5.1","6.0","17.6","13.7","77.2","14.4","1872","323","21.1","7.1","42.3","9.0","32.3","8.7","39.4","11.4","18.1","10.6","65.8","8.7","31.4","8.1","2.8","4.4","64.7","9.0","35.3","9.0","753","158","3.87","0.61","753","158","3.81","0.59","286","118","0.0","13.8","22.7","18.6","77.3","18.6","753","158","40.8","13.8","36.5","10.9","(X)","(X)","(X)","(X)","(X)","(X)","73.0","13.2","19.9","10.4","7.0","10.7","66.9","12.9","33.1","12.9","151","83","3.56","1.24","151","83","3.21","1.05","66","56","25.8","31.0","0.0","41.7","74.2","31.0","151","83","43.7","30.4","30.5","28.1","(X)","(X)","(X)","(X)","(X)","(X)","62.3","27.9","37.7","27.9","0.0","24.2","43.0","31.4","57.0","31.4","83","54","3.49","0.49","83","54","3.25","0.54","17","25","11.8","65.9","0.0","82.3","88.2","65.9","83","54","26.5","28.1","53.0","33.3","(X)","(X)","(X)","(X)","(X)","(X)","73.5","27.6","26.5","27.6","0.0","37.2","61.4","35.0","38.6","35.0","885","311","1.18","0.11","(X)","(X)","(X)","(X)","(X)","(X)","(X)","(X)","(X)","(X)","(X)","(X)","885","311","0.0","4.7","48.1","18.1","39.8","18.9","83.3","10.4","38.2","19.3","59.4","18.2","40.6","18.2","0.0","4.7","66.9","18.4","33.1","18.4",
"1400000US06111007903","Census Tract 79.03; Ventura County; California","1686","205","2.94","0.23","1316","236","3.39","0.26","549","164","10.2","7.0","14.4","11.6","75.4","11.8","1686","205","38.7","8.3","40.3","8.2","30.7","7.7","19.0","7.1","6.6","4.2","100.0","2.5","0.0","2.5","0.0","2.5","86.0","7.3","14.0","7.3","1043","213","3.51","0.33","1043","213","3.50","0.33","480","167","11.7","8.2","16.5","13.5","71.9","14.1","1043","213","49.8","10.5","42.7","11.1","(X)","(X)","(X)","(X)","(X)","(X)","100.0","4.0","0.0","4.0","0.0","4.0","92.6","6.6","7.4","6.6","73","44","3.64","1.14","73","44","3.52","0.99","35","36","0.0","57.3","0.0","57.3","100.0","57.3","73","44","47.9","37.4","9.6","18.0","(X)","(X)","(X)","(X)","(X)","(X)","100.0","39.7","0.0","39.7","0.0","39.7","57.5","37.3","42.5","37.3","200","102","2.89","0.56","200","102","2.78","0.48","34","35","0.0","58.2","0.0","58.2","100.0","58.2","200","102","49.5","30.1","25.0","21.1","(X)","(X)","(X)","(X)","(X)","(X)","100.0","19.0","0.0","19.0","0.0","19.0","91.5","13.2","8.5","13.2","370","123","1.23","0.25","(X)","(X)","(X)","(X)","(X)","(X)","(X)","(X)","(X)","(X)","(X)","(X)","370","123","0.0","10.8","47.8","21.2","33.8","19.1","86.8","13.0","30.0","18.5","100.0","10.8","0.0","10.8","0.0","10.8","70.0","17.3","30.0","17.3",
"1400000US06111007904","Census Tract 79.04; Ventura County; California","1596","134","3.29","0.22","1283","153","3.71","0.27","474","107","14.6","10.3","6.8","7.6","78.7","11.9","1596","134","35.1","6.0","48.6","7.6","36.7","6.2","15.7","6.3","8.9","4.0","98.5","2.3","0.0","2.6","1.5","2.3","77.5","9.0","22.5","9.0","996","138","3.94","0.34","996","138","3.92","0.34","461","109","15.0","10.6","6.9","7.8","78.1","12.3","996","138","48.7","9.3","42.7","8.7","(X)","(X)","(X)","(X)","(X)","(X)","100.0","4.2","0.0","4.2","0.0","4.2","77.0","10.2","23.0","10.2","170","100","2.71","0.65","170","100","2.41","0.51","0","19","-","**","-","**","-","**","170","100","0.0","21.9","72.4","29.6","(X)","(X)","(X)","(X)","(X)","(X)","85.9","21.0","0.0","21.9","14.1","21.0","88.2","16.2","11.8","16.2","117","70","3.87","0.92","117","70","3.74","0.81","13","20","0.0","94.1","0.0","94.1","100.0","94.1","117","70","40.2","25.4","38.5","26.8","(X)","(X)","(X)","(X)","(X)","(X)","100.0","29.6","0.0","29.6","0.0","29.6","65.0","32.6","35.0","32.6","313","106","1.30","0.29","(X)","(X)","(X)","(X)","(X)","(X)","(X)","(X)","(X)","(X)","(X)","(X)","313","106","8.9","12.8","58.5","19.5","53.4","19.4","80.2","16.4","45.4","20.1","100.0","12.7","0.0","12.7","0.0","12.7","78.0","19.2","22.0","19.2",
"1400000US06111008001","Census Tract 80.01; Ventura County; California","967","80","3.35","0.19","741","90","3.86","0.26","339","78","11.5","7.5","16.8","11.1","71.7","12.3","967","80","37.1","6.7","42.6","5.9","36.1","5.9","17.6","6.8","10.1","4.3","89.8","4.3","9.7","4.2","0.5","0.8","80.4","7.3","19.6","7.3","619","81","3.98","0.33","619","81","3.96","0.33","320","77","12.2","8.1","16.3","11.0","71.6","12.2","619","81","53.5","9.0","35.9","8.1","(X)","(X)","(X)","(X)","(X)","(X)","96.6","3.0","2.6","2.8","0.8","1.2","79.3","9.8","20.7","9.8","72","42","3.07","0.72","72","42","2.60","0.38","8","12","0.0","100.0","0.0","100.0","100.0","100.0","72","42","20.8","23.5","88.9","17.6","(X)","(X)","(X)","(X)","(X)","(X)","81.9","20.1","18.1","20.1","0.0","40.0","100.0","40.0","0.0","40.0","50","30","4.46","1.77","50","30","4.46","1.77","11","14","0.0","100.0","45.5","54.5","54.5","54.5","50","30","26.0","25.7","44.0","28.2","(X)","(X)","(X)","(X)","(X)","(X)","88.0","20.5","12.0","20.5","0.0","48.0","100.0","48.0","0.0","48.0","226","73","1.48","0.44","(X)","(X)","(X)","(X)","(X)","(X)","(X)","(X)","(X)","(X)","(X)","(X)","226","73","0.0","17.1","46.0","19.6","46.0","19.6","75.2","16.7","43.4","19.3","73.9","16.9","26.1","16.9","0.0","17.1","72.6","18.8","27.4","18.8",
"1400000US06111008002","Census Tract 80.02; Ventura County; California","1739","230","2.66","0.17","1125","205","3.28","0.24","470","92","23.0","16.9","34.9","20.1","42.1","18.4","1739","230","27.0","5.9","49.2","8.9","33.9","9.4","24.0","7.0","11.8","5.4","79.0","6.7","20.5","6.7","0.6","1.0","71.1","8.4","28.9","8.4","764","111","3.56","0.27","764","111","3.49","0.26","344","72","31.4","21.0","32.0","22.5","36.6","21.7","764","111","45.0","9.0","35.1","10.8","(X)","(X)","(X)","(X)","(X)","(X)","94.5","4.3","5.5","4.3","0.0","5.4","90.8","6.4","9.2","6.4","48","51","3.10","0.29","48","51","2.85","0.53","10","19","0.0","100.0","0.0","100.0","100.0","100.0","48","51","20.8","38.7","56.3","55.1","(X)","(X)","(X)","(X)","(X)","(X)","43.8","55.1","56.3","55.1","0.0","48.9","22.9","41.0","77.1","41.0","313","183","3.00","0.39","313","183","2.81","0.36","116","79","0.0","29.8","46.6","39.0","53.4","39.0","313","183","37.1","30.5","59.1","32.3","(X)","(X)","(X)","(X)","(X)","(X)","71.2","26.6","25.6","26.1","3.2","5.9","69.3","27.7","30.7","27.7","614","169","1.33","0.15","(X)","(X)","(X)","(X)","(X)","(X)","(X)","(X)","(X)","(X)","(X)","(X)","614","169","0.0","6.7","61.2","15.7","37.3","16.7","68.1","16.0","33.6","15.2","66.3","14.1","33.7","14.1","0.0","6.7","51.3","15.7","48.7","15.7",
"1400000US06111008004","Census Tract 80.04; Ventura County; California","1544","233","3.23","0.26","1232","253","3.54","0.33","475","167","11.2","7.6","20.2","18.0","68.6","20.1","1544","233","38.0","10.1","46.2","12.5","30.8","10.7","12.0","5.5","5.0","3.7","99.0","1.6","1.0","1.6","0.0","2.7","84.1","6.9","15.9","6.9","927","247","3.61","0.44","927","247","3.60","0.43","452","168","11.7","8.1","21.2","19.0","67.0","21.4","927","247","53.7","14.9","41.2","16.4","(X)","(X)","(X)","(X)","(X)","(X)","100.0","4.5","0.0","4.5","0.0","4.5","90.7","7.7","9.3","7.7","85","66","3.07","0.49","85","66","2.65","0.61","0","19","-","**","-","**","-","**","85","66","9.4","16.3","57.6","50.8","(X)","(X)","(X)","(X)","(X)","(X)","100.0","36.7","0.0","36.7","0.0","36.7","84.7","28.8","15.3","28.8","220","121","4.12","0.60","220","121","3.64","0.48","23","25","0.0","70.7","0.0","70.7","100.0","70.7","220","121","32.7","22.8","53.2","29.6","(X)","(X)","(X)","(X)","(X)","(X)","100.0","17.5","0.0","17.5","0.0","17.5","72.3","21.6","27.7","21.6","312","110","1.52","0.31","(X)","(X)","(X)","(X)","(X)","(X)","(X)","(X)","(X)","(X)","(X)","(X)","312","110","2.9","4.4","52.9","23.5","24.7","17.7","59.6","26.1","24.7","17.7","95.2","8.2","4.8","8.2","0.0","12.7","72.4","22.6","27.6","22.6",
"1400000US06111008005","Census Tract 80.05; Ventura County; California","771","84","3.64","0.35","625","89","4.11","0.36","222","62","11.3","9.6","26.6","15.1","62.2","19.2","771","84","36.7","7.8","43.3","9.0","30.5","8.2","17.0","6.7","9.2","4.3","97.8","2.3","0.0","5.4","2.2","2.3","81.6","7.1","18.4","7.1","488","84","4.43","0.51","488","84","4.30","0.51","208","64","5.3","5.5","28.4","16.8","66.3","17.7","488","84","50.6","10.3","29.3","9.8","(X)","(X)","(X)","(X)","(X)","(X)","96.5","3.7","0.0","8.3","3.5","3.7","83.6","9.3","16.4","9.3","19","16","5.32","1.76","19","16","5.32","1.76","0","14","-","**","-","**","-","**","19","16","68.4","40.0","73.7","38.3","(X)","(X)","(X)","(X)","(X)","(X)","100.0","77.8","0.0","77.8","0.0","77.8","100.0","77.8","0.0","77.8","118","55","3.21","0.48","118","55","3.13","0.49","14","18","100.0","90.6","0.0","90.6","0.0","90.6","118","55","19.5","16.2","57.6","22.3","(X)","(X)","(X)","(X)","(X)","(X)","100.0","29.4","0.0","29.4","0.0","29.4","73.7","16.7","26.3","16.7","146","55","1.12","0.10","(X)","(X)","(X)","(X)","(X)","(X)","(X)","(X)","(X)","(X)","(X)","(X)","146","55","0.0","24.9","74.7","15.6","56.2","21.1","89.7","11.2","48.6","19.6","100.0","24.9","0.0","24.9","0.0","24.9","78.8","17.2","21.2","17.2",
"1400000US06111008101","Census Tract 81.01; Ventura County; California","1119","106","2.82","0.23","815","107","3.23","0.23","329","81","22.2","16.0","16.1","14.1","61.7","20.9","1119","106","32.5","6.2","46.8","7.7","33.6","6.0","15.8","6.4","8.0","4.2","93.3","4.1","6.7","4.1","0.0","3.7","75.5","8.3","24.5","8.3","662","103","3.25","0.28","662","103","3.20","0.24","284","71","25.7","18.6","18.7","16.6","55.6","24.6","662","103","42.9","8.2","38.2","7.8","(X)","(X)","(X)","(X)","(X)","(X)","95.8","5.0","4.2","5.0","0.0","6.2","86.6","8.0","13.4","8.0","53","45","3.64","0.72","53","45","3.64","0.72","18","27","0.0","79.9","0.0","79.9","100.0","79.9","53","45","69.8","33.6","69.8","33.6","(X)","(X)","(X)","(X)","(X)","(X)","92.5","14.3","7.5","14.3","0.0","46.6","66.0","45.1","34.0","45.1","100","63","3.42","0.89","100","63","3.19","0.84","27","35","0.0","65.3","0.0","65.3","100.0","65.3","100","63","43.0","33.0","6.0","13.0","(X)","(X)","(X)","(X)","(X)","(X)","93.0","16.7","7.0","16.7","0.0","33.1","43.0","40.9","57.0","40.9","304","104","1.55","0.29","(X)","(X)","(X)","(X)","(X)","(X)","(X)","(X)","(X)","(X)","(X)","(X)","304","104","0.0","13.0","75.0","16.7","51.3","21.3","58.2","20.0","29.3","17.4","88.2","10.0","11.8","10.0","0.0","13.0","63.8","21.9","36.2","21.9",
"1400000US06111008201","Census Tract 82.01; Ventura County; California","1683","179","3.30","0.35","1324","199","3.34","0.29","496","132","19.8","16.8","6.0","7.5","74.2","17.9","1683","179","38.6","7.9","49.1","8.2","40.6","7.4","15.1","4.6","10.3","3.8","77.7","9.0","22.3","9.0","0.0","2.5","59.8","8.7","40.2","8.7","845","147","3.90","0.53","845","147","3.47","0.32","326","75","30.1","23.3","9.2","11.1","60.7","23.6","845","147","49.2","9.5","43.1","7.7","(X)","(X)","(X)","(X)","(X)","(X)","88.9","8.0","11.1","8.0","0.0","4.9","67.1","11.0","32.9","11.0","184","150","3.10","0.95","184","150","2.82","0.69","35","39","0.0","57.3","0.0","57.3","100.0","57.3","184","150","23.9","24.8","62.5","27.8","(X)","(X)","(X)","(X)","(X)","(X)","57.1","41.1","42.9","41.1","0.0","20.5","57.1","41.1","42.9","41.1","295","150","3.86","0.91","295","150","3.28","0.85","135","123","0.0","26.5","0.0","26.5","100.0","26.5","295","150","64.4","24.6","39.0","28.8","(X)","(X)","(X)","(X)","(X)","(X)","73.9","29.3","26.1","29.3","0.0","13.4","59.0","32.0","41.0","32.0","359","98","1.52","0.31","(X)","(X)","(X)","(X)","(X)","(X)","(X)","(X)","(X)","(X)","(X)","(X)","359","98","0.0","11.2","64.9","14.2","57.9","15.7","70.8","15.3","48.2","15.9","64.9","14.2","35.1","14.2","0.0","11.2","44.6","13.9","55.4","13.9",
"1400000US06111008202","Census Tract 82.02; Ventura County; California","1313","113","2.89","0.24","997","105","3.32","0.24","362","80","24.3","11.8","27.9","16.2","47.8","14.8","1313","113","28.7","6.1","50.6","8.4","31.7","6.8","18.1","6.9","7.0","4.0","84.5","5.8","15.5","5.8","0.0","3.2","78.6","7.2","21.4","7.2","791","147","3.31","0.24","791","147","3.28","0.24","319","85","24.1","12.6","27.3","16.8","48.6","15.5","791","147","40.3","7.5","49.6","10.4","(X)","(X)","(X)","(X)","(X)","(X)","90.8","5.5","9.2","5.5","0.0","5.2","80.2","9.0","19.8","9.0","88","76","3.78","0.81","88","76","3.38","0.89","22","26","0.0","72.3","63.6","55.4","36.4","55.4","88","76","25.0","28.3","52.3","49.7","(X)","(X)","(X)","(X)","(X)","(X)","84.1","27.3","15.9","27.3","0.0","35.9","84.1","27.3","15.9","27.3","118","55","3.65","1.23","118","55","3.54","1.20","21","22","52.4","52.4","0.0","74.0","47.6","52.4","118","55","30.5","22.9","44.1","28.6","(X)","(X)","(X)","(X)","(X)","(X)","86.4","15.2","13.6","15.2","0.0","29.4","82.2","17.4","17.8","17.4","316","117","1.30","0.16","(X)","(X)","(X)","(X)","(X)","(X)","(X)","(X)","(X)","(X)","(X)","(X)","316","117","0.0","12.6","55.4","20.6","38.6","18.0","75.0","13.1","29.1","18.3","68.0","18.0","32.0","18.0","0.0","12.6","71.8","19.6","28.2","19.6",
"1400000US06111008302","Census Tract 83.02; Ventura County; California","1966","219","2.56","0.23","1192","164","3.22","0.25","419","119","22.0","12.9","14.8","10.2","63.2","14.5","1966","219","25.7","6.3","44.6","6.5","36.8","5.6","29.6","9.3","16.1","6.0","75.4","8.8","24.1","8.7","0.5","0.7","67.6","8.1","32.4","8.1","930","171","3.23","0.25","930","171","3.20","0.25","324","121","17.6","12.0","12.3","11.0","70.1","14.8","930","171","34.8","10.1","44.3","8.4","(X)","(X)","(X)","(X)","(X)","(X)","87.3","7.7","12.7","7.7","0.0","4.5","86.1","8.0","13.9","8.0","50","43","3.08","0.26","50","43","1.98","0.21","35","40","100.0","57.3","0.0","57.3","0.0","57.3","50","43","70.0","39.9","30.0","39.9","(X)","(X)","(X)","(X)","(X)","(X)","100.0","48.0","0.0","48.0","0.0","48.0","30.0","39.9","70.0","39.9","212","86","3.76","0.66","212","86","3.60","0.67","60","52","0.0","43.8","36.7","37.8","63.3","37.8","212","86","45.8","22.0","57.5","20.8","(X)","(X)","(X)","(X)","(X)","(X)","72.6","17.6","23.1","17.9","4.2","6.4","62.3","21.5","37.7","21.5","774","225","1.40","0.27","(X)","(X)","(X)","(X)","(X)","(X)","(X)","(X)","(X)","(X)","(X)","(X)","774","225","6.3","9.1","42.2","15.3","40.8","15.1","75.1","17.4","40.8","15.1","60.3","17.9","39.7","17.9","0.0","5.3","49.2","14.8","50.8","14.8",
"1400000US06111008303","Census Tract 83.03; Ventura County; California","1558","200","2.71","0.24","1148","227","3.04","0.27","416","117","42.3","19.4","18.8","16.3","38.9","18.5","1558","200","28.6","7.5","50.2","8.9","35.6","9.4","18.4","6.9","10.9","4.8","54.4","7.8","39.0","7.6","6.7","4.3","51.9","8.1","48.1","8.1","819","221","3.13","0.25","819","221","3.08","0.26","289","104","48.4","21.8","16.6","17.3","34.9","17.5","819","221","37.7","10.4","58.1","11.8","(X)","(X)","(X)","(X)","(X)","(X)","70.7","9.5","28.1","9.2","1.2","1.9","64.6","9.9","35.4","9.9","72","56","5.90","1.06","72","56","5.13","0.79","0","14","-","**","-","**","-","**","72","56","0.0","40.0","84.7","29.1","(X)","(X)","(X)","(X)","(X)","(X)","8.3","14.6","91.7","14.6","0.0","40.0","8.3","14.6","91.7","14.6","257","144","2.56","0.55","257","144","2.33","0.39","127","84","28.3","33.7","23.6","36.1","48.0","43.8","257","144","52.9","30.8","18.3","18.0","(X)","(X)","(X)","(X)","(X)","(X)","68.9","25.0","31.1","25.0","0.0","15.2","50.6","30.2","49.4","30.2","410","132","1.39","0.24","(X)","(X)","(X)","(X)","(X)","(X)","(X)","(X)","(X)","(X)","(X)","(X)","410","132","0.0","9.8","48.3","15.3","43.7","16.1","70.0","16.7","41.5","15.9","20.7","10.4","56.3","16.4","22.9","14.3","34.9","14.0","65.1","14.0",
"1400000US06111008304","Census Tract 83.04; Ventura County; California","2001","236","2.46","0.22","1319","256","3.06","0.24","535","177","26.2","20.0","22.1","22.5","51.8","23.7","2001","236","28.9","7.8","48.4","6.8","36.6","6.1","30.4","9.2","15.9","7.9","71.4","7.6","9.7","5.2","18.9","6.4","86.9","6.4","13.1","6.4","1025","281","3.20","0.28","1025","281","3.20","0.28","382","192","10.2","14.1","30.9","29.2","58.9","27.8","1025","281","39.4","13.0","44.4","13.7","(X)","(X)","(X)","(X)","(X)","(X)","83.4","10.4","0.4","1.6","16.2","10.4","94.1","6.6","5.9","6.6","167","106","3.21","0.76","167","106","2.47","0.71","135","104","74.8","39.3","0.0","26.5","25.2","39.3","167","106","80.8","24.5","9.6","17.4","(X)","(X)","(X)","(X)","(X)","(X)","90.4","17.4","0.0","22.2","9.6","17.4","29.9","34.0","70.1","34.0","127","92","2.81","0.48","127","92","2.68","0.40","18","29","0.0","79.9","0.0","79.9","100.0","79.9","127","92","30.7","31.9","69.3","31.9","(X)","(X)","(X)","(X)","(X)","(X)","25.2","34.6","0.0","27.8","74.8","34.6","100.0","27.8","0.0","27.8","682","199","1.10","0.09","(X)","(X)","(X)","(X)","(X)","(X)","(X)","(X)","(X)","(X)","(X)","(X)","682","199","0.0","6.0","60.1","17.8","46.8","17.3","89.1","9.2","46.8","17.3","57.3","15.7","27.9","14.5","14.8","9.8","87.4","9.8","12.6","9.8",
"1400000US06111008307","Census Tract 83.07; Ventura County; California","1425","222","2.30","0.20","806","203","2.97","0.27","371","121","28.6","15.2","7.5","8.2","63.9","15.9","1425","222","26.0","9.4","39.9","11.1","31.9","11.7","32.4","8.9","7.9","4.8","53.5","11.1","46.5","11.1","0.0","2.9","46.5","12.0","53.5","12.0","594","192","3.08","0.35","594","192","3.08","0.35","243","83","39.5","22.2","11.5","12.6","49.0","23.1","594","192","40.9","18.5","48.8","21.7","(X)","(X)","(X)","(X)","(X)","(X)","52.9","22.1","47.1","22.1","0.0","6.9","47.5","21.2","52.5","21.2","72","60","2.64","0.72","72","60","2.53","0.59","17","20","0.0","82.3","0.0","82.3","100.0","82.2","72","60","23.6","30.8","12.5","22.1","(X)","(X)","(X)","(X)","(X)","(X)","61.1","40.9","38.9","40.9","0.0","40.0","0.0","40.0","100.0","40.0","140","79","3.16","0.39","140","79","2.71","0.43","111","72","9.0","14.6","0.0","30.8","91.0","14.6","140","79","79.3","21.3","13.6","18.2","(X)","(X)","(X)","(X)","(X)","(X)","52.1","34.0","47.9","34.0","0.0","25.7","52.1","34.0","47.9","34.0","619","139","1.33","0.20","(X)","(X)","(X)","(X)","(X)","(X)","(X)","(X)","(X)","(X)","(X)","(X)","619","139","0.0","6.6","40.5","16.5","26.2","13.9","74.5","14.6","18.1","10.8","53.5","14.6","46.5","14.6","0.0","6.6","49.6","16.1","50.4","16.1",
"1400000US06111008308","Census Tract 83.08; Ventura County; California","1479","169","2.94","0.18","1270","207","3.09","0.21","528","164","24.6","17.5","3.4","3.6","72.0","18.4","1479","169","38.1","7.3","48.7","7.8","33.3","6.2","10.5","5.5","4.9","4.3","99.4","1.0","0.6","1.0","0.0","2.8","97.2","2.0","2.8","2.0","1053","174","3.15","0.23","1053","174","3.13","0.23","378","131","17.5","11.3","4.8","5.1","77.8","14.7","1053","174","38.1","9.0","51.6","9.1","(X)","(X)","(X)","(X)","(X)","(X)","99.1","1.3","0.9","1.3","0.0","4.0","98.2","1.6","1.8","1.6","64","53","4.48","0.63","64","53","4.27","0.80","34","41","0.0","58.2","0.0","58.2","100.0","58.2","64","53","73.4","32.9","31.3","33.0","(X)","(X)","(X)","(X)","(X)","(X)","100.0","42.4","0.0","42.4","0.0","42.4","100.0","42.4","0.0","42.4","153","131","3.08","0.51","153","131","2.33","0.62","116","122","55.2","55.2","0.0","29.8","44.8","55.2","153","131","75.8","21.7","13.1","14.2","(X)","(X)","(X)","(X)","(X)","(X)","100.0","23.9","0.0","23.9","0.0","23.9","94.1","10.0","5.9","10.0","209","106","1.29","0.33","(X)","(X)","(X)","(X)","(X)","(X)","(X)","(X)","(X)","(X)","(X)","(X)","209","106","0.0","18.3","65.6","23.9","39.2","25.0","74.2","28.6","34.4","27.0","100.0","18.3","0.0","18.3","0.0","18.3","93.8","10.3","6.2","10.3",
"1400000US06111008401","Census Tract 84.01; Ventura County; California","2026","284","2.77","0.27","1480","262","3.21","0.27","454","139","9.7","7.9","4.4","5.1","85.9","9.9","2026","284","33.1","7.3","56.4","9.0","43.3","8.7","22.5","7.8","17.5","7.7","77.9","8.4","22.1","8.4","0.0","2.1","69.6","8.2","30.4","8.2","1265","261","3.20","0.24","1265","261","3.07","0.23","342","108","12.9","9.8","5.8","6.7","81.3","12.2","1265","261","40.3","10.1","49.4","11.2","(X)","(X)","(X)","(X)","(X)","(X)","85.5","7.7","14.5","7.7","0.0","3.3","79.8","7.7","20.2","7.7","68","64","3.84","0.90","68","64","3.62","1.09","24","29","0.0","69.2","0.0","69.2","100.0","69.2","68","64","91.2","22.2","55.9","54.5","(X)","(X)","(X)","(X)","(X)","(X)","44.1","54.5","55.9","54.5","0.0","41.1","75.0","39.5","25.0","39.5","147","96","4.21","1.08","147","96","4.18","1.09","88","86","0.0","35.9","0.0","35.9","100.0","35.9","147","96","66.7","27.0","13.6","15.0","(X)","(X)","(X)","(X)","(X)","(X)","84.4","19.5","15.6","19.5","0.0","24.7","66.0","28.1","34.0","28.1","546","198","1.25","0.20","(X)","(X)","(X)","(X)","(X)","(X)","(X)","(X)","(X)","(X)","(X)","(X)","546","198","0.0","7.5","84.2","12.4","68.9","16.4","83.3","13.1","64.8","16.9","62.8","21.3","37.2","21.3","0.0","7.5","46.3","19.0","53.7","19.0",
"1400000US06111008402","Census Tract 84.02; Ventura County; California","1724","176","3.02","0.21","1333","143","3.39","0.19","386","73","8.5","8.8","28.8","12.7","62.7","13.8","1724","176","26.5","5.5","49.0","7.8","35.8","5.1","16.1","7.1","7.7","3.3","98.1","1.6","0.0","2.4","1.9","1.6","90.3","4.0","9.7","4.0","1104","160","3.53","0.24","1104","160","3.44","0.22","333","75","9.9","10.2","27.3","14.0","62.8","14.7","1104","160","32.2","6.9","46.6","10.6","(X)","(X)","(X)","(X)","(X)","(X)","98.7","2.1","0.0","3.8","1.3","2.1","90.6","5.5","9.4","5.5","103","65","3.41","0.59","103","65","3.04","0.54","53","45","0.0","46.6","37.7","46.2","62.3","46.2","103","65","58.3","31.3","41.7","31.3","(X)","(X)","(X)","(X)","(X)","(X)","100.0","32.4","0.0","32.4","0.0","32.4","86.4","19.1","13.6","19.1","126","68","3.33","0.58","126","68","3.18","0.59","0","19","-","**","-","**","-","**","126","68","23.0","25.9","71.4","24.6","(X)","(X)","(X)","(X)","(X)","(X)","100.0","28.0","0.0","28.0","0.0","28.0","92.9","11.5","7.1","11.5","391","152","1.36","0.21","(X)","(X)","(X)","(X)","(X)","(X)","(X)","(X)","(X)","(X)","(X)","(X)","391","152","3.3","5.8","50.1","18.5","44.2","16.7","71.1","17.7","33.8","14.3","95.1","6.5","0.0","10.3","4.9","6.5","89.5","8.8","10.5","8.8",
"1400000US06111008501","Census Tract 85.01; Ventura County; California","1990","374","2.58","0.33","1416","144","3.09","0.18","505","92","28.9","14.6","9.3","10.3","61.8","15.0","1990","374","27.2","6.8","51.8","11.7","39.3","10.9","26.2","14.6","10.6","9.7","97.0","3.5","3.0","3.5","0.0","2.1","81.4","13.3","18.6","13.3","1216","156","3.18","0.21","1216","156","3.11","0.21","421","107","29.7","17.0","11.2","12.5","59.1","17.3","1216","156","35.3","7.2","55.3","7.6","(X)","(X)","(X)","(X)","(X)","(X)","100.0","3.4","0.0","3.4","0.0","3.4","93.0","5.6","7.0","5.6","114","85","2.99","0.60","114","85","2.71","0.39","57","53","36.8","40.6","0.0","44.9","63.2","40.6","114","85","50.0","39.1","46.5","40.8","(X)","(X)","(X)","(X)","(X)","(X)","78.9","29.0","21.1","29.0","0.0","30.2","87.7","21.6","12.3","21.6","86","55","3.45","0.53","86","55","3.31","0.49","27","32","0.0","65.3","0.0","65.3","100.0","65.3","86","55","65.1","31.3","68.6","32.6","(X)","(X)","(X)","(X)","(X)","(X)","100.0","36.4","0.0","36.4","0.0","36.4","65.1","34.0","34.9","34.0","574","367","1.10","0.14","(X)","(X)","(X)","(X)","(X)","(X)","(X)","(X)","(X)","(X)","(X)","(X)","574","367","0.0","7.1","43.0","36.5","36.8","35.1","90.9","12.3","36.8","35.1","93.9","9.6","6.1","9.6","0.0","7.1","58.0","39.2","42.0","39.2",
"1400000US06111008502","Census Tract 85.02; Ventura County; California","1375","138","2.59","0.19","848","135","3.18","0.27","362","131","8.0","8.2","11.3","12.4","80.7","15.9","1375","138","27.5","8.0","33.5","8.2","25.1","6.0","18.3","7.3","8.7","4.7","56.9","8.4","43.1","8.4","0.0","3.0","58.0","7.7","42.0","7.7","743","133","3.24","0.30","743","133","3.24","0.30","312","124","6.7","8.1","9.6","12.7","83.7","16.2","743","133","44.1","11.8","36.7","13.1","(X)","(X)","(X)","(X)","(X)","(X)","75.9","11.3","24.1","11.3","0.0","5.6","76.4","10.9","23.6","10.9","24","27","4.38","1.10","24","27","3.25","0.34","11","18","0.0","100.0","100.0","100.0","0.0","100.0","24","27","45.8","54.2","54.2","54.2","(X)","(X)","(X)","(X)","(X)","(X)","54.2","54.2","45.8","54.2","0.0","69.2","54.2","54.2","45.8","54.2","81","56","3.05","0.54","81","56","2.57","0.48","39","47","20.5","48.6","0.0","54.3","79.5","48.6","81","56","48.1","40.7","7.4","14.0","(X)","(X)","(X)","(X)","(X)","(X)","30.9","35.5","69.1","35.5","0.0","37.7","30.9","35.5","69.1","35.5","527","108","1.53","0.19","(X)","(X)","(X)","(X)","(X)","(X)","(X)","(X)","(X)","(X)","(X)","(X)","527","108","0.0","7.7","32.1","12.4","32.1","12.4","47.6","17.9","22.8","12.1","34.3","12.2","65.7","12.2","0.0","7.7","36.4","11.8","63.6","11.8",
"1400000US06111008601","Census Tract 86.01; Ventura County; California","1242","278","3.83","0.44","1079","293","4.11","0.52","311","90","28.6","19.9","30.2","19.5","41.2","19.7","1242","278","38.1","11.5","41.3","14.1","26.1","10.1","12.0","6.2","5.8","4.1","48.6","13.6","50.7","13.7","0.7","1.4","33.9","11.4","66.1","11.4","846","291","3.83","0.49","846","291","3.77","0.48","206","76","30.1","25.5","25.7","25.0","44.2","27.9","846","291","38.3","15.8","37.2","18.7","(X)","(X)","(X)","(X)","(X)","(X)","52.4","20.0","47.6","20.0","0.0","4.9","33.5","17.2","66.5","17.2","75","61","4.57","1.48","75","61","4.57","1.48","9","17","0.0","100.0","0.0","100.0","100.0","100.0","75","61","12.0","23.3","60.0","38.5","(X)","(X)","(X)","(X)","(X)","(X)","0.0","39.2","88.0","23.3","12.0","23.3","0.0","39.2","100.0","39.2","158","96","6.35","2.70","158","96","5.66","2.56","96","69","28.1","39.4","42.7","39.8","29.2","29.6","158","96","88.6","17.5","34.8","29.7","(X)","(X)","(X)","(X)","(X)","(X)","39.2","33.5","60.8","33.5","0.0","23.3","27.2","26.2","72.8","26.2","163","74","1.09","0.15","(X)","(X)","(X)","(X)","(X)","(X)","(X)","(X)","(X)","(X)","(X)","(X)","163","74","0.0","22.7","60.1","22.4","44.2","24.6","91.4","13.1","44.2","24.6","60.1","24.4","39.9","24.4","0.0","22.7","58.3","27.4","41.7","27.4",
"1400000US06111008602","Census Tract 86.02; Ventura County; California","1051","146","2.52","0.25","617","162","3.45","0.44","285","115","9.1","11.0","33.7","20.2","57.2","21.0","1051","146","30.4","10.7","48.5","11.6","36.1","10.2","34.3","9.7","19.7","7.6","23.3","10.4","75.1","9.7","1.6","2.5","13.5","7.0","86.5","7.0","433","124","3.97","0.50","433","124","3.97","0.50","204","93","12.7","15.5","47.1","25.1","40.2","25.4","433","124","52.0","16.2","32.8","17.4","(X)","(X)","(X)","(X)","(X)","(X)","24.0","12.2","76.0","12.2","0.0","9.3","6.9","7.6","93.1","7.6","61","68","2.00","0.18","61","68","2.00","0.18","0","14","-","**","-","**","-","**","61","68","0.0","43.4","16.4","39.5","(X)","(X)","(X)","(X)","(X)","(X)","0.0","43.4","100.0","43.4","0.0","43.4","60.7","56.8","39.3","56.8","123","119","2.48","0.81","123","119","2.37","0.75","81","106","0.0","37.7","0.0","37.7","100.0","37.7","123","119","77.2","29.4","28.5","31.5","(X)","(X)","(X)","(X)","(X)","(X)","58.5","39.0","41.5","39.0","0.0","28.5","13.0","21.0","87.0","21.0","434","122","1.17","0.13","(X)","(X)","(X)","(X)","(X)","(X)","(X)","(X)","(X)","(X)","(X)","(X)","434","122","0.0","9.3","74.4","15.1","53.5","16.9","82.9","12.9","47.7","17.0","15.9","13.5","80.2","14.0","3.9","5.8","13.6","10.5","86.4","10.5",
"1400000US06111008700","Census Tract 87; Ventura County; California","1711","189","3.50","0.31","1342","191","3.84","0.36","551","136","24.1","11.8","15.2","13.4","60.6","16.8","1711","189","38.0","7.0","50.9","9.6","41.8","8.6","16.0","5.5","11.0","4.6","65.3","8.6","34.7","8.6","0.0","2.5","41.9","8.1","58.1","8.1","896","178","4.38","0.51","896","178","4.32","0.50","409","114","25.2","15.1","20.5","17.0","54.3","21.2","896","178","55.9","11.7","37.1","11.3","(X)","(X)","(X)","(X)","(X)","(X)","73.7","12.5","26.3","12.5","0.0","4.6","51.1","11.7","48.9","11.7","160","111","3.04","0.73","160","111","2.66","0.40","54","56","18.5","34.6","0.0","46.1","81.5","34.6","160","111","38.8","37.4","54.4","38.5","(X)","(X)","(X)","(X)","(X)","(X)","31.9","32.2","68.1","32.2","0.0","23.0","17.5","18.7","82.5","18.7","286","101","3.65","0.81","286","101","2.96","0.38","88","68","22.7","34.8","0.0","35.9","77.3","34.8","286","101","30.8","19.2","67.5","22.3","(X)","(X)","(X)","(X)","(X)","(X)","80.8","18.6","19.2","18.6","0.0","13.8","46.2","23.4","53.8","23.4","369","103","1.44","0.28","(X)","(X)","(X)","(X)","(X)","(X)","(X)","(X)","(X)","(X)","(X)","(X)","369","103","0.0","10.9","70.2","17.2","61.0","16.6","74.0","14.7","51.2","16.6","47.4","17.1","52.6","17.1","0.0","10.9","26.8","15.0","73.2","15.0",
"1400000US06111008800","Census Tract 88; Ventura County; California","1278","126","4.09","0.38","1193","114","3.98","0.38","584","130","6.0","7.1","20.9","16.3","73.1","16.0","1278","126","50.7","9.7","45.9","8.0","35.9","7.0","5.7","3.9","4.7","3.8","90.8","7.0","9.2","7.0","0.0","3.3","75.2","9.6","24.8","9.6","881","121","4.24","0.46","881","121","4.05","0.46","367","128","0.0","10.9","7.9","9.7","92.1","9.7","881","121","48.9","13.2","48.4","12.1","(X)","(X)","(X)","(X)","(X)","(X)","98.8","2.1","1.2","2.1","0.0","4.7","82.1","9.6","17.9","9.6","146","83","4.01","0.45","146","83","3.46","0.35","85","68","0.0","36.7","61.2","58.7","38.8","58.7","146","83","58.2","25.4","36.3","26.5","(X)","(X)","(X)","(X)","(X)","(X)","100.0","24.9","0.0","24.9","0.0","24.9","77.4","33.5","22.6","33.5","166","99","4.72","1.48","166","99","4.06","1.25","132","95","26.5","30.3","31.1","40.9","42.4","33.9","166","99","79.5","23.5","15.1","20.4","(X)","(X)","(X)","(X)","(X)","(X)","53.0","33.9","47.0","33.9","0.0","22.3","41.0","28.9","59.0","28.9","85","54","1.42","0.47","(X)","(X)","(X)","(X)","(X)","(X)","(X)","(X)","(X)","(X)","(X)","(X)","85","54","0.0","36.7","97.6","6.4","84.7","18.4","85.9","18.6","70.6","26.8","67.1","39.4","32.9","39.4","0.0","36.7","67.1","39.4","32.9","39.4",
"1400000US06111008900","Census Tract 89; Ventura County; California","748","92","4.74","0.52","641","120","4.68","0.65","264","89","4.2","4.6","28.0","18.5","67.8","18.6","748","92","45.1","12.2","52.0","12.1","42.0","11.1","9.1","6.8","8.0","6.8","100.0","5.5","0.0","5.5","0.0","5.5","78.6","11.1","21.4","11.1","506","124","5.04","0.73","506","124","4.56","0.81","211","89","5.2","6.0","31.3","22.1","63.5","22.2","506","124","49.2","15.6","50.4","14.9","(X)","(X)","(X)","(X)","(X)","(X)","100.0","8.1","0.0","8.1","0.0","8.1","74.7","14.0","25.3","14.0","57","39","5.65","2.43","57","39","5.14","2.26","15","18","0.0","87.6","53.3","53.3","46.7","53.3","57","39","54.4","36.2","28.1","28.5","(X)","(X)","(X)","(X)","(X)","(X)","100.0","44.9","0.0","44.9","0.0","44.9","100.0","44.9","0.0","44.9","78","46","5.12","1.01","78","46","5.12","1.01","38","38","0.0","55.0","0.0","55.0","100.0","55.0","78","46","73.1","21.8","48.7","27.6","(X)","(X)","(X)","(X)","(X)","(X)","100.0","38.4","0.0","38.4","0.0","38.4","83.3","18.9","16.7","18.9","107","65","2.59","2.01","(X)","(X)","(X)","(X)","(X)","(X)","(X)","(X)","(X)","(X)","(X)","(X)","107","65","0.0","31.6","74.8","29.8","74.8","29.8","63.6","33.2","56.1","30.0","100.0","31.6","0.0","31.6","0.0","31.6","82.2","26.7","17.8","26.7",
"1400000US06111009100","Census Tract 91; Ventura County; California","1266","177","4.08","0.45","1112","176","3.87","0.36","669","140","13.9","10.7","20.3","13.6","65.8","14.9","1266","177","60.9","9.2","40.6","9.5","30.3","7.3","6.5","3.6","4.7","3.0","44.9","10.5","35.3","10.2","19.7","7.0","33.0","8.8","67.0","8.8","403","165","4.69","0.63","403","165","4.50","0.65","278","150","3.2","5.0","21.6","19.9","75.2","20.4","403","165","81.6","14.2","30.8","17.6","(X)","(X)","(X)","(X)","(X)","(X)","49.6","21.7","32.0","19.8","18.4","14.0","37.0","22.3","63.0","22.3","246","126","3.52","0.69","246","126","2.88","0.46","95","69","48.4","43.1","0.0","34.2","51.6","43.1","246","126","55.3","27.8","56.1","25.4","(X)","(X)","(X)","(X)","(X)","(X)","51.2","24.4","25.2","21.4","23.6","18.8","49.6","21.8","50.4","21.8","463","124","4.60","1.04","463","124","3.84","0.53","296","102","12.8","16.0","25.7","21.0","61.5","24.4","463","124","63.9","14.7","25.9","13.4","(X)","(X)","(X)","(X)","(X)","(X)","38.2","14.5","51.0","12.6","10.8","12.5","14.7","11.9","85.3","11.9","154","71","1.82","0.56","(X)","(X)","(X)","(X)","(X)","(X)","(X)","(X)","(X)","(X)","(X)","(X)","154","71","6.5","10.5","85.7","15.9","54.5","25.0","53.2","25.2","39.0","22.0","42.9","26.5","13.0","14.5","44.2","26.1","51.3","29.2","48.7","29.2",
"1400000US06111009200","Census Tract 92; Ventura County; California","2054","264","3.19","0.36","1702","304","3.26","0.34","718","145","21.0","14.3","21.4","14.7","57.5","16.0","2054","264","41.6","9.1","35.3","8.0","29.6","7.5","14.4","6.2","3.3","2.4","83.4","7.0","16.6","7.0","0.0","2.0","67.7","8.6","32.3","8.6","1067","192","3.95","0.53","1067","192","3.71","0.44","476","147","20.8","16.7","22.9","18.3","56.3","19.1","1067","192","56.0","13.1","44.7","9.3","(X)","(X)","(X)","(X)","(X)","(X)","86.2","8.1","13.8","8.1","0.0","3.9","70.8","9.1","29.2","9.1","399","288","2.67","0.60","399","288","2.38","0.40","138","87","17.4","28.1","0.0","26.0","82.6","28.1","399","288","38.1","32.7","26.3","29.8","(X)","(X)","(X)","(X)","(X)","(X)","96.2","5.7","3.8","5.7","0.0","10.1","96.2","5.7","3.8","5.7","236","112","3.64","1.29","236","112","2.72","0.44","104","72","26.9","36.6","43.3","40.3","29.8","31.3","236","112","44.1","20.5","32.2","24.0","(X)","(X)","(X)","(X)","(X)","(X)","82.2","17.4","17.8","17.4","0.0","16.4","55.9","22.7","44.1","22.7","352","122","1.17","0.20","(X)","(X)","(X)","(X)","(X)","(X)","(X)","(X)","(X)","(X)","(X)","(X)","352","122","0.0","11.4","19.3","14.1","19.3","14.1","84.1","19.0","19.3","14.1","61.1","21.2","38.9","21.2","0.0","11.4","33.8","21.1","66.2","21.1",
"1400000US06111009300","Census Tract 93; Ventura County; California","1823","148","3.24","0.27","1483","158","3.53","0.30","488","127","14.5","8.5","5.3","5.3","80.1","10.7","1823","148","32.0","6.7","54.4","7.2","46.3","6.6","12.4","4.4","8.1","3.8","94.2","2.8","0.3","0.5","5.5","2.7","73.8","5.8","26.2","5.8","1280","174","3.51","0.33","1280","174","3.51","0.33","407","122","16.5","10.0","6.4","6.2","77.1","12.7","1280","174","34.7","8.1","54.6","7.8","(X)","(X)","(X)","(X)","(X)","(X)","94.8","3.3","0.0","3.3","5.2","3.3","76.3","7.1","23.8","7.1","81","48","3.30","0.59","81","48","3.22","0.54","29","22","0.0","63.0","0.0","63.0","100.0","63.0","81","48","64.2","33.7","27.2","28.7","(X)","(X)","(X)","(X)","(X)","(X)","77.8","25.3","7.4","12.2","14.8","22.2","61.7","25.5","38.3","25.5","122","66","4.93","1.44","122","66","4.02","1.27","52","45","7.7","13.2","0.0","47.0","92.3","13.2","122","66","59.8","27.9","41.0","26.8","(X)","(X)","(X)","(X)","(X)","(X)","100.0","28.7","0.0","28.7","0.0","28.7","60.7","28.4","39.3","28.4","340","102","1.59","0.40","(X)","(X)","(X)","(X)","(X)","(X)","(X)","(X)","(X)","(X)","(X)","(X)","340","102","4.4","6.4","64.7","17.0","52.4","15.3","66.5","14.6","43.2","15.4","93.5","6.2","0.0","11.7","6.5","6.2","72.1","15.8","27.9","15.8",
"1400000US06111009400","Census Tract 94; Ventura County; California","756","90","2.31","0.22","496","66","2.85","0.24","120","62","11.7","17.9","9.2","10.3","79.2","20.1","756","90","23.3","8.7","57.3","8.9","36.9","9.1","28.2","9.1","13.5","8.4","67.1","7.4","32.9","7.4","0.0","5.5","48.0","8.1","52.0","8.1","339","66","3.12","0.27","339","66","3.04","0.27","77","46","18.2","24.0","14.3","16.8","67.5","26.2","339","66","27.1","11.2","62.8","11.7","(X)","(X)","(X)","(X)","(X)","(X)","81.1","9.1","18.9","9.1","0.0","11.8","66.1","12.7","33.9","12.7","110","70","2.36","0.44","110","70","2.36","0.44","43","44","0.0","51.7","0.0","51.7","100.0","51.7","110","70","76.4","21.4","23.6","21.4","(X)","(X)","(X)","(X)","(X)","(X)","61.8","31.2","38.2","31.2","0.0","31.0","30.0","22.2","70.0","22.2","47","39","2.68","0.70","47","39","2.68","0.70","0","14","-","**","-","**","-","**","47","39","0.0","49.5","76.6","27.9","(X)","(X)","(X)","(X)","(X)","(X)","76.6","27.9","23.4","27.9","0.0","49.5","76.6","27.9","23.4","27.9","260","91","1.16","0.10","(X)","(X)","(X)","(X)","(X)","(X)","(X)","(X)","(X)","(X)","(X)","(X)","260","91","0.0","15.0","60.8","16.4","42.3","17.6","81.9","10.5","39.2","18.0","49.2","17.4","50.8","17.4","0.0","15.0","26.9","13.3","73.1","13.3",
"1400000US06111009500","Census Tract 95; Ventura County; California","1328","158","2.26","0.26","667","104","2.92","0.28","173","78","14.5","11.6","13.9","15.2","71.7","16.6","1328","158","14.2","5.8","67.1","7.9","49.2","7.8","40.1","8.2","21.3","7.6","73.9","7.9","7.0","5.4","19.1","7.2","67.5","8.9","32.5","8.9","469","97","3.10","0.39","469","97","2.92","0.36","138","71","18.1","14.2","17.4","19.4","64.5","20.7","469","97","29.4","11.9","63.1","12.4","(X)","(X)","(X)","(X)","(X)","(X)","93.6","5.6","0.0","8.7","6.4","5.6","89.3","6.6","10.7","6.6","80","55","2.65","0.52","80","55","2.65","0.52","27","29","0.0","65.3","0.0","65.3","100.0","65.3","80","55","52.5","27.6","45.0","31.5","(X)","(X)","(X)","(X)","(X)","(X)","100.0","37.9","0.0","37.9","0.0","37.9","63.8","31.3","36.3","31.3","118","54","3.36","0.77","118","54","3.11","0.81","8","15","0.0","100.0","0.0","100.0","100.0","100.0","118","54","6.8","11.2","93.2","11.2","(X)","(X)","(X)","(X)","(X)","(X)","100.0","29.4","0.0","29.4","0.0","29.4","42.4","25.8","57.6","25.8","661","170","1.41","0.42","(X)","(X)","(X)","(X)","(X)","(X)","(X)","(X)","(X)","(X)","(X)","(X)","661","170","0.0","6.2","67.9","15.0","51.9","15.9","80.5","13.1","42.8","15.2","52.0","13.9","14.1","10.5","33.9","13.7","56.9","15.1","43.1","15.1",
"1400000US06111009600","Census Tract 96; Ventura County; California","1306","143","2.60","0.23","1020","139","2.96","0.23","348","107","14.1","11.8","16.1","13.6","69.8","13.0","1306","143","27.6","7.2","62.0","8.7","50.7","7.1","18.1","4.7","12.5","4.3","97.2","2.9","2.8","2.9","0.0","3.2","95.3","3.1","4.7","3.1","968","140","2.98","0.26","968","140","2.96","0.25","316","104","15.5","12.8","17.7","15.6","66.8","14.6","968","140","32.6","9.0","61.4","10.4","(X)","(X)","(X)","(X)","(X)","(X)","100.0","4.3","0.0","4.3","0.0","4.3","97.4","2.3","2.6","2.3","26","24","2.38","0.46","26","24","2.15","0.19","6","11","0.0","100.0","0.0","100.0","100.0","100.0","26","24","50.0","46.4","76.9","39.2","(X)","(X)","(X)","(X)","(X)","(X)","100.0","66.5","0.0","66.5","0.0","66.5","100.0","66.5","0.0","66.5","26","35","4.00","0.46","26","35","4.00","0.46","26","35","0.0","66.5","0.0","66.5","100.0","66.5","26","35","100.0","66.5","0.0","66.5","(X)","(X)","(X)","(X)","(X)","(X)","100.0","66.5","0.0","66.5","0.0","66.5","100.0","66.5","0.0","66.5","286","77","1.20","0.16","(X)","(X)","(X)","(X)","(X)","(X)","(X)","(X)","(X)","(X)","(X)","(X)","286","77","1.7","4.3","68.5","16.5","62.2","16.6","82.9","12.3","57.0","16.2","87.4","12.1","12.6","12.1","0.0","13.8","87.4","12.1","12.6","12.1",
"1400000US06111009700","Census Tract 97; Ventura County; California","911","124","3.17","0.39","683","120","3.66","0.44","240","86","31.7","22.9","35.0","20.9","33.3","17.4","911","124","31.9","7.9","43.6","10.0","36.4","9.2","18.1","6.4","8.3","4.6","75.4","7.9","15.3","6.0","9.3","5.5","61.0","8.1","39.0","8.1","541","121","3.70","0.43","541","121","3.65","0.44","177","73","28.2","27.3","47.5","28.2","24.3","19.1","541","121","34.9","9.6","50.6","14.3","(X)","(X)","(X)","(X)","(X)","(X)","72.6","10.1","18.9","10.1","8.5","7.1","73.2","11.5","26.8","11.5","61","56","3.97","0.73","61","56","3.57","0.53","30","41","86.7","33.6","0.0","61.9","13.3","33.6","61","56","73.8","40.8","42.6","47.0","(X)","(X)","(X)","(X)","(X)","(X)","100.0","43.4","0.0","43.4","0.0","43.4","67.2","41.0","32.8","41.0","81","43","3.98","1.74","81","43","3.80","1.75","33","34","0.0","59.0","0.0","59.0","100.0","59.0","81","43","56.8","42.6","9.9","16.5","(X)","(X)","(X)","(X)","(X)","(X)","63.0","37.9","27.2","36.5","9.9","16.5","50.6","37.6","49.4","37.6","228","62","1.43","0.23","(X)","(X)","(X)","(X)","(X)","(X)","(X)","(X)","(X)","(X)","(X)","(X)","228","62","4.8","8.2","39.0","16.2","39.0","16.2","72.4","17.3","33.3","14.8","79.8","16.1","6.6","9.6","13.6","15.8","34.2","16.1","65.8","16.1",
"1400000US06111980000","Census Tract 9800; Ventura County; California","0","14","-","**","0","14","-","**","0","14","-","**","-","**","-","**","0","14","-","**","-","**","-","**","-","**","-","**","-","**","-","**","-","**","-","**","-","**","0","14","-","**","0","14","-","**","0","14","-","**","-","**","-","**","0","14","-","**","-","**","(X)","(X)","(X)","(X)","(X)","(X)","-","**","-","**","-","**","-","**","-","**","0","14","-","**","0","14","-","**","0","14","-","**","-","**","-","**","0","14","-","**","-","**","(X)","(X)","(X)","(X)","(X)","(X)","-","**","-","**","-","**","-","**","-","**","0","14","-","**","0","14","-","**","0","14","-","**","-","**","-","**","0","14","-","**","-","**","(X)","(X)","(X)","(X)","(X)","(X)","-","**","-","**","-","**","-","**","-","**","0","14","-","**","(X)","(X)","(X)","(X)","(X)","(X)","(X)","(X)","(X)","(X)","(X)","(X)","0","14","-","**","-","**","-","**","-","**","-","**","-","**","-","**","-","**","-","**","-","**",
"1400000US06111990100","Census Tract 9901; Ventura County; California","0","14","-","**","0","14","-","**","0","14","-","**","-","**","-","**","0","14","-","**","-","**","-","**","-","**","-","**","-","**","-","**","-","**","-","**","-","**","0","14","-","**","0","14","-","**","0","14","-","**","-","**","-","**","0","14","-","**","-","**","(X)","(X)","(X)","(X)","(X)","(X)","-","**","-","**","-","**","-","**","-","**","0","14","-","**","0","14","-","**","0","14","-","**","-","**","-","**","0","14","-","**","-","**","(X)","(X)","(X)","(X)","(X)","(X)","-","**","-","**","-","**","-","**","-","**","0","14","-","**","0","14","-","**","0","14","-","**","-","**","-","**","0","14","-","**","-","**","(X)","(X)","(X)","(X)","(X)","(X)","-","**","-","**","-","**","-","**","-","**","0","14","-","**","(X)","(X)","(X)","(X)","(X)","(X)","(X)","(X)","(X)","(X)","(X)","(X)","0","14","-","**","-","**","-","**","-","**","-","**","-","**","-","**","-","**","-","**","-","**",
