"GEO_ID","NAME","S1101_C01_001E","S1101_C01_001M","S1101_C02_001E","S1101_C02_001M","S1101_C03_001E","S1101_C03_001M","S1101_C04_001E","S1101_C04_001M","S1101_C05_001E","S1101_C05_001M","S1101_C01_002E","S1101_C01_002M","S1101_C02_002E","S1101_C02_002M","S1101_C03_002E","S1101_C03_002M","S1101_C04_002E","S1101_C04_002M","S1101_C05_002E","S1101_C05_002M","S1101_C01_003E","S1101_C01_003M","S1101_C02_003E","S1101_C02_003M","S1101_C03_003E","S1101_C03_003M","S1101_C04_003E","S1101_C04_003M","S1101_C05_003E","S1101_C05_003M","S1101_C01_004E","S1101_C01_004M","S1101_C02_004E","S1101_C02_004M","S1101_C03_004E","S1101_C03_004M","S1101_C04_004E","S1101_C04_004M","S1101_C05_004E","S1101_C05_004M","S1101_C01_005E","S1101_C01_005M","S1101_C02_005E","S1101_C02_005M","S1101_C03_005E","S1101_C03_005M","S1101_C04_005E","S1101_C04_005M","S1101_C05_005E","S1101_C05_005M","S1101_C01_006E","S1101_C01_006M","S1101_C02_006E","S1101_C02_006M","S1101_C03_006E","S1101_C03_006M","S1101_C04_006E","S1101_C04_006M","S1101_C05_006E","S1101_C05_006M","S1101_C01_007E","S1101_C01_007M","S1101_C02_007E","S1101_C02_007M","S1101_C03_007E","S1101_C03_007M","S1101_C04_007E","S1101_C04_007M","S1101_C05_007E","S1101_C05_007M","S1101_C01_008E","S1101_C01_008M","S1101_C02_008E","S1101_C02_008M","S1101_C03_008E","S1101_C03_008M","S1101_C04_008E","S1101_C04_008M","S1101_C05_008E","S1101_C05_008M","S1101_C01_009E","S1101_C01_009M","S1101_C02_009E","S1101_C02_009M","S1101_C03_009E","S1101_C03_009M","S1101_C04_009E","S1101_C04_009M","S1101_C05_009E","S1101_C05_009M","S1101_C01_010E","S1101_C01_010M","S1101_C02_010E","S1101_C02_010M","S1101_C03_010E","S1101_C03_010M","S1101_C04_010E","S1101_C04_010M","S1101_C05_010E","S1101_C05_010M","S1101_C01_011E","S1101_C01_011M","S1101_C02_011E","S1101_C02_011M","S1101_C03_011E","S1101_C03_011M","S1101_C04_011E","S1101_C04_011M","S1101_C05_011E","S1101_C05_011M","S1101_C01_012E","S1101_C01_012M","S1101_C02_012E","S1101_C02_012M","S1101_C03_012E","S1101_C03_012M","S1101_C04_012E","S1101_C04_012M","S1101_C05_012E","S1101_C05_012M","S1101_C01_013E","S1101_C01_013M","S1101_C02_013E","S1101_C02_013M","S1101_C03_013E","S1101_C03_013M","S1101_C04_013E","S1101_C04_013M","S1101_C05_013E","S1101_C05_013M","S1101_C01_014E","S1101_C01_014M","S1101_C02_014E","S1101_C02_014M","S1101_C03_014E","S1101_C03_014M","S1101_C04_014E","S1101_C04_014M","S1101_C05_014E","S1101_C05_014M","S1101_C01_015E","S1101_C01_015M","S1101_C02_015E","S1101_C02_015M","S1101_C03_015E","S1101_C03_015M","S1101_C04_015E","S1101_C04_015M","S1101_C05_015E","S1101_C05_015M","S1101_C01_016E","S1101_C01_016M","S1101_C02_016E","S1101_C02_016M","S1101_C03_016E","S1101_C03_016M","S1101_C04_016E","S1101_C04_016M","S1101_C05_016E","S1101_C05_016M","S1101_C01_017E","S1101_C01_017M","S1101_C02_017E","S1101_C02_017M","S1101_C03_017E","S1101_C03_017M","S1101_C04_017E","S1101_C04_017M","S1101_C05_017E","S1101_C05_017M","S1101_C01_018E","S1101_C01_018M","S1101_C02_018E","S1101_C02_018M","S1101_C03_018E","S1101_C03_018M","S1101_C04_018E","S1101_C04_018M","S1101_C05_018E","S1101_C05_018M","S1101_C01_019E","S1101_C01_019M","S1101_C02_019E","S1101_C02_019M","S1101_C03_019E","S1101_C03_019M","S1101_C04_019E","S1101_C04_019M","S1101_C05_019E","S1101_C05_019M","S1101_C01_020E","S1101_C01_020M","S1101_C02_020E","S1101_C02_020M","S1101_C03_020E","S1101_C03_020M","S1101_C04_020E","S1101_C04_020M","S1101_C05_020E","S1101_C05_020M",
"Geography","Geographic Area Name","Total!!Estimate!!Total households","Total!!Margin of Error!!Total households","Married-couple family household!!Estimate!!Total households","Married-couple family household!!Margin of Error!!Total households","Male householder, no wife present, family household!!Estimate!!Total households","Male householder, no wife present, family household!!Margin of Error!!Total households","Female householder, no husband present, family household!!Estimate!!Total households","Female householder, no husband present, family household!!Margin of Error!!Total households","Nonfamily household!!Estimate!!Total households","Nonfamily household!!Margin of Error!!Total households","Total!!Estimate!!Average household size","Total!!Margin of Error!!Average household size","Married-couple family household!!Estimate!!Average household size","Married-couple family household!!Margin of Error!!Average household size","Male householder, no wife present, family household!!Estimate!!Average household size","Male householder, no wife present, family household!!Margin of Error!!Average household size","Female householder, no husband present, family household!!Estimate!!Average household size","Female householder, no husband present, family household!!Margin of Error!!Average household size","Nonfamily household!!Estimate!!Average household size","Nonfamily household!!Margin of Error!!Average household size","Total!!Estimate!!FAMILIES!!Total families","Total!!Margin of Error!!FAMILIES!!Total families","Married-couple family household!!Estimate!!FAMILIES!!Total families","Married-couple family household!!Margin of Error!!FAMILIES!!Total families","Male householder, no wife present, family household!!Estimate!!FAMILIES!!Total families","Male householder, no wife present, family household!!Margin of Error!!FAMILIES!!Total families","Female householder, no husband present, family household!!Estimate!!FAMILIES!!Total families","Female householder, no husband present, family household!!Margin of Error!!FAMILIES!!Total families","Nonfamily household!!Estimate!!FAMILIES!!Total families","Nonfamily household!!Margin of Error!!FAMILIES!!Total families","Total!!Estimate!!FAMILIES!!Average family size","Total!!Margin of Error!!FAMILIES!!Average family size","Married-couple family household!!Estimate!!FAMILIES!!Average family size","Married-couple family household!!Margin of Error!!FAMILIES!!Average family size","Male householder, no wife present, family household!!Estimate!!FAMILIES!!Average family size","Male householder, no wife present, family household!!Margin of Error!!FAMILIES!!Average family size","Female householder, no husband present, family household!!Estimate!!FAMILIES!!Average family size","Female householder, no husband present, family household!!Margin of Error!!FAMILIES!!Average family size","Nonfamily household!!Estimate!!FAMILIES!!Average family size","Nonfamily household!!Margin of Error!!FAMILIES!!Average family size","Total!!Estimate!!AGE OF OWN CHILDREN!!Households with own children under 18 years","Total!!Margin of Error!!AGE OF OWN CHILDREN!!Households with own children under 18 years","Married-couple family household!!Estimate!!AGE OF OWN CHILDREN!!Households with own children under 18 years","Married-couple family household!!Margin of Error!!AGE OF OWN CHILDREN!!Households with own children under 18 years","Male householder, no wife present, family household!!Estimate!!AGE OF OWN CHILDREN!!Households with own children under 18 years","Male householder, no wife present, family household!!Margin of Error!!AGE OF OWN CHILDREN!!Households with own children under 18 years","Female householder, no husband present, family household!!Estimate!!AGE OF OWN CHILDREN!!Households with own children under 18 years","Female householder, no husband present, family household!!Margin of Error!!AGE OF OWN CHILDREN!!Households with own children under 18 years","Nonfamily household!!Estimate!!AGE OF OWN CHILDREN!!Households with own children under 18 years","Nonfamily household!!Margin of Error!!AGE OF OWN CHILDREN!!Households with own children under 18 years","Total!!Estimate!!AGE OF OWN CHILDREN!!Under 6 years only","Total!!Margin of Error!!AGE OF OWN CHILDREN!!Under 6 years only","Married-couple family household!!Estimate!!AGE OF OWN CHILDREN!!Under 6 years only","Married-couple family household!!Margin of Error!!AGE OF OWN CHILDREN!!Under 6 years only","Male householder, no wife present, family household!!Estimate!!AGE OF OWN CHILDREN!!Under 6 years only","Male householder, no wife present, family household!!Margin of Error!!AGE OF OWN CHILDREN!!Under 6 years only","Female householder, no husband present, family household!!Estimate!!AGE OF OWN CHILDREN!!Under 6 years only","Female householder, no husband present, family household!!Margin of Error!!AGE OF OWN CHILDREN!!Under 6 years only","Nonfamily household!!Estimate!!AGE OF OWN CHILDREN!!Under 6 years only","Nonfamily household!!Margin of Error!!AGE OF OWN CHILDREN!!Under 6 years only","Total!!Estimate!!AGE OF OWN CHILDREN!!Under 6 years and 6 to 17 years","Total!!Margin of Error!!AGE OF OWN CHILDREN!!Under 6 years and 6 to 17 years","Married-couple family household!!Estimate!!AGE OF OWN CHILDREN!!Under 6 years and 6 to 17 years","Married-couple family household!!Margin of Error!!AGE OF OWN CHILDREN!!Under 6 years and 6 to 17 years","Male householder, no wife present, family household!!Estimate!!AGE OF OWN CHILDREN!!Under 6 years and 6 to 17 years","Male householder, no wife present, family household!!Margin of Error!!AGE OF OWN CHILDREN!!Under 6 years and 6 to 17 years","Female householder, no husband present, family household!!Estimate!!AGE OF OWN CHILDREN!!Under 6 years and 6 to 17 years","Female householder, no husband present, family household!!Margin of Error!!AGE OF OWN CHILDREN!!Under 6 years and 6 to 17 years","Nonfamily household!!Estimate!!AGE OF OWN CHILDREN!!Under 6 years and 6 to 17 years","Nonfamily household!!Margin of Error!!AGE OF OWN CHILDREN!!Under 6 years and 6 to 17 years","Total!!Estimate!!AGE OF OWN CHILDREN!!6 to 17 years only","Total!!Margin of Error!!AGE OF OWN CHILDREN!!6 to 17 years only","Married-couple family household!!Estimate!!AGE OF OWN CHILDREN!!6 to 17 years only","Married-couple family household!!Margin of Error!!AGE OF OWN CHILDREN!!6 to 17 years only","Male householder, no wife present, family household!!Estimate!!AGE OF OWN CHILDREN!!6 to 17 years only","Male householder, no wife present, family household!!Margin of Error!!AGE OF OWN CHILDREN!!6 to 17 years only","Female householder, no husband present, family household!!Estimate!!AGE OF OWN CHILDREN!!6 to 17 years only","Female householder, no husband present, family household!!Margin of Error!!AGE OF OWN CHILDREN!!6 to 17 years only","Nonfamily household!!Estimate!!AGE OF OWN CHILDREN!!6 to 17 years only","Nonfamily household!!Margin of Error!!AGE OF OWN CHILDREN!!6 to 17 years only","Total!!Estimate!!Total households","Total!!Margin of Error!!Total households","Married-couple family household!!Estimate!!Total households","Married-couple family household!!Margin of Error!!Total households","Male householder, no wife present, family household!!Estimate!!Total households","Male householder, no wife present, family household!!Margin of Error!!Total households","Female householder, no husband present, family household!!Estimate!!Total households","Female householder, no husband present, family household!!Margin of Error!!Total households","Nonfamily household!!Estimate!!Total households","Nonfamily household!!Margin of Error!!Total households","Total!!Estimate!!SELECTED HOUSEHOLDS BY TYPE!!Households with one or more people under 18 years","Total!!Margin of Error!!SELECTED HOUSEHOLDS BY TYPE!!Households with one or more people under 18 years","Married-couple family household!!Estimate!!SELECTED HOUSEHOLDS BY TYPE!!Households with one or more people under 18 years","Married-couple family household!!Margin of Error!!SELECTED HOUSEHOLDS BY TYPE!!Households with one or more people under 18 years","Male householder, no wife present, family household!!Estimate!!SELECTED HOUSEHOLDS BY TYPE!!Households with one or more people under 18 years","Male householder, no wife present, family household!!Margin of Error!!SELECTED HOUSEHOLDS BY TYPE!!Households with one or more people under 18 years","Female householder, no husband present, family household!!Estimate!!SELECTED HOUSEHOLDS BY TYPE!!Households with one or more people under 18 years","Female householder, no husband present, family household!!Margin of Error!!SELECTED HOUSEHOLDS BY TYPE!!Households with one or more people under 18 years","Nonfamily household!!Estimate!!SELECTED HOUSEHOLDS BY TYPE!!Households with one or more people under 18 years","Nonfamily household!!Margin of Error!!SELECTED HOUSEHOLDS BY TYPE!!Households with one or more people under 18 years","Total!!Estimate!!SELECTED HOUSEHOLDS BY TYPE!!Households with one or more people 60 years and over","Total!!Margin of Error!!SELECTED HOUSEHOLDS BY TYPE!!Households with one or more people 60 years and over","Married-couple family household!!Estimate!!SELECTED HOUSEHOLDS BY TYPE!!Households with one or more people 60 years and over","Married-couple family household!!Margin of Error!!SELECTED HOUSEHOLDS BY TYPE!!Households with one or more people 60 years and over","Male householder, no wife present, family household!!Estimate!!SELECTED HOUSEHOLDS BY TYPE!!Households with one or more people 60 years and over","Male householder, no wife present, family household!!Margin of Error!!SELECTED HOUSEHOLDS BY TYPE!!Households with one or more people 60 years and over","Female householder, no husband present, family household!!Estimate!!SELECTED HOUSEHOLDS BY TYPE!!Households with one or more people 60 years and over","Female householder, no husband present, family household!!Margin of Error!!SELECTED HOUSEHOLDS BY TYPE!!Households with one or more people 60 years and over","Nonfamily household!!Estimate!!SELECTED HOUSEHOLDS BY TYPE!!Households with one or more people 60 years and over","Nonfamily household!!Margin of Error!!SELECTED HOUSEHOLDS BY TYPE!!Households with one or more people 60 years and over","Total!!Estimate!!SELECTED HOUSEHOLDS BY TYPE!!Householder living alone","Total!!Margin of Error!!SELECTED HOUSEHOLDS BY TYPE!!Householder living alone","Married-couple family household!!Estimate!!SELECTED HOUSEHOLDS BY TYPE!!Householder living alone","Married-couple family household!!Margin of Error!!SELECTED HOUSEHOLDS BY TYPE!!Householder living alone","Male householder, no wife present, family household!!Estimate!!SELECTED HOUSEHOLDS BY TYPE!!Householder living alone","Male householder, no wife present, family household!!Margin of Error!!SELECTED HOUSEHOLDS BY TYPE!!Householder living alone","Female householder, no husband present, family household!!Estimate!!SELECTED HOUSEHOLDS BY TYPE!!Householder living alone","Female householder, no husband present, family household!!Margin of Error!!SELECTED HOUSEHOLDS BY TYPE!!Householder living alone","Nonfamily household!!Estimate!!SELECTED HOUSEHOLDS BY TYPE!!Householder living alone","Nonfamily household!!Margin of Error!!SELECTED HOUSEHOLDS BY TYPE!!Householder living alone","Total!!Estimate!!SELECTED HOUSEHOLDS BY TYPE!!Householder living alone!!65 years and over","Total!!Margin of Error!!SELECTED HOUSEHOLDS BY TYPE!!Householder living alone!!65 years and over","Married-couple family household!!Estimate!!SELECTED HOUSEHOLDS BY TYPE!!Householder living alone!!65 years and over","Married-couple family household!!Margin of Error!!SELECTED HOUSEHOLDS BY TYPE!!Householder living alone!!65 years and over","Male householder, no wife present, family household!!Estimate!!SELECTED HOUSEHOLDS BY TYPE!!Householder living alone!!65 years and over","Male householder, no wife present, family household!!Margin of Error!!SELECTED HOUSEHOLDS BY TYPE!!Householder living alone!!65 years and over","Female householder, no husband present, family household!!Estimate!!SELECTED HOUSEHOLDS BY TYPE!!Householder living alone!!65 years and over","Female householder, no husband present, family household!!Margin of Error!!SELECTED HOUSEHOLDS BY TYPE!!Householder living alone!!65 years and over","Nonfamily household!!Estimate!!SELECTED HOUSEHOLDS BY TYPE!!Householder living alone!!65 years and over","Nonfamily household!!Margin of Error!!SELECTED HOUSEHOLDS BY TYPE!!Householder living alone!!65 years and over","Total!!Estimate!!UNMARRIED-PARTNER HOUSEHOLDS!!Same sex","Total!!Margin of Error!!UNMARRIED-PARTNER HOUSEHOLDS!!Same sex","Married-couple family household!!Estimate!!UNMARRIED-PARTNER HOUSEHOLDS!!Same sex","Married-couple family household!!Margin of Error!!UNMARRIED-PARTNER HOUSEHOLDS!!Same sex","Male householder, no wife present, family household!!Estimate!!UNMARRIED-PARTNER HOUSEHOLDS!!Same sex","Male householder, no wife present, family household!!Margin of Error!!UNMARRIED-PARTNER HOUSEHOLDS!!Same sex","Female householder, no husband present, family household!!Estimate!!UNMARRIED-PARTNER HOUSEHOLDS!!Same sex","Female householder, no husband present, family household!!Margin of Error!!UNMARRIED-PARTNER HOUSEHOLDS!!Same sex","Nonfamily household!!Estimate!!UNMARRIED-PARTNER HOUSEHOLDS!!Same sex","Nonfamily household!!Margin of Error!!UNMARRIED-PARTNER HOUSEHOLDS!!Same sex","Total!!Estimate!!UNMARRIED-PARTNER HOUSEHOLDS!!Opposite sex","Total!!Margin of Error!!UNMARRIED-PARTNER HOUSEHOLDS!!Opposite sex","Married-couple family household!!Estimate!!UNMARRIED-PARTNER HOUSEHOLDS!!Opposite sex","Married-couple family household!!Margin of Error!!UNMARRIED-PARTNER HOUSEHOLDS!!Opposite sex","Male householder, no wife present, family household!!Estimate!!UNMARRIED-PARTNER HOUSEHOLDS!!Opposite sex","Male householder, no wife present, family household!!Margin of Error!!UNMARRIED-PARTNER HOUSEHOLDS!!Opposite sex","Female householder, no husband present, family household!!Estimate!!UNMARRIED-PARTNER HOUSEHOLDS!!Opposite sex","Female householder, no husband present, family household!!Margin of Error!!UNMARRIED-PARTNER HOUSEHOLDS!!Opposite sex","Nonfamily household!!Estimate!!UNMARRIED-PARTNER HOUSEHOLDS!!Opposite sex","Nonfamily household!!Margin of Error!!UNMARRIED-PARTNER HOUSEHOLDS!!Opposite sex","Total!!Estimate!!UNITS IN STRUCTURE!!1-unit structures","Total!!Margin of Error!!UNITS IN STRUCTURE!!1-unit structures","Married-couple family household!!Estimate!!UNITS IN STRUCTURE!!1-unit structures","Married-couple family household!!Margin of Error!!UNITS IN STRUCTURE!!1-unit structures","Male householder, no wife present, family household!!Estimate!!UNITS IN STRUCTURE!!1-unit structures","Male householder, no wife present, family household!!Margin of Error!!UNITS IN STRUCTURE!!1-unit structures","Female householder, no husband present, family household!!Estimate!!UNITS IN STRUCTURE!!1-unit structures","Female householder, no husband present, family household!!Margin of Error!!UNITS IN STRUCTURE!!1-unit structures","Nonfamily household!!Estimate!!UNITS IN STRUCTURE!!1-unit structures","Nonfamily household!!Margin of Error!!UNITS IN STRUCTURE!!1-unit structures","Total!!Estimate!!UNITS IN STRUCTURE!!2-or-more-unit structures","Total!!Margin of Error!!UNITS IN STRUCTURE!!2-or-more-unit structures","Married-couple family household!!Estimate!!UNITS IN STRUCTURE!!2-or-more-unit structures","Married-couple family household!!Margin of Error!!UNITS IN STRUCTURE!!2-or-more-unit structures","Male householder, no wife present, family household!!Estimate!!UNITS IN STRUCTURE!!2-or-more-unit structures","Male householder, no wife present, family household!!Margin of Error!!UNITS IN STRUCTURE!!2-or-more-unit structures","Female householder, no husband present, family household!!Estimate!!UNITS IN STRUCTURE!!2-or-more-unit structures","Female householder, no husband present, family household!!Margin of Error!!UNITS IN STRUCTURE!!2-or-more-unit structures","Nonfamily household!!Estimate!!UNITS IN STRUCTURE!!2-or-more-unit structures","Nonfamily household!!Margin of Error!!UNITS IN STRUCTURE!!2-or-more-unit structures","Total!!Estimate!!UNITS IN STRUCTURE!!Mobile homes and all other types of units","Total!!Margin of Error!!UNITS IN STRUCTURE!!Mobile homes and all other types of units","Married-couple family household!!Estimate!!UNITS IN STRUCTURE!!Mobile homes and all other types of units","Married-couple family household!!Margin of Error!!UNITS IN STRUCTURE!!Mobile homes and all other types of units","Male householder, no wife present, family household!!Estimate!!UNITS IN STRUCTURE!!Mobile homes and all other types of units","Male householder, no wife present, family household!!Margin of Error!!UNITS IN STRUCTURE!!Mobile homes and all other types of units","Female householder, no husband present, family household!!Estimate!!UNITS IN STRUCTURE!!Mobile homes and all other types of units","Female householder, no husband present, family household!!Margin of Error!!UNITS IN STRUCTURE!!Mobile homes and all other types of units","Nonfamily household!!Estimate!!UNITS IN STRUCTURE!!Mobile homes and all other types of units","Nonfamily household!!Margin of Error!!UNITS IN STRUCTURE!!Mobile homes and all other types of units","Total!!Estimate!!HOUSING TENURE!!Owner-occupied housing units","Total!!Margin of Error!!HOUSING TENURE!!Owner-occupied housing units","Married-couple family household!!Estimate!!HOUSING TENURE!!Owner-occupied housing units","Married-couple family household!!Margin of Error!!HOUSING TENURE!!Owner-occupied housing units","Male householder, no wife present, family household!!Estimate!!HOUSING TENURE!!Owner-occupied housing units","Male householder, no wife present, family household!!Margin of Error!!HOUSING TENURE!!Owner-occupied housing units","Female householder, no husband present, family household!!Estimate!!HOUSING TENURE!!Owner-occupied housing units","Female householder, no husband present, family household!!Margin of Error!!HOUSING TENURE!!Owner-occupied housing units","Nonfamily household!!Estimate!!HOUSING TENURE!!Owner-occupied housing units","Nonfamily household!!Margin of Error!!HOUSING TENURE!!Owner-occupied housing units","Total!!Estimate!!HOUSING TENURE!!Renter-occupied housing units","Total!!Margin of Error!!HOUSING TENURE!!Renter-occupied housing units","Married-couple family household!!Estimate!!HOUSING TENURE!!Renter-occupied housing units","Married-couple family household!!Margin of Error!!HOUSING TENURE!!Renter-occupied housing units","Male householder, no wife present, family household!!Estimate!!HOUSING TENURE!!Renter-occupied housing units","Male householder, no wife present, family household!!Margin of Error!!HOUSING TENURE!!Renter-occupied housing units","Female householder, no husband present, family household!!Estimate!!HOUSING TENURE!!Renter-occupied housing units","Female householder, no husband present, family household!!Margin of Error!!HOUSING TENURE!!Renter-occupied housing units","Nonfamily household!!Estimate!!HOUSING TENURE!!Renter-occupied housing units","Nonfamily household!!Margin of Error!!HOUSING TENURE!!Renter-occupied housing units",
"1400000US06111000100","Census Tract 1, Ventura County, California","332","68","132","47","12","17","20","23","168","65","1.81","0.25","2.19","0.20","3.42","0.56","3.35","0.96","1.21","0.20","164","56","132","47","12","17","20","23","(X)","(X)","2.30","0.22","2.16","0.18","3.42","0.56","2.60","1.23","(X)","(X)","16","18","0","13","12","17","4","6","(X)","(X)","75.0","45.8","-","**","100.0","92.0","0.0","100.0","(X)","(X)","0.0","79.6","-","**","0.0","92.0","0.0","100.0","(X)","(X)","25.0","45.8","-","**","0.0","92.0","100.0","100.0","(X)","(X)","332","68","132","47","12","17","20","23","168","65","9.0","7.9","10.6","14.9","100.0","92.0","20.0","37.7","0.0","19.9","31.3","13.6","48.5","19.3","0.0","92.0","15.0","36.9","22.0","17.2","42.8","14.4","(X)","(X)","(X)","(X)","(X)","(X)","84.5","12.9","6.6","6.9","(X)","(X)","(X)","(X)","(X)","(X)","13.1","13.4","0.0","10.7","(X)","(X)","(X)","(X)","(X)","(X)","(X)","(X)","5.1","5.5","(X)","(X)","(X)","(X)","(X)","(X)","(X)","(X)","88.6","8.9","91.7","7.9","100.0","92.0","80.0","37.7","86.3","15.1","0.0","10.7","0.0","24.4","0.0","92.0","0.0","71.2","0.0","19.9","11.4","8.9","8.3","7.9","0.0","92.0","20.0","37.7","13.7","15.1","79.5","10.0","87.1","14.0","0.0","92.0","35.0","52.4","84.5","14.2","20.5","10.0","12.9","14.0","100.0","92.0","65.0","52.4","15.5","14.2",
"1400000US06111000200","Census Tract 2, Ventura County, California","640","57","354","73","96","45","122","59","68","41","4.06","0.34","4.55","0.51","4.04","0.82","4.02","0.67","1.66","0.54","572","67","354","73","96","45","122","59","(X)","(X)","4.26","0.38","4.55","0.51","3.68","0.98","3.88","0.65","(X)","(X)","405","70","250","69","82","43","73","49","(X)","(X)","34.6","11.1","30.4","15.1","57.3","29.4","23.3","32.5","(X)","(X)","20.7","12.3","12.8","11.2","8.5","13.8","61.6","35.9","(X)","(X)","44.7","13.6","56.8","19.2","34.1","27.0","15.1","21.6","(X)","(X)","640","57","354","73","96","45","122","59","68","41","68.4","9.2","75.1","9.3","85.4","17.7","73.8","24.7","0.0","38.6","24.1","9.4","25.4","12.7","14.6","21.6","18.0","21.0","41.2","28.2","5.8","5.1","(X)","(X)","(X)","(X)","(X)","(X)","54.4","34.4","3.3","3.4","(X)","(X)","(X)","(X)","(X)","(X)","30.9","27.8","0.0","5.7","(X)","(X)","(X)","(X)","(X)","(X)","(X)","(X)","10.5","6.8","(X)","(X)","(X)","(X)","(X)","(X)","(X)","(X)","65.2","9.6","72.0","13.4","21.9","18.5","73.0","21.4","76.5","32.3","30.5","9.4","24.0","12.9","70.8","23.5","21.3","20.4","23.5","32.3","4.4","3.3","4.0","4.0","7.3","12.8","5.7","8.7","0.0","38.6","39.4","10.5","48.0","14.7","21.9","20.5","27.0","23.6","41.2","28.2","60.6","10.5","52.0","14.7","78.1","20.5","73.0","23.6","58.8","28.2",
"1400000US06111000302","Census Tract 3.02, Ventura County, California","2225","156","1111","204","150","131","368","160","596","183","2.97","0.27","3.71","0.33","4.40","1.04","3.31","0.60","1.03","0.05","1629","156","1111","204","150","131","368","160","(X)","(X)","3.58","0.27","3.68","0.34","3.75","1.17","3.20","0.60","(X)","(X)","808","168","536","166","109","112","163","129","(X)","(X)","12.3","10.2","18.5","14.7","0.0","28.4","0.0","20.4","(X)","(X)","35.8","16.1","29.9","18.0","55.0","46.0","42.3","40.3","(X)","(X)","52.0","14.9","51.7","19.2","45.0","46.0","57.7","40.3","(X)","(X)","2225","156","1111","204","150","131","368","160","596","183","38.3","7.2","48.2","10.2","72.7","29.5","56.3","26.7","0.0","6.1","42.0","8.1","35.6","8.5","12.7","18.6","41.0","32.3","61.7","19.6","26.0","7.1","(X)","(X)","(X)","(X)","(X)","(X)","97.0","4.9","12.9","5.7","(X)","(X)","(X)","(X)","(X)","(X)","48.2","18.1","1.0","1.6","(X)","(X)","(X)","(X)","(X)","(X)","(X)","(X)","2.2","2.1","(X)","(X)","(X)","(X)","(X)","(X)","(X)","(X)","68.6","6.1","78.4","8.3","77.3","22.4","97.3","4.9","30.5","13.5","15.9","5.7","11.3","7.8","10.0","17.2","2.7","4.9","33.9","14.6","15.5","3.5","10.3","5.2","12.7","18.6","0.0","9.7","35.6","12.9","62.3","7.3","69.1","11.3","33.3","29.5","46.5","22.3","66.8","14.1","37.7","7.3","30.9","11.3","66.7","29.5","53.5","22.3","33.2","14.1",
"1400000US06111000303","Census Tract 3.03, Ventura County, California","1451","79","1039","142","126","98","69","46","217","100","3.53","0.35","3.64","0.37","4.36","1.22","5.20","1.67","1.96","0.80","1234","110","1039","142","126","98","69","46","(X)","(X)","3.65","0.33","3.61","0.36","3.55","1.18","4.38","1.30","(X)","(X)","687","111","591","139","67","72","29","35","(X)","(X)","18.3","12.0","21.3","14.2","0.0","38.9","0.0","59.2","(X)","(X)","27.2","15.9","31.6","18.6","0.0","38.9","0.0","59.2","(X)","(X)","54.4","15.4","47.0","18.8","100.0","38.9","100.0","59.2","(X)","(X)","1451","79","1039","142","126","98","69","46","217","100","53.5","8.3","59.3","9.0","90.5","18.1","66.7","38.8","0.0","15.8","33.8","8.0","32.2","8.7","3.2","13.4","40.6","39.9","56.7","22.6","10.5","5.8","(X)","(X)","(X)","(X)","(X)","(X)","70.0","22.5","5.9","4.9","(X)","(X)","(X)","(X)","(X)","(X)","39.2","24.1","0.0","2.5","(X)","(X)","(X)","(X)","(X)","(X)","(X)","(X)","9.2","7.2","(X)","(X)","(X)","(X)","(X)","(X)","(X)","(X)","82.8","8.6","86.0","9.4","100.0","25.3","75.4","33.9","59.4","27.6","15.1","8.8","12.6","9.5","0.0","25.3","0.0","38.3","40.6","27.6","2.1","2.3","1.3","2.1","0.0","25.3","24.6","33.9","0.0","15.8","70.8","9.0","78.8","10.5","73.0","37.7","60.9","34.6","34.6","22.9","29.2","9.0","21.2","10.5","27.0","37.7","39.1","34.6","65.4","22.9",
"1400000US06111000304","Census Tract 3.04, Ventura County, California","1187","88","718","158","170","90","225","100","74","47","4.19","0.34","4.32","0.49","4.12","0.77","4.08","0.42","3.34","2.74","1113","91","718","158","170","90","225","100","(X)","(X)","4.02","0.33","4.21","0.48","3.66","0.62","3.68","0.34","(X)","(X)","736","92","436","133","86","77","214","100","(X)","(X)","15.1","7.9","10.6","9.3","24.4","39.8","20.6","17.9","(X)","(X)","26.8","13.1","31.0","15.6","0.0","33.7","29.0","31.8","(X)","(X)","58.2","14.0","58.5","17.8","75.6","39.8","50.5","35.7","(X)","(X)","1187","88","718","158","170","90","225","100","74","47","70.3","6.8","69.9","9.6","58.8","27.4","95.1","6.8","25.7","31.2","16.8","5.9","13.8","7.1","33.5","29.0","4.0","6.6","45.9","33.9","4.5","3.3","(X)","(X)","(X)","(X)","(X)","(X)","71.6","31.5","2.1","1.7","(X)","(X)","(X)","(X)","(X)","(X)","33.8","28.6","0.0","3.1","(X)","(X)","(X)","(X)","(X)","(X)","(X)","(X)","8.5","6.9","(X)","(X)","(X)","(X)","(X)","(X)","(X)","(X)","83.0","7.7","81.6","9.9","77.6","29.8","100.0","15.3","56.8","35.3","10.0","6.9","11.3","8.3","22.4","29.8","0.0","15.3","0.0","36.9","7.0","5.3","7.1","8.5","0.0","19.7","0.0","15.3","43.2","35.3","66.6","9.1","76.5","9.7","54.1","31.8","49.3","31.2","52.7","34.9","33.4","9.1","23.5","9.7","45.9","31.8","50.7","31.2","47.3","34.9",
"1400000US06111000400","Census Tract 4, Ventura County, California","1750","90","1071","147","206","92","206","82","267","105","3.57","0.27","4.06","0.30","3.72","0.67","3.82","0.83","1.31","0.31","1483","121","1071","147","206","92","206","82","(X)","(X)","3.81","0.24","4.02","0.30","3.20","0.69","3.34","0.54","(X)","(X)","758","134","567","124","103","79","88","66","(X)","(X)","19.0","9.8","13.9","9.7","63.1","40.4","0.0","33.2","(X)","(X)","34.0","13.0","35.3","14.4","25.2","37.3","36.4","40.1","(X)","(X)","47.0","12.7","50.8","14.4","11.7","17.3","63.6","40.1","(X)","(X)","1750","90","1071","147","206","92","206","82","267","105","52.1","7.3","59.9","7.8","66.0","26.5","61.2","21.7","3.0","4.5","36.6","5.8","30.6","6.8","47.6","29.4","30.6","19.6","56.9","19.5","13.0","5.7","(X)","(X)","(X)","(X)","(X)","(X)","85.4","10.8","6.3","3.3","(X)","(X)","(X)","(X)","(X)","(X)","41.6","21.8","0.2","0.3","(X)","(X)","(X)","(X)","(X)","(X)","(X)","(X)","7.9","4.8","(X)","(X)","(X)","(X)","(X)","(X)","(X)","(X)","83.0","5.8","81.6","6.7","95.6","7.4","96.6","7.2","68.2","24.7","11.7","4.5","14.8","6.1","0.0","16.6","3.4","7.2","14.6","15.4","5.3","3.0","3.5","2.8","4.4","7.4","0.0","16.6","17.2","16.5","57.1","6.0","64.5","8.1","21.4","21.7","23.3","15.4","81.3","15.9","42.9","6.0","35.5","8.1","78.6","21.7","76.7","15.4","18.7","15.9",
"1400000US06111000500","Census Tract 5, Ventura County, California","650","35","369","80","47","43","46","34","188","70","3.42","0.41","4.31","0.60","4.62","0.93","3.57","0.41","1.36","0.30","462","69","369","80","47","43","46","34","(X)","(X)","4.03","0.53","4.31","0.60","2.60","0.70","3.28","0.34","(X)","(X)","251","60","177","62","47","43","27","26","(X)","(X)","29.1","20.2","39.5","25.2","0.0","46.5","11.1","20.7","(X)","(X)","22.3","17.2","12.4","14.7","51.1","51.1","37.0","52.0","(X)","(X)","48.6","23.0","48.0","26.0","48.9","51.1","51.9","51.9","(X)","(X)","650","35","369","80","47","43","46","34","188","70","41.7","9.9","53.4","17.3","100.0","46.5","58.7","37.1","0.0","18.0","50.3","9.0","51.5","12.9","0.0","46.5","41.3","37.1","62.8","21.2","20.5","9.0","(X)","(X)","(X)","(X)","(X)","(X)","70.7","24.6","12.8","6.3","(X)","(X)","(X)","(X)","(X)","(X)","44.1","21.2","0.0","5.6","(X)","(X)","(X)","(X)","(X)","(X)","(X)","(X)","10.3","7.9","(X)","(X)","(X)","(X)","(X)","(X)","(X)","(X)","47.4","10.7","48.8","15.6","100.0","46.5","65.2","37.6","27.1","17.5","19.2","9.1","29.5","15.6","0.0","46.5","34.8","37.6","0.0","18.0","33.4","9.4","21.7","13.3","0.0","46.5","0.0","47.0","72.9","17.5","58.5","10.7","52.0","16.0","48.9","51.1","15.2","24.9","84.0","15.9","41.5","10.7","48.0","16.0","51.1","51.1","84.8","24.9","16.0","15.9",
"1400000US06111000600","Census Tract 6, Ventura County, California","1732","99","648","120","160","97","311","106","613","128","3.41","0.29","4.18","0.36","3.94","0.92","5.89","1.20","1.20","0.16","1119","118","648","120","160","97","311","106","(X)","(X)","4.28","0.35","4.18","0.36","3.44","0.87","4.92","1.26","(X)","(X)","638","97","366","98","103","61","169","76","(X)","(X)","17.1","10.4","13.4","9.6","41.7","42.9","10.1","16.5","(X)","(X)","39.5","12.8","49.5","16.5","10.7","18.3","35.5","26.2","(X)","(X)","43.4","13.1","37.2","16.1","47.6","44.1","54.4","26.8","(X)","(X)","1732","99","648","120","160","97","311","106","613","128","47.1","5.6","66.0","11.0","80.6","24.6","75.9","17.8","3.8","5.9","38.7","6.3","28.4","9.0","21.9","20.1","34.1","18.9","56.3","13.9","30.5","5.7","(X)","(X)","(X)","(X)","(X)","(X)","86.1","10.1","12.9","4.7","(X)","(X)","(X)","(X)","(X)","(X)","36.4","12.6","0.0","2.1","(X)","(X)","(X)","(X)","(X)","(X)","(X)","(X)","8.0","4.6","(X)","(X)","(X)","(X)","(X)","(X)","(X)","(X)","47.1","7.4","61.7","12.1","71.9","29.6","37.3","17.4","30.0","11.2","46.9","7.7","32.4","11.7","28.1","29.6","48.6","14.5","66.4","11.0","6.0","4.3","5.9","7.1","0.0","20.7","14.1","16.1","3.6","3.9","22.0","4.9","37.0","9.9","21.9","20.1","16.4","14.7","9.0","4.6","78.0","4.9","63.0","9.9","78.1","20.1","83.6","14.7","91.0","4.6",
"1400000US06111000701","Census Tract 7.01, Ventura County, California","1711","113","933","171","118","82","280","151","380","117","3.60","0.34","4.01","0.40","5.50","2.42","3.88","0.54","1.79","0.69","1331","137","933","171","118","82","280","151","(X)","(X)","3.94","0.36","3.97","0.41","5.09","2.22","3.35","0.44","(X)","(X)","767","154","523","145","86","72","158","86","(X)","(X)","14.3","10.2","5.0","6.6","84.9","29.5","7.0","13.7","(X)","(X)","17.7","13.4","26.0","17.9","0.0","33.7","0.0","20.9","(X)","(X)","67.9","14.3","69.0","17.6","15.1","29.5","93.0","13.7","(X)","(X)","1711","113","933","171","118","82","280","151","380","117","51.0","9.5","58.5","12.4","100.0","26.7","61.4","20.7","9.7","14.3","20.7","4.1","14.5","6.1","20.3","30.8","15.7","13.8","39.7","15.5","16.2","5.0","(X)","(X)","(X)","(X)","(X)","(X)","73.2","18.7","7.2","3.2","(X)","(X)","(X)","(X)","(X)","(X)","32.6","15.1","0.0","2.2","(X)","(X)","(X)","(X)","(X)","(X)","(X)","(X)","13.4","6.9","(X)","(X)","(X)","(X)","(X)","(X)","(X)","(X)","58.6","10.2","67.2","13.2","43.2","37.8","18.2","18.9","71.8","15.5","32.1","8.8","21.9","10.6","45.8","36.8","76.1","19.0","20.8","13.9","9.3","5.3","10.9","9.3","11.0","19.6","5.7","10.8","7.4","8.1","48.9","9.9","62.0","11.8","28.0","32.3","24.6","20.7","41.1","17.4","51.1","9.9","38.0","11.8","72.0","32.3","75.4","20.7","58.9","17.4",
"1400000US06111000702","Census Tract 7.02, Ventura County, California","835","89","505","95","102","97","136","69","92","49","4.03","0.40","4.09","0.43","5.54","1.28","4.10","0.84","1.93","1.34","743","102","505","95","102","97","136","69","(X)","(X)","4.17","0.36","4.01","0.42","5.54","1.28","3.71","0.80","(X)","(X)","328","93","245","89","0","13","83","45","(X)","(X)","22.6","14.1","25.7","18.8","-","**","13.3","17.8","(X)","(X)","21.6","15.0","11.4","14.0","-","**","51.8","32.2","(X)","(X)","55.8","19.5","62.9","22.1","-","**","34.9","31.0","(X)","(X)","835","89","505","95","102","97","136","69","92","49","59.5","10.0","57.6","14.4","87.3","29.3","75.7","24.8","15.2","23.9","29.5","9.8","26.7","12.8","39.2","49.9","11.0","17.5","60.9","29.0","9.0","5.6","(X)","(X)","(X)","(X)","(X)","(X)","81.5","24.2","6.3","5.0","(X)","(X)","(X)","(X)","(X)","(X)","57.6","29.5","3.5","4.1","(X)","(X)","(X)","(X)","(X)","(X)","(X)","(X)","2.8","2.3","(X)","(X)","(X)","(X)","(X)","(X)","(X)","(X)","89.8","7.0","89.1","11.1","100.0","29.8","77.9","16.4","100.0","32.2","8.4","6.8","9.3","10.6","0.0","29.8","16.9","13.9","0.0","32.2","1.8","2.1","1.6","2.7","0.0","29.8","5.1","9.4","0.0","32.2","79.6","10.0","78.2","15.7","100.0","29.8","68.4","23.5","81.5","24.2","20.4","10.0","21.8","15.7","0.0","29.8","31.6","23.5","18.5","24.2",
"1400000US06111000800","Census Tract 8, Ventura County, California","2312","171","1359","160","206","94","249","127","498","121","3.33","0.26","3.80","0.43","4.11","0.68","3.82","0.98","1.50","0.40","1814","160","1359","160","206","94","249","127","(X)","(X)","3.70","0.35","3.73","0.43","3.46","0.54","3.72","0.95","(X)","(X)","749","121","528","122","114","72","107","107","(X)","(X)","20.4","10.7","23.3","12.7","26.3","38.1","0.0","28.8","(X)","(X)","25.0","10.0","31.6","11.9","12.3","16.7","5.6","8.7","(X)","(X)","54.6","12.5","45.1","12.1","61.4","40.3","94.4","8.7","(X)","(X)","2312","171","1359","160","206","94","249","127","498","121","40.6","4.7","45.5","7.2","69.9","16.5","54.6","25.0","8.2","12.4","46.3","5.4","42.7","7.7","27.2","17.5","36.1","22.4","69.1","12.7","16.6","3.8","(X)","(X)","(X)","(X)","(X)","(X)","76.9","15.5","9.7","3.3","(X)","(X)","(X)","(X)","(X)","(X)","45.0","13.1","0.2","0.3","(X)","(X)","(X)","(X)","(X)","(X)","(X)","(X)","7.3","4.2","(X)","(X)","(X)","(X)","(X)","(X)","(X)","(X)","82.5","4.2","86.7","5.2","74.3","17.4","60.6","21.7","85.5","6.5","8.0","3.5","5.6","4.3","5.8","8.6","33.3","21.7","2.8","4.1","9.5","2.6","7.7","3.9","19.9","15.8","6.0","4.4","11.6","5.2","70.1","5.9","73.1","7.9","51.0","23.0","41.0","17.4","84.5","8.5","29.9","5.9","26.9","7.9","49.0","23.0","59.0","17.4","15.5","8.5",
"1400000US06111000901","Census Tract 9.01, Ventura County, California","1084","104","602","98","45","35","75","47","362","99","2.31","0.20","2.75","0.25","2.38","0.40","4.77","1.57","1.06","0.05","722","98","602","98","45","35","75","47","(X)","(X)","2.79","0.25","2.65","0.24","2.38","0.40","4.16","1.73","(X)","(X)","205","45","133","50","21","23","51","40","(X)","(X)","6.8","7.1","10.5","11.8","0.0","69.5","0.0","44.6","(X)","(X)","16.6","15.5","12.0","18.7","0.0","69.5","35.3","43.9","(X)","(X)","76.6","16.8","77.4","22.3","100.0","69.5","64.7","43.9","(X)","(X)","1084","104","602","98","45","35","75","47","362","99","19.6","4.3","22.1","8.1","46.7","42.5","78.7","26.6","0.0","9.8","62.8","7.2","65.1","8.8","53.3","42.5","32.0","29.7","66.6","14.8","31.3","7.8","(X)","(X)","(X)","(X)","(X)","(X)","93.6","5.3","16.2","4.9","(X)","(X)","(X)","(X)","(X)","(X)","48.6","14.7","0.6","1.1","(X)","(X)","(X)","(X)","(X)","(X)","(X)","(X)","3.0","2.3","(X)","(X)","(X)","(X)","(X)","(X)","(X)","(X)","78.8","5.7","95.5","4.2","71.1","40.0","100.0","36.7","47.5","13.5","21.2","5.7","4.5","4.2","28.9","40.0","0.0","36.7","52.5","13.5","0.0","3.4","0.0","6.0","0.0","47.5","0.0","36.7","0.0","9.8","66.2","9.2","85.5","7.8","51.1","39.8","45.3","35.6","40.3","16.4","33.8","9.2","14.5","7.8","48.9","39.8","54.7","35.6","59.7","16.4",
"1400000US06111000902","Census Tract 9.02, Ventura County, California","809","81","454","69","23","23","65","56","267","65","2.47","0.29","3.17","0.40","3.04","0.78","2.34","0.46","1.27","0.27","542","65","454","69","23","23","65","56","(X)","(X)","2.91","0.27","3.05","0.27","2.61","0.63","2.06","0.12","(X)","(X)","262","64","213","73","5","9","44","46","(X)","(X)","18.7","12.9","23.0","16.6","0.0","100.0","0.0","48.0","(X)","(X)","19.1","18.6","23.5","21.9","0.0","100.0","0.0","48.0","(X)","(X)","62.2","17.6","53.5","20.8","100.0","100.0","100.0","48.0","(X)","(X)","809","81","454","69","23","23","65","56","267","65","33.6","7.3","47.6","11.5","52.2","51.9","67.7","37.2","0.0","13.1","37.9","8.0","34.8","10.7","47.8","51.9","7.7","15.2","49.8","19.0","27.3","6.5","(X)","(X)","(X)","(X)","(X)","(X)","82.8","16.0","13.7","4.9","(X)","(X)","(X)","(X)","(X)","(X)","41.6","16.3","0.0","4.5","(X)","(X)","(X)","(X)","(X)","(X)","(X)","(X)","8.3","6.0","(X)","(X)","(X)","(X)","(X)","(X)","(X)","(X)","82.2","6.0","95.2","3.9","100.0","66.4","90.8","15.4","56.6","14.5","16.3","5.6","3.5","3.3","0.0","66.4","0.0","39.5","43.4","14.5","1.5","1.5","1.3","1.9","0.0","66.4","9.2","15.4","0.0","13.1","63.3","8.0","83.0","11.7","69.6","44.2","7.7","15.2","42.7","13.3","36.7","8.0","17.0","11.7","30.4","44.2","92.3","15.2","57.3","13.3",
"1400000US06111000903","Census Tract 9.03, Ventura County, California","2173","140","1098","141","76","72","284","115","715","160","2.36","0.16","3.08","0.22","2.05","0.11","3.03","0.57","1.02","0.03","1458","134","1098","141","76","72","284","115","(X)","(X)","2.96","0.19","3.07","0.21","2.05","0.11","2.81","0.59","(X)","(X)","532","106","357","69","63","69","112","76","(X)","(X)","8.3","7.9","12.3","11.5","0.0","40.1","0.0","27.8","(X)","(X)","24.6","14.7","26.9","17.0","0.0","40.1","31.3","39.3","(X)","(X)","67.1","15.6","60.8","18.0","100.0","40.1","68.8","39.3","(X)","(X)","2173","140","1098","141","76","72","284","115","715","160","27.7","5.1","36.9","5.7","82.9","30.5","46.8","23.3","0.0","5.1","45.2","7.3","47.4","8.5","0.0","36.4","31.0","25.1","52.3","12.8","32.4","6.2","(X)","(X)","(X)","(X)","(X)","(X)","98.5","2.4","12.8","5.1","(X)","(X)","(X)","(X)","(X)","(X)","39.0","13.9","0.0","1.7","(X)","(X)","(X)","(X)","(X)","(X)","(X)","(X)","0.0","1.7","(X)","(X)","(X)","(X)","(X)","(X)","(X)","(X)","81.8","5.4","90.6","6.7","47.4","52.6","90.8","10.8","68.4","14.4","16.5","5.2","9.4","6.7","52.6","52.6","9.2","10.8","26.4","13.7","1.7","2.7","0.0","3.4","0.0","36.4","0.0","12.4","5.2","8.2","59.7","6.1","85.5","5.5","0.0","36.4","39.4","24.5","34.5","11.7","40.3","6.1","14.5","5.5","100.0","36.4","60.6","24.5","65.5","11.7",
"1400000US06111001001","Census Tract 10.01, Ventura County, California","958","94","414","92","103","90","55","36","386","108","2.57","0.27","3.25","0.32","3.05","1.00","4.15","1.41","1.49","0.35","572","109","414","92","103","90","55","36","(X)","(X)","3.23","0.32","3.25","0.32","3.05","1.00","3.40","1.09","(X)","(X)","219","88","150","63","55","67","14","20","(X)","(X)","20.1","21.6","20.0","29.7","0.0","43.0","100.0","85.1","(X)","(X)","25.6","21.1","37.3","28.1","0.0","43.0","0.0","85.1","(X)","(X)","54.3","26.5","42.7","31.6","100.0","43.0","0.0","85.1","(X)","(X)","958","94","414","92","103","90","55","36","386","108","29.7","8.9","39.1","11.0","89.3","23.4","43.6","36.4","1.8","3.3","44.6","9.8","34.5","12.1","0.0","29.6","49.1","36.5","66.6","15.7","28.7","10.2","(X)","(X)","(X)","(X)","(X)","(X)","71.2","18.4","19.3","8.7","(X)","(X)","(X)","(X)","(X)","(X)","47.9","19.4","0.0","3.8","(X)","(X)","(X)","(X)","(X)","(X)","(X)","(X)","10.1","7.0","(X)","(X)","(X)","(X)","(X)","(X)","(X)","(X)","68.1","11.3","91.5","7.2","53.4","44.9","100.0","43.0","42.2","19.9","0.9","1.7","0.0","8.7","0.0","29.6","0.0","43.0","2.3","4.0","31.0","11.2","8.5","7.2","46.6","44.9","0.0","43.0","55.4","20.1","70.0","10.6","77.5","12.8","46.6","44.9","56.4","36.4","70.2","20.7","30.0","10.6","22.5","12.8","53.4","44.9","43.6","36.4","29.8","20.7",
"1400000US06111001002","Census Tract 10.02, Ventura County, California","2865","94","1442","192","228","136","204","83","991","182","2.56","0.18","3.41","0.27","2.78","0.50","2.87","0.33","1.21","0.13","1874","183","1442","192","228","136","204","83","(X)","(X)","3.24","0.22","3.41","0.27","2.56","0.56","2.78","0.33","(X)","(X)","785","145","566","123","148","111","71","54","(X)","(X)","20.4","12.8","15.4","12.2","37.8","48.2","23.9","32.9","(X)","(X)","19.1","10.4","26.5","14.5","0.0","22.1","0.0","37.8","(X)","(X)","60.5","14.4","58.1","15.0","62.2","48.2","76.1","32.9","(X)","(X)","2865","94","1442","192","228","136","204","83","991","182","31.2","5.0","46.9","6.9","64.9","31.4","34.8","24.7","0.0","3.7","44.7","5.1","33.6","7.3","50.9","31.1","36.8","19.7","61.0","11.9","29.2","4.9","(X)","(X)","(X)","(X)","(X)","(X)","84.6","8.0","18.0","4.4","(X)","(X)","(X)","(X)","(X)","(X)","52.0","11.6","0.2","0.4","(X)","(X)","(X)","(X)","(X)","(X)","(X)","(X)","5.1","3.6","(X)","(X)","(X)","(X)","(X)","(X)","(X)","(X)","79.9","4.3","88.9","5.5","100.0","15.1","85.3","16.3","61.0","11.1","3.4","1.7","2.4","2.3","0.0","15.1","7.4","12.1","4.8","2.9","16.7","3.8","8.7","4.7","0.0","15.1","7.4","11.2","34.1","10.9","67.3","6.1","73.5","9.3","39.0","31.5","56.4","24.8","67.0","10.7","32.7","6.1","26.5","9.3","61.0","31.5","43.6","24.8","33.0","10.7",
"1400000US06111001101","Census Tract 11.01, Ventura County, California","1756","101","813","132","90","57","213","81","640","116","2.76","0.14","3.32","0.30","3.27","0.64","3.97","0.54","1.58","0.24","1116","111","813","132","90","57","213","81","(X)","(X)","3.34","0.24","3.31","0.30","2.51","0.52","3.82","0.55","(X)","(X)","445","93","318","89","17","21","110","73","(X)","(X)","3.8","5.1","5.3","6.9","0.0","77.3","0.0","28.2","(X)","(X)","25.8","11.6","18.6","12.3","58.8","58.8","41.8","35.4","(X)","(X)","70.3","13.0","76.1","13.0","41.2","58.8","58.2","35.4","(X)","(X)","1756","101","813","132","90","57","213","81","640","116","29.5","4.9","41.8","9.1","18.9","23.6","58.2","24.4","5.8","7.5","36.9","5.9","34.8","8.1","34.4","28.1","9.4","10.4","49.1","13.2","22.1","6.4","(X)","(X)","(X)","(X)","(X)","(X)","60.6","14.6","11.6","4.1","(X)","(X)","(X)","(X)","(X)","(X)","31.9","10.1","0.0","2.1","(X)","(X)","(X)","(X)","(X)","(X)","(X)","(X)","11.0","5.7","(X)","(X)","(X)","(X)","(X)","(X)","(X)","(X)","83.8","4.7","91.6","4.4","88.9","17.8","91.5","10.0","70.5","11.2","4.5","3.8","0.5","1.0","11.1","17.8","0.0","16.1","10.2","9.7","11.7","3.3","7.9","4.1","0.0","32.7","8.5","10.0","19.4","7.4","67.9","7.0","80.6","8.0","66.7","29.0","45.1","24.2","59.7","13.2","32.1","7.0","19.4","8.0","33.3","29.0","54.9","24.2","40.3","13.2",
"1400000US06111001102","Census Tract 11.02, Ventura County, California","1345","88","677","120","65","41","217","91","386","117","2.74","0.21","3.11","0.24","2.40","0.34","3.77","0.65","1.55","0.33","959","114","677","120","65","41","217","91","(X)","(X)","3.05","0.22","3.09","0.23","2.40","0.34","3.13","0.44","(X)","(X)","262","94","161","58","20","21","81","67","(X)","(X)","0.0","13.3","0.0","20.6","0.0","71.2","0.0","35.0","(X)","(X)","38.5","18.1","47.8","21.9","30.0","45.9","22.2","32.4","(X)","(X)","61.5","18.1","52.2","21.9","70.0","45.9","77.8","32.4","(X)","(X)","1345","88","677","120","65","41","217","91","386","117","26.2","6.4","31.6","6.5","30.8","29.8","54.4","24.9","0.0","9.3","35.8","6.2","42.7","7.4","24.6","29.7","29.0","20.5","29.5","13.9","19.0","7.1","(X)","(X)","(X)","(X)","(X)","(X)","66.1","18.4","4.6","3.4","(X)","(X)","(X)","(X)","(X)","(X)","16.1","11.1","0.0","2.7","(X)","(X)","(X)","(X)","(X)","(X)","(X)","(X)","6.8","5.2","(X)","(X)","(X)","(X)","(X)","(X)","(X)","(X)","87.2","5.8","97.2","3.2","89.2","19.3","60.4","28.1","84.5","13.0","9.1","5.3","2.8","3.2","10.8","19.3","30.0","26.5","8.3","13.2","3.6","2.6","0.0","5.4","0.0","39.5","9.7","14.9","7.3","8.1","72.8","7.2","90.1","4.8","61.5","29.2","42.9","23.5","61.1","19.6","27.2","7.2","9.9","4.8","38.5","29.2","57.1","23.5","38.9","19.6",
"1400000US06111001201","Census Tract 12.01, Ventura County, California","1658","89","840","94","39","32","272","95","507","103","2.50","0.14","3.24","0.23","3.03","0.74","2.54","0.25","1.19","0.13","1151","103","840","94","39","32","272","95","(X)","(X)","3.06","0.17","3.24","0.23","2.82","0.78","2.54","0.25","(X)","(X)","520","91","373","90","18","21","129","65","(X)","(X)","23.3","11.7","27.6","14.3","100.0","75.1","0.0","24.8","(X)","(X)","13.1","9.5","16.1","13.0","0.0","75.1","6.2","11.5","(X)","(X)","63.7","13.3","56.3","14.9","0.0","75.1","93.8","11.5","(X)","(X)","1658","89","840","94","39","32","272","95","507","103","34.2","5.3","46.3","8.4","74.4","35.0","51.5","21.1","1.8","2.7","43.7","5.0","34.3","6.8","46.2","39.7","22.4","16.5","70.4","9.9","26.1","5.3","(X)","(X)","(X)","(X)","(X)","(X)","85.2","8.0","15.7","3.8","(X)","(X)","(X)","(X)","(X)","(X)","51.3","9.4","0.4","0.7","(X)","(X)","(X)","(X)","(X)","(X)","(X)","(X)","4.1","2.7","(X)","(X)","(X)","(X)","(X)","(X)","(X)","(X)","49.2","6.5","63.0","8.9","46.2","39.7","44.9","20.4","28.8","10.6","34.8","5.3","32.6","8.3","53.8","39.7","29.8","14.6","39.6","11.4","16.0","4.2","4.4","2.9","0.0","51.0","25.4","19.2","31.6","9.5","55.1","5.8","56.1","9.2","46.2","39.7","65.1","18.5","48.7","11.4","44.9","5.8","43.9","9.2","53.8","39.7","34.9","18.5","51.3","11.4",
"1400000US06111001202","Census Tract 12.02, Ventura County, California","2381","97","1450","173","32","36","286","120","613","135","2.93","0.15","3.15","0.19","4.00","1.95","4.10","0.54","1.82","0.44","1768","141","1450","173","32","36","286","120","(X)","(X)","3.27","0.16","3.15","0.19","3.25","1.07","3.90","0.56","(X)","(X)","760","122","596","136","18","31","146","90","(X)","(X)","19.1","10.2","21.3","12.0","0.0","75.1","12.3","19.5","(X)","(X)","16.4","10.3","18.0","11.8","100.0","75.1","0.0","22.4","(X)","(X)","64.5","14.4","60.7","16.4","0.0","75.1","87.7","19.5","(X)","(X)","2381","97","1450","173","32","36","286","120","613","135","35.4","4.9","45.7","7.9","56.3","56.3","57.0","23.3","0.0","5.9","42.5","4.5","28.3","6.1","43.8","56.2","55.9","22.1","69.8","15.6","16.2","4.6","(X)","(X)","(X)","(X)","(X)","(X)","63.0","16.4","10.0","3.8","(X)","(X)","(X)","(X)","(X)","(X)","38.8","14.4","0.0","1.6","(X)","(X)","(X)","(X)","(X)","(X)","(X)","(X)","5.2","3.4","(X)","(X)","(X)","(X)","(X)","(X)","(X)","(X)","96.3","2.8","99.0","1.5","100.0","56.3","79.0","19.2","97.9","3.3","3.7","2.8","1.0","1.5","0.0","56.3","21.0","19.2","2.1","3.3","0.0","1.6","0.0","2.5","0.0","56.3","0.0","12.3","0.0","5.9","83.7","5.7","89.2","5.9","43.8","56.2","72.7","21.1","78.0","17.6","16.3","5.7","10.8","5.9","56.3","56.3","27.3","21.1","22.0","17.6",
"1400000US06111001204","Census Tract 12.04, Ventura County, California","754","65","365","80","24","20","174","70","191","74","3.14","0.26","3.62","0.51","2.46","0.39","3.79","0.74","1.74","0.65","563","77","365","80","24","20","174","70","(X)","(X)","3.46","0.28","3.54","0.48","2.33","0.30","3.46","0.67","(X)","(X)","199","64","114","46","0","13","85","63","(X)","(X)","6.5","7.7","11.4","13.0","-","**","0.0","33.9","(X)","(X)","20.6","14.8","36.0","20.7","-","**","0.0","33.9","(X)","(X)","72.9","15.9","52.6","21.6","-","**","100.0","33.9","(X)","(X)","754","65","365","80","24","20","174","70","191","74","33.4","7.5","40.5","12.3","0.0","65.0","59.8","22.4","0.0","17.7","38.5","9.8","43.8","13.8","83.3","27.9","27.0","16.3","33.0","24.4","15.4","7.6","(X)","(X)","(X)","(X)","(X)","(X)","60.7","24.1","1.2","1.9","(X)","(X)","(X)","(X)","(X)","(X)","4.7","7.8","0.5","1.0","(X)","(X)","(X)","(X)","(X)","(X)","(X)","(X)","6.2","5.6","(X)","(X)","(X)","(X)","(X)","(X)","(X)","(X)","69.8","7.4","81.9","8.2","50.0","42.7","40.8","18.6","75.4","15.4","2.8","2.6","3.8","4.4","29.2","41.0","0.0","19.3","0.0","17.7","27.5","7.0","14.2","7.0","20.8","33.4","59.2","18.6","24.6","15.4","81.3","7.8","90.7","8.0","70.8","41.0","74.7","15.4","70.7","20.9","18.7","7.8","9.3","8.0","29.2","41.0","25.3","15.4","29.3","20.9",
"1400000US06111001206","Census Tract 12.06, Ventura County, California","398","62","241","64","15","18","7","11","135","68","2.37","0.39","2.95","0.50","2.07","0.50","2.29","0.50","1.37","0.28","263","67","241","64","15","18","7","11","(X)","(X)","2.88","0.46","2.95","0.50","2.07","0.50","2.29","0.50","(X)","(X)","91","47","91","47","0","13","0","13","(X)","(X)","15.4","20.6","15.4","20.6","-","**","-","**","(X)","(X)","8.8","12.4","8.8","12.4","-","**","-","**","(X)","(X)","75.8","22.9","75.8","22.9","-","**","-","**","(X)","(X)","398","62","241","64","15","18","7","11","135","68","22.9","10.9","37.8","17.0","0.0","82.3","0.0","100.0","0.0","23.9","38.9","13.5","41.9","17.0","0.0","82.3","100.0","100.0","34.8","27.0","23.1","14.2","(X)","(X)","(X)","(X)","(X)","(X)","68.1","23.6","8.3","10.2","(X)","(X)","(X)","(X)","(X)","(X)","24.4","27.2","0.0","9.0","(X)","(X)","(X)","(X)","(X)","(X)","(X)","(X)","7.3","7.2","(X)","(X)","(X)","(X)","(X)","(X)","(X)","(X)","83.9","9.3","90.9","9.6","100.0","82.2","100.0","100.0","68.9","24.1","7.3","6.8","7.5","9.4","0.0","82.3","0.0","100.0","8.1","12.2","8.8","7.6","1.7","2.9","0.0","82.3","0.0","100.0","23.0","23.6","76.4","11.9","74.7","16.5","100.0","82.2","100.0","100.0","75.6","22.4","23.6","11.9","25.3","16.5","0.0","82.3","0.0","100.0","24.4","22.4",
"1400000US06111001301","Census Tract 13.01, Ventura County, California","2629","105","1381","200","198","111","377","153","673","159","3.11","0.26","3.82","0.43","3.72","0.62","3.49","0.63","1.29","0.14","1956","170","1381","200","198","111","377","153","(X)","(X)","3.66","0.33","3.82","0.43","3.22","0.59","3.34","0.59","(X)","(X)","1023","192","722","190","84","74","217","115","(X)","(X)","18.0","8.8","21.1","11.3","38.1","48.4","0.0","15.8","(X)","(X)","16.1","10.1","19.1","11.9","32.1","46.5","0.0","15.8","(X)","(X)","65.9","13.1","59.8","15.7","29.8","43.6","100.0","15.8","(X)","(X)","2629","105","1381","200","198","111","377","153","673","159","44.1","7.7","59.3","10.2","54.0","29.6","62.1","21.8","0.0","5.4","22.0","4.7","17.4","5.3","21.2","22.0","15.9","13.2","35.2","13.0","19.6","4.8","(X)","(X)","(X)","(X)","(X)","(X)","76.5","11.5","6.8","3.1","(X)","(X)","(X)","(X)","(X)","(X)","26.7","11.3","1.7","2.1","(X)","(X)","(X)","(X)","(X)","(X)","(X)","(X)","7.2","3.8","(X)","(X)","(X)","(X)","(X)","(X)","(X)","(X)","75.2","5.2","88.4","5.5","82.8","24.4","71.9","20.1","47.5","10.8","24.3","5.2","10.6","5.3","17.2","24.4","28.1","20.1","52.5","10.8","0.5","0.8","0.9","1.5","0.0","17.2","0.0","9.5","0.0","5.4","57.4","6.5","71.3","10.5","53.0","31.1","39.0","19.2","40.3","10.7","42.6","6.5","28.7","10.5","47.0","31.1","61.0","19.2","59.7","10.7",
"1400000US06111001302","Census Tract 13.02, Ventura County, California","711","65","313","69","42","58","128","61","228","58","2.43","0.25","3.16","0.52","2.50","0.93","3.05","0.70","1.05","0.08","483","74","313","69","42","58","128","61","(X)","(X)","3.03","0.34","3.15","0.52","2.50","0.93","2.91","0.67","(X)","(X)","136","53","65","41","0","13","71","47","(X)","(X)","2.9","4.7","6.2","10.8","-","**","0.0","37.8","(X)","(X)","33.1","23.8","58.5","31.7","-","**","9.9","16.5","(X)","(X)","64.0","24.0","35.4","29.2","-","**","90.1","16.5","(X)","(X)","711","65","313","69","42","58","128","61","228","58","23.6","9.4","31.0","19.1","0.0","49.2","55.5","21.5","0.0","15.1","69.8","8.4","62.6","13.2","100.0","49.2","40.6","21.6","90.4","8.1","30.5","7.6","(X)","(X)","(X)","(X)","(X)","(X)","95.2","6.8","25.3","6.9","(X)","(X)","(X)","(X)","(X)","(X)","78.9","11.8","0.4","0.7","(X)","(X)","(X)","(X)","(X)","(X)","(X)","(X)","0.0","5.1","(X)","(X)","(X)","(X)","(X)","(X)","(X)","(X)","46.0","9.4","62.0","16.5","11.9","33.5","64.8","20.0","19.7","11.6","11.5","5.8","6.7","10.2","0.0","49.2","0.0","25.0","26.8","9.7","42.5","8.1","31.3","11.4","88.1","33.5","35.2","20.0","53.5","12.9","71.9","9.2","84.3","10.6","11.9","33.5","63.3","25.7","70.6","10.7","28.1","9.2","15.7","10.6","88.1","33.5","36.7","25.7","29.4","10.7",
"1400000US06111001401","Census Tract 14.01, Ventura County, California","1376","54","790","105","72","66","172","71","342","94","3.09","0.30","3.62","0.28","5.36","2.36","3.24","0.61","1.28","0.21","1034","104","790","105","72","66","172","71","(X)","(X)","3.58","0.26","3.57","0.26","4.57","2.17","3.20","0.61","(X)","(X)","473","74","366","60","62","65","45","36","(X)","(X)","21.1","11.1","21.9","12.3","0.0","40.5","44.4","40.7","(X)","(X)","24.5","14.5","18.9","12.0","64.5","54.0","15.6","26.7","(X)","(X)","54.3","15.3","59.3","17.0","35.5","54.0","40.0","39.3","(X)","(X)","1376","54","790","105","72","66","172","71","342","94","37.6","5.0","49.2","7.2","86.1","30.1","39.0","21.5","0.0","10.4","40.8","5.5","31.9","8.3","0.0","37.5","43.6","24.5","68.4","13.4","21.0","6.3","(X)","(X)","(X)","(X)","(X)","(X)","84.5","9.7","15.2","5.3","(X)","(X)","(X)","(X)","(X)","(X)","61.1","13.7","0.0","2.7","(X)","(X)","(X)","(X)","(X)","(X)","(X)","(X)","5.7","5.0","(X)","(X)","(X)","(X)","(X)","(X)","(X)","(X)","92.0","3.7","100.0","4.6","81.9","33.4","79.1","21.9","82.2","9.0","8.0","3.7","0.0","4.6","18.1","33.4","20.9","21.9","17.8","9.0","0.0","2.7","0.0","4.6","0.0","37.5","0.0","19.5","0.0","10.4","71.9","7.7","82.4","9.9","26.4","39.0","52.3","24.0","67.3","13.2","28.1","7.7","17.6","9.9","73.6","39.0","47.7","24.0","32.7","13.2",
"1400000US06111001402","Census Tract 14.02, Ventura County, California","2148","66","1142","154","121","79","329","130","556","127","2.73","0.13","3.17","0.25","5.19","2.04","2.78","0.30","1.29","0.14","1592","130","1142","154","121","79","329","130","(X)","(X)","3.18","0.19","3.14","0.24","4.98","2.16","2.66","0.25","(X)","(X)","638","66","456","108","57","61","125","75","(X)","(X)","10.3","7.9","10.5","8.6","0.0","42.2","14.4","23.3","(X)","(X)","12.1","10.0","4.4","6.6","100.0","42.2","0.0","25.5","(X)","(X)","77.6","12.4","85.1","10.4","0.0","42.2","85.6","23.3","(X)","(X)","2148","66","1142","154","121","79","329","130","556","127","30.8","3.1","41.9","8.0","47.1","39.0","38.0","19.2","0.0","6.5","31.8","5.1","39.0","7.7","16.5","25.3","22.8","15.3","25.7","14.0","19.2","5.6","(X)","(X)","(X)","(X)","(X)","(X)","74.3","12.5","4.3","3.3","(X)","(X)","(X)","(X)","(X)","(X)","16.7","12.3","0.0","1.7","(X)","(X)","(X)","(X)","(X)","(X)","(X)","(X)","7.7","3.6","(X)","(X)","(X)","(X)","(X)","(X)","(X)","(X)","73.8","5.7","92.1","5.4","91.7","16.4","65.0","23.9","37.6","11.9","26.2","5.7","7.9","5.4","8.3","16.4","35.0","23.9","62.4","11.9","0.0","1.7","0.0","3.2","0.0","26.1","0.0","10.8","0.0","6.5","66.5","5.5","86.4","6.8","7.4","13.8","67.8","22.1","37.8","11.4","33.5","5.5","13.6","6.8","92.6","13.8","32.2","22.1","62.2","11.4",
"1400000US06111001502","Census Tract 15.02, Ventura County, California","3550","129","1350","219","181","110","482","164","1537","225","2.43","0.17","3.38","0.32","4.12","0.76","2.56","0.25","1.35","0.12","2013","227","1350","219","181","110","482","164","(X)","(X)","3.16","0.24","3.33","0.32","3.71","0.81","2.48","0.22","(X)","(X)","1072","221","634","190","83","89","355","144","(X)","(X)","22.0","10.6","18.6","12.5","49.4","50.6","21.7","18.3","(X)","(X)","21.5","10.6","24.6","13.5","0.0","34.5","20.8","19.9","(X)","(X)","56.5","14.6","56.8","17.4","50.6","50.6","57.5","23.2","(X)","(X)","3550","129","1350","219","181","110","482","164","1537","225","32.6","5.8","49.6","10.6","61.9","28.3","73.7","17.1","1.4","1.5","24.3","3.9","22.1","5.5","38.1","30.7","14.3","15.7","27.6","6.7","31.8","5.8","(X)","(X)","(X)","(X)","(X)","(X)","73.5","8.9","9.7","2.6","(X)","(X)","(X)","(X)","(X)","(X)","22.4","6.1","1.2","1.0","(X)","(X)","(X)","(X)","(X)","(X)","(X)","(X)","5.2","3.0","(X)","(X)","(X)","(X)","(X)","(X)","(X)","(X)","36.8","5.6","47.3","10.7","40.9","31.7","25.7","16.5","30.5","9.2","47.4","5.9","35.9","11.3","24.3","23.3","70.1","16.7","53.1","9.6","15.9","3.8","16.9","5.4","34.8","33.2","4.1","6.4","16.4","6.3","45.9","5.7","54.4","11.1","46.4","32.5","18.9","11.8","46.9","9.9","54.1","5.7","45.6","11.1","53.6","32.5","81.1","11.8","53.1","9.9",
"1400000US06111001503","Census Tract 15.03, Ventura County, California","1804","89","579","116","211","96","216","87","798","128","2.38","0.20","3.41","0.29","2.67","0.39","3.15","0.37","1.34","0.27","1006","118","579","116","211","96","216","87","(X)","(X)","3.17","0.24","3.40","0.29","2.58","0.32","3.15","0.37","(X)","(X)","548","121","293","83","117","75","138","77","(X)","(X)","25.0","11.3","19.5","13.7","10.3","16.4","49.3","32.3","(X)","(X)","17.7","10.8","33.1","18.9","0.0","26.9","0.0","23.5","(X)","(X)","57.3","15.4","47.4","21.0","89.7","16.4","50.7","32.3","(X)","(X)","1804","89","579","116","211","96","216","87","798","128","33.4","6.7","55.1","8.4","60.2","24.4","72.7","15.1","0.0","4.6","34.2","4.6","30.2","9.4","11.8","11.7","31.9","16.4","43.6","8.8","34.6","7.4","(X)","(X)","(X)","(X)","(X)","(X)","78.3","12.0","16.2","4.6","(X)","(X)","(X)","(X)","(X)","(X)","36.7","9.2","1.6","1.7","(X)","(X)","(X)","(X)","(X)","(X)","(X)","(X)","3.5","2.8","(X)","(X)","(X)","(X)","(X)","(X)","(X)","(X)","39.1","6.1","57.2","10.5","20.4","16.5","28.2","16.0","33.8","9.0","50.2","6.2","30.7","10.3","79.6","16.5","63.4","18.2","53.0","9.0","10.7","2.8","12.1","6.5","0.0","16.2","8.3","9.2","13.2","4.7","40.0","5.9","58.0","10.9","9.0","8.7","27.3","14.9","38.5","8.2","60.0","5.9","42.0","10.9","91.0","8.7","72.7","14.9","61.5","8.2",
"1400000US06111001506","Census Tract 15.06, Ventura County, California","1725","58","994","112","129","77","240","95","362","76","2.91","0.20","3.12","0.20","4.31","1.65","3.53","0.57","1.42","0.24","1363","92","994","112","129","77","240","95","(X)","(X)","3.21","0.21","3.09","0.19","4.08","1.79","3.25","0.66","(X)","(X)","589","94","441","97","73","62","75","54","(X)","(X)","28.9","12.3","29.9","13.6","37.0","48.2","14.7","22.4","(X)","(X)","20.4","10.1","25.6","12.8","0.0","37.2","9.3","18.4","(X)","(X)","50.8","12.5","44.4","13.8","63.0","48.2","76.0","30.1","(X)","(X)","1725","58","994","112","129","77","240","95","362","76","41.3","5.2","45.0","7.8","73.6","19.8","61.3","20.6","6.6","9.4","36.6","4.3","41.2","7.4","31.0","27.1","29.6","19.7","30.4","10.6","15.7","4.2","(X)","(X)","(X)","(X)","(X)","(X)","74.9","12.0","4.8","2.2","(X)","(X)","(X)","(X)","(X)","(X)","22.7","9.1","2.0","2.1","(X)","(X)","(X)","(X)","(X)","(X)","(X)","(X)","3.8","3.1","(X)","(X)","(X)","(X)","(X)","(X)","(X)","(X)","87.5","5.0","91.6","5.3","71.3","32.1","85.0","17.8","83.4","10.0","9.0","4.7","5.2","5.2","28.7","32.1","15.0","17.8","8.6","7.6","3.5","1.8","3.1","2.2","0.0","24.8","0.0","14.4","8.0","6.9","77.2","5.5","78.0","7.9","48.1","30.8","73.3","19.1","88.1","9.7","22.8","5.5","22.0","7.9","51.9","30.8","26.7","19.1","11.9","9.7",
"1400000US06111001507","Census Tract 15.07, Ventura County, California","1500","84","723","121","116","80","228","90","433","105","3.03","0.28","3.37","0.43","2.48","0.40","4.07","0.67","2.07","0.60","1067","121","723","121","116","80","228","90","(X)","(X)","3.23","0.28","3.30","0.38","2.36","0.35","3.44","0.61","(X)","(X)","442","77","294","76","15","24","133","66","(X)","(X)","22.4","10.3","15.3","11.8","100.0","82.2","29.3","20.8","(X)","(X)","17.0","12.0","10.9","10.3","0.0","82.3","32.3","28.0","(X)","(X)","60.6","14.3","73.8","15.6","0.0","82.3","38.3","24.0","(X)","(X)","1500","84","723","121","116","80","228","90","433","105","36.3","5.9","40.7","9.8","19.0","26.7","76.8","15.4","12.5","13.0","38.7","6.7","38.6","10.0","44.0","36.4","15.8","12.4","49.4","15.0","16.6","5.0","(X)","(X)","(X)","(X)","(X)","(X)","57.5","17.3","9.4","3.5","(X)","(X)","(X)","(X)","(X)","(X)","32.6","12.8","0.0","2.5","(X)","(X)","(X)","(X)","(X)","(X)","(X)","(X)","8.7","4.6","(X)","(X)","(X)","(X)","(X)","(X)","(X)","(X)","77.6","5.6","81.2","7.9","74.1","31.8","77.6","12.9","72.5","11.4","22.4","5.6","18.8","7.9","25.9","31.8","22.4","12.9","27.5","11.4","0.0","2.5","0.0","5.1","0.0","27.0","0.0","15.1","0.0","8.3","57.6","7.3","70.0","11.2","37.1","32.6","30.7","16.6","56.6","14.8","42.4","7.3","30.0","11.2","62.9","32.6","69.3","16.6","43.4","14.8",
"1400000US06111001601","Census Tract 16.01, Ventura County, California","456","48","104","40","31","25","40","31","281","64","2.03","0.22","3.07","0.46","2.55","0.48","3.38","0.95","1.40","0.19","175","45","104","40","31","25","40","31","(X)","(X)","3.00","0.37","3.07","0.46","2.29","0.28","3.38","0.95","(X)","(X)","75","34","35","24","12","15","28","25","(X)","(X)","29.3","22.9","34.3","38.6","33.3","56.9","21.4","41.1","(X)","(X)","0.0","36.7","0.0","53.8","0.0","92.0","0.0","60.2","(X)","(X)","70.7","22.9","65.7","38.6","66.7","56.9","78.6","41.1","(X)","(X)","456","48","104","40","31","25","40","31","281","64","17.3","8.1","33.7","20.1","38.7","40.7","70.0","39.2","1.4","2.3","22.8","8.4","35.6","20.7","32.3","40.8","0.0","50.4","20.3","11.1","41.2","10.5","(X)","(X)","(X)","(X)","(X)","(X)","66.9","15.7","8.1","5.5","(X)","(X)","(X)","(X)","(X)","(X)","13.2","8.8","0.0","7.9","(X)","(X)","(X)","(X)","(X)","(X)","(X)","(X)","11.2","7.0","(X)","(X)","(X)","(X)","(X)","(X)","(X)","(X)","29.4","8.0","74.0","16.5","58.1","42.1","0.0","50.4","13.9","7.3","69.7","8.1","26.0","16.5","41.9","42.1","100.0","50.4","84.7","7.7","0.9","1.5","0.0","29.4","0.0","57.2","0.0","50.4","1.4","2.4","18.2","7.0","41.3","18.1","58.1","42.1","0.0","50.4","7.8","6.9","81.8","7.0","58.7","18.1","41.9","42.1","100.0","50.4","92.2","6.9",
"1400000US06111001602","Census Tract 16.02, Ventura County, California","925","52","518","76","10","14","81","43","316","72","2.55","0.16","3.32","0.23","3.50","0.63","2.36","0.27","1.31","0.15","609","77","518","76","10","14","81","43","(X)","(X)","3.14","0.20","3.27","0.22","3.50","0.63","2.22","0.20","(X)","(X)","241","53","210","48","0","13","31","28","(X)","(X)","32.4","19.8","33.3","20.5","-","**","25.8","42.1","(X)","(X)","12.0","12.8","13.8","14.6","-","**","0.0","57.2","(X)","(X)","55.6","19.6","52.9","20.8","-","**","74.2","42.1","(X)","(X)","925","52","518","76","10","14","81","43","316","72","28.1","5.3","42.7","8.7","0.0","100.0","48.1","28.7","0.0","11.2","49.8","8.4","44.4","11.1","0.0","100.0","45.7","29.2","61.4","16.7","23.8","6.9","(X)","(X)","(X)","(X)","(X)","(X)","69.6","14.8","15.8","5.9","(X)","(X)","(X)","(X)","(X)","(X)","46.2","15.1","0.0","4.0","(X)","(X)","(X)","(X)","(X)","(X)","(X)","(X)","8.0","5.2","(X)","(X)","(X)","(X)","(X)","(X)","(X)","(X)","81.3","5.1","91.3","5.4","100.0","100.0","49.4","29.6","72.5","11.2","3.6","3.1","2.1","3.6","0.0","100.0","21.0","24.9","1.6","2.7","15.1","4.1","6.6","4.2","0.0","100.0","29.6","28.6","25.9","10.6","75.1","7.6","75.9","11.8","100.0","100.0","56.8","30.1","77.8","15.3","24.9","7.6","24.1","11.8","0.0","100.0","43.2","30.1","22.2","15.3",
"1400000US06111001700","Census Tract 17, Ventura County, California","1298","55","973","83","109","74","44","38","172","56","2.76","0.16","2.97","0.21","2.79","0.81","2.34","0.50","1.60","0.58","1126","78","973","83","109","74","44","38","(X)","(X)","2.89","0.17","2.97","0.21","2.41","0.34","2.34","0.50","(X)","(X)","372","71","278","65","68","53","26","31","(X)","(X)","10.8","11.1","14.4","14.3","0.0","38.6","0.0","62.5","(X)","(X)","13.4","12.3","18.0","15.8","0.0","38.6","0.0","62.5","(X)","(X)","75.8","11.7","67.6","13.7","100.0","38.6","100.0","62.5","(X)","(X)","1298","55","973","83","109","74","44","38","172","56","33.1","5.3","33.9","6.2","62.4","30.4","72.7","39.2","0.0","19.5","47.2","5.7","46.1","6.5","37.6","30.4","27.3","39.2","64.5","21.1","8.9","4.1","(X)","(X)","(X)","(X)","(X)","(X)","67.4","21.0","7.2","3.7","(X)","(X)","(X)","(X)","(X)","(X)","54.7","21.0","2.1","2.0","(X)","(X)","(X)","(X)","(X)","(X)","(X)","(X)","0.0","2.8","(X)","(X)","(X)","(X)","(X)","(X)","(X)","(X)","99.0","1.5","100.0","3.8","100.0","28.4","100.0","48.0","92.4","11.0","0.0","2.8","0.0","3.8","0.0","28.4","0.0","48.0","0.0","19.5","1.0","1.5","0.0","3.8","0.0","28.4","0.0","48.0","7.6","11.0","88.4","4.7","93.6","5.1","65.1","35.6","45.5","43.4","84.9","15.9","11.6","4.7","6.4","5.1","34.9","35.6","54.5","43.4","15.1","15.9",
"1400000US06111001800","Census Tract 18, Ventura County, California","1542","87","1040","105","22","25","97","59","383","92","2.83","0.19","3.27","0.17","3.55","2.08","3.82","1.33","1.35","0.30","1159","101","1040","105","22","25","97","59","(X)","(X)","3.30","0.20","3.27","0.17","3.55","2.08","3.60","1.43","(X)","(X)","479","80","449","81","0","13","30","32","(X)","(X)","22.8","10.7","24.3","11.1","-","**","0.0","58.2","(X)","(X)","8.1","5.6","8.7","5.8","-","**","0.0","58.2","(X)","(X)","69.1","12.2","67.0","12.2","-","**","100.0","58.2","(X)","(X)","1542","87","1040","105","22","25","97","59","383","92","33.5","5.4","45.9","6.6","40.9","58.4","30.9","29.9","0.0","9.3","49.1","5.6","44.0","6.8","40.9","58.4","69.1","29.9","58.2","12.7","21.0","5.0","(X)","(X)","(X)","(X)","(X)","(X)","84.6","9.4","9.7","3.7","(X)","(X)","(X)","(X)","(X)","(X)","38.9","11.8","0.0","2.4","(X)","(X)","(X)","(X)","(X)","(X)","(X)","(X)","1.9","2.1","(X)","(X)","(X)","(X)","(X)","(X)","(X)","(X)","93.5","2.6","97.5","2.3","100.0","67.9","100.0","31.0","80.4","9.8","4.7","2.1","2.5","2.3","0.0","67.9","0.0","31.0","12.0","8.1","1.9","1.6","0.0","3.5","0.0","67.9","0.0","31.0","7.6","6.5","86.6","4.1","90.3","5.0","100.0","67.9","79.4","26.9","77.8","12.1","13.4","4.1","9.7","5.0","0.0","67.9","20.6","26.9","22.2","12.1",
"1400000US06111001900","Census Tract 19, Ventura County, California","1586","83","696","102","49","51","243","83","598","114","2.33","0.15","2.86","0.20","2.96","0.39","3.29","0.32","1.27","0.09","988","100","696","102","49","51","243","83","(X)","(X)","2.90","0.16","2.81","0.18","2.96","0.39","3.15","0.31","(X)","(X)","411","78","236","51","13","21","162","65","(X)","(X)","12.4","8.2","19.1","11.0","0.0","88.4","3.7","6.4","(X)","(X)","23.6","9.0","30.5","14.2","0.0","88.4","15.4","18.3","(X)","(X)","64.0","12.2","50.4","15.7","100.0","88.4","80.9","19.1","(X)","(X)","1586","83","696","102","49","51","243","83","598","114","29.0","5.6","33.9","7.0","81.6","34.2","75.7","18.7","0.0","6.1","37.5","5.6","31.0","6.7","73.5","43.2","23.5","15.3","47.7","12.3","28.1","5.9","(X)","(X)","(X)","(X)","(X)","(X)","74.6","8.4","8.9","3.8","(X)","(X)","(X)","(X)","(X)","(X)","23.6","9.4","2.7","2.3","(X)","(X)","(X)","(X)","(X)","(X)","(X)","(X)","6.1","3.4","(X)","(X)","(X)","(X)","(X)","(X)","(X)","(X)","74.5","6.3","88.6","7.0","100.0","45.5","54.3","20.7","64.0","11.6","25.5","6.3","11.4","7.0","0.0","45.5","45.7","20.7","36.0","11.6","0.0","2.3","0.0","5.2","0.0","45.5","0.0","14.3","0.0","6.1","54.0","6.9","77.4","6.5","55.1","52.9","31.7","17.7","35.8","12.9","46.0","6.9","22.6","6.5","44.9","52.9","68.3","17.7","64.2","12.9",
"1400000US06111002000","Census Tract 20, Ventura County, California","1091","84","453","76","69","61","75","51","494","98","2.10","0.17","2.86","0.24","3.06","0.28","2.57","0.63","1.20","0.10","597","89","453","76","69","61","75","51","(X)","(X)","2.71","0.20","2.81","0.23","2.19","0.12","2.57","0.63","(X)","(X)","250","65","179","58","29","43","42","34","(X)","(X)","22.4","17.0","15.1","13.7","100.0","59.2","0.0","49.2","(X)","(X)","4.0","6.8","5.6","9.4","0.0","59.2","0.0","49.2","(X)","(X)","73.6","18.1","79.3","16.4","0.0","59.2","100.0","49.2","(X)","(X)","1091","84","453","76","69","61","75","51","494","98","22.9","5.4","39.5","10.9","42.0","47.3","56.0","37.6","0.0","7.3","52.3","7.7","47.0","10.9","46.4","53.6","44.0","37.6","59.3","12.5","36.6","8.3","(X)","(X)","(X)","(X)","(X)","(X)","80.8","10.1","12.2","5.1","(X)","(X)","(X)","(X)","(X)","(X)","26.9","10.5","3.8","4.4","(X)","(X)","(X)","(X)","(X)","(X)","(X)","(X)","9.8","5.8","(X)","(X)","(X)","(X)","(X)","(X)","(X)","(X)","87.5","5.2","93.4","5.3","100.0","38.3","100.0","36.7","78.5","9.7","12.5","5.2","6.6","5.3","0.0","38.3","0.0","36.7","21.5","9.7","0.0","3.4","0.0","7.9","0.0","38.3","0.0","36.7","0.0","7.3","74.6","7.2","86.8","8.2","88.4","26.9","58.7","36.3","64.0","12.3","25.4","7.2","13.2","8.2","11.6","26.9","41.3","36.3","36.0","12.3",
"1400000US06111002102","Census Tract 21.02, Ventura County, California","1022","63","180","64","38","33","12","13","792","90","1.49","0.14","2.58","0.25","2.50","0.55","2.25","0.36","1.18","0.11","230","69","180","64","38","33","12","13","(X)","(X)","2.55","0.22","2.58","0.25","2.50","0.55","2.25","0.36","(X)","(X)","95","45","62","33","27","35","6","9","(X)","(X)","25.3","35.1","29.0","51.2","0.0","61.3","100.0","100.0","(X)","(X)","0.0","31.4","0.0","40.5","0.0","61.3","0.0","100.0","(X)","(X)","74.7","35.1","71.0","51.2","100.0","61.3","0.0","100.0","(X)","(X)","1022","63","180","64","38","33","12","13","792","90","9.3","4.3","34.4","14.4","71.1","51.8","50.0","50.0","0.0","4.6","18.7","4.6","15.6","9.8","28.9","51.8","50.0","50.0","18.4","6.5","65.6","10.2","(X)","(X)","(X)","(X)","(X)","(X)","84.6","10.0","11.1","4.9","(X)","(X)","(X)","(X)","(X)","(X)","14.3","6.2","0.0","3.6","(X)","(X)","(X)","(X)","(X)","(X)","(X)","(X)","7.7","6.5","(X)","(X)","(X)","(X)","(X)","(X)","(X)","(X)","30.1","8.6","36.7","18.4","60.5","58.9","0.0","92.0","27.7","9.6","69.3","8.6","63.3","18.4","39.5","58.9","50.0","50.0","72.3","9.6","0.6","0.9","0.0","18.7","0.0","51.7","50.0","50.0","0.0","4.6","23.4","5.9","42.8","16.7","28.9","51.8","0.0","92.0","19.1","6.6","76.6","5.9","57.2","16.7","71.1","51.8","100.0","92.0","80.9","6.6",
"1400000US06111002200","Census Tract 22, Ventura County, California","2045","129","800","138","76","55","305","121","864","184","3.00","0.21","4.17","0.52","2.70","0.45","4.13","0.58","1.55","0.25","1181","172","800","138","76","55","305","121","(X)","(X)","3.86","0.33","4.12","0.49","2.50","0.32","3.52","0.52","(X)","(X)","595","136","413","122","0","18","182","86","(X)","(X)","24.5","13.6","28.1","19.4","-","**","16.5","18.5","(X)","(X)","26.2","11.0","31.0","15.8","-","**","15.4","23.0","(X)","(X)","49.2","13.6","40.9","17.8","-","**","68.1","28.0","(X)","(X)","2045","129","800","138","76","55","305","121","864","184","36.6","6.4","63.8","9.0","0.0","36.4","78.4","18.5","0.0","4.2","24.6","5.6","21.0","8.7","59.2","36.8","24.6","17.7","25.0","11.4","24.6","7.4","(X)","(X)","(X)","(X)","(X)","(X)","58.2","18.0","0.6","1.0","(X)","(X)","(X)","(X)","(X)","(X)","1.4","2.4","1.6","1.5","(X)","(X)","(X)","(X)","(X)","(X)","(X)","(X)","15.6","7.9","(X)","(X)","(X)","(X)","(X)","(X)","(X)","(X)","76.2","7.9","87.1","10.5","51.3","37.8","77.7","19.1","67.8","15.0","23.0","7.8","12.9","10.5","48.7","37.8","22.3","19.1","30.3","14.8","0.8","1.3","0.0","4.6","0.0","36.4","0.0","11.6","1.9","3.1","50.1","8.2","64.5","12.5","39.5","34.3","49.8","20.4","37.7","14.7","49.9","8.2","35.5","12.5","60.5","34.3","50.2","20.4","62.3","14.7",
"1400000US06111002300","Census Tract 23, Ventura County, California","2139","136","1101","200","119","92","349","135","570","167","3.40","0.34","4.43","0.44","4.30","1.36","3.05","0.64","1.41","0.25","1569","191","1101","200","119","92","349","135","(X)","(X)","3.89","0.33","4.18","0.38","3.71","1.58","3.02","0.62","(X)","(X)","1052","194","789","193","70","79","193","105","(X)","(X)","25.0","13.2","23.6","15.9","58.6","58.6","18.7","18.9","(X)","(X)","39.6","13.2","40.6","15.5","41.4","58.6","35.2","30.7","(X)","(X)","35.4","14.5","35.9","15.8","0.0","38.1","46.1","37.6","(X)","(X)","2139","136","1101","200","119","92","349","135","570","167","53.1","7.9","75.0","8.6","81.5","26.1","58.7","24.4","1.2","2.3","19.7","5.5","15.3","7.1","42.9","39.5","0.0","10.2","35.4","17.0","19.1","7.2","(X)","(X)","(X)","(X)","(X)","(X)","71.6","17.8","8.8","5.0","(X)","(X)","(X)","(X)","(X)","(X)","33.0","16.9","3.0","3.5","(X)","(X)","(X)","(X)","(X)","(X)","(X)","(X)","2.3","2.2","(X)","(X)","(X)","(X)","(X)","(X)","(X)","(X)","65.0","8.2","74.7","13.4","41.2","39.2","45.0","19.6","63.5","15.8","29.5","8.3","23.8","13.4","34.5","42.8","55.0","19.6","23.9","15.5","5.5","2.8","1.5","2.5","24.4","32.6","0.0","10.2","12.6","8.8","35.9","6.3","38.0","10.0","33.6","38.8","19.2","17.6","42.5","17.0","64.1","6.3","62.0","10.0","66.4","38.8","80.8","17.6","57.5","17.0",
"1400000US06111002400","Census Tract 24, Ventura County, California","1449","66","261","96","157","90","112","79","919","138","1.81","0.14","2.75","0.31","2.31","0.26","2.91","0.62","1.32","0.12","530","135","261","96","157","90","112","79","(X)","(X)","2.60","0.22","2.75","0.31","2.18","0.18","2.81","0.51","(X)","(X)","271","100","122","65","88","78","61","50","(X)","(X)","52.8","22.2","74.6","27.5","26.1","39.8","47.5","49.2","(X)","(X)","0.0","12.9","0.0","26.0","0.0","33.2","0.0","40.8","(X)","(X)","47.2","22.2","25.4","27.5","73.9","39.8","52.5","49.2","(X)","(X)","1449","66","261","96","157","90","112","79","919","138","22.0","6.4","46.7","17.2","61.8","29.6","54.5","38.7","4.2","3.6","27.6","6.3","21.8","14.3","14.0","14.9","35.7","40.3","30.6","9.1","47.3","7.9","(X)","(X)","(X)","(X)","(X)","(X)","74.5","8.6","14.6","5.9","(X)","(X)","(X)","(X)","(X)","(X)","23.1","8.6","0.5","0.7","(X)","(X)","(X)","(X)","(X)","(X)","(X)","(X)","9.2","5.6","(X)","(X)","(X)","(X)","(X)","(X)","(X)","(X)","26.8","6.8","50.2","17.5","67.5","33.1","42.0","39.5","11.4","5.0","73.2","6.8","49.8","17.5","32.5","33.1","58.0","39.5","88.6","5.0","0.0","2.6","0.0","13.4","0.0","21.1","0.0","27.8","0.0","4.0","8.8","3.9","31.4","15.8","14.0","14.9","0.0","27.8","2.5","2.5","91.2","3.9","68.6","15.8","86.0","14.9","100.0","27.8","97.5","2.5",
"1400000US06111002500","Census Tract 25, Ventura County, California","2415","121","854","171","81","83","268","141","1212","212","2.00","0.15","2.71","0.22","2.01","0.13","3.05","0.39","1.27","0.13","1203","196","854","171","81","83","268","141","(X)","(X)","2.67","0.18","2.67","0.21","2.01","0.13","2.85","0.39","(X)","(X)","352","102","220","81","0","13","132","92","(X)","(X)","18.5","20.5","29.5","31.2","-","**","0.0","24.4","(X)","(X)","22.7","21.1","36.4","31.1","-","**","0.0","24.4","(X)","(X)","58.8","19.7","34.1","21.3","-","**","100.0","24.4","(X)","(X)","2415","121","854","171","81","83","268","141","1212","212","16.1","4.5","27.2","9.4","0.0","35.0","59.0","21.0","0.0","3.0","46.6","5.7","39.2","9.3","0.0","35.0","32.8","21.4","58.0","10.3","37.6","8.0","(X)","(X)","(X)","(X)","(X)","(X)","74.9","10.9","17.1","5.5","(X)","(X)","(X)","(X)","(X)","(X)","34.1","10.2","1.4","1.5","(X)","(X)","(X)","(X)","(X)","(X)","(X)","(X)","8.7","4.4","(X)","(X)","(X)","(X)","(X)","(X)","(X)","(X)","68.0","6.7","84.4","7.8","60.5","56.0","83.6","15.9","53.4","10.2","19.6","5.3","9.8","6.7","19.8","39.0","11.2","13.5","28.3","7.9","12.5","3.3","5.7","4.7","19.8","37.5","5.2","8.6","18.3","6.6","47.6","5.2","59.7","9.6","0.0","35.0","25.4","21.6","47.1","9.3","52.4","5.2","40.3","9.6","100.0","35.0","74.6","21.6","52.9","9.3",
"1400000US06111002600","Census Tract 26, Ventura County, California","1287","94","411","91","60","44","193","76","623","113","2.36","0.25","3.50","0.37","4.13","2.37","2.82","0.31","1.30","0.13","664","106","411","91","60","44","193","76","(X)","(X)","3.25","0.29","3.50","0.37","3.18","1.22","2.72","0.33","(X)","(X)","288","70","196","66","53","39","39","34","(X)","(X)","17.4","12.9","16.8","12.8","32.1","43.1","0.0","51.0","(X)","(X)","16.0","9.4","23.5","13.7","0.0","43.8","0.0","51.0","(X)","(X)","66.7","14.8","59.7","16.9","67.9","43.1","100.0","51.0","(X)","(X)","1287","94","411","91","60","44","193","76","623","113","26.8","5.7","49.9","12.0","88.3","17.8","45.1","22.0","0.0","5.8","25.1","5.8","31.9","9.6","0.0","41.1","27.5","21.0","22.3","10.0","36.2","7.5","(X)","(X)","(X)","(X)","(X)","(X)","74.8","9.3","6.0","3.8","(X)","(X)","(X)","(X)","(X)","(X)","12.4","7.4","0.9","1.3","(X)","(X)","(X)","(X)","(X)","(X)","(X)","(X)","10.0","4.4","(X)","(X)","(X)","(X)","(X)","(X)","(X)","(X)","69.9","7.3","79.3","11.7","71.7","35.8","76.2","18.4","61.5","10.3","30.1","7.3","20.7","11.7","28.3","35.8","23.8","18.4","38.5","10.3","0.0","2.9","0.0","8.7","0.0","41.1","0.0","17.6","0.0","5.8","29.1","5.6","41.1","11.6","38.3","35.9","23.8","18.6","21.8","9.2","70.9","5.6","58.9","11.6","61.7","35.9","76.2","18.6","78.2","9.2",
"1400000US06111002700","Census Tract 27, Ventura County, California","1632","110","607","105","94","62","288","86","643","140","2.33","0.14","3.02","0.20","3.45","1.07","2.96","0.28","1.24","0.15","989","109","607","105","94","62","288","86","(X)","(X)","2.86","0.14","3.02","0.20","3.03","0.74","2.45","0.21","(X)","(X)","359","70","215","59","37","32","107","61","(X)","(X)","32.3","15.4","37.7","14.9","0.0","52.4","32.7","44.1","(X)","(X)","28.4","13.0","23.7","15.3","81.1","40.2","19.6","24.2","(X)","(X)","39.3","15.8","38.6","17.5","18.9","40.2","47.7","43.4","(X)","(X)","1632","110","607","105","94","62","288","86","643","140","26.0","4.7","37.1","8.6","53.2","35.5","44.4","17.9","3.4","5.5","48.3","6.2","52.2","10.3","16.0","20.1","33.0","15.2","56.3","13.1","33.1","7.1","(X)","(X)","(X)","(X)","(X)","(X)","84.0","10.0","19.2","5.4","(X)","(X)","(X)","(X)","(X)","(X)","48.8","12.1","0.8","1.3","(X)","(X)","(X)","(X)","(X)","(X)","(X)","(X)","4.5","3.0","(X)","(X)","(X)","(X)","(X)","(X)","(X)","(X)","61.9","6.2","83.9","6.7","52.1","36.9","63.2","17.6","42.0","11.2","38.1","6.2","16.1","6.7","47.9","36.9","36.8","17.6","58.0","11.2","0.0","2.3","0.0","6.0","0.0","31.7","0.0","12.2","0.0","5.7","42.8","6.1","68.4","11.1","0.0","31.7","34.4","14.5","28.8","10.4","57.2","6.1","31.6","11.1","100.0","31.7","65.6","14.5","71.2","10.4",
"1400000US06111002800","Census Tract 28, Ventura County, California","2482","99","1054","143","50","34","291","136","1087","139","2.36","0.15","3.30","0.22","3.14","1.42","3.09","0.68","1.22","0.13","1395","141","1054","143","50","34","291","136","(X)","(X)","3.19","0.19","3.28","0.21","2.84","1.00","2.92","0.54","(X)","(X)","637","109","403","85","27","24","207","119","(X)","(X)","21.8","10.4","31.3","13.1","48.1","51.9","0.0","16.5","(X)","(X)","18.5","13.8","3.5","5.4","51.9","51.9","43.5","33.3","(X)","(X)","59.7","13.8","65.3","14.1","0.0","61.3","56.5","33.3","(X)","(X)","2482","99","1054","143","50","34","291","136","1087","139","28.6","4.6","43.5","7.5","54.0","37.9","77.0","14.2","0.0","3.4","28.0","3.6","22.1","7.0","0.0","45.1","14.1","11.9","38.8","9.3","35.2","5.9","(X)","(X)","(X)","(X)","(X)","(X)","80.4","11.3","12.7","3.7","(X)","(X)","(X)","(X)","(X)","(X)","29.1","8.7","0.0","1.5","(X)","(X)","(X)","(X)","(X)","(X)","(X)","(X)","4.3","3.8","(X)","(X)","(X)","(X)","(X)","(X)","(X)","(X)","67.2","4.8","90.6","5.5","100.0","45.1","65.3","24.4","43.4","10.3","29.6","4.7","9.4","5.5","0.0","45.1","34.7","24.4","49.2","10.4","3.2","1.4","0.0","3.5","0.0","45.1","0.0","12.1","7.4","3.1","48.5","5.3","63.6","10.1","74.0","43.7","24.7","15.9","39.0","9.7","51.5","5.3","36.4","10.1","26.0","43.7","75.3","15.9","61.0","9.7",
"1400000US06111002901","Census Tract 29.01, Ventura County, California","1769","61","1362","96","47","41","137","62","223","87","3.22","0.19","3.47","0.21","3.74","0.63","3.15","0.52","1.67","0.38","1546","93","1362","96","47","41","137","62","(X)","(X)","3.39","0.18","3.45","0.21","2.68","0.56","3.04","0.54","(X)","(X)","686","86","633","89","11","19","42","35","(X)","(X)","14.9","9.1","16.1","10.0","0.0","96.0","0.0","49.2","(X)","(X)","27.0","12.2","29.2","13.1","0.0","96.0","0.0","49.2","(X)","(X)","58.2","12.8","54.7","13.8","100.0","96.0","100.0","49.2","(X)","(X)","1769","61","1362","96","47","41","137","62","223","87","41.0","5.8","46.5","5.9","44.7","55.3","51.8","27.2","0.0","15.4","41.5","5.9","42.1","6.7","55.3","55.3","17.5","18.2","50.2","17.5","7.4","3.5","(X)","(X)","(X)","(X)","(X)","(X)","58.7","20.3","3.5","2.1","(X)","(X)","(X)","(X)","(X)","(X)","27.8","14.5","1.2","1.4","(X)","(X)","(X)","(X)","(X)","(X)","(X)","(X)","2.5","2.2","(X)","(X)","(X)","(X)","(X)","(X)","(X)","(X)","96.3","2.7","97.7","2.7","100.0","46.5","86.9","19.6","92.8","12.1","3.7","2.7","2.3","2.7","0.0","46.5","13.1","19.6","7.2","12.1","0.0","2.1","0.0","2.7","0.0","46.5","0.0","23.6","0.0","15.4","84.2","5.8","86.9","6.4","78.7","40.9","65.0","26.7","80.7","15.2","15.8","5.8","13.1","6.4","21.3","40.9","35.0","26.7","19.3","15.2",
"1400000US06111002905","Census Tract 29.05, Ventura County, California","1725","71","990","106","64","51","344","108","327","97","3.41","0.33","3.87","0.45","3.98","1.62","4.07","0.54","1.22","0.20","1398","99","990","106","64","51","344","108","(X)","(X)","3.76","0.32","3.83","0.42","2.81","0.63","3.75","0.56","(X)","(X)","526","99","386","96","9","15","131","61","(X)","(X)","20.3","11.8","12.4","7.2","0.0","100.0","45.0","40.0","(X)","(X)","11.4","9.2","15.5","11.2","0.0","100.0","0.0","24.5","(X)","(X)","68.3","14.1","72.0","13.5","100.0","100.0","55.0","40.0","(X)","(X)","1725","71","990","106","64","51","344","108","327","97","42.7","6.1","45.7","8.0","34.4","41.6","73.3","14.1","3.4","5.0","42.9","4.8","45.7","7.8","32.8","40.0","28.8","14.9","51.4","16.2","16.6","5.3","(X)","(X)","(X)","(X)","(X)","(X)","87.8","9.7","8.1","4.2","(X)","(X)","(X)","(X)","(X)","(X)","42.8","18.6","0.0","2.1","(X)","(X)","(X)","(X)","(X)","(X)","(X)","(X)","5.2","3.4","(X)","(X)","(X)","(X)","(X)","(X)","(X)","(X)","84.2","4.0","93.4","3.1","100.0","39.8","73.5","14.2","64.2","15.7","14.2","3.5","6.6","3.1","0.0","39.8","26.5","14.2","27.2","14.8","1.6","2.2","0.0","3.7","0.0","39.8","0.0","10.3","8.6","11.1","74.4","5.0","85.5","6.2","87.5","22.5","41.9","15.3","72.8","14.8","25.6","5.0","14.5","6.2","12.5","22.5","58.1","15.3","27.2","14.8",
"1400000US06111003010","Census Tract 30.10, Ventura County, California","1018","69","444","111","82","66","182","102","310","92","2.87","0.27","3.75","0.45","3.79","0.61","3.22","0.52","1.16","0.20","708","102","444","111","82","66","182","102","(X)","(X)","3.40","0.31","3.73","0.45","2.83","0.82","2.85","0.57","(X)","(X)","412","105","241","95","82","66","89","92","(X)","(X)","51.5","21.1","40.2","33.9","69.5","43.0","65.2","48.4","(X)","(X)","14.6","11.8","10.8","10.2","30.5","43.0","10.1","25.2","(X)","(X)","34.0","19.5","49.0","30.8","0.0","34.7","24.7","38.0","(X)","(X)","1018","69","444","111","82","66","182","102","310","92","44.3","9.0","57.9","13.8","100.0","34.7","61.5","28.5","0.0","11.4","16.8","5.9","17.8","10.3","18.3","30.6","20.9","24.1","12.6","10.7","26.5","9.1","(X)","(X)","(X)","(X)","(X)","(X)","87.1","15.4","2.8","2.6","(X)","(X)","(X)","(X)","(X)","(X)","9.0","9.3","0.0","3.6","(X)","(X)","(X)","(X)","(X)","(X)","(X)","(X)","13.2","7.5","(X)","(X)","(X)","(X)","(X)","(X)","(X)","(X)","63.5","11.8","63.7","19.4","53.7","46.3","75.8","17.7","58.4","20.2","34.7","11.7","32.0","18.9","46.3","46.3","24.2","17.7","41.6","20.2","1.9","2.9","4.3","6.8","0.0","34.7","0.0","18.5","0.0","11.4","50.4","11.8","46.2","19.0","53.7","46.3","61.0","26.4","49.4","21.6","49.6","11.8","53.8","19.0","46.3","46.3","39.0","26.4","50.6","21.6",
"1400000US06111003011","Census Tract 30.11, Ventura County, California","1540","103","637","138","186","95","251","121","466","137","3.62","0.35","4.92","0.76","3.88","1.12","4.78","1.58","1.13","0.18","1074","140","637","138","186","95","251","121","(X)","(X)","4.53","0.42","4.67","0.70","3.68","1.19","4.78","1.58","(X)","(X)","578","155","348","124","48","57","182","113","(X)","(X)","26.5","14.3","18.1","17.1","0.0","46.0","49.5","34.7","(X)","(X)","23.7","16.3","30.5","22.6","0.0","46.0","17.0","22.7","(X)","(X)","49.8","16.8","51.4","21.7","100.0","46.0","33.5","32.2","(X)","(X)","1540","103","637","138","186","95","251","121","466","137","51.4","9.8","75.0","11.4","41.4","30.3","94.0","8.6","0.0","7.7","24.2","5.6","27.2","9.9","3.2","6.6","20.3","23.2","30.7","14.6","28.4","8.5","(X)","(X)","(X)","(X)","(X)","(X)","94.0","7.3","6.3","4.2","(X)","(X)","(X)","(X)","(X)","(X)","20.8","12.8","0.0","2.4","(X)","(X)","(X)","(X)","(X)","(X)","(X)","(X)","3.2","3.0","(X)","(X)","(X)","(X)","(X)","(X)","(X)","(X)","53.9","6.9","68.0","13.1","70.4","29.8","46.6","22.4","32.0","15.3","46.1","6.9","32.0","13.1","29.6","29.8","53.4","22.4","68.0","15.3","0.0","2.4","0.0","5.7","0.0","18.2","0.0","13.8","0.0","7.7","45.3","7.2","63.1","12.1","41.4","30.3","31.5","23.9","30.0","15.3","54.7","7.2","36.9","12.1","58.6","30.3","68.5","23.9","70.0","15.3",
"1400000US06111003012","Census Tract 30.12, Ventura County, California","88","33","60","30","0","13","0","13","28","21","3.40","0.92","4.52","0.77","-","**","-","**","-","**","60","30","60","30","0","13","0","13","(X)","(X)","4.52","0.77","4.52","0.77","-","**","-","**","(X)","(X)","49","32","49","32","0","13","0","13","(X)","(X)","26.5","40.6","26.5","40.6","-","**","-","**","(X)","(X)","28.6","37.4","28.6","37.4","-","**","-","**","(X)","(X)","44.9","42.6","44.9","42.6","-","**","-","**","(X)","(X)","88","33","60","30","0","13","0","13","28","21","55.7","24.1","81.7","28.2","-","**","-","**","0.0","60.2","48.9","33.7","41.7","42.8","-","**","-","**","64.3","54.3","31.8","21.8","(X)","(X)","(X)","(X)","(X)","(X)","100.0","60.2","20.5","22.7","(X)","(X)","(X)","(X)","(X)","(X)","64.3","54.3","0.0","33.2","(X)","(X)","(X)","(X)","(X)","(X)","(X)","(X)","0.0","33.2","(X)","(X)","(X)","(X)","(X)","(X)","(X)","(X)","35.2","30.4","51.7","42.7","-","**","-","**","0.0","60.2","0.0","33.2","0.0","41.1","-","**","-","**","0.0","60.2","64.8","30.4","48.3","42.7","-","**","-","**","100.0","60.2","70.5","24.2","56.7","35.0","-","**","-","**","100.0","60.2","29.5","24.2","43.3","35.0","-","**","-","**","0.0","60.2",
"1400000US06111003013","Census Tract 30.13, Ventura County, California","1608","69","892","128","58","56","179","99","479","113","3.26","0.27","3.94","0.43","3.36","1.39","4.89","0.90","1.37","0.21","1129","112","892","128","58","56","179","99","(X)","(X)","3.98","0.36","3.92","0.42","3.14","1.08","4.53","1.08","(X)","(X)","587","130","480","130","22","28","85","67","(X)","(X)","12.4","7.1","15.2","8.8","0.0","67.9","0.0","33.9","(X)","(X)","17.2","10.9","14.4","14.3","0.0","67.9","37.6","35.9","(X)","(X)","70.4","12.6","70.4","15.4","100.0","67.9","62.4","35.9","(X)","(X)","1608","69","892","128","58","56","179","99","479","113","41.1","7.2","53.8","11.2","37.9","49.1","88.8","13.9","0.0","7.5","28.3","6.2","24.2","8.2","13.8","26.9","25.1","21.9","38.8","16.3","20.7","6.2","(X)","(X)","(X)","(X)","(X)","(X)","69.5","16.6","7.7","4.4","(X)","(X)","(X)","(X)","(X)","(X)","25.9","14.2","0.0","2.3","(X)","(X)","(X)","(X)","(X)","(X)","(X)","(X)","7.8","4.6","(X)","(X)","(X)","(X)","(X)","(X)","(X)","(X)","46.3","6.7","66.4","9.8","36.2","45.2","21.8","20.9","19.2","11.0","44.7","5.8","30.2","9.7","63.8","45.2","71.5","22.5","59.3","13.7","9.1","3.9","3.5","3.1","0.0","41.8","6.7","10.8","21.5","12.8","47.7","5.7","65.9","9.8","36.2","45.2","22.3","21.1","24.6","13.1","52.3","5.7","34.1","9.8","63.8","45.2","77.7","21.1","75.4","13.1",
"1400000US06111003100","Census Tract 31, Ventura County, California","3557","113","2234","257","275","161","549","168","499","164","4.45","0.28","4.87","0.30","6.28","1.54","4.41","0.73","1.64","0.41","3058","174","2234","257","275","161","549","168","(X)","(X)","4.70","0.26","4.81","0.29","4.77","2.02","4.21","0.75","(X)","(X)","1918","204","1463","222","154","126","301","127","(X)","(X)","17.2","6.7","10.8","6.2","70.8","36.6","20.9","16.4","(X)","(X)","29.5","8.5","29.9","9.8","9.7","18.4","37.2","26.8","(X)","(X)","53.3","8.6","59.3","10.6","19.5","28.9","41.9","25.3","(X)","(X)","3557","113","2234","257","275","161","549","168","499","164","64.8","5.0","75.7","5.0","72.7","18.6","72.3","16.1","3.4","5.3","32.0","5.5","26.1","6.8","33.1","20.8","23.1","14.6","67.5","17.2","9.9","4.2","(X)","(X)","(X)","(X)","(X)","(X)","70.3","18.8","5.8","3.1","(X)","(X)","(X)","(X)","(X)","(X)","41.3","18.5","0.0","1.0","(X)","(X)","(X)","(X)","(X)","(X)","(X)","(X)","6.0","4.1","(X)","(X)","(X)","(X)","(X)","(X)","(X)","(X)","98.3","1.3","98.6","1.7","100.0","12.7","100.0","6.6","94.4","4.4","1.7","1.3","1.4","1.7","0.0","12.7","0.0","6.6","5.6","4.4","0.0","1.0","0.0","1.7","0.0","12.7","0.0","6.6","0.0","7.2","75.7","6.6","81.4","7.8","38.2","22.7","64.5","18.7","83.2","11.7","24.3","6.6","18.6","7.8","61.8","22.7","35.5","18.7","16.8","11.7",
"1400000US06111003201","Census Tract 32.01, Ventura County, California","817","68","427","95","85","63","207","73","98","52","4.66","0.93","4.65","0.72","3.73","0.82","4.73","0.92","5.37","6.59","719","80","427","95","85","63","207","73","(X)","(X)","4.41","0.47","4.60","0.70","3.18","0.61","4.53","0.85","(X)","(X)","400","94","262","86","40","56","98","49","(X)","(X)","9.5","7.8","4.2","6.4","0.0","50.4","27.6","22.6","(X)","(X)","42.8","18.8","61.1","22.8","0.0","50.4","11.2","17.7","(X)","(X)","47.8","18.5","34.7","22.6","100.0","50.4","61.2","25.5","(X)","(X)","817","68","427","95","85","63","207","73","98","52","57.6","10.2","68.6","15.1","47.1","44.8","66.7","20.0","0.0","30.7","25.5","7.2","28.3","11.4","17.6","22.3","29.0","17.9","12.2","18.8","8.1","7.0","(X)","(X)","(X)","(X)","(X)","(X)","67.3","49.0","0.0","4.5","(X)","(X)","(X)","(X)","(X)","(X)","0.0","30.7","0.0","4.5","(X)","(X)","(X)","(X)","(X)","(X)","(X)","(X)","2.9","2.6","(X)","(X)","(X)","(X)","(X)","(X)","(X)","(X)","85.4","8.4","77.5","14.3","100.0","33.9","94.7","8.8","87.8","18.8","14.6","8.4","22.5","14.3","0.0","33.9","5.3","8.8","12.2","18.8","0.0","4.5","0.0","8.4","0.0","33.9","0.0","16.5","0.0","30.7","29.4","10.3","36.5","12.4","12.9","20.0","19.8","18.0","32.7","49.0","70.6","10.3","63.5","12.4","87.1","20.0","80.2","18.0","67.3","49.0",
"1400000US06111003300","Census Tract 33, Ventura County, California","2194","155","1060","203","262","123","499","178","373","124","3.55","0.25","3.94","0.45","4.69","0.98","3.94","0.42","1.15","0.16","1821","153","1060","203","262","123","499","178","(X)","(X)","3.97","0.32","3.90","0.44","4.65","0.98","3.75","0.44","(X)","(X)","916","170","536","154","92","88","288","150","(X)","(X)","14.2","9.4","20.0","14.6","0.0","32.2","8.0","11.6","(X)","(X)","25.3","12.0","34.9","17.5","14.1","28.8","11.1","11.7","(X)","(X)","60.5","13.9","45.1","17.9","85.9","28.8","80.9","15.8","(X)","(X)","2194","155","1060","203","262","123","499","178","373","124","52.6","6.7","59.4","9.5","72.9","17.7","66.5","15.4","0.0","9.6","34.5","6.2","31.8","8.7","21.0","19.0","34.7","17.6","51.7","18.3","15.7","5.1","(X)","(X)","(X)","(X)","(X)","(X)","92.2","7.3","7.5","3.4","(X)","(X)","(X)","(X)","(X)","(X)","44.2","17.7","0.0","1.7","(X)","(X)","(X)","(X)","(X)","(X)","(X)","(X)","2.0","1.8","(X)","(X)","(X)","(X)","(X)","(X)","(X)","(X)","68.2","6.5","78.4","8.9","46.6","22.0","55.7","19.1","71.0","17.0","31.8","6.5","21.6","8.9","53.4","22.0","44.3","19.1","29.0","17.0","0.0","1.7","0.0","3.5","0.0","13.3","0.0","7.2","0.0","9.6","54.9","7.7","70.5","9.3","21.0","19.0","32.1","15.4","64.9","19.2","45.1","7.7","29.5","9.3","79.0","19.0","67.9","15.4","35.1","19.2",
"1400000US06111003605","Census Tract 36.05, Ventura County, California","2717","162","1310","210","110","72","455","167","842","209","3.40","0.36","4.24","0.56","3.12","0.81","4.70","1.04","1.43","0.19","1875","228","1310","210","110","72","455","167","(X)","(X)","3.92","0.40","4.11","0.50","2.30","0.40","3.79","0.95","(X)","(X)","968","235","658","165","35","44","275","171","(X)","(X)","20.2","11.1","16.0","10.7","0.0","53.8","33.1","28.2","(X)","(X)","26.3","11.5","34.2","15.6","0.0","53.8","10.9","13.0","(X)","(X)","53.4","15.4","49.8","17.2","100.0","53.8","56.0","30.6","(X)","(X)","2717","162","1310","210","110","72","455","167","842","209","39.7","7.5","53.1","9.7","31.8","41.3","71.2","21.0","2.9","3.6","30.3","6.0","25.6","7.3","0.0","28.2","45.9","22.3","33.1","11.8","24.1","7.1","(X)","(X)","(X)","(X)","(X)","(X)","77.9","9.1","4.2","2.2","(X)","(X)","(X)","(X)","(X)","(X)","13.7","7.1","2.6","2.3","(X)","(X)","(X)","(X)","(X)","(X)","(X)","(X)","4.7","3.4","(X)","(X)","(X)","(X)","(X)","(X)","(X)","(X)","75.4","5.4","89.0","6.3","69.1","37.9","61.8","24.3","62.5","12.0","24.6","5.4","11.0","6.3","30.9","37.9","38.2","24.3","37.5","12.0","0.0","1.4","0.0","2.8","0.0","28.2","0.0","7.9","0.0","4.4","62.5","6.8","66.6","11.5","69.1","37.9","59.8","25.3","56.9","11.8","37.5","6.8","33.4","11.5","30.9","37.9","40.2","25.3","43.1","11.8",
"1400000US06111003608","Census Tract 36.08, Ventura County, California","1072","30","677","79","166","73","94","42","135","44","4.03","0.27","4.42","0.35","3.51","0.81","5.47","1.38","1.73","0.36","937","51","677","79","166","73","94","42","(X)","(X)","4.26","0.29","4.36","0.34","3.37","0.84","5.06","1.03","(X)","(X)","463","74","387","76","34","27","42","34","(X)","(X)","15.1","7.9","15.8","9.0","26.5","33.0","0.0","49.2","(X)","(X)","30.5","9.4","34.1","11.2","26.5","29.9","0.0","49.2","(X)","(X)","54.4","9.4","50.1","10.9","47.1","27.9","100.0","49.2","(X)","(X)","1072","30","677","79","166","73","94","42","135","44","54.2","6.0","64.7","7.4","38.0","17.8","60.6","27.7","17.0","18.3","30.0","5.6","19.1","4.6","48.8","24.2","54.3","26.5","45.2","18.3","6.8","2.6","(X)","(X)","(X)","(X)","(X)","(X)","54.1","18.3","3.2","1.8","(X)","(X)","(X)","(X)","(X)","(X)","25.2","13.9","1.2","1.6","(X)","(X)","(X)","(X)","(X)","(X)","(X)","(X)","4.9","3.3","(X)","(X)","(X)","(X)","(X)","(X)","(X)","(X)","81.1","5.7","79.6","9.6","81.9","15.7","91.5","14.9","80.0","13.0","18.9","5.7","20.4","9.6","18.1","15.7","8.5","14.9","20.0","13.0","0.0","3.4","0.0","5.4","0.0","20.1","0.0","31.7","0.0","23.9","64.0","7.2","67.5","10.2","54.2","22.1","67.0","22.5","56.3","21.7","36.0","7.2","32.5","10.2","45.8","22.1","33.0","22.5","43.7","21.7",
"1400000US06111003609","Census Tract 36.09, Ventura County, California","2871","239","1182","180","50","45","286","146","1353","279","2.06","0.16","2.52","0.16","2.16","0.19","3.18","0.55","1.41","0.17","1518","204","1182","180","50","45","286","146","(X)","(X)","2.61","0.15","2.52","0.16","2.16","0.19","3.08","0.50","(X)","(X)","302","90","220","86","17","27","65","56","(X)","(X)","44.4","19.8","60.9","23.7","0.0","77.3","0.0","39.5","(X)","(X)","5.3","6.7","4.1","6.9","0.0","77.3","10.8","20.4","(X)","(X)","50.3","18.9","35.0","22.8","100.0","77.3","89.2","20.4","(X)","(X)","2871","239","1182","180","50","45","286","146","1353","279","13.2","3.7","21.5","6.7","34.0","47.4","38.1","25.5","0.0","2.7","52.4","6.1","53.0","8.0","66.0","47.4","53.1","26.3","51.2","9.2","32.8","7.4","(X)","(X)","(X)","(X)","(X)","(X)","69.7","10.2","15.3","5.0","(X)","(X)","(X)","(X)","(X)","(X)","32.5","8.6","1.0","0.9","(X)","(X)","(X)","(X)","(X)","(X)","(X)","(X)","9.5","4.2","(X)","(X)","(X)","(X)","(X)","(X)","(X)","(X)","64.8","5.5","77.7","7.0","64.0","49.0","50.3","24.9","56.6","8.4","25.5","5.3","16.8","5.4","0.0","45.1","44.4","24.5","30.0","8.6","9.7","2.2","5.5","4.0","36.0","49.0","5.2","9.0","13.4","4.1","66.3","5.7","79.0","8.0","100.0","45.1","16.1","17.0","64.5","8.8","33.7","5.7","21.0","8.0","0.0","45.1","83.9","17.0","35.5","8.8",
"1400000US06111003612","Census Tract 36.12, Ventura County, California","2002","192","887","142","149","80","114","93","852","167","2.19","0.13","2.76","0.19","2.74","0.44","3.00","0.80","1.40","0.19","1150","160","887","142","149","80","114","93","(X)","(X)","2.74","0.17","2.76","0.19","2.52","0.47","2.87","0.80","(X)","(X)","292","102","191","67","73","83","28","35","(X)","(X)","25.3","19.3","15.2","14.9","45.2","54.8","42.9","57.1","(X)","(X)","17.5","15.5","26.7","21.3","0.0","37.2","0.0","60.2","(X)","(X)","57.2","19.8","58.1","22.1","54.8","54.8","57.1","57.1","(X)","(X)","2002","192","887","142","149","80","114","93","852","167","17.0","4.8","23.4","7.5","49.0","42.0","52.6","43.4","0.0","4.3","32.2","6.5","38.2","12.8","6.7","12.7","38.6","40.4","29.6","9.2","32.0","7.1","(X)","(X)","(X)","(X)","(X)","(X)","75.1","10.1","5.7","3.0","(X)","(X)","(X)","(X)","(X)","(X)","13.4","6.5","0.6","0.9","(X)","(X)","(X)","(X)","(X)","(X)","(X)","(X)","7.3","4.0","(X)","(X)","(X)","(X)","(X)","(X)","(X)","(X)","64.4","8.9","70.8","14.3","60.4","42.7","86.0","24.6","55.6","12.5","35.6","8.9","29.2","14.3","39.6","42.7","14.0","24.6","44.4","12.5","0.0","1.9","0.0","4.1","0.0","22.0","0.0","27.4","0.0","4.3","39.9","7.2","63.6","13.4","0.0","22.0","38.6","40.4","22.4","9.5","60.1","7.2","36.4","13.4","100.0","22.0","61.4","40.4","77.6","9.5",
"1400000US06111003700","Census Tract 37, Ventura County, California","1242","91","788","118","132","68","209","77","113","61","5.07","0.39","5.64","0.50","5.66","1.40","4.74","1.07","-","**","1129","107","788","118","132","68","209","77","(X)","(X)","5.09","0.38","5.31","0.45","4.57","0.99","4.62","1.09","(X)","(X)","471","100","337","95","45","45","89","49","(X)","(X)","10.8","8.9","15.1","12.3","0.0","47.5","0.0","32.9","(X)","(X)","14.2","11.6","13.4","11.7","0.0","47.5","24.7","32.3","(X)","(X)","74.9","13.7","71.5","15.8","100.0","47.5","75.3","32.3","(X)","(X)","1242","91","788","118","132","68","209","77","113","61","56.0","7.6","63.8","10.2","54.5","27.1","57.9","19.2","0.0","27.6","51.9","8.7","47.8","10.3","92.4","12.9","43.5","23.1","47.8","34.2","9.1","4.9","(X)","(X)","(X)","(X)","(X)","(X)","100.0","27.6","3.6","3.3","(X)","(X)","(X)","(X)","(X)","(X)","39.8","31.1","0.7","1.2","(X)","(X)","(X)","(X)","(X)","(X)","(X)","(X)","2.1","3.3","(X)","(X)","(X)","(X)","(X)","(X)","(X)","(X)","94.3","2.5","94.3","2.9","100.0","24.4","92.3","8.5","91.2","14.1","5.7","2.5","5.7","2.9","0.0","24.4","7.7","8.5","8.8","14.1","0.0","3.0","0.0","4.6","0.0","24.4","0.0","16.4","0.0","27.6","72.5","7.5","77.7","8.2","70.5","24.1","58.9","22.8","63.7","32.7","27.5","7.5","22.3","8.2","29.5","24.1","41.1","22.8","36.3","32.7",
"1400000US06111003801","Census Tract 38.01, Ventura County, California","1058","110","650","127","70","51","152","87","186","70","4.16","0.42","4.88","0.66","4.34","0.92","4.32","1.12","1.43","0.52","872","111","650","127","70","51","152","87","(X)","(X)","4.63","0.48","4.88","0.66","3.99","0.78","3.85","0.81","(X)","(X)","340","102","259","90","36","33","45","46","(X)","(X)","13.5","9.2","12.0","11.5","41.7","44.3","0.0","47.5","(X)","(X)","27.6","16.1","33.6","18.9","0.0","53.1","15.6","34.0","(X)","(X)","58.8","15.9","54.4","18.2","58.3","44.3","84.4","34.0","(X)","(X)","1058","110","650","127","70","51","152","87","186","70","44.9","9.5","51.1","13.4","51.4","38.1","70.4","21.9","0.0","18.2","38.8","6.4","34.9","10.1","17.1","21.9","64.5","25.2","39.2","20.7","15.3","5.8","(X)","(X)","(X)","(X)","(X)","(X)","87.1","15.2","4.3","2.6","(X)","(X)","(X)","(X)","(X)","(X)","24.2","16.0","1.6","2.6","(X)","(X)","(X)","(X)","(X)","(X)","(X)","(X)","1.1","1.5","(X)","(X)","(X)","(X)","(X)","(X)","(X)","(X)","73.4","7.4","79.1","9.2","58.6","39.2","65.1","27.0","66.1","20.6","25.5","7.5","20.9","9.2","41.4","39.2","34.9","27.0","28.0","20.4","1.0","1.6","0.0","5.6","0.0","38.1","0.0","21.6","5.9","8.9","39.1","8.8","37.7","12.7","45.7","35.6","45.4","26.1","36.6","20.5","60.9","8.8","62.3","12.7","54.3","35.6","54.6","26.1","63.4","20.5",
"1400000US06111003802","Census Tract 38.02, Ventura County, California","612","17","433","72","42","44","48","48","89","75","4.67","0.77","5.11","1.03","4.38","1.30","6.13","2.60","1.87","0.58","523","78","433","72","42","44","48","48","(X)","(X)","4.93","0.98","4.88","1.05","4.38","1.30","5.85","2.59","(X)","(X)","327","58","287","69","0","13","40","42","(X)","(X)","20.2","22.9","23.0","26.3","-","**","0.0","50.4","(X)","(X)","19.0","21.2","14.3","22.5","-","**","52.5","52.5","(X)","(X)","60.9","19.4","62.7","21.4","-","**","47.5","52.5","(X)","(X)","612","17","433","72","42","44","48","48","89","75","58.0","10.1","67.9","9.7","31.0","44.6","100.0","46.0","0.0","32.9","28.1","9.6","27.7","15.5","31.0","44.6","16.7","27.8","34.8","42.8","5.1","5.4","(X)","(X)","(X)","(X)","(X)","(X)","34.8","42.8","5.1","5.4","(X)","(X)","(X)","(X)","(X)","(X)","34.8","42.8","0.0","5.9","(X)","(X)","(X)","(X)","(X)","(X)","(X)","(X)","1.5","2.7","(X)","(X)","(X)","(X)","(X)","(X)","(X)","(X)","57.7","7.4","66.1","13.0","31.0","44.6","47.9","41.6","34.8","42.8","42.3","7.4","33.9","13.0","69.0","44.6","52.1","41.6","65.2","42.8","0.0","5.9","0.0","8.3","0.0","49.2","0.0","46.0","0.0","32.9","34.5","11.1","36.0","13.7","31.0","44.6","22.9","45.2","34.8","42.8","65.5","11.1","64.0","13.7","69.0","44.6","77.1","45.2","65.2","42.8",
"1400000US06111003900","Census Tract 39, Ventura County, California","1506","106","844","151","139","79","351","122","172","90","4.52","0.41","5.17","0.61","4.56","0.68","4.38","0.44","1.60","0.66","1334","121","844","151","139","79","351","122","(X)","(X)","4.67","0.37","4.98","0.54","4.06","0.56","4.18","0.46","(X)","(X)","927","134","659","129","33","42","235","106","(X)","(X)","21.9","10.6","18.4","12.2","0.0","55.5","34.9","24.6","(X)","(X)","44.6","13.8","46.7","16.9","0.0","55.5","44.7","23.4","(X)","(X)","33.5","11.7","34.9","14.5","100.0","55.5","20.4","19.7","(X)","(X)","1506","106","844","151","139","79","351","122","172","90","69.9","8.0","82.5","8.8","46.0","29.7","80.9","14.1","5.2","8.1","21.8","6.9","17.2","8.6","37.4","29.2","14.0","12.1","48.3","23.8","9.8","5.7","(X)","(X)","(X)","(X)","(X)","(X)","85.5","15.0","2.7","2.4","(X)","(X)","(X)","(X)","(X)","(X)","23.3","17.9","0.7","1.0","(X)","(X)","(X)","(X)","(X)","(X)","(X)","(X)","5.1","4.5","(X)","(X)","(X)","(X)","(X)","(X)","(X)","(X)","75.9","7.8","85.5","9.3","95.0","8.8","59.5","19.9","46.5","21.9","22.0","7.5","12.1","8.9","5.0","8.8","37.3","19.1","53.5","21.9","2.1","2.3","2.4","3.4","0.0","23.3","3.1","4.9","0.0","19.5","42.4","8.6","48.5","13.0","51.1","32.4","27.1","16.3","37.2","20.3","57.6","8.6","51.5","13.0","48.9","32.4","72.9","16.3","62.8","20.3",
"1400000US06111004000","Census Tract 40, Ventura County, California","1467","71","969","117","64","46","181","67","253","76","4.40","0.33","5.03","0.58","6.75","2.76","4.73","0.78","1.17","0.16","1214","94","969","117","64","46","181","67","(X)","(X)","4.68","0.42","4.70","0.54","5.64","2.28","4.20","0.61","(X)","(X)","602","99","496","107","31","32","75","48","(X)","(X)","28.7","13.3","25.2","15.0","100.0","57.2","22.7","26.0","(X)","(X)","45.3","12.6","43.3","14.0","0.0","57.2","77.3","26.0","(X)","(X)","25.9","13.0","31.5","14.6","0.0","57.2","0.0","36.7","(X)","(X)","1467","71","969","117","64","46","181","67","253","76","53.6","5.7","62.2","8.0","79.7","32.9","73.5","15.0","0.0","13.7","39.4","6.8","28.1","8.8","40.6","34.8","49.7","16.3","75.1","17.5","14.9","5.2","(X)","(X)","(X)","(X)","(X)","(X)","86.6","12.8","6.8","3.6","(X)","(X)","(X)","(X)","(X)","(X)","39.5","18.1","0.0","2.5","(X)","(X)","(X)","(X)","(X)","(X)","(X)","(X)","2.9","2.4","(X)","(X)","(X)","(X)","(X)","(X)","(X)","(X)","76.2","5.7","83.5","7.0","100.0","39.8","89.5","10.8","32.8","16.3","9.5","5.2","8.8","6.3","0.0","39.8","0.0","18.6","21.7","18.5","14.2","3.7","7.7","4.0","0.0","39.8","10.5","10.8","45.5","17.1","68.8","7.9","69.5","8.8","100.0","39.8","65.2","19.8","61.3","20.0","31.2","7.9","30.5","8.8","0.0","39.8","34.8","19.8","38.7","20.0",
"1400000US06111004101","Census Tract 41.01, Ventura County, California","1374","74","922","134","124","76","209","74","119","71","5.07","0.44","5.28","0.55","5.49","1.18","5.82","1.23","1.70","0.57","1255","97","922","134","124","76","209","74","(X)","(X)","5.21","0.44","5.15","0.52","5.32","1.13","5.39","1.28","(X)","(X)","655","119","528","115","0","18","127","67","(X)","(X)","14.8","9.6","10.6","9.0","-","**","32.3","36.3","(X)","(X)","44.9","12.5","43.4","13.5","-","**","51.2","39.2","(X)","(X)","40.3","10.6","46.0","12.3","-","**","16.5","17.2","(X)","(X)","1374","74","922","134","124","76","209","74","119","71","61.1","7.3","67.7","9.1","44.4","30.6","68.4","19.2","14.3","22.6","24.7","5.4","22.3","6.9","23.4","26.7","32.1","19.2","31.1","26.9","4.7","3.7","(X)","(X)","(X)","(X)","(X)","(X)","53.8","35.0","2.7","2.1","(X)","(X)","(X)","(X)","(X)","(X)","31.1","26.9","0.7","1.1","(X)","(X)","(X)","(X)","(X)","(X)","(X)","(X)","6.7","4.6","(X)","(X)","(X)","(X)","(X)","(X)","(X)","(X)","74.6","5.8","81.5","8.4","67.7","30.8","59.8","20.9","54.6","33.5","25.4","5.8","18.5","8.4","32.3","30.8","40.2","20.9","45.4","33.5","0.0","2.7","0.0","4.0","0.0","25.6","0.0","16.4","0.0","26.5","59.3","7.9","71.3","9.6","50.0","32.7","26.8","18.2","33.6","24.9","40.7","7.9","28.7","9.6","50.0","32.7","73.2","18.2","66.4","24.9",
"1400000US06111004200","Census Tract 42, Ventura County, California","1252","93","763","129","41","32","263","106","185","76","4.19","0.33","4.75","0.39","3.10","0.52","4.46","0.80","1.74","0.49","1067","97","763","129","41","32","263","106","(X)","(X)","4.29","0.30","4.51","0.38","2.90","0.59","3.87","0.45","(X)","(X)","528","75","418","98","8","13","102","70","(X)","(X)","18.2","10.9","21.1","13.3","0.0","100.0","7.8","14.4","(X)","(X)","19.9","9.9","17.9","9.2","0.0","100.0","29.4","37.3","(X)","(X)","61.9","11.9","61.0","14.5","100.0","100.0","62.7","35.4","(X)","(X)","1252","93","763","129","41","32","263","106","185","76","52.7","6.5","67.6","8.5","19.5","31.2","47.5","19.3","5.9","9.3","43.1","6.4","31.5","7.6","80.5","31.2","61.2","17.7","57.3","22.5","9.3","4.8","(X)","(X)","(X)","(X)","(X)","(X)","62.7","24.1","4.6","3.1","(X)","(X)","(X)","(X)","(X)","(X)","30.8","19.4","0.0","2.9","(X)","(X)","(X)","(X)","(X)","(X)","(X)","(X)","7.4","5.8","(X)","(X)","(X)","(X)","(X)","(X)","(X)","(X)","99.2","1.3","98.7","2.1","100.0","49.7","100.0","13.3","100.0","18.2","0.8","1.3","1.3","2.1","0.0","49.7","0.0","13.3","0.0","18.2","0.0","2.9","0.0","4.8","0.0","49.7","0.0","13.3","0.0","18.2","78.3","7.1","79.4","8.7","80.5","31.2","66.9","17.4","89.2","12.6","21.7","7.1","20.6","8.7","19.5","31.2","33.1","17.4","10.8","12.6",
"1400000US06111004304","Census Tract 43.04, Ventura County, California","2653","181","969","185","101","65","508","149","1075","207","2.54","0.23","3.54","0.47","2.94","0.85","3.36","0.40","1.23","0.14","1578","169","969","185","101","65","508","149","(X)","(X)","3.31","0.29","3.45","0.45","2.78","0.85","3.16","0.39","(X)","(X)","914","156","476","158","43","37","395","143","(X)","(X)","16.2","9.7","18.3","15.3","72.1","41.5","7.6","10.3","(X)","(X)","34.2","11.6","30.3","17.3","0.0","48.6","42.8","19.6","(X)","(X)","49.6","14.4","51.5","19.4","27.9","41.5","49.6","21.7","(X)","(X)","2653","181","969","185","101","65","508","149","1075","207","36.0","6.1","51.1","12.4","42.6","31.3","77.8","14.2","2.0","3.7","45.8","6.5","43.1","12.2","37.6","32.9","24.8","15.6","58.9","11.4","33.7","6.7","(X)","(X)","(X)","(X)","(X)","(X)","83.1","9.3","18.4","4.0","(X)","(X)","(X)","(X)","(X)","(X)","45.5","10.2","1.6","2.3","(X)","(X)","(X)","(X)","(X)","(X)","(X)","(X)","3.7","2.9","(X)","(X)","(X)","(X)","(X)","(X)","(X)","(X)","59.9","6.4","57.6","13.4","68.3","31.9","44.5","20.0","68.4","9.8","38.5","6.6","42.4","13.4","31.7","31.9","55.5","20.0","27.6","10.0","1.6","2.6","0.0","3.8","0.0","30.1","0.0","7.1","4.0","6.2","44.7","7.1","48.4","11.5","37.6","32.9","15.9","12.3","55.7","9.6","55.3","7.1","51.6","11.5","62.4","32.9","84.1","12.3","44.3","9.6",
"1400000US06111004305","Census Tract 43.05, Ventura County, California","524","68","386","85","0","13","59","36","79","49","3.35","0.29","3.75","0.25","-","**","3.83","0.79","-","**","445","74","386","85","0","13","59","36","(X)","(X)","3.76","0.23","3.75","0.25","-","**","3.83","0.79","(X)","(X)","402","74","343","85","0","13","59","36","(X)","(X)","55.0","15.4","50.4","17.2","-","**","81.4","27.8","(X)","(X)","14.7","9.4","14.0","10.4","-","**","18.6","27.8","(X)","(X)","30.3","15.8","35.6","17.7","-","**","0.0","41.5","(X)","(X)","524","68","386","85","0","13","59","36","79","49","76.7","10.3","88.9","8.5","-","**","100.0","41.5","0.0","35.6","0.0","6.9","0.0","9.3","-","**","0.0","41.5","0.0","35.6","15.1","9.2","(X)","(X)","(X)","(X)","(X)","(X)","100.0","35.6","0.0","6.9","(X)","(X)","(X)","(X)","(X)","(X)","0.0","35.6","0.0","6.9","(X)","(X)","(X)","(X)","(X)","(X)","(X)","(X)","0.0","6.9","(X)","(X)","(X)","(X)","(X)","(X)","(X)","(X)","80.5","10.8","92.7","6.9","-","**","83.1","26.3","19.0","22.4","19.5","10.8","7.3","6.9","-","**","16.9","26.3","81.0","22.4","0.0","6.9","0.0","9.3","-","**","0.0","41.5","0.0","35.6","2.3","3.5","3.1","4.9","-","**","0.0","41.5","0.0","35.6","97.7","3.5","96.9","4.9","-","**","100.0","41.5","100.0","35.6",
"1400000US06111004400","Census Tract 44, Ventura County, California","2873","189","884","194","295","165","587","163","1107","254","2.43","0.20","3.08","0.47","3.68","0.69","3.14","0.39","1.20","0.10","1766","212","884","194","295","165","587","163","(X)","(X)","3.02","0.27","3.08","0.47","2.83","0.44","3.02","0.39","(X)","(X)","733","170","258","106","186","148","289","149","(X)","(X)","21.3","12.7","22.9","15.8","0.0","18.2","33.6","24.9","(X)","(X)","21.8","14.5","12.4","14.5","50.0","32.6","12.1","18.5","(X)","(X)","56.9","15.9","64.7","17.9","50.0","32.6","54.3","26.5","(X)","(X)","2873","189","884","194","295","165","587","163","1107","254","28.8","6.5","30.8","10.5","78.0","22.9","55.5","18.9","0.0","3.3","40.3","6.9","40.5","11.0","25.8","22.4","10.2","10.2","60.1","12.7","31.7","7.9","(X)","(X)","(X)","(X)","(X)","(X)","82.4","8.7","8.6","3.0","(X)","(X)","(X)","(X)","(X)","(X)","22.4","8.6","1.3","1.6","(X)","(X)","(X)","(X)","(X)","(X)","(X)","(X)","7.0","4.3","(X)","(X)","(X)","(X)","(X)","(X)","(X)","(X)","52.1","6.4","68.3","10.8","50.8","24.7","48.4","17.5","41.5","13.0","47.5","6.4","31.7","10.8","49.2","24.7","51.6","17.5","57.5","13.1","0.4","0.6","0.0","4.1","0.0","11.9","0.0","6.2","1.0","1.5","40.5","7.2","66.5","13.2","23.4","23.6","33.9","18.1","27.8","10.1","59.5","7.2","33.5","13.2","76.6","23.6","66.1","18.1","72.2","10.1",
"1400000US06111004503","Census Tract 45.03, Ventura County, California","1081","74","660","104","156","96","181","84","84","53","4.58","0.42","4.95","0.46","4.77","1.53","4.62","0.82","1.21","0.28","997","90","660","104","156","96","181","84","(X)","(X)","4.38","0.37","4.70","0.41","3.67","1.62","3.80","0.64","(X)","(X)","690","114","491","112","85","74","114","69","(X)","(X)","20.9","10.1","19.6","11.0","31.8","46.9","18.4","19.9","(X)","(X)","24.6","11.8","28.3","13.6","36.5","47.3","0.0","27.4","(X)","(X)","54.5","11.8","52.1","13.8","31.8","43.5","81.6","19.9","(X)","(X)","1081","74","660","104","156","96","181","84","84","53","69.2","9.7","77.9","11.0","54.5","31.4","82.3","16.9","0.0","34.2","16.7","7.4","14.8","10.7","18.6","20.3","11.6","13.1","38.1","37.6","6.4","4.8","(X)","(X)","(X)","(X)","(X)","(X)","82.1","20.4","3.0","3.5","(X)","(X)","(X)","(X)","(X)","(X)","38.1","37.6","0.8","1.3","(X)","(X)","(X)","(X)","(X)","(X)","(X)","(X)","16.2","8.6","(X)","(X)","(X)","(X)","(X)","(X)","(X)","(X)","67.9","9.7","74.8","11.1","82.7","26.5","53.0","26.1","17.9","20.4","19.8","8.5","17.6","11.1","0.0","21.2","36.5","23.5","38.1","37.6","12.3","6.6","7.6","4.8","17.3","26.5","10.5","13.4","44.0","37.2","49.0","9.3","54.4","12.7","17.3","26.5","56.9","21.4","48.8","37.1","51.0","9.3","45.6","12.7","82.7","26.5","43.1","21.4","51.2","37.1",
"1400000US06111004504","Census Tract 45.04, Ventura County, California","1239","53","657","129","197","84","238","98","147","59","4.49","0.41","4.81","0.54","6.09","1.54","4.43","0.89","-","**","1092","69","657","129","197","84","238","98","(X)","(X)","4.40","0.42","4.42","0.43","5.16","1.68","3.70","0.76","(X)","(X)","611","90","419","114","44","43","148","75","(X)","(X)","9.5","6.6","8.8","7.0","0.0","48.0","14.2","17.9","(X)","(X)","29.3","12.3","33.9","14.3","0.0","48.0","25.0","21.4","(X)","(X)","61.2","12.7","57.3","14.0","100.0","48.0","60.8","25.2","(X)","(X)","1239","53","657","129","197","84","238","98","147","59","57.9","6.8","63.8","10.8","63.5","21.3","72.7","19.2","0.0","22.3","32.8","6.5","23.7","7.7","35.0","24.0","32.8","16.8","70.1","20.2","11.9","4.6","(X)","(X)","(X)","(X)","(X)","(X)","100.0","22.3","8.3","4.6","(X)","(X)","(X)","(X)","(X)","(X)","70.1","20.2","0.3","0.7","(X)","(X)","(X)","(X)","(X)","(X)","(X)","(X)","5.0","4.0","(X)","(X)","(X)","(X)","(X)","(X)","(X)","(X)","66.7","6.2","74.4","10.3","69.5","26.8","58.4","19.9","41.5","18.9","33.3","6.2","25.6","10.3","30.5","26.8","41.6","19.9","58.5","18.9","0.0","3.0","0.0","5.5","0.0","17.3","0.0","14.5","0.0","22.3","46.3","8.5","47.6","13.5","63.5","25.5","35.7","15.4","34.7","18.2","53.7","8.5","52.4","13.5","36.5","25.5","64.3","15.4","65.3","18.2",
"1400000US06111004505","Census Tract 45.05, Ventura County, California","491","27","277","63","28","24","121","58","65","38","4.06","0.56","4.31","0.69","3.82","2.35","4.74","1.10","1.82","1.04","426","46","277","63","28","24","121","58","(X)","(X)","4.38","0.62","4.31","0.69","3.46","1.85","4.74","1.10","(X)","(X)","158","58","127","54","10","15","21","28","(X)","(X)","8.9","10.8","11.0","13.4","0.0","100.0","0.0","69.5","(X)","(X)","63.3","22.8","54.3","26.4","100.0","100.0","100.0","69.5","(X)","(X)","27.8","21.4","34.6","24.8","0.0","100.0","0.0","69.5","(X)","(X)","491","27","277","63","28","24","121","58","65","38","43.8","13.3","53.4","16.7","35.7","46.3","47.1","34.3","0.0","39.5","44.2","14.5","51.6","15.1","28.6","40.5","42.1","33.9","23.1","25.9","9.6","7.9","(X)","(X)","(X)","(X)","(X)","(X)","72.3","34.8","1.8","2.7","(X)","(X)","(X)","(X)","(X)","(X)","13.8","21.0","0.0","7.3","(X)","(X)","(X)","(X)","(X)","(X)","(X)","(X)","2.0","3.1","(X)","(X)","(X)","(X)","(X)","(X)","(X)","(X)","76.6","8.0","79.1","13.1","100.0","60.2","84.3","23.8","41.5","37.9","23.4","8.0","20.9","13.1","0.0","60.2","15.7","23.8","58.5","37.9","0.0","7.3","0.0","12.6","0.0","60.2","0.0","26.1","0.0","39.5","54.8","11.5","52.7","16.6","100.0","60.2","61.2","33.4","32.3","39.8","45.2","11.5","47.3","16.6","0.0","60.2","38.8","33.4","67.7","39.8",
"1400000US06111004506","Census Tract 45.06, Ventura County, California","1519","62","769","127","203","105","370","121","177","72","4.60","0.37","4.85","0.44","5.29","1.30","5.05","0.70","1.81","0.83","1342","89","769","127","203","105","370","121","(X)","(X)","4.76","0.30","4.76","0.41","4.73","1.10","4.79","0.63","(X)","(X)","916","116","557","119","93","54","266","100","(X)","(X)","21.7","7.2","19.2","10.4","35.5","32.0","22.2","16.1","(X)","(X)","43.6","10.5","43.1","14.4","23.7","26.5","51.5","20.4","(X)","(X)","34.7","10.4","37.7","14.9","40.9","29.8","26.3","17.3","(X)","(X)","1519","62","769","127","203","105","370","121","177","72","71.4","6.1","81.1","8.8","75.4","18.3","83.0","12.7","0.0","19.0","11.0","4.2","7.9","4.8","5.9","10.2","16.5","12.3","18.6","20.6","7.7","4.2","(X)","(X)","(X)","(X)","(X)","(X)","66.1","24.6","0.6","0.9","(X)","(X)","(X)","(X)","(X)","(X)","5.1","8.1","0.0","2.4","(X)","(X)","(X)","(X)","(X)","(X)","(X)","(X)","10.9","5.4","(X)","(X)","(X)","(X)","(X)","(X)","(X)","(X)","31.4","7.0","38.5","11.0","52.2","21.1","12.2","9.3","16.9","17.2","68.6","7.0","61.5","11.0","47.8","21.1","87.8","9.3","83.1","17.2","0.0","2.4","0.0","4.8","0.0","16.8","0.0","9.6","0.0","19.0","15.4","5.1","19.1","9.2","20.7","17.8","4.9","5.0","15.3","15.8","84.6","5.1","80.9","9.2","79.3","17.8","95.1","5.0","84.7","15.8",
"1400000US06111004600","Census Tract 46, Ventura County, California","472","73","412","69","30","47","12","13","18","21","3.71","0.37","3.90","0.34","1.90","0.19","4.50","1.22","2.06","0.28","454","71","412","69","30","47","12","13","(X)","(X)","3.75","0.38","3.87","0.34","1.90","0.19","4.50","1.22","(X)","(X)","370","60","328","58","30","47","12","13","(X)","(X)","30.5","14.3","25.3","12.9","100.0","58.2","0.0","92.0","(X)","(X)","31.1","14.9","35.1","16.5","0.0","58.2","0.0","92.0","(X)","(X)","38.4","16.7","39.6","17.5","0.0","58.2","100.0","92.0","(X)","(X)","472","73","412","69","30","47","12","13","18","21","78.4","8.8","79.6","9.8","100.0","58.2","100.0","92.0","0.0","75.1","3.0","3.0","3.4","3.5","0.0","58.2","0.0","92.0","0.0","75.1","0.0","7.6","(X)","(X)","(X)","(X)","(X)","(X)","0.0","75.1","0.0","7.6","(X)","(X)","(X)","(X)","(X)","(X)","0.0","75.1","0.0","7.6","(X)","(X)","(X)","(X)","(X)","(X)","(X)","(X)","2.5","4.1","(X)","(X)","(X)","(X)","(X)","(X)","(X)","(X)","94.1","5.3","96.1","4.0","100.0","58.2","100.0","92.0","33.3","56.3","5.3","5.0","3.2","3.5","0.0","58.2","0.0","92.0","66.7","56.3","0.6","1.4","0.7","1.6","0.0","58.2","0.0","92.0","0.0","75.1","0.8","1.5","1.0","1.8","0.0","58.2","0.0","92.0","0.0","75.1","99.2","1.5","99.0","1.8","100.0","58.2","100.0","92.0","100.0","75.1",
"1400000US06111004704","Census Tract 47.04, Ventura County, California","419","46","230","62","22","19","86","61","81","38","3.62","0.38","4.14","0.69","2.32","0.28","4.44","0.91","1.64","0.61","338","48","230","62","22","19","86","61","(X)","(X)","3.94","0.47","4.14","0.69","2.32","0.28","3.84","0.67","(X)","(X)","167","46","119","56","6","10","42","41","(X)","(X)","0.0","20.0","0.0","26.5","0.0","100.0","0.0","49.2","(X)","(X)","80.2","17.1","77.3","26.1","0.0","100.0","100.0","49.2","(X)","(X)","19.8","17.1","22.7","26.1","100.0","100.0","0.0","49.2","(X)","(X)","419","46","230","62","22","19","86","61","81","38","48.7","11.5","51.7","18.9","27.3","38.9","68.6","34.9","24.7","30.8","39.6","11.1","36.5","13.9","72.7","38.9","37.2","35.1","42.0","29.2","12.2","7.0","(X)","(X)","(X)","(X)","(X)","(X)","63.0","29.8","6.0","5.0","(X)","(X)","(X)","(X)","(X)","(X)","30.9","26.9","0.0","8.6","(X)","(X)","(X)","(X)","(X)","(X)","(X)","(X)","11.7","9.8","(X)","(X)","(X)","(X)","(X)","(X)","(X)","(X)","18.9","11.4","20.4","19.9","0.0","67.9","11.6","16.8","27.2","21.1","3.3","5.0","6.1","8.7","0.0","67.9","0.0","33.7","0.0","35.0","77.8","11.3","73.5","20.2","100.0","67.9","88.4","16.8","72.8","21.1","71.8","10.7","69.6","15.0","27.3","38.9","62.8","35.1","100.0","35.0","28.2","10.7","30.4","15.0","72.7","38.9","37.2","35.1","0.0","35.0",
"1400000US06111004710","Census Tract 47.10, Ventura County, California","1349","61","708","142","112","61","109","68","420","137","3.69","0.50","4.41","0.53","7.23","1.58","4.87","1.56","1.22","0.18","929","135","708","142","112","61","109","68","(X)","(X)","4.53","0.53","4.37","0.51","5.63","1.70","4.43","1.44","(X)","(X)","462","103","384","108","53","64","25","23","(X)","(X)","0.0","7.8","0.0","9.3","0.0","43.8","0.0","63.7","(X)","(X)","40.9","19.6","32.6","20.0","100.0","43.8","44.0","49.8","(X)","(X)","59.1","19.6","67.4","20.0","0.0","43.8","56.0","49.8","(X)","(X)","1349","61","708","142","112","61","109","68","420","137","39.1","7.9","56.4","11.9","92.0","13.2","22.9","23.8","0.0","8.5","33.4","6.0","17.9","7.4","8.0","13.2","77.1","23.8","54.8","14.5","25.7","9.7","(X)","(X)","(X)","(X)","(X)","(X)","82.6","13.4","12.2","5.6","(X)","(X)","(X)","(X)","(X)","(X)","39.0","15.5","0.0","2.7","(X)","(X)","(X)","(X)","(X)","(X)","(X)","(X)","6.7","5.5","(X)","(X)","(X)","(X)","(X)","(X)","(X)","(X)","47.4","7.9","66.1","9.9","8.0","13.2","73.4","25.5","19.8","12.7","23.3","7.1","14.5","8.6","92.0","13.2","16.5","19.4","21.4","16.0","29.3","6.7","19.4","8.5","0.0","27.8","10.1","16.0","58.8","15.8","59.6","7.9","60.9","12.2","8.0","13.2","74.3","24.7","67.4","17.9","40.4","7.9","39.1","12.2","92.0","13.2","25.7","24.7","32.6","17.9",
"1400000US06111004711","Census Tract 47.11, Ventura County, California","811","51","512","91","10","15","277","79","12","13","4.03","0.30","4.02","0.41","3.60","1.02","4.12","0.55","3.00","2.84","799","53","512","91","10","15","277","79","(X)","(X)","3.95","0.32","4.02","0.41","3.60","1.02","3.84","0.55","(X)","(X)","305","72","168","76","4","11","133","69","(X)","(X)","0.0","11.6","0.0","19.9","0.0","100.0","0.0","24.2","(X)","(X)","21.0","12.8","28.6","18.9","0.0","100.0","12.0","17.6","(X)","(X)","79.0","12.8","71.4","18.9","100.0","100.0","88.0","17.6","(X)","(X)","811","51","512","91","10","15","277","79","12","13","49.0","9.6","42.0","9.8","40.0","60.0","64.3","20.8","0.0","92.0","39.8","7.8","48.8","11.5","60.0","60.0","22.0","13.8","50.0","50.0","0.7","1.2","(X)","(X)","(X)","(X)","(X)","(X)","50.0","50.0","0.0","4.5","(X)","(X)","(X)","(X)","(X)","(X)","0.0","92.0","0.0","4.5","(X)","(X)","(X)","(X)","(X)","(X)","(X)","(X)","2.3","3.4","(X)","(X)","(X)","(X)","(X)","(X)","(X)","(X)","71.5","8.5","77.9","10.4","100.0","100.0","59.6","22.2","50.0","50.0","28.5","8.5","22.1","10.4","0.0","100.0","40.4","22.2","50.0","50.0","0.0","4.5","0.0","7.1","0.0","100.0","0.0","12.6","0.0","92.0","55.9","9.9","70.9","9.9","100.0","100.0","26.7","15.6","50.0","50.0","44.1","9.9","29.1","9.9","0.0","100.0","73.3","15.6","50.0","50.0",
"1400000US06111004715","Census Tract 47.15, Ventura County, California","1189","79","726","105","106","62","198","90","159","77","4.47","0.51","4.50","0.55","7.11","2.10","4.92","1.05","1.97","0.65","1030","90","726","105","106","62","198","90","(X)","(X)","4.48","0.46","4.41","0.53","5.45","2.06","4.20","0.78","(X)","(X)","536","78","393","83","77","57","66","54","(X)","(X)","19.2","9.2","20.4","12.1","29.9","36.2","0.0","39.2","(X)","(X)","27.4","14.3","17.8","11.8","41.6","44.9","68.2","38.5","(X)","(X)","53.4","14.0","61.8","13.2","28.6","36.4","31.8","38.5","(X)","(X)","1189","79","726","105","106","62","198","90","159","77","53.9","7.5","62.7","8.5","72.6","26.1","55.1","25.8","0.0","20.8","23.7","5.3","26.0","7.5","7.5","12.0","25.8","16.0","21.4","18.3","7.1","4.3","(X)","(X)","(X)","(X)","(X)","(X)","52.8","27.9","2.1","2.4","(X)","(X)","(X)","(X)","(X)","(X)","15.7","15.8","0.0","3.1","(X)","(X)","(X)","(X)","(X)","(X)","(X)","(X)","9.2","6.0","(X)","(X)","(X)","(X)","(X)","(X)","(X)","(X)","65.0","6.6","71.6","7.1","75.5","20.5","58.1","25.5","36.5","24.4","11.7","3.9","7.7","4.8","6.6","11.3","22.7","21.3","19.5","17.7","23.3","5.6","20.7","7.0","17.9","19.8","19.2","17.8","44.0","22.0","65.8","7.9","82.1","6.6","7.5","12.0","42.4","22.6","59.1","21.3","34.2","7.9","17.9","6.6","92.5","12.0","57.6","22.6","40.9","21.3",
"1400000US06111004716","Census Tract 47.16, Ventura County, California","959","45","586","92","77","54","134","71","162","75","3.95","0.41","4.68","0.39","4.51","0.95","3.96","1.17","1.04","0.07","797","76","586","92","77","54","134","71","(X)","(X)","4.45","0.35","4.59","0.37","4.23","1.01","3.96","1.17","(X)","(X)","402","89","354","81","20","27","28","30","(X)","(X)","9.7","9.1","11.0","10.1","0.0","71.2","0.0","60.2","(X)","(X)","44.5","15.0","47.2","16.1","0.0","71.2","42.9","56.9","(X)","(X)","45.8","19.1","41.8","20.7","100.0","71.2","57.1","56.9","(X)","(X)","959","45","586","92","77","54","134","71","162","75","44.3","9.4","63.3","9.0","33.8","30.7","20.9","23.0","0.0","20.5","39.5","9.7","36.9","10.2","66.2","30.7","51.5","27.3","26.5","20.2","16.3","7.8","(X)","(X)","(X)","(X)","(X)","(X)","96.3","6.5","3.9","2.9","(X)","(X)","(X)","(X)","(X)","(X)","22.8","18.3","0.0","3.8","(X)","(X)","(X)","(X)","(X)","(X)","(X)","(X)","2.2","2.7","(X)","(X)","(X)","(X)","(X)","(X)","(X)","(X)","65.4","9.7","72.5","10.4","53.2","35.0","82.8","18.8","30.9","22.8","10.9","6.1","7.5","6.3","19.5","31.9","9.0","14.5","21.0","21.8","23.7","8.9","20.0","8.9","27.3","24.6","8.2","11.8","48.1","29.0","66.2","8.3","74.1","11.2","54.5","32.2","50.0","24.1","56.8","28.0","33.8","8.3","25.9","11.2","45.5","32.2","50.0","24.1","43.2","28.0",
"1400000US06111004717","Census Tract 47.17, Ventura County, California","757","52","505","71","33","25","151","50","68","49","5.66","0.91","5.53","1.04","4.88","2.43","5.87","1.31","6.51","5.92","689","61","505","71","33","25","151","50","(X)","(X)","4.92","0.56","5.02","0.77","4.15","2.52","4.78","0.90","(X)","(X)","277","70","246","70","9","14","22","21","(X)","(X)","18.8","15.5","17.5","16.5","100.0","100.0","0.0","67.9","(X)","(X)","35.4","19.5","30.9","20.5","0.0","100.0","100.0","67.9","(X)","(X)","45.8","21.4","51.6","22.8","0.0","100.0","0.0","67.9","(X)","(X)","757","52","505","71","33","25","151","50","68","49","66.8","8.7","71.7","11.8","66.7","40.9","63.6","19.2","38.2","42.4","30.5","9.6","30.7","11.9","39.4","37.5","35.8","21.8","13.2","19.5","4.4","3.4","(X)","(X)","(X)","(X)","(X)","(X)","48.5","37.9","0.0","4.8","(X)","(X)","(X)","(X)","(X)","(X)","0.0","38.6","2.1","3.2","(X)","(X)","(X)","(X)","(X)","(X)","(X)","(X)","2.4","2.5","(X)","(X)","(X)","(X)","(X)","(X)","(X)","(X)","84.5","8.3","78.6","12.1","72.7","37.2","100.0","21.8","100.0","38.6","15.5","8.3","21.4","12.1","27.3","37.2","0.0","21.8","0.0","38.6","0.0","4.8","0.0","7.2","0.0","55.5","0.0","21.8","0.0","38.6","66.3","8.8","68.3","11.2","51.5","42.3","64.9","20.2","61.8","42.4","33.7","8.8","31.7","11.2","48.5","42.3","35.1","20.2","38.2","42.4",
"1400000US06111004901","Census Tract 49.01, Ventura County, California","1816","86","1142","146","106","70","353","113","215","92","3.77","0.31","4.42","0.42","3.15","0.75","3.22","0.46","1.55","0.37","1601","122","1142","146","106","70","353","113","(X)","(X)","3.92","0.33","4.31","0.38","2.94","0.83","2.96","0.37","(X)","(X)","943","135","726","146","44","42","173","89","(X)","(X)","26.6","8.8","19.1","7.4","0.0","48.0","64.7","26.9","(X)","(X)","26.0","11.5","30.7","14.0","0.0","48.0","12.7","15.7","(X)","(X)","47.4","11.3","50.1","14.0","100.0","48.0","22.5","23.0","(X)","(X)","1816","86","1142","146","106","70","353","113","215","92","56.2","7.7","66.7","9.7","60.4","36.4","55.0","17.3","0.0","15.9","12.5","3.9","12.0","5.1","23.6","29.9","17.0","13.7","2.3","5.0","7.9","4.2","(X)","(X)","(X)","(X)","(X)","(X)","67.0","18.8","0.3","0.5","(X)","(X)","(X)","(X)","(X)","(X)","2.3","5.0","0.4","0.9","(X)","(X)","(X)","(X)","(X)","(X)","(X)","(X)","5.9","4.5","(X)","(X)","(X)","(X)","(X)","(X)","(X)","(X)","68.2","6.4","71.5","7.9","77.4","31.1","68.6","20.4","45.6","21.7","31.3","6.2","27.7","7.6","22.6","31.1","31.4","20.4","54.4","21.7","0.6","0.9","0.9","1.4","0.0","29.0","0.0","10.1","0.0","15.9","49.0","7.3","51.0","9.1","56.6","34.4","53.0","20.9","28.4","18.5","51.0","7.3","49.0","9.1","43.4","34.4","47.0","20.9","71.6","18.5",
"1400000US06111004902","Census Tract 49.02, Ventura County, California","1044","78","621","124","139","88","107","66","177","98","4.60","0.62","5.67","0.86","3.60","0.74","4.60","0.84","1.63","0.94","867","114","621","124","139","88","107","66","(X)","(X)","4.92","0.51","5.35","0.67","3.38","0.73","4.37","0.73","(X)","(X)","478","115","388","124","62","57","28","29","(X)","(X)","10.0","10.2","3.6","6.4","43.5","56.5","25.0","41.6","(X)","(X)","28.9","17.3","24.5","17.7","43.5","54.9","57.1","54.4","(X)","(X)","61.1","18.1","71.9","17.1","12.9","36.3","17.9","32.0","(X)","(X)","1044","78","621","124","139","88","107","66","177","98","51.9","10.0","69.9","14.9","44.6","29.3","43.0","28.9","0.0","19.0","39.1","11.4","25.3","14.1","55.4","29.3","25.2","25.1","83.1","25.1","14.1","8.3","(X)","(X)","(X)","(X)","(X)","(X)","83.1","25.1","4.9","4.1","(X)","(X)","(X)","(X)","(X)","(X)","28.8","27.0","0.8","2.0","(X)","(X)","(X)","(X)","(X)","(X)","(X)","(X)","3.3","4.1","(X)","(X)","(X)","(X)","(X)","(X)","(X)","(X)","65.6","8.3","71.5","11.0","80.6","28.0","66.4","26.1","32.8","29.7","34.4","8.3","28.5","11.0","19.4","28.0","33.6","26.1","67.2","29.7","0.0","3.5","0.0","5.9","0.0","23.3","0.0","28.8","0.0","19.0","42.1","9.1","46.4","13.4","80.6","28.0","37.4","27.7","0.0","19.0","57.9","9.1","53.6","13.4","19.4","28.0","62.6","27.7","100.0","19.0",
"1400000US06111005002","Census Tract 50.02, Ventura County, California","687","45","335","64","39","35","166","61","147","52","3.95","0.29","4.74","0.48","4.64","1.57","4.73","0.84","1.07","0.11","540","52","335","64","39","35","166","61","(X)","(X)","4.58","0.32","4.74","0.48","4.18","1.96","4.35","0.81","(X)","(X)","364","72","230","63","20","23","114","59","(X)","(X)","31.9","16.1","41.7","21.8","100.0","71.2","0.0","27.4","(X)","(X)","17.3","11.6","7.8","7.2","0.0","71.2","39.5","33.4","(X)","(X)","50.8","16.8","50.4","20.7","0.0","71.2","60.5","33.4","(X)","(X)","687","45","335","64","39","35","166","61","147","52","61.7","8.4","76.7","11.5","51.3","49.7","88.6","11.3","0.0","22.3","16.0","7.7","5.1","4.6","0.0","51.0","13.9","13.9","47.6","29.5","19.8","7.0","(X)","(X)","(X)","(X)","(X)","(X)","92.5","10.6","2.3","2.2","(X)","(X)","(X)","(X)","(X)","(X)","10.9","10.4","0.0","5.3","(X)","(X)","(X)","(X)","(X)","(X)","(X)","(X)","6.7","4.8","(X)","(X)","(X)","(X)","(X)","(X)","(X)","(X)","62.4","9.7","76.4","12.0","82.1","30.6","69.9","20.3","17.0","13.5","15.3","8.0","16.7","11.3","0.0","51.0","4.2","6.3","28.6","24.6","22.3","8.1","6.9","6.1","17.9","30.6","25.9","19.8","54.4","26.7","38.4","11.0","32.5","14.1","82.1","30.6","30.1","23.1","49.7","30.1","61.6","11.0","67.5","14.1","17.9","30.6","69.9","23.1","50.3","30.1",
"1400000US06111005003","Census Tract 50.03, Ventura County, California","1785","122","1140","163","101","86","221","116","323","134","3.89","0.42","4.67","0.40","3.51","0.49","4.08","1.03","1.10","0.12","1462","150","1140","163","101","86","221","116","(X)","(X)","4.35","0.35","4.54","0.38","3.21","0.68","3.90","0.99","(X)","(X)","829","167","638","165","82","83","109","96","(X)","(X)","17.5","10.8","10.5","10.2","79.3","35.5","11.9","20.7","(X)","(X)","18.2","12.4","22.3","15.4","0.0","34.7","8.3","17.8","(X)","(X)","64.3","11.9","67.2","15.1","20.7","35.5","79.8","28.4","(X)","(X)","1785","122","1140","163","101","86","221","116","323","134","54.4","8.6","62.5","9.4","81.2","26.9","80.1","16.5","0.0","10.9","35.5","6.9","33.3","9.9","8.9","18.3","22.2","19.3","60.7","23.7","16.6","7.3","(X)","(X)","(X)","(X)","(X)","(X)","91.6","10.3","6.3","4.3","(X)","(X)","(X)","(X)","(X)","(X)","35.0","21.9","0.0","2.1","(X)","(X)","(X)","(X)","(X)","(X)","(X)","(X)","4.4","3.0","(X)","(X)","(X)","(X)","(X)","(X)","(X)","(X)","74.4","6.8","65.4","9.6","90.1","18.9","92.8","13.1","88.9","17.0","16.6","5.9","20.5","8.7","9.9","18.9","7.2","13.1","11.1","17.0","9.0","4.8","14.1","7.4","0.0","30.1","0.0","15.6","0.0","10.9","69.4","6.7","73.4","8.4","44.6","41.7","41.2","21.4","82.0","17.8","30.6","6.7","26.6","8.4","55.4","41.7","58.8","21.4","18.0","17.8",
"1400000US06111005004","Census Tract 50.04, Ventura County, California","1648","109","850","135","58","48","318","122","422","137","2.95","0.22","3.59","0.35","2.98","0.76","2.69","0.33","1.85","0.28","1226","157","850","135","58","48","318","122","(X)","(X)","3.28","0.26","3.57","0.36","2.41","0.57","2.64","0.32","(X)","(X)","847","142","542","109","29","35","276","109","(X)","(X)","24.4","10.4","26.9","9.2","31.0","58.1","18.8","24.2","(X)","(X)","10.7","8.1","14.2","10.9","0.0","59.2","5.1","9.0","(X)","(X)","64.8","12.7","58.9","13.7","69.0","58.1","76.1","25.1","(X)","(X)","1648","109","850","135","58","48","318","122","422","137","52.1","8.2","63.8","10.2","50.0","41.7","86.8","13.4","2.6","4.3","7.5","3.6","9.2","5.9","31.0","43.4","0.0","11.1","6.4","7.0","11.3","4.9","(X)","(X)","(X)","(X)","(X)","(X)","44.3","17.2","1.6","1.9","(X)","(X)","(X)","(X)","(X)","(X)","6.4","7.0","0.0","2.2","(X)","(X)","(X)","(X)","(X)","(X)","(X)","(X)","11.0","6.3","(X)","(X)","(X)","(X)","(X)","(X)","(X)","(X)","52.9","6.9","65.1","13.9","65.5","43.6","22.0","19.7","49.8","16.2","46.2","7.0","33.2","13.9","34.5","43.6","78.0","19.7","50.2","16.2","0.9","1.4","1.8","2.6","0.0","41.8","0.0","11.1","0.0","8.5","47.9","7.1","61.5","12.5","34.5","44.9","13.5","15.6","48.3","16.2","52.1","7.1","38.5","12.5","65.5","44.9","86.5","15.6","51.7","16.2",
"1400000US06111005100","Census Tract 51, Ventura County, California","978","82","649","86","58","33","57","38","214","76","3.06","0.28","3.52","0.35","2.74","0.35","4.30","0.52","1.41","0.37","764","94","649","86","58","33","57","38","(X)","(X)","3.47","0.29","3.48","0.34","2.62","0.34","4.30","0.52","(X)","(X)","280","66","240","69","9","13","31","29","(X)","(X)","15.4","9.1","17.9","10.8","0.0","100.0","0.0","57.2","(X)","(X)","1.4","2.8","1.7","3.4","0.0","100.0","0.0","57.2","(X)","(X)","83.2","9.6","80.4","11.6","100.0","100.0","100.0","57.2","(X)","(X)","978","82","649","86","58","33","57","38","214","76","35.5","6.4","39.6","9.1","15.5","26.2","82.5","23.5","15.9","16.8","54.3","6.4","50.5","8.6","72.4","32.4","45.6","38.0","63.1","19.1","17.3","6.0","(X)","(X)","(X)","(X)","(X)","(X)","79.0","16.8","11.2","4.0","(X)","(X)","(X)","(X)","(X)","(X)","51.4","17.7","2.8","3.9","(X)","(X)","(X)","(X)","(X)","(X)","(X)","(X)","1.3","1.5","(X)","(X)","(X)","(X)","(X)","(X)","(X)","(X)","92.4","4.5","91.2","6.3","87.9","18.0","100.0","42.2","95.3","6.4","1.3","2.2","2.0","3.3","0.0","41.8","0.0","42.2","0.0","16.0","6.2","3.9","6.8","5.4","12.1","18.0","0.0","42.2","4.7","6.4","78.3","6.6","82.4","7.9","84.5","20.4","61.4","33.5","68.7","18.2","21.7","6.6","17.6","7.9","15.5","20.4","38.6","33.5","31.3","18.2",
"1400000US06111005202","Census Tract 52.02, Ventura County, California","1052","66","588","74","8","12","86","51","370","83","2.65","0.33","3.55","0.46","3.25","0.61","2.85","0.57","1.15","0.09","682","71","588","74","8","12","86","51","(X)","(X)","3.39","0.41","3.53","0.46","2.13","0.37","2.56","0.48","(X)","(X)","286","72","242","68","0","13","44","48","(X)","(X)","38.1","21.9","34.7","22.8","-","**","56.8","56.8","(X)","(X)","12.2","12.6","6.6","10.8","-","**","43.2","56.8","(X)","(X)","49.7","22.4","58.7","22.8","-","**","0.0","48.0","(X)","(X)","1052","66","588","74","8","12","86","51","370","83","31.2","7.6","46.3","10.5","0.0","100.0","51.2","32.6","3.2","4.6","42.8","6.6","39.3","8.1","0.0","100.0","37.2","29.1","50.5","13.7","30.0","5.8","(X)","(X)","(X)","(X)","(X)","(X)","85.4","8.7","12.0","4.6","(X)","(X)","(X)","(X)","(X)","(X)","34.1","11.5","0.0","3.5","(X)","(X)","(X)","(X)","(X)","(X)","(X)","(X)","4.0","3.0","(X)","(X)","(X)","(X)","(X)","(X)","(X)","(X)","81.4","5.2","95.2","5.0","100.0","100.0","77.9","25.8","59.7","11.6","18.6","5.2","4.8","5.0","0.0","100.0","22.1","25.8","40.3","11.6","0.0","3.5","0.0","6.2","0.0","100.0","0.0","33.7","0.0","9.6","73.1","5.4","77.4","7.8","100.0","100.0","51.2","32.9","70.8","11.7","26.9","5.4","22.6","7.8","0.0","100.0","48.8","32.9","29.2","11.7",
"1400000US06111005203","Census Tract 52.03, Ventura County, California","1829","94","1121","100","82","51","140","70","486","97","2.73","0.16","3.28","0.23","3.34","0.72","2.95","0.20","1.28","0.24","1343","99","1121","100","82","51","140","70","(X)","(X)","3.08","0.15","3.14","0.18","2.96","0.60","2.65","0.26","(X)","(X)","439","78","320","67","45","32","74","51","(X)","(X)","9.3","6.8","11.9","9.0","0.0","47.5","4.1","8.4","(X)","(X)","23.0","10.7","26.3","13.5","37.8","41.4","0.0","36.9","(X)","(X)","67.7","11.8","61.9","14.9","62.2","41.4","95.9","8.4","(X)","(X)","1829","94","1121","100","82","51","140","70","486","97","26.1","4.1","32.0","5.2","54.9","32.1","52.9","22.7","0.0","7.4","49.6","5.2","50.0","8.1","11.0","15.4","44.3","22.0","56.6","10.6","21.9","4.6","(X)","(X)","(X)","(X)","(X)","(X)","82.5","11.8","10.3","3.4","(X)","(X)","(X)","(X)","(X)","(X)","38.7","11.8","0.0","2.0","(X)","(X)","(X)","(X)","(X)","(X)","(X)","(X)","2.6","1.9","(X)","(X)","(X)","(X)","(X)","(X)","(X)","(X)","94.4","3.7","97.8","2.6","100.0","34.7","100.0","23.2","84.0","12.4","5.1","3.6","1.4","2.2","0.0","34.7","0.0","23.2","16.0","12.4","0.5","0.9","0.8","1.4","0.0","34.7","0.0","23.2","0.0","7.4","80.0","5.2","92.0","4.1","50.0","33.2","67.9","23.9","61.1","12.5","20.0","5.2","8.0","4.1","50.0","33.2","32.1","23.9","38.9","12.5",
"1400000US06111005204","Census Tract 52.04, Ventura County, California","1238","31","909","95","62","45","92","85","175","69","2.87","0.14","3.04","0.20","2.84","0.59","4.09","1.84","1.33","0.21","1063","79","909","95","62","45","92","85","(X)","(X)","3.03","0.15","3.04","0.20","2.37","0.30","3.47","1.25","(X)","(X)","362","61","286","77","31","29","45","43","(X)","(X)","22.4","12.8","24.8","14.9","0.0","57.2","22.2","29.9","(X)","(X)","11.3","10.5","14.3","12.8","0.0","57.2","0.0","47.5","(X)","(X)","66.3","13.0","60.8","15.0","100.0","57.2","77.8","29.9","(X)","(X)","1238","31","909","95","62","45","92","85","175","69","30.2","4.8","32.2","7.1","50.0","40.5","48.9","49.3","2.9","5.2","54.4","6.4","54.9","9.0","27.4","36.6","51.1","49.3","62.9","21.1","10.7","4.7","(X)","(X)","(X)","(X)","(X)","(X)","76.0","15.3","7.7","4.4","(X)","(X)","(X)","(X)","(X)","(X)","54.3","22.8","0.4","0.6","(X)","(X)","(X)","(X)","(X)","(X)","(X)","(X)","5.7","3.3","(X)","(X)","(X)","(X)","(X)","(X)","(X)","(X)","100.0","3.0","100.0","4.0","100.0","40.5","100.0","32.2","100.0","19.2","0.0","3.0","0.0","4.0","0.0","40.5","0.0","32.2","0.0","19.2","0.0","3.0","0.0","4.0","0.0","40.5","0.0","32.2","0.0","19.2","96.0","2.7","96.1","3.4","100.0","40.5","83.7","24.2","100.0","19.2","4.0","2.7","3.9","3.4","0.0","40.5","16.3","24.2","0.0","19.2",
"1400000US06111005205","Census Tract 52.05, Ventura County, California","2201","93","1250","147","63","50","219","104","669","135","2.69","0.16","3.11","0.15","3.38","1.03","3.85","0.63","1.46","0.24","1532","135","1250","147","63","50","219","104","(X)","(X)","3.17","0.15","3.09","0.15","2.57","0.34","3.78","0.65","(X)","(X)","664","119","524","123","39","38","101","84","(X)","(X)","16.0","11.3","20.2","13.8","0.0","51.0","0.0","30.1","(X)","(X)","4.4","4.7","5.5","5.9","0.0","51.0","0.0","30.1","(X)","(X)","79.7","12.7","74.2","15.2","100.0","51.0","100.0","30.1","(X)","(X)","2201","93","1250","147","63","50","219","104","669","135","31.5","5.1","42.9","8.1","61.9","36.0","54.3","24.5","0.0","5.4","44.9","5.0","47.1","7.3","0.0","40.1","27.9","21.6","50.5","13.6","21.7","5.9","(X)","(X)","(X)","(X)","(X)","(X)","71.3","12.7","8.0","3.8","(X)","(X)","(X)","(X)","(X)","(X)","26.2","11.2","0.6","1.0","(X)","(X)","(X)","(X)","(X)","(X)","(X)","(X)","5.5","3.4","(X)","(X)","(X)","(X)","(X)","(X)","(X)","(X)","85.1","4.0","93.4","4.5","100.0","40.1","95.0","9.2","64.9","11.7","9.1","3.6","4.2","3.7","0.0","40.1","5.0","9.2","20.5","11.3","5.8","2.3","2.4","2.7","0.0","40.1","0.0","15.7","14.6","6.7","75.6","6.7","79.8","8.9","52.4","40.4","63.0","23.6","74.0","13.1","24.4","6.7","20.2","8.9","47.6","40.4","37.0","23.6","26.0","13.1",
"1400000US06111005303","Census Tract 53.03, Ventura County, California","3123","129","2197","181","107","92","127","65","692","176","2.96","0.15","3.41","0.15","4.44","1.15","2.97","0.50","1.32","0.19","2431","175","2197","181","107","92","127","65","(X)","(X)","3.39","0.14","3.40","0.15","4.14","0.94","2.70","0.39","(X)","(X)","1357","165","1220","165","61","58","76","52","(X)","(X)","18.3","7.3","18.7","7.6","0.0","40.8","27.6","36.7","(X)","(X)","18.3","6.2","16.9","5.9","49.2","50.8","17.1","27.6","(X)","(X)","63.3","8.2","64.4","8.5","50.8","50.8","55.3","39.0","(X)","(X)","3123","129","2197","181","107","92","127","65","692","176","45.8","5.3","56.4","6.9","100.0","28.8","59.8","29.1","1.3","2.2","28.9","5.2","25.8","5.6","43.0","48.0","27.6","25.3","37.1","13.4","18.0","5.0","(X)","(X)","(X)","(X)","(X)","(X)","81.1","9.6","5.8","3.3","(X)","(X)","(X)","(X)","(X)","(X)","26.2","13.3","0.3","0.5","(X)","(X)","(X)","(X)","(X)","(X)","(X)","(X)","3.2","2.2","(X)","(X)","(X)","(X)","(X)","(X)","(X)","(X)","85.6","3.2","87.8","3.8","100.0","28.8","83.5","24.2","76.7","10.7","8.8","3.0","7.0","3.4","0.0","28.8","16.5","24.2","14.7","8.5","5.6","1.8","5.3","2.9","0.0","28.8","0.0","25.1","8.5","6.5","78.5","4.6","83.8","4.8","43.0","44.1","73.2","28.7","67.9","11.3","21.5","4.6","16.2","4.8","57.0","44.1","26.8","28.7","32.1","11.3",
"1400000US06111005304","Census Tract 53.04, Ventura County, California","2732","160","1134","145","25","31","95","65","1478","200","1.82","0.12","2.75","0.23","2.80","0.56","2.38","0.44","1.05","0.04","1254","154","1134","145","25","31","95","65","(X)","(X)","2.72","0.21","2.75","0.23","2.80","0.56","2.38","0.44","(X)","(X)","295","62","228","60","14","27","53","46","(X)","(X)","8.8","11.8","11.4","13.8","0.0","85.1","0.0","43.8","(X)","(X)","9.8","10.8","12.7","13.7","0.0","85.1","0.0","43.8","(X)","(X)","81.4","13.9","75.9","15.5","100.0","85.1","100.0","43.8","(X)","(X)","2732","160","1134","145","25","31","95","65","1478","200","11.8","2.6","22.5","6.8","56.0","56.0","55.8","37.6","0.0","2.5","76.8","3.9","67.9","5.6","44.0","56.0","44.2","37.6","86.2","6.9","51.7","6.1","(X)","(X)","(X)","(X)","(X)","(X)","95.5","3.7","42.6","5.9","(X)","(X)","(X)","(X)","(X)","(X)","78.7","6.8","0.0","1.4","(X)","(X)","(X)","(X)","(X)","(X)","(X)","(X)","1.0","1.2","(X)","(X)","(X)","(X)","(X)","(X)","(X)","(X)","88.8","4.6","99.2","1.2","100.0","63.7","78.9","33.1","81.2","8.3","11.2","4.6","0.8","1.2","0.0","63.7","21.1","33.1","18.8","8.3","0.0","1.4","0.0","3.2","0.0","63.7","0.0","31.4","0.0","2.5","76.3","5.6","83.3","7.1","100.0","63.7","36.8","32.6","73.0","8.3","23.7","5.6","16.7","7.1","0.0","63.7","63.2","32.6","27.0","8.3",
"1400000US06111005305","Census Tract 53.05, Ventura County, California","1786","70","1401","103","40","30","66","42","279","88","3.16","0.16","3.50","0.19","3.70","1.67","3.32","0.83","1.32","0.19","1507","86","1401","103","40","30","66","42","(X)","(X)","3.38","0.18","3.41","0.19","2.33","0.31","3.32","0.83","(X)","(X)","573","74","541","76","25","23","7","13","(X)","(X)","4.0","6.1","4.3","6.5","0.0","63.7","0.0","100.0","(X)","(X)","17.3","8.2","18.3","8.5","0.0","63.7","0.0","100.0","(X)","(X)","78.7","9.9","77.4","10.4","100.0","63.7","100.0","100.0","(X)","(X)","1786","70","1401","103","40","30","66","42","279","88","35.0","4.3","41.8","4.8","62.5","46.7","10.6","20.7","2.9","4.7","37.1","5.0","33.8","5.2","0.0","50.4","75.8","28.2","49.8","19.9","11.6","4.2","(X)","(X)","(X)","(X)","(X)","(X)","74.6","15.7","3.8","2.2","(X)","(X)","(X)","(X)","(X)","(X)","24.0","13.7","0.4","0.6","(X)","(X)","(X)","(X)","(X)","(X)","(X)","(X)","2.6","2.0","(X)","(X)","(X)","(X)","(X)","(X)","(X)","(X)","98.5","1.8","99.4","1.0","100.0","50.4","100.0","39.2","93.5","10.6","0.0","2.1","0.0","2.6","0.0","50.4","0.0","39.2","0.0","12.6","1.5","1.8","0.6","1.0","0.0","50.4","0.0","39.2","6.5","10.6","94.2","3.8","95.5","3.8","100.0","50.4","100.0","39.2","85.3","13.5","5.8","3.8","4.5","3.8","0.0","50.4","0.0","39.2","14.7","13.5",
"1400000US06111005306","Census Tract 53.06, Ventura County, California","1656","54","1070","95","101","51","242","83","243","65","3.10","0.14","3.46","0.18","3.64","0.86","3.24","0.41","1.13","0.10","1413","80","1070","95","101","51","242","83","(X)","(X)","3.37","0.16","3.45","0.18","3.20","0.51","3.11","0.41","(X)","(X)","753","100","575","83","73","46","105","56","(X)","(X)","15.3","7.0","7.5","5.0","0.0","37.2","68.6","25.5","(X)","(X)","17.3","7.1","22.6","9.5","0.0","37.2","0.0","29.2","(X)","(X)","67.5","8.9","69.9","8.7","100.0","37.2","31.4","25.5","(X)","(X)","1656","54","1070","95","101","51","242","83","243","65","49.8","5.8","54.2","6.8","80.2","20.2","67.4","17.3","0.0","14.3","34.1","4.5","33.2","6.0","24.8","22.9","28.1","14.4","48.1","15.9","12.8","3.8","(X)","(X)","(X)","(X)","(X)","(X)","87.2","9.8","5.0","2.3","(X)","(X)","(X)","(X)","(X)","(X)","33.7","12.9","0.8","1.0","(X)","(X)","(X)","(X)","(X)","(X)","(X)","(X)","1.4","1.4","(X)","(X)","(X)","(X)","(X)","(X)","(X)","(X)","94.1","3.1","99.2","1.4","100.0","30.1","70.2","19.5","93.0","7.4","5.9","3.1","0.8","1.4","0.0","30.1","29.8","19.5","7.0","7.4","0.0","2.2","0.0","3.4","0.0","30.1","0.0","14.3","0.0","14.3","79.1","5.2","82.0","6.7","62.4","30.3","67.4","19.7","85.2","11.0","20.9","5.2","18.0","6.7","37.6","30.3","32.6","19.7","14.8","11.0",
"1400000US06111005401","Census Tract 54.01, Ventura County, California","1261","58","809","98","103","64","142","70","207","84","3.28","0.32","3.58","0.44","3.09","0.70","3.68","0.50","1.92","0.56","1054","89","809","98","103","64","142","70","(X)","(X)","3.47","0.37","3.56","0.44","2.90","0.62","3.33","0.49","(X)","(X)","309","58","248","55","21","23","40","24","(X)","(X)","17.5","11.9","21.8","14.3","0.0","69.5","0.0","50.4","(X)","(X)","29.8","12.3","23.0","13.3","57.1","56.3","57.5","48.8","(X)","(X)","52.8","15.0","55.2","18.6","42.9","56.3","42.5","48.8","(X)","(X)","1261","58","809","98","103","64","142","70","207","84","34.1","7.3","39.8","7.9","20.4","23.4","55.6","25.2","3.9","5.8","51.9","6.0","49.2","7.8","65.0","27.0","65.5","22.0","46.4","17.0","10.2","4.1","(X)","(X)","(X)","(X)","(X)","(X)","62.3","20.9","5.6","2.8","(X)","(X)","(X)","(X)","(X)","(X)","33.8","15.5","0.9","1.5","(X)","(X)","(X)","(X)","(X)","(X)","(X)","(X)","4.2","2.7","(X)","(X)","(X)","(X)","(X)","(X)","(X)","(X)","95.0","2.6","98.9","1.7","87.4","16.7","87.3","11.9","88.9","8.9","5.0","2.6","1.1","1.7","12.6","16.7","12.7","11.9","11.1","8.9","0.0","2.9","0.0","4.5","0.0","29.6","0.0","22.9","0.0","16.5","78.1","6.3","89.2","6.6","53.4","33.7","44.4","25.2","70.0","14.7","21.9","6.3","10.8","6.6","46.6","33.7","55.6","25.2","30.0","14.7",
"1400000US06111005403","Census Tract 54.03, Ventura County, California","933","72","334","73","25","36","137","77","437","79","2.65","0.24","3.98","0.72","6.96","1.00","3.26","0.38","1.21","0.14","496","85","334","73","25","36","137","77","(X)","(X)","3.74","0.38","3.79","0.55","6.96","1.00","3.05","0.31","(X)","(X)","271","59","167","47","25","36","79","55","(X)","(X)","7.4","6.1","10.2","9.8","0.0","63.7","3.8","8.7","(X)","(X)","15.9","14.4","24.6","21.0","0.0","63.7","2.5","7.3","(X)","(X)","76.8","15.4","65.3","22.1","100.0","63.7","93.7","12.3","(X)","(X)","933","72","334","73","25","36","137","77","437","79","29.6","6.3","51.5","11.5","100.0","63.7","57.7","32.5","0.0","8.2","48.8","7.2","30.5","14.4","0.0","63.7","23.4","21.1","73.5","11.9","41.2","7.3","(X)","(X)","(X)","(X)","(X)","(X)","87.9","7.1","29.2","7.0","(X)","(X)","(X)","(X)","(X)","(X)","62.2","12.9","0.0","3.9","(X)","(X)","(X)","(X)","(X)","(X)","(X)","(X)","5.9","3.7","(X)","(X)","(X)","(X)","(X)","(X)","(X)","(X)","52.6","7.8","76.6","14.2","0.0","63.7","77.4","29.1","29.5","12.4","46.8","7.8","21.9","14.7","100.0","63.7","22.6","29.1","70.5","12.4","0.5","0.9","1.5","2.5","0.0","63.7","0.0","23.6","0.0","8.2","32.3","5.7","59.6","11.7","0.0","63.7","31.4","22.3","13.5","8.1","67.7","5.7","40.4","11.7","100.0","63.7","68.6","22.3","86.5","8.1",
"1400000US06111005404","Census Tract 54.04, Ventura County, California","1189","39","772","98","38","40","142","77","237","68","3.18","0.16","3.73","0.29","2.42","0.74","3.21","0.76","1.49","0.43","952","81","772","98","38","40","142","77","(X)","(X)","3.54","0.24","3.71","0.28","2.21","0.20","2.96","0.72","(X)","(X)","333","49","301","49","0","13","32","29","(X)","(X)","0.0","10.6","0.0","11.7","-","**","0.0","56.3","(X)","(X)","24.0","14.2","26.6","15.5","-","**","0.0","56.3","(X)","(X)","76.0","14.2","73.4","15.5","-","**","100.0","56.3","(X)","(X)","1189","39","772","98","38","40","142","77","237","68","31.8","4.9","44.8","7.4","0.0","51.7","22.5","21.2","0.0","14.6","45.6","6.3","34.2","7.0","89.5","32.9","68.3","24.7","62.0","17.8","15.6","5.2","(X)","(X)","(X)","(X)","(X)","(X)","78.1","18.3","10.2","4.6","(X)","(X)","(X)","(X)","(X)","(X)","51.1","19.2","0.0","3.1","(X)","(X)","(X)","(X)","(X)","(X)","(X)","(X)","2.1","3.3","(X)","(X)","(X)","(X)","(X)","(X)","(X)","(X)","100.0","3.1","100.0","4.7","100.0","51.7","100.0","22.9","100.0","14.6","0.0","3.1","0.0","4.7","0.0","51.7","0.0","22.9","0.0","14.6","0.0","3.1","0.0","4.7","0.0","51.7","0.0","22.9","0.0","14.6","90.6","4.7","95.3","3.6","100.0","51.7","84.5","20.0","77.2","18.2","9.4","4.7","4.7","3.6","0.0","51.7","15.5","20.0","22.8","18.2",
"1400000US06111005502","Census Tract 55.02, Ventura County, California","2048","92","752","143","74","56","339","105","883","148","2.60","0.20","3.50","0.32","2.38","0.33","3.28","0.66","1.59","0.30","1165","141","752","143","74","56","339","105","(X)","(X)","3.28","0.26","3.50","0.32","2.07","0.13","3.06","0.68","(X)","(X)","751","112","438","128","63","48","250","102","(X)","(X)","28.8","11.9","25.3","16.0","58.7","37.7","27.2","22.8","(X)","(X)","24.9","11.7","42.7","16.9","0.0","40.1","0.0","13.9","(X)","(X)","46.3","12.7","32.0","13.1","41.3","37.7","72.8","22.8","(X)","(X)","2048","92","752","143","74","56","339","105","883","148","38.3","5.5","59.6","11.8","85.1","22.8","77.3","13.6","1.4","2.3","17.4","4.3","16.9","8.2","0.0","36.9","16.8","12.1","19.5","8.5","27.5","6.9","(X)","(X)","(X)","(X)","(X)","(X)","63.9","12.1","5.5","2.9","(X)","(X)","(X)","(X)","(X)","(X)","12.8","6.8","0.0","1.8","(X)","(X)","(X)","(X)","(X)","(X)","(X)","(X)","8.4","3.8","(X)","(X)","(X)","(X)","(X)","(X)","(X)","(X)","37.2","4.3","47.5","10.4","16.2","23.9","25.4","13.2","34.8","9.1","62.8","4.3","52.5","10.4","83.8","23.9","74.6","13.2","65.2","9.1","0.0","1.8","0.0","4.9","0.0","36.9","0.0","10.5","0.0","4.2","23.1","4.2","28.3","7.9","16.2","23.9","15.0","11.6","22.3","8.6","76.9","4.2","71.7","7.9","83.8","23.9","85.0","11.6","77.7","8.6",
"1400000US06111005503","Census Tract 55.03, Ventura County, California","1113","93","659","97","67","48","122","62","265","84","2.74","0.23","3.12","0.26","3.40","0.62","3.82","1.02","1.12","0.11","848","90","659","97","67","48","122","62","(X)","(X)","3.17","0.24","3.11","0.25","3.01","0.63","3.59","0.95","(X)","(X)","421","84","285","91","56","45","80","56","(X)","(X)","24.5","12.8","23.9","15.2","0.0","42.6","43.8","37.7","(X)","(X)","17.1","11.6","18.2","13.1","35.7","38.0","0.0","35.3","(X)","(X)","58.4","14.1","57.9","17.9","64.3","38.0","56.3","37.7","(X)","(X)","1113","93","659","97","67","48","122","62","265","84","42.0","6.5","48.1","9.8","83.6","25.0","77.0","22.0","0.0","13.2","48.8","7.2","37.2","10.6","16.4","25.0","26.2","20.2","96.2","6.4","21.2","6.4","(X)","(X)","(X)","(X)","(X)","(X)","89.1","9.8","20.3","6.5","(X)","(X)","(X)","(X)","(X)","(X)","85.3","11.2","0.0","3.3","(X)","(X)","(X)","(X)","(X)","(X)","(X)","(X)","2.7","2.4","(X)","(X)","(X)","(X)","(X)","(X)","(X)","(X)","81.0","6.4","98.5","2.7","70.1","37.5","78.7","28.2","41.1","15.2","19.0","6.4","1.5","2.7","29.9","37.5","21.3","28.2","58.9","15.2","0.0","3.3","0.0","5.5","0.0","38.9","0.0","26.0","0.0","13.2","63.3","7.5","76.3","11.4","49.3","37.3","57.4","28.8","37.4","14.6","36.7","7.5","23.7","11.4","50.7","37.3","42.6","28.8","62.6","14.6",
"1400000US06111005504","Census Tract 55.04, Ventura County, California","1527","42","840","105","74","61","176","75","437","102","2.76","0.18","3.30","0.22","3.97","1.04","3.74","0.50","1.12","0.10","1090","108","840","105","74","61","176","75","(X)","(X)","3.23","0.16","3.25","0.22","3.36","1.43","3.05","0.50","(X)","(X)","477","99","314","88","74","61","89","55","(X)","(X)","14.5","11.9","18.2","16.2","0.0","36.9","13.5","21.5","(X)","(X)","9.4","9.6","14.3","14.4","0.0","36.9","0.0","32.9","(X)","(X)","76.1","15.2","67.5","21.0","100.0","36.9","86.5","21.5","(X)","(X)","1527","42","840","105","74","61","176","75","437","102","35.1","6.3","43.1","9.0","100.0","36.9","56.8","19.2","0.0","8.2","42.2","5.6","31.2","7.7","16.2","26.0","49.4","20.2","64.8","10.0","26.4","6.6","(X)","(X)","(X)","(X)","(X)","(X)","92.2","6.1","13.5","4.2","(X)","(X)","(X)","(X)","(X)","(X)","47.1","11.9","0.7","1.2","(X)","(X)","(X)","(X)","(X)","(X)","(X)","(X)","4.7","3.3","(X)","(X)","(X)","(X)","(X)","(X)","(X)","(X)","80.4","4.1","89.4","6.4","100.0","36.9","93.8","9.8","54.5","11.6","19.6","4.1","10.6","6.4","0.0","36.9","6.3","9.8","45.5","11.6","0.0","2.4","0.0","4.4","0.0","36.9","0.0","19.1","0.0","8.2","69.0","5.9","77.6","7.2","83.8","26.0","69.3","23.3","49.9","12.7","31.0","5.9","22.4","7.2","16.2","26.0","30.7","23.3","50.1","12.7",
"1400000US06111005600","Census Tract 56, Ventura County, California","3512","147","2197","229","103","83","322","112","890","183","2.69","0.13","3.22","0.18","3.01","0.52","2.84","0.43","1.27","0.17","2622","184","2197","229","103","83","322","112","(X)","(X)","3.12","0.16","3.20","0.18","2.81","0.43","2.65","0.41","(X)","(X)","1312","171","1094","181","65","72","153","82","(X)","(X)","37.7","11.8","38.4","12.7","30.8","51.5","35.3","28.3","(X)","(X)","13.0","7.6","15.5","9.2","0.0","39.5","0.0","21.5","(X)","(X)","49.4","12.1","46.1","13.0","69.2","51.5","64.7","28.3","(X)","(X)","3512","147","2197","229","103","83","322","112","890","183","41.7","4.7","52.3","6.4","63.1","36.2","65.5","22.2","4.3","6.4","39.6","4.1","30.5","5.3","23.3","29.2","33.9","22.6","66.2","10.0","20.0","4.3","(X)","(X)","(X)","(X)","(X)","(X)","78.9","11.1","10.1","2.9","(X)","(X)","(X)","(X)","(X)","(X)","39.9","11.1","0.2","0.4","(X)","(X)","(X)","(X)","(X)","(X)","(X)","(X)","3.9","2.3","(X)","(X)","(X)","(X)","(X)","(X)","(X)","(X)","68.4","4.6","83.5","5.2","56.3","45.4","42.2","19.7","41.8","9.9","14.3","4.0","8.9","4.1","0.0","29.6","30.7","23.4","23.3","10.0","17.3","3.5","7.6","3.4","43.7","45.4","27.0","21.1","34.9","8.7","73.5","4.7","78.4","6.7","69.9","34.5","37.0","22.0","74.9","10.7","26.5","4.7","21.6","6.7","30.1","34.5","63.0","22.0","25.1","10.7",
"1400000US06111005700","Census Tract 57, Ventura County, California","636","55","369","73","9","14","83","60","175","63","2.83","0.31","3.51","0.41","2.00","0.30","3.05","0.32","1.34","0.26","461","74","369","73","9","14","83","60","(X)","(X)","3.26","0.31","3.41","0.38","2.00","0.30","2.71","0.30","(X)","(X)","270","68","215","49","9","14","46","51","(X)","(X)","40.0","14.8","50.2","14.7","0.0","100.0","0.0","47.0","(X)","(X)","27.4","16.1","14.9","9.6","0.0","100.0","91.3","21.3","(X)","(X)","32.6","12.5","34.9","15.0","100.0","100.0","8.7","21.3","(X)","(X)","636","55","369","73","9","14","83","60","175","63","42.5","10.4","58.3","13.3","100.0","100.0","55.4","39.2","0.0","19.2","7.9","5.8","13.6","9.0","0.0","100.0","0.0","34.5","0.0","19.2","20.1","9.1","(X)","(X)","(X)","(X)","(X)","(X)","73.1","17.3","0.0","5.7","(X)","(X)","(X)","(X)","(X)","(X)","0.0","19.2","0.0","5.7","(X)","(X)","(X)","(X)","(X)","(X)","(X)","(X)","8.2","6.0","(X)","(X)","(X)","(X)","(X)","(X)","(X)","(X)","35.4","8.4","43.1","12.2","0.0","100.0","42.2","37.4","17.7","14.5","64.6","8.4","56.9","12.2","100.0","100.0","57.8","37.4","82.3","14.5","0.0","5.7","0.0","9.7","0.0","100.0","0.0","34.5","0.0","19.2","36.5","8.5","43.6","13.1","100.0","100.0","37.3","36.1","17.7","14.5","63.5","8.5","56.4","13.1","0.0","100.0","62.7","36.1","82.3","14.5",
"1400000US06111005801","Census Tract 58.01, Ventura County, California","1645","85","1191","99","87","90","206","73","161","84","3.25","0.22","3.52","0.23","3.13","0.30","2.80","0.48","1.93","0.87","1484","87","1191","99","87","90","206","73","(X)","(X)","3.35","0.20","3.47","0.22","2.90","0.51","2.80","0.48","(X)","(X)","804","90","609","78","59","64","136","64","(X)","(X)","21.0","11.3","21.2","11.7","32.2","50.7","15.4","21.7","(X)","(X)","13.6","9.0","12.3","9.5","0.0","41.5","25.0","24.2","(X)","(X)","65.4","12.7","66.5","13.5","67.8","50.7","59.6","27.5","(X)","(X)","1645","85","1191","99","87","90","206","73","161","84","49.2","5.0","51.6","5.9","67.8","32.0","66.0","18.4","0.0","20.6","28.2","4.9","32.1","6.7","39.1","33.5","0.0","16.6","29.8","25.8","5.2","3.8","(X)","(X)","(X)","(X)","(X)","(X)","52.8","31.8","1.3","1.5","(X)","(X)","(X)","(X)","(X)","(X)","13.0","14.9","0.0","2.3","(X)","(X)","(X)","(X)","(X)","(X)","(X)","(X)","4.2","4.0","(X)","(X)","(X)","(X)","(X)","(X)","(X)","(X)","100.0","2.3","100.0","3.1","100.0","33.4","100.0","16.6","100.0","20.6","0.0","2.3","0.0","3.1","0.0","33.4","0.0","16.6","0.0","20.6","0.0","2.3","0.0","3.1","0.0","33.4","0.0","16.6","0.0","20.6","90.6","5.4","94.1","4.4","60.9","39.7","81.6","20.1","91.9","15.4","9.4","5.4","5.9","4.4","39.1","39.7","18.4","20.1","8.1","15.4",
"1400000US06111005802","Census Tract 58.02, Ventura County, California","3047","84","2320","144","134","80","198","91","395","109","3.24","0.12","3.64","0.16","2.99","0.48","3.15","0.52","1.03","0.05","2652","108","2320","144","134","80","198","91","(X)","(X)","3.54","0.14","3.64","0.16","2.57","0.41","3.07","0.50","(X)","(X)","1597","172","1356","164","90","58","151","75","(X)","(X)","12.4","6.0","14.6","6.9","0.0","32.7","0.0","21.8","(X)","(X)","16.7","8.3","18.9","9.2","0.0","32.7","7.3","13.0","(X)","(X)","70.9","10.5","66.5","11.5","100.0","32.7","92.7","13.0","(X)","(X)","3047","84","2320","144","134","80","198","91","395","109","53.6","5.6","59.1","6.5","67.2","33.4","87.9","13.7","0.0","9.1","35.5","5.2","31.7","6.3","6.7","11.4","7.1","11.7","82.0","11.0","12.5","3.5","(X)","(X)","(X)","(X)","(X)","(X)","96.7","5.2","9.1","2.8","(X)","(X)","(X)","(X)","(X)","(X)","70.4","13.8","0.0","1.2","(X)","(X)","(X)","(X)","(X)","(X)","(X)","(X)","2.5","2.1","(X)","(X)","(X)","(X)","(X)","(X)","(X)","(X)","86.4","2.7","95.3","3.0","94.0","10.6","72.7","19.6","38.0","15.8","2.5","1.8","1.6","1.8","6.0","10.6","5.6","9.7","5.6","6.8","11.1","2.7","3.1","2.5","0.0","24.1","21.7","22.0","56.5","15.7","91.8","3.0","92.8","3.8","84.3","19.7","79.8","18.3","94.2","6.9","8.2","3.0","7.2","3.8","15.7","19.7","20.2","18.3","5.8","6.9",
"1400000US06111005901","Census Tract 59.01, Ventura County, California","2255","46","1703","123","69","55","136","80","347","109","3.02","0.12","3.30","0.16","4.58","2.15","2.92","0.46","1.36","0.21","1908","106","1703","123","69","55","136","80","(X)","(X)","3.27","0.13","3.29","0.15","3.36","1.22","2.92","0.46","(X)","(X)","879","108","747","115","52","48","80","66","(X)","(X)","8.4","5.6","9.9","6.6","0.0","44.2","0.0","35.3","(X)","(X)","22.3","11.6","26.2","12.9","0.0","44.2","0.0","35.3","(X)","(X)","69.3","11.6","63.9","12.6","100.0","44.2","100.0","35.3","(X)","(X)","2255","46","1703","123","69","55","136","80","347","109","41.6","5.1","46.7","6.8","75.4","34.5","66.9","25.3","0.0","10.2","38.6","5.6","34.4","6.5","58.0","41.5","33.1","29.6","57.6","16.7","10.8","3.9","(X)","(X)","(X)","(X)","(X)","(X)","70.3","16.8","4.6","2.9","(X)","(X)","(X)","(X)","(X)","(X)","29.7","16.1","0.6","1.0","(X)","(X)","(X)","(X)","(X)","(X)","(X)","(X)","3.0","2.1","(X)","(X)","(X)","(X)","(X)","(X)","(X)","(X)","100.0","1.6","100.0","2.2","100.0","38.3","100.0","23.8","100.0","10.2","0.0","1.6","0.0","2.2","0.0","38.3","0.0","23.8","0.0","10.2","0.0","1.6","0.0","2.2","0.0","38.3","0.0","23.8","0.0","10.2","85.6","6.2","87.8","6.5","43.5","37.7","63.2","41.9","92.2","8.8","14.4","6.2","12.2","6.5","56.5","37.7","36.8","41.9","7.8","8.8",
"1400000US06111005906","Census Tract 59.06, Ventura County, California","2390","121","1410","152","163","108","253","110","564","131","2.69","0.20","3.04","0.13","3.42","1.31","3.08","0.65","1.43","0.30","1826","157","1410","152","163","108","253","110","(X)","(X)","3.03","0.17","3.04","0.13","2.94","0.86","3.01","0.65","(X)","(X)","786","140","637","129","87","75","62","50","(X)","(X)","11.5","6.6","9.7","7.1","0.0","33.4","45.2","44.6","(X)","(X)","24.0","10.7","27.2","13.0","0.0","33.4","25.8","38.8","(X)","(X)","64.5","10.5","63.1","12.5","100.0","33.4","29.0","41.6","(X)","(X)","2390","121","1410","152","163","108","253","110","564","131","32.9","5.5","45.2","7.4","53.4","39.2","24.5","19.6","0.0","6.4","40.0","5.8","40.3","5.8","44.2","38.3","35.6","37.3","39.9","14.2","17.7","4.8","(X)","(X)","(X)","(X)","(X)","(X)","74.8","15.3","6.6","3.2","(X)","(X)","(X)","(X)","(X)","(X)","27.8","13.3","0.0","1.6","(X)","(X)","(X)","(X)","(X)","(X)","(X)","(X)","2.1","1.8","(X)","(X)","(X)","(X)","(X)","(X)","(X)","(X)","73.8","5.6","89.4","6.4","55.2","39.0","88.9","13.6","33.2","14.2","26.2","5.6","10.6","6.4","44.8","39.0","11.1","13.6","66.8","14.2","0.0","1.6","0.0","2.6","0.0","20.4","0.0","13.7","0.0","6.4","63.4","6.2","80.9","7.4","46.6","38.8","60.9","36.0","25.9","11.9","36.6","6.2","19.1","7.4","53.4","38.8","39.1","36.0","74.1","11.9",
"1400000US06111005907","Census Tract 59.07, Ventura County, California","1752","85","859","104","48","47","113","54","732","120","2.07","0.12","2.70","0.16","3.29","0.39","2.59","0.44","1.17","0.11","1020","100","859","104","48","47","113","54","(X)","(X)","2.71","0.15","2.70","0.16","3.29","0.39","2.49","0.36","(X)","(X)","250","55","201","57","10","16","39","31","(X)","(X)","8.8","10.2","5.0","7.8","0.0","100.0","30.8","41.2","(X)","(X)","29.6","20.5","36.8","23.8","0.0","100.0","0.0","51.0","(X)","(X)","61.6","19.1","58.2","23.8","100.0","100.0","69.2","41.2","(X)","(X)","1752","85","859","104","48","47","113","54","732","120","14.3","3.1","23.4","5.7","20.8","38.9","34.5","25.2","0.0","5.0","62.6","5.8","60.1","8.0","0.0","46.0","46.0","26.4","72.1","11.1","35.2","5.7","(X)","(X)","(X)","(X)","(X)","(X)","84.3","9.6","22.3","5.1","(X)","(X)","(X)","(X)","(X)","(X)","53.3","11.3","0.9","1.2","(X)","(X)","(X)","(X)","(X)","(X)","(X)","(X)","4.2","2.4","(X)","(X)","(X)","(X)","(X)","(X)","(X)","(X)","88.1","5.3","92.5","6.0","100.0","46.0","90.3","15.1","81.7","11.5","11.9","5.3","7.5","6.0","0.0","46.0","9.7","15.1","18.3","11.5","0.0","2.1","0.0","4.3","0.0","46.0","0.0","27.6","0.0","5.0","68.4","6.9","76.9","7.9","70.8","44.4","90.3","15.1","54.9","13.8","31.6","6.9","23.1","7.9","29.2","44.4","9.7","15.1","45.1","13.8",
"1400000US06111005908","Census Tract 59.08, Ventura County, California","860","59","580","59","54","40","75","38","151","61","3.04","0.23","3.48","0.23","2.87","0.55","3.83","1.37","1.02","0.04","709","60","580","59","54","40","75","38","(X)","(X)","3.47","0.25","3.48","0.23","2.87","0.55","3.83","1.37","(X)","(X)","264","45","232","45","0","13","32","23","(X)","(X)","9.5","7.9","7.8","8.4","-","**","21.9","28.3","(X)","(X)","21.6","11.4","24.6","13.4","-","**","0.0","56.3","(X)","(X)","68.9","13.3","67.7","15.0","-","**","78.1","28.3","(X)","(X)","860","59","580","59","54","40","75","38","151","61","37.0","6.1","46.2","8.1","22.2","33.0","50.7","30.6","0.0","21.8","43.1","7.4","42.2","9.6","75.9","36.2","30.7","26.8","41.1","21.7","17.2","6.5","(X)","(X)","(X)","(X)","(X)","(X)","98.0","4.7","5.9","4.3","(X)","(X)","(X)","(X)","(X)","(X)","33.8","20.9","0.0","4.3","(X)","(X)","(X)","(X)","(X)","(X)","(X)","(X)","0.3","0.8","(X)","(X)","(X)","(X)","(X)","(X)","(X)","(X)","94.8","3.6","98.8","2.2","68.5","42.6","78.7","19.0","96.7","5.1","5.2","3.6","1.2","2.2","31.5","42.6","21.3","19.0","3.3","5.1","0.0","4.3","0.0","6.3","0.0","43.3","0.0","36.7","0.0","21.8","84.0","6.2","92.2","4.7","46.3","43.8","40.0","27.0","87.4","13.8","16.0","6.2","7.8","4.7","53.7","43.8","60.0","27.0","12.6","13.8",
"1400000US06111005909","Census Tract 59.09, Ventura County, California","1379","84","721","87","58","52","141","65","459","115","2.49","0.27","3.15","0.37","4.98","1.28","2.28","0.34","1.20","0.13","920","84","721","87","58","52","141","65","(X)","(X)","3.09","0.30","3.15","0.37","4.38","0.78","2.28","0.34","(X)","(X)","340","77","254","75","58","52","28","27","(X)","(X)","7.4","6.8","9.8","9.1","0.0","41.8","0.0","60.2","(X)","(X)","26.8","17.3","22.4","16.8","58.6","50.5","0.0","60.2","(X)","(X)","65.9","16.2","67.7","16.4","41.4","50.5","100.0","60.2","(X)","(X)","1379","84","721","87","58","52","141","65","459","115","26.0","6.0","36.3","8.6","100.0","41.8","27.7","21.1","0.0","7.8","54.2","5.8","57.1","9.2","0.0","41.8","32.6","17.9","63.2","14.7","29.9","6.9","(X)","(X)","(X)","(X)","(X)","(X)","90.0","6.5","15.0","4.2","(X)","(X)","(X)","(X)","(X)","(X)","45.1","12.4","0.0","2.7","(X)","(X)","(X)","(X)","(X)","(X)","(X)","(X)","3.4","3.7","(X)","(X)","(X)","(X)","(X)","(X)","(X)","(X)","70.8","5.8","84.2","6.9","100.0","41.8","75.2","17.4","44.7","13.8","6.5","4.8","0.0","5.1","0.0","41.8","0.0","23.1","19.4","13.0","22.8","4.6","15.8","6.9","0.0","41.8","24.8","17.4","35.9","12.8","86.9","5.9","90.2","6.3","100.0","41.8","65.2","23.5","86.9","12.0","13.1","5.9","9.8","6.3","0.0","41.8","34.8","23.5","13.1","12.0",
"1400000US06111005910","Census Tract 59.10, Ventura County, California","621","20","489","47","20","20","7","11","105","44","2.80","0.19","3.12","0.18","3.25","1.17","2.14","0.71","1.27","0.25","516","46","489","47","20","20","7","11","(X)","(X)","3.03","0.16","3.08","0.16","2.10","0.26","2.14","0.71","(X)","(X)","183","26","178","27","5","8","0","13","(X)","(X)","2.7","4.6","2.8","4.8","0.0","100.0","-","**","(X)","(X)","17.5","14.8","18.0","15.2","0.0","100.0","-","**","(X)","(X)","79.8","15.9","79.2","16.3","100.0","100.0","-","**","(X)","(X)","621","20","489","47","20","20","7","11","105","44","31.2","4.9","38.7","6.8","25.0","30.3","0.0","100.0","0.0","29.2","39.5","8.1","36.4","10.3","25.0","30.3","100.0","100.0","52.4","25.0","11.9","6.4","(X)","(X)","(X)","(X)","(X)","(X)","70.5","26.3","6.6","4.3","(X)","(X)","(X)","(X)","(X)","(X)","39.0","24.5","2.4","3.2","(X)","(X)","(X)","(X)","(X)","(X)","(X)","(X)","4.3","3.8","(X)","(X)","(X)","(X)","(X)","(X)","(X)","(X)","99.0","1.5","98.8","1.9","100.0","71.2","100.0","100.0","100.0","29.2","0.0","5.9","0.0","7.4","0.0","71.2","0.0","100.0","0.0","29.2","1.0","1.5","1.2","1.9","0.0","71.2","0.0","100.0","0.0","29.2","83.6","8.9","89.2","9.9","60.0","51.8","0.0","100.0","67.6","25.0","16.4","8.9","10.8","9.9","40.0","51.8","100.0","100.0","32.4","25.0",
"1400000US06111005911","Census Tract 59.11, Ventura County, California","1566","58","800","117","53","29","251","113","462","94","2.51","0.20","3.09","0.26","3.08","0.71","3.07","0.66","1.13","0.10","1104","105","800","117","53","29","251","113","(X)","(X)","2.99","0.21","3.01","0.21","2.42","0.37","3.04","0.65","(X)","(X)","490","112","309","101","42","24","139","96","(X)","(X)","18.4","11.8","15.2","11.7","38.1","38.4","19.4","32.8","(X)","(X)","23.7","14.3","37.5","19.3","0.0","49.2","0.0","23.3","(X)","(X)","58.0","17.5","47.2","18.5","61.9","38.4","80.6","32.8","(X)","(X)","1566","58","800","117","53","29","251","113","462","94","32.6","6.8","41.1","10.6","79.2","28.2","55.4","24.5","0.0","7.8","37.6","7.2","39.9","9.1","17.0","28.7","13.5","11.3","49.1","16.0","26.2","6.3","(X)","(X)","(X)","(X)","(X)","(X)","89.0","7.5","11.0","5.1","(X)","(X)","(X)","(X)","(X)","(X)","37.2","15.9","0.0","2.4","(X)","(X)","(X)","(X)","(X)","(X)","(X)","(X)","3.5","1.9","(X)","(X)","(X)","(X)","(X)","(X)","(X)","(X)","80.1","5.9","87.6","5.4","79.2","28.2","88.4","17.8","62.6","15.8","19.3","6.1","11.3","5.8","20.8","28.2","11.6","17.8","37.4","15.8","0.6","0.9","1.1","1.8","0.0","43.8","0.0","13.8","0.0","7.8","69.2","7.1","78.4","8.6","62.3","35.9","45.8","24.8","66.7","14.0","30.8","7.1","21.6","8.6","37.7","35.9","54.2","24.8","33.3","14.0",
"1400000US06111006000","Census Tract 60, Ventura County, California","1501","53","987","110","134","64","108","56","272","84","3.42","0.24","3.85","0.29","3.95","0.86","3.45","0.96","1.56","0.41","1229","83","987","110","134","64","108","56","(X)","(X)","3.65","0.24","3.74","0.27","3.24","0.84","3.38","0.95","(X)","(X)","502","96","436","96","41","36","25","24","(X)","(X)","15.5","10.3","16.1","10.9","19.5","39.5","0.0","63.7","(X)","(X)","20.9","11.5","24.1","13.1","0.0","49.7","0.0","63.7","(X)","(X)","63.5","14.1","59.9","15.6","80.5","39.5","100.0","63.7","(X)","(X)","1501","53","987","110","134","64","108","56","272","84","41.3","6.0","50.8","8.0","50.7","28.3","47.2","31.9","0.0","12.9","32.6","5.8","34.4","7.1","23.1","19.5","29.6","25.1","31.6","16.6","13.9","5.2","(X)","(X)","(X)","(X)","(X)","(X)","76.8","16.8","3.2","2.2","(X)","(X)","(X)","(X)","(X)","(X)","17.6","12.2","0.0","2.5","(X)","(X)","(X)","(X)","(X)","(X)","(X)","(X)","4.3","3.5","(X)","(X)","(X)","(X)","(X)","(X)","(X)","(X)","97.6","2.6","100.0","3.7","91.0","14.7","100.0","28.6","91.2","14.1","2.4","2.6","0.0","3.7","9.0","14.7","0.0","28.6","8.8","14.1","0.0","2.5","0.0","3.7","0.0","24.1","0.0","28.6","0.0","12.9","84.6","5.4","86.1","6.8","73.1","24.6","87.0","15.0","83.8","15.9","15.4","5.4","13.9","6.8","26.9","24.6","13.0","15.0","16.2","15.9",
"1400000US06111006100","Census Tract 61, Ventura County, California","2664","122","1511","199","212","113","273","124","668","169","2.98","0.23","3.73","0.25","3.61","0.84","2.67","0.47","1.23","0.15","1996","159","1511","199","212","113","273","124","(X)","(X)","3.47","0.21","3.67","0.23","3.30","0.62","2.53","0.33","(X)","(X)","1259","173","963","181","94","76","202","114","(X)","(X)","13.3","7.2","13.8","8.3","9.6","19.0","12.9","15.5","(X)","(X)","20.3","9.1","23.2","12.2","23.4","41.4","5.0","7.8","(X)","(X)","66.4","10.5","63.0","12.9","67.0","41.9","82.2","17.4","(X)","(X)","2664","122","1511","199","212","113","273","124","668","169","48.3","6.7","64.7","8.0","51.4","27.3","74.0","19.7","0.0","5.5","18.2","4.9","19.2","7.0","18.4","21.4","7.3","10.4","20.4","10.0","21.2","5.7","(X)","(X)","(X)","(X)","(X)","(X)","84.6","9.9","4.0","2.4","(X)","(X)","(X)","(X)","(X)","(X)","15.9","8.8","0.0","1.4","(X)","(X)","(X)","(X)","(X)","(X)","(X)","(X)","3.1","2.5","(X)","(X)","(X)","(X)","(X)","(X)","(X)","(X)","51.2","5.6","67.8","7.9","32.1","26.6","42.1","23.2","23.4","10.3","48.8","5.6","32.2","7.9","67.9","26.6","57.9","23.2","76.6","10.3","0.0","1.4","0.0","2.4","0.0","16.2","0.0","12.8","0.0","5.5","48.1","5.9","59.1","9.1","47.2","27.9","22.0","16.5","34.3","13.0","51.9","5.9","40.9","9.1","52.8","27.9","78.0","16.5","65.7","13.0",
"1400000US06111006200","Census Tract 62, Ventura County, California","1067","40","830","95","39","31","62","51","136","69","3.07","0.22","3.32","0.25","3.82","1.62","2.92","0.76","1.38","0.29","931","77","830","95","39","31","62","51","(X)","(X)","3.25","0.21","3.27","0.23","3.38","1.31","2.92","0.76","(X)","(X)","288","67","257","61","10","16","21","22","(X)","(X)","13.5","13.5","15.2","15.0","0.0","100.0","0.0","69.5","(X)","(X)","8.0","7.1","8.9","7.8","0.0","100.0","0.0","69.5","(X)","(X)","78.5","14.7","75.9","16.2","100.0","100.0","100.0","69.5","(X)","(X)","1067","40","830","95","39","31","62","51","136","69","30.3","5.3","35.2","6.3","25.6","36.2","33.9","35.9","0.0","23.8","52.6","7.6","50.8","8.3","53.8","43.3","56.5","40.2","61.0","32.3","8.8","4.8","(X)","(X)","(X)","(X)","(X)","(X)","69.1","24.2","3.7","2.5","(X)","(X)","(X)","(X)","(X)","(X)","29.4","20.6","0.0","3.5","(X)","(X)","(X)","(X)","(X)","(X)","(X)","(X)","2.4","2.3","(X)","(X)","(X)","(X)","(X)","(X)","(X)","(X)","98.1","2.6","97.6","3.4","100.0","51.0","100.0","40.5","100.0","23.8","0.0","3.5","0.0","4.4","0.0","51.0","0.0","40.5","0.0","23.8","1.9","2.6","2.4","3.4","0.0","51.0","0.0","40.5","0.0","23.8","91.7","6.0","90.7","7.5","100.0","51.0","93.5","15.7","94.1","9.5","8.3","6.0","9.3","7.5","0.0","51.0","6.5","15.7","5.9","9.5",
"1400000US06111006301","Census Tract 63.01, Ventura County, California","2519","114","1582","144","30","35","139","88","768","124","2.56","0.15","3.23","0.20","2.23","0.29","3.11","0.72","1.11","0.15","1751","123","1582","144","30","35","139","88","(X)","(X)","3.19","0.18","3.21","0.20","2.23","0.29","3.11","0.72","(X)","(X)","678","114","610","121","16","26","52","40","(X)","(X)","19.0","11.4","18.5","12.3","100.0","79.6","0.0","44.2","(X)","(X)","12.4","8.4","13.8","9.2","0.0","79.6","0.0","44.2","(X)","(X)","68.6","14.7","67.7","15.6","0.0","79.6","100.0","44.2","(X)","(X)","2519","114","1582","144","30","35","139","88","768","124","28.8","4.7","39.3","6.6","53.3","53.3","48.2","32.1","2.7","4.5","48.6","5.5","43.8","7.6","46.7","53.3","40.3","36.9","60.2","11.2","29.1","4.4","(X)","(X)","(X)","(X)","(X)","(X)","95.6","5.2","17.7","4.0","(X)","(X)","(X)","(X)","(X)","(X)","58.2","11.3","0.0","1.5","(X)","(X)","(X)","(X)","(X)","(X)","(X)","(X)","0.8","1.4","(X)","(X)","(X)","(X)","(X)","(X)","(X)","(X)","76.3","4.9","89.8","6.1","46.7","53.3","89.9","16.4","47.4","10.0","23.3","4.9","10.2","6.1","53.3","53.3","10.1","16.4","51.6","10.3","0.3","0.5","0.0","2.3","0.0","58.2","0.0","23.3","1.0","1.7","76.1","5.5","84.2","7.5","46.7","53.3","81.3","21.7","59.5","11.0","23.9","5.5","15.8","7.5","53.3","53.3","18.7","21.7","40.5","11.0",
"1400000US06111006302","Census Tract 63.02, Ventura County, California","788","49","502","78","89","58","44","29","153","64","2.82","0.24","3.22","0.25","3.30","0.26","3.20","0.67","1.09","0.13","635","73","502","78","89","58","44","29","(X)","(X)","3.17","0.20","3.17","0.24","3.18","0.30","3.14","0.62","(X)","(X)","246","68","167","66","56","45","23","22","(X)","(X)","21.1","14.0","25.1","16.8","17.9","36.2","0.0","66.4","(X)","(X)","10.6","9.8","10.8","12.5","0.0","42.6","34.8","42.9","(X)","(X)","68.3","16.2","64.1","16.9","82.1","36.2","65.2","42.9","(X)","(X)","788","49","502","78","89","58","44","29","153","64","31.7","8.5","33.3","11.6","62.9","36.0","61.4","35.0","0.0","21.5","52.2","9.2","44.0","11.9","37.1","36.0","47.7","34.6","88.9","13.5","17.8","8.1","(X)","(X)","(X)","(X)","(X)","(X)","91.5","12.6","9.3","4.9","(X)","(X)","(X)","(X)","(X)","(X)","47.7","21.3","0.0","4.6","(X)","(X)","(X)","(X)","(X)","(X)","(X)","(X)","3.3","3.5","(X)","(X)","(X)","(X)","(X)","(X)","(X)","(X)","92.9","4.0","97.4","2.7","88.8","22.3","90.9","16.4","81.0","14.3","7.1","4.0","2.6","2.7","11.2","22.3","9.1","16.4","19.0","14.3","0.0","4.6","0.0","7.2","0.0","32.9","0.0","48.0","0.0","21.5","68.4","7.8","75.3","9.4","34.8","35.8","81.8","23.5","61.4","22.9","31.6","7.8","24.7","9.4","65.2","35.8","18.2","23.5","38.6","22.9",
"1400000US06111006400","Census Tract 64, Ventura County, California","2345","100","1564","140","38","38","219","112","524","111","3.02","0.30","3.60","0.41","4.11","1.75","2.48","0.34","1.42","0.26","1821","132","1564","140","38","38","219","112","(X)","(X)","3.44","0.36","3.58","0.41","4.11","1.75","2.35","0.20","(X)","(X)","827","132","746","128","23","28","58","69","(X)","(X)","18.5","9.3","20.5","10.2","0.0","66.4","0.0","41.8","(X)","(X)","21.3","11.9","21.3","12.6","0.0","66.4","29.3","56.3","(X)","(X)","60.2","13.3","58.2","14.1","100.0","66.4","70.7","56.3","(X)","(X)","2345","100","1564","140","38","38","219","112","524","111","37.3","5.4","49.8","6.5","100.0","51.7","26.5","24.5","0.0","6.9","45.0","5.3","39.4","6.6","39.5","54.2","46.1","24.1","61.6","15.1","16.8","4.7","(X)","(X)","(X)","(X)","(X)","(X)","75.0","14.4","9.3","3.7","(X)","(X)","(X)","(X)","(X)","(X)","41.4","15.7","0.0","1.6","(X)","(X)","(X)","(X)","(X)","(X)","(X)","(X)","4.3","3.2","(X)","(X)","(X)","(X)","(X)","(X)","(X)","(X)","98.4","1.5","100.0","2.4","100.0","51.7","100.0","15.7","92.9","6.5","1.6","1.5","0.0","2.4","0.0","51.7","0.0","15.7","7.1","6.5","0.0","1.6","0.0","2.4","0.0","51.7","0.0","15.7","0.0","6.9","87.2","5.3","89.7","5.9","68.4","48.7","100.0","15.7","75.6","15.9","12.8","5.3","10.3","5.9","31.6","48.7","0.0","15.7","24.4","15.9",
"1400000US06111006500","Census Tract 65, Ventura County, California","1016","69","691","116","37","34","60","49","228","91","3.28","0.32","3.80","0.41","2.16","0.16","3.10","0.66","1.95","0.55","788","108","691","116","37","34","60","49","(X)","(X)","3.59","0.30","3.74","0.35","2.16","0.16","2.73","0.44","(X)","(X)","352","73","341","74","11","18","0","13","(X)","(X)","12.8","14.0","13.2","14.3","0.0","96.0","-","**","(X)","(X)","21.6","15.7","22.3","16.0","0.0","96.0","-","**","(X)","(X)","65.6","23.8","64.5","24.0","100.0","96.0","-","**","(X)","(X)","1016","69","691","116","37","34","60","49","228","91","34.6","6.9","49.3","10.3","29.7","44.6","0.0","41.1","0.0","15.1","20.5","6.7","22.0","8.9","0.0","52.4","33.3","35.2","15.8","15.4","10.7","7.8","(X)","(X)","(X)","(X)","(X)","(X)","47.8","24.1","2.0","2.4","(X)","(X)","(X)","(X)","(X)","(X)","8.8","10.7","0.0","3.6","(X)","(X)","(X)","(X)","(X)","(X)","(X)","(X)","5.9","3.9","(X)","(X)","(X)","(X)","(X)","(X)","(X)","(X)","86.4","7.4","90.6","10.2","100.0","52.4","45.0","38.6","82.5","15.9","13.6","7.4","9.4","10.2","0.0","52.4","55.0","38.6","17.5","15.9","0.0","3.6","0.0","5.3","0.0","52.4","0.0","41.1","0.0","15.1","73.1","8.6","81.3","11.9","64.9","48.9","28.3","32.2","61.4","25.7","26.9","8.6","18.7","11.9","35.1","48.9","71.7","32.2","38.6","25.7",
"1400000US06111006600","Census Tract 66, Ventura County, California","1316","52","944","91","11","15","91","58","270","75","3.01","0.18","3.48","0.18","5.18","2.37","2.98","0.61","1.31","0.23","1046","81","944","91","11","15","91","58","(X)","(X)","3.37","0.18","3.45","0.19","2.91","1.21","2.52","0.64","(X)","(X)","436","70","378","68","0","13","58","40","(X)","(X)","16.7","7.5","13.8","7.9","-","**","36.2","39.2","(X)","(X)","9.6","8.0","11.1","9.2","-","**","0.0","41.8","(X)","(X)","73.6","10.6","75.1","11.6","-","**","63.8","39.2","(X)","(X)","1316","52","944","91","11","15","91","58","270","75","34.5","5.5","41.9","6.6","0.0","96.0","63.7","31.2","0.0","12.9","41.3","4.5","37.3","5.8","45.5","54.5","36.3","31.2","56.7","17.5","16.1","5.2","(X)","(X)","(X)","(X)","(X)","(X)","78.5","16.1","7.7","3.7","(X)","(X)","(X)","(X)","(X)","(X)","37.4","17.4","0.0","2.8","(X)","(X)","(X)","(X)","(X)","(X)","(X)","(X)","4.9","4.3","(X)","(X)","(X)","(X)","(X)","(X)","(X)","(X)","100.0","2.8","100.0","3.9","100.0","96.0","100.0","32.4","100.0","12.9","0.0","2.8","0.0","3.9","0.0","96.0","0.0","32.4","0.0","12.9","0.0","2.8","0.0","3.9","0.0","96.0","0.0","32.4","0.0","12.9","88.4","5.2","89.0","6.4","0.0","96.0","100.0","32.4","85.9","15.0","11.6","5.2","11.0","6.4","100.0","96.0","0.0","32.4","14.1","15.0",
"1400000US06111006700","Census Tract 67, Ventura County, California","1143","43","613","106","48","48","148","73","334","89","2.67","0.22","3.15","0.22","4.15","2.15","3.03","0.50","1.41","0.31","809","85","613","106","48","48","148","73","(X)","(X)","3.03","0.23","3.09","0.20","4.15","2.15","2.41","0.37","(X)","(X)","304","65","230","60","20","33","54","55","(X)","(X)","15.8","9.6","20.9","11.5","0.0","71.2","0.0","43.3","(X)","(X)","20.7","14.2","18.7","11.9","100.0","71.2","0.0","43.3","(X)","(X)","63.5","14.9","60.4","15.0","0.0","71.2","100.0","43.3","(X)","(X)","1143","43","613","106","48","48","148","73","334","89","32.4","5.9","39.6","6.9","41.7","48.4","72.3","22.2","0.0","10.6","44.2","7.5","46.0","9.2","14.6","34.4","41.2","30.6","46.4","20.4","22.3","7.1","(X)","(X)","(X)","(X)","(X)","(X)","76.3","17.8","8.8","5.6","(X)","(X)","(X)","(X)","(X)","(X)","30.2","18.5","0.0","3.2","(X)","(X)","(X)","(X)","(X)","(X)","(X)","(X)","3.5","4.3","(X)","(X)","(X)","(X)","(X)","(X)","(X)","(X)","87.0","5.5","94.9","3.5","100.0","46.0","95.3","8.7","66.8","18.5","13.0","5.5","5.1","3.5","0.0","46.0","4.7","8.7","33.2","18.5","0.0","3.2","0.0","5.9","0.0","46.0","0.0","22.1","0.0","10.6","72.5","9.0","92.0","4.9","56.3","49.9","53.4","31.8","47.6","20.2","27.5","9.0","8.0","4.9","43.8","49.9","46.6","31.8","52.4","20.2",
"1400000US06111006800","Census Tract 68, Ventura County, California","1245","70","695","126","71","68","124","82","355","94","3.17","0.26","3.48","0.33","4.15","1.19","4.31","0.81","1.95","0.59","890","92","695","126","71","68","124","82","(X)","(X)","3.43","0.28","3.44","0.33","3.45","1.08","3.34","0.50","(X)","(X)","398","75","266","90","50","53","82","71","(X)","(X)","15.3","12.2","9.8","9.8","0.0","45.1","42.7","34.2","(X)","(X)","23.1","15.0","34.6","15.6","0.0","45.1","0.0","34.7","(X)","(X)","61.6","13.9","55.6","14.9","100.0","45.1","57.3","34.2","(X)","(X)","1245","70","695","126","71","68","124","82","355","94","32.0","5.8","38.3","9.9","70.4","25.1","66.1","32.8","0.0","10.0","40.4","6.6","36.4","10.2","66.2","43.5","3.2","6.7","56.1","16.5","15.3","5.7","(X)","(X)","(X)","(X)","(X)","(X)","53.5","16.3","7.6","4.0","(X)","(X)","(X)","(X)","(X)","(X)","26.5","14.0","1.1","1.7","(X)","(X)","(X)","(X)","(X)","(X)","(X)","(X)","3.4","3.1","(X)","(X)","(X)","(X)","(X)","(X)","(X)","(X)","91.6","3.4","95.7","4.6","100.0","37.8","83.9","19.5","84.8","9.6","8.4","3.4","4.3","4.6","0.0","37.8","16.1","19.5","15.2","9.6","0.0","3.0","0.0","5.2","0.0","37.8","0.0","25.6","0.0","10.0","72.0","6.8","81.4","7.9","33.8","43.5","50.0","33.0","68.7","18.9","28.0","6.8","18.6","7.9","66.2","43.5","50.0","33.0","31.3","18.9",
"1400000US06111006900","Census Tract 69, Ventura County, California","1631","105","533","115","29","27","189","80","880","125","2.22","0.24","3.43","0.51","2.83","0.76","3.41","0.55","1.22","0.12","751","112","533","115","29","27","189","80","(X)","(X)","3.20","0.32","3.22","0.40","2.48","0.37","3.25","0.51","(X)","(X)","278","77","217","66","11","20","50","45","(X)","(X)","20.9","13.4","26.7","17.0","0.0","96.0","0.0","45.1","(X)","(X)","23.7","16.2","25.3","19.4","100.0","96.0","0.0","45.1","(X)","(X)","55.4","16.7","47.9","19.4","0.0","96.0","100.0","45.1","(X)","(X)","1631","105","533","115","29","27","189","80","880","125","20.8","5.7","40.7","10.3","37.9","48.7","54.5","24.8","1.0","1.7","52.1","5.6","49.0","11.0","31.0","44.0","59.8","25.1","53.1","8.9","46.4","6.7","(X)","(X)","(X)","(X)","(X)","(X)","86.0","7.0","23.4","4.4","(X)","(X)","(X)","(X)","(X)","(X)","43.3","8.7","0.0","2.3","(X)","(X)","(X)","(X)","(X)","(X)","(X)","(X)","4.7","2.9","(X)","(X)","(X)","(X)","(X)","(X)","(X)","(X)","39.1","6.0","66.2","11.0","31.0","45.2","55.0","20.6","19.4","7.6","59.6","6.3","33.8","11.0","69.0","45.2","45.0","20.6","78.1","8.3","1.3","2.2","0.0","6.8","0.0","59.2","0.0","17.9","2.5","4.1","36.6","5.6","55.7","12.5","31.0","44.0","24.3","16.8","27.8","6.7","63.4","5.6","44.3","12.5","69.0","44.0","75.7","16.8","72.2","6.7",
"1400000US06111007000","Census Tract 70, Ventura County, California","1578","103","630","149","152","92","136","88","660","146","2.72","0.34","3.65","0.65","4.28","1.16","3.17","0.39","1.38","0.20","918","144","630","149","152","92","136","88","(X)","(X)","3.28","0.32","3.36","0.39","3.43","0.91","2.76","0.41","(X)","(X)","478","141","371","129","62","55","45","54","(X)","(X)","32.0","16.8","41.2","20.6","0.0","40.5","0.0","47.5","(X)","(X)","22.6","13.5","6.5","6.9","62.9","46.9","100.0","47.5","(X)","(X)","45.4","17.8","52.3","22.3","37.1","46.9","0.0","47.5","(X)","(X)","1578","103","630","149","152","92","136","88","660","146","35.3","9.6","62.2","13.4","67.1","33.3","46.3","30.3","0.0","5.5","31.7","7.7","13.7","7.6","55.3","33.0","33.8","22.9","43.0","13.6","31.8","7.6","(X)","(X)","(X)","(X)","(X)","(X)","76.1","12.4","17.3","6.7","(X)","(X)","(X)","(X)","(X)","(X)","41.4","13.6","0.0","2.3","(X)","(X)","(X)","(X)","(X)","(X)","(X)","(X)","8.6","4.2","(X)","(X)","(X)","(X)","(X)","(X)","(X)","(X)","37.8","6.5","42.9","13.3","80.3","22.4","26.5","22.9","25.6","12.3","62.2","6.5","57.1","13.3","19.7","22.4","73.5","22.9","74.4","12.3","0.0","2.3","0.0","5.8","0.0","21.6","0.0","23.8","0.0","5.5","24.4","6.2","28.3","13.6","39.5","33.7","19.1","18.5","18.3","10.1","75.6","6.2","71.7","13.6","60.5","33.7","80.9","18.5","81.7","10.1",
"1400000US06111007100","Census Tract 71, Ventura County, California","2616","152","494","149","250","132","459","174","1413","213","2.06","0.14","3.22","0.41","2.72","0.50","3.00","0.23","1.23","0.17","1203","186","494","149","250","132","459","174","(X)","(X)","2.95","0.22","3.22","0.41","2.43","0.28","2.94","0.23","(X)","(X)","823","141","251","99","143","101","429","167","(X)","(X)","13.0","7.6","37.5","21.7","9.1","15.0","0.0","8.4","(X)","(X)","16.4","11.9","9.2","13.7","0.0","22.8","26.1","21.0","(X)","(X)","70.6","14.4","53.4","25.4","90.9","15.0","73.9","21.0","(X)","(X)","2616","152","494","149","250","132","459","174","1413","213","31.5","5.3","50.8","14.8","57.2","23.9","93.5","7.9","0.0","2.6","23.9","5.9","21.7","10.5","12.4","14.6","2.2","4.7","33.8","8.6","47.2","6.8","(X)","(X)","(X)","(X)","(X)","(X)","87.4","7.9","12.1","3.7","(X)","(X)","(X)","(X)","(X)","(X)","22.4","6.4","1.0","1.9","(X)","(X)","(X)","(X)","(X)","(X)","(X)","(X)","4.7","3.2","(X)","(X)","(X)","(X)","(X)","(X)","(X)","(X)","34.2","6.1","49.6","16.4","26.8","19.8","33.3","18.7","30.4","10.6","54.2","6.6","41.9","17.0","63.2","20.8","66.7","18.7","52.9","11.4","11.5","5.4","8.5","7.2","10.0","19.3","0.0","7.8","16.6","9.1","44.7","6.8","70.0","13.8","39.2","22.0","27.5","20.7","42.4","9.5","55.3","6.8","30.0","13.8","60.8","22.0","72.5","20.7","57.6","9.5",
"1400000US06111007201","Census Tract 72.01, Ventura County, California","1170","41","774","78","82","58","127","56","187","58","2.85","0.15","3.19","0.21","2.94","0.60","3.30","0.38","1.10","0.12","983","65","774","78","82","58","127","56","(X)","(X)","3.04","0.18","3.10","0.21","2.29","0.41","3.20","0.43","(X)","(X)","433","84","301","85","51","52","81","44","(X)","(X)","3.7","4.3","5.3","5.9","0.0","44.6","0.0","35.0","(X)","(X)","10.4","6.8","12.6","8.0","13.7","32.9","0.0","35.0","(X)","(X)","85.9","8.3","82.1","9.9","86.3","32.9","100.0","35.0","(X)","(X)","1170","41","774","78","82","58","127","56","187","58","42.1","5.8","43.8","7.6","62.2","36.9","80.3","16.9","0.0","18.1","45.1","5.5","49.9","7.3","8.5","14.0","29.9","22.0","51.9","18.3","14.4","4.9","(X)","(X)","(X)","(X)","(X)","(X)","89.8","11.6","6.8","3.6","(X)","(X)","(X)","(X)","(X)","(X)","42.8","19.2","0.0","3.2","(X)","(X)","(X)","(X)","(X)","(X)","(X)","(X)","5.9","4.4","(X)","(X)","(X)","(X)","(X)","(X)","(X)","(X)","99.1","1.4","100.0","4.7","100.0","34.7","100.0","25.1","94.7","8.6","0.9","1.4","0.0","4.7","0.0","34.7","0.0","25.1","5.3","8.6","0.0","3.2","0.0","4.7","0.0","34.7","0.0","25.1","0.0","18.1","92.3","4.1","94.8","4.0","100.0","34.7","74.8","23.3","90.4","10.7","7.7","4.1","5.2","4.0","0.0","34.7","25.2","23.3","9.6","10.7",
"1400000US06111007202","Census Tract 72.02, Ventura County, California","1656","44","984","131","102","78","267","112","303","93","2.84","0.18","3.28","0.19","2.37","0.20","3.37","0.68","1.11","0.13","1353","93","984","131","102","78","267","112","(X)","(X)","3.14","0.18","3.19","0.16","2.26","0.14","3.33","0.69","(X)","(X)","477","72","374","70","10","18","93","63","(X)","(X)","13.8","11.4","17.6","13.8","0.0","100.0","0.0","31.9","(X)","(X)","23.9","12.2","24.3","12.7","0.0","100.0","24.7","32.8","(X)","(X)","62.3","12.9","58.0","13.6","100.0","100.0","75.3","32.8","(X)","(X)","1656","44","984","131","102","78","267","112","303","93","30.4","5.0","38.0","6.1","9.8","23.6","44.6","20.1","0.0","11.6","51.7","5.6","50.2","8.8","48.0","46.8","50.2","17.9","59.1","14.5","16.6","5.3","(X)","(X)","(X)","(X)","(X)","(X)","90.8","10.9","7.9","3.1","(X)","(X)","(X)","(X)","(X)","(X)","42.9","13.2","0.6","1.1","(X)","(X)","(X)","(X)","(X)","(X)","(X)","(X)","1.0","1.3","(X)","(X)","(X)","(X)","(X)","(X)","(X)","(X)","99.0","1.1","99.1","1.4","100.0","29.8","100.0","13.1","97.4","4.2","1.0","1.1","0.9","1.4","0.0","29.8","0.0","13.1","2.6","4.2","0.0","2.2","0.0","3.7","0.0","29.8","0.0","13.1","0.0","11.6","92.1","3.6","89.2","5.5","100.0","29.8","98.1","3.4","93.7","7.4","7.9","3.6","10.8","5.5","0.0","29.8","1.9","3.4","6.3","7.4",
"1400000US06111007300","Census Tract 73, Ventura County, California","655","86","470","88","10","16","32","31","143","62","2.53","0.23","2.71","0.30","3.00","0.71","3.94","0.54","1.57","0.46","512","83","470","88","10","16","32","31","(X)","(X)","2.67","0.24","2.64","0.28","2.10","0.54","3.25","0.45","(X)","(X)","131","41","102","50","0","13","29","30","(X)","(X)","9.9","12.4","12.7","16.4","-","**","0.0","59.2","(X)","(X)","0.0","24.5","0.0","29.8","-","**","0.0","59.2","(X)","(X)","90.1","12.4","87.3","16.4","-","**","100.0","59.2","(X)","(X)","655","86","470","88","10","16","32","31","143","62","20.6","6.3","22.6","9.2","0.0","100.0","90.6","19.8","0.0","22.8","46.9","8.5","52.1","11.1","100.0","100.0","0.0","56.3","36.4","19.7","13.7","6.3","(X)","(X)","(X)","(X)","(X)","(X)","62.9","24.2","3.5","3.0","(X)","(X)","(X)","(X)","(X)","(X)","16.1","12.4","0.0","5.6","(X)","(X)","(X)","(X)","(X)","(X)","(X)","(X)","6.9","6.0","(X)","(X)","(X)","(X)","(X)","(X)","(X)","(X)","91.6","4.9","92.6","5.4","0.0","100.0","100.0","56.3","93.0","10.7","6.9","4.5","7.4","5.4","100.0","100.0","0.0","56.3","0.0","22.8","1.5","2.3","0.0","7.7","0.0","100.0","0.0","56.3","7.0","10.7","79.7","7.5","84.5","10.3","100.0","100.0","100.0","56.3","58.0","19.7","20.3","7.5","15.5","10.3","0.0","100.0","0.0","56.3","42.0","19.7",
"1400000US06111007402","Census Tract 74.02, Ventura County, California","2544","100","1548","155","109","83","142","76","745","133","2.40","0.14","2.89","0.16","2.73","0.41","3.35","0.55","1.15","0.11","1799","146","1548","155","109","83","142","76","(X)","(X)","2.89","0.14","2.88","0.16","2.34","0.22","3.35","0.55","(X)","(X)","730","104","566","117","87","76","77","50","(X)","(X)","19.6","12.0","17.7","13.6","49.4","49.1","0.0","36.1","(X)","(X)","0.0","5.0","0.0","6.4","0.0","33.4","0.0","36.1","(X)","(X)","80.4","12.0","82.3","13.6","50.6","49.1","100.0","36.1","(X)","(X)","2544","100","1548","155","109","83","142","76","745","133","29.6","4.2","36.6","6.6","79.8","30.1","71.1","29.0","0.0","4.9","45.6","4.8","49.2","6.8","0.0","28.4","18.3","21.0","49.9","12.5","25.4","5.2","(X)","(X)","(X)","(X)","(X)","(X)","86.8","9.8","10.8","4.1","(X)","(X)","(X)","(X)","(X)","(X)","37.0","12.5","0.9","1.3","(X)","(X)","(X)","(X)","(X)","(X)","(X)","(X)","3.3","3.1","(X)","(X)","(X)","(X)","(X)","(X)","(X)","(X)","92.6","3.5","95.0","5.0","100.0","28.4","100.0","22.9","85.4","9.1","7.4","3.5","5.0","5.0","0.0","28.4","0.0","22.9","14.6","9.1","0.0","1.5","0.0","2.4","0.0","28.4","0.0","22.9","0.0","4.9","91.8","3.7","92.9","5.1","100.0","28.4","76.1","23.1","91.3","7.0","8.2","3.7","7.1","5.1","0.0","28.4","23.9","23.1","8.7","7.0",
"1400000US06111007403","Census Tract 74.03, Ventura County, California","2150","79","1230","149","51","36","245","87","624","145","2.60","0.16","3.19","0.21","2.27","0.61","2.99","0.50","1.32","0.19","1526","141","1230","149","51","36","245","87","(X)","(X)","3.06","0.18","3.19","0.21","2.27","0.61","2.55","0.33","(X)","(X)","837","104","628","113","19","24","190","78","(X)","(X)","18.8","8.1","23.9","10.5","0.0","73.1","3.7","6.0","(X)","(X)","8.5","8.9","11.3","11.5","0.0","73.1","0.0","17.8","(X)","(X)","72.8","10.9","64.8","13.2","100.0","73.1","96.3","6.0","(X)","(X)","2150","79","1230","149","51","36","245","87","624","145","38.9","4.8","51.1","7.2","37.3","34.7","77.6","16.4","0.0","5.8","32.5","6.2","31.7","7.6","15.7","26.4","11.8","12.9","43.4","16.5","21.1","6.2","(X)","(X)","(X)","(X)","(X)","(X)","72.6","15.8","8.2","4.1","(X)","(X)","(X)","(X)","(X)","(X)","28.4","13.5","0.0","1.7","(X)","(X)","(X)","(X)","(X)","(X)","(X)","(X)","4.7","3.5","(X)","(X)","(X)","(X)","(X)","(X)","(X)","(X)","90.2","3.6","94.9","3.9","100.0","44.6","89.4","12.7","80.4","11.6","9.8","3.6","5.1","3.9","0.0","44.6","10.6","12.7","19.6","11.6","0.0","1.7","0.0","3.0","0.0","44.6","0.0","14.2","0.0","5.8","81.8","5.7","88.9","5.9","84.3","26.4","66.1","19.4","73.7","13.4","18.2","5.7","11.1","5.9","15.7","26.4","33.9","19.4","26.3","13.4",
"1400000US06111007405","Census Tract 74.05, Ventura County, California","2471","62","1466","138","165","98","301","92","539","141","2.80","0.15","3.20","0.16","3.97","0.32","2.97","0.30","1.24","0.13","1932","141","1466","138","165","98","301","92","(X)","(X)","3.12","0.13","3.20","0.16","3.22","0.37","2.64","0.23","(X)","(X)","1092","151","762","120","126","93","204","78","(X)","(X)","10.0","6.2","14.3","8.1","0.0","25.3","0.0","16.7","(X)","(X)","4.3","3.1","6.2","4.4","0.0","25.3","0.0","16.7","(X)","(X)","85.7","6.1","79.5","7.7","100.0","25.3","100.0","16.7","(X)","(X)","2471","62","1466","138","165","98","301","92","539","141","45.0","6.1","53.3","6.9","76.4","26.9","67.8","15.5","0.0","6.7","26.0","4.8","31.8","6.1","0.0","20.2","10.6","11.2","26.7","12.9","17.2","5.1","(X)","(X)","(X)","(X)","(X)","(X)","79.0","11.0","3.8","2.2","(X)","(X)","(X)","(X)","(X)","(X)","17.6","9.7","1.1","1.7","(X)","(X)","(X)","(X)","(X)","(X)","(X)","(X)","8.4","4.4","(X)","(X)","(X)","(X)","(X)","(X)","(X)","(X)","77.0","5.0","90.8","4.9","63.6","45.0","80.1","16.1","41.9","13.6","23.0","5.0","9.2","4.9","36.4","45.0","19.9","16.1","58.1","13.6","0.0","1.5","0.0","2.5","0.0","20.2","0.0","11.7","0.0","6.7","79.9","5.2","89.6","5.4","58.2","44.0","64.5","16.8","68.6","15.9","20.1","5.2","10.4","5.4","41.8","44.0","35.5","16.8","31.4","15.9",
"1400000US06111007406","Census Tract 74.06, Ventura County, California","800","67","674","68","0","13","22","34","104","67","3.03","0.25","3.35","0.23","-","**","2.64","0.42","1.03","0.10","696","75","674","68","0","13","22","34","(X)","(X)","3.30","0.25","3.35","0.23","-","**","1.86","0.27","(X)","(X)","383","81","361","77","0","13","22","34","(X)","(X)","18.8","11.4","13.9","11.5","-","**","100.0","67.9","(X)","(X)","5.0","7.8","5.3","8.3","-","**","0.0","67.9","(X)","(X)","76.2","13.0","80.9","13.2","-","**","0.0","67.9","(X)","(X)","800","67","674","68","0","13","22","34","104","67","47.9","9.6","53.6","10.9","-","**","100.0","67.9","0.0","29.4","21.8","9.7","25.8","10.9","-","**","0.0","67.9","0.0","29.4","12.6","8.4","(X)","(X)","(X)","(X)","(X)","(X)","97.1","8.7","0.0","4.6","(X)","(X)","(X)","(X)","(X)","(X)","0.0","29.4","0.0","4.6","(X)","(X)","(X)","(X)","(X)","(X)","(X)","(X)","2.6","4.2","(X)","(X)","(X)","(X)","(X)","(X)","(X)","(X)","82.3","7.8","94.4","6.0","-","**","0.0","67.9","21.2","33.2","17.8","7.8","5.6","6.0","-","**","100.0","67.9","78.8","33.2","0.0","4.6","0.0","5.4","-","**","0.0","67.9","0.0","29.4","77.8","8.4","89.0","8.0","-","**","0.0","67.9","21.2","33.2","22.3","8.4","11.0","8.0","-","**","100.0","67.9","78.8","33.2",
"1400000US06111007505","Census Tract 75.05, Ventura County, California","1079","72","662","91","83","48","149","79","185","68","3.08","0.20","3.29","0.29","2.99","0.60","4.41","1.01","1.30","0.22","894","68","662","91","83","48","149","79","(X)","(X)","3.38","0.24","3.27","0.29","2.57","0.41","4.33","1.02","(X)","(X)","304","66","244","61","17","22","43","48","(X)","(X)","6.6","7.2","4.5","7.2","52.9","52.9","0.0","48.6","(X)","(X)","27.0","15.4","30.3","17.8","47.1","52.9","0.0","48.6","(X)","(X)","66.4","15.5","65.2","17.4","0.0","77.3","100.0","48.6","(X)","(X)","1079","72","662","91","83","48","149","79","185","68","32.4","6.1","36.9","7.6","32.5","28.8","53.0","37.8","0.0","18.2","42.7","6.8","42.1","8.1","60.2","29.4","43.6","30.5","36.2","20.0","12.5","5.4","(X)","(X)","(X)","(X)","(X)","(X)","73.0","19.5","2.9","2.5","(X)","(X)","(X)","(X)","(X)","(X)","16.8","13.8","2.5","2.6","(X)","(X)","(X)","(X)","(X)","(X)","(X)","(X)","2.6","2.5","(X)","(X)","(X)","(X)","(X)","(X)","(X)","(X)","94.5","3.6","98.3","2.5","100.0","34.5","100.0","22.0","74.1","18.1","5.5","3.6","1.7","2.5","0.0","34.5","0.0","22.0","25.9","18.1","0.0","3.4","0.0","5.5","0.0","34.5","0.0","22.0","0.0","18.2","83.3","6.7","90.2","6.9","57.8","31.4","80.5","26.6","72.4","21.9","16.7","6.7","9.8","6.9","42.2","31.4","19.5","26.6","27.6","21.9",
"1400000US06111007506","Census Tract 75.06, Ventura County, California","2299","88","1600","146","38","45","328","136","333","128","3.17","0.17","3.45","0.19","3.11","0.23","3.48","0.73","1.54","0.25","1966","147","1600","146","38","45","328","136","(X)","(X)","3.31","0.17","3.42","0.18","2.61","0.59","2.89","0.41","(X)","(X)","1023","142","770","159","21","36","232","124","(X)","(X)","17.7","9.9","23.5","12.5","0.0","69.5","0.0","14.9","(X)","(X)","10.8","6.5","13.2","8.8","0.0","69.5","3.4","6.7","(X)","(X)","71.6","10.2","63.2","13.0","100.0","69.5","96.6","6.7","(X)","(X)","2299","88","1600","146","38","45","328","136","333","128","48.7","5.9","52.8","8.2","55.3","55.3","74.1","16.7","3.3","5.4","29.2","4.4","29.2","5.1","0.0","51.7","23.8","15.0","38.1","19.0","7.7","4.0","(X)","(X)","(X)","(X)","(X)","(X)","53.2","23.5","2.1","1.9","(X)","(X)","(X)","(X)","(X)","(X)","14.7","14.1","0.0","1.6","(X)","(X)","(X)","(X)","(X)","(X)","(X)","(X)","6.7","4.0","(X)","(X)","(X)","(X)","(X)","(X)","(X)","(X)","97.8","1.8","98.4","1.8","100.0","51.7","100.0","10.8","92.2","12.6","2.2","1.8","1.6","1.8","0.0","51.7","0.0","10.8","7.8","12.6","0.0","1.6","0.0","2.3","0.0","51.7","0.0","10.8","0.0","10.6","85.4","7.8","88.1","9.4","100.0","51.7","55.8","21.9","100.0","10.6","14.6","7.8","11.9","9.4","0.0","51.7","44.2","21.9","0.0","10.6",
"1400000US06111007507","Census Tract 75.07, Ventura County, California","2314","82","1708","124","47","55","165","102","394","125","3.00","0.16","3.31","0.18","3.04","0.59","2.85","0.54","1.69","0.56","1920","121","1708","124","47","55","165","102","(X)","(X)","3.20","0.17","3.28","0.17","3.04","0.59","2.38","0.41","(X)","(X)","934","109","795","102","32","48","107","85","(X)","(X)","16.4","9.7","15.2","8.7","100.0","56.3","0.0","28.8","(X)","(X)","12.1","6.8","14.2","7.7","0.0","56.3","0.0","28.8","(X)","(X)","71.5","10.7","70.6","10.2","0.0","56.3","100.0","28.8","(X)","(X)","2314","82","1708","124","47","55","165","102","394","125","43.0","4.7","49.1","5.9","68.1","53.5","64.8","34.9","4.3","7.1","31.8","6.0","33.7","7.6","0.0","46.5","0.0","20.2","40.4","15.0","12.0","4.1","(X)","(X)","(X)","(X)","(X)","(X)","70.6","16.8","6.3","2.8","(X)","(X)","(X)","(X)","(X)","(X)","36.8","14.8","0.0","1.6","(X)","(X)","(X)","(X)","(X)","(X)","(X)","(X)","4.6","3.7","(X)","(X)","(X)","(X)","(X)","(X)","(X)","(X)","97.6","1.8","99.1","1.3","100.0","46.5","100.0","20.2","89.6","9.4","2.4","1.8","0.9","1.3","0.0","46.5","0.0","20.2","10.4","9.4","0.0","1.6","0.0","2.2","0.0","46.5","0.0","20.2","0.0","9.1","94.6","4.5","95.3","4.8","100.0","46.5","72.1","35.4","100.0","9.1","5.4","4.5","4.7","4.8","0.0","46.5","27.9","35.4","0.0","9.1",
"1400000US06111007508","Census Tract 75.08, Ventura County, California","1409","68","749","81","26","24","185","68","449","93","2.48","0.12","3.14","0.21","2.42","0.54","2.65","0.26","1.30","0.14","960","83","749","81","26","24","185","68","(X)","(X)","2.98","0.17","3.13","0.21","2.42","0.54","2.48","0.26","(X)","(X)","353","52","239","48","10","15","104","60","(X)","(X)","14.4","9.0","21.3","13.5","0.0","100.0","0.0","29.4","(X)","(X)","10.8","10.9","15.9","16.5","0.0","100.0","0.0","29.4","(X)","(X)","74.8","15.8","62.8","24.0","100.0","100.0","100.0","29.4","(X)","(X)","1409","68","749","81","26","24","185","68","449","93","27.6","4.7","33.9","8.0","38.5","49.4","67.6","20.6","0.0","8.0","38.1","4.7","35.4","8.1","38.5","51.6","35.1","22.8","43.9","11.3","23.3","5.6","(X)","(X)","(X)","(X)","(X)","(X)","73.3","11.9","7.6","3.4","(X)","(X)","(X)","(X)","(X)","(X)","23.8","10.8","0.0","2.6","(X)","(X)","(X)","(X)","(X)","(X)","(X)","(X)","6.3","3.3","(X)","(X)","(X)","(X)","(X)","(X)","(X)","(X)","82.6","6.0","93.7","5.5","61.5","49.4","48.1","20.5","79.5","11.7","17.4","6.0","6.3","5.5","38.5","49.4","51.9","20.5","20.5","11.7","0.0","2.6","0.0","4.9","0.0","62.5","0.0","18.2","0.0","8.0","76.7","6.2","79.2","10.7","38.5","51.6","38.9","18.3","90.4","8.4","23.3","6.2","20.8","10.7","61.5","51.6","61.1","18.3","9.6","8.4",
"1400000US06111007509","Census Tract 75.09, Ventura County, California","1605","41","998","136","23","27","173","100","411","114","2.71","0.22","3.20","0.29","2.65","0.48","2.98","1.07","1.42","0.40","1194","117","998","136","23","27","173","100","(X)","(X)","3.14","0.27","3.19","0.30","2.65","0.48","2.93","1.00","(X)","(X)","559","97","398","118","14","22","147","95","(X)","(X)","12.5","10.2","17.6","13.3","0.0","85.1","0.0","22.3","(X)","(X)","29.0","15.2","26.9","16.4","0.0","85.1","37.4","38.7","(X)","(X)","58.5","15.3","55.5","17.6","100.0","85.1","62.6","38.7","(X)","(X)","1605","41","998","136","23","27","173","100","411","114","35.6","5.9","41.1","9.9","60.9","59.0","85.0","19.9","0.0","8.7","23.5","5.8","27.7","7.2","39.1","59.0","3.5","6.5","20.9","12.3","19.6","6.8","(X)","(X)","(X)","(X)","(X)","(X)","76.6","18.2","3.1","2.2","(X)","(X)","(X)","(X)","(X)","(X)","12.2","9.1","0.0","2.3","(X)","(X)","(X)","(X)","(X)","(X)","(X)","(X)","1.3","1.5","(X)","(X)","(X)","(X)","(X)","(X)","(X)","(X)","61.9","8.0","78.5","9.4","0.0","66.4","64.7","34.3","23.8","13.0","38.1","8.0","21.5","9.4","100.0","66.4","35.3","34.3","76.2","13.0","0.0","2.3","0.0","3.7","0.0","66.4","0.0","19.4","0.0","8.7","52.8","7.4","70.1","8.6","0.0","66.4","32.9","30.4","21.9","12.6","47.2","7.4","29.9","8.6","100.0","66.4","67.1","30.4","78.1","12.6",
"1400000US06111007510","Census Tract 75.10, Ventura County, California","2074","64","1610","171","46","47","152","102","266","122","3.19","0.20","3.43","0.19","4.17","0.98","3.72","0.47","1.22","0.15","1808","143","1610","171","46","47","152","102","(X)","(X)","3.43","0.16","3.38","0.18","4.17","0.98","3.66","0.54","(X)","(X)","1049","122","906","160","12","21","131","96","(X)","(X)","17.0","7.5","19.6","9.3","0.0","92.0","0.0","24.5","(X)","(X)","30.0","8.8","29.0","11.0","0.0","92.0","39.7","43.5","(X)","(X)","53.0","8.8","51.3","10.4","100.0","92.0","60.3","43.5","(X)","(X)","2074","64","1610","171","46","47","152","102","266","122","53.1","5.2","58.4","6.9","65.2","44.6","86.2","16.5","0.0","13.1","31.1","4.7","29.1","6.0","34.8","44.6","30.9","29.3","42.5","21.9","9.9","5.3","(X)","(X)","(X)","(X)","(X)","(X)","77.4","15.6","4.1","3.1","(X)","(X)","(X)","(X)","(X)","(X)","32.0","22.1","0.5","1.0","(X)","(X)","(X)","(X)","(X)","(X)","(X)","(X)","2.6","2.1","(X)","(X)","(X)","(X)","(X)","(X)","(X)","(X)","100.0","1.8","100.0","2.3","100.0","47.0","100.0","21.6","100.0","13.1","0.0","1.8","0.0","2.3","0.0","47.0","0.0","21.6","0.0","13.1","0.0","1.8","0.0","2.3","0.0","47.0","0.0","21.6","0.0","13.1","90.2","4.6","93.4","4.3","60.9","46.3","88.8","18.8","76.3","22.0","9.8","4.6","6.6","4.3","39.1","46.3","11.2","18.8","23.7","22.0",
"1400000US06111007511","Census Tract 75.11, Ventura County, California","796","72","612","98","40","41","58","46","86","55","2.73","0.24","2.84","0.24","3.63","1.55","3.14","0.96","1.28","0.30","710","83","612","98","40","41","58","46","(X)","(X)","2.85","0.22","2.82","0.23","3.03","1.00","2.98","0.94","(X)","(X)","221","84","154","67","40","41","27","29","(X)","(X)","16.3","15.3","19.5","20.1","15.0","30.6","0.0","61.3","(X)","(X)","9.0","12.2","13.0","16.6","0.0","50.4","0.0","61.3","(X)","(X)","74.7","21.4","67.5","26.9","85.0","30.6","100.0","61.3","(X)","(X)","796","72","612","98","40","41","58","46","86","55","29.8","9.2","25.2","10.1","100.0","50.4","74.1","37.6","0.0","33.7","34.0","8.3","32.4","10.4","0.0","50.4","53.4","37.6","48.8","33.8","8.0","6.0","(X)","(X)","(X)","(X)","(X)","(X)","74.4","27.4","5.3","5.3","(X)","(X)","(X)","(X)","(X)","(X)","48.8","33.8","0.0","4.6","(X)","(X)","(X)","(X)","(X)","(X)","(X)","(X)","5.7","4.9","(X)","(X)","(X)","(X)","(X)","(X)","(X)","(X)","100.0","4.6","100.0","5.9","100.0","50.4","100.0","41.8","100.0","33.7","0.0","4.6","0.0","5.9","0.0","50.4","0.0","41.8","0.0","33.7","0.0","4.6","0.0","5.9","0.0","50.4","0.0","41.8","0.0","33.7","96.0","3.8","99.3","1.5","85.0","30.6","100.0","41.8","74.4","27.4","4.0","3.8","0.7","1.5","15.0","30.6","0.0","41.8","25.6","27.4",
"1400000US06111007512","Census Tract 75.12, Ventura County, California","1825","104","1089","155","78","56","146","94","512","126","2.83","0.23","3.61","0.29","2.60","0.39","2.51","0.33","1.29","0.15","1313","145","1089","155","78","56","146","94","(X)","(X)","3.40","0.24","3.60","0.28","2.24","0.26","2.51","0.33","(X)","(X)","627","138","535","137","55","52","37","57","(X)","(X)","9.4","5.3","11.0","5.8","0.0","43.0","0.0","52.4","(X)","(X)","36.0","12.5","42.2","13.3","0.0","43.0","0.0","52.4","(X)","(X)","54.5","12.0","46.7","11.5","100.0","43.0","100.0","52.4","(X)","(X)","1825","104","1089","155","78","56","146","94","512","126","35.0","7.2","50.1","9.7","70.5","34.2","25.3","32.4","0.0","7.1","26.4","6.8","31.1","9.3","29.5","34.2","24.0","21.4","16.4","11.1","19.6","6.1","(X)","(X)","(X)","(X)","(X)","(X)","69.9","14.7","1.5","1.8","(X)","(X)","(X)","(X)","(X)","(X)","5.3","6.6","0.7","1.2","(X)","(X)","(X)","(X)","(X)","(X)","(X)","(X)","8.5","4.8","(X)","(X)","(X)","(X)","(X)","(X)","(X)","(X)","79.2","5.8","89.3","7.1","64.1","45.7","61.0","33.3","65.2","15.5","18.6","5.4","8.3","6.4","35.9","45.7","39.0","33.3","32.0","14.3","2.2","2.8","2.5","4.0","0.0","35.8","0.0","22.4","2.7","4.7","68.8","7.0","81.3","7.7","64.1","45.7","10.3","14.1","59.8","18.7","31.2","7.0","18.7","7.7","35.9","45.7","89.7","14.1","40.2","18.7",
"1400000US06111007513","Census Tract 75.13, Ventura County, California","492","38","387","70","0","13","49","42","56","31","3.10","0.30","2.95","0.38","-","**","6.10","1.11","1.50","0.64","436","45","387","70","0","13","49","42","(X)","(X)","3.23","0.31","2.93","0.37","-","**","5.57","1.66","(X)","(X)","142","33","108","59","0","13","34","39","(X)","(X)","14.1","15.1","18.5","20.3","-","**","0.0","54.6","(X)","(X)","35.9","30.3","15.7","22.9","-","**","100.0","54.6","(X)","(X)","50.0","30.6","65.7","26.1","-","**","0.0","54.6","(X)","(X)","492","38","387","70","0","13","49","42","56","31","28.9","6.9","27.9","12.2","-","**","69.4","44.5","0.0","42.6","54.3","10.3","60.2","12.1","-","**","12.2","22.0","50.0","50.0","6.9","7.3","(X)","(X)","(X)","(X)","(X)","(X)","60.7","51.7","2.6","3.9","(X)","(X)","(X)","(X)","(X)","(X)","23.2","32.6","0.0","7.3","(X)","(X)","(X)","(X)","(X)","(X)","(X)","(X)","0.0","7.3","(X)","(X)","(X)","(X)","(X)","(X)","(X)","(X)","100.0","7.3","100.0","9.2","-","**","100.0","45.5","100.0","42.6","0.0","7.3","0.0","9.2","-","**","0.0","45.5","0.0","42.6","0.0","7.3","0.0","9.2","-","**","0.0","45.5","0.0","42.6","97.0","4.8","96.1","6.1","-","**","100.0","45.5","100.0","42.6","3.0","4.8","3.9","6.1","-","**","0.0","45.5","0.0","42.6",
"1400000US06111007514","Census Tract 75.14, Ventura County, California","2984","95","1329","181","71","82","243","103","1341","185","2.13","0.14","2.86","0.25","2.11","0.29","2.80","0.26","1.29","0.13","1643","188","1329","181","71","82","243","103","(X)","(X)","2.81","0.19","2.86","0.25","2.11","0.29","2.75","0.26","(X)","(X)","656","166","486","141","27","41","143","85","(X)","(X)","21.2","13.3","21.6","15.0","0.0","61.3","23.8","32.8","(X)","(X)","13.3","7.1","13.2","8.4","0.0","61.3","16.1","19.6","(X)","(X)","65.5","13.4","65.2","15.9","100.0","61.3","60.1","34.1","(X)","(X)","2984","95","1329","181","71","82","243","103","1341","185","22.0","5.5","36.6","10.0","38.0","59.0","58.8","20.8","0.0","2.8","32.8","4.3","30.5","7.3","0.0","37.8","18.5","16.9","39.4","8.6","33.6","5.6","(X)","(X)","(X)","(X)","(X)","(X)","74.7","10.3","13.4","3.9","(X)","(X)","(X)","(X)","(X)","(X)","29.8","8.2","0.0","1.2","(X)","(X)","(X)","(X)","(X)","(X)","(X)","(X)","5.5","2.6","(X)","(X)","(X)","(X)","(X)","(X)","(X)","(X)","51.1","6.0","71.6","9.3","38.0","59.0","23.9","20.5","36.5","10.1","48.9","6.0","28.4","9.3","62.0","59.0","76.1","20.5","63.5","10.1","0.0","1.2","0.0","2.8","0.0","37.8","0.0","14.3","0.0","2.8","47.1","4.9","65.1","9.0","38.0","59.0","16.9","15.7","35.3","9.3","52.9","4.9","34.9","9.0","62.0","59.0","83.1","15.7","64.7","9.3",
"1400000US06111007606","Census Tract 76.06, Ventura County, California","378","37","282","54","28","27","54","30","14","18","3.67","0.33","3.56","0.35","4.43","0.77","4.50","0.78","1.21","0.95","364","35","282","54","28","27","54","30","(X)","(X)","3.69","0.35","3.53","0.35","4.43","0.77","4.11","0.98","(X)","(X)","161","35","138","38","23","26","0","13","(X)","(X)","9.9","13.2","11.6","14.9","0.0","66.4","-","**","(X)","(X)","8.7","9.3","10.1","10.8","0.0","66.4","-","**","(X)","(X)","81.4","14.9","78.3","16.9","100.0","66.4","-","**","(X)","(X)","378","37","282","54","28","27","54","30","14","18","42.6","8.1","48.9","9.6","82.1","30.1","0.0","43.3","0.0","85.1","42.6","10.8","37.9","13.1","17.9","30.1","75.9","34.0","57.1","57.1","2.9","4.2","(X)","(X)","(X)","(X)","(X)","(X)","78.6","78.6","0.0","9.4","(X)","(X)","(X)","(X)","(X)","(X)","0.0","85.1","0.0","9.4","(X)","(X)","(X)","(X)","(X)","(X)","(X)","(X)","6.6","4.8","(X)","(X)","(X)","(X)","(X)","(X)","(X)","(X)","94.2","6.3","100.0","12.4","67.9","48.2","75.9","34.0","100.0","85.1","2.4","3.7","0.0","12.4","32.1","48.2","0.0","43.3","0.0","85.1","3.4","4.9","0.0","12.4","0.0","60.2","24.1","34.0","0.0","85.1","93.1","6.2","91.8","8.1","100.0","60.2","100.0","43.3","78.6","56.7","6.9","6.2","8.2","8.1","0.0","60.2","0.0","43.3","21.4","56.7",
"1400000US06111007607","Census Tract 76.07, Ventura County, California","1931","85","1422","117","50","37","155","83","304","105","3.09","0.12","3.46","0.17","3.76","1.06","2.99","0.60","1.28","0.25","1627","118","1422","117","50","37","155","83","(X)","(X)","3.36","0.13","3.41","0.16","2.88","1.01","2.99","0.60","(X)","(X)","837","90","713","96","33","30","91","67","(X)","(X)","3.9","3.7","4.6","4.4","0.0","55.5","0.0","32.4","(X)","(X)","7.5","4.6","7.2","4.7","36.4","48.4","0.0","32.4","(X)","(X)","88.5","6.3","88.2","6.8","63.6","48.4","100.0","32.4","(X)","(X)","1931","85","1422","117","50","37","155","83","304","105","44.4","4.2","51.5","6.3","66.0","34.2","58.7","27.2","0.0","11.6","28.3","6.1","25.9","6.1","20.0","29.2","33.5","29.8","38.2","18.0","12.7","4.9","(X)","(X)","(X)","(X)","(X)","(X)","80.6","19.6","3.7","2.7","(X)","(X)","(X)","(X)","(X)","(X)","23.7","15.3","2.1","3.2","(X)","(X)","(X)","(X)","(X)","(X)","(X)","(X)","1.0","1.2","(X)","(X)","(X)","(X)","(X)","(X)","(X)","(X)","97.9","1.4","98.4","1.8","100.0","45.1","100.0","21.3","94.4","6.3","2.1","1.4","1.6","1.8","0.0","45.1","0.0","21.3","5.6","6.3","0.0","1.9","0.0","2.6","0.0","45.1","0.0","21.3","0.0","11.6","93.4","3.5","94.8","3.7","86.0","24.3","76.1","25.3","96.7","5.3","6.6","3.5","5.2","3.7","14.0","24.3","23.9","25.3","3.3","5.3",
"1400000US06111007609","Census Tract 76.09, Ventura County, California","779","32","606","65","95","51","34","31","44","33","3.36","0.22","3.57","0.25","3.08","1.02","3.47","0.61","-","**","735","45","606","65","95","51","34","31","(X)","(X)","3.45","0.23","3.53","0.25","3.08","1.02","2.97","0.49","(X)","(X)","311","79","273","79","27","30","11","17","(X)","(X)","18.3","15.7","20.9","17.6","0.0","61.3","0.0","96.0","(X)","(X)","5.8","7.3","6.6","8.5","0.0","61.3","0.0","96.0","(X)","(X)","75.9","15.2","72.5","17.0","100.0","61.3","100.0","96.0","(X)","(X)","779","32","606","65","95","51","34","31","44","33","46.0","9.9","46.7","10.8","49.5","38.7","82.4","35.9","0.0","48.0","26.7","7.8","29.9","10.0","9.5","17.2","0.0","54.6","40.9","46.7","5.6","4.3","(X)","(X)","(X)","(X)","(X)","(X)","100.0","48.0","2.3","3.4","(X)","(X)","(X)","(X)","(X)","(X)","40.9","46.7","0.0","4.7","(X)","(X)","(X)","(X)","(X)","(X)","(X)","(X)","0.0","4.7","(X)","(X)","(X)","(X)","(X)","(X)","(X)","(X)","100.0","4.7","100.0","6.0","100.0","31.4","100.0","54.6","100.0","48.0","0.0","4.7","0.0","6.0","0.0","31.4","0.0","54.6","0.0","48.0","0.0","4.7","0.0","6.0","0.0","31.4","0.0","54.6","0.0","48.0","85.2","9.4","83.8","11.3","100.0","31.4","50.0","50.0","100.0","48.0","14.8","9.4","16.2","11.3","0.0","31.4","50.0","50.0","0.0","48.0",
"1400000US06111007610","Census Tract 76.10, Ventura County, California","1647","54","1187","147","53","46","224","133","183","79","3.29","0.20","3.68","0.23","2.70","0.33","3.04","0.94","1.27","0.28","1464","86","1187","147","53","46","224","133","(X)","(X)","3.44","0.19","3.65","0.23","2.43","0.41","2.57","0.34","(X)","(X)","784","91","670","98","25","29","89","69","(X)","(X)","31.6","11.6","37.0","12.6","0.0","63.7","0.0","32.9","(X)","(X)","4.3","4.3","5.1","5.0","0.0","63.7","0.0","32.9","(X)","(X)","64.0","11.3","57.9","12.0","100.0","63.7","100.0","32.9","(X)","(X)","1647","54","1187","147","53","46","224","133","183","79","50.6","4.5","60.6","6.5","47.2","51.0","39.7","27.7","0.0","18.4","24.8","5.8","21.1","5.9","26.4","33.7","25.4","28.3","47.5","27.4","8.7","4.6","(X)","(X)","(X)","(X)","(X)","(X)","78.7","21.9","5.3","3.7","(X)","(X)","(X)","(X)","(X)","(X)","47.5","27.4","0.0","2.2","(X)","(X)","(X)","(X)","(X)","(X)","(X)","(X)","3.5","4.2","(X)","(X)","(X)","(X)","(X)","(X)","(X)","(X)","98.8","2.0","100.0","3.1","100.0","43.8","100.0","15.4","89.1","18.0","1.2","2.0","0.0","3.1","0.0","43.8","0.0","15.4","10.9","18.0","0.0","2.2","0.0","3.1","0.0","43.8","0.0","15.4","0.0","18.4","90.3","4.5","93.9","4.5","43.4","36.3","92.9","11.7","77.0","23.1","9.7","4.5","6.1","4.5","56.6","36.3","7.1","11.7","23.0","23.1",
"1400000US06111007611","Census Tract 76.11, Ventura County, California","962","30","656","124","57","53","120","73","129","73","4.94","0.41","5.72","0.70","5.82","1.28","4.37","1.08","1.08","0.14","833","84","656","124","57","53","120","73","(X)","(X)","5.35","0.56","5.56","0.67","5.58","1.30","4.08","1.25","(X)","(X)","483","87","354","105","31","40","98","75","(X)","(X)","11.2","10.3","15.3","14.0","0.0","57.2","0.0","30.7","(X)","(X)","50.3","13.8","41.8","15.6","100.0","57.2","65.3","43.0","(X)","(X)","38.5","13.1","42.9","16.5","0.0","57.2","34.7","43.0","(X)","(X)","962","30","656","124","57","53","120","73","129","73","63.2","8.3","70.7","11.7","80.7","36.2","81.7","23.4","0.0","24.8","31.3","11.5","37.2","15.7","0.0","42.2","0.0","26.3","44.2","31.0","12.3","7.5","(X)","(X)","(X)","(X)","(X)","(X)","91.5","14.9","5.9","5.0","(X)","(X)","(X)","(X)","(X)","(X)","44.2","31.0","0.0","3.8","(X)","(X)","(X)","(X)","(X)","(X)","(X)","(X)","4.7","5.0","(X)","(X)","(X)","(X)","(X)","(X)","(X)","(X)","65.9","8.2","71.5","11.3","80.7","30.9","60.8","30.3","35.7","26.1","34.1","8.2","28.5","11.3","19.3","30.9","39.2","30.3","64.3","26.1","0.0","3.8","0.0","5.6","0.0","42.2","0.0","26.3","0.0","24.8","52.6","12.2","49.5","13.9","80.7","30.9","32.5","33.0","74.4","25.0","47.4","12.2","50.5","13.9","19.3","30.9","67.5","33.0","25.6","25.0",
"1400000US06111007612","Census Tract 76.12, Ventura County, California","1522","95","732","156","139","93","194","99","457","145","2.93","0.30","3.77","0.38","3.40","0.86","3.07","0.75","1.39","0.20","1065","145","732","156","139","93","194","99","(X)","(X)","3.36","0.29","3.65","0.32","2.29","0.15","3.01","0.74","(X)","(X)","511","146","408","142","45","34","58","51","(X)","(X)","27.8","15.0","27.7","17.3","46.7","53.0","13.8","28.4","(X)","(X)","18.2","10.2","22.8","12.5","0.0","47.5","0.0","41.8","(X)","(X)","54.0","15.8","49.5","18.0","53.3","53.0","86.2","28.4","(X)","(X)","1522","95","732","156","139","93","194","99","457","145","38.0","9.8","58.2","13.9","32.4","29.1","55.7","29.3","0.0","7.9","30.0","8.6","27.3","11.5","39.6","42.5","4.1","7.7","42.5","13.5","21.3","7.5","(X)","(X)","(X)","(X)","(X)","(X)","70.9","14.5","8.9","3.3","(X)","(X)","(X)","(X)","(X)","(X)","29.5","10.3","0.0","2.4","(X)","(X)","(X)","(X)","(X)","(X)","(X)","(X)","7.6","5.7","(X)","(X)","(X)","(X)","(X)","(X)","(X)","(X)","43.6","7.4","64.6","11.5","51.8","42.2","14.9","22.7","19.7","9.3","54.8","7.3","32.1","11.3","48.2","42.2","85.1","22.7","80.3","9.3","1.6","1.8","3.3","3.8","0.0","23.3","0.0","17.5","0.0","7.9","39.9","7.0","57.0","12.3","51.8","42.2","14.9","22.7","19.7","9.3","60.1","7.0","43.0","12.3","48.2","42.2","85.1","22.7","80.3","9.3",
"1400000US06111007613","Census Tract 76.13, Ventura County, California","1205","83","827","101","10","18","121","64","247","106","2.98","0.19","3.34","0.20","5.30","1.33","3.12","0.67","1.62","0.31","958","95","827","101","10","18","121","64","(X)","(X)","3.33","0.20","3.34","0.20","5.30","1.33","3.07","0.65","(X)","(X)","518","92","481","93","10","18","27","28","(X)","(X)","16.0","8.8","14.6","9.0","0.0","100.0","48.1","51.9","(X)","(X)","22.0","10.0","20.2","9.7","100.0","100.0","25.9","44.1","(X)","(X)","62.0","13.0","65.3","12.9","0.0","100.0","25.9","38.3","(X)","(X)","1205","83","827","101","10","18","121","64","247","106","48.0","8.6","60.9","7.0","100.0","100.0","53.7","32.2","0.0","14.1","20.7","6.2","20.1","8.4","0.0","100.0","42.1","30.3","13.4","13.1","9.5","5.1","(X)","(X)","(X)","(X)","(X)","(X)","46.6","27.0","2.7","2.6","(X)","(X)","(X)","(X)","(X)","(X)","13.4","13.1","0.0","3.1","(X)","(X)","(X)","(X)","(X)","(X)","(X)","(X)","5.0","5.6","(X)","(X)","(X)","(X)","(X)","(X)","(X)","(X)","92.3","6.7","98.7","2.6","100.0","100.0","100.0","26.1","66.8","24.7","7.5","6.0","1.0","1.8","0.0","100.0","0.0","26.1","33.2","24.7","0.2","1.1","0.4","1.6","0.0","100.0","0.0","26.1","0.0","14.1","90.2","7.3","97.7","3.2","100.0","100.0","94.2","9.3","62.8","24.9","9.8","7.3","2.3","3.2","0.0","100.0","5.8","9.3","37.2","24.9",
"1400000US06111007614","Census Tract 76.14, Ventura County, California","2244","113","1412","172","151","101","213","96","468","159","3.28","0.20","3.78","0.28","3.56","0.87","2.56","0.37","2.01","0.67","1776","151","1412","172","151","101","213","96","(X)","(X)","3.54","0.22","3.75","0.27","3.18","1.04","2.40","0.27","(X)","(X)","853","101","672","126","110","102","71","54","(X)","(X)","20.6","11.5","21.6","12.9","0.0","28.2","43.7","40.3","(X)","(X)","10.7","7.9","13.5","9.8","0.0","28.2","0.0","37.8","(X)","(X)","68.7","12.9","64.9","13.3","100.0","28.2","56.3","40.3","(X)","(X)","2244","113","1412","172","151","101","213","96","468","159","40.7","4.7","51.8","7.9","72.8","29.8","33.3","19.3","0.0","7.7","23.8","4.9","22.6","7.5","4.6","10.0","36.2","23.0","27.8","12.1","12.9","5.2","(X)","(X)","(X)","(X)","(X)","(X)","61.8","19.4","3.4","2.1","(X)","(X)","(X)","(X)","(X)","(X)","16.5","9.9","0.0","1.7","(X)","(X)","(X)","(X)","(X)","(X)","(X)","(X)","3.2","2.4","(X)","(X)","(X)","(X)","(X)","(X)","(X)","(X)","87.5","4.4","85.4","6.4","95.4","10.0","93.0","11.3","88.7","9.7","5.6","3.9","8.9","6.0","0.0","21.8","0.0","16.1","0.0","7.7","7.0","2.8","5.7","3.6","4.6","10.0","7.0","11.3","11.3","9.7","83.0","6.5","88.0","6.6","82.1","23.4","85.4","15.2","67.1","17.1","17.0","6.5","12.0","6.6","17.9","23.4","14.6","15.2","32.9","17.1",
"1400000US06111007700","Census Tract 77, Ventura County, California","1950","81","1096","138","70","57","222","87","562","119","2.99","0.19","3.59","0.28","3.66","1.42","4.37","1.21","1.21","0.14","1388","128","1096","138","70","57","222","87","(X)","(X)","3.65","0.27","3.59","0.28","3.66","1.42","4.00","1.03","(X)","(X)","655","91","566","99","27","40","62","48","(X)","(X)","29.6","10.5","34.3","12.4","0.0","61.3","0.0","40.5","(X)","(X)","21.1","10.8","22.4","11.5","0.0","61.3","17.7","28.0","(X)","(X)","49.3","14.3","43.3","15.9","100.0","61.3","82.3","28.0","(X)","(X)","1950","81","1096","138","70","57","222","87","562","119","40.4","4.3","55.6","5.7","84.3","29.4","53.6","22.8","0.0","6.5","28.5","4.2","25.1","6.2","0.0","38.1","38.7","18.7","34.5","10.0","24.0","5.8","(X)","(X)","(X)","(X)","(X)","(X)","83.3","9.8","7.1","2.4","(X)","(X)","(X)","(X)","(X)","(X)","24.6","7.8","2.1","2.2","(X)","(X)","(X)","(X)","(X)","(X)","(X)","(X)","2.8","1.9","(X)","(X)","(X)","(X)","(X)","(X)","(X)","(X)","78.2","4.5","86.6","6.1","84.3","29.4","86.0","13.1","58.0","11.4","12.7","3.8","7.3","4.7","15.7","29.4","9.5","11.1","24.0","8.3","9.1","3.0","6.1","4.0","0.0","38.1","4.5","7.6","18.0","8.0","81.5","5.1","91.7","5.0","15.7","29.4","78.8","17.6","70.8","9.4","18.5","5.1","8.3","5.0","84.3","29.4","21.2","17.6","29.2","9.4",
"1400000US06111007800","Census Tract 78, Ventura County, California","1412","51","686","114","10","11","347","112","369","100","3.01","0.24","3.74","0.25","2.10","0.58","3.27","0.69","1.44","0.31","1043","99","686","114","10","11","347","112","(X)","(X)","3.44","0.28","3.69","0.23","2.10","0.58","2.99","0.70","(X)","(X)","742","110","493","104","0","13","249","98","(X)","(X)","29.1","9.4","36.7","12.4","-","**","14.1","12.8","(X)","(X)","10.5","6.7","8.3","6.1","-","**","14.9","15.7","(X)","(X)","60.4","11.3","55.0","13.2","-","**","71.1","18.5","(X)","(X)","1412","51","686","114","10","11","347","112","369","100","52.5","7.8","71.9","9.4","0.0","100.0","71.8","16.1","0.0","9.7","22.9","6.5","13.8","5.4","50.0","50.0","14.4","13.4","46.9","14.6","19.5","5.9","(X)","(X)","(X)","(X)","(X)","(X)","74.5","13.4","9.6","4.3","(X)","(X)","(X)","(X)","(X)","(X)","36.6","13.6","0.4","0.8","(X)","(X)","(X)","(X)","(X)","(X)","(X)","(X)","8.1","4.3","(X)","(X)","(X)","(X)","(X)","(X)","(X)","(X)","40.4","6.2","60.9","10.9","50.0","50.0","21.6","15.2","19.8","10.9","59.6","6.2","39.1","10.9","50.0","50.0","78.4","15.2","80.2","10.9","0.0","2.6","0.0","5.3","0.0","100.0","0.0","10.2","0.0","9.7","31.4","5.8","46.1","10.0","0.0","100.0","15.6","11.1","19.8","10.9","68.6","5.8","53.9","10.0","100.0","100.0","84.4","11.1","80.2","10.9",
"1400000US06111007901","Census Tract 79.01, Ventura County, California","1665","71","933","108","126","66","215","74","391","108","3.36","0.24","3.92","0.39","3.40","0.61","3.66","0.78","1.84","0.49","1274","113","933","108","126","66","215","74","(X)","(X)","3.67","0.30","3.84","0.38","2.97","0.53","3.38","0.75","(X)","(X)","613","107","416","85","66","54","131","66","(X)","(X)","21.4","9.4","28.8","12.1","0.0","39.2","8.4","12.1","(X)","(X)","19.4","8.9","21.4","10.3","45.5","50.7","0.0","24.5","(X)","(X)","59.2","11.2","49.8","13.1","54.5","50.7","91.6","12.1","(X)","(X)","1665","71","933","108","126","66","215","74","391","108","48.0","7.1","51.6","8.9","84.9","18.9","75.3","16.2","12.5","14.7","17.6","3.4","15.1","4.6","13.5","15.8","17.7","15.3","24.8","11.2","15.4","5.1","(X)","(X)","(X)","(X)","(X)","(X)","65.5","18.0","4.4","2.2","(X)","(X)","(X)","(X)","(X)","(X)","18.7","9.2","0.7","1.0","(X)","(X)","(X)","(X)","(X)","(X)","(X)","(X)","6.7","4.0","(X)","(X)","(X)","(X)","(X)","(X)","(X)","(X)","66.7","6.2","74.5","8.5","51.6","30.6","61.4","24.1","56.0","17.7","33.3","6.2","25.5","8.5","48.4","30.6","38.6","24.1","44.0","17.7","0.0","2.2","0.0","3.9","0.0","25.3","0.0","15.9","0.0","9.1","59.0","6.0","62.0","9.9","27.8","27.4","51.6","20.1","66.0","17.9","41.0","6.0","38.0","9.9","72.2","27.4","48.4","20.1","34.0","17.9",
"1400000US06111007903","Census Tract 79.03, Ventura County, California","1508","56","1074","95","66","53","115","62","253","84","2.93","0.15","3.26","0.17","4.32","1.70","2.86","0.52","1.18","0.18","1255","96","1074","95","66","53","115","62","(X)","(X)","3.26","0.16","3.26","0.17","4.02","1.56","2.82","0.52","(X)","(X)","554","79","466","84","23","34","65","59","(X)","(X)","31.9","13.0","38.0","15.3","0.0","66.4","0.0","39.5","(X)","(X)","28.9","14.0","23.2","13.1","100.0","66.4","44.6","51.0","(X)","(X)","39.2","12.0","38.8","12.8","0.0","66.4","55.4","51.0","(X)","(X)","1508","56","1074","95","66","53","115","62","253","84","38.5","4.9","44.3","6.7","53.0","40.7","60.9","34.8","0.0","13.7","27.7","4.8","22.4","5.1","36.4","43.1","33.0","31.6","45.5","18.9","14.2","5.2","(X)","(X)","(X)","(X)","(X)","(X)","84.6","15.2","5.6","3.0","(X)","(X)","(X)","(X)","(X)","(X)","33.6","17.4","0.3","0.6","(X)","(X)","(X)","(X)","(X)","(X)","(X)","(X)","2.5","2.4","(X)","(X)","(X)","(X)","(X)","(X)","(X)","(X)","100.0","2.5","100.0","3.4","100.0","39.2","100.0","27.2","100.0","13.7","0.0","2.5","0.0","3.4","0.0","39.2","0.0","27.2","0.0","13.7","0.0","2.5","0.0","3.4","0.0","39.2","0.0","27.2","0.0","13.7","89.1","5.1","93.0","3.8","65.2","42.7","74.8","32.6","85.4","12.3","10.9","5.1","7.0","3.8","34.8","42.7","25.2","32.6","14.6","12.3",
"1400000US06111007904","Census Tract 79.04, Ventura County, California","1712","50","1258","125","47","35","116","60","291","108","3.51","0.27","3.88","0.27","3.06","0.84","3.94","0.91","1.80","0.60","1421","109","1258","125","47","35","116","60","(X)","(X)","3.65","0.30","3.68","0.30","2.94","0.86","3.61","0.84","(X)","(X)","542","82","485","83","23","26","34","28","(X)","(X)","22.1","12.9","24.7","14.4","0.0","66.4","0.0","54.6","(X)","(X)","29.7","9.5","33.2","10.7","0.0","66.4","0.0","54.6","(X)","(X)","48.2","11.1","42.1","12.6","100.0","66.4","100.0","54.6","(X)","(X)","1712","50","1258","125","47","35","116","60","291","108","34.9","4.4","42.3","5.2","48.9","41.5","37.1","25.7","0.0","12.1","40.0","4.7","39.3","6.0","46.8","40.7","50.9","21.5","37.8","18.0","10.5","3.9","(X)","(X)","(X)","(X)","(X)","(X)","61.9","22.6","5.8","2.7","(X)","(X)","(X)","(X)","(X)","(X)","34.4","17.1","1.2","1.2","(X)","(X)","(X)","(X)","(X)","(X)","(X)","(X)","2.8","3.2","(X)","(X)","(X)","(X)","(X)","(X)","(X)","(X)","98.7","1.5","99.0","1.4","100.0","46.5","100.0","27.0","96.2","5.9","1.3","1.5","1.0","1.4","0.0","46.5","0.0","27.0","3.8","5.9","0.0","2.2","0.0","2.9","0.0","46.5","0.0","27.0","0.0","12.1","87.9","5.7","88.5","6.1","100.0","46.5","81.9","19.1","85.6","16.8","12.1","5.7","11.5","6.1","0.0","46.5","18.1","19.1","14.4","16.8",
"1400000US06111008001","Census Tract 80.01, Ventura County, California","905","68","441","83","133","60","150","58","181","68","3.50","0.30","4.07","0.44","4.19","0.78","3.51","0.47","1.59","0.38","724","82","441","83","133","60","150","58","(X)","(X)","3.40","0.27","3.68","0.33","2.97","0.58","2.99","0.52","(X)","(X)","268","68","141","54","59","41","68","46","(X)","(X)","31.0","15.8","41.8","24.3","20.3","29.5","17.6","24.9","(X)","(X)","25.0","16.7","0.0","23.1","42.4","31.8","61.8","38.6","(X)","(X)","44.0","16.1","58.2","24.3","37.3","31.4","20.6","30.4","(X)","(X)","905","68","441","83","133","60","150","58","181","68","38.3","7.1","48.3","10.6","44.4","20.8","50.0","24.0","0.0","18.6","35.2","7.0","35.1","9.0","32.3","23.1","34.0","19.5","38.7","24.4","12.0","6.8","(X)","(X)","(X)","(X)","(X)","(X)","60.2","23.7","5.9","5.0","(X)","(X)","(X)","(X)","(X)","(X)","29.3","22.8","0.0","4.1","(X)","(X)","(X)","(X)","(X)","(X)","(X)","(X)","11.8","5.7","(X)","(X)","(X)","(X)","(X)","(X)","(X)","(X)","89.6","4.6","98.2","2.6","89.5","15.1","66.7","22.1","87.8","11.0","10.4","4.6","1.8","2.6","10.5","15.1","33.3","22.1","12.2","11.0","0.0","4.1","0.0","8.1","0.0","24.2","0.0","21.9","0.0","18.6","80.4","7.4","86.2","8.4","55.6","21.6","66.7","22.8","96.1","5.8","19.6","7.4","13.8","8.4","44.4","21.6","33.3","22.8","3.9","5.8",
"1400000US06111008002","Census Tract 80.02, Ventura County, California","1465","74","849","87","103","65","237","89","276","92","3.23","0.24","3.86","0.32","3.50","0.74","3.15","0.40","1.26","0.19","1189","87","849","87","103","65","237","89","(X)","(X)","3.28","0.22","3.52","0.27","2.62","0.39","2.71","0.33","(X)","(X)","546","111","394","86","35","42","117","72","(X)","(X)","39.6","12.5","32.5","13.1","74.3","56.8","53.0","37.6","(X)","(X)","18.7","9.7","23.4","13.0","0.0","53.8","8.5","16.5","(X)","(X)","41.8","12.9","44.2","13.7","25.7","56.8","38.5","33.8","(X)","(X)","1465","74","849","87","103","65","237","89","276","92","40.6","7.3","50.5","10.1","34.0","33.0","55.3","20.8","0.0","12.7","20.8","4.6","19.0","7.1","15.5","17.4","20.3","16.8","29.0","18.6","14.9","6.0","(X)","(X)","(X)","(X)","(X)","(X)","79.0","17.4","3.3","2.4","(X)","(X)","(X)","(X)","(X)","(X)","17.8","13.7","0.0","2.5","(X)","(X)","(X)","(X)","(X)","(X)","(X)","(X)","9.1","6.3","(X)","(X)","(X)","(X)","(X)","(X)","(X)","(X)","84.9","6.1","95.1","3.5","82.5","26.1","48.1","23.1","86.2","16.6","15.1","6.1","4.9","3.5","17.5","26.1","51.9","23.1","13.8","16.6","0.0","2.5","0.0","4.3","0.0","29.6","0.0","14.6","0.0","12.7","63.9","6.9","76.0","8.9","36.9","27.5","31.6","19.6","64.5","20.9","36.1","6.9","24.0","8.9","63.1","27.5","68.4","19.6","35.5","20.9",
"1400000US06111008004","Census Tract 80.04, Ventura County, California","1324","96","856","113","124","63","105","70","239","85","3.87","0.33","3.88","0.37","8.40","1.66","3.37","0.50","1.73","0.27","1085","109","856","113","124","63","105","70","(X)","(X)","4.22","0.39","3.79","0.33","7.95","1.75","3.37","0.50","(X)","(X)","532","91","449","94","33","40","50","51","(X)","(X)","25.0","12.1","27.8","13.2","0.0","55.5","16.0","32.1","(X)","(X)","9.6","6.8","11.4","8.0","0.0","55.5","0.0","45.1","(X)","(X)","65.4","13.3","60.8","14.3","100.0","55.5","84.0","32.1","(X)","(X)","1324","96","856","113","124","63","105","70","239","85","47.2","6.2","54.8","8.3","85.5","15.9","47.6","34.2","0.0","14.5","30.4","6.7","28.0","8.2","48.4","33.8","44.8","34.6","23.4","18.8","7.7","3.6","(X)","(X)","(X)","(X)","(X)","(X)","42.7","22.0","3.3","2.7","(X)","(X)","(X)","(X)","(X)","(X)","18.4","15.5","0.0","2.8","(X)","(X)","(X)","(X)","(X)","(X)","(X)","(X)","11.2","6.4","(X)","(X)","(X)","(X)","(X)","(X)","(X)","(X)","97.8","2.1","98.6","2.1","91.9","16.2","100.0","29.2","97.1","5.1","2.2","2.1","1.4","2.1","8.1","16.2","0.0","29.2","2.9","5.1","0.0","2.8","0.0","4.3","0.0","25.6","0.0","29.2","0.0","14.5","76.1","7.8","84.5","8.6","52.4","31.6","38.1","33.5","75.3","21.8","23.9","7.8","15.5","8.6","47.6","31.6","61.9","33.5","24.7","21.8",
"1400000US06111008005","Census Tract 80.05, Ventura County, California","765","23","473","60","62","42","125","55","105","51","3.46","0.30","3.85","0.37","4.76","2.37","3.13","0.70","1.31","0.34","660","49","473","60","62","42","125","55","(X)","(X)","3.68","0.31","3.77","0.34","4.76","2.37","2.79","0.38","(X)","(X)","313","58","230","60","33","37","50","37","(X)","(X)","10.9","9.7","14.8","12.6","0.0","55.5","0.0","45.1","(X)","(X)","17.9","10.1","17.0","10.6","0.0","55.5","34.0","33.4","(X)","(X)","71.2","13.3","68.3","15.7","100.0","55.5","66.0","33.4","(X)","(X)","765","23","473","60","62","42","125","55","105","51","48.1","7.9","53.3","10.2","64.5","33.3","60.8","21.8","0.0","29.2","40.3","9.6","42.3","12.9","33.9","31.2","30.4","22.2","46.7","26.8","10.8","5.6","(X)","(X)","(X)","(X)","(X)","(X)","79.0","24.0","5.8","4.9","(X)","(X)","(X)","(X)","(X)","(X)","41.9","26.9","0.0","4.8","(X)","(X)","(X)","(X)","(X)","(X)","(X)","(X)","1.7","2.5","(X)","(X)","(X)","(X)","(X)","(X)","(X)","(X)","100.0","4.8","100.0","7.6","100.0","40.5","100.0","25.5","100.0","29.2","0.0","4.8","0.0","7.6","0.0","40.5","0.0","25.5","0.0","29.2","0.0","4.8","0.0","7.6","0.0","40.5","0.0","25.5","0.0","29.2","83.3","7.8","87.9","8.0","100.0","40.5","50.4","19.7","91.4","10.0","16.7","7.8","12.1","8.0","0.0","40.5","49.6","19.7","8.6","10.0",
"1400000US06111008101","Census Tract 81.01, Ventura County, California","1063","60","677","90","65","57","137","62","184","61","3.23","0.22","3.70","0.29","3.25","0.82","3.23","0.46","1.48","0.31","879","73","677","90","65","57","137","62","(X)","(X)","3.54","0.24","3.65","0.29","3.25","0.82","3.16","0.46","(X)","(X)","409","79","283","49","39","47","87","57","(X)","(X)","14.4","11.8","10.2","10.9","76.9","54.0","0.0","33.4","(X)","(X)","19.3","14.0","14.8","13.4","0.0","51.0","42.5","35.3","(X)","(X)","66.3","13.8","74.9","11.8","23.1","54.0","57.5","35.3","(X)","(X)","1063","60","677","90","65","57","137","62","184","61","42.8","6.4","44.5","7.1","90.8","20.2","63.5","22.7","4.3","6.5","33.4","8.5","32.9","9.6","40.0","47.8","22.6","19.1","40.8","17.6","12.2","5.0","(X)","(X)","(X)","(X)","(X)","(X)","70.7","16.4","4.5","3.0","(X)","(X)","(X)","(X)","(X)","(X)","26.1","15.4","0.0","3.5","(X)","(X)","(X)","(X)","(X)","(X)","(X)","(X)","2.0","2.2","(X)","(X)","(X)","(X)","(X)","(X)","(X)","(X)","90.4","3.1","91.4","4.7","100.0","39.5","100.0","23.6","76.1","13.4","8.7","3.0","7.2","4.7","0.0","39.5","0.0","23.6","23.9","13.4","0.8","1.3","1.3","2.1","0.0","39.5","0.0","23.6","0.0","18.3","75.4","7.9","75.9","7.5","86.2","26.8","78.8","27.6","67.4","19.5","24.6","7.9","24.1","7.5","13.8","26.8","21.2","27.6","32.6","19.5",
"1400000US06111008201","Census Tract 82.01, Ventura County, California","1407","62","751","117","115","84","183","66","358","93","3.05","0.23","3.54","0.30","3.83","0.87","3.82","0.50","1.36","0.21","1049","102","751","117","115","84","183","66","(X)","(X)","3.25","0.20","3.31","0.25","2.88","0.42","3.21","0.59","(X)","(X)","536","105","375","75","34","42","127","62","(X)","(X)","29.5","12.9","42.1","17.5","0.0","54.6","0.0","25.1","(X)","(X)","20.7","10.8","22.9","12.0","0.0","54.6","19.7","24.0","(X)","(X)","49.8","13.2","34.9","15.9","100.0","54.6","80.3","24.0","(X)","(X)","1407","62","751","117","115","84","183","66","358","93","44.7","7.3","51.3","8.6","57.4","36.9","89.6","13.1","3.9","5.9","35.3","7.3","30.5","9.6","46.1","36.3","25.7","16.5","46.6","12.7","19.8","5.9","(X)","(X)","(X)","(X)","(X)","(X)","77.7","11.5","8.7","3.5","(X)","(X)","(X)","(X)","(X)","(X)","34.1","11.4","1.4","1.6","(X)","(X)","(X)","(X)","(X)","(X)","(X)","(X)","7.6","4.6","(X)","(X)","(X)","(X)","(X)","(X)","(X)","(X)","87.1","4.2","94.9","5.7","100.0","27.2","90.2","15.3","64.8","12.2","12.2","4.1","5.1","5.7","0.0","27.2","9.8","15.3","32.4","12.0","0.7","1.2","0.0","4.9","0.0","27.2","0.0","18.4","2.8","4.5","79.5","6.0","89.6","7.8","92.2","14.3","69.9","24.0","59.2","12.6","20.5","6.0","10.4","7.8","7.8","14.3","30.1","24.0","40.8","12.6",
"1400000US06111008202","Census Tract 82.02, Ventura County, California","1437","47","817","111","47","35","272","91","301","97","3.03","0.22","3.37","0.29","3.68","1.00","3.08","0.33","1.98","0.52","1136","109","817","111","47","35","272","91","(X)","(X)","3.18","0.23","3.34","0.29","3.68","1.00","2.65","0.28","(X)","(X)","524","109","319","91","13","16","192","90","(X)","(X)","29.2","13.7","34.5","16.6","0.0","88.4","22.4","20.9","(X)","(X)","8.6","7.3","11.6","10.1","0.0","88.4","4.2","8.2","(X)","(X)","62.2","13.7","53.9","16.5","100.0","88.4","73.4","23.2","(X)","(X)","1437","47","817","111","47","35","272","91","301","97","41.2","7.9","42.7","8.9","44.7","38.0","76.1","18.2","5.0","6.6","29.6","5.9","35.7","8.6","42.6","35.1","22.4","18.2","17.6","12.3","9.7","5.1","(X)","(X)","(X)","(X)","(X)","(X)","46.5","20.3","1.6","2.5","(X)","(X)","(X)","(X)","(X)","(X)","7.6","11.4","0.0","2.6","(X)","(X)","(X)","(X)","(X)","(X)","(X)","(X)","8.8","5.2","(X)","(X)","(X)","(X)","(X)","(X)","(X)","(X)","90.7","4.5","97.2","3.8","83.0","28.7","77.6","16.2","86.4","12.8","9.3","4.5","2.8","3.8","17.0","28.7","22.4","16.2","13.6","12.8","0.0","2.6","0.0","4.5","0.0","46.5","0.0","12.9","0.0","11.7","77.8","5.6","86.5","7.9","100.0","46.5","48.5","21.4","77.1","14.5","22.2","5.6","13.5","7.9","0.0","46.5","51.5","21.4","22.9","14.5",
"1400000US06111008302","Census Tract 83.02, Ventura County, California","1980","59","1013","104","129","75","294","94","544","89","2.75","0.15","3.40","0.18","2.77","0.32","3.26","0.50","1.26","0.16","1436","102","1013","104","129","75","294","94","(X)","(X)","3.22","0.16","3.38","0.17","2.45","0.35","3.03","0.42","(X)","(X)","665","101","468","84","31","41","166","79","(X)","(X)","6.0","5.6","5.8","7.0","22.6","51.5","3.6","6.7","(X)","(X)","39.5","13.5","43.8","15.1","0.0","57.2","34.9","26.3","(X)","(X)","54.4","12.4","50.4","13.4","77.4","51.5","61.4","24.9","(X)","(X)","1980","59","1013","104","129","75","294","94","544","89","36.6","4.6","47.2","6.4","46.5","37.4","63.3","15.6","0.0","6.7","40.2","4.5","33.9","6.9","10.9","19.9","19.4","10.4","70.0","9.6","22.6","4.1","(X)","(X)","(X)","(X)","(X)","(X)","82.2","9.4","17.6","3.5","(X)","(X)","(X)","(X)","(X)","(X)","64.0","9.5","0.5","0.7","(X)","(X)","(X)","(X)","(X)","(X)","(X)","(X)","5.4","3.4","(X)","(X)","(X)","(X)","(X)","(X)","(X)","(X)","75.1","4.2","89.2","5.7","53.5","37.4","42.5","15.9","71.5","7.5","24.9","4.2","10.8","5.7","46.5","37.4","57.5","15.9","28.5","7.5","0.0","1.9","0.0","3.6","0.0","24.8","0.0","12.0","0.0","6.7","75.0","5.0","87.7","6.1","53.5","37.4","44.9","15.7","72.8","7.6","25.0","5.0","12.3","6.1","46.5","37.4","55.1","15.7","27.2","7.6",
"1400000US06111008303","Census Tract 83.03, Ventura County, California","1390","51","704","107","94","51","203","91","389","93","3.07","0.29","3.59","0.31","3.32","0.53","4.42","1.26","1.35","0.20","1001","103","704","107","94","51","203","91","(X)","(X)","3.65","0.33","3.58","0.31","2.99","0.22","4.17","1.07","(X)","(X)","534","93","350","76","62","46","122","72","(X)","(X)","10.7","7.0","16.3","10.8","0.0","40.5","0.0","26.0","(X)","(X)","15.0","9.3","18.0","12.2","0.0","40.5","13.9","19.5","(X)","(X)","74.3","11.4","65.7","16.0","100.0","40.5","86.1","19.5","(X)","(X)","1390","51","704","107","94","51","203","91","389","93","42.7","6.0","50.6","8.7","83.0","19.2","78.3","15.3","0.0","9.2","36.2","6.8","32.1","9.8","42.6","39.7","18.2","14.9","51.4","14.7","19.2","6.0","(X)","(X)","(X)","(X)","(X)","(X)","68.6","14.9","9.6","4.1","(X)","(X)","(X)","(X)","(X)","(X)","34.4","14.3","0.0","2.7","(X)","(X)","(X)","(X)","(X)","(X)","(X)","(X)","7.5","4.8","(X)","(X)","(X)","(X)","(X)","(X)","(X)","(X)","61.7","7.3","67.8","9.9","50.0","41.3","71.9","23.8","48.3","14.4","32.4","6.5","29.7","9.1","26.6","23.4","24.1","23.1","43.2","13.6","5.8","3.8","2.6","4.2","23.4","36.3","3.9","6.1","8.5","6.9","58.0","6.8","58.7","11.6","73.4","23.4","51.7","25.1","56.3","13.1","42.0","6.8","41.3","11.6","26.6","23.4","48.3","25.1","43.7","13.1",
"1400000US06111008304","Census Tract 83.04, Ventura County, California","2033","85","1105","121","37","33","181","68","710","152","2.65","0.16","3.21","0.15","2.73","0.57","3.71","0.85","1.52","0.29","1323","121","1105","121","37","33","181","68","(X)","(X)","3.22","0.16","3.21","0.15","2.73","0.57","3.41","0.79","(X)","(X)","684","100","575","99","37","33","72","51","(X)","(X)","28.9","13.3","32.0","14.8","37.8","49.7","0.0","37.5","(X)","(X)","12.9","7.8","10.8","8.0","0.0","52.4","36.1","31.7","(X)","(X)","58.2","13.5","57.2","14.5","62.2","49.7","63.9","31.7","(X)","(X)","2033","85","1105","121","37","33","181","68","710","152","36.3","6.2","52.0","7.7","100.0","52.4","39.8","22.8","7.6","11.4","30.5","4.7","29.6","7.6","0.0","52.4","28.7","16.1","34.1","11.8","23.6","6.2","(X)","(X)","(X)","(X)","(X)","(X)","67.6","15.2","8.6","3.5","(X)","(X)","(X)","(X)","(X)","(X)","24.5","9.6","0.0","1.8","(X)","(X)","(X)","(X)","(X)","(X)","(X)","(X)","9.6","5.1","(X)","(X)","(X)","(X)","(X)","(X)","(X)","(X)","70.3","6.3","86.2","5.5","100.0","52.4","65.7","19.8","45.2","14.6","10.6","4.7","1.7","2.4","0.0","52.4","7.7","11.8","25.8","12.0","19.0","3.9","12.0","5.7","0.0","52.4","26.5","17.6","29.0","9.4","78.7","7.3","86.1","7.7","62.2","49.7","77.3","14.3","68.3","14.8","21.3","7.3","13.9","7.7","37.8","49.7","22.7","14.3","31.7","14.8",
"1400000US06111008305","Census Tract 83.05, Ventura County, California","1228","29","984","94","0","13","123","78","121","50","3.07","0.14","3.27","0.15","-","**","3.41","0.86","1.15","0.17","1107","56","984","94","0","13","123","78","(X)","(X)","3.25","0.15","3.27","0.15","-","**","3.13","0.77","(X)","(X)","526","76","520","77","0","13","6","10","(X)","(X)","13.1","7.7","13.3","7.8","-","**","0.0","100.0","(X)","(X)","8.2","6.2","8.3","6.3","-","**","0.0","100.0","(X)","(X)","78.7","8.8","78.5","8.9","-","**","100.0","100.0","(X)","(X)","1228","29","984","94","0","13","123","78","121","50","42.8","6.0","52.8","7.3","-","**","4.9","8.5","0.0","26.1","35.3","6.9","35.0","8.1","-","**","0.0","25.8","73.6","17.5","8.5","4.1","(X)","(X)","(X)","(X)","(X)","(X)","86.0","16.3","3.1","2.4","(X)","(X)","(X)","(X)","(X)","(X)","31.4","23.9","1.5","1.7","(X)","(X)","(X)","(X)","(X)","(X)","(X)","(X)","2.6","2.5","(X)","(X)","(X)","(X)","(X)","(X)","(X)","(X)","100.0","3.0","100.0","3.7","-","**","100.0","25.8","100.0","26.1","0.0","3.0","0.0","3.7","-","**","0.0","25.8","0.0","26.1","0.0","3.0","0.0","3.7","-","**","0.0","25.8","0.0","26.1","97.3","2.4","98.3","2.1","-","**","87.0","20.3","100.0","26.1","2.7","2.4","1.7","2.1","-","**","13.0","20.3","0.0","26.1",
"1400000US06111008306","Census Tract 83.06, Ventura County, California","1472","70","717","108","82","56","291","120","382","92","2.57","0.19","3.16","0.30","3.04","0.79","2.60","0.34","1.35","0.26","1090","117","717","108","82","56","291","120","(X)","(X)","2.91","0.24","3.12","0.31","3.04","0.79","2.36","0.34","(X)","(X)","505","109","247","93","71","50","187","113","(X)","(X)","15.8","8.7","32.4","14.8","0.0","37.8","0.0","18.1","(X)","(X)","12.9","9.4","14.6","13.9","0.0","37.8","15.5","19.8","(X)","(X)","71.3","12.1","53.0","17.3","100.0","37.8","84.5","19.8","(X)","(X)","1472","70","717","108","82","56","291","120","382","92","34.3","6.6","34.4","9.5","86.6","18.8","64.3","20.1","0.0","9.3","26.8","4.7","31.2","7.4","0.0","34.7","15.1","12.5","33.0","11.4","20.0","4.8","(X)","(X)","(X)","(X)","(X)","(X)","77.0","12.9","5.8","2.8","(X)","(X)","(X)","(X)","(X)","(X)","22.3","10.2","0.8","1.4","(X)","(X)","(X)","(X)","(X)","(X)","(X)","(X)","7.3","4.8","(X)","(X)","(X)","(X)","(X)","(X)","(X)","(X)","53.7","4.8","77.8","8.7","70.7","30.6","10.3","9.7","38.0","10.9","46.3","4.8","22.2","8.7","29.3","30.6","89.7","9.7","62.0","10.9","0.0","2.5","0.0","5.1","0.0","34.7","0.0","12.1","0.0","9.3","51.2","5.5","67.6","9.7","70.7","30.6","5.5","6.7","50.8","11.6","48.8","5.5","32.4","9.7","29.3","30.6","94.5","6.7","49.2","11.6",
"1400000US06111008401","Census Tract 84.01, Ventura County, California","1890","64","937","129","136","76","243","98","574","107","2.85","0.15","3.53","0.24","3.66","0.62","3.58","0.59","1.23","0.11","1316","107","937","129","136","76","243","98","(X)","(X)","3.47","0.19","3.47","0.24","3.44","0.60","3.49","0.56","(X)","(X)","634","110","442","94","32","28","160","85","(X)","(X)","5.0","4.7","7.2","6.9","0.0","56.3","0.0","20.7","(X)","(X)","28.7","13.2","29.9","14.8","0.0","56.3","31.3","32.0","(X)","(X)","66.2","13.8","62.9","15.6","100.0","56.3","68.8","32.0","(X)","(X)","1890","64","937","129","136","76","243","98","574","107","38.5","6.0","48.3","8.5","63.2","28.3","77.4","15.0","0.0","6.3","43.0","6.0","37.0","7.4","37.5","23.8","50.2","25.5","50.9","12.6","25.5","4.9","(X)","(X)","(X)","(X)","(X)","(X)","84.0","7.2","12.1","3.2","(X)","(X)","(X)","(X)","(X)","(X)","39.9","10.5","0.5","0.9","(X)","(X)","(X)","(X)","(X)","(X)","(X)","(X)","2.4","2.4","(X)","(X)","(X)","(X)","(X)","(X)","(X)","(X)","75.1","5.0","85.5","6.4","82.4","18.6","65.8","20.5","60.3","10.5","23.3","4.6","14.5","6.4","17.6","18.6","21.4","15.2","39.7","10.5","1.6","2.6","0.0","3.9","0.0","23.8","12.8","18.5","0.0","6.3","67.2","5.5","80.3","7.6","57.4","25.0","48.6","20.0","56.1","12.7","32.8","5.5","19.7","7.6","42.6","25.0","51.4","20.0","43.9","12.7",
"1400000US06111008402","Census Tract 84.02, Ventura County, California","1612","71","1143","126","50","65","144","66","275","98","3.22","0.23","3.61","0.25","2.14","0.15","4.15","0.66","1.28","0.22","1337","94","1143","126","50","65","144","66","(X)","(X)","3.53","0.23","3.59","0.25","2.14","0.15","3.56","0.87","(X)","(X)","680","109","599","106","0","18","81","56","(X)","(X)","16.6","6.8","18.9","7.6","-","**","0.0","35.0","(X)","(X)","23.4","9.7","22.7","9.4","-","**","28.4","35.2","(X)","(X)","60.0","9.4","58.4","9.7","-","**","71.6","35.2","(X)","(X)","1612","71","1143","126","50","65","144","66","275","98","43.4","6.6","54.1","7.4","0.0","45.1","56.3","24.8","0.0","12.7","31.1","5.4","27.1","5.9","18.0","27.9","35.4","24.3","48.0","18.1","14.3","5.3","(X)","(X)","(X)","(X)","(X)","(X)","83.6","12.3","4.3","2.2","(X)","(X)","(X)","(X)","(X)","(X)","25.5","13.9","1.1","1.5","(X)","(X)","(X)","(X)","(X)","(X)","(X)","(X)","3.5","3.1","(X)","(X)","(X)","(X)","(X)","(X)","(X)","(X)","100.0","2.3","100.0","3.2","100.0","45.1","100.0","22.7","100.0","12.7","0.0","2.3","0.0","3.2","0.0","45.1","0.0","22.7","0.0","12.7","0.0","2.3","0.0","3.2","0.0","45.1","0.0","22.7","0.0","12.7","92.8","4.0","94.1","4.1","100.0","45.1","91.0","14.3","86.9","15.2","7.2","4.0","5.9","4.1","0.0","45.1","9.0","14.3","13.1","15.2",
"1400000US06111008500","Census Tract 85, Ventura County, California","2975","120","1984","184","86","67","263","119","642","168","2.83","0.15","3.36","0.19","3.28","1.64","2.71","0.40","1.16","0.13","2333","198","1984","184","86","67","263","119","(X)","(X)","3.24","0.18","3.34","0.19","2.97","1.28","2.54","0.41","(X)","(X)","1069","179","816","154","76","68","177","101","(X)","(X)","21.3","9.6","23.8","11.3","31.6","42.7","5.6","9.7","(X)","(X)","15.0","8.3","19.6","10.9","0.0","36.4","0.0","19.0","(X)","(X)","63.7","11.6","56.6","13.6","68.4","42.7","94.4","9.7","(X)","(X)","2975","120","1984","184","86","67","263","119","642","168","37.5","5.7","43.4","6.4","88.4","22.4","67.3","19.4","0.0","5.7","33.3","3.9","33.4","5.2","43.0","48.0","19.0","15.5","37.7","13.0","18.8","5.5","(X)","(X)","(X)","(X)","(X)","(X)","87.2","10.1","4.8","1.9","(X)","(X)","(X)","(X)","(X)","(X)","22.1","8.6","0.0","1.3","(X)","(X)","(X)","(X)","(X)","(X)","(X)","(X)","4.4","2.7","(X)","(X)","(X)","(X)","(X)","(X)","(X)","(X)","84.5","3.4","93.4","3.0","31.4","39.3","76.4","18.5","67.6","10.3","15.5","3.4","6.6","3.0","68.6","39.3","23.6","18.5","32.4","10.3","0.0","1.3","0.0","1.9","0.0","33.7","0.0","13.3","0.0","5.7","76.6","4.6","86.8","5.6","14.0","23.8","57.0","24.4","61.4","11.9","23.4","4.6","13.2","5.6","86.0","23.8","43.0","24.4","38.6","11.9",
"1400000US06111008600","Census Tract 86, Ventura County, California","2264","81","932","169","181","89","504","153","647","121","3.73","0.24","4.90","0.36","4.35","0.70","4.38","0.67","1.36","0.19","1617","142","932","169","181","89","504","153","(X)","(X)","4.43","0.30","4.78","0.36","3.70","0.81","4.06","0.72","(X)","(X)","1021","154","572","146","102","66","347","133","(X)","(X)","15.3","8.6","17.0","12.4","36.3","34.4","6.3","7.5","(X)","(X)","32.4","10.8","42.5","15.1","27.5","29.4","17.3","16.3","(X)","(X)","52.3","10.3","40.6","15.2","36.3","34.7","76.4","17.1","(X)","(X)","2264","81","932","169","181","89","504","153","647","121","53.1","6.1","66.0","9.7","69.1","22.5","91.7","5.2","0.0","5.6","28.7","4.8","24.5","8.0","13.3","12.9","5.2","3.7","57.5","11.2","21.1","4.8","(X)","(X)","(X)","(X)","(X)","(X)","73.9","11.1","11.2","3.9","(X)","(X)","(X)","(X)","(X)","(X)","39.1","12.4","0.0","1.6","(X)","(X)","(X)","(X)","(X)","(X)","(X)","(X)","7.9","3.8","(X)","(X)","(X)","(X)","(X)","(X)","(X)","(X)","38.5","6.4","47.0","9.5","33.7","26.1","39.9","18.4","26.6","9.8","61.5","6.4","53.0","9.5","66.3","26.1","60.1","18.4","73.4","9.8","0.0","1.6","0.0","3.9","0.0","18.6","0.0","7.2","0.0","5.6","25.6","5.4","38.5","9.5","7.7","10.0","13.9","10.9","21.0","9.3","74.4","5.4","61.5","9.5","92.3","10.0","86.1","10.9","79.0","9.3",
"1400000US06111008700","Census Tract 87, Ventura County, California","1837","77","803","119","133","86","361","134","540","119","3.34","0.33","4.42","0.54","3.42","0.46","4.17","0.92","1.15","0.11","1297","117","803","119","133","86","361","134","(X)","(X)","4.12","0.40","4.38","0.54","2.67","0.29","4.08","0.93","(X)","(X)","741","102","508","104","54","43","179","97","(X)","(X)","19.7","9.4","13.0","9.1","46.3","43.4","30.7","28.3","(X)","(X)","23.3","10.8","28.9","12.4","0.0","43.3","14.5","21.8","(X)","(X)","57.0","12.0","58.1","12.9","53.7","43.4","54.7","30.2","(X)","(X)","1837","77","803","119","133","86","361","134","540","119","46.5","6.4","68.5","7.8","40.6","21.7","69.5","16.0","0.0","6.7","33.6","5.6","21.9","7.1","51.1","24.6","23.3","15.7","53.7","14.0","25.5","5.9","(X)","(X)","(X)","(X)","(X)","(X)","86.7","9.8","11.5","3.9","(X)","(X)","(X)","(X)","(X)","(X)","39.3","13.2","0.0","2.0","(X)","(X)","(X)","(X)","(X)","(X)","(X)","(X)","5.5","3.5","(X)","(X)","(X)","(X)","(X)","(X)","(X)","(X)","66.0","5.5","83.4","7.8","70.7","23.1","52.9","18.4","47.8","11.3","34.0","5.5","16.6","7.8","29.3","23.1","47.1","18.4","52.2","11.3","0.0","2.0","0.0","4.6","0.0","24.2","0.0","9.9","0.0","6.7","37.3","5.9","54.3","9.9","12.8","13.4","18.3","13.1","30.7","11.6","62.7","5.9","45.7","9.9","87.2","13.4","81.7","13.1","69.3","11.6",
"1400000US06111008800","Census Tract 88, Ventura County, California","1332","92","814","111","137","96","137","67","244","89","3.62","0.35","4.24","0.42","3.03","0.72","4.65","0.96","1.31","0.30","1088","101","814","111","137","96","137","67","(X)","(X)","3.99","0.35","4.10","0.41","2.93","0.71","4.39","0.95","(X)","(X)","461","82","343","92","44","60","74","55","(X)","(X)","1.5","2.7","2.0","3.7","0.0","48.0","0.0","36.9","(X)","(X)","43.4","19.1","50.4","19.0","0.0","48.0","36.5","58.0","(X)","(X)","55.1","18.6","47.5","19.0","100.0","48.0","63.5","58.0","(X)","(X)","1332","92","814","111","137","96","137","67","244","89","43.7","6.9","51.0","9.3","32.1","37.0","80.3","17.2","5.3","8.6","43.8","6.5","38.2","8.8","42.3","34.1","51.1","25.1","59.4","19.9","14.5","5.4","(X)","(X)","(X)","(X)","(X)","(X)","79.1","18.8","7.0","4.5","(X)","(X)","(X)","(X)","(X)","(X)","38.1","20.5","0.0","2.8","(X)","(X)","(X)","(X)","(X)","(X)","(X)","(X)","4.4","3.8","(X)","(X)","(X)","(X)","(X)","(X)","(X)","(X)","95.0","3.3","93.1","5.1","100.0","23.6","100.0","23.6","95.9","6.5","5.0","3.3","6.9","5.1","0.0","23.6","0.0","23.6","4.1","6.5","0.0","2.8","0.0","4.5","0.0","23.6","0.0","23.6","0.0","14.2","83.8","8.1","87.6","7.1","74.5","32.7","80.3","29.6","78.3","19.0","16.2","8.1","12.4","7.1","25.5","32.7","19.7","29.6","21.7","19.0",
"1400000US06111008900","Census Tract 89, Ventura County, California","767","25","526","69","67","40","112","55","62","49","4.72","0.51","5.28","0.64","4.22","1.43","4.29","1.24","1.23","0.36","705","56","526","69","67","40","112","55","(X)","(X)","4.73","0.46","5.03","0.50","3.37","0.78","4.13","1.25","(X)","(X)","407","85","339","88","50","37","18","18","(X)","(X)","7.9","6.6","8.6","7.6","6.0","16.2","0.0","75.1","(X)","(X)","37.1","15.1","35.4","16.4","34.0","36.0","77.8","35.7","(X)","(X)","55.0","16.5","56.0","17.8","60.0","37.0","22.2","35.7","(X)","(X)","767","25","526","69","67","40","112","55","62","49","70.9","8.4","82.5","7.6","74.6","28.5","48.2","23.0","9.7","16.7","34.9","9.2","28.9","12.0","25.4","28.5","38.4","25.0","90.3","16.7","7.3","6.2","(X)","(X)","(X)","(X)","(X)","(X)","90.3","16.7","7.3","6.2","(X)","(X)","(X)","(X)","(X)","(X)","90.3","16.7","0.0","4.8","(X)","(X)","(X)","(X)","(X)","(X)","(X)","(X)","4.3","3.5","(X)","(X)","(X)","(X)","(X)","(X)","(X)","(X)","98.6","2.3","97.9","3.4","100.0","38.9","100.0","27.8","100.0","40.5","1.4","2.3","2.1","3.4","0.0","38.9","0.0","27.8","0.0","40.5","0.0","4.8","0.0","6.9","0.0","38.9","0.0","27.8","0.0","40.5","91.7","4.9","91.6","6.1","100.0","38.9","82.1","18.2","100.0","40.5","8.3","4.9","8.4","6.1","0.0","38.9","17.9","18.2","0.0","40.5",
"1400000US06111009100","Census Tract 91, Ventura County, California","1186","61","524","91","157","69","267","91","238","92","3.86","0.30","4.96","0.38","4.16","1.45","3.67","0.42","1.47","0.71","948","100","524","91","157","69","267","91","(X)","(X)","4.22","0.24","4.88","0.32","3.17","0.53","3.55","0.40","(X)","(X)","537","97","361","88","62","54","114","71","(X)","(X)","7.1","7.8","3.6","5.3","40.3","51.0","0.0","27.4","(X)","(X)","11.4","7.8","8.0","7.2","0.0","40.5","28.1","28.7","(X)","(X)","81.6","10.2","88.4","9.1","59.7","51.0","71.9","28.7","(X)","(X)","1186","61","524","91","157","69","267","91","238","92","56.1","7.3","74.4","10.1","39.5","28.3","72.7","16.6","8.0","12.2","39.0","6.7","24.6","10.9","34.4","22.7","43.8","15.9","68.5","21.2","18.5","7.2","(X)","(X)","(X)","(X)","(X)","(X)","92.0","12.2","10.1","4.3","(X)","(X)","(X)","(X)","(X)","(X)","50.4","20.1","2.1","2.9","(X)","(X)","(X)","(X)","(X)","(X)","(X)","(X)","5.8","4.8","(X)","(X)","(X)","(X)","(X)","(X)","(X)","(X)","58.7","8.7","66.8","12.3","100.0","21.1","34.8","18.2","40.3","18.8","26.2","7.3","27.1","11.4","0.0","21.1","33.3","17.8","33.6","18.6","15.1","4.6","6.1","5.2","0.0","21.1","31.8","14.0","26.1","14.9","28.0","6.1","33.0","10.9","21.0","17.0","16.5","10.3","34.5","19.5","72.0","6.1","67.0","10.9","79.0","17.0","83.5","10.3","65.5","19.5",
"1400000US06111980000","Census Tract 9800, Ventura County, California","0","13","0","13","0","13","0","13","0","13","-","**","-","**","-","**","-","**","-","**","0","13","0","13","0","13","0","13","(X)","(X)","-","**","-","**","-","**","-","**","(X)","(X)","0","13","0","13","0","13","0","13","(X)","(X)","-","**","-","**","-","**","-","**","(X)","(X)","-","**","-","**","-","**","-","**","(X)","(X)","-","**","-","**","-","**","-","**","(X)","(X)","0","13","0","13","0","13","0","13","0","13","-","**","-","**","-","**","-","**","-","**","-","**","-","**","-","**","-","**","-","**","-","**","(X)","(X)","(X)","(X)","(X)","(X)","-","**","-","**","(X)","(X)","(X)","(X)","(X)","(X)","-","**","-","**","(X)","(X)","(X)","(X)","(X)","(X)","(X)","(X)","-","**","(X)","(X)","(X)","(X)","(X)","(X)","(X)","(X)","-","**","-","**","-","**","-","**","-","**","-","**","-","**","-","**","-","**","-","**","-","**","-","**","-","**","-","**","-","**","-","**","-","**","-","**","-","**","-","**","-","**","-","**","-","**","-","**","-","**",
"1400000US06111990100","Census Tract 9901, Ventura County, California","0","13","0","13","0","13","0","13","0","13","-","**","-","**","-","**","-","**","-","**","0","13","0","13","0","13","0","13","(X)","(X)","-","**","-","**","-","**","-","**","(X)","(X)","0","13","0","13","0","13","0","13","(X)","(X)","-","**","-","**","-","**","-","**","(X)","(X)","-","**","-","**","-","**","-","**","(X)","(X)","-","**","-","**","-","**","-","**","(X)","(X)","0","13","0","13","0","13","0","13","0","13","-","**","-","**","-","**","-","**","-","**","-","**","-","**","-","**","-","**","-","**","-","**","(X)","(X)","(X)","(X)","(X)","(X)","-","**","-","**","(X)","(X)","(X)","(X)","(X)","(X)","-","**","-","**","(X)","(X)","(X)","(X)","(X)","(X)","(X)","(X)","-","**","(X)","(X)","(X)","(X)","(X)","(X)","(X)","(X)","-","**","-","**","-","**","-","**","-","**","-","**","-","**","-","**","-","**","-","**","-","**","-","**","-","**","-","**","-","**","-","**","-","**","-","**","-","**","-","**","-","**","-","**","-","**","-","**","-","**",
