"GEO_ID","NAME","S1101_C01_001E","S1101_C01_001M","S1101_C01_002E","S1101_C01_002M","S1101_C01_003E","S1101_C01_003M","S1101_C01_004E","S1101_C01_004M","S1101_C01_005E","S1101_C01_005M","S1101_C01_006E","S1101_C01_006M","S1101_C01_007E","S1101_C01_007M","S1101_C01_008E","S1101_C01_008M","S1101_C01_009E","S1101_C01_009M","S1101_C01_010E","S1101_C01_010M","S1101_C01_011E","S1101_C01_011M","S1101_C01_012E","S1101_C01_012M","S1101_C01_013E","S1101_C01_013M","S1101_C01_014E","S1101_C01_014M","S1101_C01_015E","S1101_C01_015M","S1101_C01_016E","S1101_C01_016M","S1101_C01_017E","S1101_C01_017M","S1101_C01_018E","S1101_C01_018M","S1101_C02_001E","S1101_C02_001M","S1101_C02_002E","S1101_C02_002M","S1101_C02_003E","S1101_C02_003M","S1101_C02_004E","S1101_C02_004M","S1101_C02_005E","S1101_C02_005M","S1101_C02_006E","S1101_C02_006M","S1101_C02_007E","S1101_C02_007M","S1101_C02_008E","S1101_C02_008M","S1101_C02_009E","S1101_C02_009M","S1101_C02_010E","S1101_C02_010M","S1101_C02_011E","S1101_C02_011M","S1101_C02_012E","S1101_C02_012M","S1101_C02_013E","S1101_C02_013M","S1101_C02_014E","S1101_C02_014M","S1101_C02_015E","S1101_C02_015M","S1101_C02_016E","S1101_C02_016M","S1101_C02_017E","S1101_C02_017M","S1101_C02_018E","S1101_C02_018M","S1101_C03_001E","S1101_C03_001M","S1101_C03_002E","S1101_C03_002M","S1101_C03_003E","S1101_C03_003M","S1101_C03_004E","S1101_C03_004M","S1101_C03_005E","S1101_C03_005M","S1101_C03_006E","S1101_C03_006M","S1101_C03_007E","S1101_C03_007M","S1101_C03_008E","S1101_C03_008M","S1101_C03_009E","S1101_C03_009M","S1101_C03_010E","S1101_C03_010M","S1101_C03_011E","S1101_C03_011M","S1101_C03_012E","S1101_C03_012M","S1101_C03_013E","S1101_C03_013M","S1101_C03_014E","S1101_C03_014M","S1101_C03_015E","S1101_C03_015M","S1101_C03_016E","S1101_C03_016M","S1101_C03_017E","S1101_C03_017M","S1101_C03_018E","S1101_C03_018M","S1101_C04_001E","S1101_C04_001M","S1101_C04_002E","S1101_C04_002M","S1101_C04_003E","S1101_C04_003M","S1101_C04_004E","S1101_C04_004M","S1101_C04_005E","S1101_C04_005M","S1101_C04_006E","S1101_C04_006M","S1101_C04_007E","S1101_C04_007M","S1101_C04_008E","S1101_C04_008M","S1101_C04_009E","S1101_C04_009M","S1101_C04_010E","S1101_C04_010M","S1101_C04_011E","S1101_C04_011M","S1101_C04_012E","S1101_C04_012M","S1101_C04_013E","S1101_C04_013M","S1101_C04_014E","S1101_C04_014M","S1101_C04_015E","S1101_C04_015M","S1101_C04_016E","S1101_C04_016M","S1101_C04_017E","S1101_C04_017M","S1101_C04_018E","S1101_C04_018M","S1101_C05_001E","S1101_C05_001M","S1101_C05_002E","S1101_C05_002M","S1101_C05_003E","S1101_C05_003M","S1101_C05_004E","S1101_C05_004M","S1101_C05_005E","S1101_C05_005M","S1101_C05_006E","S1101_C05_006M","S1101_C05_007E","S1101_C05_007M","S1101_C05_008E","S1101_C05_008M","S1101_C05_009E","S1101_C05_009M","S1101_C05_010E","S1101_C05_010M","S1101_C05_011E","S1101_C05_011M","S1101_C05_012E","S1101_C05_012M","S1101_C05_013E","S1101_C05_013M","S1101_C05_014E","S1101_C05_014M","S1101_C05_015E","S1101_C05_015M","S1101_C05_016E","S1101_C05_016M","S1101_C05_017E","S1101_C05_017M","S1101_C05_018E","S1101_C05_018M",
"Geography","Geographic Area Name","Estimate!!Total!!HOUSEHOLDS!!Total households","Margin of Error!!Total!!HOUSEHOLDS!!Total households","Estimate!!Total!!HOUSEHOLDS!!Average household size","Margin of Error!!Total!!HOUSEHOLDS!!Average household size","Estimate!!Total!!FAMILIES!!Total families","Margin of Error!!Total!!FAMILIES!!Total families","Estimate!!Total!!FAMILIES!!Average family size","Margin of Error!!Total!!FAMILIES!!Average family size","Estimate!!Total!!AGE OF OWN CHILDREN!!Households with own children of the householder under 18 years","Margin of Error!!Total!!AGE OF OWN CHILDREN!!Households with own children of the householder under 18 years","Estimate!!Total!!AGE OF OWN CHILDREN!!Households with own children of the householder under 18 years!!Under 6 years only","Margin of Error!!Total!!AGE OF OWN CHILDREN!!Households with own children of the householder under 18 years!!Under 6 years only","Estimate!!Total!!AGE OF OWN CHILDREN!!Households with own children of the householder under 18 years!!Under 6 years and 6 to 17 years","Margin of Error!!Total!!AGE OF OWN CHILDREN!!Households with own children of the householder under 18 years!!Under 6 years and 6 to 17 years","Estimate!!Total!!AGE OF OWN CHILDREN!!Households with own children of the householder under 18 years!!6 to 17 years only","Margin of Error!!Total!!AGE OF OWN CHILDREN!!Households with own children of the householder under 18 years!!6 to 17 years only","Estimate!!Total!!Total households","Margin of Error!!Total!!Total households","Estimate!!Total!!Total households!!SELECTED HOUSEHOLDS BY TYPE!!Households with one or more people under 18 years","Margin of Error!!Total!!Total households!!SELECTED HOUSEHOLDS BY TYPE!!Households with one or more people under 18 years","Estimate!!Total!!Total households!!SELECTED HOUSEHOLDS BY TYPE!!Households with one or more people 60 years and over","Margin of Error!!Total!!Total households!!SELECTED HOUSEHOLDS BY TYPE!!Households with one or more people 60 years and over","Estimate!!Total!!Total households!!SELECTED HOUSEHOLDS BY TYPE!!Householder living alone","Margin of Error!!Total!!Total households!!SELECTED HOUSEHOLDS BY TYPE!!Householder living alone","Estimate!!Total!!Total households!!SELECTED HOUSEHOLDS BY TYPE!!Householder living alone!!65 years and over","Margin of Error!!Total!!Total households!!SELECTED HOUSEHOLDS BY TYPE!!Householder living alone!!65 years and over","Estimate!!Total!!Total households!!UNITS IN STRUCTURE!!1-unit structures","Margin of Error!!Total!!Total households!!UNITS IN STRUCTURE!!1-unit structures","Estimate!!Total!!Total households!!UNITS IN STRUCTURE!!2-or-more-unit structures","Margin of Error!!Total!!Total households!!UNITS IN STRUCTURE!!2-or-more-unit structures","Estimate!!Total!!Total households!!UNITS IN STRUCTURE!!Mobile homes and all other types of units","Margin of Error!!Total!!Total households!!UNITS IN STRUCTURE!!Mobile homes and all other types of units","Estimate!!Total!!Total households!!HOUSING TENURE!!Owner-occupied housing units","Margin of Error!!Total!!Total households!!HOUSING TENURE!!Owner-occupied housing units","Estimate!!Total!!Total households!!HOUSING TENURE!!Renter-occupied housing units","Margin of Error!!Total!!Total households!!HOUSING TENURE!!Renter-occupied housing units","Estimate!!Married-couple family household!!HOUSEHOLDS!!Total households","Margin of Error!!Married-couple family household!!HOUSEHOLDS!!Total households","Estimate!!Married-couple family household!!HOUSEHOLDS!!Average household size","Margin of Error!!Married-couple family household!!HOUSEHOLDS!!Average household size","Estimate!!Married-couple family household!!FAMILIES!!Total families","Margin of Error!!Married-couple family household!!FAMILIES!!Total families","Estimate!!Married-couple family household!!FAMILIES!!Average family size","Margin of Error!!Married-couple family household!!FAMILIES!!Average family size","Estimate!!Married-couple family household!!AGE OF OWN CHILDREN!!Households with own children of the householder under 18 years","Margin of Error!!Married-couple family household!!AGE OF OWN CHILDREN!!Households with own children of the householder under 18 years","Estimate!!Married-couple family household!!AGE OF OWN CHILDREN!!Households with own children of the householder under 18 years!!Under 6 years only","Margin of Error!!Married-couple family household!!AGE OF OWN CHILDREN!!Households with own children of the householder under 18 years!!Under 6 years only","Estimate!!Married-couple family household!!AGE OF OWN CHILDREN!!Households with own children of the householder under 18 years!!Under 6 years and 6 to 17 years","Margin of Error!!Married-couple family household!!AGE OF OWN CHILDREN!!Households with own children of the householder under 18 years!!Under 6 years and 6 to 17 years","Estimate!!Married-couple family household!!AGE OF OWN CHILDREN!!Households with own children of the householder under 18 years!!6 to 17 years only","Margin of Error!!Married-couple family household!!AGE OF OWN CHILDREN!!Households with own children of the householder under 18 years!!6 to 17 years only","Estimate!!Married-couple family household!!Total households","Margin of Error!!Married-couple family household!!Total households","Estimate!!Married-couple family household!!Total households!!SELECTED HOUSEHOLDS BY TYPE!!Households with one or more people under 18 years","Margin of Error!!Married-couple family household!!Total households!!SELECTED HOUSEHOLDS BY TYPE!!Households with one or more people under 18 years","Estimate!!Married-couple family household!!Total households!!SELECTED HOUSEHOLDS BY TYPE!!Households with one or more people 60 years and over","Margin of Error!!Married-couple family household!!Total households!!SELECTED HOUSEHOLDS BY TYPE!!Households with one or more people 60 years and over","Estimate!!Married-couple family household!!Total households!!SELECTED HOUSEHOLDS BY TYPE!!Householder living alone","Margin of Error!!Married-couple family household!!Total households!!SELECTED HOUSEHOLDS BY TYPE!!Householder living alone","Estimate!!Married-couple family household!!Total households!!SELECTED HOUSEHOLDS BY TYPE!!Householder living alone!!65 years and over","Margin of Error!!Married-couple family household!!Total households!!SELECTED HOUSEHOLDS BY TYPE!!Householder living alone!!65 years and over","Estimate!!Married-couple family household!!Total households!!UNITS IN STRUCTURE!!1-unit structures","Margin of Error!!Married-couple family household!!Total households!!UNITS IN STRUCTURE!!1-unit structures","Estimate!!Married-couple family household!!Total households!!UNITS IN STRUCTURE!!2-or-more-unit structures","Margin of Error!!Married-couple family household!!Total households!!UNITS IN STRUCTURE!!2-or-more-unit structures","Estimate!!Married-couple family household!!Total households!!UNITS IN STRUCTURE!!Mobile homes and all other types of units","Margin of Error!!Married-couple family household!!Total households!!UNITS IN STRUCTURE!!Mobile homes and all other types of units","Estimate!!Married-couple family household!!Total households!!HOUSING TENURE!!Owner-occupied housing units","Margin of Error!!Married-couple family household!!Total households!!HOUSING TENURE!!Owner-occupied housing units","Estimate!!Married-couple family household!!Total households!!HOUSING TENURE!!Renter-occupied housing units","Margin of Error!!Married-couple family household!!Total households!!HOUSING TENURE!!Renter-occupied housing units","Estimate!!Male householder, no spouse present, family household!!HOUSEHOLDS!!Total households","Margin of Error!!Male householder, no spouse present, family household!!HOUSEHOLDS!!Total households","Estimate!!Male householder, no spouse present, family household!!HOUSEHOLDS!!Average household size","Margin of Error!!Male householder, no spouse present, family household!!HOUSEHOLDS!!Average household size","Estimate!!Male householder, no spouse present, family household!!FAMILIES!!Total families","Margin of Error!!Male householder, no spouse present, family household!!FAMILIES!!Total families","Estimate!!Male householder, no spouse present, family household!!FAMILIES!!Average family size","Margin of Error!!Male householder, no spouse present, family household!!FAMILIES!!Average family size","Estimate!!Male householder, no spouse present, family household!!AGE OF OWN CHILDREN!!Households with own children of the householder under 18 years","Margin of Error!!Male householder, no spouse present, family household!!AGE OF OWN CHILDREN!!Households with own children of the householder under 18 years","Estimate!!Male householder, no spouse present, family household!!AGE OF OWN CHILDREN!!Households with own children of the householder under 18 years!!Under 6 years only","Margin of Error!!Male householder, no spouse present, family household!!AGE OF OWN CHILDREN!!Households with own children of the householder under 18 years!!Under 6 years only","Estimate!!Male householder, no spouse present, family household!!AGE OF OWN CHILDREN!!Households with own children of the householder under 18 years!!Under 6 years and 6 to 17 years","Margin of Error!!Male householder, no spouse present, family household!!AGE OF OWN CHILDREN!!Households with own children of the householder under 18 years!!Under 6 years and 6 to 17 years","Estimate!!Male householder, no spouse present, family household!!AGE OF OWN CHILDREN!!Households with own children of the householder under 18 years!!6 to 17 years only","Margin of Error!!Male householder, no spouse present, family household!!AGE OF OWN CHILDREN!!Households with own children of the householder under 18 years!!6 to 17 years only","Estimate!!Male householder, no spouse present, family household!!Total households","Margin of Error!!Male householder, no spouse present, family household!!Total households","Estimate!!Male householder, no spouse present, family household!!Total households!!SELECTED HOUSEHOLDS BY TYPE!!Households with one or more people under 18 years","Margin of Error!!Male householder, no spouse present, family household!!Total households!!SELECTED HOUSEHOLDS BY TYPE!!Households with one or more people under 18 years","Estimate!!Male householder, no spouse present, family household!!Total households!!SELECTED HOUSEHOLDS BY TYPE!!Households with one or more people 60 years and over","Margin of Error!!Male householder, no spouse present, family household!!Total households!!SELECTED HOUSEHOLDS BY TYPE!!Households with one or more people 60 years and over","Estimate!!Male householder, no spouse present, family household!!Total households!!SELECTED HOUSEHOLDS BY TYPE!!Householder living alone","Margin of Error!!Male householder, no spouse present, family household!!Total households!!SELECTED HOUSEHOLDS BY TYPE!!Householder living alone","Estimate!!Male householder, no spouse present, family household!!Total households!!SELECTED HOUSEHOLDS BY TYPE!!Householder living alone!!65 years and over","Margin of Error!!Male householder, no spouse present, family household!!Total households!!SELECTED HOUSEHOLDS BY TYPE!!Householder living alone!!65 years and over","Estimate!!Male householder, no spouse present, family household!!Total households!!UNITS IN STRUCTURE!!1-unit structures","Margin of Error!!Male householder, no spouse present, family household!!Total households!!UNITS IN STRUCTURE!!1-unit structures","Estimate!!Male householder, no spouse present, family household!!Total households!!UNITS IN STRUCTURE!!2-or-more-unit structures","Margin of Error!!Male householder, no spouse present, family household!!Total households!!UNITS IN STRUCTURE!!2-or-more-unit structures","Estimate!!Male householder, no spouse present, family household!!Total households!!UNITS IN STRUCTURE!!Mobile homes and all other types of units","Margin of Error!!Male householder, no spouse present, family household!!Total households!!UNITS IN STRUCTURE!!Mobile homes and all other types of units","Estimate!!Male householder, no spouse present, family household!!Total households!!HOUSING TENURE!!Owner-occupied housing units","Margin of Error!!Male householder, no spouse present, family household!!Total households!!HOUSING TENURE!!Owner-occupied housing units","Estimate!!Male householder, no spouse present, family household!!Total households!!HOUSING TENURE!!Renter-occupied housing units","Margin of Error!!Male householder, no spouse present, family household!!Total households!!HOUSING TENURE!!Renter-occupied housing units","Estimate!!Female householder, no spouse present, family household!!HOUSEHOLDS!!Total households","Margin of Error!!Female householder, no spouse present, family household!!HOUSEHOLDS!!Total households","Estimate!!Female householder, no spouse present, family household!!HOUSEHOLDS!!Average household size","Margin of Error!!Female householder, no spouse present, family household!!HOUSEHOLDS!!Average household size","Estimate!!Female householder, no spouse present, family household!!FAMILIES!!Total families","Margin of Error!!Female householder, no spouse present, family household!!FAMILIES!!Total families","Estimate!!Female householder, no spouse present, family household!!FAMILIES!!Average family size","Margin of Error!!Female householder, no spouse present, family household!!FAMILIES!!Average family size","Estimate!!Female householder, no spouse present, family household!!AGE OF OWN CHILDREN!!Households with own children of the householder under 18 years","Margin of Error!!Female householder, no spouse present, family household!!AGE OF OWN CHILDREN!!Households with own children of the householder under 18 years","Estimate!!Female householder, no spouse present, family household!!AGE OF OWN CHILDREN!!Households with own children of the householder under 18 years!!Under 6 years only","Margin of Error!!Female householder, no spouse present, family household!!AGE OF OWN CHILDREN!!Households with own children of the householder under 18 years!!Under 6 years only","Estimate!!Female householder, no spouse present, family household!!AGE OF OWN CHILDREN!!Households with own children of the householder under 18 years!!Under 6 years and 6 to 17 years","Margin of Error!!Female householder, no spouse present, family household!!AGE OF OWN CHILDREN!!Households with own children of the householder under 18 years!!Under 6 years and 6 to 17 years","Estimate!!Female householder, no spouse present, family household!!AGE OF OWN CHILDREN!!Households with own children of the householder under 18 years!!6 to 17 years only","Margin of Error!!Female householder, no spouse present, family household!!AGE OF OWN CHILDREN!!Households with own children of the householder under 18 years!!6 to 17 years only","Estimate!!Female householder, no spouse present, family household!!Total households","Margin of Error!!Female householder, no spouse present, family household!!Total households","Estimate!!Female householder, no spouse present, family household!!Total households!!SELECTED HOUSEHOLDS BY TYPE!!Households with one or more people under 18 years","Margin of Error!!Female householder, no spouse present, family household!!Total households!!SELECTED HOUSEHOLDS BY TYPE!!Households with one or more people under 18 years","Estimate!!Female householder, no spouse present, family household!!Total households!!SELECTED HOUSEHOLDS BY TYPE!!Households with one or more people 60 years and over","Margin of Error!!Female householder, no spouse present, family household!!Total households!!SELECTED HOUSEHOLDS BY TYPE!!Households with one or more people 60 years and over","Estimate!!Female householder, no spouse present, family household!!Total households!!SELECTED HOUSEHOLDS BY TYPE!!Householder living alone","Margin of Error!!Female householder, no spouse present, family household!!Total households!!SELECTED HOUSEHOLDS BY TYPE!!Householder living alone","Estimate!!Female householder, no spouse present, family household!!Total households!!SELECTED HOUSEHOLDS BY TYPE!!Householder living alone!!65 years and over","Margin of Error!!Female householder, no spouse present, family household!!Total households!!SELECTED HOUSEHOLDS BY TYPE!!Householder living alone!!65 years and over","Estimate!!Female householder, no spouse present, family household!!Total households!!UNITS IN STRUCTURE!!1-unit structures","Margin of Error!!Female householder, no spouse present, family household!!Total households!!UNITS IN STRUCTURE!!1-unit structures","Estimate!!Female householder, no spouse present, family household!!Total households!!UNITS IN STRUCTURE!!2-or-more-unit structures","Margin of Error!!Female householder, no spouse present, family household!!Total households!!UNITS IN STRUCTURE!!2-or-more-unit structures","Estimate!!Female householder, no spouse present, family household!!Total households!!UNITS IN STRUCTURE!!Mobile homes and all other types of units","Margin of Error!!Female householder, no spouse present, family household!!Total households!!UNITS IN STRUCTURE!!Mobile homes and all other types of units","Estimate!!Female householder, no spouse present, family household!!Total households!!HOUSING TENURE!!Owner-occupied housing units","Margin of Error!!Female householder, no spouse present, family household!!Total households!!HOUSING TENURE!!Owner-occupied housing units","Estimate!!Female householder, no spouse present, family household!!Total households!!HOUSING TENURE!!Renter-occupied housing units","Margin of Error!!Female householder, no spouse present, family household!!Total households!!HOUSING TENURE!!Renter-occupied housing units","Estimate!!Nonfamily household!!HOUSEHOLDS!!Total households","Margin of Error!!Nonfamily household!!HOUSEHOLDS!!Total households","Estimate!!Nonfamily household!!HOUSEHOLDS!!Average household size","Margin of Error!!Nonfamily household!!HOUSEHOLDS!!Average household size","Estimate!!Nonfamily household!!FAMILIES!!Total families","Margin of Error!!Nonfamily household!!FAMILIES!!Total families","Estimate!!Nonfamily household!!FAMILIES!!Average family size","Margin of Error!!Nonfamily household!!FAMILIES!!Average family size","Estimate!!Nonfamily household!!AGE OF OWN CHILDREN!!Households with own children of the householder under 18 years","Margin of Error!!Nonfamily household!!AGE OF OWN CHILDREN!!Households with own children of the householder under 18 years","Estimate!!Nonfamily household!!AGE OF OWN CHILDREN!!Households with own children of the householder under 18 years!!Under 6 years only","Margin of Error!!Nonfamily household!!AGE OF OWN CHILDREN!!Households with own children of the householder under 18 years!!Under 6 years only","Estimate!!Nonfamily household!!AGE OF OWN CHILDREN!!Households with own children of the householder under 18 years!!Under 6 years and 6 to 17 years","Margin of Error!!Nonfamily household!!AGE OF OWN CHILDREN!!Households with own children of the householder under 18 years!!Under 6 years and 6 to 17 years","Estimate!!Nonfamily household!!AGE OF OWN CHILDREN!!Households with own children of the householder under 18 years!!6 to 17 years only","Margin of Error!!Nonfamily household!!AGE OF OWN CHILDREN!!Households with own children of the householder under 18 years!!6 to 17 years only","Estimate!!Nonfamily household!!Total households","Margin of Error!!Nonfamily household!!Total households","Estimate!!Nonfamily household!!Total households!!SELECTED HOUSEHOLDS BY TYPE!!Households with one or more people under 18 years","Margin of Error!!Nonfamily household!!Total households!!SELECTED HOUSEHOLDS BY TYPE!!Households with one or more people under 18 years","Estimate!!Nonfamily household!!Total households!!SELECTED HOUSEHOLDS BY TYPE!!Households with one or more people 60 years and over","Margin of Error!!Nonfamily household!!Total households!!SELECTED HOUSEHOLDS BY TYPE!!Households with one or more people 60 years and over","Estimate!!Nonfamily household!!Total households!!SELECTED HOUSEHOLDS BY TYPE!!Householder living alone","Margin of Error!!Nonfamily household!!Total households!!SELECTED HOUSEHOLDS BY TYPE!!Householder living alone","Estimate!!Nonfamily household!!Total households!!SELECTED HOUSEHOLDS BY TYPE!!Householder living alone!!65 years and over","Margin of Error!!Nonfamily household!!Total households!!SELECTED HOUSEHOLDS BY TYPE!!Householder living alone!!65 years and over","Estimate!!Nonfamily household!!Total households!!UNITS IN STRUCTURE!!1-unit structures","Margin of Error!!Nonfamily household!!Total households!!UNITS IN STRUCTURE!!1-unit structures","Estimate!!Nonfamily household!!Total households!!UNITS IN STRUCTURE!!2-or-more-unit structures","Margin of Error!!Nonfamily household!!Total households!!UNITS IN STRUCTURE!!2-or-more-unit structures","Estimate!!Nonfamily household!!Total households!!UNITS IN STRUCTURE!!Mobile homes and all other types of units","Margin of Error!!Nonfamily household!!Total households!!UNITS IN STRUCTURE!!Mobile homes and all other types of units","Estimate!!Nonfamily household!!Total households!!HOUSING TENURE!!Owner-occupied housing units","Margin of Error!!Nonfamily household!!Total households!!HOUSING TENURE!!Owner-occupied housing units","Estimate!!Nonfamily household!!Total households!!HOUSING TENURE!!Renter-occupied housing units","Margin of Error!!Nonfamily household!!Total households!!HOUSING TENURE!!Renter-occupied housing units",
"1400000US06111000100","Census Tract 1, Ventura County, California","280","54","2.20","0.35","143","46","3.22","0.42","19","16","0.0","70.6","68.4","40.0","31.6","40.0","280","54","6.8","5.5","54.3","14.8","46.8","14.1","12.9","7.1","85.4","10.7","0.0","11.7","14.6","10.7","77.5","10.7","22.5","10.7","117","40","3.21","0.51","117","40","3.21","0.51","13","14","0.0","85.4","100.0","85.4","0.0","85.4","117","40","11.1","10.4","68.4","18.9","(X)","(X)","(X)","(X)","90.6","8.5","0.0","25.4","9.4","8.5","88.9","10.4","11.1","10.4","17","22","3.41","0.87","17","22","3.41","0.87","0","12","-","**","-","**","-","**","17","22","0.0","74.6","17.6","50.7","(X)","(X)","(X)","(X)","100.0","74.6","0.0","74.6","0.0","74.6","100.0","74.6","0.0","74.6","9","10","3.67","1.31","9","10","3.00","0.71","6","8","0.0","100.0","0.0","100.0","100.0","100.0","9","10","66.7","57.5","33.3","57.5","(X)","(X)","(X)","(X)","100.0","100.0","0.0","100.0","0.0","100.0","33.3","57.5","66.7","57.5","137","47","1.08","0.10","(X)","(X)","(X)","(X)","(X)","(X)","(X)","(X)","(X)","(X)","(X)","(X)","137","47","0.0","22.3","48.2","22.2","95.6","5.1","26.3","14.0","78.1","20.2","0.0","22.3","21.9","20.2","67.9","20.1","32.1","20.1",
"1400000US06111000200","Census Tract 2, Ventura County, California","696","61","3.43","0.32","567","73","3.84","0.35","228","59","4.8","7.5","39.9","15.6","55.3","15.1","696","61","41.4","7.1","47.7","8.8","13.9","5.6","6.8","4.1","72.1","7.3","22.7","7.4","5.2","4.0","53.2","7.9","46.8","7.9","359","75","4.03","0.42","359","75","4.02","0.42","145","48","0.0","21.2","35.9","17.4","64.1","17.4","359","75","50.4","12.1","42.9","11.0","(X)","(X)","(X)","(X)","77.2","8.4","18.1","8.2","4.7","5.6","60.4","10.1","39.6","10.1","31","23","4.81","1.43","31","23","4.81","1.43","8","12","0.0","100.0","100.0","100.0","0.0","100.0","31","23","41.9","38.5","74.2","35.0","(X)","(X)","(X)","(X)","90.3","21.8","9.7","21.8","0.0","55.3","45.2","38.8","54.8","38.8","177","68","3.54","0.65","177","68","3.31","0.55","75","43","14.7","23.3","41.3","35.4","44.0","32.7","177","68","53.1","17.2","39.0","21.1","(X)","(X)","(X)","(X)","51.4","22.5","48.6","22.5","0.0","17.8","35.6","21.0","64.4","21.0","129","49","1.27","0.19","(X)","(X)","(X)","(X)","(X)","(X)","(X)","(X)","(X)","(X)","(X)","(X)","129","49","0.0","23.5","66.7","19.9","75.2","16.5","36.4","18.8","82.2","16.1","3.1","4.8","14.7","15.4","58.9","18.1","41.1","18.1",
"1400000US06111000302","Census Tract 3.02, Ventura County, California","2419","163","3.41","0.31","1845","175","3.94","0.31","1064","206","13.5","9.6","11.4","8.7","75.1","11.3","2419","163","49.5","9.2","34.7","6.5","16.9","7.9","6.7","4.0","79.7","6.8","14.9","5.8","5.4","3.2","57.6","8.1","42.4","8.1","1298","198","3.86","0.35","1298","198","3.86","0.35","700","171","16.9","14.2","7.4","7.1","75.7","13.0","1298","198","58.0","10.3","35.9","8.7","(X)","(X)","(X)","(X)","80.7","9.4","11.9","7.7","7.3","5.0","67.8","10.8","32.2","10.8","97","98","3.92","1.77","97","98","3.84","1.80","97","98","9.3","18.6","0.0","29.4","90.7","18.6","97","98","100.0","29.4","0.0","29.4","(X)","(X)","(X)","(X)","90.7","18.6","0.0","29.4","9.3","18.6","44.3","54.7","55.7","54.7","450","165","4.70","0.72","450","165","4.20","0.69","267","159","6.4","11.9","25.8","25.3","67.8","27.5","450","165","77.1","18.5","20.0","14.8","(X)","(X)","(X)","(X)","83.6","16.3","14.2","16.1","2.2","3.8","57.8","22.0","42.2","22.0","574","230","1.31","0.19","(X)","(X)","(X)","(X)","(X)","(X)","(X)","(X)","(X)","(X)","(X)","(X)","574","230","0.0","5.9","49.3","15.8","71.4","18.5","28.4","14.5","72.6","15.5","24.6","15.2","2.8","5.0","36.6","15.1","63.4","15.1",
"1400000US06111000303","Census Tract 3.03, Ventura County, California","1400","99","3.57","0.23","1161","103","3.96","0.25","459","85","3.3","5.3","16.6","10.8","80.2","11.4","1400","99","41.1","5.0","44.5","6.5","15.2","6.0","7.1","3.9","94.2","3.2","5.8","3.2","0.0","2.5","72.6","7.4","27.4","7.4","988","103","3.98","0.28","988","103","3.94","0.28","416","79","3.6","5.9","16.8","11.9","79.6","12.7","988","103","48.0","7.0","35.5","7.0","(X)","(X)","(X)","(X)","98.0","3.3","2.0","3.3","0.0","3.5","82.7","7.5","17.3","7.5","27","33","5.07","1.67","27","33","4.41","2.15","19","31","0.0","70.6","0.0","70.6","100.0","70.6","27","33","100.0","59.2","70.4","57.0","(X)","(X)","(X)","(X)","100.0","59.2","0.0","59.2","0.0","59.2","0.0","59.2","100.0","59.2","146","66","4.53","0.76","146","66","3.99","0.68","24","21","0.0","62.8","25.0","37.9","75.0","37.9","146","66","50.7","24.4","66.4","22.1","(X)","(X)","(X)","(X)","84.9","21.1","15.1","21.1","0.0","21.1","62.3","23.1","37.7","23.1","239","82","1.12","0.12","(X)","(X)","(X)","(X)","(X)","(X)","(X)","(X)","(X)","(X)","(X)","(X)","239","82","0.0","13.6","65.3","17.5","89.1","11.4","41.8","19.0","83.7","16.8","16.3","16.8","0.0","13.6","45.2","19.7","54.8","19.7",
"1400000US06111000304","Census Tract 3.04, Ventura County, California","1250","87","3.34","0.36","1018","114","3.63","0.31","576","105","15.1","8.5","5.2","5.3","79.7","11.0","1250","87","49.5","8.1","35.8","4.7","15.4","7.5","9.3","4.8","84.3","7.0","15.1","7.0","0.6","1.0","64.6","9.2","35.4","9.2","669","116","3.95","0.44","669","116","3.88","0.41","321","98","23.7","14.9","2.8","5.2","73.5","15.9","669","116","49.8","9.4","36.0","7.3","(X)","(X)","(X)","(X)","90.6","5.0","9.4","5.0","0.0","5.1","79.7","8.7","20.3","8.7","78","67","4.29","0.51","78","67","3.36","0.75","78","67","0.0","34.3","26.9","34.7","73.1","34.7","78","67","100.0","34.3","0.0","34.3","(X)","(X)","(X)","(X)","100.0","34.3","0.0","34.3","0.0","34.3","56.4","42.3","43.6","42.3","271","103","3.34","0.54","271","103","3.08","0.56","177","91","6.2","10.5","0.0","17.8","93.8","10.5","271","103","76.8","12.0","21.8","15.5","(X)","(X)","(X)","(X)","66.8","21.5","33.2","21.5","0.0","12.1","41.3","16.8","58.7","16.8","232","104","1.28","0.24","(X)","(X)","(X)","(X)","(X)","(X)","(X)","(X)","(X)","(X)","(X)","(X)","232","104","0.0","14.0","63.4","24.2","82.8","13.1","50.0","22.5","81.5","20.4","15.5","20.2","3.0","5.3","51.3","25.2","48.7","25.2",
"1400000US06111000400","Census Tract 4, Ventura County, California","1640","115","3.39","0.30","1233","124","3.82","0.34","532","139","7.5","7.9","27.8","15.7","64.7","16.5","1640","115","40.3","6.1","44.7","7.1","19.0","5.2","8.8","3.7","90.3","5.1","4.9","4.4","4.8","2.9","56.8","7.6","43.2","7.6","955","153","3.91","0.40","955","153","3.90","0.40","396","131","3.8","3.8","28.0","19.5","68.2","19.6","955","153","45.2","10.6","37.3","9.0","(X)","(X)","(X)","(X)","94.2","5.4","0.7","1.2","5.0","5.3","63.1","10.5","36.9","10.5","89","69","4.12","0.53","89","69","3.33","0.45","67","60","37.3","50.4","0.0","37.6","62.7","50.4","89","69","77.5","23.8","49.4","41.7","(X)","(X)","(X)","(X)","100.0","31.4","0.0","31.4","0.0","31.4","60.7","38.8","39.3","38.8","189","84","3.78","0.73","189","84","3.62","0.73","69","60","0.0","37.0","53.6","45.0","46.4","45.0","189","84","64.0","23.1","45.5","32.1","(X)","(X)","(X)","(X)","74.1","30.7","25.9","30.7","0.0","16.8","30.2","17.7","69.8","17.7","407","113","1.84","0.76","(X)","(X)","(X)","(X)","(X)","(X)","(X)","(X)","(X)","(X)","(X)","(X)","407","113","9.6","13.3","60.7","16.2","76.4","13.8","35.6","13.4","86.5","10.7","6.1","9.8","7.4","4.4","53.6","17.9","46.4","17.9",
"1400000US06111000500","Census Tract 5, Ventura County, California","581","49","2.91","0.28","375","55","3.75","0.31","169","42","10.1","12.2","32.0","20.1","58.0","21.9","581","49","34.8","7.6","57.8","9.7","29.1","8.6","16.7","6.5","50.3","7.2","14.5","7.1","35.3","6.1","54.2","8.5","45.8","8.5","258","47","3.70","0.40","258","47","3.70","0.40","121","38","14.0","17.0","44.6","25.0","41.3","25.7","258","47","51.9","13.0","43.4","13.6","(X)","(X)","(X)","(X)","62.4","13.3","11.6","10.1","26.0","10.5","48.1","12.8","51.9","12.8","27","26","3.37","0.98","27","26","3.37","0.98","14","22","0.0","82.3","0.0","82.3","100.0","82.2","27","26","51.9","50.7","48.1","50.7","(X)","(X)","(X)","(X)","66.7","41.4","0.0","59.2","33.3","41.4","33.3","41.4","66.7","41.4","90","55","4.17","0.99","90","55","4.01","0.84","34","31","0.0","52.8","0.0","52.8","100.0","52.8","90","55","54.4","31.0","80.0","19.8","(X)","(X)","(X)","(X)","66.7","21.9","14.4","18.6","18.9","21.1","58.9","29.4","41.1","29.4","206","59","1.30","0.21","(X)","(X)","(X)","(X)","(X)","(X)","(X)","(X)","(X)","(X)","(X)","(X)","206","59","2.4","3.5","67.5","17.8","82.0","11.8","47.1","16.5","25.7","14.1","19.9","15.0","54.4","16.9","62.6","16.7","37.4","16.7",
"1400000US06111000600","Census Tract 6, Ventura County, California","1758","123","3.39","0.28","1301","134","3.93","0.31","720","125","21.4","8.9","32.2","12.0","46.4","12.6","1758","123","47.1","6.4","33.2","7.1","19.5","5.6","8.0","3.1","57.0","6.7","42.0","6.6","1.0","1.6","29.1","5.9","70.9","5.9","796","133","4.25","0.39","796","133","4.16","0.36","420","94","23.1","12.8","33.8","14.8","43.1","15.4","796","133","62.9","10.1","30.9","11.1","(X)","(X)","(X)","(X)","57.8","11.0","39.9","10.3","2.3","3.6","31.9","9.4","68.1","9.4","273","106","3.87","0.79","273","106","3.59","0.68","156","80","28.8","23.7","25.0","24.2","46.2","26.9","273","106","57.1","22.3","16.8","15.3","(X)","(X)","(X)","(X)","61.2","18.6","38.8","18.6","0.0","12.0","35.5","21.7","64.5","21.7","232","89","3.79","0.71","232","89","3.53","0.66","144","76","8.3","15.2","35.4","36.2","56.3","32.9","232","89","70.3","16.8","22.0","15.3","(X)","(X)","(X)","(X)","56.9","19.4","43.1","19.4","0.0","14.0","23.3","16.2","76.7","16.2","457","115","1.40","0.25","(X)","(X)","(X)","(X)","(X)","(X)","(X)","(X)","(X)","(X)","(X)","(X)","457","115","1.8","2.6","52.5","13.8","74.8","15.8","30.6","10.2","53.2","13.2","46.8","13.2","0.0","7.4","23.4","12.6","76.6","12.6",
"1400000US06111000701","Census Tract 7.01, Ventura County, California","1821","107","4.08","0.43","1478","146","4.52","0.42","823","151","7.3","5.4","17.4","7.3","75.3","7.9","1821","107","54.0","6.8","30.5","6.8","16.4","6.2","3.0","2.0","45.0","7.2","39.3","6.7","15.8","4.9","48.5","6.7","51.5","6.7","934","168","5.21","0.76","934","168","5.00","0.66","524","133","4.2","3.9","24.2","11.4","71.6","11.1","934","168","66.3","8.9","28.6","10.3","(X)","(X)","(X)","(X)","49.1","10.4","33.4","9.7","17.5","6.9","56.9","10.1","43.1","10.1","62","46","5.21","2.58","62","46","5.21","2.58","28","33","67.9","53.6","0.0","58.2","32.1","53.6","62","46","88.7","23.1","54.8","40.9","(X)","(X)","(X)","(X)","45.2","39.9","54.8","39.9","0.0","39.1","54.8","40.9","45.2","40.9","482","139","3.79","0.52","482","139","3.51","0.47","271","116","7.0","11.0","5.9","10.4","87.1","14.3","482","139","64.1","14.3","26.8","14.8","(X)","(X)","(X)","(X)","26.3","13.2","51.9","16.9","21.8","15.2","32.6","15.1","67.4","15.1","343","126","1.20","0.14","(X)","(X)","(X)","(X)","(X)","(X)","(X)","(X)","(X)","(X)","(X)","(X)","343","126","0.0","9.7","36.7","13.5","86.9","8.5","15.7","9.9","59.8","11.7","34.7","11.2","5.5","5.8","47.2","13.4","52.8","13.4",
"1400000US06111000702","Census Tract 7.02, Ventura County, California","886","51","3.66","0.33","749","64","3.97","0.21","280","54","8.2","8.1","25.7","11.4","66.1","13.6","886","51","40.4","5.9","38.8","6.0","15.5","6.3","5.3","2.4","88.1","5.0","11.3","4.9","0.6","0.8","79.1","6.4","20.9","6.4","634","70","4.03","0.26","634","70","4.03","0.26","254","54","9.1","8.9","28.3","12.6","62.6","14.9","634","70","45.9","5.8","31.1","6.9","(X)","(X)","(X)","(X)","91.6","4.9","8.4","4.9","0.0","5.4","84.9","6.5","15.1","6.5","33","25","4.70","1.09","33","25","4.58","1.11","15","13","0.0","79.5","0.0","79.5","100.0","79.5","33","25","81.8","25.3","54.5","38.7","(X)","(X)","(X)","(X)","100.0","53.6","0.0","53.6","0.0","53.6","33.3","33.1","66.7","33.1","82","41","4.80","1.81","82","41","3.28","0.74","11","12","0.0","92.8","0.0","92.8","100.0","92.8","82","41","48.8","29.7","81.7","16.8","(X)","(X)","(X)","(X)","100.0","33.2","0.0","33.2","0.0","33.2","65.9","27.3","34.1","27.3","137","58","-","**","(X)","(X)","(X)","(X)","(X)","(X)","(X)","(X)","(X)","(X)","(X)","(X)","137","58","0.0","22.3","45.3","18.8","100.0","22.3","34.3","15.6","62.0","19.0","34.3","18.7","3.6","5.2","71.5","18.8","28.5","18.8",
"1400000US06111000800","Census Tract 8, Ventura County, California","2633","148","3.21","0.24","2014","168","3.73","0.26","754","114","19.0","9.7","40.3","13.6","40.7","11.4","2633","148","33.6","4.4","40.5","6.0","18.3","5.5","7.6","2.7","79.5","5.3","10.3","5.1","10.2","2.9","62.5","5.8","37.5","5.8","1537","186","3.66","0.31","1537","186","3.66","0.31","581","118","22.0","11.3","37.0","15.8","41.0","13.1","1537","186","41.5","6.7","39.2","7.7","(X)","(X)","(X)","(X)","80.9","7.4","10.1","7.1","9.0","3.6","69.0","8.4","31.0","8.4","135","87","3.68","0.84","135","87","3.61","0.82","6","9","0.0","100.0","0.0","100.0","100.0","100.0","135","87","38.5","30.9","66.7","32.7","(X)","(X)","(X)","(X)","41.5","31.9","25.9","34.6","32.6","29.2","69.6","33.4","30.4","33.4","342","146","4.46","0.69","342","146","4.11","0.62","167","102","9.0","14.6","53.3","29.7","37.7","28.6","342","146","56.7","23.4","28.7","12.5","(X)","(X)","(X)","(X)","88.6","9.1","3.2","5.3","8.2","7.9","27.8","12.0","72.2","12.0","619","171","1.30","0.23","(X)","(X)","(X)","(X)","(X)","(X)","(X)","(X)","(X)","(X)","(X)","(X)","619","171","0.0","5.5","44.7","15.0","78.0","15.5","32.5","12.5","79.3","10.6","11.1","10.9","9.5","6.6","64.0","12.6","36.0","12.6",
"1400000US06111000901","Census Tract 9.01, Ventura County, California","1148","102","2.11","0.22","580","92","2.79","0.21","152","37","16.4","13.1","18.4","19.1","65.1","17.7","1148","102","13.2","3.1","67.7","6.5","43.1","8.8","32.0","7.6","78.0","6.8","21.3","6.9","0.8","1.4","62.5","7.2","37.5","7.2","495","86","3.05","0.37","495","86","2.84","0.24","130","35","19.2","15.9","21.5","22.2","59.2","20.9","495","86","26.3","7.3","68.9","9.0","(X)","(X)","(X)","(X)","93.5","6.5","4.6","5.7","1.8","3.1","83.0","8.3","17.0","8.3","33","26","3.73","0.97","33","26","2.79","0.64","22","20","0.0","65.6","0.0","65.6","100.0","65.6","33","26","66.7","42.3","0.0","53.6","(X)","(X)","(X)","(X)","100.0","53.6","0.0","53.6","0.0","53.6","51.5","43.7","48.5","43.7","52","38","2.58","0.34","52","38","2.37","0.16","0","12","-","**","-","**","-","**","52","38","0.0","42.7","78.8","34.3","(X)","(X)","(X)","(X)","80.8","29.7","19.2","29.7","0.0","42.7","80.8","29.7","19.2","29.7","568","112","1.15","0.12","(X)","(X)","(X)","(X)","(X)","(X)","(X)","(X)","(X)","(X)","(X)","(X)","568","112","0.0","6.0","69.5","12.5","87.1","9.3","64.6","12.9","62.9","12.2","37.1","12.2","0.0","6.0","43.5","11.1","56.5","11.1",
"1400000US06111000902","Census Tract 9.02, Ventura County, California","841","71","2.37","0.16","497","68","2.97","0.20","135","39","11.9","13.0","13.3","11.7","74.8","18.0","841","71","17.8","4.3","56.6","6.4","29.5","5.9","11.8","4.0","83.1","4.9","15.8","4.6","1.1","1.6","62.5","6.4","37.5","6.4","441","64","3.01","0.20","441","64","2.93","0.19","121","37","13.2","14.3","14.9","13.0","71.9","19.8","441","64","28.8","7.3","60.1","7.7","(X)","(X)","(X)","(X)","95.0","4.5","5.0","4.5","0.0","7.6","89.3","5.9","10.7","5.9","17","14","3.12","0.94","17","14","3.12","0.94","8","8","0.0","100.0","0.0","100.0","100.0","100.0","17","14","47.1","38.6","52.9","38.6","(X)","(X)","(X)","(X)","64.7","46.3","35.3","46.3","0.0","74.6","64.7","46.3","35.3","46.3","39","26","3.59","1.36","39","26","3.33","1.22","6","8","0.0","100.0","0.0","100.0","100.0","100.0","39","26","38.5","28.4","46.2","32.4","(X)","(X)","(X)","(X)","61.5","34.7","15.4","24.4","23.1","32.4","43.6","30.0","56.4","30.0","344","73","1.38","0.14","(X)","(X)","(X)","(X)","(X)","(X)","(X)","(X)","(X)","(X)","(X)","(X)","344","73","0.0","9.7","53.5","11.5","72.1","10.2","28.8","9.2","71.2","9.8","28.8","9.8","0.0","9.7","30.2","10.4","69.8","10.4",
"1400000US06111000903","Census Tract 9.03, Ventura County, California","2146","181","2.56","0.20","1335","165","3.25","0.22","469","126","0.0","7.2","29.9","18.9","70.1","18.9","2146","181","25.3","6.4","52.0","8.8","32.1","7.1","13.6","6.1","81.4","8.4","16.2","7.1","2.4","3.7","54.8","8.5","45.2","8.5","1048","175","3.29","0.27","1048","175","3.20","0.25","355","102","0.0","9.4","26.8","19.0","73.2","19.0","1048","175","36.2","9.8","55.5","11.1","(X)","(X)","(X)","(X)","84.6","10.2","10.5","7.6","4.9","7.6","70.8","11.5","29.2","11.5","73","66","4.45","1.58","73","66","3.93","0.85","0","17","-","**","-","**","-","**","73","66","49.3","45.8","69.9","41.3","(X)","(X)","(X)","(X)","69.9","41.3","30.1","41.3","0.0","35.8","69.9","41.3","30.1","41.3","214","99","3.43","0.61","214","99","3.26","0.63","114","85","0.0","26.0","39.5","44.6","60.5","44.6","214","99","59.3","22.3","32.2","22.8","(X)","(X)","(X)","(X)","100.0","15.0","0.0","15.0","0.0","15.0","50.5","27.5","49.5","27.5","811","195","1.23","0.16","(X)","(X)","(X)","(X)","(X)","(X)","(X)","(X)","(X)","(X)","(X)","(X)","811","195","0.0","4.2","50.9","17.3","84.8","11.3","35.9","16.1","73.4","16.9","26.6","16.9","0.0","4.2","33.9","12.5","66.1","12.5",
"1400000US06111001001","Census Tract 10.01, Ventura County, California","996","91","2.55","0.20","676","95","3.04","0.17","298","53","33.2","17.5","7.0","7.1","59.7","20.2","996","91","29.9","5.1","54.3","7.5","29.2","8.2","10.4","4.8","78.0","7.5","8.2","5.8","13.8","5.3","61.9","11.3","38.1","11.3","573","97","3.27","0.26","573","97","3.10","0.20","263","35","37.6","19.0","5.3","6.8","57.0","21.5","573","97","45.9","8.1","46.9","12.0","(X)","(X)","(X)","(X)","88.7","8.8","3.1","5.2","8.2","7.1","74.3","14.1","25.7","14.1","61","50","2.80","0.49","61","50","2.41","0.14","0","12","-","**","-","**","-","**","61","50","0.0","39.4","73.8","34.6","(X)","(X)","(X)","(X)","86.9","21.3","0.0","39.4","13.1","21.3","60.7","44.5","39.3","44.5","42","41","3.26","0.91","42","41","3.10","0.74","35","40","0.0","52.0","20.0","36.2","80.0","36.2","42","41","83.3","31.0","16.7","31.0","(X)","(X)","(X)","(X)","50.0","49.4","0.0","47.5","50.0","49.4","16.7","31.6","83.3","31.6","320","91","1.12","0.09","(X)","(X)","(X)","(X)","(X)","(X)","(X)","(X)","(X)","(X)","(X)","(X)","320","91","0.0","10.4","68.8","14.8","90.9","7.5","32.5","13.2","60.9","17.1","20.0","14.7","19.1","10.0","45.9","15.1","54.1","15.1",
"1400000US06111001002","Census Tract 10.02, Ventura County, California","2413","211","2.61","0.29","1616","205","3.05","0.28","426","147","14.1","12.2","16.7","15.9","69.2","17.2","2413","211","22.0","7.0","48.8","6.4","26.9","7.4","14.7","5.2","76.8","5.7","8.5","4.0","14.7","3.8","70.9","6.7","29.1","6.7","1226","199","3.15","0.29","1226","199","3.12","0.28","343","136","17.5","14.9","20.7","19.5","61.8","20.4","1226","199","31.8","9.3","45.4","9.8","(X)","(X)","(X)","(X)","77.7","8.2","9.9","5.9","12.5","5.1","76.3","8.2","23.7","8.2","113","75","2.94","0.86","113","75","2.77","0.89","0","17","-","**","-","**","-","**","113","75","23.0","23.8","45.1","28.0","(X)","(X)","(X)","(X)","54.9","32.4","45.1","32.4","0.0","26.1","42.5","34.2","57.5","34.2","277","159","3.16","0.95","277","159","2.85","0.51","83","78","0.0","32.9","0.0","32.9","100.0","32.9","277","159","41.5","27.7","42.6","28.0","(X)","(X)","(X)","(X)","85.2","22.4","0.0","11.9","14.8","22.4","67.1","33.0","32.9","33.0","797","233","1.53","0.45","(X)","(X)","(X)","(X)","(X)","(X)","(X)","(X)","(X)","(X)","(X)","(X)","797","233","0.0","4.3","56.7","13.1","81.6","12.2","44.4","12.6","75.8","11.0","4.1","5.6","20.1","9.2","67.9","12.7","32.1","12.7",
"1400000US06111001101","Census Tract 11.01, Ventura County, California","1789","92","2.77","0.19","1144","124","3.43","0.21","405","79","27.2","11.6","17.3","13.5","55.6","13.5","1789","92","26.4","5.1","42.3","5.8","28.2","5.9","14.8","4.2","82.4","4.6","2.6","2.9","15.0","4.1","80.4","5.7","19.6","5.7","956","128","3.69","0.25","956","128","3.61","0.26","344","72","23.0","12.3","16.9","14.4","60.2","16.8","956","128","43.0","8.8","35.5","7.3","(X)","(X)","(X)","(X)","91.4","5.6","0.8","1.4","7.7","5.3","95.2","3.6","4.8","3.6","52","42","2.60","0.48","52","42","2.13","0.19","32","31","65.6","46.6","0.0","54.4","34.4","46.6","52","42","61.5","36.5","19.2","28.9","(X)","(X)","(X)","(X)","100.0","42.7","0.0","42.7","0.0","42.7","59.6","35.4","40.4","35.4","136","55","3.33","0.37","136","55","2.63","0.31","29","22","34.5","57.0","41.4","58.6","24.1","32.7","136","55","21.3","16.1","47.1","23.3","(X)","(X)","(X)","(X)","76.5","16.8","0.0","22.4","23.5","16.8","73.5","19.7","26.5","19.7","645","120","1.31","0.13","(X)","(X)","(X)","(X)","(X)","(X)","(X)","(X)","(X)","(X)","(X)","(X)","645","120","0.0","5.3","53.3","11.5","78.3","8.0","41.1","10.0","68.8","10.2","6.0","7.5","25.1","9.2","61.7","11.8","38.3","11.8",
"1400000US06111001102","Census Tract 11.02, Ventura County, California","1287","96","2.84","0.21","882","118","3.16","0.17","286","79","5.9","7.2","21.3","17.2","72.7","17.3","1287","96","25.4","6.0","52.6","7.0","19.5","6.9","13.9","5.9","93.6","3.5","3.5","2.7","2.9","2.0","76.9","8.3","23.1","8.3","694","94","3.20","0.22","694","94","3.16","0.20","256","73","6.6","8.2","17.2","19.4","76.2","19.4","694","94","39.9","8.9","54.5","8.2","(X)","(X)","(X)","(X)","98.8","1.9","1.2","1.9","0.0","4.9","90.2","7.4","9.8","7.4","31","28","3.19","0.89","31","28","2.90","0.55","17","21","0.0","74.6","100.0","74.6","0.0","74.6","31","28","54.8","51.2","0.0","55.3","(X)","(X)","(X)","(X)","71.0","42.1","0.0","55.3","29.0","42.1","100.0","55.3","0.0","55.3","157","58","3.41","0.41","157","58","3.21","0.43","13","21","0.0","85.4","0.0","85.4","100.0","85.4","157","58","14.0","16.1","28.0","19.1","(X)","(X)","(X)","(X)","73.2","21.6","8.9","14.1","17.8","15.7","46.5","27.6","53.5","27.6","405","107","1.96","0.49","(X)","(X)","(X)","(X)","(X)","(X)","(X)","(X)","(X)","(X)","(X)","(X)","405","107","2.7","4.3","63.0","16.0","62.0","15.9","44.2","15.1","94.3","5.0","5.7","5.0","0.0","8.3","64.2","17.3","35.8","17.3",
"1400000US06111001201","Census Tract 12.01, Ventura County, California","1938","95","2.65","0.16","1230","112","3.20","0.23","644","127","28.3","11.4","11.5","7.2","60.2","10.8","1938","95","36.2","5.8","44.1","6.1","29.4","5.0","19.6","4.5","48.5","4.1","41.9","4.0","9.6","2.8","48.9","6.2","51.1","6.2","721","124","3.59","0.31","721","124","3.50","0.31","299","101","15.4","16.0","14.4","10.7","70.2","16.9","721","124","46.0","8.2","40.1","9.1","(X)","(X)","(X)","(X)","89.6","6.0","9.4","5.6","1.0","1.6","72.8","9.7","27.2","9.7","207","108","3.74","0.59","207","108","2.98","0.51","185","108","60.0","32.6","0.0","17.2","40.0","32.6","207","108","93.2","8.9","20.3","23.8","(X)","(X)","(X)","(X)","58.0","27.4","34.3","26.2","7.7","7.6","42.0","29.6","58.0","29.6","302","97","2.78","0.29","302","97","2.62","0.22","160","77","15.6","25.2","19.4","22.8","65.0","28.5","302","97","58.6","16.3","28.1","13.1","(X)","(X)","(X)","(X)","22.8","13.0","63.9","14.6","13.2","8.0","31.8","14.1","68.2","14.1","708","117","1.31","0.19","(X)","(X)","(X)","(X)","(X)","(X)","(X)","(X)","(X)","(X)","(X)","(X)","708","117","0.0","4.8","62.0","10.6","80.5","8.9","53.5","11.5","14.8","6.2","67.8","8.5","17.4","7.0","33.8","8.9","66.2","8.9",
"1400000US06111001202","Census Tract 12.02, Ventura County, California","2426","84","3.03","0.17","1980","150","3.32","0.22","569","120","27.9","14.5","26.7","15.5","45.3","13.9","2426","84","29.2","4.1","54.5","6.1","12.9","4.8","9.3","4.1","95.3","4.0","4.7","4.0","0.0","1.4","85.4","4.8","14.6","4.8","1785","155","3.30","0.23","1785","155","3.27","0.23","521","126","27.8","15.8","29.2","16.4","43.0","15.8","1785","155","35.2","6.6","48.6","7.7","(X)","(X)","(X)","(X)","98.4","2.5","1.6","2.5","0.0","1.9","87.4","5.4","12.6","5.4","62","51","2.65","1.05","62","51","2.65","1.05","23","32","0.0","64.2","0.0","64.2","100.0","64.2","62","51","37.1","42.5","82.3","26.5","(X)","(X)","(X)","(X)","100.0","39.1","0.0","39.1","0.0","39.1","71.0","41.0","29.0","41.0","133","86","4.49","1.55","133","86","4.28","1.53","25","34","56.0","56.0","0.0","61.6","44.0","56.0","133","86","42.9","33.4","45.9","34.2","(X)","(X)","(X)","(X)","87.2","20.3","12.8","20.3","0.0","22.9","56.4","30.5","43.6","30.5","446","140","1.57","0.46","(X)","(X)","(X)","(X)","(X)","(X)","(X)","(X)","(X)","(X)","(X)","(X)","446","140","0.0","7.5","76.7","16.2","70.4","21.6","50.4","18.8","84.8","16.3","15.2","16.3","0.0","7.5","87.9","11.6","12.1","11.6",
"1400000US06111001204","Census Tract 12.04, Ventura County, California","843","51","3.51","0.31","687","70","3.77","0.29","244","53","20.5","12.2","16.8","10.7","62.7","16.4","843","51","33.8","6.4","39.9","5.3","11.2","4.4","5.8","2.9","76.6","5.3","1.2","1.3","22.2","5.2","73.1","6.2","26.9","6.2","467","68","3.67","0.33","467","68","3.57","0.33","115","44","27.8","21.7","13.0","11.8","59.1","23.0","467","68","28.7","9.1","41.8","10.0","(X)","(X)","(X)","(X)","81.8","8.2","1.1","1.8","17.1","8.1","79.0","9.1","21.0","9.1","93","39","4.51","0.82","93","39","3.97","0.76","59","32","8.5","13.2","37.3","34.4","54.2","35.6","93","39","79.6","16.5","19.4","14.6","(X)","(X)","(X)","(X)","74.2","24.9","0.0","30.4","25.8","24.9","68.8","19.5","31.2","19.5","127","52","4.73","0.83","127","52","4.39","0.76","70","36","18.6","23.0","5.7","8.7","75.7","22.2","127","52","60.6","21.3","37.0","18.8","(X)","(X)","(X)","(X)","76.4","14.4","3.9","5.8","19.7","12.8","55.1","20.9","44.9","20.9","156","60","1.47","0.20","(X)","(X)","(X)","(X)","(X)","(X)","(X)","(X)","(X)","(X)","(X)","(X)","156","60","0.0","19.9","48.7","18.7","60.3","18.8","31.4","15.6","62.8","17.9","0.0","19.9","37.2","17.9","72.4","14.2","27.6","14.2",
"1400000US06111001206","Census Tract 12.06, Ventura County, California","345","61","2.26","0.26","216","51","2.61","0.35","118","46","55.1","25.4","0.0","25.2","44.9","25.4","345","61","34.2","10.4","51.9","13.5","26.7","11.2","4.9","3.6","89.0","9.6","0.0","9.6","11.0","9.6","52.8","13.0","47.2","13.0","165","59","2.72","0.39","165","59","2.72","0.39","72","50","26.4","29.7","0.0","36.1","73.6","29.7","165","59","43.6","18.7","63.0","20.2","(X)","(X)","(X)","(X)","87.3","18.6","0.0","19.0","12.7","18.6","60.0","18.6","40.0","18.6","0","12","-","**","0","12","-","**","0","12","-","**","-","**","-","**","0","12","-","**","-","**","(X)","(X)","(X)","(X)","-","**","-","**","-","**","-","**","-","**","51","47","2.94","0.65","51","47","2.25","0.19","46","44","100.0","45.4","0.0","45.4","0.0","45.4","51","47","90.2","20.6","0.0","43.1","(X)","(X)","(X)","(X)","100.0","43.1","0.0","43.1","0.0","43.1","0.0","43.1","100.0","43.1","129","45","1.39","0.22","(X)","(X)","(X)","(X)","(X)","(X)","(X)","(X)","(X)","(X)","(X)","(X)","129","45","0.0","23.5","58.1","20.5","71.3","16.0","13.2","9.7","86.8","11.8","0.0","23.5","13.2","11.8","64.3","22.9","35.7","22.9",
"1400000US06111001301","Census Tract 13.01, Ventura County, California","2681","123","2.96","0.18","1950","170","3.47","0.23","929","122","12.8","8.7","10.7","9.5","76.5","11.3","2681","123","35.8","4.8","38.2","5.3","19.0","5.3","7.0","3.3","76.1","5.0","23.4","5.0","0.5","0.8","60.4","7.5","39.6","7.5","1674","198","3.59","0.25","1674","198","3.58","0.26","780","129","15.3","9.8","12.7","11.7","72.1","13.7","1674","198","47.3","7.7","42.5","8.2","(X)","(X)","(X)","(X)","86.0","5.7","14.0","5.7","0.0","2.1","68.3","9.1","31.7","9.1","146","117","2.10","0.16","146","117","2.10","0.16","89","109","0.0","31.4","0.0","31.4","100.0","31.4","146","117","61.0","41.4","8.2","15.4","(X)","(X)","(X)","(X)","50.7","48.3","49.3","48.3","0.0","21.1","50.7","48.3","49.3","48.3","130","81","3.99","0.95","130","81","3.62","0.92","60","60","0.0","39.7","0.0","39.7","100.0","39.7","130","81","62.3","28.9","15.4","18.9","(X)","(X)","(X)","(X)","93.8","9.3","6.2","9.3","0.0","23.3","57.7","31.6","42.3","31.6","731","161","1.48","0.21","(X)","(X)","(X)","(X)","(X)","(X)","(X)","(X)","(X)","(X)","(X)","(X)","731","161","0.0","4.7","38.3","12.3","69.8","12.7","25.9","11.3","55.1","13.0","43.0","13.3","1.9","3.1","44.9","13.1","55.1","13.1",
"1400000US06111001302","Census Tract 13.02, Ventura County, California","782","65","3.02","0.45","427","74","3.99","0.51","84","50","9.5","15.3","25.0","20.1","65.5","19.3","782","65","23.3","7.2","68.8","8.2","32.4","7.9","25.1","6.8","48.7","7.9","14.5","6.7","36.8","6.6","75.3","8.6","24.7","8.6","340","77","4.49","0.83","340","77","4.12","0.62","67","47","0.0","37.6","31.3","23.4","68.7","23.4","340","77","44.4","11.0","61.5","12.9","(X)","(X)","(X)","(X)","63.8","9.8","8.8","8.5","27.4","8.6","75.3","13.9","24.7","13.9","37","34","2.97","0.75","37","34","2.97","0.75","0","12","-","**","-","**","-","**","37","34","0.0","50.6","73.0","40.1","(X)","(X)","(X)","(X)","37.8","47.7","51.4","51.4","10.8","22.3","21.6","34.8","78.4","34.8","50","32","4.16","0.93","50","32","3.88","1.05","17","20","47.1","51.7","0.0","74.6","52.9","51.7","50","32","50.0","32.9","74.0","27.8","(X)","(X)","(X)","(X)","54.0","28.3","18.0","24.6","28.0","23.5","56.0","30.7","44.0","30.7","355","79","1.44","0.19","(X)","(X)","(X)","(X)","(X)","(X)","(X)","(X)","(X)","(X)","(X)","(X)","355","79","1.7","2.9","74.6","13.1","71.3","12.3","55.2","13.4","34.6","13.3","15.5","10.2","49.9","12.9","83.7","9.6","16.3","9.6",
"1400000US06111001401","Census Tract 14.01, Ventura County, California","1416","54","2.88","0.16","1114","82","3.16","0.17","496","80","27.0","10.2","5.2","4.0","67.7","10.2","1416","54","37.4","5.3","46.9","5.5","16.7","4.3","11.4","3.3","90.7","3.3","9.3","3.3","0.0","2.4","76.2","5.7","23.8","5.7","822","87","3.29","0.20","822","87","3.29","0.20","346","66","32.4","13.7","4.9","4.0","62.7","13.2","822","87","43.2","6.6","40.4","7.7","(X)","(X)","(X)","(X)","97.3","3.0","2.7","3.0","0.0","4.2","88.6","7.9","11.4","7.9","189","78","3.46","0.76","189","78","2.92","0.51","106","50","20.8","19.5","0.0","27.5","79.2","19.5","189","78","56.1","23.7","29.6","26.8","(X)","(X)","(X)","(X)","93.1","10.9","6.9","10.9","0.0","16.8","55.6","21.1","44.4","21.1","103","54","3.18","0.87","103","54","2.54","0.40","44","34","0.0","46.4","20.5","32.4","79.5","32.4","103","54","67.0","25.1","48.5","31.6","(X)","(X)","(X)","(X)","100.0","28.1","0.0","28.1","0.0","28.1","76.7","23.7","23.3","23.7","302","69","1.29","0.14","(X)","(X)","(X)","(X)","(X)","(X)","(X)","(X)","(X)","(X)","(X)","(X)","302","69","0.0","10.9","74.8","10.3","78.5","10.9","53.6","11.5","67.9","9.7","32.1","9.7","0.0","10.9","55.3","12.9","44.7","12.9",
"1400000US06111001402","Census Tract 14.02, Ventura County, California","2128","142","2.54","0.16","1465","159","3.15","0.25","422","109","36.0","15.9","32.9","13.4","31.0","13.9","2128","142","21.3","5.3","45.2","7.2","28.5","6.4","11.3","5.3","74.6","6.6","24.9","6.5","0.5","0.8","60.9","7.4","39.1","7.4","1295","157","3.26","0.26","1295","157","3.23","0.25","368","104","41.3","16.5","37.8","15.5","20.9","12.0","1295","157","30.9","6.5","47.9","8.9","(X)","(X)","(X)","(X)","91.0","6.6","9.0","6.6","0.0","2.7","77.6","8.7","22.4","8.7","46","60","2.87","2.00","46","60","2.87","2.00","10","17","0.0","97.3","0.0","97.3","100.0","97.3","46","60","21.7","45.2","78.3","45.2","(X)","(X)","(X)","(X)","100.0","45.4","0.0","45.4","0.0","45.4","100.0","45.4","0.0","45.4","124","85","2.51","0.38","124","85","2.51","0.38","44","47","0.0","46.4","0.0","46.4","100.0","46.4","124","85","35.5","37.5","4.0","12.4","(X)","(X)","(X)","(X)","56.5","42.2","43.5","42.2","0.0","24.2","40.3","35.9","59.7","35.9","663","145","1.10","0.09","(X)","(X)","(X)","(X)","(X)","(X)","(X)","(X)","(X)","(X)","(X)","(X)","663","145","0.0","5.1","45.4","16.5","91.6","7.3","36.3","15.7","44.0","16.8","54.3","16.7","1.7","2.6","29.4","13.2","70.6","13.2",
"1400000US06111001502","Census Tract 15.02, Ventura County, California","3781","145","2.48","0.12","2211","217","3.23","0.19","1261","196","17.4","8.6","16.7","7.8","65.8","10.7","3781","145","36.0","4.7","39.0","4.9","36.1","5.1","16.1","3.8","43.6","6.0","40.7","5.0","15.7","4.8","47.1","6.5","52.9","6.5","1135","192","3.42","0.31","1135","192","3.39","0.31","618","143","33.2","16.0","13.1","11.9","53.7","16.8","1135","192","55.3","9.6","31.7","11.1","(X)","(X)","(X)","(X)","53.3","10.9","24.1","8.8","22.6","9.2","59.5","12.0","40.5","12.0","253","146","3.78","0.70","253","146","3.21","0.69","147","123","10.2","18.3","8.2","15.0","81.6","25.3","253","146","62.8","27.1","9.9","12.3","(X)","(X)","(X)","(X)","57.3","23.9","39.1","23.0","3.6","6.8","22.5","23.9","77.5","23.9","823","231","3.18","0.37","823","231","3.01","0.30","496","200","0.0","6.8","23.8","16.7","76.2","16.7","823","231","63.4","13.1","25.8","10.9","(X)","(X)","(X)","(X)","47.1","15.0","30.1","12.4","22.7","13.0","44.5","14.7","55.5","14.7","1570","222","1.23","0.14","(X)","(X)","(X)","(X)","(X)","(X)","(X)","(X)","(X)","(X)","(X)","(X)","1570","222","3.4","5.4","55.9","9.4","86.9","7.4","38.7","9.5","32.6","9.1","58.3","8.3","9.0","4.8","43.6","10.0","56.4","10.0",
"1400000US06111001503","Census Tract 15.03, Ventura County, California","1848","92","2.33","0.16","1135","113","2.92","0.23","431","99","22.7","14.4","16.2","9.5","61.0","16.4","1848","92","25.9","5.6","41.2","5.2","30.2","5.7","16.8","4.0","38.2","6.0","48.3","5.8","13.5","3.0","40.4","6.0","59.6","6.0","771","132","3.13","0.30","771","132","3.09","0.29","285","86","6.7","7.7","17.2","12.5","76.1","14.3","771","132","37.0","9.6","37.2","9.9","(X)","(X)","(X)","(X)","48.8","9.0","42.9","10.1","8.3","4.5","41.6","10.2","58.4","10.2","61","46","2.33","0.39","61","46","2.20","0.21","10","15","100.0","97.3","0.0","97.3","0.0","97.3","61","46","16.4","27.5","29.5","35.2","(X)","(X)","(X)","(X)","86.9","23.9","0.0","39.4","13.1","23.9","72.1","38.0","27.9","38.0","303","111","2.69","0.41","303","111","2.64","0.37","136","81","50.7","34.0","15.4","20.1","33.8","28.9","303","111","60.7","24.0","14.9","11.1","(X)","(X)","(X)","(X)","13.9","15.9","77.2","18.2","8.9","8.4","11.9","9.9","88.1","9.9","713","116","1.31","0.13","(X)","(X)","(X)","(X)","(X)","(X)","(X)","(X)","(X)","(X)","(X)","(X)","713","116","0.0","4.8","57.6","10.6","78.3","8.3","43.5","10.8","33.0","10.0","45.9","9.2","21.2","7.0","48.5","9.1","51.5","9.1",
"1400000US06111001506","Census Tract 15.06, Ventura County, California","1714","100","2.99","0.24","1276","135","3.41","0.33","385","95","26.2","14.0","9.9","6.2","63.9","14.1","1714","100","26.1","5.7","48.3","5.4","21.9","5.2","11.7","3.7","93.5","2.8","3.0","1.9","3.5","2.1","78.0","5.3","22.0","5.3","995","133","3.51","0.38","995","133","3.38","0.32","320","97","26.6","15.1","9.7","7.1","63.8","14.9","995","133","36.1","8.9","42.1","7.2","(X)","(X)","(X)","(X)","96.0","2.7","2.2","2.3","1.8","1.9","74.9","8.1","25.1","8.1","62","43","6.42","2.90","62","43","6.10","3.04","9","14","0.0","100.0","0.0","100.0","100.0","100.0","62","43","53.2","33.5","43.5","33.2","(X)","(X)","(X)","(X)","100.0","39.1","0.0","39.1","0.0","39.1","61.3","32.1","38.7","32.1","219","84","3.33","0.44","219","84","2.77","0.26","56","33","28.6","35.8","12.5","19.7","58.9","38.1","219","84","25.6","13.1","61.6","18.4","(X)","(X)","(X)","(X)","87.2","10.1","9.1","7.9","3.7","6.4","66.7","21.6","33.3","21.6","438","111","1.16","0.14","(X)","(X)","(X)","(X)","(X)","(X)","(X)","(X)","(X)","(X)","(X)","(X)","438","111","0.0","7.7","56.4","13.0","85.8","12.4","45.9","13.1","90.0","7.1","2.3","3.6","7.8","6.2","93.2","6.9","6.8","6.9",
"1400000US06111001507","Census Tract 15.07, Ventura County, California","1393","103","2.90","0.29","882","112","3.67","0.36","386","85","8.3","10.1","10.1","7.5","81.6","12.2","1393","103","34.9","6.5","39.4","6.6","31.1","7.2","16.2","5.4","74.8","5.7","24.6","5.5","0.6","1.0","55.1","6.9","44.9","6.9","575","95","3.87","0.45","575","95","3.74","0.40","266","71","12.0","13.3","11.7","9.8","76.3","15.0","575","95","52.5","11.3","30.8","10.6","(X)","(X)","(X)","(X)","85.0","10.4","15.0","10.4","0.0","5.9","73.2","12.4","26.8","12.4","108","75","5.53","2.06","108","75","4.94","1.76","36","44","0.0","51.3","22.2","53.5","77.8","53.5","108","75","92.6","14.7","32.4","31.1","(X)","(X)","(X)","(X)","59.3","33.7","40.7","33.7","0.0","27.1","30.6","28.5","69.4","28.5","199","84","2.89","0.26","199","84","2.75","0.29","84","63","0.0","32.7","0.0","32.7","100.0","32.7","199","84","42.2","25.7","29.1","20.8","(X)","(X)","(X)","(X)","70.9","21.3","29.1","21.3","0.0","16.1","29.1","19.3","70.9","19.3","511","118","1.26","0.18","(X)","(X)","(X)","(X)","(X)","(X)","(X)","(X)","(X)","(X)","(X)","(X)","511","118","0.0","6.6","54.6","14.3","84.7","10.8","44.0","14.8","68.1","11.8","30.3","11.6","1.6","2.7","49.9","13.8","50.1","13.8",
"1400000US06111001601","Census Tract 16.01, Ventura County, California","494","42","2.55","0.33","244","49","3.73","0.47","112","41","31.3","24.5","16.1","21.1","52.7","28.2","494","42","25.7","7.2","23.5","5.8","36.2","10.5","11.3","4.9","29.8","6.3","70.2","6.3","0.0","6.8","20.6","6.1","79.4","6.1","173","47","3.97","0.53","173","47","3.97","0.53","94","42","37.2","29.0","19.1","25.0","43.6","30.4","173","47","59.5","13.7","24.9","11.3","(X)","(X)","(X)","(X)","49.1","13.7","50.9","13.7","0.0","18.2","34.7","17.5","65.3","17.5","17","16","3.71","1.35","17","16","3.41","1.50","5","10","0.0","100.0","0.0","100.0","100.0","100.0","17","16","29.4","45.5","0.0","74.6","(X)","(X)","(X)","(X)","0.0","74.6","100.0","74.6","0.0","74.6","0.0","74.6","100.0","74.6","54","34","3.31","0.86","54","34","3.06","0.93","13","20","0.0","85.4","0.0","85.4","100.0","85.4","54","34","35.2","33.2","0.0","41.9","(X)","(X)","(X)","(X)","24.1","26.5","75.9","26.5","0.0","41.9","7.4","13.5","92.6","13.5","250","60","1.33","0.17","(X)","(X)","(X)","(X)","(X)","(X)","(X)","(X)","(X)","(X)","(X)","(X)","250","60","0.0","13.0","29.2","10.6","71.6","14.8","22.4","9.7","19.6","9.1","80.4","9.1","0.0","13.0","15.2","9.3","84.8","9.3",
"1400000US06111001602","Census Tract 16.02, Ventura County, California","943","42","2.62","0.15","632","52","3.09","0.17","264","38","37.5","14.3","12.5","9.4","50.0","14.0","943","42","28.0","4.0","53.0","5.5","26.1","4.9","17.6","4.0","78.8","3.7","9.0","3.4","12.2","2.7","74.3","6.2","25.7","6.2","492","62","3.20","0.30","492","62","3.06","0.22","190","41","33.7","15.8","12.1","9.9","54.2","16.1","492","62","38.6","7.5","50.0","8.3","(X)","(X)","(X)","(X)","90.4","4.9","4.3","3.7","5.3","3.6","77.4","10.0","22.6","10.0","28","22","3.82","0.82","28","22","3.14","0.42","15","16","33.3","53.9","0.0","79.5","66.7","53.9","28","22","53.6","39.3","21.4","29.8","(X)","(X)","(X)","(X)","100.0","58.2","0.0","58.2","0.0","58.2","64.3","39.4","35.7","39.4","112","37","3.69","0.59","112","37","3.20","0.44","59","23","50.8","35.6","16.9","29.6","32.2","28.5","112","37","52.7","19.0","25.0","17.5","(X)","(X)","(X)","(X)","67.9","18.8","25.0","18.4","7.1","8.3","29.5","18.2","70.5","18.2","311","49","1.22","0.11","(X)","(X)","(X)","(X)","(X)","(X)","(X)","(X)","(X)","(X)","(X)","(X)","311","49","0.0","10.6","70.7","10.6","79.1","10.8","53.4","11.7","62.4","9.8","11.6","8.4","26.0","7.4","86.5","7.9","13.5","7.9",
"1400000US06111001700","Census Tract 17, Ventura County, California","1206","78","2.76","0.18","988","94","3.07","0.19","358","72","24.0","16.5","25.4","14.1","50.6","15.9","1206","78","31.7","5.5","52.8","7.3","16.8","5.9","12.4","5.0","100.0","2.9","0.0","2.9","0.0","2.9","90.7","5.4","9.3","5.4","875","104","3.06","0.20","875","104","3.05","0.20","277","68","31.0","19.1","28.9","16.8","40.1","14.9","875","104","32.5","6.8","50.1","9.3","(X)","(X)","(X)","(X)","100.0","3.9","0.0","3.9","0.0","3.9","91.8","5.9","8.2","5.9","61","57","3.16","0.29","61","57","2.39","0.35","46","54","0.0","45.4","0.0","45.4","100.0","45.4","61","57","75.4","33.6","24.6","33.6","(X)","(X)","(X)","(X)","100.0","39.4","0.0","39.4","0.0","39.4","34.4","43.9","65.6","43.9","52","38","4.37","1.29","52","38","4.15","1.33","35","34","0.0","52.0","31.4","46.0","68.6","46.0","52","38","100.0","42.7","32.7","35.9","(X)","(X)","(X)","(X)","100.0","42.7","0.0","42.7","0.0","42.7","100.0","42.7","0.0","42.7","218","73","1.07","0.08","(X)","(X)","(X)","(X)","(X)","(X)","(X)","(X)","(X)","(X)","(X)","(X)","218","73","0.0","14.8","76.6","14.4","93.1","7.7","68.8","15.5","100.0","14.8","0.0","14.8","0.0","14.8","100.0","14.8","0.0","14.8",
"1400000US06111001800","Census Tract 18, Ventura County, California","1601","84","2.84","0.21","1269","94","3.19","0.23","364","66","21.7","12.0","24.7","14.4","53.6","15.0","1601","84","27.4","3.3","57.3","5.1","19.0","4.9","12.7","4.0","93.6","2.6","3.9","2.0","2.4","1.7","84.3","4.7","15.7","4.7","1077","100","3.34","0.32","1077","100","3.26","0.26","311","67","18.6","12.3","21.5","15.8","59.8","15.6","1077","100","33.4","5.1","58.5","6.4","(X)","(X)","(X)","(X)","97.1","2.2","2.9","2.2","0.0","3.2","88.3","5.2","11.7","5.2","47","43","3.19","0.32","47","43","3.00","0.43","33","37","63.6","57.5","36.4","57.5","0.0","53.6","47","43","70.2","34.9","14.9","26.5","(X)","(X)","(X)","(X)","100.0","44.9","0.0","44.9","0.0","44.9","100.0","44.9","0.0","44.9","145","66","2.87","0.36","145","66","2.74","0.34","20","23","0.0","68.8","55.0","55.0","45.0","55.0","145","66","31.0","20.7","33.1","20.6","(X)","(X)","(X)","(X)","92.4","12.4","0.0","21.2","7.6","12.4","75.9","20.6","24.1","20.6","332","82","1.13","0.12","(X)","(X)","(X)","(X)","(X)","(X)","(X)","(X)","(X)","(X)","(X)","(X)","332","82","0.0","10.0","69.9","10.8","91.6","7.5","61.4","13.9","81.9","9.7","9.6","7.6","8.4","6.6","72.9","11.4","27.1","11.4",
"1400000US06111001900","Census Tract 19, Ventura County, California","1617","92","2.54","0.25","1004","106","3.18","0.40","421","72","31.8","15.8","8.1","7.4","60.1","16.7","1617","92","29.8","4.0","48.3","6.8","30.4","5.7","17.7","4.6","76.8","5.5","23.2","5.5","0.0","2.1","54.9","6.7","45.1","6.7","786","115","3.35","0.49","786","115","3.35","0.49","296","61","37.2","19.0","8.4","9.3","54.4","19.2","786","115","40.7","7.6","35.1","8.2","(X)","(X)","(X)","(X)","90.2","5.9","9.8","5.9","0.0","4.4","67.0","10.1","33.0","10.1","42","41","3.17","1.75","42","41","2.24","0.18","24","36","100.0","62.8","0.0","62.8","0.0","62.8","42","41","57.1","52.5","19.0","34.2","(X)","(X)","(X)","(X)","100.0","47.5","0.0","47.5","0.0","47.5","19.0","34.2","81.0","34.2","176","77","3.20","0.63","176","77","2.65","0.39","101","67","0.0","28.5","8.9","14.8","91.1","14.8","176","77","78.4","16.4","42.6","25.1","(X)","(X)","(X)","(X)","81.3","16.0","18.8","16.0","0.0","17.9","36.9","25.8","63.1","25.8","613","107","1.26","0.14","(X)","(X)","(X)","(X)","(X)","(X)","(X)","(X)","(X)","(X)","(X)","(X)","613","107","0.0","5.5","68.8","10.7","80.3","8.6","46.8","10.6","56.8","11.8","43.2","11.8","0.0","5.5","47.0","11.9","53.0","11.9",
"1400000US06111002000","Census Tract 20, Ventura County, California","1076","73","2.40","0.24","743","72","2.87","0.26","239","69","14.2","13.5","9.2","10.2","76.6","12.8","1076","73","23.0","6.7","49.1","6.4","25.0","6.8","5.0","3.0","76.9","6.4","23.1","6.4","0.0","3.2","62.6","8.6","37.4","8.6","609","72","2.95","0.29","609","72","2.88","0.30","159","47","21.4","19.5","13.8","14.8","64.8","17.1","609","72","27.4","7.8","59.8","8.1","(X)","(X)","(X)","(X)","92.0","5.5","8.0","5.5","0.0","5.6","78.2","11.2","21.8","11.2","23","26","2.65","0.84","23","26","2.22","0.28","14","21","0.0","82.3","0.0","82.3","100.0","82.2","23","26","60.9","59.3","39.1","59.3","(X)","(X)","(X)","(X)","100.0","64.2","0.0","64.2","0.0","64.2","60.9","59.3","39.1","59.3","111","63","2.93","0.47","111","63","2.93","0.47","66","51","0.0","37.9","0.0","37.9","100.0","37.9","111","63","59.5","28.8","49.5","29.9","(X)","(X)","(X)","(X)","48.6","30.5","51.4","30.5","0.0","26.5","48.6","30.5","51.4","30.5","333","86","1.20","0.11","(X)","(X)","(X)","(X)","(X)","(X)","(X)","(X)","(X)","(X)","(X)","(X)","333","86","0.0","10.0","30.0","14.6","80.8","10.2","16.2","9.1","57.1","16.5","42.9","16.5","0.0","10.0","39.0","15.3","61.0","15.3",
"1400000US06111002102","Census Tract 21.02, Ventura County, California","1031","88","1.59","0.12","273","78","2.44","0.21","70","27","38.6","34.2","20.0","27.0","41.4","31.0","1031","88","6.8","2.7","39.0","8.3","58.7","8.9","14.8","6.0","36.6","8.7","63.4","8.7","0.0","3.3","21.9","6.1","78.1","6.1","209","68","2.50","0.27","209","68","2.44","0.27","38","20","34.2","45.1","36.8","46.7","28.9","43.3","209","68","18.2","8.9","27.8","13.5","(X)","(X)","(X)","(X)","67.0","16.9","33.0","16.9","0.0","15.4","53.6","15.0","46.4","15.0","25","27","3.12","0.69","25","27","2.64","0.63","25","27","56.0","56.0","0.0","61.6","44.0","56.0","25","27","100.0","61.6","0.0","61.6","(X)","(X)","(X)","(X)","44.0","56.0","56.0","56.0","0.0","61.6","44.0","56.0","56.0","56.0","39","28","2.36","0.21","39","28","2.36","0.21","7","11","0.0","100.0","0.0","100.0","100.0","100.0","39","28","17.9","26.0","61.5","27.6","(X)","(X)","(X)","(X)","23.1","33.1","76.9","33.1","0.0","49.3","23.1","33.1","76.9","33.1","758","103","1.25","0.12","(X)","(X)","(X)","(X)","(X)","(X)","(X)","(X)","(X)","(X)","(X)","(X)","758","103","0.0","4.5","42.2","10.3","79.8","9.8","20.2","7.8","28.6","10.2","71.4","10.2","0.0","4.5","12.4","5.8","87.6","5.8",
"1400000US06111002200","Census Tract 22, Ventura County, California","2158","132","2.91","0.31","1387","205","3.64","0.42","623","175","36.4","15.0","26.3","15.2","37.2","16.5","2158","132","34.4","8.3","34.4","8.3","34.4","8.8","7.2","3.0","68.2","8.5","30.7","8.4","1.2","1.3","38.6","7.8","61.4","7.8","742","150","3.85","0.60","742","150","3.68","0.59","210","88","26.2","19.7","29.0","27.1","44.8","21.4","742","150","37.2","12.8","44.7","15.2","(X)","(X)","(X)","(X)","81.3","11.2","17.1","11.1","1.6","2.6","59.6","15.1","40.4","15.1","185","116","3.86","1.42","185","116","3.45","1.26","144","111","39.6","39.9","23.6","35.0","36.8","40.8","185","116","77.8","26.7","14.6","21.9","(X)","(X)","(X)","(X)","40.0","31.9","60.0","31.9","0.0","17.2","41.1","31.6","58.9","31.6","460","175","4.13","0.67","460","175","3.67","0.65","269","146","42.8","24.6","25.7","25.4","31.6","28.7","460","175","70.2","19.8","25.2","20.3","(X)","(X)","(X)","(X)","75.0","18.6","25.0","18.6","0.0","7.3","26.7","17.4","73.3","17.4","771","193","1.04","0.04","(X)","(X)","(X)","(X)","(X)","(X)","(X)","(X)","(X)","(X)","(X)","(X)","771","193","0.0","4.4","34.8","11.0","96.2","4.3","20.2","8.4","58.2","17.0","40.1","17.0","1.7","2.8","24.9","10.4","75.1","10.4",
"1400000US06111002300","Census Tract 23, Ventura County, California","2074","118","3.12","0.47","1429","192","3.75","0.67","828","173","8.8","8.4","19.2","12.1","72.0","13.8","2074","118","41.3","7.9","23.3","7.6","23.0","8.2","3.8","2.5","67.5","8.6","29.0","8.0","3.5","3.2","39.0","7.3","61.0","7.3","1020","198","4.02","0.96","1020","198","4.00","0.96","583","176","12.5","11.7","17.8","12.6","69.6","16.4","1020","198","58.8","13.4","22.5","11.1","(X)","(X)","(X)","(X)","80.1","9.6","19.9","9.6","0.0","3.4","47.7","12.6","52.3","12.6","152","111","2.75","0.56","152","111","2.69","0.52","57","75","0.0","40.8","17.5","42.7","82.5","42.7","152","111","37.5","40.8","0.0","20.4","(X)","(X)","(X)","(X)","92.8","13.3","7.2","13.3","0.0","20.4","0.0","20.4","100.0","20.4","257","116","4.05","0.81","257","116","3.36","0.80","188","103","0.0","16.9","23.9","25.2","76.1","25.2","257","116","77.8","20.4","23.0","21.5","(X)","(X)","(X)","(X)","66.9","24.0","21.4","19.6","11.7","14.6","21.8","20.0","78.2","20.0","645","191","1.41","0.29","(X)","(X)","(X)","(X)","(X)","(X)","(X)","(X)","(X)","(X)","(X)","(X)","645","191","0.0","5.3","30.2","14.6","73.8","15.3","12.1","8.2","41.7","14.4","51.6","15.5","6.7","10.2","41.1","16.1","58.9","16.1",
"1400000US06111002400","Census Tract 24, Ventura County, California","1334","117","1.85","0.15","454","103","2.69","0.35","168","68","10.1","14.7","8.9","12.8","81.0","19.8","1334","117","12.6","4.8","29.4","7.2","54.3","8.1","10.6","5.4","12.8","4.7","87.2","4.7","0.0","2.6","7.2","3.2","92.8","3.2","209","63","3.06","0.48","209","63","2.98","0.46","59","37","16.9","31.3","25.4","33.6","57.6","41.2","209","63","28.2","15.9","33.5","15.3","(X)","(X)","(X)","(X)","9.1","9.7","90.9","9.7","0.0","15.4","16.3","11.1","83.7","11.1","119","78","2.50","0.52","119","78","2.23","0.26","34","42","0.0","52.8","0.0","52.8","100.0","52.8","119","78","28.6","31.2","25.2","26.5","(X)","(X)","(X)","(X)","17.6","21.5","82.4","21.5","0.0","25.1","0.0","25.1","100.0","25.1","126","65","3.32","0.83","126","65","2.65","0.63","75","52","9.3","21.1","0.0","35.2","90.7","21.1","126","65","59.5","30.8","20.6","21.3","(X)","(X)","(X)","(X)","11.9","14.8","88.1","14.8","0.0","23.9","7.1","10.8","92.9","10.8","880","124","1.27","0.17","(X)","(X)","(X)","(X)","(X)","(X)","(X)","(X)","(X)","(X)","(X)","(X)","880","124","0.0","3.9","30.2","9.8","82.3","7.3","16.1","7.6","13.2","6.5","86.8","6.5","0.0","3.9","6.0","3.7","94.0","3.7",
"1400000US06111002500","Census Tract 25, Ventura County, California","2265","139","2.37","0.19","1445","163","2.84","0.26","519","135","12.7","10.4","16.4","14.5","70.9","16.6","2265","139","26.1","5.3","50.7","6.4","27.5","5.8","11.5","4.9","59.9","6.7","29.2","6.2","10.9","3.5","43.3","6.7","56.7","6.7","1048","176","2.83","0.30","1048","176","2.83","0.30","359","118","18.4","14.2","23.7","20.3","57.9","21.9","1048","176","37.7","9.8","49.7","9.5","(X)","(X)","(X)","(X)","62.7","9.8","24.3","8.1","13.0","6.3","53.9","10.2","46.1","10.2","154","104","4.11","0.71","154","104","3.99","0.81","17","26","0.0","74.6","0.0","74.6","100.0","74.6","154","104","34.4","30.5","55.8","32.1","(X)","(X)","(X)","(X)","65.6","30.5","34.4","30.5","0.0","20.2","18.2","25.6","81.8","25.6","243","126","2.73","0.39","243","126","2.16","0.11","143","114","0.0","21.5","0.0","21.5","100.0","21.5","243","126","58.8","30.6","32.9","24.7","(X)","(X)","(X)","(X)","47.3","27.2","52.7","27.2","0.0","13.4","16.0","18.0","84.0","18.0","820","167","1.36","0.17","(X)","(X)","(X)","(X)","(X)","(X)","(X)","(X)","(X)","(X)","(X)","(X)","820","167","0.0","4.2","56.3","13.1","76.0","11.4","31.7","13.2","59.0","13.6","27.6","12.7","13.4","9.6","42.6","14.4","57.4","14.4",
"1400000US06111002600","Census Tract 26, Ventura County, California","1353","83","2.18","0.17","744","98","2.80","0.22","242","55","18.2","14.0","15.3","14.2","66.5","15.8","1353","83","19.0","4.0","31.1","6.0","34.2","8.4","6.9","3.7","76.9","6.5","23.1","6.5","0.0","2.6","43.8","5.6","56.2","5.6","554","89","2.79","0.25","554","89","2.77","0.25","126","48","34.9","21.4","19.0","19.2","46.0","17.4","554","89","25.5","8.4","30.1","7.6","(X)","(X)","(X)","(X)","87.2","8.6","12.8","8.6","0.0","6.1","58.7","10.3","41.3","10.3","55","36","2.84","1.37","55","36","2.75","1.34","32","27","0.0","54.4","0.0","54.4","100.0","54.4","55","36","58.2","32.9","61.8","35.0","(X)","(X)","(X)","(X)","69.1","28.3","30.9","28.3","0.0","41.5","69.1","28.3","30.9","28.3","135","56","3.25","0.42","135","56","2.94","0.33","84","43","0.0","32.7","15.5","22.8","84.5","22.8","135","56","62.2","18.6","19.3","16.4","(X)","(X)","(X)","(X)","80.0","17.3","20.0","17.3","0.0","22.6","26.7","21.5","73.3","21.5","609","117","1.32","0.15","(X)","(X)","(X)","(X)","(X)","(X)","(X)","(X)","(X)","(X)","(X)","(X)","609","117","0.0","5.6","31.9","11.0","76.0","11.1","15.4","7.9","67.5","10.7","32.5","10.7","0.0","5.6","31.9","10.5","68.1","10.5",
"1400000US06111002700","Census Tract 27, Ventura County, California","1826","72","2.37","0.13","900","122","3.19","0.18","412","85","23.3","11.0","14.3","11.4","62.4","15.4","1826","72","24.8","4.6","51.2","5.1","38.8","5.2","22.8","4.9","47.4","5.1","52.6","5.1","0.0","1.9","39.5","4.9","60.5","4.9","582","84","3.43","0.22","582","84","3.31","0.20","264","60","30.7","14.5","11.4","10.9","58.0","16.6","582","84","49.3","7.9","34.5","7.5","(X)","(X)","(X)","(X)","73.0","8.7","27.0","8.7","0.0","5.8","55.5","10.4","44.5","10.4","66","38","3.02","0.68","66","38","2.56","0.46","56","36","16.1","25.6","0.0","41.1","83.9","25.6","66","38","84.8","22.8","31.8","30.0","(X)","(X)","(X)","(X)","47.0","29.2","53.0","29.2","0.0","37.9","45.5","31.7","54.5","31.7","252","109","3.31","0.45","252","109","3.08","0.46","92","71","6.5","11.2","31.5","42.2","62.0","42.2","252","109","43.3","22.0","37.7","21.7","(X)","(X)","(X)","(X)","64.3","20.9","35.7","20.9","0.0","12.9","34.9","19.2","65.1","19.2","926","127","1.40","0.14","(X)","(X)","(X)","(X)","(X)","(X)","(X)","(X)","(X)","(X)","(X)","(X)","926","127","0.0","3.7","66.7","8.7","76.6","8.6","45.0","8.7","26.7","7.2","73.3","7.2","0.0","3.7","30.2","7.3","69.8","7.3",
"1400000US06111002800","Census Tract 28, Ventura County, California","2508","102","2.62","0.17","1627","166","3.13","0.19","630","120","38.1","15.8","21.7","13.5","40.2","16.4","2508","102","29.9","5.4","35.0","4.7","27.8","6.3","8.1","3.8","77.1","5.2","22.1","5.4","0.8","1.0","46.9","6.3","53.1","6.3","1107","176","3.33","0.27","1107","176","3.17","0.23","410","124","37.8","21.4","19.8","14.9","42.4","19.9","1107","176","43.6","10.7","36.9","10.1","(X)","(X)","(X)","(X)","87.6","8.4","11.5","8.3","0.9","1.5","60.0","11.5","40.0","11.5","146","82","3.16","0.55","146","82","2.66","0.31","82","68","36.6","39.1","48.8","51.2","14.6","29.5","146","82","56.2","30.6","43.8","30.6","(X)","(X)","(X)","(X)","81.5","24.1","18.5","24.1","0.0","21.1","33.6","27.4","66.4","27.4","374","154","3.51","0.48","374","154","3.19","0.47","138","92","39.9","35.6","11.6","20.7","48.6","33.2","374","154","49.2","18.3","41.7","15.6","(X)","(X)","(X)","(X)","94.1","6.7","5.9","6.7","0.0","8.9","52.9","19.2","47.1","19.2","881","173","1.26","0.15","(X)","(X)","(X)","(X)","(X)","(X)","(X)","(X)","(X)","(X)","(X)","(X)","881","173","0.0","3.9","28.1","11.4","79.2","11.6","23.2","10.1","55.8","12.3","42.9","12.3","1.2","2.1","30.0","12.1","70.0","12.1",
"1400000US06111002901","Census Tract 29.01, Ventura County, California","1706","86","3.28","0.20","1449","103","3.57","0.25","513","125","1.8","2.7","3.7","4.2","94.5","5.8","1706","86","37.0","5.7","55.5","6.3","13.1","4.5","7.6","3.1","80.7","5.0","19.3","5.0","0.0","2.0","73.3","4.8","26.7","4.8","1077","111","3.61","0.27","1077","111","3.57","0.28","270","95","0.0","12.1","7.0","7.6","93.0","7.6","1077","111","32.8","8.0","57.4","8.7","(X)","(X)","(X)","(X)","94.2","5.0","5.8","5.0","0.0","3.2","87.7","6.3","12.3","6.3","149","85","4.33","0.99","149","85","4.14","0.93","90","74","10.0","19.3","0.0","31.1","90.0","19.3","149","85","83.9","17.2","40.9","26.9","(X)","(X)","(X)","(X)","58.4","34.4","41.6","34.4","0.0","20.8","52.3","33.7","47.7","33.7","223","102","3.45","0.34","223","102","3.15","0.44","153","91","0.0","20.3","0.0","20.3","100.0","20.3","223","102","68.6","21.5","35.0","22.6","(X)","(X)","(X)","(X)","24.2","18.8","75.8","18.8","0.0","14.5","15.2","15.1","84.8","15.1","257","79","1.12","0.10","(X)","(X)","(X)","(X)","(X)","(X)","(X)","(X)","(X)","(X)","(X)","(X)","257","79","0.0","12.7","73.9","18.5","86.8","10.9","50.6","17.4","86.4","18.9","13.6","18.9","0.0","12.7","75.1","19.1","24.9","19.1",
"1400000US06111002905","Census Tract 29.05, Ventura County, California","1572","110","3.43","0.24","1363","117","3.57","0.27","456","85","24.6","14.4","17.1","14.8","58.3","17.7","1572","110","34.7","6.2","48.2","5.6","8.8","3.8","4.7","3.4","88.8","5.0","11.2","5.0","0.0","2.2","70.4","7.4","29.6","7.4","947","110","3.75","0.28","947","110","3.75","0.28","351","80","23.1","15.8","22.2","18.7","54.7","19.9","947","110","44.4","7.8","45.4","7.2","(X)","(X)","(X)","(X)","92.4","6.3","7.6","6.3","0.0","3.6","75.9","9.4","24.1","9.4","131","70","4.59","0.89","131","70","3.83","0.65","22","25","0.0","65.6","0.0","65.6","100.0","65.6","131","70","16.8","19.9","38.9","28.8","(X)","(X)","(X)","(X)","93.1","11.8","6.9","11.8","0.0","23.2","45.8","29.7","54.2","29.7","285","116","3.13","0.63","285","116","2.86","0.62","83","66","37.3","46.9","0.0","32.9","62.7","46.9","285","116","36.5","20.7","48.4","20.7","(X)","(X)","(X)","(X)","79.6","19.0","20.4","19.0","0.0","11.5","56.8","20.7","43.2","20.7","209","69","1.66","0.40","(X)","(X)","(X)","(X)","(X)","(X)","(X)","(X)","(X)","(X)","(X)","(X)","209","69","0.0","15.4","66.5","16.7","66.5","16.1","35.4","20.3","82.3","12.3","17.7","12.3","0.0","15.4","78.9","13.6","21.1","13.6",
"1400000US06111003010","Census Tract 30.10, Ventura County, California","970","45","3.31","0.23","696","60","3.76","0.22","351","63","22.5","10.7","25.1","10.8","52.4","11.1","970","45","43.9","5.1","32.7","4.2","20.6","4.8","7.0","2.7","55.8","5.6","44.2","5.6","0.0","3.5","53.4","5.9","46.6","5.9","410","59","4.24","0.43","410","59","4.09","0.37","214","47","25.2","14.1","33.2","13.8","41.6","14.4","410","59","62.7","9.1","18.3","6.3","(X)","(X)","(X)","(X)","59.8","11.5","40.2","11.5","0.0","8.2","53.4","11.4","46.6","11.4","53","37","3.21","0.66","53","37","3.11","0.65","24","23","0.0","62.8","20.8","38.9","79.2","38.9","53","37","66.0","35.8","28.3","32.6","(X)","(X)","(X)","(X)","20.8","23.8","79.2","23.8","0.0","42.3","67.9","32.0","32.1","32.0","233","59","3.61","0.47","233","59","3.35","0.45","113","51","22.1","20.3","10.6","16.1","67.3","23.1","233","59","55.4","15.3","40.3","14.0","(X)","(X)","(X)","(X)","48.9","16.5","51.1","16.5","0.0","13.9","46.8","15.2","53.2","15.2","274","53","1.67","0.44","(X)","(X)","(X)","(X)","(X)","(X)","(X)","(X)","(X)","(X)","(X)","(X)","274","53","1.8","2.7","48.5","10.7","73.0","10.1","24.8","8.9","62.4","10.2","37.6","10.2","0.0","12.0","56.2","10.4","43.8","10.4",
"1400000US06111003011","Census Tract 30.11, Ventura County, California","1546","66","3.57","0.21","1211","91","3.96","0.28","653","94","11.3","7.9","24.8","10.5","63.9","11.1","1546","66","50.2","5.9","31.2","6.2","17.7","4.6","6.0","3.1","54.7","7.2","45.3","7.2","0.0","2.2","41.1","6.7","58.9","6.7","780","122","4.24","0.35","780","122","4.05","0.36","415","102","11.8","9.1","19.3","11.9","68.9","14.7","780","122","60.0","10.6","28.7","8.2","(X)","(X)","(X)","(X)","65.1","9.1","34.9","9.1","0.0","4.4","53.6","9.9","46.4","9.9","22","27","2.82","0.86","22","27","2.82","0.86","0","17","-","**","-","**","-","**","22","27","0.0","65.6","100.0","65.6","(X)","(X)","(X)","(X)","0.0","65.6","100.0","65.6","0.0","65.6","0.0","65.6","100.0","65.6","409","109","4.24","0.56","409","109","3.84","0.43","238","87","10.5","14.4","34.5","20.4","55.0","18.8","409","109","75.3","13.1","24.9","16.7","(X)","(X)","(X)","(X)","38.9","17.9","61.1","17.9","0.0","8.2","21.3","14.5","78.7","14.5","335","85","1.24","0.17","(X)","(X)","(X)","(X)","(X)","(X)","(X)","(X)","(X)","(X)","(X)","(X)","335","85","0.0","9.9","40.3","15.0","81.8","12.4","27.5","15.2","53.1","17.7","46.9","17.7","0.0","9.9","39.1","17.4","60.9","17.4",
"1400000US06111003012","Census Tract 30.12, Ventura County, California","154","127","4.38","1.46","141","132","4.70","1.15","122","135","31.1","51.1","68.9","51.1","0.0","24.6","154","127","79.2","32.7","10.4","22.5","8.4","19.1","8.4","19.1","0.0","20.2","100.0","20.2","0.0","20.2","0.0","20.2","100.0","20.2","80","94","4.63","1.27","80","94","4.63","1.27","80","94","47.5","52.5","52.5","52.5","0.0","33.7","80","94","100.0","33.7","0.0","33.7","(X)","(X)","(X)","(X)","0.0","33.7","100.0","33.7","0.0","33.7","0.0","33.7","100.0","33.7","19","17","2.63","0.28","19","17","2.63","0.28","0","12","-","**","-","**","-","**","19","17","0.0","70.6","15.8","37.3","(X)","(X)","(X)","(X)","0.0","70.6","100.0","70.6","0.0","70.6","0.0","70.6","100.0","70.6","42","69","5.76","0.40","42","69","5.76","0.40","42","69","0.0","47.5","100.0","47.5","0.0","47.5","42","69","100.0","47.5","0.0","47.5","(X)","(X)","(X)","(X)","0.0","47.5","100.0","47.5","0.0","47.5","0.0","47.5","100.0","47.5","13","21","-","**","(X)","(X)","(X)","(X)","(X)","(X)","(X)","(X)","(X)","(X)","(X)","(X)","13","21","0.0","85.4","100.0","85.4","100.0","85.4","100.0","85.4","0.0","85.4","100.0","85.4","0.0","85.4","0.0","85.4","100.0","85.4",
"1400000US06111003013","Census Tract 30.13, Ventura County, California","1536","83","3.59","0.38","1123","122","4.18","0.39","499","121","15.6","12.9","21.6","13.1","62.7","15.1","1536","83","40.2","8.0","32.4","5.8","19.3","7.0","4.5","3.4","44.1","6.0","45.0","5.9","10.9","3.7","50.0","7.3","50.0","7.3","782","119","4.49","0.62","782","119","4.30","0.50","326","104","21.2","17.8","21.2","16.2","57.7","19.9","782","119","53.3","11.5","40.3","10.6","(X)","(X)","(X)","(X)","62.7","10.8","28.1","10.5","9.2","5.0","63.2","13.4","36.8","13.4","141","89","4.21","0.74","141","89","3.81","0.82","84","72","10.7","27.3","46.4","45.6","42.9","41.6","141","89","59.6","31.8","6.4","11.3","(X)","(X)","(X)","(X)","12.8","19.6","69.5","27.2","17.7","22.7","24.1","23.2","75.9","23.2","200","76","4.26","0.74","200","76","3.98","0.60","89","58","0.0","31.4","0.0","31.4","100.0","31.4","200","76","58.5","20.6","39.0","21.8","(X)","(X)","(X)","(X)","33.0","20.2","51.0","24.8","16.0","15.0","49.0","24.8","51.0","24.8","413","124","1.34","0.17","(X)","(X)","(X)","(X)","(X)","(X)","(X)","(X)","(X)","(X)","(X)","(X)","413","124","0.0","8.1","23.2","12.7","71.7","14.5","16.7","11.7","24.9","14.8","65.6","16.0","9.4","6.4","34.4","16.0","65.6","16.0",
"1400000US06111003100","Census Tract 31, Ventura County, California","3326","148","4.30","0.29","3056","176","4.37","0.25","1562","224","13.6","8.0","26.3","10.0","60.1","10.6","3326","148","55.7","6.3","36.3","5.1","4.4","3.1","2.4","1.7","99.2","1.0","0.0","1.0","0.8","1.0","84.9","6.5","15.1","6.5","2331","253","4.60","0.34","2331","253","4.56","0.33","1169","233","16.8","10.5","25.7","11.0","57.5","11.9","2331","253","59.5","7.1","37.0","5.6","(X)","(X)","(X)","(X)","99.6","0.7","0.0","1.5","0.4","0.7","89.7","6.1","10.3","6.1","269","150","4.69","0.81","269","150","4.25","0.56","89","90","0.0","31.4","84.3","32.8","15.7","32.8","269","150","44.6","27.6","43.9","29.5","(X)","(X)","(X)","(X)","100.0","12.2","0.0","12.2","0.0","12.2","47.2","31.2","52.8","31.2","456","162","4.10","0.64","456","162","3.49","0.55","304","138","5.3","9.1","11.5","13.1","83.2","15.7","456","162","75.4","13.6","19.1","12.0","(X)","(X)","(X)","(X)","100.0","7.4","0.0","7.4","0.0","7.4","85.5","10.9","14.5","10.9","270","141","1.65","0.45","(X)","(X)","(X)","(X)","(X)","(X)","(X)","(X)","(X)","(X)","(X)","(X)","270","141","0.0","12.1","52.2","29.8","54.1","30.5","29.3","21.0","93.3","12.3","0.0","12.1","6.7","12.3","80.7","26.9","19.3","26.9",
"1400000US06111003201","Census Tract 32.01, Ventura County, California","700","63","5.95","0.54","618","75","5.38","0.56","390","75","6.4","6.7","32.8","13.3","60.8","14.6","700","63","69.6","7.1","25.9","5.2","4.4","3.3","4.4","3.3","81.4","7.0","16.9","6.6","1.7","2.7","27.1","6.3","72.9","6.3","355","84","6.13","0.69","355","84","5.73","0.58","252","66","6.3","8.4","34.5","15.9","59.1","17.8","355","84","80.3","9.2","17.7","8.6","(X)","(X)","(X)","(X)","78.6","12.8","18.0","11.3","3.4","5.5","23.1","9.7","76.9","9.7","55","36","5.22","2.17","55","36","4.80","2.24","35","29","0.0","52.0","0.0","52.0","100.0","52.0","55","36","83.6","18.8","16.4","18.8","(X)","(X)","(X)","(X)","85.5","24.4","14.5","24.4","0.0","41.5","36.4","29.5","63.6","29.5","208","80","6.37","1.00","208","80","4.92","0.85","103","55","8.7","13.7","39.8","29.7","51.5","26.5","208","80","66.3","17.4","30.3","15.6","(X)","(X)","(X)","(X)","84.6","12.5","15.4","12.5","0.0","15.4","29.8","13.5","70.2","13.5","82","41","4.57","2.22","(X)","(X)","(X)","(X)","(X)","(X)","(X)","(X)","(X)","(X)","(X)","(X)","82","41","22.0","28.6","56.1","31.5","37.8","26.9","37.8","26.9","82.9","18.6","17.1","18.6","0.0","33.2","31.7","26.2","68.3","26.2",
"1400000US06111003300","Census Tract 33, Ventura County, California","2237","125","3.91","0.30","1921","159","4.17","0.32","889","169","11.2","6.4","31.4","12.1","57.4","12.7","2237","125","48.2","8.3","33.3","6.6","10.1","4.0","4.3","2.1","61.9","6.1","38.1","6.1","0.0","1.6","40.9","6.4","59.1","6.4","1204","183","4.62","0.46","1204","183","4.50","0.45","632","131","13.6","7.9","41.9","14.0","44.5","13.3","1204","183","59.9","8.5","30.1","8.3","(X)","(X)","(X)","(X)","68.5","6.9","31.5","6.9","0.0","2.9","49.4","8.7","50.6","8.7","184","98","4.26","1.47","184","98","4.15","1.45","28","33","50.0","50.0","50.0","50.0","0.0","58.2","184","98","49.5","34.0","59.8","32.0","(X)","(X)","(X)","(X)","35.3","26.6","64.7","26.6","0.0","17.2","35.3","26.6","64.7","26.6","533","138","3.69","0.42","533","138","3.44","0.41","229","126","0.0","14.1","0.0","14.1","100.0","14.1","533","138","50.1","22.0","22.1","12.4","(X)","(X)","(X)","(X)","55.7","14.3","44.3","14.3","0.0","6.4","22.9","12.7","77.1","12.7","316","124","1.36","0.25","(X)","(X)","(X)","(X)","(X)","(X)","(X)","(X)","(X)","(X)","(X)","(X)","316","124","0.0","10.5","48.7","20.4","71.8","18.9","30.4","16.0","62.7","21.5","37.3","21.5","0.0","10.5","42.1","21.0","57.9","21.0",
"1400000US06111003605","Census Tract 36.05, Ventura County, California","2829","156","3.40","0.21","2274","195","3.63","0.25","1030","176","13.3","8.1","18.3","8.2","68.3","12.1","2829","156","43.7","5.3","45.0","5.5","16.0","4.7","11.2","4.1","76.1","5.8","23.4","5.9","0.6","0.9","56.2","7.2","43.8","7.2","1349","229","3.67","0.36","1349","229","3.60","0.36","510","158","14.7","9.5","24.3","16.3","61.0","19.2","1349","229","41.1","8.9","41.8","8.4","(X)","(X)","(X)","(X)","84.7","7.6","14.2","7.5","1.2","1.9","73.4","9.8","26.6","9.8","175","109","5.27","1.55","175","109","3.92","0.89","100","79","6.0","11.3","48.0","37.8","46.0","37.9","175","109","71.4","27.2","29.7","25.8","(X)","(X)","(X)","(X)","72.0","26.2","28.0","26.2","0.0","18.0","29.7","26.3","70.3","26.3","750","188","3.95","0.51","750","188","3.61","0.48","420","163","13.3","15.7","4.0","6.8","82.6","17.1","750","188","67.6","12.0","32.7","13.7","(X)","(X)","(X)","(X)","73.5","14.7","26.5","14.7","0.0","4.6","37.3","14.9","62.7","14.9","555","148","1.40","0.40","(X)","(X)","(X)","(X)","(X)","(X)","(X)","(X)","(X)","(X)","(X)","(X)","555","148","9.2","13.3","74.4","13.3","81.4","15.1","57.3","15.5","60.0","16.4","40.0","16.4","0.0","6.1","48.1","15.5","51.9","15.5",
"1400000US06111003608","Census Tract 36.08, Ventura County, California","1005","43","4.00","0.34","844","65","4.36","0.37","408","69","12.7","9.1","29.7","11.6","57.6","11.1","1005","43","50.0","7.1","35.5","5.3","12.1","4.2","2.9","1.7","79.5","4.3","20.5","4.3","0.0","3.4","61.6","5.2","38.4","5.2","649","79","4.56","0.46","649","79","4.54","0.46","322","68","10.6","6.7","27.6","12.3","61.8","13.2","649","79","56.1","8.4","41.9","7.7","(X)","(X)","(X)","(X)","87.2","6.9","12.8","6.9","0.0","5.2","70.7","8.0","29.3","8.0","80","48","3.93","0.74","80","48","2.88","0.44","43","40","41.9","51.4","39.5","52.3","18.6","30.1","80","48","70.0","23.1","17.5","18.2","(X)","(X)","(X)","(X)","46.3","28.6","53.8","28.6","0.0","33.7","31.3","24.6","68.8","24.6","115","46","4.67","0.76","115","46","4.41","0.67","43","31","0.0","46.9","34.9","44.7","65.1","44.7","115","46","71.3","17.7","30.4","18.6","(X)","(X)","(X)","(X)","69.6","21.4","30.4","21.4","0.0","25.8","44.3","21.3","55.7","21.3","161","46","1.29","0.22","(X)","(X)","(X)","(X)","(X)","(X)","(X)","(X)","(X)","(X)","(X)","(X)","161","46","0.0","19.4","22.4","11.2","75.8","18.5","18.0","10.1","72.0","17.5","28.0","17.5","0.0","19.4","52.2","13.9","47.8","13.9",
"1400000US06111003609","Census Tract 36.09, Ventura County, California","2965","261","1.98","0.15","1629","202","2.41","0.16","226","122","32.3","22.6","0.0","14.3","67.7","22.6","2965","261","8.1","4.1","58.5","6.4","34.1","5.5","15.1","4.7","66.5","6.1","24.9","6.0","8.7","2.2","63.7","7.2","36.3","7.2","1435","198","2.36","0.18","1435","198","2.34","0.18","174","112","33.9","29.2","0.0","18.1","66.1","29.2","1435","198","12.1","7.3","67.7","8.3","(X)","(X)","(X)","(X)","66.1","8.6","24.5","8.4","9.3","3.8","73.9","9.1","26.1","9.1","53","35","3.87","0.61","53","35","3.55","0.82","18","28","0.0","72.5","0.0","72.5","100.0","72.5","53","35","58.5","35.1","43.4","49.0","(X)","(X)","(X)","(X)","100.0","42.3","0.0","42.3","0.0","42.3","43.4","49.0","56.6","49.0","141","70","2.82","0.28","141","70","2.64","0.27","34","40","41.2","57.5","0.0","52.8","58.8","57.5","141","70","24.1","23.9","64.5","31.6","(X)","(X)","(X)","(X)","67.4","23.8","25.5","23.7","7.1","11.4","43.3","25.8","56.7","25.8","1336","247","1.41","0.23","(X)","(X)","(X)","(X)","(X)","(X)","(X)","(X)","(X)","(X)","(X)","(X)","1336","247","0.0","2.6","48.6","10.4","75.7","9.6","33.5","10.0","65.4","10.5","26.1","9.7","8.5","4.0","55.8","12.5","44.2","12.5",
"1400000US06111003612","Census Tract 36.12, Ventura County, California","1981","208","2.50","0.26","1274","204","2.90","0.31","496","129","16.7","14.6","12.3","18.8","71.0","19.3","1981","208","25.0","5.9","30.6","6.7","25.2","8.5","4.8","2.3","58.2","7.5","41.8","7.5","0.0","1.7","38.1","7.1","61.9","7.1","844","197","2.90","0.34","844","197","2.90","0.34","260","123","31.9","26.7","0.0","12.6","68.1","26.7","844","197","30.8","11.0","50.6","12.4","(X)","(X)","(X)","(X)","76.4","11.0","23.6","11.0","0.0","4.1","59.7","13.9","40.3","13.9","261","119","3.55","0.67","261","119","2.44","0.24","109","91","0.0","26.9","0.0","26.9","100.0","26.9","261","119","41.8","31.3","0.0","12.5","(X)","(X)","(X)","(X)","41.4","31.1","58.6","31.1","0.0","12.5","20.7","19.0","79.3","19.0","169","119","3.62","1.32","169","119","3.62","1.32","127","113","0.0","23.8","48.0","50.7","52.0","50.7","169","119","75.1","27.5","19.5","26.3","(X)","(X)","(X)","(X)","19.5","26.3","80.5","26.3","0.0","18.6","19.5","26.3","80.5","26.3","707","205","1.38","0.18","(X)","(X)","(X)","(X)","(X)","(X)","(X)","(X)","(X)","(X)","(X)","(X)","707","205","0.0","4.8","20.8","9.3","70.6","14.1","13.4","6.7","51.9","13.6","48.1","13.6","0.0","4.8","23.1","10.8","76.9","10.8",
"1400000US06111003700","Census Tract 37, Ventura County, California","1226","70","5.41","0.48","1124","87","5.02","0.35","557","108","10.8","8.2","35.0","14.0","54.2","14.3","1226","70","61.0","7.9","38.8","8.8","7.2","4.0","3.9","3.3","91.4","3.7","8.6","3.7","0.0","2.8","59.5","8.7","40.5","8.7","725","111","5.65","0.56","725","111","5.12","0.41","475","105","7.6","5.8","28.8","14.2","63.6","14.9","725","111","77.7","8.0","29.5","9.1","(X)","(X)","(X)","(X)","92.6","6.8","7.4","6.8","0.0","4.7","60.6","11.8","39.4","11.8","145","88","4.96","1.44","145","88","4.61","1.51","0","17","-","**","-","**","-","**","145","88","42.8","28.9","62.8","30.8","(X)","(X)","(X)","(X)","100.0","21.2","0.0","21.2","0.0","21.2","40.7","26.8","59.3","26.8","254","83","6.65","1.53","254","83","4.97","1.21","82","61","29.3","39.8","70.7","39.8","0.0","33.2","254","83","48.4","20.4","45.3","18.1","(X)","(X)","(X)","(X)","94.1","6.9","5.9","6.9","0.0","12.8","58.3","20.3","41.7","20.3","102","51","1.31","0.36","(X)","(X)","(X)","(X)","(X)","(X)","(X)","(X)","(X)","(X)","(X)","(X)","102","51","0.0","28.3","54.9","27.9","86.3","14.3","47.1","28.6","63.7","24.6","36.3","24.6","0.0","28.3","81.4","27.8","18.6","27.8",
"1400000US06111003801","Census Tract 38.01, Ventura County, California","1133","74","4.43","0.37","992","81","4.63","0.38","589","97","9.2","7.7","22.6","14.5","68.3","15.1","1133","74","57.5","8.7","32.8","7.3","8.6","4.3","3.7","3.5","74.0","8.5","26.0","8.5","0.0","3.0","43.1","7.7","56.9","7.7","674","107","5.03","0.53","674","107","4.91","0.48","436","105","2.1","3.5","26.1","18.7","71.8","18.8","674","107","72.6","11.2","30.0","9.4","(X)","(X)","(X)","(X)","71.5","13.9","28.5","13.9","0.0","5.1","40.4","9.6","59.6","9.6","68","69","5.01","2.14","68","69","4.00","2.00","52","59","28.8","55.0","0.0","42.7","71.2","55.0","68","69","91.2","22.7","14.7","32.0","(X)","(X)","(X)","(X)","45.6","49.2","54.4","49.2","0.0","37.3","45.6","49.2","54.4","49.2","250","110","4.37","0.73","250","110","4.03","0.73","101","63","29.7","29.2","18.8","25.6","51.5","32.9","250","110","40.4","19.1","38.8","22.2","(X)","(X)","(X)","(X)","88.8","10.7","11.2","10.7","0.0","13.0","50.0","23.8","50.0","23.8","141","60","1.39","0.28","(X)","(X)","(X)","(X)","(X)","(X)","(X)","(X)","(X)","(X)","(X)","(X)","141","60","0.0","21.8","44.7","24.2","68.8","20.9","29.8","23.5","73.0","21.3","27.0","21.3","0.0","21.8","42.6","22.9","57.4","22.9",
"1400000US06111003802","Census Tract 38.02, Ventura County, California","549","35","5.03","0.41","477","45","5.00","0.38","269","50","12.6","9.5","30.9","14.0","56.5","15.4","549","35","62.3","7.3","26.2","8.8","7.8","5.4","7.8","5.4","58.8","10.6","37.9","9.8","3.3","3.6","45.9","8.3","54.1","8.3","316","61","5.27","0.59","316","61","5.23","0.55","202","53","11.4","11.0","29.7","15.0","58.9","17.2","316","61","70.9","10.2","22.2","11.3","(X)","(X)","(X)","(X)","59.8","12.3","40.2","12.3","0.0","10.5","48.4","10.5","51.6","10.5","14","21","4.21","0.53","14","21","3.00","0.38","0","12","-","**","-","**","-","**","14","21","0.0","82.3","0.0","82.3","(X)","(X)","(X)","(X)","0.0","82.3","100.0","82.2","0.0","82.3","0.0","82.3","100.0","82.2","147","50","5.70","1.22","147","50","4.71","0.90","67","33","16.4","17.3","34.3","27.4","49.3","28.1","147","50","67.3","20.0","21.1","15.6","(X)","(X)","(X)","(X)","57.8","21.4","38.1","19.7","4.1","5.5","34.0","18.8","66.0","18.8","72","36","2.79","1.66","(X)","(X)","(X)","(X)","(X)","(X)","(X)","(X)","(X)","(X)","(X)","(X)","72","36","26.4","27.4","59.7","31.6","59.7","31.6","59.7","31.6","68.1","28.1","15.3","18.9","16.7","23.8","68.1","28.1","31.9","28.1",
"1400000US06111003900","Census Tract 39, Ventura County, California","1482","111","4.71","0.45","1340","121","4.90","0.47","669","151","12.4","8.9","27.4","12.5","60.2","13.6","1482","111","57.3","8.8","30.7","7.5","9.1","4.5","2.2","1.8","82.2","5.6","16.0","5.3","1.8","2.8","60.5","7.7","39.5","7.7","797","153","5.08","0.56","797","153","4.91","0.53","381","121","6.6","6.1","18.1","13.6","75.3","14.5","797","153","58.5","12.1","35.8","10.5","(X)","(X)","(X)","(X)","88.7","8.2","11.3","8.2","0.0","4.3","72.1","10.8","27.9","10.8","192","86","5.84","2.44","192","86","5.53","2.43","34","51","100.0","52.8","0.0","52.8","0.0","52.8","192","86","57.8","27.3","16.7","19.6","(X)","(X)","(X)","(X)","74.0","24.8","12.0","19.1","14.1","20.3","59.4","31.2","40.6","31.2","351","122","4.70","0.92","351","122","4.53","0.91","254","112","9.4","11.8","44.9","21.7","45.7","21.6","351","122","77.5","16.5","22.8","15.5","(X)","(X)","(X)","(X)","76.9","14.5","23.1","14.5","0.0","9.5","32.8","19.3","67.2","19.3","142","64","1.15","0.26","(X)","(X)","(X)","(X)","(X)","(X)","(X)","(X)","(X)","(X)","(X)","(X)","142","64","0.0","21.6","40.8","25.1","95.1","9.2","23.2","18.3","69.7","24.6","30.3","24.6","0.0","21.6","64.8","24.7","35.2","24.7",
"1400000US06111004000","Census Tract 40, Ventura County, California","1415","62","5.06","0.47","1180","110","4.97","0.47","603","118","9.5","8.1","21.1","14.6","69.5","15.9","1415","62","53.4","8.1","53.7","6.9","10.7","5.7","6.8","4.6","80.7","6.5","7.3","5.3","12.0","4.7","68.1","7.9","31.9","7.9","756","128","5.78","0.68","756","128","5.31","0.61","360","114","1.7","3.0","15.0","16.5","83.3","16.7","756","128","60.7","11.4","54.5","9.8","(X)","(X)","(X)","(X)","90.6","4.9","1.2","2.0","8.2","4.4","74.7","8.6","25.3","8.6","89","67","5.46","1.79","89","67","4.91","1.48","52","56","13.5","30.5","86.5","30.5","0.0","42.7","89","67","58.4","36.7","38.2","36.4","(X)","(X)","(X)","(X)","40.4","37.2","51.7","40.7","7.9","14.3","36.0","34.1","64.0","34.1","335","128","4.86","0.84","335","128","4.20","0.65","191","102","23.0","22.1","14.7","21.8","62.3","26.6","335","128","66.6","19.0","38.5","18.7","(X)","(X)","(X)","(X)","83.3","14.3","14.3","14.5","2.4","3.7","57.9","20.3","42.1","20.3","235","103","2.90","1.50","(X)","(X)","(X)","(X)","(X)","(X)","(X)","(X)","(X)","(X)","(X)","(X)","235","103","8.9","11.7","78.7","20.0","64.3","21.0","40.9","22.7","60.4","23.2","0.0","13.8","39.6","23.2","73.6","19.9","26.4","19.9",
"1400000US06111004101","Census Tract 41.01, Ventura County, California","1333","81","5.19","0.34","1181","107","5.29","0.37","604","110","13.2","9.2","23.5","12.0","63.2","12.2","1333","81","62.0","7.7","38.9","7.6","5.9","3.4","4.6","2.9","77.5","5.6","22.5","5.6","0.0","2.6","62.4","7.0","37.6","7.0","911","105","5.60","0.37","911","105","5.41","0.39","526","102","8.9","8.8","24.7","13.4","66.3","13.2","911","105","72.6","9.3","36.8","8.4","(X)","(X)","(X)","(X)","78.2","6.9","21.8","6.9","0.0","3.8","63.8","8.1","36.2","8.1","106","56","6.00","1.72","106","56","5.46","1.08","28","30","46.4","53.6","0.0","58.2","53.6","53.6","106","56","58.5","32.4","30.2","30.3","(X)","(X)","(X)","(X)","81.1","25.9","18.9","25.9","0.0","27.5","44.3","32.7","55.7","32.7","164","70","5.21","1.27","164","70","4.55","1.16","50","44","40.0","48.1","24.0","38.0","36.0","42.3","164","70","63.4","24.8","50.6","22.1","(X)","(X)","(X)","(X)","75.0","23.1","25.0","23.1","0.0","19.1","61.0","28.1","39.0","28.1","152","68","2.11","0.79","(X)","(X)","(X)","(X)","(X)","(X)","(X)","(X)","(X)","(X)","(X)","(X)","152","68","0.0","20.4","45.4","24.8","52.0","27.3","40.1","23.6","73.7","24.2","26.3","24.2","0.0","20.4","68.4","26.3","31.6","26.3",
"1400000US06111004200","Census Tract 42, Ventura County, California","1238","84","4.67","0.51","1066","106","4.65","0.40","382","92","14.1","10.6","19.4","13.4","66.5","14.6","1238","84","49.9","7.7","46.9","7.5","10.3","5.5","8.6","5.5","95.1","3.8","3.2","3.3","1.7","2.2","79.2","7.5","20.8","7.5","783","138","4.68","0.57","783","138","4.56","0.56","301","95","12.6","10.1","24.6","16.8","62.8","16.2","783","138","54.5","10.3","48.5","10.8","(X)","(X)","(X)","(X)","93.4","6.4","4.0","5.7","2.7","3.5","79.1","10.6","20.9","10.6","113","66","5.52","1.24","113","66","5.01","1.25","6","15","0.0","100.0","0.0","100.0","100.0","100.0","113","66","39.8","31.9","35.4","28.2","(X)","(X)","(X)","(X)","100.0","26.1","0.0","26.1","0.0","26.1","50.4","31.0","49.6","31.0","170","77","6.74","2.00","170","77","4.85","1.09","75","56","21.3","35.9","0.0","35.2","78.7","35.9","170","77","85.9","13.9","15.9","15.1","(X)","(X)","(X)","(X)","100.0","18.5","0.0","18.5","0.0","18.5","83.5","13.4","16.5","13.4","172","87","1.99","0.96","(X)","(X)","(X)","(X)","(X)","(X)","(X)","(X)","(X)","(X)","(X)","(X)","172","87","0.0","18.3","77.9","17.4","74.4","18.4","61.6","21.4","94.8","8.8","5.2","8.8","0.0","18.3","94.8","8.8","5.2","8.8",
"1400000US06111004304","Census Tract 43.04, Ventura County, California","2303","215","2.60","0.24","1269","198","3.51","0.36","482","155","20.1","17.8","38.8","20.0","41.1","18.5","2303","215","27.1","5.8","44.1","7.0","36.0","7.1","18.5","4.1","58.0","8.2","42.0","8.2","0.0","1.5","51.8","8.2","48.2","8.2","892","179","3.63","0.46","892","179","3.63","0.46","326","142","4.9","8.0","50.0","22.2","45.1","21.3","892","179","49.8","13.2","37.7","13.1","(X)","(X)","(X)","(X)","58.6","13.1","41.4","13.1","0.0","3.8","50.9","14.6","49.1","14.6","144","103","3.80","0.41","144","103","3.06","0.31","99","89","51.5","51.5","24.2","41.7","24.2","42.1","144","103","76.4","26.0","16.7","20.5","(X)","(X)","(X)","(X)","83.3","27.8","16.7","27.8","0.0","21.4","68.8","34.1","31.3","34.1","233","117","3.36","0.52","233","117","3.36","0.52","57","53","52.6","52.6","0.0","40.8","47.4","52.6","233","117","30.5","23.4","55.4","28.2","(X)","(X)","(X)","(X)","48.1","29.7","51.9","29.7","0.0","13.9","15.0","17.1","85.0","17.1","1034","220","1.37","0.19","(X)","(X)","(X)","(X)","(X)","(X)","(X)","(X)","(X)","(X)","(X)","(X)","1034","220","0.0","3.3","50.9","9.8","80.1","10.7","41.2","9.0","56.2","11.2","43.8","11.2","0.0","3.3","58.4","13.2","41.6","13.2",
"1400000US06111004305","Census Tract 43.05, Ventura County, California","400","78","3.22","0.34","350","78","3.46","0.34","254","66","36.2","12.7","33.9","15.5","29.9","14.6","400","78","63.5","11.3","1.0","1.4","10.0","7.0","0.0","8.4","83.8","8.3","16.3","8.3","0.0","8.4","0.0","8.4","100.0","8.4","326","77","3.44","0.35","326","77","3.42","0.35","230","67","37.0","14.5","37.4","17.1","25.7","15.5","326","77","70.6","11.2","1.2","1.8","(X)","(X)","(X)","(X)","87.4","8.2","12.6","8.2","0.0","10.2","0.0","10.2","100.0","10.2","5","6","4.80","2.11","5","6","3.60","1.61","5","6","60.0","60.0","0.0","100.0","40.0","60.0","5","6","100.0","100.0","0.0","100.0","(X)","(X)","(X)","(X)","60.0","60.0","40.0","60.0","0.0","100.0","0.0","100.0","100.0","100.0","19","17","4.11","0.68","19","17","4.11","0.68","19","17","21.1","36.5","0.0","70.6","78.9","36.5","19","17","100.0","70.6","0.0","70.6","(X)","(X)","(X)","(X)","63.2","47.8","36.8","47.8","0.0","70.6","0.0","70.6","100.0","70.6","50","34","1.30","0.41","(X)","(X)","(X)","(X)","(X)","(X)","(X)","(X)","(X)","(X)","(X)","(X)","50","34","0.0","43.5","0.0","43.5","80.0","29.6","0.0","43.5","70.0","31.1","30.0","31.1","0.0","43.5","0.0","43.5","100.0","43.5",
"1400000US06111004400","Census Tract 44, Ventura County, California","2686","202","3.00","0.29","1714","183","3.63","0.31","783","151","28.0","15.2","5.1","7.7","66.9","14.9","2686","202","30.8","5.6","37.2","6.2","26.7","6.5","8.2","3.1","58.4","7.6","41.6","7.6","0.0","1.3","40.0","6.2","60.0","6.2","1227","216","3.97","0.48","1227","216","3.75","0.41","483","155","22.2","16.5","8.3","12.4","69.6","18.1","1227","216","42.9","9.9","43.3","11.6","(X)","(X)","(X)","(X)","78.2","7.9","21.8","7.9","0.0","2.8","51.9","9.1","48.1","9.1","28","34","4.18","1.18","28","34","4.04","1.22","15","23","73.3","67.8","0.0","79.5","26.7","67.8","28","34","53.6","53.6","60.7","55.8","(X)","(X)","(X)","(X)","60.7","55.8","39.3","55.8","0.0","58.2","14.3","37.4","85.7","37.4","459","169","3.64","0.68","459","169","3.31","0.62","285","137","35.4","27.1","0.0","11.5","64.6","27.1","459","169","62.1","17.9","25.1","15.0","(X)","(X)","(X)","(X)","46.2","23.1","53.8","23.1","0.0","7.3","15.0","12.6","85.0","12.6","972","228","1.43","0.22","(X)","(X)","(X)","(X)","(X)","(X)","(X)","(X)","(X)","(X)","(X)","(X)","972","228","0.0","3.5","34.6","10.9","73.8","11.7","22.6","8.8","39.1","13.1","60.9","13.1","0.0","3.5","37.6","11.6","62.4","11.6",
"1400000US06111004503","Census Tract 45.03, Ventura County, California","1116","79","4.57","0.37","1014","89","4.57","0.41","636","111","25.2","11.6","32.4","12.1","42.5","13.9","1116","79","64.4","7.4","32.5","7.7","4.7","3.6","1.2","1.6","48.5","10.1","33.0","8.6","18.5","7.7","46.3","8.7","53.7","8.7","624","110","4.88","0.61","624","110","4.68","0.61","438","109","29.5","17.4","32.2","15.8","38.4","17.4","624","110","74.7","10.6","31.7","11.7","(X)","(X)","(X)","(X)","53.7","14.0","24.5","12.1","21.8","12.0","56.9","13.8","43.1","13.8","131","71","4.15","1.12","131","71","3.44","0.87","70","49","34.3","36.8","65.7","36.8","0.0","36.7","131","71","53.4","29.5","18.3","24.8","(X)","(X)","(X)","(X)","30.5","27.4","64.9","27.8","4.6","8.6","34.4","28.1","65.6","28.1","259","93","5.10","0.94","259","93","4.87","0.93","128","61","5.5","9.2","14.8","21.7","79.7","22.5","259","93","68.3","17.2","40.5","17.1","(X)","(X)","(X)","(X)","45.9","18.9","36.7","16.7","17.4","14.9","28.2","16.0","71.8","16.0","102","54","1.87","0.61","(X)","(X)","(X)","(X)","(X)","(X)","(X)","(X)","(X)","(X)","(X)","(X)","102","54","5.9","11.3","35.3","32.7","51.0","34.8","12.7","15.5","46.1","26.8","34.3","33.0","19.6","26.0","43.1","27.4","56.9","27.4",
"1400000US06111004504","Census Tract 45.04, Ventura County, California","1126","77","5.06","0.41","1026","82","5.02","0.44","473","89","30.4","17.4","26.6","16.5","42.9","17.5","1126","77","54.6","7.3","31.3","6.9","6.4","3.7","5.1","3.3","69.2","7.6","30.8","7.6","0.0","3.1","43.7","7.4","56.3","7.4","627","103","5.37","0.61","627","103","5.27","0.61","294","112","13.9","14.0","33.7","22.8","52.4","23.7","627","103","60.4","11.9","29.5","12.0","(X)","(X)","(X)","(X)","76.6","10.6","23.4","10.6","0.0","5.4","48.5","13.1","51.5","13.1","153","89","6.13","1.91","153","89","4.84","1.60","39","48","79.5","45.7","0.0","49.3","20.5","45.7","153","89","49.7","26.7","32.0","25.5","(X)","(X)","(X)","(X)","81.7","26.5","18.3","26.5","0.0","20.3","24.8","25.1","75.2","25.1","246","104","5.15","1.22","246","104","4.47","0.98","140","75","51.4","33.2","19.3","27.1","29.3","30.9","246","104","65.0","16.9","24.8","14.7","(X)","(X)","(X)","(X)","53.7","25.0","46.3","25.0","0.0","13.2","43.9","23.0","56.1","23.0","100","51","1.28","0.23","(X)","(X)","(X)","(X)","(X)","(X)","(X)","(X)","(X)","(X)","(X)","(X)","100","51","0.0","28.8","57.0","25.2","72.0","21.9","57.0","25.2","42.0","25.7","58.0","25.7","0.0","28.8","42.0","25.7","58.0","25.7",
"1400000US06111004505","Census Tract 45.05, Ventura County, California","473","32","4.63","0.47","394","42","4.59","0.41","209","47","23.4","16.4","5.7","6.0","70.8","17.2","473","32","55.4","8.0","34.7","8.9","12.3","6.3","2.3","2.4","70.2","8.4","28.5","7.5","1.3","2.4","50.1","9.0","49.9","9.0","211","51","4.68","0.58","211","51","4.52","0.55","99","38","20.2","20.6","7.1","10.5","72.7","22.6","211","51","55.0","14.9","39.8","13.3","(X)","(X)","(X)","(X)","83.4","11.7","16.6","11.7","0.0","15.2","76.3","10.1","23.7","10.1","34","24","6.12","2.26","34","24","5.88","2.07","11","17","0.0","92.8","0.0","92.8","100.0","92.8","34","24","64.7","34.1","79.4","31.3","(X)","(X)","(X)","(X)","100.0","52.8","0.0","52.8","0.0","52.8","47.1","39.8","52.9","39.8","149","50","5.72","1.56","149","50","4.40","1.16","99","43","29.3","27.2","5.1","7.8","65.7","28.3","149","50","76.5","16.9","24.8","16.1","(X)","(X)","(X)","(X)","61.1","19.9","34.9","17.4","4.0","6.7","26.8","19.2","73.2","19.2","79","38","1.81","0.76","(X)","(X)","(X)","(X)","(X)","(X)","(X)","(X)","(X)","(X)","(X)","(X)","79","38","12.7","19.8","20.3","17.2","73.4","27.0","13.9","14.3","39.2","24.9","60.8","24.9","0.0","34.0","25.3","22.1","74.7","22.1",
"1400000US06111004506","Census Tract 45.06, Ventura County, California","1439","62","5.29","0.43","1232","106","4.91","0.32","900","127","11.2","6.9","37.6","10.1","51.2","9.9","1439","62","70.1","7.2","15.0","4.8","8.3","4.7","0.0","2.4","27.0","5.8","73.0","5.8","0.0","2.4","14.2","4.2","85.8","4.2","593","124","5.00","0.53","593","124","4.99","0.53","424","112","3.1","3.7","35.6","15.6","61.3","15.8","593","124","74.0","11.3","24.6","10.7","(X)","(X)","(X)","(X)","33.6","11.7","66.4","11.7","0.0","5.7","16.7","8.3","83.3","8.3","255","92","6.82","1.31","255","92","5.19","1.01","144","70","11.1","17.8","18.1","20.4","70.8","20.4","255","92","87.5","13.0","3.5","5.4","(X)","(X)","(X)","(X)","9.8","11.3","90.2","11.3","0.0","12.8","2.7","4.4","97.3","4.4","384","112","5.64","0.72","384","112","4.59","0.50","332","106","21.7","14.1","48.5","17.5","29.8","14.4","384","112","90.4","7.3","3.9","6.0","(X)","(X)","(X)","(X)","16.7","12.0","83.3","12.0","0.0","8.7","3.1","5.7","96.9","5.7","207","84","3.55","1.49","(X)","(X)","(X)","(X)","(X)","(X)","(X)","(X)","(X)","(X)","(X)","(X)","207","84","0.0","15.5","22.2","16.5","57.5","22.5","0.0","15.5","48.3","19.8","51.7","19.8","0.0","15.5","41.5","17.9","58.5","17.9",
"1400000US06111004600","Census Tract 46, Ventura County, California","467","63","3.54","0.22","467","63","3.49","0.21","326","52","43.9","11.7","29.4","9.3","26.7","10.3","467","63","73.2","6.7","2.4","3.0","0.0","7.2","0.0","7.2","94.0","5.3","6.0","5.3","0.0","7.2","0.0","7.2","100.0","7.2","392","62","3.52","0.24","392","62","3.50","0.24","267","52","48.7","13.6","31.5","11.8","19.9","11.9","392","62","68.1","7.7","0.0","8.5","(X)","(X)","(X)","(X)","94.9","5.5","5.1","5.5","0.0","8.5","0.0","8.5","100.0","8.5","15","16","3.80","1.29","15","16","3.80","1.29","15","16","0.0","79.5","0.0","79.5","100.0","79.5","15","16","100.0","79.5","0.0","79.5","(X)","(X)","(X)","(X)","46.7","53.3","53.3","53.3","0.0","79.5","0.0","79.5","100.0","79.5","60","38","3.62","0.51","60","38","3.33","0.26","44","31","29.5","31.8","27.3","40.2","43.2","40.7","60","38","100.0","39.7","18.3","22.2","(X)","(X)","(X)","(X)","100.0","39.7","0.0","39.7","0.0","39.7","0.0","39.7","100.0","39.7","0","12","-","**","(X)","(X)","(X)","(X)","(X)","(X)","(X)","(X)","(X)","(X)","(X)","(X)","0","12","-","**","-","**","-","**","-","**","-","**","-","**","-","**","-","**","-","**",
"1400000US06111004704","Census Tract 47.04, Ventura County, California","398","45","3.45","0.31","325","47","3.66","0.44","126","30","0.0","23.9","11.9","14.4","88.1","14.4","398","45","39.2","9.4","51.8","12.0","11.1","6.9","2.0","2.6","38.4","10.6","1.0","1.5","60.6","10.4","69.8","11.1","30.2","11.1","175","52","4.23","0.55","175","52","4.13","0.60","75","32","0.0","35.2","9.3","15.3","90.7","15.3","175","52","54.3","14.0","58.3","15.2","(X)","(X)","(X)","(X)","49.1","18.4","0.0","18.0","50.9","18.4","65.1","17.5","34.9","17.5","77","48","3.17","0.62","77","48","2.83","0.39","29","23","0.0","57.1","0.0","57.1","100.0","57.1","77","48","37.7","27.3","28.6","33.3","(X)","(X)","(X)","(X)","54.5","32.1","0.0","34.6","45.5","32.1","85.7","19.5","14.3","19.5","73","39","3.71","0.73","73","39","3.41","0.63","22","23","0.0","65.6","36.4","51.4","63.6","51.4","73","39","43.8","25.6","41.1","27.4","(X)","(X)","(X)","(X)","15.1","19.1","0.0","35.8","84.9","19.1","63.0","25.8","37.0","25.8","73","37","1.59","0.48","(X)","(X)","(X)","(X)","(X)","(X)","(X)","(X)","(X)","(X)","(X)","(X)","73","37","0.0","35.8","71.2","29.3","60.3","31.5","11.0","14.3","19.2","22.0","5.5","8.3","75.3","22.8","71.2","29.3","28.8","29.3",
"1400000US06111004710","Census Tract 47.10, Ventura County, California","1348","46","4.21","0.45","996","90","4.68","0.43","517","92","4.3","5.0","43.1","13.6","52.6","14.0","1348","46","47.2","6.6","35.8","5.3","20.8","6.1","12.4","5.3","42.5","7.9","18.8","7.2","38.7","5.9","66.3","8.4","33.7","8.4","681","108","4.46","0.48","681","108","4.41","0.47","303","94","0.0","10.9","49.2","19.6","50.8","19.6","681","108","52.3","10.9","31.1","8.6","(X)","(X)","(X)","(X)","45.5","14.1","21.9","12.2","32.6","10.0","73.0","11.2","27.0","11.2","131","70","5.57","1.09","131","70","4.92","1.03","83","57","16.9","22.2","33.7","34.3","49.4","30.3","131","70","77.1","22.7","25.2","23.2","(X)","(X)","(X)","(X)","41.2","24.3","27.5","27.0","31.3","24.9","72.5","27.0","27.5","27.0","184","87","7.76","1.87","184","87","5.53","1.42","131","78","6.1","9.5","35.1","31.7","58.8","30.2","184","87","91.8","11.1","16.8","16.3","(X)","(X)","(X)","(X)","57.1","24.2","25.0","21.2","17.9","14.3","34.8","20.3","65.2","20.3","352","87","1.36","0.30","(X)","(X)","(X)","(X)","(X)","(X)","(X)","(X)","(X)","(X)","(X)","(X)","352","87","2.8","4.4","58.8","13.9","79.5","13.2","47.4","15.8","29.5","13.4","6.3","9.1","64.2","15.0","67.6","18.3","32.4","18.3",
"1400000US06111004711","Census Tract 47.11, Ventura County, California","778","38","4.47","0.46","691","47","4.58","0.42","221","56","12.2","12.2","33.9","16.9","53.8","17.4","778","38","38.3","6.7","52.7","8.3","8.5","3.9","4.6","3.3","71.3","8.5","28.1","8.4","0.5","0.8","55.5","8.3","44.5","8.3","462","63","4.78","0.50","462","63","4.67","0.47","127","48","0.0","23.8","37.8","22.6","62.2","22.6","462","63","38.7","9.3","62.3","9.6","(X)","(X)","(X)","(X)","72.1","10.8","27.9","10.8","0.0","7.3","53.2","10.8","46.8","10.8","38","21","8.03","4.98","38","21","6.79","3.74","17","19","64.7","63.2","0.0","74.6","35.3","63.2","38","21","55.3","34.8","55.3","37.2","(X)","(X)","(X)","(X)","71.1","33.7","28.9","33.7","0.0","49.9","42.1","29.9","57.9","29.9","191","57","4.42","0.79","191","57","3.91","0.52","77","42","20.8","28.9","35.1","30.3","44.2","30.5","191","57","51.3","19.0","23.0","13.1","(X)","(X)","(X)","(X)","66.0","19.9","34.0","19.9","0.0","16.7","55.5","20.5","44.5","20.5","87","41","1.38","0.34","(X)","(X)","(X)","(X)","(X)","(X)","(X)","(X)","(X)","(X)","(X)","(X)","87","41","0.0","31.9","65.5","33.2","75.9","24.4","41.4","32.2","79.3","27.9","16.1","26.1","4.6","8.0","73.6","28.5","26.4","28.5",
"1400000US06111004715","Census Tract 47.15, Ventura County, California","1180","66","4.54","0.35","1069","72","4.60","0.34","465","87","17.0","10.1","22.8","12.0","60.2","14.3","1180","66","47.8","7.8","46.3","5.9","6.4","3.3","4.5","2.9","57.2","7.5","13.7","5.5","29.1","6.8","59.1","7.4","40.9","7.4","676","113","4.99","0.43","676","113","4.81","0.40","334","82","18.6","13.0","21.9","15.2","59.6","18.0","676","113","60.8","9.0","41.7","9.2","(X)","(X)","(X)","(X)","56.7","11.5","10.8","6.9","32.5","11.3","60.1","11.0","39.9","11.0","96","61","3.82","1.06","96","61","3.60","0.87","23","30","0.0","64.2","0.0","64.2","100.0","64.2","96","61","38.5","32.2","36.5","25.9","(X)","(X)","(X)","(X)","64.6","30.1","25.0","31.7","10.4","15.8","60.4","31.6","39.6","31.6","297","97","4.64","0.79","297","97","4.44","0.83","108","62","15.7","19.0","30.6","28.3","53.7","29.0","297","97","39.1","16.7","50.8","15.0","(X)","(X)","(X)","(X)","61.6","16.1","14.1","13.1","24.2","14.2","55.6","16.2","44.4","16.2","111","55","2.16","1.30","(X)","(X)","(X)","(X)","(X)","(X)","(X)","(X)","(X)","(X)","(X)","(X)","111","55","0.0","26.5","70.3","25.9","68.5","25.0","47.7","23.7","42.3","24.1","20.7","23.3","36.9","23.5","61.3","27.6","38.7","27.6",
"1400000US06111004716","Census Tract 47.16, Ventura County, California","924","34","5.44","0.36","845","50","5.33","0.37","357","62","3.1","4.1","25.8","10.7","71.1","10.1","924","34","57.8","6.4","42.9","5.2","6.4","3.3","1.8","1.3","75.0","5.7","10.2","3.4","14.8","4.4","78.1","5.1","21.9","5.1","623","66","5.85","0.52","623","66","5.58","0.44","276","54","4.0","5.3","22.5","11.7","73.6","11.7","623","66","65.5","6.6","46.5","7.0","(X)","(X)","(X)","(X)","88.0","6.0","4.8","4.5","7.2","3.9","86.4","4.9","13.6","4.9","77","34","6.47","1.31","77","34","4.44","1.10","18","16","0.0","72.5","44.4","47.5","55.6","47.5","77","34","33.8","25.0","24.7","20.9","(X)","(X)","(X)","(X)","63.6","28.6","6.5","9.9","29.9","30.2","83.1","25.6","16.9","25.6","145","50","5.31","0.64","145","50","4.77","0.42","63","34","0.0","38.8","34.9","32.8","65.1","32.8","145","50","60.0","18.9","42.8","18.0","(X)","(X)","(X)","(X)","37.9","14.9","20.7","14.6","41.4","17.2","53.1","21.3","46.9","21.3","79","39","1.43","0.48","(X)","(X)","(X)","(X)","(X)","(X)","(X)","(X)","(X)","(X)","(X)","(X)","79","39","16.5","23.8","31.6","20.4","74.7","25.3","21.5","17.1","51.9","26.3","36.7","27.1","11.4","12.7","54.4","26.6","45.6","26.6",
"1400000US06111004717","Census Tract 47.17, Ventura County, California","684","45","5.78","0.62","652","50","5.44","0.56","234","51","0.0","13.9","25.2","13.8","74.8","13.8","684","45","58.6","7.0","36.8","8.3","2.9","2.5","2.9","2.5","79.8","7.3","17.8","7.0","2.3","3.5","68.4","8.3","31.6","8.3","409","58","6.09","1.01","409","58","5.62","0.83","194","49","0.0","16.4","30.4","15.3","69.6","15.3","409","58","61.6","12.2","38.1","12.2","(X)","(X)","(X)","(X)","87.5","7.2","12.5","7.2","0.0","8.2","80.2","7.5","19.8","7.5","139","50","6.22","1.01","139","50","5.42","0.96","11","12","0.0","92.8","0.0","92.8","100.0","92.8","139","50","70.5","20.1","20.1","14.4","(X)","(X)","(X)","(X)","65.5","21.7","23.0","19.7","11.5","17.0","45.3","21.9","54.7","21.9","104","48","5.30","1.39","104","48","4.78","1.19","29","22","0.0","57.1","0.0","57.1","100.0","57.1","104","48","49.0","23.4","40.4","24.6","(X)","(X)","(X)","(X)","68.3","29.4","31.7","29.4","0.0","27.9","43.3","26.4","56.7","26.4","32","22","1.41","0.37","(X)","(X)","(X)","(X)","(X)","(X)","(X)","(X)","(X)","(X)","(X)","(X)","32","22","0.0","54.4","81.3","25.9","62.5","32.6","62.5","32.6","81.3","25.9","18.8","25.9","0.0","54.4","100.0","54.4","0.0","54.4",
"1400000US06111004901","Census Tract 49.01, Ventura County, California","1960","113","3.69","0.22","1445","128","4.15","0.22","752","109","24.1","8.3","22.9","9.5","53.1","11.8","1960","113","46.0","5.0","17.5","3.9","13.3","3.9","0.5","0.9","61.2","5.6","38.8","5.6","0.0","1.8","47.8","5.4","52.2","5.4","1000","135","4.20","0.30","1000","135","4.15","0.28","568","120","22.7","10.2","21.3","10.7","56.0","13.0","1000","135","58.9","8.1","17.1","6.6","(X)","(X)","(X)","(X)","74.6","8.4","25.4","8.4","0.0","3.4","70.4","8.5","29.6","8.5","101","64","4.98","1.27","101","64","4.90","1.31","16","19","50.0","50.0","0.0","76.9","50.0","50.0","101","64","39.6","25.9","60.4","25.9","(X)","(X)","(X)","(X)","84.2","19.3","15.8","19.3","0.0","28.5","84.2","19.3","15.8","19.3","344","120","4.24","0.60","344","120","3.95","0.56","168","86","26.2","23.0","30.4","25.2","43.5","25.2","344","120","69.2","13.4","20.1","12.2","(X)","(X)","(X)","(X)","41.3","16.5","58.7","16.5","0.0","9.7","16.6","11.0","83.4","11.0","515","114","2.07","0.62","(X)","(X)","(X)","(X)","(X)","(X)","(X)","(X)","(X)","(X)","(X)","(X)","515","114","6.8","7.2","8.2","5.9","50.7","13.4","1.9","3.3","44.1","12.9","55.9","12.9","0.0","6.6","17.5","7.1","82.5","7.1",
"1400000US06111004902","Census Tract 49.02, Ventura County, California","1043","51","4.86","0.40","820","76","5.27","0.42","417","80","12.9","11.8","24.0","11.7","63.1","17.4","1043","51","56.1","8.4","41.6","6.3","13.1","6.2","8.0","4.1","68.1","6.4","31.9","6.4","0.0","3.3","45.9","7.4","54.1","7.4","565","84","5.79","0.63","565","84","5.47","0.52","294","85","13.6","14.5","27.6","14.6","58.8","21.7","565","84","68.5","12.3","43.2","12.6","(X)","(X)","(X)","(X)","88.0","7.7","12.0","7.7","0.0","6.0","60.7","12.2","39.3","12.2","100","61","5.02","0.69","100","61","4.42","0.68","46","37","0.0","45.4","0.0","45.4","100.0","45.4","100","61","90.0","15.5","23.0","21.7","(X)","(X)","(X)","(X)","77.0","22.8","23.0","22.8","0.0","28.8","54.0","29.9","46.0","29.9","155","71","5.75","1.54","155","71","5.10","1.30","77","56","18.2","26.6","24.7","27.7","57.1","31.0","155","71","69.7","22.3","38.7","19.9","(X)","(X)","(X)","(X)","57.4","22.1","42.6","22.1","0.0","20.1","38.7","19.9","61.3","19.9","223","71","1.80","0.69","(X)","(X)","(X)","(X)","(X)","(X)","(X)","(X)","(X)","(X)","(X)","(X)","223","71","0.0","14.5","48.0","18.7","61.4","27.5","37.2","19.4","21.1","19.1","78.9","19.1","0.0","14.5","9.9","11.6","90.1","11.6",
"1400000US06111005002","Census Tract 50.02, Ventura County, California","676","40","4.93","0.58","533","57","5.23","0.63","337","69","12.5","8.8","25.8","11.2","61.7","12.6","676","40","61.5","7.8","34.6","8.1","10.4","5.1","6.5","3.9","59.2","9.4","13.5","6.6","27.4","7.3","32.7","7.7","67.3","7.7","361","56","4.96","0.78","361","56","4.92","0.81","200","63","16.5","13.1","24.0","14.3","59.5","16.3","361","56","62.6","12.3","33.2","11.0","(X)","(X)","(X)","(X)","60.1","14.3","12.7","8.9","27.1","12.6","40.2","11.5","59.8","11.5","41","39","4.73","0.60","41","39","4.73","0.60","41","39","22.0","34.1","0.0","48.1","78.0","34.1","41","39","100.0","48.1","43.9","50.8","(X)","(X)","(X)","(X)","65.9","45.2","34.1","45.2","0.0","48.1","0.0","48.1","100.0","48.1","131","50","7.44","2.43","131","50","6.23","2.21","96","42","0.0","29.7","40.6","26.6","59.4","26.6","131","50","90.8","10.0","17.6","13.4","(X)","(X)","(X)","(X)","61.8","22.9","11.5","17.4","26.7","17.7","30.5","16.0","69.5","16.0","143","49","2.60","1.29","(X)","(X)","(X)","(X)","(X)","(X)","(X)","(X)","(X)","(X)","(X)","(X)","143","49","21.0","17.3","51.0","23.8","49.0","22.1","30.8","20.2","52.4","22.5","11.2","12.8","36.4","20.4","25.2","15.1","74.8","15.1",
"1400000US06111005003","Census Tract 50.03, Ventura County, California","1774","102","4.09","0.31","1479","119","4.24","0.26","742","130","12.7","7.0","24.0","13.9","63.3","15.6","1774","102","48.5","6.2","37.8","7.1","13.0","5.4","6.6","3.6","74.9","6.5","13.7","5.1","11.4","3.7","50.8","8.2","49.2","8.2","982","153","4.30","0.39","982","153","4.26","0.38","493","145","9.7","7.7","17.6","12.8","72.6","14.5","982","153","52.0","10.4","38.5","11.1","(X)","(X)","(X)","(X)","71.7","9.2","13.2","6.1","15.1","6.4","53.5","11.3","46.5","11.3","156","84","5.42","1.05","156","84","4.72","0.98","46","47","34.8","54.3","0.0","45.4","65.2","54.3","156","84","74.4","23.2","37.2","26.1","(X)","(X)","(X)","(X)","73.1","22.5","10.3","17.0","16.7","16.7","53.2","25.0","46.8","25.0","341","103","4.92","0.57","341","103","3.97","0.39","203","86","14.8","13.3","44.8","31.2","40.4","30.4","341","103","66.9","17.3","22.9","13.5","(X)","(X)","(X)","(X)","74.5","15.9","18.8","15.2","6.7","7.2","40.5","24.8","59.5","24.8","295","110","1.72","0.59","(X)","(X)","(X)","(X)","(X)","(X)","(X)","(X)","(X)","(X)","(X)","(X)","295","110","2.0","3.7","53.2","18.9","78.3","16.0","39.7","19.5","86.8","13.3","11.2","12.9","2.0","3.6","52.9","20.1","47.1","20.1",
"1400000US06111005004","Census Tract 50.04, Ventura County, California","3128","142","3.12","0.22","2064","213","3.76","0.28","1213","191","17.3","8.0","17.2","8.7","65.5","12.1","3128","142","42.6","5.9","18.6","4.0","19.9","6.6","1.8","2.1","50.8","5.3","49.2","5.3","0.0","1.1","42.6","6.5","57.4","6.5","1524","199","4.07","0.35","1524","199","4.03","0.33","889","170","15.5","7.9","18.0","9.9","66.5","11.8","1524","199","61.9","8.5","23.4","6.9","(X)","(X)","(X)","(X)","68.4","8.6","31.6","8.6","0.0","2.3","62.7","10.5","37.3","10.5","180","112","2.92","0.62","180","112","2.61","0.51","92","87","78.3","34.6","0.0","30.6","21.7","34.6","180","112","54.4","32.0","35.6","34.7","(X)","(X)","(X)","(X)","33.9","31.3","66.1","31.3","0.0","17.6","3.3","5.7","96.7","5.7","360","143","3.65","0.54","360","143","3.17","0.42","232","117","0.0","14.0","21.1","24.6","78.9","24.6","360","143","81.1","14.6","14.4","14.2","(X)","(X)","(X)","(X)","44.7","18.6","55.3","18.6","0.0","9.3","37.2","17.8","62.8","17.8","1064","189","1.61","0.24","(X)","(X)","(X)","(X)","(X)","(X)","(X)","(X)","(X)","(X)","(X)","(X)","1064","189","0.0","3.2","10.2","7.0","58.5","15.3","5.3","6.2","30.4","10.1","69.6","10.1","0.0","3.2","22.2","9.7","77.8","9.7",
"1400000US06111005100","Census Tract 51, Ventura County, California","1059","80","3.25","0.27","896","84","3.42","0.26","243","69","4.5","5.0","21.0","13.2","74.5","13.6","1059","80","25.1","6.1","53.9","6.2","11.0","4.1","4.9","2.5","88.8","4.3","1.6","1.2","9.6","4.0","63.0","6.2","37.0","6.2","766","100","3.43","0.29","766","100","3.39","0.29","215","66","5.1","5.7","22.3","14.8","72.6","15.3","766","100","31.1","7.0","55.1","8.3","(X)","(X)","(X)","(X)","89.0","5.2","0.7","1.1","10.3","5.1","67.1","7.5","32.9","7.5","92","55","4.07","0.87","92","55","3.30","0.76","25","27","0.0","61.6","0.0","61.6","100.0","61.6","92","55","27.2","29.4","48.9","35.8","(X)","(X)","(X)","(X)","94.6","8.5","0.0","30.6","5.4","8.5","53.3","32.9","46.7","32.9","38","20","4.32","1.06","38","20","4.16","1.13","3","6","0.0","100.0","100.0","100.0","0.0","100.0","38","20","7.9","15.5","42.1","31.9","(X)","(X)","(X)","(X)","84.2","21.7","0.0","49.9","15.8","21.7","50.0","31.8","50.0","31.8","163","54","1.73","0.45","(X)","(X)","(X)","(X)","(X)","(X)","(X)","(X)","(X)","(X)","(X)","(X)","163","54","0.0","19.2","54.0","20.1","71.2","12.8","31.9","16.4","85.3","13.2","7.4","7.8","7.4","11.5","52.1","18.8","47.9","18.8",
"1400000US06111005202","Census Tract 52.02, Ventura County, California","1063","73","2.39","0.25","630","79","3.03","0.33","200","46","27.5","16.7","7.5","7.7","65.0","17.3","1063","73","20.3","5.3","57.1","5.8","33.8","7.9","21.8","6.0","85.7","5.0","14.3","5.0","0.0","3.2","72.5","6.7","27.5","6.7","486","78","2.90","0.28","486","78","2.86","0.24","136","41","34.6","19.9","5.1","8.0","60.3","19.6","486","78","31.3","8.9","52.3","8.7","(X)","(X)","(X)","(X)","97.7","2.2","2.3","2.2","0.0","6.9","87.4","7.0","12.6","7.0","40","44","2.40","0.32","40","44","2.18","0.14","8","12","100.0","100.0","0.0","100.0","0.0","100.0","40","44","20.0","28.8","80.0","28.8","(X)","(X)","(X)","(X)","80.0","28.8","20.0","28.8","0.0","48.7","100.0","48.7","0.0","48.7","104","59","4.56","1.39","104","59","4.17","1.47","56","47","0.0","41.1","14.3","25.2","85.7","25.2","104","59","53.8","30.0","50.0","25.1","(X)","(X)","(X)","(X)","100.0","27.9","0.0","27.9","0.0","27.9","66.3","26.6","33.7","26.6","433","82","1.29","0.19","(X)","(X)","(X)","(X)","(X)","(X)","(X)","(X)","(X)","(X)","(X)","(X)","433","82","0.0","7.8","62.1","11.8","82.9","11.8","53.6","12.0","69.3","10.7","30.7","10.7","0.0","7.8","54.7","13.4","45.3","13.4",
"1400000US06111005203","Census Tract 52.03, Ventura County, California","1918","90","3.00","0.15","1538","107","3.29","0.15","491","93","10.2","7.2","21.4","11.5","68.4","13.4","1918","90","27.8","4.3","59.9","5.7","15.9","4.4","8.4","3.0","97.1","2.3","2.9","2.3","0.0","1.8","73.5","5.6","26.5","5.6","1258","129","3.48","0.16","1258","129","3.40","0.16","393","102","10.4","8.2","26.7","13.6","62.8","14.8","1258","129","33.9","6.4","60.8","6.7","(X)","(X)","(X)","(X)","100.0","2.7","0.0","2.7","0.0","2.7","81.4","5.9","18.6","5.9","118","87","3.21","0.94","118","87","2.40","0.51","48","59","0.0","44.4","0.0","44.4","100.0","44.4","118","87","40.7","39.6","83.1","23.2","(X)","(X)","(X)","(X)","100.0","25.2","0.0","25.2","0.0","25.2","88.1","20.6","11.9","20.6","162","69","3.27","0.61","162","69","3.14","0.63","50","34","18.0","27.0","0.0","43.5","82.0","27.0","162","69","36.4","18.4","56.2","20.3","(X)","(X)","(X)","(X)","94.4","8.2","5.6","8.2","0.0","19.3","60.5","21.0","39.5","21.0","380","101","1.24","0.20","(X)","(X)","(X)","(X)","(X)","(X)","(X)","(X)","(X)","(X)","(X)","(X)","380","101","0.0","8.8","51.3","15.7","80.3","16.4","42.4","14.9","87.6","10.3","12.4","10.3","0.0","8.8","48.4","15.6","51.6","15.6",
"1400000US06111005204","Census Tract 52.04, Ventura County, California","1236","37","2.79","0.20","961","82","3.21","0.20","222","56","15.8","13.3","14.0","11.1","70.3","16.5","1236","37","20.7","4.1","68.6","5.3","16.6","5.4","12.9","4.9","98.8","1.4","1.2","1.4","0.0","2.8","94.7","3.6","5.3","3.6","888","87","3.16","0.22","888","87","3.15","0.22","202","59","9.9","11.4","15.3","12.1","74.8","16.6","888","87","24.2","6.1","68.7","7.2","(X)","(X)","(X)","(X)","100.0","3.9","0.0","3.9","0.0","3.9","94.0","4.7","6.0","4.7","24","24","3.63","0.56","24","24","3.63","0.56","9","15","100.0","100.0","0.0","100.0","0.0","100.0","24","24","37.5","45.9","29.2","42.9","(X)","(X)","(X)","(X)","100.0","62.8","0.0","62.8","0.0","62.8","100.0","62.8","0.0","62.8","49","31","4.20","0.67","49","31","4.06","0.74","11","13","54.5","54.5","0.0","92.8","45.5","54.5","49","31","65.3","32.3","26.5","28.6","(X)","(X)","(X)","(X)","87.8","18.2","12.2","18.2","0.0","44.0","87.8","18.2","12.2","18.2","275","77","1.28","0.14","(X)","(X)","(X)","(X)","(X)","(X)","(X)","(X)","(X)","(X)","(X)","(X)","275","77","0.0","11.9","79.3","12.9","74.5","13.3","57.8","16.7","96.7","5.0","3.3","5.0","0.0","11.9","97.5","4.1","2.5","4.1",
"1400000US06111005205","Census Tract 52.05, Ventura County, California","2465","116","2.46","0.18","1719","166","2.89","0.20","479","154","50.7","16.6","8.1","12.2","41.1","14.4","2465","116","23.0","6.1","57.3","4.9","24.7","5.9","11.8","4.5","78.7","4.8","16.7","5.1","4.6","2.2","71.0","5.9","29.0","5.9","1550","174","2.89","0.21","1550","174","2.86","0.20","393","139","49.4","18.3","9.9","14.8","40.7","15.8","1550","174","30.6","8.3","57.9","8.2","(X)","(X)","(X)","(X)","87.4","5.8","7.5","5.2","5.0","3.7","79.6","8.4","20.4","8.4","13","12","3.38","1.56","13","12","3.38","1.56","5","8","0.0","100.0","0.0","100.0","100.0","100.0","13","12","38.5","53.4","23.1","44.3","(X)","(X)","(X)","(X)","100.0","85.4","0.0","85.4","0.0","85.4","38.5","56.2","61.5","56.2","156","105","3.29","0.85","156","105","3.06","0.76","81","81","60.5","55.6","0.0","33.5","39.5","55.6","156","105","57.1","32.8","39.1","32.5","(X)","(X)","(X)","(X)","55.1","34.9","44.9","34.9","0.0","19.9","48.7","34.0","51.3","34.0","746","157","1.36","0.26","(X)","(X)","(X)","(X)","(X)","(X)","(X)","(X)","(X)","(X)","(X)","(X)","746","157","0.0","4.6","60.3","14.2","81.8","11.7","39.0","12.7","65.0","11.5","30.2","11.6","4.8","4.5","58.4","12.9","41.6","12.9",
"1400000US06111005303","Census Tract 53.03, Ventura County, California","3300","99","2.90","0.15","2497","191","3.37","0.20","1118","128","11.8","6.5","10.5","5.5","77.7","8.9","3300","99","36.2","3.8","40.3","5.5","20.4","4.7","9.8","3.3","79.4","3.6","14.4","3.4","6.2","1.8","71.3","6.5","28.7","6.5","2025","221","3.52","0.25","2025","221","3.50","0.24","888","130","14.9","8.3","11.4","6.5","73.8","10.7","2025","221","44.4","6.1","32.8","6.8","(X)","(X)","(X)","(X)","88.3","4.3","7.8","3.7","3.9","2.2","79.1","6.9","20.9","6.9","204","139","2.69","0.50","204","139","2.43","0.29","54","48","0.0","41.9","0.0","41.9","100.0","41.9","204","139","32.8","30.5","67.2","30.5","(X)","(X)","(X)","(X)","76.5","25.9","16.7","20.9","6.9","12.7","33.3","34.0","66.7","34.0","268","124","3.29","0.60","268","124","3.05","0.46","176","92","0.0","17.9","9.1","15.3","90.9","15.3","268","124","73.1","22.0","13.4","12.7","(X)","(X)","(X)","(X)","64.9","25.8","35.1","25.8","0.0","12.2","27.6","17.0","72.4","17.0","803","183","1.28","0.18","(X)","(X)","(X)","(X)","(X)","(X)","(X)","(X)","(X)","(X)","(X)","(X)","803","183","4.0","4.7","61.3","13.9","83.7","10.3","40.1","11.9","62.3","12.0","23.7","12.5","14.1","7.1","75.7","12.9","24.3","12.9",
"1400000US06111005304","Census Tract 53.04, Ventura County, California","2947","132","1.90","0.10","1479","153","2.60","0.19","281","71","51.2","28.8","8.2","14.9","40.6","22.9","2947","132","11.9","3.2","74.9","4.9","45.7","5.1","37.7","5.0","86.4","4.4","13.2","4.3","0.4","0.7","67.1","6.6","32.9","6.6","1158","169","2.50","0.21","1158","169","2.50","0.21","186","93","41.9","32.8","12.4","20.0","45.7","28.8","1158","169","19.4","8.4","75.0","6.6","(X)","(X)","(X)","(X)","93.9","4.6","6.1","4.6","0.0","3.0","71.1","10.3","28.9","10.3","95","76","4.04","0.86","95","76","3.44","0.50","0","17","-","**","-","**","-","**","95","76","16.8","30.2","43.2","42.8","(X)","(X)","(X)","(X)","100.0","29.9","0.0","29.9","0.0","29.9","73.7","35.9","26.3","35.9","226","108","3.07","0.32","226","108","2.76","0.34","95","82","69.5","39.8","0.0","29.9","30.5","39.8","226","108","49.1","22.8","40.3","22.9","(X)","(X)","(X)","(X)","59.7","26.4","40.3","26.4","0.0","14.3","54.0","25.6","46.0","25.6","1468","176","1.11","0.07","(X)","(X)","(X)","(X)","(X)","(X)","(X)","(X)","(X)","(X)","(X)","(X)","1468","176","0.0","2.4","82.2","8.9","91.8","5.5","75.7","8.7","83.7","8.0","15.5","7.9","0.8","1.4","65.5","10.1","34.5","10.1",
"1400000US06111005305","Census Tract 53.05, Ventura County, California","1789","101","2.99","0.21","1521","115","3.15","0.18","452","57","12.2","9.1","0.0","7.4","87.8","9.1","1789","101","28.6","3.8","59.8","5.5","11.6","4.7","5.2","3.5","99.3","0.8","0.4","0.7","0.2","0.4","93.9","3.5","6.1","3.5","1432","116","3.27","0.20","1432","116","3.17","0.18","432","56","12.7","9.4","0.0","7.8","87.3","9.4","1432","116","32.5","3.9","61.0","5.9","(X)","(X)","(X)","(X)","99.2","1.0","0.6","0.9","0.3","0.5","98.7","1.2","1.3","1.2","19","22","2.63","0.87","19","22","2.63","0.87","12","18","0.0","88.8","0.0","88.8","100.0","88.8","19","22","63.2","56.6","36.8","56.6","(X)","(X)","(X)","(X)","100.0","70.6","0.0","70.6","0.0","70.6","100.0","70.6","0.0","70.6","70","40","2.90","0.55","70","40","2.90","0.55","8","12","0.0","100.0","0.0","100.0","100.0","100.0","70","40","11.4","18.4","42.9","27.1","(X)","(X)","(X)","(X)","100.0","36.7","0.0","36.7","0.0","36.7","100.0","36.7","0.0","36.7","268","104","1.58","0.46","(X)","(X)","(X)","(X)","(X)","(X)","(X)","(X)","(X)","(X)","(X)","(X)","268","104","9.7","9.6","59.3","21.9","77.6","15.1","34.7","20.2","100.0","12.2","0.0","12.2","0.0","12.2","66.0","17.6","34.0","17.6",
"1400000US06111005306","Census Tract 53.06, Ventura County, California","1670","67","2.90","0.13","1306","78","3.31","0.17","492","56","15.2","8.0","24.4","8.7","60.4","9.7","1670","67","32.9","4.1","43.8","5.5","18.8","4.6","7.5","3.5","95.9","3.3","3.6","3.2","0.5","0.9","83.4","5.1","16.6","5.1","1186","80","3.36","0.18","1186","80","3.34","0.18","457","62","16.4","8.5","26.3","9.1","57.3","10.1","1186","80","41.2","5.8","44.1","5.9","(X)","(X)","(X)","(X)","99.5","1.0","0.5","1.0","0.0","2.9","85.6","4.6","14.4","4.6","64","46","3.66","0.39","64","46","3.25","0.39","25","30","0.0","61.6","0.0","61.6","100.0","61.6","64","46","39.1","31.5","48.4","30.1","(X)","(X)","(X)","(X)","100.0","38.5","0.0","38.5","0.0","38.5","92.2","14.7","7.8","14.7","56","37","3.02","0.52","56","37","2.84","0.56","10","15","0.0","97.3","0.0","97.3","100.0","97.3","56","37","46.4","35.2","28.6","31.2","(X)","(X)","(X)","(X)","100.0","41.1","0.0","41.1","0.0","41.1","85.7","24.0","14.3","24.0","364","82","1.24","0.17","(X)","(X)","(X)","(X)","(X)","(X)","(X)","(X)","(X)","(X)","(X)","(X)","364","82","2.5","4.1","44.5","15.5","86.3","8.9","34.6","13.9","82.7","14.3","14.8","13.9","2.5","4.1","74.5","17.1","25.5","17.1",
"1400000US06111005401","Census Tract 54.01, Ventura County, California","1334","44","3.22","0.27","1135","72","3.37","0.24","438","60","12.8","11.3","18.7","9.0","68.5","14.1","1334","44","35.9","5.1","46.5","5.5","9.9","4.7","3.2","2.2","87.9","4.4","12.1","4.4","0.0","2.6","80.0","5.7","20.0","5.7","1011","109","3.39","0.24","1011","109","3.34","0.24","410","67","13.7","11.8","17.3","8.9","69.0","14.2","1011","109","43.3","6.6","42.2","7.0","(X)","(X)","(X)","(X)","90.3","4.9","9.7","4.9","0.0","3.4","83.2","6.3","16.8","6.3","12","22","5.67","1.31","12","22","5.67","1.31","12","22","0.0","88.8","0.0","88.8","100.0","88.8","12","22","100.0","88.8","0.0","88.8","(X)","(X)","(X)","(X)","100.0","88.8","0.0","88.8","0.0","88.8","0.0","88.8","100.0","88.8","112","63","4.58","1.40","112","63","3.35","0.42","16","23","0.0","76.9","68.8","68.8","31.3","68.7","112","63","25.9","24.8","74.1","23.3","(X)","(X)","(X)","(X)","85.7","20.7","14.3","20.7","0.0","26.3","85.7","20.7","14.3","20.7","199","70","1.42","0.27","(X)","(X)","(X)","(X)","(X)","(X)","(X)","(X)","(X)","(X)","(X)","(X)","199","70","0.0","16.1","55.3","21.7","66.3","19.4","21.6","12.5","76.4","19.6","23.6","19.6","0.0","16.1","65.3","21.0","34.7","21.0",
"1400000US06111005403","Census Tract 54.03, Ventura County, California","915","56","2.82","0.32","495","80","4.13","0.56","231","71","14.3","10.2","16.9","11.6","68.8","14.9","915","56","29.7","6.8","53.1","7.2","42.3","8.3","25.4","6.2","62.6","5.9","37.4","5.9","0.0","3.7","42.6","7.0","57.4","7.0","343","60","4.66","0.68","343","60","4.50","0.71","157","57","19.1","14.9","24.8","17.0","56.1","21.0","343","60","55.1","14.8","44.9","13.0","(X)","(X)","(X)","(X)","85.7","9.4","14.3","9.4","0.0","9.7","62.1","11.8","37.9","11.8","38","33","5.24","2.34","38","33","4.74","2.10","32","32","9.4","23.2","0.0","54.4","90.6","23.2","38","33","84.2","23.7","42.1","45.3","(X)","(X)","(X)","(X)","92.1","19.0","7.9","19.0","0.0","49.9","92.1","19.0","7.9","19.0","114","49","2.83","0.42","114","49","2.79","0.38","42","28","0.0","47.5","0.0","47.5","100.0","47.5","114","49","42.1","22.1","47.4","22.3","(X)","(X)","(X)","(X)","94.7","8.0","5.3","8.0","0.0","26.0","49.1","21.9","50.9","21.9","420","75","1.10","0.08","(X)","(X)","(X)","(X)","(X)","(X)","(X)","(X)","(X)","(X)","(X)","(X)","420","75","0.7","1.3","62.4","12.1","92.1","5.8","55.2","13.2","32.4","11.7","67.6","11.7","0.0","8.0","20.5","8.2","79.5","8.2",
"1400000US06111005404","Census Tract 54.04, Ventura County, California","1170","57","3.35","0.19","962","76","3.60","0.25","378","67","8.7","6.8","35.2","14.0","56.1","14.9","1170","57","35.0","5.8","43.8","7.2","13.8","6.0","8.7","4.7","100.0","2.9","0.0","2.9","0.0","2.9","80.7","6.3","19.3","6.3","718","99","3.81","0.31","718","99","3.76","0.31","275","80","12.0","9.8","26.9","16.5","61.1","17.4","718","99","39.4","8.8","43.9","10.2","(X)","(X)","(X)","(X)","100.0","4.8","0.0","4.8","0.0","4.8","87.7","6.2","12.3","6.2","24","24","2.33","0.37","24","24","2.33","0.37","0","12","-","**","-","**","-","**","24","24","0.0","62.8","58.3","53.7","(X)","(X)","(X)","(X)","100.0","62.8","0.0","62.8","0.0","62.8","58.3","53.7","41.7","53.7","220","68","3.65","0.58","220","68","3.22","0.48","103","54","0.0","28.1","57.3","35.1","42.7","35.1","220","68","46.8","19.4","29.1","13.2","(X)","(X)","(X)","(X)","100.0","14.7","0.0","14.7","0.0","14.7","60.9","21.6","39.1","21.6","208","85","1.58","0.48","(X)","(X)","(X)","(X)","(X)","(X)","(X)","(X)","(X)","(X)","(X)","(X)","208","85","11.1","16.3","57.2","21.5","77.4","18.4","49.0","21.0","100.0","15.4","0.0","15.4","0.0","15.4","79.8","18.4","20.2","18.4",
"1400000US06111005502","Census Tract 55.02, Ventura County, California","2079","102","2.51","0.23","1124","205","3.32","0.38","471","111","28.2","14.4","23.6","12.8","48.2","14.6","2079","102","26.2","5.9","25.1","6.5","33.3","8.9","6.6","4.8","38.7","6.4","61.3","6.4","0.0","1.7","21.6","5.8","78.4","5.8","826","204","3.20","0.39","826","204","3.17","0.39","244","88","34.0","21.6","12.7","13.2","53.3","19.5","826","204","29.5","11.6","31.0","14.3","(X)","(X)","(X)","(X)","50.4","11.8","49.6","11.8","0.0","4.1","22.8","9.6","77.2","9.6","86","58","4.50","0.86","86","58","3.67","0.64","81","56","42.0","36.6","42.0","38.6","16.0","23.8","86","58","100.0","32.1","0.0","32.1","(X)","(X)","(X)","(X)","22.1","23.6","77.9","23.6","0.0","32.1","16.3","20.5","83.7","20.5","212","111","4.25","1.41","212","111","3.78","1.22","146","95","11.0","19.2","31.5","30.2","57.5","32.5","212","111","96.2","8.6","0.0","15.2","(X)","(X)","(X)","(X)","51.4","24.6","48.6","24.6","0.0","15.2","4.7","9.3","95.3","9.3","955","220","1.35","0.14","(X)","(X)","(X)","(X)","(X)","(X)","(X)","(X)","(X)","(X)","(X)","(X)","955","220","1.2","1.9","27.7","9.8","72.5","10.3","14.5","8.8","27.2","10.1","72.8","10.1","0.0","3.6","24.9","11.1","75.1","11.1",
"1400000US06111005503","Census Tract 55.03, Ventura County, California","1382","86","3.11","0.22","1047","109","3.66","0.25","567","89","13.6","9.2","29.6","13.5","56.8","13.3","1382","86","47.1","5.8","44.5","5.8","19.5","6.6","18.0","6.6","81.0","7.1","19.0","7.1","0.0","2.5","45.4","6.7","54.6","6.7","788","143","3.72","0.28","788","143","3.69","0.26","454","110","17.0","11.5","33.3","16.9","49.8","17.0","788","143","63.3","6.4","31.1","5.9","(X)","(X)","(X)","(X)","95.2","5.3","4.8","5.3","0.0","4.3","49.6","8.6","50.4","8.6","97","73","4.14","1.67","97","73","3.91","1.54","59","48","0.0","40.1","28.8","35.6","71.2","35.6","97","73","70.1","38.0","9.3","14.9","(X)","(X)","(X)","(X)","90.7","14.9","9.3","14.9","0.0","29.4","15.5","23.5","84.5","23.5","162","77","3.35","0.55","162","77","3.35","0.55","54","51","0.0","41.9","0.0","41.9","100.0","41.9","162","77","43.2","24.6","54.9","23.5","(X)","(X)","(X)","(X)","81.5","21.3","18.5","21.3","0.0","19.3","71.6","22.4","28.4","22.4","335","100","1.27","0.16","(X)","(X)","(X)","(X)","(X)","(X)","(X)","(X)","(X)","(X)","(X)","(X)","335","100","4.2","6.7","81.2","11.9","80.3","11.4","74.3","14.0","44.8","17.3","55.2","17.3","0.0","9.9","31.6","14.3","68.4","14.3",
"1400000US06111005504","Census Tract 55.04, Ventura County, California","1491","72","2.85","0.19","1074","96","3.36","0.21","457","74","13.1","7.9","32.6","15.0","54.3","13.8","1491","72","31.8","4.7","44.9","4.9","23.4","5.2","11.7","3.7","87.3","3.7","12.7","3.7","0.0","2.3","71.5","6.5","28.5","6.5","896","97","3.44","0.25","896","97","3.42","0.24","400","63","11.5","8.4","37.3","15.6","51.3","14.9","896","97","44.6","7.3","36.0","7.0","(X)","(X)","(X)","(X)","91.9","3.8","8.1","3.8","0.0","3.8","74.8","8.9","25.2","8.9","52","38","4.04","1.12","52","38","3.50","0.82","17","28","0.0","74.6","0.0","74.6","100.0","74.6","52","38","48.1","40.0","51.9","40.0","(X)","(X)","(X)","(X)","78.8","30.8","21.2","30.8","0.0","42.7","32.7","37.4","67.3","37.4","126","49","3.34","0.57","126","49","2.86","0.51","40","35","35.0","46.8","0.0","48.7","65.0","46.8","126","49","38.9","25.6","49.2","24.8","(X)","(X)","(X)","(X)","88.9","12.8","11.1","12.8","0.0","23.9","82.5","16.6","17.5","16.6","417","86","1.27","0.22","(X)","(X)","(X)","(X)","(X)","(X)","(X)","(X)","(X)","(X)","(X)","(X)","417","86","0.0","8.0","61.6","12.3","83.7","10.5","42.0","12.1","78.2","9.8","21.8","9.8","0.0","8.0","65.9","11.1","34.1","11.1",
"1400000US06111005600","Census Tract 56, Ventura County, California","4059","159","2.48","0.19","2482","227","3.17","0.17","964","174","30.9","12.5","13.6","10.2","55.5","12.6","4059","159","25.1","4.6","37.4","4.4","33.4","5.7","14.1","3.2","67.7","4.9","18.4","4.3","13.9","3.3","60.8","5.5","39.2","5.5","1994","204","3.27","0.24","1994","204","3.21","0.22","842","156","33.6","13.9","13.8","11.4","52.6","13.3","1994","204","42.8","7.1","32.6","6.2","(X)","(X)","(X)","(X)","78.0","5.3","12.7","4.8","9.3","3.3","67.3","7.9","32.7","7.9","54","47","2.78","0.60","54","47","2.78","0.60","17","27","0.0","74.6","0.0","74.6","100.0","74.6","54","47","31.5","43.1","68.5","43.1","(X)","(X)","(X)","(X)","72.2","39.7","0.0","41.9","27.8","39.7","68.5","43.1","31.5","43.1","434","177","3.03","0.41","434","177","3.03","0.41","105","85","14.3","24.5","14.3","25.7","71.4","35.7","434","177","33.9","19.2","21.0","12.9","(X)","(X)","(X)","(X)","56.9","18.5","24.9","20.9","18.2","13.8","70.3","22.2","29.7","22.2","1577","248","1.32","0.27","(X)","(X)","(X)","(X)","(X)","(X)","(X)","(X)","(X)","(X)","(X)","(X)","1577","248","0.0","2.2","46.9","8.6","86.0","8.0","36.3","7.6","57.5","11.4","24.4","10.1","18.1","6.5","49.6","9.5","50.4","9.5",
"1400000US06111005700","Census Tract 57, Ventura County, California","654","42","2.31","0.16","360","46","3.01","0.16","168","33","43.5","16.1","20.8","13.6","35.7","14.2","654","42","27.1","5.2","21.1","6.5","32.3","7.4","5.0","3.8","33.8","5.9","66.2","5.9","0.0","5.2","30.1","5.8","69.9","5.8","327","44","3.08","0.17","327","44","3.05","0.17","139","28","43.2","18.7","25.2","17.4","31.7","17.7","327","44","44.0","7.5","24.8","11.1","(X)","(X)","(X)","(X)","48.9","10.9","51.1","10.9","0.0","10.1","41.6","10.8","58.4","10.8","0","12","-","**","0","12","-","**","0","12","-","**","-","**","-","**","0","12","-","**","-","**","(X)","(X)","(X)","(X)","-","**","-","**","-","**","-","**","-","**","33","28","2.58","0.79","33","28","2.58","0.79","29","27","44.8","48.6","0.0","57.1","55.2","48.6","33","28","87.9","17.7","0.0","53.6","(X)","(X)","(X)","(X)","48.5","42.7","51.5","42.7","0.0","53.6","48.5","42.7","51.5","42.7","294","55","1.41","0.24","(X)","(X)","(X)","(X)","(X)","(X)","(X)","(X)","(X)","(X)","(X)","(X)","294","55","1.4","2.2","19.4","10.4","71.8","11.8","11.2","8.2","15.3","8.9","84.7","8.9","0.0","11.2","15.3","9.2","84.7","9.2",
"1400000US06111005801","Census Tract 58.01, Ventura County, California","1712","58","3.07","0.15","1476","99","3.28","0.14","753","72","13.0","7.6","10.4","7.1","76.6","8.7","1712","58","45.3","4.0","34.1","4.0","10.2","4.9","3.9","2.2","100.0","2.0","0.0","2.0","0.0","2.0","83.9","4.5","16.1","4.5","1361","106","3.29","0.15","1361","106","3.29","0.15","706","77","13.9","8.1","11.0","7.5","75.1","9.2","1361","106","51.9","4.7","36.1","4.7","(X)","(X)","(X)","(X)","100.0","2.5","0.0","2.5","0.0","2.5","86.6","4.7","13.4","4.7","35","33","3.17","0.91","35","33","3.17","0.91","13","21","0.0","85.4","0.0","85.4","100.0","85.4","35","33","37.1","46.8","0.0","52.0","(X)","(X)","(X)","(X)","100.0","52.0","0.0","52.0","0.0","52.0","65.7","47.2","34.3","47.2","80","56","3.25","0.78","80","56","3.25","0.78","34","27","0.0","52.8","0.0","52.8","100.0","52.8","80","56","42.5","27.9","22.5","29.3","(X)","(X)","(X)","(X)","100.0","33.7","0.0","33.7","0.0","33.7","51.3","34.0","48.8","34.0","236","79","1.75","0.67","(X)","(X)","(X)","(X)","(X)","(X)","(X)","(X)","(X)","(X)","(X)","(X)","236","79","9.3","10.4","31.4","19.0","73.7","23.0","28.0","18.1","100.0","13.8","0.0","13.8","0.0","13.8","82.2","19.1","17.8","19.1",
"1400000US06111005802","Census Tract 58.02, Ventura County, California","2996","124","3.19","0.17","2436","170","3.52","0.16","1215","172","10.3","6.6","8.4","5.3","81.3","6.6","2996","124","45.9","5.0","37.6","4.6","15.0","4.5","4.3","2.2","90.1","3.6","1.3","1.1","8.5","3.5","88.1","4.4","11.9","4.4","2077","182","3.55","0.18","2077","182","3.53","0.18","968","158","12.9","8.4","10.5","6.5","76.5","8.3","2077","182","53.7","5.6","38.5","5.3","(X)","(X)","(X)","(X)","93.5","4.6","0.0","1.7","6.5","4.6","92.8","3.5","7.2","3.5","53","43","4.36","1.42","53","43","3.57","0.85","53","43","0.0","42.3","0.0","42.3","100.0","42.3","53","43","100.0","42.3","0.0","42.3","(X)","(X)","(X)","(X)","77.4","36.0","22.6","36.0","0.0","42.3","77.4","36.0","22.6","36.0","306","129","3.53","0.40","306","129","3.43","0.38","194","112","0.0","16.4","0.0","16.4","100.0","16.4","306","129","67.6","22.3","37.3","23.5","(X)","(X)","(X)","(X)","83.7","18.6","0.0","10.8","16.3","18.6","85.6","16.9","14.4","16.9","560","137","1.53","0.46","(X)","(X)","(X)","(X)","(X)","(X)","(X)","(X)","(X)","(X)","(X)","(X)","560","137","0.0","6.1","37.9","14.8","80.0","16.1","22.9","12.4","82.1","9.8","5.0","4.5","12.9","7.7","73.0","18.6","27.0","18.6",
"1400000US06111005901","Census Tract 59.01, Ventura County, California","2181","133","3.04","0.27","1791","123","3.43","0.27","600","127","25.5","13.7","18.0","15.7","56.5","16.0","2181","133","31.6","6.5","47.6","6.4","17.1","6.2","8.8","4.4","100.0","1.6","0.0","1.6","0.0","1.6","82.6","7.8","17.4","7.8","1523","133","3.36","0.21","1523","133","3.36","0.21","573","123","26.7","14.5","18.8","16.3","54.5","16.7","1523","133","41.7","7.7","42.9","6.9","(X)","(X)","(X)","(X)","100.0","2.3","0.0","2.3","0.0","2.3","80.2","9.6","19.8","9.6","89","74","5.22","3.92","89","74","5.22","3.92","27","46","0.0","59.2","0.0","59.2","100.0","59.2","89","74","61.8","43.5","38.2","43.5","(X)","(X)","(X)","(X)","100.0","31.4","0.0","31.4","0.0","31.4","100.0","31.4","0.0","31.4","179","84","3.45","0.38","179","84","3.18","0.32","0","17","-","**","-","**","-","**","179","84","0.0","17.7","57.5","25.5","(X)","(X)","(X)","(X)","100.0","17.7","0.0","17.7","0.0","17.7","84.4","18.5","15.6","18.5","390","154","1.09","0.14","(X)","(X)","(X)","(X)","(X)","(X)","(X)","(X)","(X)","(X)","(X)","(X)","390","154","0.0","8.6","63.6","19.0","95.9","6.4","49.0","24.9","100.0","8.6","0.0","8.6","0.0","8.6","86.9","14.2","13.1","14.2",
"1400000US06111005906","Census Tract 59.06, Ventura County, California","2570","108","2.48","0.19","1588","171","3.16","0.18","666","139","20.9","11.9","20.9","12.5","58.3","15.2","2570","108","26.5","5.6","38.1","5.3","31.1","6.7","9.8","4.4","71.7","5.2","28.3","5.2","0.0","1.4","59.4","6.1","40.6","6.1","1328","180","3.21","0.21","1328","180","3.19","0.20","578","126","24.0","13.1","21.6","13.8","54.3","15.7","1328","180","44.7","7.9","37.7","7.1","(X)","(X)","(X)","(X)","87.2","6.5","12.8","6.5","0.0","2.6","81.8","7.7","18.2","7.7","37","36","4.27","1.76","37","36","3.86","2.08","12","21","0.0","88.8","0.0","88.8","100.0","88.8","37","36","32.4","47.7","100.0","50.6","(X)","(X)","(X)","(X)","67.6","47.7","32.4","47.7","0.0","50.6","67.6","47.7","32.4","47.7","223","123","3.29","0.58","223","123","2.85","0.35","76","86","0.0","34.9","18.4","35.5","81.6","35.5","223","123","34.1","31.0","29.1","25.5","(X)","(X)","(X)","(X)","96.0","9.9","4.0","9.9","0.0","14.5","34.1","26.3","65.9","26.3","982","175","1.24","0.12","(X)","(X)","(X)","(X)","(X)","(X)","(X)","(X)","(X)","(X)","(X)","(X)","982","175","0.0","3.5","38.2","11.8","81.3","9.2","25.8","10.3","45.3","12.9","54.7","12.9","0.0","3.5","34.5","12.9","65.5","12.9",
"1400000US06111005907","Census Tract 59.07, Ventura County, California","1761","97","1.97","0.11","975","111","2.52","0.15","219","80","32.4","19.6","9.6","10.5","58.0","17.2","1761","97","14.1","4.7","61.0","6.1","38.7","6.5","21.7","5.5","89.3","4.1","10.3","4.2","0.3","0.6","72.5","7.2","27.5","7.2","774","98","2.51","0.18","774","98","2.51","0.18","147","72","48.3","27.9","8.2","10.5","43.5","27.5","774","98","19.0","8.4","63.3","9.1","(X)","(X)","(X)","(X)","95.2","3.9","4.0","3.7","0.8","1.4","85.7","8.0","14.3","8.0","59","41","3.25","0.90","59","41","2.63","0.44","37","33","0.0","50.6","24.3","38.5","75.7","38.5","59","41","62.7","32.5","16.9","27.5","(X)","(X)","(X)","(X)","76.3","33.0","23.7","33.0","0.0","40.1","16.9","27.5","83.1","27.5","142","72","2.63","0.27","142","72","2.56","0.24","35","34","0.0","52.0","0.0","52.0","100.0","52.0","142","72","45.8","29.9","36.6","26.2","(X)","(X)","(X)","(X)","76.8","20.3","23.2","20.3","0.0","21.6","61.3","28.7","38.7","28.7","786","126","1.22","0.18","(X)","(X)","(X)","(X)","(X)","(X)","(X)","(X)","(X)","(X)","(X)","(X)","786","126","0.0","4.4","66.4","8.8","86.6","7.9","48.7","9.8","86.8","6.7","13.2","6.7","0.0","4.4","65.8","11.3","34.2","11.3",
"1400000US06111005908","Census Tract 59.08, Ventura County, California","993","55","2.90","0.20","741","70","3.38","0.23","316","63","28.5","11.5","19.3","8.7","52.2","12.1","993","55","32.8","6.0","43.1","6.8","21.0","7.7","3.7","2.4","93.0","2.5","6.4","2.4","0.6","0.8","72.8","6.8","27.2","6.8","640","72","3.27","0.23","640","72","3.25","0.23","286","62","29.7","12.4","21.3","9.7","49.0","12.9","640","72","44.7","7.9","44.2","8.1","(X)","(X)","(X)","(X)","94.4","2.6","5.6","2.6","0.0","5.3","78.3","8.1","21.7","8.1","43","29","3.98","0.92","43","29","3.23","0.59","11","12","45.5","54.5","0.0","92.8","54.5","54.5","43","29","30.2","26.4","69.8","26.4","(X)","(X)","(X)","(X)","100.0","46.9","0.0","46.9","0.0","46.9","55.8","31.4","44.2","31.4","58","26","5.02","2.03","58","26","4.91","2.07","19","18","0.0","70.6","0.0","70.6","100.0","70.6","58","26","36.2","28.7","81.0","17.9","(X)","(X)","(X)","(X)","91.4","14.5","8.6","14.5","0.0","40.4","72.4","24.8","27.6","24.8","252","85","1.31","0.20","(X)","(X)","(X)","(X)","(X)","(X)","(X)","(X)","(X)","(X)","(X)","(X)","252","85","2.4","3.7","27.0","14.5","82.9","11.0","14.7","10.2","88.5","8.9","9.1","8.3","2.4","3.3","61.9","24.2","38.1","24.2",
"1400000US06111005909","Census Tract 59.09, Ventura County, California","1373","78","2.43","0.20","832","109","3.02","0.26","240","70","13.3","10.7","17.5","13.4","69.2","14.3","1373","78","19.7","5.1","57.3","6.2","30.1","6.8","21.1","5.3","73.6","5.4","3.4","2.6","23.1","4.6","80.5","6.0","19.5","6.0","642","98","2.96","0.25","642","98","2.94","0.25","184","63","13.0","12.4","22.8","16.9","64.1","18.1","642","98","28.7","9.0","49.1","8.7","(X)","(X)","(X)","(X)","80.7","9.4","0.0","5.3","19.3","9.4","91.9","5.7","8.1","5.7","92","46","3.85","0.98","92","46","3.40","1.00","29","26","0.0","57.1","0.0","57.1","100.0","57.1","92","46","53.3","27.4","45.7","24.5","(X)","(X)","(X)","(X)","63.0","25.8","15.2","21.2","21.7","20.7","84.8","21.2","15.2","21.2","98","53","3.59","0.99","98","53","3.17","1.16","27","25","29.6","42.5","0.0","59.2","70.4","42.5","98","53","38.8","28.7","61.2","28.7","(X)","(X)","(X)","(X)","88.8","17.2","0.0","29.2","11.2","17.2","58.2","35.1","41.8","35.1","541","120","1.34","0.15","(X)","(X)","(X)","(X)","(X)","(X)","(X)","(X)","(X)","(X)","(X)","(X)","541","120","0.0","6.3","68.4","10.4","76.3","9.2","53.6","9.9","64.1","10.3","5.9","5.5","29.9","9.2","70.2","11.8","29.8","11.8",
"1400000US06111005910","Census Tract 59.10, Ventura County, California","616","24","2.92","0.16","522","44","3.08","0.16","179","29","9.5","9.5","8.4","7.1","82.1","11.3","616","24","30.7","4.0","51.3","6.2","9.1","4.8","3.4","2.6","100.0","5.5","0.0","5.5","0.0","5.5","89.8","6.0","10.2","6.0","484","39","3.05","0.17","484","39","3.01","0.17","157","30","10.8","10.8","9.6","8.1","79.6","12.9","484","39","33.9","4.9","54.5","7.3","(X)","(X)","(X)","(X)","100.0","7.0","0.0","7.0","0.0","7.0","94.0","5.3","6.0","5.3","27","22","4.37","1.19","27","22","4.07","1.31","11","18","0.0","92.8","0.0","92.8","100.0","92.8","27","22","51.9","37.9","37.0","44.3","(X)","(X)","(X)","(X)","100.0","59.2","0.0","59.2","0.0","59.2","77.8","29.9","22.2","29.9","11","14","5.45","2.39","11","14","3.64","1.20","11","14","0.0","92.8","0.0","92.8","100.0","92.8","11","14","100.0","92.8","0.0","92.8","(X)","(X)","(X)","(X)","100.0","92.8","0.0","92.8","0.0","92.8","45.5","54.5","54.5","54.5","94","37","1.50","0.35","(X)","(X)","(X)","(X)","(X)","(X)","(X)","(X)","(X)","(X)","(X)","(X)","94","37","0.0","30.1","44.7","22.4","59.6","22.4","22.3","15.6","100.0","30.1","0.0","30.1","0.0","30.1","76.6","21.0","23.4","21.0",
"1400000US06111005911","Census Tract 59.11, Ventura County, California","1542","90","2.36","0.22","930","113","2.90","0.25","269","92","27.1","16.5","3.0","5.4","69.9","16.8","1542","90","18.5","6.1","49.1","5.7","30.6","7.0","12.2","4.7","80.2","4.7","19.8","4.7","0.0","2.2","66.0","5.9","34.0","5.9","809","105","2.93","0.27","809","105","2.88","0.26","228","92","32.0","18.6","3.5","6.5","64.5","18.9","809","105","29.3","10.2","49.4","8.9","(X)","(X)","(X)","(X)","89.6","6.6","10.4","6.6","0.0","4.2","77.6","7.8","22.4","7.8","20","22","3.60","1.23","20","22","3.60","1.23","12","19","0.0","88.8","0.0","88.8","100.0","88.8","20","22","60.0","57.2","40.0","57.2","(X)","(X)","(X)","(X)","100.0","68.8","0.0","68.8","0.0","68.8","100.0","68.8","0.0","68.8","101","60","3.26","0.47","101","60","2.97","0.54","29","27","0.0","57.1","0.0","57.1","100.0","57.1","101","60","35.6","27.4","42.6","30.3","(X)","(X)","(X)","(X)","52.5","33.1","47.5","33.1","0.0","28.5","47.5","30.5","52.5","30.5","612","116","1.42","0.28","(X)","(X)","(X)","(X)","(X)","(X)","(X)","(X)","(X)","(X)","(X)","(X)","612","116","0.0","5.6","50.0","12.2","77.1","10.9","30.7","11.4","71.6","11.0","28.4","11.0","0.0","5.6","52.5","12.1","47.5","12.1",
"1400000US06111006000","Census Tract 60, Ventura County, California","1542","54","3.13","0.18","1285","95","3.51","0.16","586","74","16.6","8.5","25.1","11.5","58.4","12.9","1542","54","40.7","4.6","40.9","6.1","16.3","5.6","8.2","4.2","98.0","2.0","2.0","2.0","0.0","2.2","83.7","5.5","16.3","5.5","1035","99","3.55","0.17","1035","99","3.52","0.17","492","70","19.7","9.9","29.9","13.3","50.4","14.4","1035","99","48.6","6.8","34.7","8.2","(X)","(X)","(X)","(X)","98.5","1.7","1.5","1.7","0.0","3.3","90.5","4.4","9.5","4.4","79","54","3.66","0.89","79","54","3.48","0.96","25","29","0.0","61.6","0.0","61.6","100.0","61.6","79","54","40.5","33.2","50.6","27.6","(X)","(X)","(X)","(X)","81.0","27.1","19.0","27.1","0.0","34.0","60.8","29.3","39.2","29.3","171","69","3.47","0.60","171","69","3.43","0.60","69","45","0.0","37.0","0.0","37.0","100.0","37.0","171","69","50.9","22.0","56.7","22.4","(X)","(X)","(X)","(X)","100.0","18.4","0.0","18.4","0.0","18.4","65.5","22.0","34.5","22.0","257","88","1.07","0.12","(X)","(X)","(X)","(X)","(X)","(X)","(X)","(X)","(X)","(X)","(X)","(X)","257","88","2.3","3.7","52.5","21.2","97.7","3.7","49.0","21.4","100.0","12.7","0.0","12.7","0.0","12.7","75.5","20.3","24.5","20.3",
"1400000US06111006100","Census Tract 61, Ventura County, California","2738","142","3.04","0.21","1952","193","3.58","0.22","1186","205","17.8","8.6","28.2","13.6","54.0","13.9","2738","142","44.4","7.2","28.7","4.4","20.9","6.4","3.4","2.5","55.2","7.0","43.0","6.8","1.9","2.7","45.4","6.9","54.6","6.9","1526","204","3.62","0.27","1526","204","3.62","0.27","838","216","13.1","8.4","27.2","16.3","59.7","16.8","1526","204","55.8","8.9","35.7","7.6","(X)","(X)","(X)","(X)","74.7","10.2","25.3","10.2","0.0","2.3","63.8","11.4","36.2","11.4","94","63","4.05","1.14","94","63","3.28","0.53","53","54","0.0","42.3","28.3","42.2","71.7","42.2","94","63","74.5","34.7","25.5","34.7","(X)","(X)","(X)","(X)","53.2","39.0","46.8","39.0","0.0","30.1","66.0","31.6","34.0","31.6","332","179","4.14","0.62","332","179","3.49","0.51","295","171","34.2","26.0","30.8","27.3","34.9","27.3","332","179","88.9","13.2","15.1","16.9","(X)","(X)","(X)","(X)","54.8","25.8","29.8","20.3","15.4","19.9","16.3","17.6","83.7","17.6","786","207","1.33","0.17","(X)","(X)","(X)","(X)","(X)","(X)","(X)","(X)","(X)","(X)","(X)","(X)","786","207","0.0","4.4","21.1","10.9","72.9","14.4","11.7","8.3","17.7","9.5","82.3","9.5","0.0","4.4","19.6","10.3","80.4","10.3",
"1400000US06111006200","Census Tract 62, Ventura County, California","1061","47","2.86","0.25","840","80","3.23","0.25","299","66","0.0","11.0","13.7","10.6","86.3","10.6","1061","47","29.1","6.8","56.5","7.5","16.4","5.7","7.4","4.7","100.0","3.2","0.0","3.2","0.0","3.2","87.8","5.3","12.2","5.3","753","91","3.28","0.26","753","91","3.23","0.26","273","70","0.0","12.0","15.0","11.6","85.0","11.6","753","91","37.6","8.5","55.6","8.8","(X)","(X)","(X)","(X)","100.0","4.5","0.0","4.5","0.0","4.5","89.8","5.2","10.2","5.2","18","22","2.44","0.40","18","22","2.44","0.40","0","12","-","**","-","**","-","**","18","22","0.0","72.5","61.1","56.5","(X)","(X)","(X)","(X)","100.0","72.5","0.0","72.5","0.0","72.5","100.0","72.5","0.0","72.5","69","48","3.62","0.44","69","48","3.43","0.66","26","31","0.0","60.4","0.0","60.4","100.0","60.4","69","48","37.7","35.2","62.3","35.2","(X)","(X)","(X)","(X)","100.0","37.0","0.0","37.0","0.0","37.0","100.0","37.0","0.0","37.0","221","79","1.20","0.22","(X)","(X)","(X)","(X)","(X)","(X)","(X)","(X)","(X)","(X)","(X)","(X)","221","79","0.0","14.6","57.0","22.1","78.7","22.8","35.7","23.2","100.0","14.6","0.0","14.6","0.0","14.6","76.5","22.0","23.5","22.0",
"1400000US06111006301","Census Tract 63.01, Ventura County, California","2594","125","2.49","0.11","1755","135","2.95","0.15","564","97","3.0","4.7","31.7","14.7","65.2","14.5","2594","125","22.7","3.7","54.9","5.3","24.5","4.9","16.7","4.1","78.2","4.7","21.8","4.7","0.0","1.3","65.8","5.7","34.2","5.7","1586","144","3.04","0.15","1586","144","3.01","0.15","482","103","3.5","5.4","37.1","17.3","59.3","17.0","1586","144","30.4","5.7","48.1","6.7","(X)","(X)","(X)","(X)","84.3","5.6","15.7","5.6","0.0","2.2","75.3","7.7","24.7","7.7","76","86","2.25","0.65","76","86","2.25","0.65","76","86","0.0","34.9","0.0","34.9","100.0","34.9","76","86","100.0","34.9","0.0","34.9","(X)","(X)","(X)","(X)","100.0","34.9","0.0","34.9","0.0","34.9","25.0","52.8","75.0","52.8","93","47","2.73","0.41","93","47","2.55","0.26","6","11","0.0","100.0","0.0","100.0","100.0","100.0","93","47","20.4","22.0","86.0","17.8","(X)","(X)","(X)","(X)","74.2","25.9","25.8","25.9","0.0","30.4","63.4","26.9","36.6","26.9","839","143","1.45","0.19","(X)","(X)","(X)","(X)","(X)","(X)","(X)","(X)","(X)","(X)","(X)","(X)","839","143","1.5","2.4","69.4","11.2","75.7","10.2","51.6","10.6","65.2","10.9","34.8","10.9","0.0","4.1","51.8","11.2","48.2","11.2",
"1400000US06111006302","Census Tract 63.02, Ventura County, California","787","44","2.83","0.17","647","50","3.17","0.17","261","56","23.8","14.0","15.7","11.8","60.5","15.8","787","44","35.7","6.9","46.9","7.7","16.1","5.4","8.0","3.6","79.0","5.6","21.0","5.6","0.0","4.3","70.4","6.9","29.6","6.9","570","58","3.17","0.19","570","58","3.15","0.19","243","56","25.5","14.7","16.9","12.5","57.6","16.3","570","58","45.3","8.3","42.5","8.9","(X)","(X)","(X)","(X)","83.9","8.5","16.1","8.5","0.0","6.0","74.7","8.8","25.3","8.8","42","27","3.10","0.55","42","27","2.81","0.63","12","12","0.0","88.8","0.0","88.8","100.0","88.8","42","27","40.5","29.2","45.2","31.4","(X)","(X)","(X)","(X)","85.7","19.8","14.3","19.8","0.0","47.5","45.2","31.2","54.8","31.2","35","20","3.97","0.84","35","20","3.83","0.85","6","8","0.0","100.0","0.0","100.0","100.0","100.0","35","20","17.1","22.1","54.3","28.6","(X)","(X)","(X)","(X)","71.4","25.6","28.6","25.6","0.0","52.0","57.1","28.4","42.9","28.4","140","46","1.11","0.11","(X)","(X)","(X)","(X)","(X)","(X)","(X)","(X)","(X)","(X)","(X)","(X)","140","46","0.0","21.9","63.6","20.3","90.7","8.2","45.0","17.9","59.3","17.5","40.7","17.5","0.0","21.9","63.6","18.7","36.4","18.7",
"1400000US06111006400","Census Tract 64, Ventura County, California","2423","100","2.83","0.20","1865","152","3.24","0.23","608","92","4.4","5.9","22.2","12.4","73.4","13.2","2423","100","28.1","4.9","54.6","6.4","17.5","5.1","9.9","4.1","97.5","2.7","1.9","2.6","0.6","1.0","88.1","5.0","11.9","5.0","1604","154","3.27","0.27","1604","154","3.26","0.27","485","90","5.6","7.2","27.8","14.7","66.6","15.3","1604","154","33.8","7.5","55.1","7.1","(X)","(X)","(X)","(X)","96.2","4.1","2.9","3.9","0.9","1.5","89.0","6.1","11.0","6.1","126","89","2.99","0.75","126","89","2.90","0.76","49","61","0.0","44.0","0.0","44.0","100.0","44.0","126","89","38.9","37.1","26.2","27.3","(X)","(X)","(X)","(X)","100.0","23.9","0.0","23.9","0.0","23.9","61.1","37.1","38.9","37.1","135","72","3.80","0.84","135","72","3.34","0.50","74","54","0.0","35.5","0.0","35.5","100.0","35.5","135","72","67.4","27.8","29.6","22.8","(X)","(X)","(X)","(X)","100.0","22.6","0.0","22.6","0.0","22.6","65.2","29.4","34.8","29.4","558","132","1.27","0.14","(X)","(X)","(X)","(X)","(X)","(X)","(X)","(X)","(X)","(X)","(X)","(X)","558","132","0.0","6.1","65.4","16.0","75.8","12.2","42.8","14.8","100.0","6.1","0.0","6.1","0.0","6.1","97.0","4.5","3.0","4.5",
"1400000US06111006500","Census Tract 65, Ventura County, California","1045","71","3.41","0.31","822","74","3.84","0.32","277","45","18.4","9.9","30.7","15.4","50.9","16.4","1045","71","33.5","5.5","42.3","5.7","20.7","6.7","10.3","6.1","88.8","5.3","11.2","5.3","0.0","3.3","74.4","7.8","25.6","7.8","629","91","4.01","0.49","629","91","3.79","0.40","226","51","19.9","11.4","29.2","16.3","50.9","18.4","629","91","43.2","9.0","34.3","8.0","(X)","(X)","(X)","(X)","98.4","2.5","1.6","2.5","0.0","5.4","87.0","6.6","13.0","6.6","27","21","4.26","1.01","27","21","3.30","0.77","0","12","-","**","-","**","-","**","27","21","0.0","59.2","59.3","53.8","(X)","(X)","(X)","(X)","74.1","47.7","25.9","47.7","0.0","59.2","74.1","47.7","25.9","47.7","166","72","4.20","0.61","166","72","4.10","0.61","51","37","11.8","20.7","37.3","62.7","51.0","51.0","166","72","47.0","21.8","57.2","19.1","(X)","(X)","(X)","(X)","69.3","18.1","30.7","18.1","0.0","18.9","58.4","21.0","41.6","21.0","223","77","1.03","0.05","(X)","(X)","(X)","(X)","(X)","(X)","(X)","(X)","(X)","(X)","(X)","(X)","223","77","0.0","14.5","51.6","21.7","96.9","4.5","48.4","23.0","78.0","16.7","22.0","16.7","0.0","14.5","51.1","22.2","48.9","22.2",
"1400000US06111006600","Census Tract 66, Ventura County, California","1378","25","2.95","0.21","1003","76","3.42","0.27","384","77","23.2","10.8","13.5","10.4","63.3","14.0","1378","25","31.5","5.6","52.3","7.3","21.1","5.5","12.9","4.3","97.8","2.6","1.6","2.4","0.7","1.2","84.9","5.8","15.1","5.8","866","94","3.41","0.26","866","94","3.31","0.23","324","82","27.5","12.8","9.9","9.0","62.7","14.4","866","94","39.8","8.2","50.9","8.3","(X)","(X)","(X)","(X)","100.0","4.0","0.0","4.0","0.0","4.0","92.8","5.0","7.2","5.0","8","14","2.13","0.38","8","14","2.13","0.38","0","12","-","**","-","**","-","**","8","14","0.0","100.0","0.0","100.0","(X)","(X)","(X)","(X)","100.0","100.0","0.0","100.0","0.0","100.0","100.0","100.0","0.0","100.0","129","69","4.51","1.70","129","69","4.24","1.50","60","39","0.0","39.7","33.3","34.5","66.7","34.5","129","69","46.5","25.6","40.3","25.5","(X)","(X)","(X)","(X)","100.0","23.5","0.0","23.5","0.0","23.5","70.5","25.1","29.5","25.1","375","76","1.38","0.25","(X)","(X)","(X)","(X)","(X)","(X)","(X)","(X)","(X)","(X)","(X)","(X)","375","76","7.7","9.3","60.8","13.5","77.6","13.9","47.5","13.5","91.7","9.4","5.9","8.5","2.4","4.2","71.2","16.1","28.8","16.1",
"1400000US06111006700","Census Tract 67, Ventura County, California","1140","55","2.94","0.24","794","77","3.50","0.27","325","68","14.5","10.0","13.8","11.8","71.7","13.2","1140","55","30.7","5.2","45.8","7.8","24.7","5.4","9.6","4.1","80.8","5.8","19.2","5.8","0.0","3.0","69.8","7.0","30.2","7.0","711","86","3.63","0.28","711","86","3.63","0.28","320","71","14.7","10.2","14.1","12.0","71.3","13.5","711","86","48.5","8.5","52.3","11.5","(X)","(X)","(X)","(X)","96.9","3.2","3.1","3.2","0.0","4.8","88.3","7.2","11.7","7.2","23","25","2.39","0.45","23","25","2.39","0.45","0","12","-","**","-","**","-","**","23","25","0.0","64.2","47.8","52.2","(X)","(X)","(X)","(X)","47.8","52.2","52.2","52.2","0.0","64.2","47.8","52.2","52.2","52.2","60","55","3.23","0.65","60","55","2.42","0.37","5","11","0.0","100.0","0.0","100.0","100.0","100.0","60","55","8.3","19.4","0.0","39.7","(X)","(X)","(X)","(X)","100.0","39.7","0.0","39.7","0.0","39.7","43.3","48.6","56.7","48.6","346","69","1.51","0.58","(X)","(X)","(X)","(X)","(X)","(X)","(X)","(X)","(X)","(X)","(X)","(X)","346","69","0.0","9.6","40.2","13.3","81.5","13.9","31.8","13.5","46.5","14.4","53.5","14.4","0.0","9.6","37.9","15.7","62.1","15.7",
"1400000US06111006800","Census Tract 68, Ventura County, California","1228","84","2.99","0.20","887","111","3.44","0.23","285","53","4.2","6.6","26.0","15.9","69.8","15.3","1228","84","30.5","5.5","39.7","6.5","15.0","6.1","4.6","2.8","87.9","6.7","10.8","6.1","1.3","1.9","70.2","8.2","29.8","8.2","666","109","3.51","0.32","666","109","3.50","0.32","201","63","6.0","9.4","19.9","14.6","74.1","14.9","666","109","39.5","8.6","49.1","9.4","(X)","(X)","(X)","(X)","96.7","3.8","0.9","1.5","2.4","3.5","84.8","6.8","15.2","6.8","32","28","3.31","1.93","32","28","3.31","1.93","13","20","0.0","85.4","0.0","85.4","100.0","85.4","32","28","71.9","37.0","40.6","47.0","(X)","(X)","(X)","(X)","100.0","54.4","0.0","54.4","0.0","54.4","100.0","54.4","0.0","54.4","189","71","3.30","0.72","189","71","3.23","0.72","71","43","0.0","36.4","47.9","45.2","52.1","45.2","189","71","42.3","17.3","23.3","14.0","(X)","(X)","(X)","(X)","75.7","17.5","24.3","17.5","0.0","16.8","51.3","20.7","48.7","20.7","341","96","1.77","0.37","(X)","(X)","(X)","(X)","(X)","(X)","(X)","(X)","(X)","(X)","(X)","(X)","341","96","2.3","4.1","30.2","14.3","54.0","19.9","16.4","10.3","76.2","15.5","23.8","15.5","0.0","9.7","49.3","19.9","50.7","19.9",
"1400000US06111006900","Census Tract 69, Ventura County, California","1728","90","2.32","0.15","843","101","3.35","0.24","441","75","5.4","6.1","14.1","13.6","80.5","14.7","1728","90","26.6","4.4","44.6","6.4","45.3","6.4","21.0","6.0","41.1","5.9","58.9","5.9","0.0","2.0","39.1","5.1","60.9","5.1","624","113","3.47","0.34","624","113","3.38","0.33","301","90","8.0","9.2","3.3","6.0","88.7","11.4","624","113","48.2","10.5","38.1","11.5","(X)","(X)","(X)","(X)","63.6","10.9","36.4","10.9","0.0","5.5","50.2","11.7","49.8","11.7","53","34","3.58","0.99","53","34","3.06","0.48","53","34","0.0","42.3","18.9","27.7","81.1","27.7","53","34","100.0","42.3","0.0","42.3","(X)","(X)","(X)","(X)","37.7","34.6","62.3","34.6","0.0","42.3","37.7","34.6","62.3","34.6","166","98","3.60","0.90","166","98","3.34","0.63","87","77","0.0","31.9","48.3","42.3","51.7","42.3","166","98","52.4","25.4","25.3","16.6","(X)","(X)","(X)","(X)","31.3","22.3","68.7","22.3","0.0","18.9","34.9","24.9","65.1","24.9","885","123","1.20","0.13","(X)","(X)","(X)","(X)","(X)","(X)","(X)","(X)","(X)","(X)","(X)","(X)","885","123","2.0","2.3","55.4","12.0","88.4","7.1","41.0","11.4","27.3","8.4","72.7","8.4","0.0","3.9","32.1","9.0","67.9","9.0",
"1400000US06111007000","Census Tract 70, Ventura County, California","1584","101","2.70","0.26","957","132","3.48","0.31","450","97","32.4","13.0","18.7","11.5","48.9","15.4","1584","101","32.8","6.5","41.0","7.3","32.4","6.8","18.7","5.6","34.5","6.4","64.3","5.9","1.2","1.3","23.0","4.6","77.0","4.6","749","137","3.55","0.39","749","137","3.42","0.35","355","93","35.2","13.0","23.7","13.8","41.1","15.1","749","137","47.4","9.2","27.6","7.6","(X)","(X)","(X)","(X)","44.9","10.6","52.6","10.1","2.5","2.9","29.8","8.6","70.2","8.6","55","61","4.00","0.83","55","61","2.42","0.62","46","59","0.0","45.4","0.0","45.4","100.0","45.4","55","61","83.6","35.6","0.0","41.5","(X)","(X)","(X)","(X)","30.9","54.2","69.1","54.2","0.0","41.5","14.5","34.7","85.5","34.7","153","77","4.13","0.70","153","77","4.13","0.70","49","37","42.9","40.4","0.0","44.0","57.1","40.4","153","77","71.9","29.3","34.6","26.9","(X)","(X)","(X)","(X)","29.4","24.1","70.6","24.1","0.0","20.3","7.2","9.0","92.8","9.0","627","121","1.22","0.10","(X)","(X)","(X)","(X)","(X)","(X)","(X)","(X)","(X)","(X)","(X)","(X)","627","121","1.4","2.4","62.2","11.3","81.8","9.1","47.2","12.7","23.6","10.3","76.4","10.3","0.0","5.4","19.5","8.7","80.5","8.7",
"1400000US06111007100","Census Tract 71, Ventura County, California","2739","190","2.49","0.30","1300","191","3.74","0.54","557","198","39.0","19.8","13.3","10.4","47.8","20.5","2739","190","25.3","6.1","34.2","6.3","43.9","7.1","16.6","5.8","28.4","6.6","59.2","7.4","12.3","4.5","31.2","5.5","68.8","5.5","780","186","4.12","0.91","780","186","4.10","0.92","312","149","42.3","23.5","23.7","17.9","34.0","21.3","780","186","47.3","11.9","31.9","11.9","(X)","(X)","(X)","(X)","45.8","13.2","46.3","12.7","7.9","5.5","27.1","11.2","72.9","11.2","157","106","2.80","0.79","157","106","2.67","0.64","39","39","0.0","49.3","0.0","49.3","100.0","49.3","157","106","66.9","27.6","22.3","25.2","(X)","(X)","(X)","(X)","39.5","34.3","60.5","34.3","0.0","19.8","26.1","26.3","73.9","26.3","363","140","4.03","0.66","363","140","3.42","0.55","206","127","41.3","38.3","0.0","15.6","58.7","38.3","363","140","60.1","22.3","25.3","18.9","(X)","(X)","(X)","(X)","18.2","16.5","74.1","17.6","7.7","8.2","30.9","19.8","69.1","19.8","1439","244","1.19","0.09","(X)","(X)","(X)","(X)","(X)","(X)","(X)","(X)","(X)","(X)","(X)","(X)","1439","244","0.0","2.4","38.9","10.5","83.5","7.9","31.5","10.5","20.4","8.7","62.3","10.4","17.2","8.1","34.1","9.3","65.9","9.3",
"1400000US06111007201","Census Tract 72.01, Ventura County, California","1218","35","2.93","0.23","937","80","3.34","0.25","334","52","21.0","10.5","13.2","10.2","65.9","13.7","1218","35","29.9","3.8","48.5","6.8","15.7","6.3","7.1","3.6","100.0","2.8","0.0","2.8","0.0","2.8","91.1","6.5","8.9","6.5","817","84","3.30","0.22","817","84","3.26","0.22","302","45","23.2","11.0","14.6","11.3","62.3","14.3","817","84","39.3","5.6","41.5","8.1","(X)","(X)","(X)","(X)","100.0","4.2","0.0","4.2","0.0","4.2","98.2","2.9","1.8","2.9","42","53","4.88","0.57","42","53","4.88","0.57","8","12","0.0","100.0","0.0","100.0","100.0","100.0","42","53","19.0","45.9","0.0","47.5","(X)","(X)","(X)","(X)","100.0","47.5","0.0","47.5","0.0","47.5","19.0","45.9","81.0","45.9","78","48","3.47","0.91","78","48","3.41","0.82","24","26","0.0","62.8","0.0","62.8","100.0","62.8","78","48","44.9","29.2","66.7","27.9","(X)","(X)","(X)","(X)","100.0","34.3","0.0","34.3","0.0","34.3","79.5","23.5","20.5","23.5","281","85","1.41","0.20","(X)","(X)","(X)","(X)","(X)","(X)","(X)","(X)","(X)","(X)","(X)","(X)","281","85","0.0","11.7","71.2","16.0","68.0","15.8","31.0","14.5","100.0","11.7","0.0","11.7","0.0","11.7","84.3","18.0","15.7","18.0",
"1400000US06111007202","Census Tract 72.02, Ventura County, California","1657","74","2.68","0.15","1232","106","3.13","0.20","391","73","14.8","10.3","10.7","7.4","74.4","12.1","1657","74","25.5","4.7","64.8","5.2","20.2","4.6","12.0","4.6","97.9","2.0","2.1","2.0","0.0","2.1","87.3","3.9","12.7","3.9","1056","112","3.19","0.22","1056","112","3.19","0.22","345","70","14.5","11.0","12.2","8.5","73.3","13.5","1056","112","34.6","6.7","57.5","7.5","(X)","(X)","(X)","(X)","99.1","1.4","0.9","1.4","0.0","3.3","89.5","4.8","10.5","4.8","20","17","2.95","0.99","20","17","2.40","0.29","0","12","-","**","-","**","-","**","20","17","0.0","68.8","100.0","68.8","(X)","(X)","(X)","(X)","100.0","68.8","0.0","68.8","0.0","68.8","100.0","68.8","0.0","68.8","156","58","2.98","0.44","156","58","2.86","0.44","46","29","17.4","27.2","0.0","45.4","82.6","27.2","156","58","37.2","20.2","55.1","20.0","(X)","(X)","(X)","(X)","100.0","19.9","0.0","19.9","0.0","19.9","75.6","19.0","24.4","19.0","425","98","1.31","0.15","(X)","(X)","(X)","(X)","(X)","(X)","(X)","(X)","(X)","(X)","(X)","(X)","425","98","0.0","7.9","84.7","8.6","78.6","9.5","46.8","15.1","94.4","7.3","5.6","7.3","0.0","7.9","85.4","11.3","14.6","11.3",
"1400000US06111007300","Census Tract 73, Ventura County, California","746","70","2.68","0.19","579","68","2.98","0.19","186","47","30.6","18.4","2.7","3.7","66.7","18.5","746","70","24.9","5.3","54.6","8.2","20.6","6.9","8.4","4.1","87.8","4.7","9.9","4.3","2.3","1.8","80.4","6.8","19.6","6.8","537","73","3.02","0.20","537","73","2.98","0.20","179","45","31.8","19.0","2.8","3.8","65.4","19.0","537","73","33.3","7.4","53.8","9.1","(X)","(X)","(X)","(X)","93.7","3.6","4.7","3.0","1.7","1.8","83.1","7.8","16.9","7.8","0","12","-","**","0","12","-","**","0","12","-","**","-","**","-","**","0","12","-","**","-","**","(X)","(X)","(X)","(X)","-","**","-","**","-","**","-","**","-","**","42","24","4.57","0.93","42","24","3.02","0.49","7","10","0.0","100.0","0.0","100.0","100.0","100.0","42","24","16.7","25.0","69.0","28.2","(X)","(X)","(X)","(X)","66.7","25.7","33.3","25.7","0.0","47.5","64.3","31.3","35.7","31.3","167","58","1.10","0.08","(X)","(X)","(X)","(X)","(X)","(X)","(X)","(X)","(X)","(X)","(X)","(X)","167","58","0.0","18.8","53.3","21.4","92.2","5.8","37.7","17.3","74.3","13.7","21.0","13.5","4.8","5.3","76.0","14.7","24.0","14.7",
"1400000US06111007402","Census Tract 74.02, Ventura County, California","2531","127","2.34","0.13","1631","143","2.91","0.19","418","99","17.5","12.7","17.0","12.3","65.6","18.2","2531","127","19.2","2.8","62.7","5.8","31.6","5.5","15.3","4.3","86.4","5.3","12.4","5.4","1.2","1.3","88.5","4.9","11.5","4.9","1488","154","2.91","0.20","1488","154","2.91","0.20","373","95","19.6","14.0","19.0","14.2","61.4","20.5","1488","154","25.8","5.8","63.9","7.4","(X)","(X)","(X)","(X)","99.4","1.2","0.6","1.2","0.0","2.3","91.7","4.3","8.3","4.3","33","39","2.55","0.64","33","39","2.55","0.64","33","39","0.0","53.6","0.0","53.6","100.0","53.6","33","39","100.0","53.6","54.5","54.5","(X)","(X)","(X)","(X)","100.0","53.6","0.0","53.6","0.0","53.6","100.0","53.6","0.0","53.6","110","69","3.45","0.87","110","69","2.93","0.74","12","20","0.0","88.8","0.0","88.8","100.0","88.8","110","69","10.9","19.0","46.4","31.4","(X)","(X)","(X)","(X)","89.1","19.0","10.9","19.0","0.0","26.7","89.1","19.0","10.9","19.0","900","173","1.25","0.26","(X)","(X)","(X)","(X)","(X)","(X)","(X)","(X)","(X)","(X)","(X)","(X)","900","173","6.3","8.7","62.9","13.0","88.9","9.4","42.9","11.5","64.2","12.4","32.4","13.3","3.3","3.8","82.7","10.8","17.3","10.8",
"1400000US06111007403","Census Tract 74.03, Ventura County, California","2186","70","2.73","0.18","1541","142","3.37","0.22","821","115","31.1","12.2","20.2","11.9","48.7","12.1","2186","70","38.4","5.4","42.0","7.2","25.3","5.7","10.1","5.3","87.5","3.9","12.5","3.9","0.0","1.6","68.4","8.1","31.6","8.1","1377","158","3.47","0.23","1377","158","3.46","0.23","787","114","32.4","12.8","21.1","12.2","46.5","12.6","1377","158","57.2","6.9","37.8","7.1","(X)","(X)","(X)","(X)","88.7","5.0","11.3","5.0","0.0","2.5","70.7","9.8","29.3","9.8","30","35","2.40","0.19","30","35","2.40","0.19","0","17","-","**","-","**","-","**","30","35","0.0","56.2","100.0","56.2","(X)","(X)","(X)","(X)","100.0","56.2","0.0","56.2","0.0","56.2","100.0","56.2","0.0","56.2","134","73","2.63","0.31","134","73","2.63","0.31","34","38","0.0","52.8","0.0","52.8","100.0","52.8","134","73","39.6","32.4","26.9","28.6","(X)","(X)","(X)","(X)","100.0","22.7","0.0","22.7","0.0","22.7","62.7","31.4","37.3","31.4","645","149","1.18","0.11","(X)","(X)","(X)","(X)","(X)","(X)","(X)","(X)","(X)","(X)","(X)","(X)","645","149","0.0","5.3","51.3","14.7","85.6","8.2","34.3","16.0","81.9","11.2","18.1","11.2","0.0","5.3","63.1","15.3","36.9","15.3",
"1400000US06111007405","Census Tract 74.05, Ventura County, California","2384","117","2.53","0.15","1569","141","3.17","0.16","854","128","13.8","6.9","12.4","7.0","73.8","10.4","2384","117","37.3","5.5","40.9","6.5","30.2","6.3","10.0","3.7","76.0","6.4","22.1","6.1","2.0","3.1","70.8","6.9","29.2","6.9","1416","136","3.26","0.19","1416","136","3.23","0.17","730","116","11.6","7.6","14.5","8.5","73.8","11.6","1416","136","51.6","7.2","38.1","7.1","(X)","(X)","(X)","(X)","84.1","6.9","15.9","6.9","0.0","2.4","74.9","9.4","25.1","9.4","90","69","3.24","0.74","90","69","2.71","0.41","61","56","54.1","38.5","0.0","39.4","45.9","38.5","90","69","67.8","29.7","48.9","38.6","(X)","(X)","(X)","(X)","83.3","23.8","16.7","23.8","0.0","31.1","65.6","31.5","34.4","31.5","63","51","2.87","0.76","63","51","2.63","0.51","63","51","0.0","38.8","0.0","38.8","100.0","38.8","63","51","100.0","38.8","17.5","29.9","(X)","(X)","(X)","(X)","82.5","29.9","17.5","29.9","0.0","38.8","49.2","43.1","50.8","43.1","815","165","1.14","0.10","(X)","(X)","(X)","(X)","(X)","(X)","(X)","(X)","(X)","(X)","(X)","(X)","815","165","4.3","6.8","46.9","13.9","88.5","8.9","29.3","10.8","60.5","14.7","33.7","14.0","5.8","8.9","65.9","16.1","34.1","16.1",
"1400000US06111007406","Census Tract 74.06, Ventura County, California","865","42","2.76","0.16","648","57","3.25","0.21","329","45","20.7","11.4","14.9","10.5","64.4","12.8","865","42","38.0","4.7","32.3","5.8","21.5","5.3","6.5","3.7","71.9","4.4","28.1","4.4","0.0","4.0","71.1","4.3","28.9","4.3","616","58","3.29","0.23","616","58","3.26","0.23","318","48","21.4","11.6","15.4","10.8","63.2","13.0","616","58","51.6","6.7","30.4","6.7","(X)","(X)","(X)","(X)","79.9","5.7","20.1","5.7","0.0","5.5","77.9","6.1","22.1","6.1","6","8","5.00","1.63","6","8","4.17","1.17","6","8","0.0","100.0","0.0","100.0","100.0","100.0","6","8","100.0","100.0","0.0","100.0","(X)","(X)","(X)","(X)","100.0","100.0","0.0","100.0","0.0","100.0","100.0","100.0","0.0","100.0","26","18","3.38","0.83","26","18","2.92","0.63","5","8","0.0","100.0","0.0","100.0","100.0","100.0","26","18","19.2","28.5","19.2","24.8","(X)","(X)","(X)","(X)","80.8","30.1","19.2","30.1","0.0","60.4","100.0","60.4","0.0","60.4","217","54","1.14","0.12","(X)","(X)","(X)","(X)","(X)","(X)","(X)","(X)","(X)","(X)","(X)","(X)","217","54","0.0","14.9","40.1","16.8","85.7","12.3","25.8","14.5","47.5","16.1","52.5","16.1","0.0","14.9","47.5","16.1","52.5","16.1",
"1400000US06111007505","Census Tract 75.05, Ventura County, California","1125","26","2.80","0.28","775","100","3.26","0.27","241","48","41.1","20.1","7.1","9.7","51.9","19.8","1125","26","25.5","3.7","51.1","5.8","24.8","7.2","13.6","6.6","92.6","3.8","7.4","3.8","0.0","3.1","86.9","5.6","13.1","5.6","548","112","3.47","0.38","548","112","3.45","0.37","157","67","24.8","22.3","10.8","14.8","64.3","26.0","548","112","28.6","10.1","46.2","10.7","(X)","(X)","(X)","(X)","98.2","3.0","1.8","3.0","0.0","6.2","95.3","5.3","4.7","5.3","88","54","3.24","0.43","88","54","2.84","0.49","39","38","76.9","40.7","0.0","49.3","23.1","40.7","88","54","67.0","29.0","18.2","21.8","(X)","(X)","(X)","(X)","100.0","31.6","0.0","31.6","0.0","31.6","55.7","33.6","44.3","33.6","139","77","3.88","0.96","139","77","2.79","0.36","45","47","66.7","55.4","0.0","45.9","33.3","55.4","139","77","51.1","25.5","67.6","26.0","(X)","(X)","(X)","(X)","81.3","19.5","18.7","19.5","0.0","22.0","67.6","26.0","32.4","26.0","350","100","1.21","0.15","(X)","(X)","(X)","(X)","(X)","(X)","(X)","(X)","(X)","(X)","(X)","(X)","350","100","0.0","9.5","60.6","15.1","79.7","14.4","43.7","15.3","86.6","10.7","13.4","10.7","0.0","9.5","89.4","8.5","10.6","8.5",
"1400000US06111007506","Census Tract 75.06, Ventura County, California","2431","98","2.95","0.19","1894","181","3.40","0.21","695","110","11.9","10.0","14.2","10.3","73.8","12.5","2431","98","31.6","4.1","48.4","5.9","19.4","6.7","8.0","4.1","95.8","2.2","3.5","2.0","0.7","1.2","87.9","5.4","12.1","5.4","1554","187","3.38","0.24","1554","187","3.34","0.24","557","115","10.6","10.8","17.8","12.6","71.6","13.2","1554","187","39.2","6.1","51.8","6.8","(X)","(X)","(X)","(X)","98.9","1.8","1.1","1.8","0.0","2.2","95.8","3.3","4.2","3.3","171","95","3.90","0.65","171","95","3.47","0.59","98","75","24.5","38.3","0.0","29.2","75.5","38.3","171","95","57.3","24.2","42.7","28.7","(X)","(X)","(X)","(X)","100.0","18.4","0.0","18.4","0.0","18.4","66.7","32.3","33.3","32.3","169","106","3.81","0.66","169","106","3.81","0.66","40","41","0.0","48.7","0.0","48.7","100.0","48.7","169","106","35.5","33.2","29.0","27.6","(X)","(X)","(X)","(X)","89.9","17.4","10.1","17.4","0.0","18.6","78.7","24.3","21.3","24.3","537","171","1.15","0.12","(X)","(X)","(X)","(X)","(X)","(X)","(X)","(X)","(X)","(X)","(X)","(X)","537","171","0.0","6.3","46.6","17.7","87.9","10.0","36.3","16.2","87.5","10.1","9.3","8.9","3.2","5.4","75.0","19.1","25.0","19.1",
"1400000US06111007507","Census Tract 75.07, Ventura County, California","2363","50","2.74","0.18","1871","131","3.15","0.18","695","98","17.7","10.1","9.2","7.8","73.1","11.2","2363","50","30.6","4.7","43.6","5.9","19.5","5.8","10.6","4.0","96.2","3.0","3.8","3.0","0.0","1.5","93.1","4.3","6.9","4.3","1633","174","3.25","0.19","1633","174","3.22","0.19","663","94","18.6","10.6","9.7","8.1","71.8","11.8","1633","174","42.4","5.1","37.4","5.4","(X)","(X)","(X)","(X)","97.4","2.9","2.6","2.9","0.0","2.1","96.6","3.0","3.4","3.0","80","83","2.21","0.16","80","83","2.21","0.16","0","17","-","**","-","**","-","**","80","83","0.0","33.7","17.5","38.8","(X)","(X)","(X)","(X)","100.0","33.7","0.0","33.7","0.0","33.7","100.0","33.7","0.0","33.7","158","90","2.91","0.48","158","90","2.91","0.48","32","51","0.0","54.4","0.0","54.4","100.0","54.4","158","90","20.3","29.9","77.2","29.4","(X)","(X)","(X)","(X)","89.9","16.5","10.1","16.5","0.0","19.7","89.9","16.5","10.1","16.5","492","139","1.07","0.08","(X)","(X)","(X)","(X)","(X)","(X)","(X)","(X)","(X)","(X)","(X)","(X)","492","139","0.0","6.9","57.5","20.0","93.5","7.6","51.0","18.9","93.5","7.6","6.5","7.6","0.0","6.9","81.1","16.8","18.9","16.8",
"1400000US06111007508","Census Tract 75.08, Ventura County, California","1429","69","2.53","0.16","908","79","3.16","0.21","304","72","17.4","12.5","18.8","18.4","63.8","21.7","1429","69","25.0","4.9","47.2","6.0","28.3","6.0","8.4","4.0","93.3","2.7","6.7","2.7","0.0","2.4","69.4","6.5","30.6","6.5","647","89","3.15","0.29","647","89","3.13","0.28","214","64","15.4","14.5","17.3","22.0","67.3","24.0","647","89","35.5","9.0","49.3","9.8","(X)","(X)","(X)","(X)","95.7","3.9","4.3","3.9","0.0","5.3","67.9","10.4","32.1","10.4","62","36","4.16","0.99","62","36","3.73","0.85","33","25","60.6","54.6","0.0","53.6","39.4","54.6","62","36","71.0","26.2","46.8","29.6","(X)","(X)","(X)","(X)","100.0","39.1","0.0","39.1","0.0","39.1","88.7","21.8","11.3","21.8","199","72","3.19","0.41","199","72","3.08","0.36","57","32","0.0","40.8","35.1","33.0","64.9","33.0","199","72","37.2","15.8","58.8","15.5","(X)","(X)","(X)","(X)","94.5","7.7","5.5","7.7","0.0","16.1","59.3","18.9","40.7","18.9","521","99","1.31","0.17","(X)","(X)","(X)","(X)","(X)","(X)","(X)","(X)","(X)","(X)","(X)","(X)","521","99","1.7","3.0","40.3","13.3","77.7","10.6","23.0","9.8","89.1","6.1","10.9","6.1","0.0","6.5","72.9","11.9","27.1","11.9",
"1400000US06111007509","Census Tract 75.09, Ventura County, California","1477","74","3.05","0.18","1118","102","3.38","0.18","503","66","17.3","12.1","19.5","11.2","63.2","13.7","1477","74","34.6","4.3","44.2","5.6","18.7","5.9","9.5","4.0","71.6","5.3","28.4","5.3","0.0","2.3","63.2","6.4","36.8","6.4","896","92","3.58","0.18","896","92","3.58","0.18","416","66","12.0","8.8","23.6","13.2","64.4","13.1","896","92","47.3","5.6","35.5","7.3","(X)","(X)","(X)","(X)","86.0","6.5","14.0","6.5","0.0","3.8","82.5","7.3","17.5","7.3","92","64","3.58","0.86","92","64","2.51","0.48","59","49","62.7","42.9","0.0","40.1","37.3","42.9","92","64","64.1","25.1","35.9","25.1","(X)","(X)","(X)","(X)","79.3","19.0","20.7","19.0","0.0","30.6","15.2","19.4","84.8","19.4","130","75","2.72","0.32","130","75","2.62","0.29","28","30","0.0","58.2","0.0","58.2","100.0","58.2","130","75","21.5","22.2","50.8","29.1","(X)","(X)","(X)","(X)","55.4","29.0","44.6","29.0","0.0","23.3","43.1","25.9","56.9","25.9","359","104","1.69","0.54","(X)","(X)","(X)","(X)","(X)","(X)","(X)","(X)","(X)","(X)","(X)","(X)","359","104","0.0","9.3","65.7","14.3","76.9","13.9","39.0","14.8","39.3","11.7","60.7","11.7","0.0","9.3","34.5","12.1","65.5","12.1",
"1400000US06111007510","Census Tract 75.10, Ventura County, California","2075","81","3.09","0.13","1837","124","3.29","0.15","685","120","23.4","12.5","11.8","10.4","64.8","14.2","2075","81","36.3","5.7","44.2","6.6","7.8","3.8","1.5","1.7","100.0","1.7","0.0","1.7","0.0","1.7","94.4","3.6","5.6","3.6","1640","136","3.37","0.17","1640","136","3.34","0.17","640","114","21.1","11.4","12.7","11.0","66.3","13.7","1640","136","43.2","6.2","44.0","7.0","(X)","(X)","(X)","(X)","100.0","2.1","0.0","2.1","0.0","2.1","95.7","3.3","4.3","3.3","70","63","2.89","1.26","70","63","2.89","1.26","45","53","55.6","55.6","0.0","45.9","44.4","55.6","70","63","64.3","38.0","0.0","36.7","(X)","(X)","(X)","(X)","100.0","36.7","0.0","36.7","0.0","36.7","100.0","36.7","0.0","36.7","127","77","2.94","0.59","127","77","2.94","0.59","0","17","-","**","-","**","-","**","127","77","0.0","23.8","65.4","32.3","(X)","(X)","(X)","(X)","100.0","23.8","0.0","23.8","0.0","23.8","100.0","23.8","0.0","23.8","238","102","1.37","0.23","(X)","(X)","(X)","(X)","(X)","(X)","(X)","(X)","(X)","(X)","(X)","(X)","238","102","0.0","13.6","47.1","22.2","67.6","21.0","13.4","14.3","100.0","13.6","0.0","13.6","0.0","13.6","80.7","16.8","19.3","16.8",
"1400000US06111007511","Census Tract 75.11, Ventura County, California","798","44","2.78","0.22","647","54","2.93","0.21","243","41","12.3","11.0","7.0","7.7","80.7","12.7","798","44","31.8","5.1","47.5","7.7","11.4","4.7","0.5","0.9","97.5","2.5","1.4","1.7","1.1","1.6","86.8","5.5","13.2","5.5","555","62","3.03","0.22","555","62","2.94","0.18","218","47","13.8","12.7","7.8","8.6","78.4","14.8","555","62","39.3","6.6","52.1","8.8","(X)","(X)","(X)","(X)","98.9","1.6","1.1","1.6","0.0","6.1","92.4","6.4","7.6","6.4","40","26","2.60","0.41","40","26","2.23","0.22","19","17","0.0","70.6","0.0","70.6","100.0","70.6","40","26","47.5","29.0","42.5","30.1","(X)","(X)","(X)","(X)","100.0","48.7","0.0","48.7","0.0","48.7","90.0","14.3","10.0","14.3","52","33","3.58","1.52","52","33","3.33","1.22","6","10","0.0","100.0","0.0","100.0","100.0","100.0","52","33","26.9","23.8","67.3","34.8","(X)","(X)","(X)","(X)","100.0","42.7","0.0","42.7","0.0","42.7","90.4","16.1","9.6","16.1","151","48","1.62","0.29","(X)","(X)","(X)","(X)","(X)","(X)","(X)","(X)","(X)","(X)","(X)","(X)","151","48","2.0","3.6","25.2","15.7","60.3","16.6","2.6","4.9","90.7","9.7","3.3","4.8","6.0","8.3","64.2","16.5","35.8","16.5",
"1400000US06111007512","Census Tract 75.12, Ventura County, California","1820","107","3.06","0.26","1416","135","3.35","0.21","573","125","14.7","10.5","13.1","7.5","72.3","10.9","1820","107","33.5","6.3","36.8","4.8","16.2","5.9","2.9","1.8","86.3","4.2","13.2","4.2","0.4","0.7","78.1","5.0","21.9","5.0","1049","114","3.48","0.27","1049","114","3.39","0.26","356","74","7.0","5.4","12.9","8.5","80.1","8.8","1049","114","35.2","5.9","42.3","7.2","(X)","(X)","(X)","(X)","96.3","3.1","3.7","3.1","0.0","3.3","89.4","5.6","10.6","5.6","121","50","4.20","0.62","121","50","3.50","0.48","38","30","0.0","49.9","76.3","36.6","23.7","36.6","121","50","39.7","20.5","74.4","20.0","(X)","(X)","(X)","(X)","85.1","15.1","8.3","11.9","6.6","10.3","84.3","15.9","15.7","15.9","246","103","3.63","0.76","246","103","3.13","0.52","179","102","33.0","29.6","0.0","17.7","67.0","29.6","246","103","75.2","20.4","8.1","8.3","(X)","(X)","(X)","(X)","65.4","22.5","34.6","22.5","0.0","13.2","38.2","22.3","61.8","22.3","404","118","1.30","0.17","(X)","(X)","(X)","(X)","(X)","(X)","(X)","(X)","(X)","(X)","(X)","(X)","404","118","2.0","3.4","28.7","13.2","73.0","15.6","13.1","8.4","73.5","10.9","26.5","10.9","0.0","8.3","71.3","11.5","28.7","11.5",
"1400000US06111007513","Census Tract 75.13, Ventura County, California","528","22","3.31","0.23","418","41","3.71","0.32","150","39","17.3","12.3","12.0","16.9","70.7","16.2","528","22","33.0","6.5","54.5","9.2","16.9","7.0","11.0","7.6","100.0","6.4","0.0","6.4","0.0","6.4","96.8","3.4","3.2","3.4","373","42","3.90","0.35","373","42","3.80","0.33","150","39","17.3","12.3","12.0","16.9","70.7","16.2","373","42","45.0","8.4","46.4","10.3","(X)","(X)","(X)","(X)","100.0","9.0","0.0","9.0","0.0","9.0","97.9","3.1","2.1","3.1","0","12","-","**","0","12","-","**","0","12","-","**","-","**","-","**","0","12","-","**","-","**","(X)","(X)","(X)","(X)","-","**","-","**","-","**","-","**","-","**","45","28","3.58","0.37","45","28","2.96","0.50","0","12","-","**","-","**","-","**","45","28","13.3","18.5","84.4","21.7","(X)","(X)","(X)","(X)","100.0","45.9","0.0","45.9","0.0","45.9","100.0","45.9","0.0","45.9","110","37","1.20","0.17","(X)","(X)","(X)","(X)","(X)","(X)","(X)","(X)","(X)","(X)","(X)","(X)","110","37","0.0","26.7","70.0","18.5","80.9","16.2","52.7","27.0","100.0","26.7","0.0","26.7","0.0","26.7","91.8","12.4","8.2","12.4",
"1400000US06111007514","Census Tract 75.14, Ventura County, California","2741","165","2.30","0.15","1649","164","2.97","0.19","564","87","13.7","9.6","11.2","8.9","75.2","12.2","2741","165","21.9","3.3","50.2","5.5","31.7","6.7","23.8","6.1","59.2","5.9","40.8","5.9","0.0","1.3","51.1","6.7","48.9","6.7","1255","162","3.01","0.21","1255","162","3.01","0.21","418","96","13.6","11.2","10.3","9.9","76.1","13.5","1255","162","34.8","6.8","37.7","8.6","(X)","(X)","(X)","(X)","76.6","8.5","23.4","8.5","0.0","2.7","70.9","9.9","29.1","9.9","117","85","2.87","0.53","117","85","2.54","0.49","49","53","14.3","29.6","0.0","44.0","85.7","29.6","117","85","41.9","39.1","46.2","41.0","(X)","(X)","(X)","(X)","82.1","23.6","17.9","23.6","0.0","25.4","82.1","23.6","17.9","23.6","277","107","3.10","0.63","277","107","2.96","0.57","97","72","13.4","22.0","20.6","28.4","66.0","28.9","277","107","41.2","25.7","36.8","21.0","(X)","(X)","(X)","(X)","81.2","15.2","18.8","15.2","0.0","11.9","47.3","28.9","52.7","28.9","1092","195","1.23","0.12","(X)","(X)","(X)","(X)","(X)","(X)","(X)","(X)","(X)","(X)","(X)","(X)","1092","195","0.0","3.2","68.5","9.5","79.7","11.0","59.8","11.6","31.3","11.2","68.7","11.2","0.0","3.2","25.9","9.2","74.1","9.2",
"1400000US06111007606","Census Tract 76.06, Ventura County, California","580","34","3.21","0.51","488","67","3.59","0.38","146","38","0.0","21.1","16.4","20.2","83.6","20.2","580","34","33.3","10.6","50.5","8.9","15.9","10.5","1.6","2.4","100.0","5.9","0.0","5.9","0.0","5.9","90.3","8.1","9.7","8.1","416","66","3.57","0.39","416","66","3.54","0.37","137","38","0.0","22.3","14.6","20.4","85.4","20.4","416","66","34.6","8.2","51.0","9.7","(X)","(X)","(X)","(X)","100.0","8.1","0.0","8.1","0.0","8.1","88.7","10.6","11.3","10.6","57","43","4.32","1.01","57","43","4.25","1.04","9","11","0.0","100.0","44.4","55.6","55.6","55.6","57","43","86.0","24.9","84.2","24.4","(X)","(X)","(X)","(X)","100.0","40.8","0.0","40.8","0.0","40.8","100.0","40.8","0.0","40.8","15","18","2.33","0.44","15","18","2.33","0.44","0","12","-","**","-","**","-","**","15","18","0.0","79.5","100.0","79.5","(X)","(X)","(X)","(X)","100.0","79.5","0.0","79.5","0.0","79.5","100.0","79.5","0.0","79.5","92","61","-","**","(X)","(X)","(X)","(X)","(X)","(X)","(X)","(X)","(X)","(X)","(X)","(X)","92","61","0.0","30.6","19.6","18.7","100.0","30.6","9.8","14.5","100.0","30.6","0.0","30.6","0.0","30.6","90.2","14.5","9.8","14.5",
"1400000US06111007607","Census Tract 76.07, Ventura County, California","2074","131","3.01","0.21","1775","156","3.29","0.21","627","116","36.2","17.2","12.1","9.9","51.7","17.0","2074","131","30.9","5.6","48.3","6.8","12.3","6.4","5.8","4.3","96.6","3.8","3.4","3.8","0.0","1.7","83.3","5.9","16.7","5.9","1605","176","3.34","0.24","1605","176","3.33","0.23","574","129","33.8","15.9","13.2","10.6","53.0","16.6","1605","176","36.6","7.8","40.7","8.8","(X)","(X)","(X)","(X)","96.9","4.5","3.1","4.5","0.0","2.2","82.5","6.6","17.5","6.6","68","63","4.03","1.31","68","63","3.50","0.89","45","53","73.3","60.7","0.0","45.9","26.7","60.7","68","63","66.2","49.0","51.5","51.5","(X)","(X)","(X)","(X)","100.0","37.3","0.0","37.3","0.0","37.3","100.0","37.3","0.0","37.3","102","82","2.63","0.34","102","82","2.63","0.34","8","19","0.0","100.0","0.0","100.0","100.0","100.0","102","82","7.8","17.7","48.0","40.8","(X)","(X)","(X)","(X)","100.0","28.3","0.0","28.3","0.0","28.3","70.6","39.5","29.4","39.5","299","141","1.14","0.15","(X)","(X)","(X)","(X)","(X)","(X)","(X)","(X)","(X)","(X)","(X)","(X)","299","141","0.0","11.0","88.3","12.7","85.3","14.3","40.1","24.4","93.0","9.5","7.0","9.5","0.0","11.0","88.0","12.6","12.0","12.6",
"1400000US06111007609","Census Tract 76.09, Ventura County, California","837","38","3.02","0.20","737","55","3.17","0.18","248","33","17.3","10.6","24.6","10.9","58.1","10.4","837","38","31.1","4.0","46.5","4.8","10.3","5.5","4.3","2.6","100.0","4.1","0.0","4.1","0.0","4.1","89.7","5.7","10.3","5.7","656","62","3.27","0.20","656","62","3.24","0.20","204","37","13.7","9.5","24.5","11.4","61.8","12.0","656","62","32.9","5.4","44.2","5.9","(X)","(X)","(X)","(X)","100.0","5.2","0.0","5.2","0.0","5.2","92.8","4.4","7.2","4.4","27","26","3.26","0.40","27","26","2.67","0.79","21","24","71.4","49.7","0.0","67.2","28.6","49.7","27","26","77.8","44.9","22.2","44.9","(X)","(X)","(X)","(X)","100.0","59.2","0.0","59.2","0.0","59.2","77.8","34.1","22.2","34.1","54","36","2.80","0.60","54","36","2.54","0.37","23","17","0.0","64.2","47.8","36.9","52.2","36.9","54","36","42.6","32.8","46.3","37.8","(X)","(X)","(X)","(X)","100.0","41.9","0.0","41.9","0.0","41.9","88.9","16.1","11.1","16.1","100","48","1.43","0.46","(X)","(X)","(X)","(X)","(X)","(X)","(X)","(X)","(X)","(X)","(X)","(X)","100","48","0.0","28.8","68.0","17.3","86.0","15.5","36.0","21.1","100.0","28.8","0.0","28.8","0.0","28.8","73.0","28.7","27.0","28.7",
"1400000US06111007610","Census Tract 76.10, Ventura County, California","1809","60","2.95","0.13","1466","106","3.28","0.16","597","83","11.1","6.0","6.0","4.7","82.9","7.8","1809","60","36.7","4.0","47.3","5.6","13.2","4.0","5.2","2.9","99.2","1.2","0.8","1.2","0.0","1.9","86.3","4.4","13.7","4.4","1266","119","3.28","0.17","1266","119","3.28","0.17","507","80","13.0","7.3","5.1","4.7","81.9","9.1","1266","119","42.3","5.2","47.5","6.5","(X)","(X)","(X)","(X)","98.9","1.6","1.1","1.6","0.0","2.7","91.1","4.4","8.9","4.4","127","76","3.44","0.51","127","76","3.09","0.49","59","54","0.0","40.1","16.9","29.4","83.1","29.4","127","76","70.9","25.3","44.9","30.1","(X)","(X)","(X)","(X)","100.0","23.8","0.0","23.8","0.0","23.8","78.0","23.3","22.0","23.3","73","43","3.84","0.99","73","43","3.73","1.02","31","32","0.0","55.3","0.0","55.3","100.0","55.3","73","43","52.1","32.8","87.7","19.4","(X)","(X)","(X)","(X)","100.0","35.8","0.0","35.8","0.0","35.8","28.8","26.4","71.2","26.4","343","90","1.36","0.18","(X)","(X)","(X)","(X)","(X)","(X)","(X)","(X)","(X)","(X)","(X)","(X)","343","90","0.0","9.7","38.8","15.4","69.4","16.0","27.4","14.2","100.0","9.7","0.0","9.7","0.0","9.7","84.3","15.0","15.7","15.0",
"1400000US06111007611","Census Tract 76.11, Ventura County, California","948","68","4.14","0.41","750","91","4.64","0.43","394","86","22.1","11.9","14.5","10.7","63.5","14.7","948","68","45.6","8.3","30.0","6.7","14.1","6.2","2.2","3.6","70.5","6.6","28.8","6.5","0.7","1.1","47.2","7.0","52.8","7.0","567","92","4.90","0.53","567","92","4.76","0.54","331","79","19.9","12.2","12.7","10.6","67.4","13.6","567","92","65.1","10.7","31.6","8.9","(X)","(X)","(X)","(X)","72.1","10.5","26.6","10.2","1.2","1.9","56.8","10.2","43.2","10.2","90","52","4.44","0.81","90","52","4.44","0.81","23","19","73.9","35.5","0.0","64.2","26.1","35.5","90","52","25.6","20.2","42.2","27.4","(X)","(X)","(X)","(X)","84.4","20.9","15.6","20.9","0.0","31.1","42.2","27.4","57.8","27.4","93","41","4.39","1.38","93","41","4.09","1.16","40","30","10.0","20.9","37.5","44.6","52.5","40.8","93","41","43.0","22.5","19.4","18.5","(X)","(X)","(X)","(X)","50.5","18.6","49.5","18.6","0.0","30.4","53.8","18.8","46.2","18.8","198","67","1.69","0.45","(X)","(X)","(X)","(X)","(X)","(X)","(X)","(X)","(X)","(X)","(X)","(X)","198","67","0.0","16.1","24.7","17.8","67.7","19.1","10.6","15.6","68.7","15.9","31.3","15.9","0.0","16.1","18.7","16.0","81.3","16.0",
"1400000US06111007612","Census Tract 76.12, Ventura County, California","1798","113","2.82","0.23","1137","137","3.60","0.27","603","110","26.2","12.4","9.3","8.9","64.5","13.1","1798","113","35.6","6.1","39.0","5.8","30.5","7.0","12.2","4.3","51.8","6.9","48.2","6.9","0.0","1.9","43.0","6.0","57.0","6.0","873","130","3.74","0.33","873","130","3.72","0.33","400","96","24.5","13.2","12.5","12.6","63.0","15.5","873","130","48.9","8.5","45.2","8.5","(X)","(X)","(X)","(X)","63.9","8.8","36.1","8.8","0.0","3.9","59.3","9.6","40.7","9.6","71","60","4.14","1.23","71","60","3.61","1.00","48","55","18.8","38.9","12.5","31.7","68.8","55.0","71","60","81.7","30.7","0.0","36.4","(X)","(X)","(X)","(X)","26.8","35.7","73.2","35.7","0.0","36.4","0.0","36.4","100.0","36.4","193","94","3.16","0.85","193","94","3.05","0.85","155","91","32.9","30.2","0.0","20.1","67.1","30.2","193","94","80.3","17.5","15.0","14.5","(X)","(X)","(X)","(X)","40.9","26.0","59.1","26.0","0.0","16.5","25.9","24.1","74.1","24.1","661","132","1.37","0.24","(X)","(X)","(X)","(X)","(X)","(X)","(X)","(X)","(X)","(X)","(X)","(X)","661","132","0.0","5.2","42.1","10.6","83.1","9.1","33.3","9.6","41.6","14.0","58.4","14.0","0.0","5.2","31.0","11.5","69.0","11.5",
"1400000US06111007613","Census Tract 76.13, Ventura County, California","1447","151","3.38","0.23","1311","154","3.56","0.23","636","88","24.1","12.7","14.2","9.0","61.8","14.1","1447","151","46.3","7.0","36.8","6.3","7.7","4.3","2.2","2.0","99.3","1.1","0.7","1.1","0.0","2.4","91.2","4.4","8.8","4.4","1180","143","3.63","0.25","1180","143","3.59","0.25","615","84","24.9","13.1","14.6","9.3","60.5","14.5","1180","143","53.6","6.7","33.6","6.6","(X)","(X)","(X)","(X)","99.2","1.3","0.8","1.3","0.0","2.9","93.2","4.0","6.8","4.0","43","53","3.67","0.61","43","53","3.67","0.61","0","12","-","**","-","**","-","**","43","53","0.0","46.9","83.7","40.4","(X)","(X)","(X)","(X)","100.0","46.9","0.0","46.9","0.0","46.9","100.0","46.9","0.0","46.9","88","53","3.16","0.61","88","53","3.06","0.50","21","22","0.0","67.2","0.0","67.2","100.0","67.2","88","53","43.2","29.1","35.2","27.3","(X)","(X)","(X)","(X)","100.0","31.6","0.0","31.6","0.0","31.6","92.0","15.4","8.0","15.4","136","75","1.24","0.31","(X)","(X)","(X)","(X)","(X)","(X)","(X)","(X)","(X)","(X)","(X)","(X)","136","75","0.0","22.4","50.7","27.6","81.6","23.4","23.5","20.3","100.0","22.4","0.0","22.4","0.0","22.4","70.6","24.8","29.4","24.8",
"1400000US06111007614","Census Tract 76.14, Ventura County, California","2525","108","3.32","0.28","1997","145","3.77","0.31","858","131","12.4","7.9","23.9","10.6","63.8","12.9","2525","108","39.4","5.4","38.0","5.4","15.2","5.2","6.6","3.3","87.3","4.1","2.9","2.1","9.7","3.6","81.8","6.9","18.2","6.9","1705","185","3.68","0.28","1705","185","3.67","0.28","754","126","12.7","8.5","27.2","11.7","60.1","13.4","1705","185","49.1","6.6","34.1","7.2","(X)","(X)","(X)","(X)","88.7","4.6","1.1","1.7","10.3","4.3","80.6","8.2","19.4","8.2","65","52","2.43","0.34","65","52","2.43","0.34","15","24","0.0","79.5","0.0","79.5","100.0","79.5","65","52","23.1","35.8","30.8","42.7","(X)","(X)","(X)","(X)","100.0","38.2","0.0","38.2","0.0","38.2","100.0","38.2","0.0","38.2","227","132","4.99","1.99","227","132","4.94","1.99","89","91","11.2","24.2","0.0","31.4","88.8","24.2","227","132","63.0","25.8","40.5","22.8","(X)","(X)","(X)","(X)","95.6","6.6","0.0","14.3","4.4","6.6","88.5","14.9","11.5","14.9","528","136","1.54","0.31","(X)","(X)","(X)","(X)","(X)","(X)","(X)","(X)","(X)","(X)","(X)","(X)","528","136","0.0","6.4","50.6","17.4","72.7","14.5","31.4","15.5","77.8","12.4","10.6","8.0","11.6","10.8","80.3","17.9","19.7","17.9",
"1400000US06111007700","Census Tract 77, Ventura County, California","2020","93","2.87","0.22","1316","110","3.50","0.22","580","120","22.2","11.7","32.8","13.1","45.0","12.4","2020","93","34.1","6.2","39.1","4.9","27.3","5.2","11.6","4.1","72.4","4.4","18.6","4.2","9.1","2.4","67.8","6.4","32.2","6.4","935","133","3.47","0.27","935","133","3.42","0.25","380","109","33.9","15.3","21.6","13.6","44.5","15.5","935","133","46.3","9.9","37.0","7.6","(X)","(X)","(X)","(X)","89.8","4.6","4.2","3.3","6.0","3.9","77.3","8.8","22.7","8.8","116","66","4.09","0.76","116","66","3.71","0.90","31","42","0.0","55.3","19.4","47.4","80.6","47.4","116","66","35.3","30.1","31.0","25.6","(X)","(X)","(X)","(X)","69.8","30.4","30.2","30.4","0.0","25.6","50.9","33.1","49.1","33.1","265","100","4.17","0.58","265","100","3.69","0.55","169","93","0.0","18.6","60.4","31.3","39.6","31.3","265","100","70.2","13.7","33.2","16.3","(X)","(X)","(X)","(X)","64.5","20.5","35.5","20.5","0.0","12.4","32.8","17.3","67.2","17.3","704","124","1.37","0.21","(X)","(X)","(X)","(X)","(X)","(X)","(X)","(X)","(X)","(X)","(X)","(X)","704","124","4.1","6.2","45.5","11.8","78.3","11.0","33.4","10.8","52.6","11.1","29.4","10.0","18.0","7.1","71.0","11.5","29.0","11.5",
"1400000US06111007800","Census Tract 78, Ventura County, California","1427","78","2.81","0.24","937","112","3.52","0.30","492","110","21.3","12.4","27.6","15.2","51.0","15.8","1427","78","36.2","7.0","25.4","4.5","23.2","5.6","13.4","3.8","42.0","6.4","58.0","6.4","0.0","2.4","36.6","7.5","63.4","7.5","562","123","3.72","0.34","562","123","3.72","0.34","307","111","16.0","14.0","37.1","19.8","46.9","17.2","562","123","59.1","13.2","18.1","8.5","(X)","(X)","(X)","(X)","73.1","11.9","26.9","11.9","0.0","6.0","71.7","12.0","28.3","12.0","144","73","2.51","0.21","144","73","2.44","0.19","20","23","55.0","55.0","0.0","68.8","45.0","55.0","144","73","13.9","17.8","6.9","13.1","(X)","(X)","(X)","(X)","42.4","31.8","57.6","31.8","0.0","21.4","15.3","18.9","84.7","18.9","231","84","3.89","0.74","231","84","3.73","0.81","165","74","27.3","23.3","13.3","17.4","59.4","26.0","231","84","71.4","18.5","7.8","9.0","(X)","(X)","(X)","(X)","34.6","23.2","65.4","23.2","0.0","14.0","24.2","19.1","75.8","19.1","490","106","1.35","0.16","(X)","(X)","(X)","(X)","(X)","(X)","(X)","(X)","(X)","(X)","(X)","(X)","490","106","0.0","6.9","47.3","11.4","67.6","14.6","39.0","10.5","9.6","9.6","90.4","9.6","0.0","6.9","8.4","5.4","91.6","5.4",
"1400000US06111007901","Census Tract 79.01, Ventura County, California","1688","86","3.17","0.28","1132","130","3.91","0.28","629","113","22.6","11.3","7.8","5.8","69.6","11.3","1688","86","39.8","6.7","27.8","4.9","24.1","7.5","5.2","2.5","81.1","5.4","18.9","5.4","0.0","2.0","61.7","6.2","38.3","6.2","854","140","3.99","0.36","854","140","3.90","0.35","477","123","27.7","14.4","8.0","6.8","64.4","13.9","854","140","58.2","8.7","20.5","6.5","(X)","(X)","(X)","(X)","86.8","6.1","13.2","6.1","0.0","4.0","64.8","10.5","35.2","10.5","89","53","3.24","0.91","89","53","2.89","0.94","49","47","0.0","44.0","22.4","38.2","77.6","38.2","89","53","60.7","32.7","27.0","26.0","(X)","(X)","(X)","(X)","74.2","28.1","25.8","28.1","0.0","31.4","74.2","28.1","25.8","28.1","189","80","4.76","1.05","189","80","4.45","0.96","103","68","9.7","15.9","0.0","28.1","90.3","15.9","189","80","64.0","16.8","33.9","15.6","(X)","(X)","(X)","(X)","77.8","16.3","22.2","16.3","0.0","16.8","44.4","19.7","55.6","19.7","556","135","1.35","0.17","(X)","(X)","(X)","(X)","(X)","(X)","(X)","(X)","(X)","(X)","(X)","(X)","556","135","0.0","6.1","37.2","12.6","73.0","11.1","15.6","7.8","74.6","13.7","25.4","13.7","0.0","6.1","61.0","12.6","39.0","12.6",
"1400000US06111007903","Census Tract 79.03, Ventura County, California","1525","58","3.28","0.19","1321","83","3.40","0.16","625","68","17.3","8.0","9.9","7.2","72.8","10.8","1525","58","42.9","4.5","44.3","5.3","10.5","4.3","7.7","3.8","97.5","2.2","2.0","2.0","0.5","0.7","89.9","4.0","10.1","4.0","1119","105","3.40","0.19","1119","105","3.37","0.19","569","64","19.0","8.8","10.9","7.9","70.1","12.0","1119","105","51.8","5.3","35.7","6.9","(X)","(X)","(X)","(X)","97.9","2.1","1.4","1.8","0.6","1.0","91.6","4.3","8.4","4.3","20","21","4.40","1.76","20","21","4.40","1.76","8","15","0.0","100.0","0.0","100.0","100.0","100.0","20","21","75.0","42.5","60.0","55.6","(X)","(X)","(X)","(X)","100.0","68.8","0.0","68.8","0.0","68.8","100.0","68.8","0.0","68.8","182","81","3.84","0.67","182","81","3.48","0.46","48","35","0.0","44.4","0.0","44.4","100.0","44.4","182","81","32.4","20.2","56.6","22.8","(X)","(X)","(X)","(X)","100.0","17.4","0.0","17.4","0.0","17.4","91.8","9.6","8.2","9.6","204","67","1.99","0.94","(X)","(X)","(X)","(X)","(X)","(X)","(X)","(X)","(X)","(X)","(X)","(X)","204","67","0.0","15.7","78.4","17.5","78.4","18.8","57.8","22.1","92.6","11.1","7.4","11.1","0.0","15.7","77.9","18.4","22.1","18.4",
"1400000US06111007904","Census Tract 79.04, Ventura County, California","1704","47","3.29","0.25","1293","133","3.72","0.25","577","125","24.3","9.5","18.7","11.7","57.0","12.4","1704","47","36.4","7.0","45.6","6.5","15.3","5.3","9.2","4.1","97.2","3.7","2.8","3.7","0.0","2.0","73.1","6.4","26.9","6.4","989","150","3.91","0.34","989","150","3.86","0.35","450","115","31.1","11.7","24.0","14.3","44.9","13.4","989","150","49.1","7.9","42.2","8.3","(X)","(X)","(X)","(X)","100.0","3.5","0.0","3.5","0.0","3.5","80.3","7.6","19.7","7.6","140","65","3.24","0.38","140","65","2.81","0.36","52","51","0.0","42.7","0.0","42.7","100.0","42.7","140","65","37.1","31.2","34.3","34.5","(X)","(X)","(X)","(X)","100.0","21.9","0.0","21.9","0.0","21.9","33.6","26.0","66.4","26.0","164","63","3.79","0.55","164","63","3.66","0.53","75","54","0.0","35.2","0.0","35.2","100.0","35.2","164","63","50.6","23.0","56.7","21.7","(X)","(X)","(X)","(X)","100.0","19.1","0.0","19.1","0.0","19.1","79.3","22.2","20.7","22.2","411","124","1.63","0.30","(X)","(X)","(X)","(X)","(X)","(X)","(X)","(X)","(X)","(X)","(X)","(X)","411","124","0.0","8.2","53.3","17.8","63.3","17.7","38.0","15.4","88.3","14.9","11.7","14.9","0.0","8.2","66.9","18.3","33.1","18.3",
"1400000US06111008001","Census Tract 80.01, Ventura County, California","951","36","4.06","0.44","762","50","4.21","0.33","310","42","19.7","8.1","23.9","13.5","56.5","14.5","951","36","41.9","5.5","49.7","7.6","12.2","4.2","5.5","2.5","93.0","3.0","6.6","2.8","0.4","0.8","72.9","7.4","27.1","7.4","551","69","4.42","0.54","551","69","4.17","0.32","219","57","27.9","11.1","33.8","15.7","38.4","13.8","551","69","52.1","9.3","50.6","10.2","(X)","(X)","(X)","(X)","97.5","2.6","1.8","2.1","0.7","1.3","81.1","8.9","18.9","8.9","42","32","4.00","0.67","42","32","3.26","0.85","8","12","0.0","100.0","0.0","100.0","100.0","100.0","42","32","31.0","31.6","52.4","41.1","(X)","(X)","(X)","(X)","90.5","18.4","9.5","18.4","0.0","47.5","90.5","18.4","9.5","18.4","169","58","4.96","1.49","169","58","4.60","1.27","83","50","0.0","32.9","0.0","32.9","100.0","32.9","169","58","53.8","19.2","50.3","19.6","(X)","(X)","(X)","(X)","93.5","7.3","6.5","7.3","0.0","18.6","55.0","18.4","45.0","18.4","189","49","2.22","0.63","(X)","(X)","(X)","(X)","(X)","(X)","(X)","(X)","(X)","(X)","(X)","(X)","189","49","3.7","5.7","46.0","13.9","61.4","14.5","27.5","11.7","79.9","11.5","20.1","11.5","0.0","16.8","60.8","17.3","39.2","17.3",
"1400000US06111008002","Census Tract 80.02, Ventura County, California","1553","47","3.19","0.28","1168","102","3.56","0.25","378","67","8.5","8.6","37.3","14.7","54.2","13.6","1553","47","30.1","4.8","31.5","6.0","15.3","6.4","3.3","2.5","78.7","5.9","21.3","5.9","0.0","2.2","56.1","8.1","43.9","8.1","850","127","3.63","0.36","850","127","3.55","0.34","265","68","3.4","6.7","42.6","22.0","54.0","19.1","850","127","35.4","6.9","33.6","8.1","(X)","(X)","(X)","(X)","88.5","7.5","11.5","7.5","0.0","4.0","65.2","10.9","34.8","10.9","57","38","4.04","1.00","57","38","3.21","1.02","19","22","0.0","70.6","0.0","70.6","100.0","70.6","57","38","49.1","41.9","15.8","24.3","(X)","(X)","(X)","(X)","78.9","33.2","21.1","33.2","0.0","40.8","45.6","44.7","54.4","44.7","261","107","3.78","0.61","261","107","3.66","0.64","94","64","24.5","25.9","29.8","38.1","45.7","35.0","261","107","52.9","22.4","29.5","15.7","(X)","(X)","(X)","(X)","64.0","18.6","36.0","18.6","0.0","12.5","31.0","17.7","69.0","17.7","385","116","1.72","0.35","(X)","(X)","(X)","(X)","(X)","(X)","(X)","(X)","(X)","(X)","(X)","(X)","385","116","0.0","8.7","30.4","14.7","61.8","16.0","13.5","9.9","67.0","14.3","33.0","14.3","0.0","8.7","54.8","17.8","45.2","17.8",
"1400000US06111008004","Census Tract 80.04, Ventura County, California","1490","51","3.53","0.24","1256","83","3.76","0.27","531","91","10.4","6.7","20.0","11.0","69.7","11.2","1490","51","43.5","6.4","30.7","4.6","10.3","4.1","4.6","3.1","96.3","2.3","3.7","2.3","0.0","2.3","83.4","6.2","16.6","6.2","891","110","3.73","0.31","891","110","3.72","0.30","373","89","9.9","8.5","28.4","15.7","61.7","15.7","891","110","46.8","9.2","28.6","6.9","(X)","(X)","(X)","(X)","99.0","1.6","1.0","1.6","0.0","3.8","85.5","6.8","14.5","6.8","189","80","4.39","0.69","189","80","3.52","0.80","81","47","0.0","33.5","0.0","33.5","100.0","33.5","189","80","63.5","16.9","30.7","19.9","(X)","(X)","(X)","(X)","100.0","16.8","0.0","16.8","0.0","16.8","72.5","25.0","27.5","25.0","176","76","4.43","1.04","176","76","4.20","1.06","77","52","23.4","29.9","0.0","34.6","76.6","29.9","176","76","59.1","20.7","25.6","19.4","(X)","(X)","(X)","(X)","79.0","15.8","21.0","15.8","0.0","17.9","73.3","17.6","26.7","17.6","234","73","1.41","0.23","(X)","(X)","(X)","(X)","(X)","(X)","(X)","(X)","(X)","(X)","(X)","(X)","234","73","3.0","5.0","42.3","17.2","65.8","19.1","29.5","18.3","96.2","5.6","3.8","5.6","0.0","13.9","91.9","10.0","8.1","10.0",
"1400000US06111008005","Census Tract 80.05, Ventura County, California","776","34","3.47","0.25","620","53","3.77","0.30","275","43","17.8","9.7","17.5","9.8","64.7","13.4","776","34","38.3","5.3","37.5","7.0","16.4","6.3","7.6","3.8","97.3","3.0","2.2","2.9","0.5","0.9","88.8","4.6","11.2","4.6","461","61","3.92","0.43","461","61","3.85","0.43","205","45","21.5","11.9","19.0","11.6","59.5","15.6","461","61","45.8","7.8","31.9","7.6","(X)","(X)","(X)","(X)","99.1","1.5","0.0","7.3","0.9","1.5","93.1","5.7","6.9","5.7","70","35","3.73","0.96","70","35","3.06","0.93","49","32","10.2","18.3","18.4","27.0","71.4","32.3","70","35","70.0","22.0","5.7","10.4","(X)","(X)","(X)","(X)","75.7","29.8","24.3","29.8","0.0","36.7","54.3","31.6","45.7","31.6","89","40","4.44","1.07","89","40","3.90","0.77","21","18","0.0","67.2","0.0","67.2","100.0","67.2","89","40","38.2","20.5","32.6","21.3","(X)","(X)","(X)","(X)","100.0","31.4","0.0","31.4","0.0","31.4","82.0","15.0","18.0","15.0","156","51","1.44","0.35","(X)","(X)","(X)","(X)","(X)","(X)","(X)","(X)","(X)","(X)","(X)","(X)","156","51","1.9","3.4","71.2","15.9","81.4","13.0","37.8","16.5","100.0","19.9","0.0","19.9","0.0","19.9","95.5","5.2","4.5","5.2",
"1400000US06111008101","Census Tract 81.01, Ventura County, California","1100","39","2.91","0.30","756","97","3.40","0.21","289","84","27.3","13.9","6.2","6.6","66.4","14.0","1100","39","34.2","7.7","43.1","6.6","25.1","7.3","12.7","4.8","92.5","4.2","7.5","4.2","0.0","3.1","80.5","6.9","19.5","6.9","554","86","3.69","0.28","554","86","3.61","0.24","209","60","37.8","18.4","8.6","8.9","53.6","17.8","554","86","49.3","9.5","38.6","10.2","(X)","(X)","(X)","(X)","97.3","3.5","2.7","3.5","0.0","6.1","98.0","3.1","2.0","3.1","62","43","2.71","0.39","62","43","2.34","0.36","14","21","0.0","82.3","0.0","82.3","100.0","82.2","62","43","45.2","36.2","16.1","24.7","(X)","(X)","(X)","(X)","100.0","39.1","0.0","39.1","0.0","39.1","77.4","31.8","22.6","31.8","140","67","3.41","0.52","140","67","3.01","0.38","66","53","0.0","37.9","0.0","37.9","100.0","37.9","140","67","53.6","25.1","31.4","22.2","(X)","(X)","(X)","(X)","79.3","18.6","20.7","18.6","0.0","21.9","50.0","27.8","50.0","27.8","344","93","1.49","0.47","(X)","(X)","(X)","(X)","(X)","(X)","(X)","(X)","(X)","(X)","(X)","(X)","344","93","0.0","9.7","59.9","14.6","80.2","12.8","40.7","15.4","88.7","9.8","11.3","9.8","0.0","9.7","65.1","15.4","34.9","15.4",
"1400000US06111008201","Census Tract 82.01, Ventura County, California","1551","59","3.07","0.20","1012","107","3.93","0.22","550","79","29.1","11.0","24.5","12.0","46.4","12.2","1551","59","39.9","5.9","47.5","5.9","28.6","6.7","17.2","5.1","82.7","5.6","14.5","5.1","2.8","2.9","63.2","7.6","36.8","7.6","824","107","4.04","0.28","824","107","3.94","0.26","482","76","33.2","11.5","28.0","13.7","38.8","12.2","824","107","58.5","7.8","29.0","6.7","(X)","(X)","(X)","(X)","93.4","4.6","6.6","4.6","0.0","4.2","83.4","7.9","16.6","7.9","30","29","4.03","1.23","30","29","3.23","0.88","7","12","0.0","100.0","0.0","100.0","100.0","100.0","30","29","70.0","43.4","0.0","56.2","(X)","(X)","(X)","(X)","100.0","56.2","0.0","56.2","0.0","56.2","76.7","42.4","23.3","42.4","158","81","4.21","0.78","158","81","4.04","0.76","61","57","0.0","39.4","0.0","39.4","100.0","39.4","158","81","73.4","22.5","46.8","29.5","(X)","(X)","(X)","(X)","100.0","19.7","0.0","19.7","0.0","19.7","32.3","23.0","67.7","23.0","539","105","1.21","0.15","(X)","(X)","(X)","(X)","(X)","(X)","(X)","(X)","(X)","(X)","(X)","(X)","539","105","0.0","6.3","78.5","13.7","82.4","11.4","49.5","14.7","60.3","14.1","31.7","13.3","8.0","8.0","40.8","12.7","59.2","12.7",
"1400000US06111008202","Census Tract 82.02, Ventura County, California","1472","38","3.09","0.22","1120","90","3.37","0.22","423","67","28.8","13.2","17.0","10.5","54.1","15.3","1472","38","31.9","5.3","36.5","6.1","16.6","5.4","3.7","2.7","94.5","3.2","5.5","3.2","0.0","2.3","80.4","6.3","19.6","6.3","841","107","3.60","0.30","841","107","3.51","0.28","326","67","27.3","14.8","22.1","12.4","50.6","16.4","841","107","41.7","7.4","35.2","8.2","(X)","(X)","(X)","(X)","96.9","3.8","3.1","3.8","0.0","4.1","89.1","5.7","10.9","5.7","133","62","4.24","1.23","133","62","3.10","0.41","33","31","100.0","53.6","0.0","53.6","0.0","53.6","133","62","31.6","22.9","45.1","25.1","(X)","(X)","(X)","(X)","92.5","11.8","7.5","11.8","0.0","22.9","82.7","20.7","17.3","20.7","146","61","2.81","0.31","146","61","2.81","0.31","64","51","0.0","38.5","0.0","38.5","100.0","38.5","146","61","43.8","22.9","43.8","21.3","(X)","(X)","(X)","(X)","79.5","15.4","20.5","15.4","0.0","21.1","48.6","22.7","51.4","22.7","352","93","1.55","0.30","(X)","(X)","(X)","(X)","(X)","(X)","(X)","(X)","(X)","(X)","(X)","(X)","352","93","3.7","6.2","33.2","15.7","69.6","14.5","15.6","10.7","95.7","4.8","4.3","4.8","0.0","9.5","72.2","17.2","27.8","17.2",
"1400000US06111008302","Census Tract 83.02, Ventura County, California","2005","46","2.84","0.14","1472","93","3.27","0.17","581","89","28.6","10.3","25.3","9.7","46.1","10.7","2005","46","31.7","4.4","44.9","4.4","20.7","4.4","14.4","3.9","79.1","4.4","20.1","4.4","0.8","0.9","68.7","5.0","31.3","5.0","1161","95","3.30","0.18","1161","95","3.26","0.20","464","73","25.4","11.5","28.4","11.9","46.1","13.1","1161","95","40.9","6.8","40.6","6.5","(X)","(X)","(X)","(X)","87.3","5.5","12.7","5.5","0.0","3.0","79.2","6.2","20.8","6.2","127","58","3.89","1.06","127","58","3.28","1.01","81","53","45.7","33.9","9.9","17.4","44.4","35.9","127","58","70.1","24.3","27.6","24.9","(X)","(X)","(X)","(X)","72.4","18.5","20.5","16.7","7.1","10.9","43.3","27.2","56.7","27.2","184","69","3.47","0.50","184","69","3.34","0.50","36","28","30.6","37.0","19.4","30.6","50.0","41.8","184","69","38.6","18.2","43.5","20.3","(X)","(X)","(X)","(X)","79.3","14.4","20.7","14.4","0.0","17.2","48.4","18.3","51.6","18.3","533","97","1.36","0.18","(X)","(X)","(X)","(X)","(X)","(X)","(X)","(X)","(X)","(X)","(X)","(X)","533","97","0.0","6.4","59.1","11.6","77.9","8.8","54.0","11.9","62.7","12.4","36.0","12.3","1.3","2.1","58.7","12.4","41.3","12.4",
"1400000US06111008303","Census Tract 83.03, Ventura County, California","1357","98","2.76","0.25","861","110","3.52","0.25","273","73","29.3","14.0","15.4","13.4","55.3","17.2","1357","98","26.4","4.4","56.1","7.3","30.1","8.1","24.0","7.0","54.8","6.9","40.4","7.0","4.8","1.5","53.0","7.4","47.0","7.4","615","124","3.60","0.40","615","124","3.53","0.41","240","70","30.0","15.4","17.5","15.2","52.5","18.7","615","124","42.4","8.9","42.3","10.0","(X)","(X)","(X)","(X)","66.3","9.1","29.6","8.9","4.1","2.7","58.7","9.5","41.3","9.5","71","39","3.82","0.81","71","39","3.34","0.83","13","15","0.0","85.4","0.0","85.4","100.0","85.4","71","39","31.0","29.3","66.2","29.3","(X)","(X)","(X)","(X)","45.1","30.3","54.9","30.3","0.0","36.4","45.1","30.3","54.9","30.3","175","68","3.77","0.77","175","68","3.55","0.80","20","18","40.0","51.8","0.0","68.8","60.0","51.8","175","68","42.9","19.3","61.1","21.3","(X)","(X)","(X)","(X)","58.9","23.2","36.0","22.2","5.1","7.8","53.7","24.5","46.3","24.5","496","118","1.23","0.14","(X)","(X)","(X)","(X)","(X)","(X)","(X)","(X)","(X)","(X)","(X)","(X)","496","118","0.0","6.8","70.0","12.3","82.3","10.5","65.7","12.3","40.5","16.3","53.2","16.4","6.3","4.2","46.8","16.4","53.2","16.4",
"1400000US06111008304","Census Tract 83.04, Ventura County, California","2093","66","2.79","0.18","1516","148","3.21","0.22","546","138","30.8","19.5","9.9","8.4","59.3","20.3","2093","66","29.3","6.9","43.1","5.8","19.4","6.3","9.5","3.6","73.2","5.0","5.7","2.4","21.1","4.7","77.3","6.2","22.7","6.2","1231","140","3.29","0.26","1231","140","3.26","0.26","493","137","34.1","20.6","11.0","9.5","55.0","21.4","1231","140","43.5","10.2","32.7","7.5","(X)","(X)","(X)","(X)","85.3","7.2","2.4","2.7","12.3","6.9","82.4","8.5","17.6","8.5","79","62","4.15","1.79","79","62","3.63","1.33","0","17","-","**","-","**","-","**","79","62","31.6","39.9","45.6","39.2","(X)","(X)","(X)","(X)","41.8","38.6","10.1","18.2","48.1","40.1","68.4","39.9","31.6","39.9","206","88","3.03","0.64","206","88","2.73","0.36","53","51","0.0","42.3","0.0","42.3","100.0","42.3","206","88","25.7","23.1","59.2","25.2","(X)","(X)","(X)","(X)","63.6","24.5","0.0","15.6","36.4","24.5","75.2","17.3","24.8","17.3","577","148","1.47","0.22","(X)","(X)","(X)","(X)","(X)","(X)","(X)","(X)","(X)","(X)","(X)","(X)","577","148","0.0","5.9","59.3","13.0","70.4","13.0","34.3","12.3","55.1","14.8","14.2","6.9","30.7","13.5","68.3","12.9","31.7","12.9",
"1400000US06111008305","Census Tract 83.05, Ventura County, California","1191","69","3.18","0.18","1140","73","3.20","0.16","420","58","10.0","7.3","11.0","8.9","79.0","11.4","1191","69","37.4","5.1","46.9","7.3","3.4","2.6","1.6","1.3","99.0","1.6","1.0","1.6","0.0","2.9","95.8","4.6","4.2","4.6","1042","87","3.18","0.17","1042","87","3.18","0.17","366","53","11.5","8.3","11.5","9.8","77.0","12.4","1042","87","36.9","5.2","46.9","7.9","(X)","(X)","(X)","(X)","100.0","3.3","0.0","3.3","0.0","3.3","95.2","5.2","4.8","5.2","40","31","3.08","0.62","40","31","2.55","0.48","12","19","0.0","88.8","0.0","88.8","100.0","88.8","40","31","30.0","38.6","17.5","28.4","(X)","(X)","(X)","(X)","70.0","38.6","30.0","38.6","0.0","48.7","100.0","48.7","0.0","48.7","58","38","4.95","2.00","58","38","3.97","1.24","42","34","0.0","47.5","9.5","20.3","90.5","20.3","58","38","84.5","23.8","58.6","34.4","(X)","(X)","(X)","(X)","100.0","40.4","0.0","40.4","0.0","40.4","100.0","40.4","0.0","40.4","51","34","1.20","0.28","(X)","(X)","(X)","(X)","(X)","(X)","(X)","(X)","(X)","(X)","(X)","(X)","51","34","0.0","43.1","56.9","34.6","80.4","28.0","37.3","30.1","100.0","43.1","0.0","43.1","0.0","43.1","100.0","43.1","0.0","43.1",
"1400000US06111008306","Census Tract 83.06, Ventura County, California","1529","75","2.60","0.21","1041","115","3.18","0.21","474","105","19.4","11.4","26.8","12.7","53.8","15.2","1529","75","32.6","6.5","34.9","5.3","26.3","6.8","6.4","3.2","54.3","7.1","45.7","7.1","0.0","2.3","43.5","6.3","56.5","6.3","730","127","3.32","0.26","730","127","3.32","0.26","294","89","25.9","16.0","33.7","16.3","40.5","17.9","730","127","41.9","8.3","42.7","7.9","(X)","(X)","(X)","(X)","70.4","9.0","29.6","9.0","0.0","4.7","58.6","8.4","41.4","8.4","57","37","2.42","0.39","57","37","2.42","0.39","0","12","-","**","-","**","-","**","57","37","0.0","40.8","42.1","36.9","(X)","(X)","(X)","(X)","84.2","27.1","15.8","27.1","0.0","40.8","73.7","33.2","26.3","33.2","254","99","3.12","0.37","254","99","2.93","0.33","180","90","8.9","13.8","15.6","18.5","75.6","21.7","254","99","75.6","15.1","10.6","10.6","(X)","(X)","(X)","(X)","29.5","18.1","70.5","18.1","0.0","12.8","13.0","12.4","87.0","12.4","488","121","1.26","0.23","(X)","(X)","(X)","(X)","(X)","(X)","(X)","(X)","(X)","(X)","(X)","(X)","488","121","0.0","6.9","34.8","15.0","82.4","12.6","20.1","10.4","39.5","11.2","60.5","11.2","0.0","6.9","33.2","9.6","66.8","9.6",
"1400000US06111008401","Census Tract 84.01, Ventura County, California","1809","88","2.89","0.20","1171","117","3.57","0.28","513","103","22.6","13.1","13.5","8.0","63.9","13.4","1809","88","32.4","5.8","44.0","5.4","26.4","5.5","13.0","4.3","76.2","6.6","23.8","6.6","0.0","1.9","64.7","6.4","35.3","6.4","901","134","3.49","0.25","901","134","3.46","0.25","376","99","30.9","17.0","14.4","9.8","54.8","16.5","901","134","44.7","8.6","43.3","7.1","(X)","(X)","(X)","(X)","85.0","8.5","15.0","8.5","0.0","3.8","70.8","11.0","29.2","11.0","116","66","4.12","0.74","116","66","4.03","0.77","66","55","0.0","37.9","0.0","37.9","100.0","37.9","116","66","78.4","21.5","30.2","22.1","(X)","(X)","(X)","(X)","100.0","25.6","0.0","25.6","0.0","25.6","81.0","26.1","19.0","26.1","154","70","4.05","1.52","154","70","3.90","1.49","71","43","0.0","36.4","21.1","25.6","78.9","25.6","154","70","53.9","22.3","9.1","10.9","(X)","(X)","(X)","(X)","79.9","16.9","20.1","16.9","0.0","20.2","44.2","22.7","55.8","22.7","638","126","1.52","0.27","(X)","(X)","(X)","(X)","(X)","(X)","(X)","(X)","(X)","(X)","(X)","(X)","638","126","1.4","2.4","56.0","11.5","74.8","11.8","36.8","9.9","58.6","12.5","41.4","12.5","0.0","5.3","58.2","10.8","41.8","10.8",
"1400000US06111008402","Census Tract 84.02, Ventura County, California","1569","89","3.55","0.23","1347","95","3.64","0.22","537","86","16.8","10.3","11.0","5.7","72.3","10.0","1569","89","37.7","5.2","45.4","7.0","11.5","4.8","5.0","2.5","99.6","0.8","0.0","2.2","0.4","0.8","87.1","4.3","12.9","4.3","1114","109","3.92","0.28","1114","109","3.66","0.28","455","82","12.3","7.4","13.0","6.2","74.7","9.6","1114","109","42.5","6.0","44.8","8.8","(X)","(X)","(X)","(X)","99.4","1.2","0.0","3.1","0.6","1.2","87.6","5.5","12.4","5.5","85","62","4.07","0.66","85","62","3.74","0.69","41","47","0.0","48.1","0.0","48.1","100.0","48.1","85","62","48.2","39.4","21.2","22.7","(X)","(X)","(X)","(X)","100.0","32.4","0.0","32.4","0.0","32.4","100.0","32.4","0.0","32.4","148","73","4.03","0.66","148","73","3.39","0.49","41","51","82.9","42.5","0.0","48.1","17.1","42.5","148","73","52.7","26.7","47.3","26.1","(X)","(X)","(X)","(X)","100.0","20.9","0.0","20.9","0.0","20.9","64.2","24.6","35.8","24.6","222","84","1.20","0.14","(X)","(X)","(X)","(X)","(X)","(X)","(X)","(X)","(X)","(X)","(X)","(X)","222","84","0.0","14.5","56.8","16.7","81.5","12.9","35.6","13.9","100.0","14.5","0.0","14.5","0.0","14.5","94.6","8.4","5.4","8.4",
"1400000US06111008500","Census Tract 85, Ventura County, California","2993","137","2.70","0.17","2240","198","3.12","0.16","928","116","38.5","12.0","7.2","6.3","54.3","12.2","2993","137","31.5","4.0","41.8","4.7","22.0","5.9","7.3","3.7","81.1","4.2","18.9","4.2","0.0","1.2","73.6","4.8","26.4","4.8","1712","197","3.31","0.20","1712","197","3.28","0.20","760","134","32.2","14.0","8.8","7.8","58.9","13.7","1712","197","45.3","6.5","36.3","6.8","(X)","(X)","(X)","(X)","88.9","6.0","11.1","6.0","0.0","2.0","86.4","6.2","13.6","6.2","85","72","2.91","1.15","85","72","2.68","0.78","19","28","0.0","70.6","0.0","70.6","100.0","70.6","85","72","22.4","37.0","16.5","27.6","(X)","(X)","(X)","(X)","100.0","32.4","0.0","32.4","0.0","32.4","77.6","37.0","22.4","37.0","443","166","2.87","0.25","443","166","2.58","0.23","149","90","75.2","25.3","0.0","20.8","24.8","25.3","443","166","33.6","16.4","52.4","16.7","(X)","(X)","(X)","(X)","67.7","20.6","32.3","20.6","0.0","7.6","48.3","20.7","51.7","20.7","753","203","1.20","0.12","(X)","(X)","(X)","(X)","(X)","(X)","(X)","(X)","(X)","(X)","(X)","(X)","753","203","0.0","4.5","51.0","14.7","87.3","5.8","28.8","13.4","68.9","13.2","31.1","13.2","0.0","4.5","58.7","15.4","41.3","15.4",
"1400000US06111008600","Census Tract 86, Ventura County, California","2128","103","3.72","0.33","1643","156","4.06","0.36","708","151","7.8","8.8","36.2","17.1","56.1","16.7","2128","103","42.5","8.7","33.6","6.5","17.1","5.5","7.6","3.6","41.4","8.4","58.6","8.4","0.0","1.6","24.9","6.5","75.1","6.5","754","180","4.33","0.69","754","180","4.33","0.69","347","125","13.8","16.7","34.0","23.4","52.2","24.6","754","180","60.7","14.1","30.6","12.0","(X)","(X)","(X)","(X)","69.4","13.9","30.6","13.9","0.0","4.5","31.3","12.9","68.7","12.9","383","149","3.97","0.56","383","149","3.22","0.44","114","96","0.0","26.0","18.4","31.9","81.6","31.9","383","149","32.9","23.7","49.6","22.8","(X)","(X)","(X)","(X)","36.0","19.8","64.0","19.8","0.0","8.7","30.0","16.9","70.0","16.9","506","155","4.73","0.44","506","155","4.29","0.47","247","116","2.8","4.9","47.4","24.7","49.8","24.3","506","155","60.9","19.5","11.9","13.0","(X)","(X)","(X)","(X)","13.4","9.9","86.6","9.9","0.0","6.7","2.6","4.6","97.4","4.6","485","139","1.52","0.33","(X)","(X)","(X)","(X)","(X)","(X)","(X)","(X)","(X)","(X)","(X)","(X)","485","139","2.7","4.4","48.0","14.5","75.1","13.4","33.4","14.0","31.5","15.0","68.5","15.0","0.0","7.0","34.2","15.5","65.8","15.5",
"1400000US06111008700","Census Tract 87, Ventura County, California","1851","87","3.22","0.27","1142","135","4.18","0.36","557","124","18.7","10.1","25.1","10.1","56.2","13.0","1851","87","34.1","6.2","44.5","5.9","29.1","5.1","12.8","3.4","63.7","5.9","34.4","5.9","1.9","2.1","32.3","6.4","67.7","6.4","639","142","4.92","0.52","639","142","4.89","0.52","410","112","14.9","9.4","32.7","13.0","52.4","15.3","639","142","70.1","7.4","29.3","9.6","(X)","(X)","(X)","(X)","78.9","9.8","15.6","8.3","5.5","6.1","44.3","10.8","55.7","10.8","259","102","3.84","0.40","259","102","3.25","0.42","51","59","47.1","52.9","0.0","43.1","52.9","52.9","259","102","22.0","20.3","40.9","21.0","(X)","(X)","(X)","(X)","68.7","20.1","31.3","20.1","0.0","12.6","35.5","24.3","64.5","24.3","244","96","3.41","0.58","244","96","3.31","0.59","96","71","19.8","24.9","6.3","13.4","74.0","25.9","244","96","52.0","20.8","45.5","19.0","(X)","(X)","(X)","(X)","71.7","18.1","28.3","18.1","0.0","13.3","15.6","13.3","84.4","13.3","709","122","1.40","0.23","(X)","(X)","(X)","(X)","(X)","(X)","(X)","(X)","(X)","(X)","(X)","(X)","709","122","0.0","4.8","59.2","11.3","75.9","11.9","33.4","9.2","45.4","12.2","54.6","12.2","0.0","4.8","26.1","9.8","73.9","9.8",
"1400000US06111008800","Census Tract 88, Ventura County, California","1343","72","4.13","0.28","1206","80","4.32","0.28","524","110","12.6","9.1","11.1","8.9","76.3","10.0","1343","72","49.3","8.1","43.8","6.6","9.0","4.0","4.5","2.5","94.4","4.0","5.6","4.0","0.0","2.6","71.0","6.8","29.0","6.8","788","107","4.44","0.35","788","107","4.38","0.34","345","81","16.8","12.9","14.2","12.6","69.0","13.6","788","107","49.0","8.5","41.4","7.1","(X)","(X)","(X)","(X)","97.6","2.6","2.4","2.6","0.0","4.3","82.5","8.8","17.5","8.8","143","78","4.90","0.86","143","78","4.19","1.12","76","64","10.5","21.9","0.0","34.9","89.5","21.9","143","78","68.5","26.2","37.1","28.4","(X)","(X)","(X)","(X)","100.0","21.5","0.0","21.5","0.0","21.5","44.8","31.0","55.2","31.0","275","83","4.31","0.67","275","83","4.21","0.64","103","63","0.0","28.1","8.7","15.2","91.3","15.2","275","83","64.7","18.1","39.3","17.5","(X)","(X)","(X)","(X)","82.2","18.2","17.8","18.2","0.0","11.9","42.9","17.6","57.1","17.6","137","58","1.22","0.24","(X)","(X)","(X)","(X)","(X)","(X)","(X)","(X)","(X)","(X)","(X)","(X)","137","58","0.0","22.3","73.7","21.0","88.3","11.8","44.5","23.3","94.9","8.1","5.1","8.1","0.0","22.3","88.3","12.2","11.7","12.2",
"1400000US06111008900","Census Tract 89, Ventura County, California","680","56","4.96","0.44","585","81","5.00","0.38","211","68","3.3","5.0","26.1","16.3","70.6","16.0","680","56","48.4","8.0","57.1","8.2","8.4","5.1","3.8","2.5","97.2","4.1","2.8","4.1","0.0","5.0","67.1","7.0","32.9","7.0","350","78","5.15","0.63","350","78","4.95","0.57","131","56","5.3","8.4","21.4","17.0","73.3","17.8","350","78","43.4","12.5","50.0","13.3","(X)","(X)","(X)","(X)","100.0","9.5","0.0","9.5","0.0","9.5","70.9","10.8","29.1","10.8","89","57","5.69","1.26","89","57","4.40","0.53","21","28","0.0","67.2","19.0","50.0","81.0","50.0","89","57","52.8","31.2","58.4","29.0","(X)","(X)","(X)","(X)","100.0","31.4","0.0","31.4","0.0","31.4","82.0","23.6","18.0","23.6","146","65","5.56","1.10","146","65","5.47","1.11","59","45","0.0","40.1","39.0","37.9","61.0","37.9","146","65","68.5","17.6","48.6","23.8","(X)","(X)","(X)","(X)","100.0","21.1","0.0","21.1","0.0","21.1","61.0","21.6","39.0","21.6","95","51","2.69","1.21","(X)","(X)","(X)","(X)","(X)","(X)","(X)","(X)","(X)","(X)","(X)","(X)","95","51","31.6","27.3","94.7","9.2","60.0","25.2","27.4","19.8","80.0","26.3","20.0","26.3","0.0","29.9","48.4","30.5","51.6","30.5",
"1400000US06111009100","Census Tract 91, Ventura County, California","1010","83","4.63","0.44","882","101","4.51","0.35","499","93","5.0","5.8","26.9","14.0","68.1","13.8","1010","83","55.6","8.1","32.2","8.0","12.7","6.7","6.1","5.2","43.3","10.3","35.9","11.1","20.8","6.2","35.5","7.4","64.5","7.4","492","112","5.39","0.54","492","112","4.84","0.42","345","101","2.0","3.3","24.1","14.1","73.9","14.0","492","112","72.6","11.3","14.0","7.7","(X)","(X)","(X)","(X)","31.7","13.5","45.9","16.0","22.4","11.6","28.0","11.6","72.0","11.6","87","62","5.11","2.09","87","62","2.98","0.47","0","12","-","**","-","**","-","**","87","62","20.7","31.3","51.7","44.3","(X)","(X)","(X)","(X)","65.5","31.9","0.0","31.9","34.5","31.9","34.5","31.9","65.5","31.9","303","97","4.79","0.66","303","97","4.42","0.66","154","79","11.7","17.3","33.1","29.3","55.2","28.2","303","97","61.7","17.5","49.2","16.9","(X)","(X)","(X)","(X)","62.7","17.2","29.7","16.5","7.6","9.6","42.6","19.1","57.4","19.1","128","69","-","**","(X)","(X)","(X)","(X)","(X)","(X)","(X)","(X)","(X)","(X)","(X)","(X)","128","69","0.0","23.6","48.4","30.5","100.0","23.6","48.4","30.5","26.6","26.9","36.7","32.8","36.7","27.3","48.4","31.8","51.6","31.8",
"1400000US06111980000","Census Tract 9800, Ventura County, California","0","12","-","**","0","12","-","**","0","12","-","**","-","**","-","**","0","12","-","**","-","**","-","**","-","**","-","**","-","**","-","**","-","**","-","**","0","12","-","**","0","12","-","**","0","12","-","**","-","**","-","**","0","12","-","**","-","**","(X)","(X)","(X)","(X)","-","**","-","**","-","**","-","**","-","**","0","12","-","**","0","12","-","**","0","12","-","**","-","**","-","**","0","12","-","**","-","**","(X)","(X)","(X)","(X)","-","**","-","**","-","**","-","**","-","**","0","12","-","**","0","12","-","**","0","12","-","**","-","**","-","**","0","12","-","**","-","**","(X)","(X)","(X)","(X)","-","**","-","**","-","**","-","**","-","**","0","12","-","**","(X)","(X)","(X)","(X)","(X)","(X)","(X)","(X)","(X)","(X)","(X)","(X)","0","12","-","**","-","**","-","**","-","**","-","**","-","**","-","**","-","**","-","**",
"1400000US06111990100","Census Tract 9901, Ventura County, California","0","12","-","**","0","12","-","**","0","12","-","**","-","**","-","**","0","12","-","**","-","**","-","**","-","**","-","**","-","**","-","**","-","**","-","**","0","12","-","**","0","12","-","**","0","12","-","**","-","**","-","**","0","12","-","**","-","**","(X)","(X)","(X)","(X)","-","**","-","**","-","**","-","**","-","**","0","12","-","**","0","12","-","**","0","12","-","**","-","**","-","**","0","12","-","**","-","**","(X)","(X)","(X)","(X)","-","**","-","**","-","**","-","**","-","**","0","12","-","**","0","12","-","**","0","12","-","**","-","**","-","**","0","12","-","**","-","**","(X)","(X)","(X)","(X)","-","**","-","**","-","**","-","**","-","**","0","12","-","**","(X)","(X)","(X)","(X)","(X)","(X)","(X)","(X)","(X)","(X)","(X)","(X)","0","12","-","**","-","**","-","**","-","**","-","**","-","**","-","**","-","**","-","**",
