"GEO_ID","NAME","S1501_C01_001E","S1501_C01_001M","S1501_C02_001E","S1501_C02_001M","S1501_C03_001E","S1501_C03_001M","S1501_C01_002E","S1501_C01_002M","S1501_C02_002E","S1501_C02_002M","S1501_C03_002E","S1501_C03_002M","S1501_C01_003E","S1501_C01_003M","S1501_C02_003E","S1501_C02_003M","S1501_C03_003E","S1501_C03_003M","S1501_C01_004E","S1501_C01_004M","S1501_C02_004E","S1501_C02_004M","S1501_C03_004E","S1501_C03_004M","S1501_C01_005E","S1501_C01_005M","S1501_C02_005E","S1501_C02_005M","S1501_C03_005E","S1501_C03_005M","S1501_C01_006E","S1501_C01_006M","S1501_C02_006E","S1501_C02_006M","S1501_C03_006E","S1501_C03_006M","S1501_C01_007E","S1501_C01_007M","S1501_C02_007E","S1501_C02_007M","S1501_C03_007E","S1501_C03_007M","S1501_C01_008E","S1501_C01_008M","S1501_C02_008E","S1501_C02_008M","S1501_C03_008E","S1501_C03_008M","S1501_C01_009E","S1501_C01_009M","S1501_C02_009E","S1501_C02_009M","S1501_C03_009E","S1501_C03_009M","S1501_C01_010E","S1501_C01_010M","S1501_C02_010E","S1501_C02_010M","S1501_C03_010E","S1501_C03_010M","S1501_C01_011E","S1501_C01_011M","S1501_C02_011E","S1501_C02_011M","S1501_C03_011E","S1501_C03_011M","S1501_C01_012E","S1501_C01_012M","S1501_C02_012E","S1501_C02_012M","S1501_C03_012E","S1501_C03_012M","S1501_C01_013E","S1501_C01_013M","S1501_C02_013E","S1501_C02_013M","S1501_C03_013E","S1501_C03_013M","S1501_C01_014E","S1501_C01_014M","S1501_C02_014E","S1501_C02_014M","S1501_C03_014E","S1501_C03_014M","S1501_C01_015E","S1501_C01_015M","S1501_C02_015E","S1501_C02_015M","S1501_C03_015E","S1501_C03_015M","S1501_C01_016E","S1501_C01_016M","S1501_C02_016E","S1501_C02_016M","S1501_C03_016E","S1501_C03_016M","S1501_C01_017E","S1501_C01_017M","S1501_C02_017E","S1501_C02_017M","S1501_C03_017E","S1501_C03_017M","S1501_C01_018E","S1501_C01_018M","S1501_C02_018E","S1501_C02_018M","S1501_C03_018E","S1501_C03_018M","S1501_C01_019E","S1501_C01_019M","S1501_C02_019E","S1501_C02_019M","S1501_C03_019E","S1501_C03_019M","S1501_C01_020E","S1501_C01_020M","S1501_C02_020E","S1501_C02_020M","S1501_C03_020E","S1501_C03_020M","S1501_C01_021E","S1501_C01_021M","S1501_C02_021E","S1501_C02_021M","S1501_C03_021E","S1501_C03_021M","S1501_C01_022E","S1501_C01_022M","S1501_C02_022E","S1501_C02_022M","S1501_C03_022E","S1501_C03_022M","S1501_C01_023E","S1501_C01_023M","S1501_C02_023E","S1501_C02_023M","S1501_C03_023E","S1501_C03_023M","S1501_C01_024E","S1501_C01_024M","S1501_C02_024E","S1501_C02_024M","S1501_C03_024E","S1501_C03_024M","S1501_C01_025E","S1501_C01_025M","S1501_C02_025E","S1501_C02_025M","S1501_C03_025E","S1501_C03_025M","S1501_C01_026E","S1501_C01_026M","S1501_C02_026E","S1501_C02_026M","S1501_C03_026E","S1501_C03_026M","S1501_C01_027E","S1501_C01_027M","S1501_C02_027E","S1501_C02_027M","S1501_C03_027E","S1501_C03_027M","S1501_C01_028E","S1501_C01_028M","S1501_C02_028E","S1501_C02_028M","S1501_C03_028E","S1501_C03_028M","S1501_C01_029E","S1501_C01_029M","S1501_C02_029E","S1501_C02_029M","S1501_C03_029E","S1501_C03_029M","S1501_C01_030E","S1501_C01_030M","S1501_C02_030E","S1501_C02_030M","S1501_C03_030E","S1501_C03_030M","S1501_C01_031E","S1501_C01_031M","S1501_C02_031E","S1501_C02_031M","S1501_C03_031E","S1501_C03_031M","S1501_C01_032E","S1501_C01_032M","S1501_C02_032E","S1501_C02_032M","S1501_C03_032E","S1501_C03_032M","S1501_C01_033E","S1501_C01_033M","S1501_C02_033E","S1501_C02_033M","S1501_C03_033E","S1501_C03_033M","S1501_C01_034E","S1501_C01_034M","S1501_C02_034E","S1501_C02_034M","S1501_C03_034E","S1501_C03_034M","S1501_C01_035E","S1501_C01_035M","S1501_C02_035E","S1501_C02_035M","S1501_C03_035E","S1501_C03_035M","S1501_C01_036E","S1501_C01_036M","S1501_C02_036E","S1501_C02_036M","S1501_C03_036E","S1501_C03_036M","S1501_C01_037E","S1501_C01_037M","S1501_C02_037E","S1501_C02_037M","S1501_C03_037E","S1501_C03_037M","S1501_C01_038E","S1501_C01_038M","S1501_C02_038E","S1501_C02_038M","S1501_C03_038E","S1501_C03_038M",
"Geography","Geographic Area Name","Total!!Estimate!!Population 18 to 24 years","Total!!Margin of Error!!Population 18 to 24 years","Male!!Estimate!!Population 18 to 24 years","Male!!Margin of Error!!Population 18 to 24 years","Female!!Estimate!!Population 18 to 24 years","Female!!Margin of Error!!Population 18 to 24 years","Total!!Estimate!!Less than high school graduate","Total!!Margin of Error!!Less than high school graduate","Male!!Estimate!!Less than high school graduate","Male!!Margin of Error!!Less than high school graduate","Female!!Estimate!!Less than high school graduate","Female!!Margin of Error!!Less than high school graduate","Total!!Estimate!!High school graduate (includes equivalency)","Total!!Margin of Error!!High school graduate (includes equivalency)","Male!!Estimate!!High school graduate (includes equivalency)","Male!!Margin of Error!!High school graduate (includes equivalency)","Female!!Estimate!!High school graduate (includes equivalency)","Female!!Margin of Error!!High school graduate (includes equivalency)","Total!!Estimate!!Some college or associate's degree","Total!!Margin of Error!!Some college or associate's degree","Male!!Estimate!!Some college or associate's degree","Male!!Margin of Error!!Some college or associate's degree","Female!!Estimate!!Some college or associate's degree","Female!!Margin of Error!!Some college or associate's degree","Total!!Estimate!!Bachelor's degree or higher","Total!!Margin of Error!!Bachelor's degree or higher","Male!!Estimate!!Bachelor's degree or higher","Male!!Margin of Error!!Bachelor's degree or higher","Female!!Estimate!!Bachelor's degree or higher","Female!!Margin of Error!!Bachelor's degree or higher","Total!!Estimate!!Population 25 years and over","Total!!Margin of Error!!Population 25 years and over","Male!!Estimate!!Population 25 years and over","Male!!Margin of Error!!Population 25 years and over","Female!!Estimate!!Population 25 years and over","Female!!Margin of Error!!Population 25 years and over","Total!!Estimate!!Population 25 years and over!!Less than 9th grade","Total!!Margin of Error!!Population 25 years and over!!Less than 9th grade","Male!!Estimate!!Population 25 years and over!!Less than 9th grade","Male!!Margin of Error!!Population 25 years and over!!Less than 9th grade","Female!!Estimate!!Population 25 years and over!!Less than 9th grade","Female!!Margin of Error!!Population 25 years and over!!Less than 9th grade","Total!!Estimate!!Population 25 years and over!!9th to 12th grade, no diploma","Total!!Margin of Error!!Population 25 years and over!!9th to 12th grade, no diploma","Male!!Estimate!!Population 25 years and over!!9th to 12th grade, no diploma","Male!!Margin of Error!!Population 25 years and over!!9th to 12th grade, no diploma","Female!!Estimate!!Population 25 years and over!!9th to 12th grade, no diploma","Female!!Margin of Error!!Population 25 years and over!!9th to 12th grade, no diploma","Total!!Estimate!!Population 25 years and over!!High school graduate (includes equivalency)","Total!!Margin of Error!!Population 25 years and over!!High school graduate (includes equivalency)","Male!!Estimate!!Population 25 years and over!!High school graduate (includes equivalency)","Male!!Margin of Error!!Population 25 years and over!!High school graduate (includes equivalency)","Female!!Estimate!!Population 25 years and over!!High school graduate (includes equivalency)","Female!!Margin of Error!!Population 25 years and over!!High school graduate (includes equivalency)","Total!!Estimate!!Population 25 years and over!!Some college, no degree","Total!!Margin of Error!!Population 25 years and over!!Some college, no degree","Male!!Estimate!!Population 25 years and over!!Some college, no degree","Male!!Margin of Error!!Population 25 years and over!!Some college, no degree","Female!!Estimate!!Population 25 years and over!!Some college, no degree","Female!!Margin of Error!!Population 25 years and over!!Some college, no degree","Total!!Estimate!!Population 25 years and over!!Associate's degree","Total!!Margin of Error!!Population 25 years and over!!Associate's degree","Male!!Estimate!!Population 25 years and over!!Associate's degree","Male!!Margin of Error!!Population 25 years and over!!Associate's degree","Female!!Estimate!!Population 25 years and over!!Associate's degree","Female!!Margin of Error!!Population 25 years and over!!Associate's degree","Total!!Estimate!!Population 25 years and over!!Bachelor's degree","Total!!Margin of Error!!Population 25 years and over!!Bachelor's degree","Male!!Estimate!!Population 25 years and over!!Bachelor's degree","Male!!Margin of Error!!Population 25 years and over!!Bachelor's degree","Female!!Estimate!!Population 25 years and over!!Bachelor's degree","Female!!Margin of Error!!Population 25 years and over!!Bachelor's degree","Total!!Estimate!!Population 25 years and over!!Graduate or professional degree","Total!!Margin of Error!!Population 25 years and over!!Graduate or professional degree","Male!!Estimate!!Population 25 years and over!!Graduate or professional degree","Male!!Margin of Error!!Population 25 years and over!!Graduate or professional degree","Female!!Estimate!!Population 25 years and over!!Graduate or professional degree","Female!!Margin of Error!!Population 25 years and over!!Graduate or professional degree","Total!!Estimate!!Percent high school graduate or higher","Total!!Margin of Error!!Percent high school graduate or higher","Male!!Estimate!!Percent high school graduate or higher","Male!!Margin of Error!!Percent high school graduate or higher","Female!!Estimate!!Percent high school graduate or higher","Female!!Margin of Error!!Percent high school graduate or higher","Total!!Estimate!!Percent bachelor's degree or higher","Total!!Margin of Error!!Percent bachelor's degree or higher","Male!!Estimate!!Percent bachelor's degree or higher","Male!!Margin of Error!!Percent bachelor's degree or higher","Female!!Estimate!!Percent bachelor's degree or higher","Female!!Margin of Error!!Percent bachelor's degree or higher","Total!!Estimate!!Population 25 to 34 years","Total!!Margin of Error!!Population 25 to 34 years","Male!!Estimate!!Population 25 to 34 years","Male!!Margin of Error!!Population 25 to 34 years","Female!!Estimate!!Population 25 to 34 years","Female!!Margin of Error!!Population 25 to 34 years","Total!!Estimate!!Population 25 to 34 years!!High school graduate or higher","Total!!Margin of Error!!Population 25 to 34 years!!High school graduate or higher","Male!!Estimate!!Population 25 to 34 years!!High school graduate or higher","Male!!Margin of Error!!Population 25 to 34 years!!High school graduate or higher","Female!!Estimate!!Population 25 to 34 years!!High school graduate or higher","Female!!Margin of Error!!Population 25 to 34 years!!High school graduate or higher","Total!!Estimate!!Population 25 to 34 years!!Bachelor's degree or higher","Total!!Margin of Error!!Population 25 to 34 years!!Bachelor's degree or higher","Male!!Estimate!!Population 25 to 34 years!!Bachelor's degree or higher","Male!!Margin of Error!!Population 25 to 34 years!!Bachelor's degree or higher","Female!!Estimate!!Population 25 to 34 years!!Bachelor's degree or higher","Female!!Margin of Error!!Population 25 to 34 years!!Bachelor's degree or higher","Total!!Estimate!!Population 35 to 44 years","Total!!Margin of Error!!Population 35 to 44 years","Male!!Estimate!!Population 35 to 44 years","Male!!Margin of Error!!Population 35 to 44 years","Female!!Estimate!!Population 35 to 44 years","Female!!Margin of Error!!Population 35 to 44 years","Total!!Estimate!!Population 35 to 44 years!!High school graduate or higher","Total!!Margin of Error!!Population 35 to 44 years!!High school graduate or higher","Male!!Estimate!!Population 35 to 44 years!!High school graduate or higher","Male!!Margin of Error!!Population 35 to 44 years!!High school graduate or higher","Female!!Estimate!!Population 35 to 44 years!!High school graduate or higher","Female!!Margin of Error!!Population 35 to 44 years!!High school graduate or higher","Total!!Estimate!!Population 35 to 44 years!!Bachelor's degree or higher","Total!!Margin of Error!!Population 35 to 44 years!!Bachelor's degree or higher","Male!!Estimate!!Population 35 to 44 years!!Bachelor's degree or higher","Male!!Margin of Error!!Population 35 to 44 years!!Bachelor's degree or higher","Female!!Estimate!!Population 35 to 44 years!!Bachelor's degree or higher","Female!!Margin of Error!!Population 35 to 44 years!!Bachelor's degree or higher","Total!!Estimate!!Population 45 to 64 years","Total!!Margin of Error!!Population 45 to 64 years","Male!!Estimate!!Population 45 to 64 years","Male!!Margin of Error!!Population 45 to 64 years","Female!!Estimate!!Population 45 to 64 years","Female!!Margin of Error!!Population 45 to 64 years","Total!!Estimate!!Population 45 to 64 years!!High school graduate or higher","Total!!Margin of Error!!Population 45 to 64 years!!High school graduate or higher","Male!!Estimate!!Population 45 to 64 years!!High school graduate or higher","Male!!Margin of Error!!Population 45 to 64 years!!High school graduate or higher","Female!!Estimate!!Population 45 to 64 years!!High school graduate or higher","Female!!Margin of Error!!Population 45 to 64 years!!High school graduate or higher","Total!!Estimate!!Population 45 to 64 years!!Bachelor's degree or higher","Total!!Margin of Error!!Population 45 to 64 years!!Bachelor's degree or higher","Male!!Estimate!!Population 45 to 64 years!!Bachelor's degree or higher","Male!!Margin of Error!!Population 45 to 64 years!!Bachelor's degree or higher","Female!!Estimate!!Population 45 to 64 years!!Bachelor's degree or higher","Female!!Margin of Error!!Population 45 to 64 years!!Bachelor's degree or higher","Total!!Estimate!!Population 65 years and over","Total!!Margin of Error!!Population 65 years and over","Male!!Estimate!!Population 65 years and over","Male!!Margin of Error!!Population 65 years and over","Female!!Estimate!!Population 65 years and over","Female!!Margin of Error!!Population 65 years and over","Total!!Estimate!!Population 65 years and over!!High school graduate or higher","Total!!Margin of Error!!Population 65 years and over!!High school graduate or higher","Male!!Estimate!!Population 65 years and over!!High school graduate or higher","Male!!Margin of Error!!Population 65 years and over!!High school graduate or higher","Female!!Estimate!!Population 65 years and over!!High school graduate or higher","Female!!Margin of Error!!Population 65 years and over!!High school graduate or higher","Total!!Estimate!!Population 65 years and over!!Bachelor's degree or higher","Total!!Margin of Error!!Population 65 years and over!!Bachelor's degree or higher","Male!!Estimate!!Population 65 years and over!!Bachelor's degree or higher","Male!!Margin of Error!!Population 65 years and over!!Bachelor's degree or higher","Female!!Estimate!!Population 65 years and over!!Bachelor's degree or higher","Female!!Margin of Error!!Population 65 years and over!!Bachelor's degree or higher","Total!!Estimate!!POVERTY RATE FOR THE POPULATION 25 YEARS AND OVER FOR WHOM POVERTY STATUS IS DETERMINED BY EDUCATIONAL ATTAINMENT LEVEL!!Less than high school graduate","Total!!Margin of Error!!POVERTY RATE FOR THE POPULATION 25 YEARS AND OVER FOR WHOM POVERTY STATUS IS DETERMINED BY EDUCATIONAL ATTAINMENT LEVEL!!Less than high school graduate","Male!!Estimate!!POVERTY RATE FOR THE POPULATION 25 YEARS AND OVER FOR WHOM POVERTY STATUS IS DETERMINED BY EDUCATIONAL ATTAINMENT LEVEL!!Less than high school graduate","Male!!Margin of Error!!POVERTY RATE FOR THE POPULATION 25 YEARS AND OVER FOR WHOM POVERTY STATUS IS DETERMINED BY EDUCATIONAL ATTAINMENT LEVEL!!Less than high school graduate","Female!!Estimate!!POVERTY RATE FOR THE POPULATION 25 YEARS AND OVER FOR WHOM POVERTY STATUS IS DETERMINED BY EDUCATIONAL ATTAINMENT LEVEL!!Less than high school graduate","Female!!Margin of Error!!POVERTY RATE FOR THE POPULATION 25 YEARS AND OVER FOR WHOM POVERTY STATUS IS DETERMINED BY EDUCATIONAL ATTAINMENT LEVEL!!Less than high school graduate","Total!!Estimate!!POVERTY RATE FOR THE POPULATION 25 YEARS AND OVER FOR WHOM POVERTY STATUS IS DETERMINED BY EDUCATIONAL ATTAINMENT LEVEL!!High school graduate (includes equivalency)","Total!!Margin of Error!!POVERTY RATE FOR THE POPULATION 25 YEARS AND OVER FOR WHOM POVERTY STATUS IS DETERMINED BY EDUCATIONAL ATTAINMENT LEVEL!!High school graduate (includes equivalency)","Male!!Estimate!!POVERTY RATE FOR THE POPULATION 25 YEARS AND OVER FOR WHOM POVERTY STATUS IS DETERMINED BY EDUCATIONAL ATTAINMENT LEVEL!!High school graduate (includes equivalency)","Male!!Margin of Error!!POVERTY RATE FOR THE POPULATION 25 YEARS AND OVER FOR WHOM POVERTY STATUS IS DETERMINED BY EDUCATIONAL ATTAINMENT LEVEL!!High school graduate (includes equivalency)","Female!!Estimate!!POVERTY RATE FOR THE POPULATION 25 YEARS AND OVER FOR WHOM POVERTY STATUS IS DETERMINED BY EDUCATIONAL ATTAINMENT LEVEL!!High school graduate (includes equivalency)","Female!!Margin of Error!!POVERTY RATE FOR THE POPULATION 25 YEARS AND OVER FOR WHOM POVERTY STATUS IS DETERMINED BY EDUCATIONAL ATTAINMENT LEVEL!!High school graduate (includes equivalency)","Total!!Estimate!!POVERTY RATE FOR THE POPULATION 25 YEARS AND OVER FOR WHOM POVERTY STATUS IS DETERMINED BY EDUCATIONAL ATTAINMENT LEVEL!!Some college or associate's degree","Total!!Margin of Error!!POVERTY RATE FOR THE POPULATION 25 YEARS AND OVER FOR WHOM POVERTY STATUS IS DETERMINED BY EDUCATIONAL ATTAINMENT LEVEL!!Some college or associate's degree","Male!!Estimate!!POVERTY RATE FOR THE POPULATION 25 YEARS AND OVER FOR WHOM POVERTY STATUS IS DETERMINED BY EDUCATIONAL ATTAINMENT LEVEL!!Some college or associate's degree","Male!!Margin of Error!!POVERTY RATE FOR THE POPULATION 25 YEARS AND OVER FOR WHOM POVERTY STATUS IS DETERMINED BY EDUCATIONAL ATTAINMENT LEVEL!!Some college or associate's degree","Female!!Estimate!!POVERTY RATE FOR THE POPULATION 25 YEARS AND OVER FOR WHOM POVERTY STATUS IS DETERMINED BY EDUCATIONAL ATTAINMENT LEVEL!!Some college or associate's degree","Female!!Margin of Error!!POVERTY RATE FOR THE POPULATION 25 YEARS AND OVER FOR WHOM POVERTY STATUS IS DETERMINED BY EDUCATIONAL ATTAINMENT LEVEL!!Some college or associate's degree","Total!!Estimate!!POVERTY RATE FOR THE POPULATION 25 YEARS AND OVER FOR WHOM POVERTY STATUS IS DETERMINED BY EDUCATIONAL ATTAINMENT LEVEL!!Bachelor's degree or higher","Total!!Margin of Error!!POVERTY RATE FOR THE POPULATION 25 YEARS AND OVER FOR WHOM POVERTY STATUS IS DETERMINED BY EDUCATIONAL ATTAINMENT LEVEL!!Bachelor's degree or higher","Male!!Estimate!!POVERTY RATE FOR THE POPULATION 25 YEARS AND OVER FOR WHOM POVERTY STATUS IS DETERMINED BY EDUCATIONAL ATTAINMENT LEVEL!!Bachelor's degree or higher","Male!!Margin of Error!!POVERTY RATE FOR THE POPULATION 25 YEARS AND OVER FOR WHOM POVERTY STATUS IS DETERMINED BY EDUCATIONAL ATTAINMENT LEVEL!!Bachelor's degree or higher","Female!!Estimate!!POVERTY RATE FOR THE POPULATION 25 YEARS AND OVER FOR WHOM POVERTY STATUS IS DETERMINED BY EDUCATIONAL ATTAINMENT LEVEL!!Bachelor's degree or higher","Female!!Margin of Error!!POVERTY RATE FOR THE POPULATION 25 YEARS AND OVER FOR WHOM POVERTY STATUS IS DETERMINED BY EDUCATIONAL ATTAINMENT LEVEL!!Bachelor's degree or higher","Total!!Estimate!!MEDIAN EARNINGS IN THE PAST 12 MONTHS (IN 2013 INFLATION-ADJUSTED DOLLARS)!!Population 25 years and over with earnings","Total!!Margin of Error!!MEDIAN EARNINGS IN THE PAST 12 MONTHS (IN 2013 INFLATION-ADJUSTED DOLLARS)!!Population 25 years and over with earnings","Male!!Estimate!!MEDIAN EARNINGS IN THE PAST 12 MONTHS (IN 2013 INFLATION-ADJUSTED DOLLARS)!!Population 25 years and over with earnings","Male!!Margin of Error!!MEDIAN EARNINGS IN THE PAST 12 MONTHS (IN 2013 INFLATION-ADJUSTED DOLLARS)!!Population 25 years and over with earnings","Female!!Estimate!!MEDIAN EARNINGS IN THE PAST 12 MONTHS (IN 2013 INFLATION-ADJUSTED DOLLARS)!!Population 25 years and over with earnings","Female!!Margin of Error!!MEDIAN EARNINGS IN THE PAST 12 MONTHS (IN 2013 INFLATION-ADJUSTED DOLLARS)!!Population 25 years and over with earnings","Total!!Estimate!!MEDIAN EARNINGS IN THE PAST 12 MONTHS (IN 2013 INFLATION-ADJUSTED DOLLARS)!!Population 25 years and over with earnings!!Less than high school graduate","Total!!Margin of Error!!MEDIAN EARNINGS IN THE PAST 12 MONTHS (IN 2013 INFLATION-ADJUSTED DOLLARS)!!Population 25 years and over with earnings!!Less than high school graduate","Male!!Estimate!!MEDIAN EARNINGS IN THE PAST 12 MONTHS (IN 2013 INFLATION-ADJUSTED DOLLARS)!!Population 25 years and over with earnings!!Less than high school graduate","Male!!Margin of Error!!MEDIAN EARNINGS IN THE PAST 12 MONTHS (IN 2013 INFLATION-ADJUSTED DOLLARS)!!Population 25 years and over with earnings!!Less than high school graduate","Female!!Estimate!!MEDIAN EARNINGS IN THE PAST 12 MONTHS (IN 2013 INFLATION-ADJUSTED DOLLARS)!!Population 25 years and over with earnings!!Less than high school graduate","Female!!Margin of Error!!MEDIAN EARNINGS IN THE PAST 12 MONTHS (IN 2013 INFLATION-ADJUSTED DOLLARS)!!Population 25 years and over with earnings!!Less than high school graduate","Total!!Estimate!!MEDIAN EARNINGS IN THE PAST 12 MONTHS (IN 2013 INFLATION-ADJUSTED DOLLARS)!!Population 25 years and over with earnings!!High school graduate (includes equivalency)","Total!!Margin of Error!!MEDIAN EARNINGS IN THE PAST 12 MONTHS (IN 2013 INFLATION-ADJUSTED DOLLARS)!!Population 25 years and over with earnings!!High school graduate (includes equivalency)","Male!!Estimate!!MEDIAN EARNINGS IN THE PAST 12 MONTHS (IN 2013 INFLATION-ADJUSTED DOLLARS)!!Population 25 years and over with earnings!!High school graduate (includes equivalency)","Male!!Margin of Error!!MEDIAN EARNINGS IN THE PAST 12 MONTHS (IN 2013 INFLATION-ADJUSTED DOLLARS)!!Population 25 years and over with earnings!!High school graduate (includes equivalency)","Female!!Estimate!!MEDIAN EARNINGS IN THE PAST 12 MONTHS (IN 2013 INFLATION-ADJUSTED DOLLARS)!!Population 25 years and over with earnings!!High school graduate (includes equivalency)","Female!!Margin of Error!!MEDIAN EARNINGS IN THE PAST 12 MONTHS (IN 2013 INFLATION-ADJUSTED DOLLARS)!!Population 25 years and over with earnings!!High school graduate (includes equivalency)","Total!!Estimate!!MEDIAN EARNINGS IN THE PAST 12 MONTHS (IN 2013 INFLATION-ADJUSTED DOLLARS)!!Population 25 years and over with earnings!!Some college or associate's degree","Total!!Margin of Error!!MEDIAN EARNINGS IN THE PAST 12 MONTHS (IN 2013 INFLATION-ADJUSTED DOLLARS)!!Population 25 years and over with earnings!!Some college or associate's degree","Male!!Estimate!!MEDIAN EARNINGS IN THE PAST 12 MONTHS (IN 2013 INFLATION-ADJUSTED DOLLARS)!!Population 25 years and over with earnings!!Some college or associate's degree","Male!!Margin of Error!!MEDIAN EARNINGS IN THE PAST 12 MONTHS (IN 2013 INFLATION-ADJUSTED DOLLARS)!!Population 25 years and over with earnings!!Some college or associate's degree","Female!!Estimate!!MEDIAN EARNINGS IN THE PAST 12 MONTHS (IN 2013 INFLATION-ADJUSTED DOLLARS)!!Population 25 years and over with earnings!!Some college or associate's degree","Female!!Margin of Error!!MEDIAN EARNINGS IN THE PAST 12 MONTHS (IN 2013 INFLATION-ADJUSTED DOLLARS)!!Population 25 years and over with earnings!!Some college or associate's degree","Total!!Estimate!!MEDIAN EARNINGS IN THE PAST 12 MONTHS (IN 2013 INFLATION-ADJUSTED DOLLARS)!!Population 25 years and over with earnings!!Bachelor's degree","Total!!Margin of Error!!MEDIAN EARNINGS IN THE PAST 12 MONTHS (IN 2013 INFLATION-ADJUSTED DOLLARS)!!Population 25 years and over with earnings!!Bachelor's degree","Male!!Estimate!!MEDIAN EARNINGS IN THE PAST 12 MONTHS (IN 2013 INFLATION-ADJUSTED DOLLARS)!!Population 25 years and over with earnings!!Bachelor's degree","Male!!Margin of Error!!MEDIAN EARNINGS IN THE PAST 12 MONTHS (IN 2013 INFLATION-ADJUSTED DOLLARS)!!Population 25 years and over with earnings!!Bachelor's degree","Female!!Estimate!!MEDIAN EARNINGS IN THE PAST 12 MONTHS (IN 2013 INFLATION-ADJUSTED DOLLARS)!!Population 25 years and over with earnings!!Bachelor's degree","Female!!Margin of Error!!MEDIAN EARNINGS IN THE PAST 12 MONTHS (IN 2013 INFLATION-ADJUSTED DOLLARS)!!Population 25 years and over with earnings!!Bachelor's degree","Total!!Estimate!!MEDIAN EARNINGS IN THE PAST 12 MONTHS (IN 2013 INFLATION-ADJUSTED DOLLARS)!!Population 25 years and over with earnings!!Graduate or professional degree","Total!!Margin of Error!!MEDIAN EARNINGS IN THE PAST 12 MONTHS (IN 2013 INFLATION-ADJUSTED DOLLARS)!!Population 25 years and over with earnings!!Graduate or professional degree","Male!!Estimate!!MEDIAN EARNINGS IN THE PAST 12 MONTHS (IN 2013 INFLATION-ADJUSTED DOLLARS)!!Population 25 years and over with earnings!!Graduate or professional degree","Male!!Margin of Error!!MEDIAN EARNINGS IN THE PAST 12 MONTHS (IN 2013 INFLATION-ADJUSTED DOLLARS)!!Population 25 years and over with earnings!!Graduate or professional degree","Female!!Estimate!!MEDIAN EARNINGS IN THE PAST 12 MONTHS (IN 2013 INFLATION-ADJUSTED DOLLARS)!!Population 25 years and over with earnings!!Graduate or professional degree","Female!!Margin of Error!!MEDIAN EARNINGS IN THE PAST 12 MONTHS (IN 2013 INFLATION-ADJUSTED DOLLARS)!!Population 25 years and over with earnings!!Graduate or professional degree","Total!!Estimate!!PERCENT IMPUTED!!Educational attainment","Total!!Margin of Error!!PERCENT IMPUTED!!Educational attainment","Male!!Estimate!!PERCENT IMPUTED!!Educational attainment","Male!!Margin of Error!!PERCENT IMPUTED!!Educational attainment","Female!!Estimate!!PERCENT IMPUTED!!Educational attainment","Female!!Margin of Error!!PERCENT IMPUTED!!Educational attainment",
"1400000US06111000100","Census Tract 1, Ventura County, California","56","49","29","25","27","26","17.9","26.0","20.7","34.4","14.8","28.5","5.4","10.2","0.0","57.1","11.1","22.8","69.6","33.2","65.5","37.9","74.1","36.6","7.1","10.1","13.8","19.7","0.0","59.2","581","85","322","55","259","62","1.0","1.2","1.6","2.3","0.4","0.9","2.9","2.8","4.0","4.2","1.5","3.0","24.4","9.0","25.2","12.3","23.6","11.6","27.7","8.5","35.7","12.4","17.8","10.1","5.5","5.3","5.3","7.2","5.8","6.6","25.1","7.7","20.2","7.8","31.3","11.5","13.3","7.2","8.1","4.7","19.7","13.5","96.0","2.9","94.4","4.4","98.1","3.0","38.4","10.1","28.3","9.2","51.0","15.1","49","36","42","41","7","8","95.9","9.3","95.2","12.0","100.0","100.0","53.1","23.8","45.2","22.0","100.0","100.0","45","25","27","23","18","15","91.1","17.0","100.0","59.2","77.8","43.5","28.9","29.4","14.8","28.5","50.0","47.7","372","83","184","55","188","55","97.0","2.8","94.6","5.8","99.5","1.3","35.2","12.0","23.4","10.6","46.8","18.3","115","58","69","36","46","30","94.8","9.0","91.3","14.3","100.0","45.4","46.1","25.8","36.2","27.6","60.9","29.4","69.6","32.7","61.1","42.3","100.0","100.0","20.4","21.8","28.4","30.3","9.8","16.2","21.2","15.1","28.8","20.7","4.9","10.3","12.1","13.1","2.2","4.6","18.9","20.4","25357","9993","30313","11811","19844","17604","7250","28670","30500","40591","-","**","35625","23487","36458","20005","26667","34013","20962","6501","18462","7139","25000","30142","7431","56491","94375","148450","4293","883","4881","85941","70417","24331","3988","10988","1.9","(X)","(X)","(X)","(X)","(X)",
"1400000US06111000200","Census Tract 2, Ventura County, California","361","99","170","67","191","74","19.9","13.6","12.9","14.3","26.2","20.1","23.8","13.3","35.9","18.9","13.1","16.5","56.2","15.1","51.2","17.7","60.7","21.1","0.0","9.2","0.0","18.5","0.0","16.7","1454","199","752","127","702","99","33.1","7.2","33.8","8.9","32.3","9.1","14.6","4.9","18.1","7.6","11.0","5.5","19.8","5.4","22.5","8.1","17.0","6.7","23.0","6.0","21.0","7.3","25.2","7.7","3.3","1.7","1.1","1.9","5.7","3.4","3.5","3.3","1.9","2.8","5.3","4.6","2.6","3.1","1.7","2.8","3.6","3.6","52.3","6.9","48.1","8.0","56.7","8.3","6.1","3.1","3.6","2.2","8.8","4.8","371","115","197","81","174","63","69.8","17.9","68.5","20.2","71.3","21.4","1.1","1.8","0.0","16.2","2.3","4.0","264","80","140","50","124","42","54.2","20.4","51.4","25.1","57.3","21.8","5.3","7.7","10.0","13.8","0.0","24.2","620","141","316","84","304","77","41.0","10.8","31.0","11.7","51.3","14.4","8.4","4.5","0.0","10.5","17.1","9.1","199","76","99","48","100","54","52.3","17.6","57.6","25.1","47.0","25.8","9.5","10.4","13.1","20.0","6.0","10.5","20.3","10.5","18.5","10.5","22.7","13.3","11.5","10.2","12.4","15.2","10.1","9.4","7.0","7.3","6.6","7.9","7.4","10.8","11.2","15.3","0.0","59.2","16.1","21.3","23832","3332","26012","10191","22267","3384","17550","4341","21484","4203","12933","2480","26875","13131","37500","34073","24875","11846","31136","15376","35721","11574","24837","18207","78929","11099","-","**","-","**","-","**","-","**","-","**","1.7","(X)","(X)","(X)","(X)","(X)",
"1400000US06111000302","Census Tract 3.02, Ventura County, California","694","241","354","165","340","175","5.3","6.2","5.9","8.6","4.7","8.1","26.7","15.6","36.7","20.2","16.2","19.9","49.3","14.3","40.4","16.4","58.5","17.7","18.7","11.8","16.9","14.5","20.6","20.9","3895","322","1752","260","2143","218","15.9","5.1","15.2","6.4","16.4","5.7","14.0","5.0","14.8","6.8","13.3","7.2","19.8","6.4","19.8","8.3","19.8","6.9","27.1","5.5","31.5","9.4","23.4","6.5","6.9","3.2","3.1","2.2","9.9","5.4","9.4","3.6","10.3","5.8","8.7","5.4","7.0","3.2","5.3","3.1","8.4","5.2","70.1","6.3","69.9","9.1","70.3","8.1","16.4","5.6","15.5","6.9","17.1","6.6","704","253","286","167","418","168","73.0","15.9","81.1","18.7","67.5","24.6","22.4","15.1","17.1","20.6","26.1","20.9","817","252","439","155","378","158","65.9","17.0","60.4","22.3","72.2","18.5","17.0","14.5","15.9","16.3","18.3","16.2","1649","249","725","169","924","185","75.2","8.5","69.4","12.7","79.8","11.1","17.2","6.9","15.2","8.3","18.7","8.8","725","201","302","136","423","136","60.7","12.9","74.5","21.4","50.8","17.9","8.1","6.0","14.2","11.5","3.8","6.1","27.9","14.2","19.5","13.0","34.7","20.2","2.1","3.3","4.6","7.6","0.0","7.9","2.2","2.5","0.0","5.6","4.1","4.6","12.1","14.9","0.0","12.1","21.0","23.3","31080","7631","50445","26948","28889","6936","24688","8208","25517","26509","23269","8645","28723","9460","23359","58502","29293","9460","38691","13567","51149","31894","37572","25892","34395","45992","67315","12812","10521","3203","70560","18852","72206","52045","67045","35334","5.8","(X)","(X)","(X)","(X)","(X)",
"1400000US06111000303","Census Tract 3.03, Ventura County, California","445","175","293","132","152","89","14.4","12.0","17.1","16.9","9.2","18.0","29.9","23.1","36.9","35.1","16.4","18.6","45.8","15.1","31.1","21.3","74.3","23.6","9.9","12.5","15.0","17.4","0.0","20.4","3087","226","1539","166","1548","139","12.5","5.1","13.4","6.9","11.7","6.3","14.1","5.2","18.0","8.6","10.2","5.1","20.9","6.3","17.0","7.0","24.9","10.3","26.8","7.8","24.1","9.4","29.5","9.8","6.1","3.0","5.0","3.8","7.1","4.9","8.8","3.8","7.2","5.6","10.3","5.1","10.8","4.7","15.3","8.5","6.3","5.9","73.4","6.4","68.6","9.6","78.1","7.6","19.6","5.3","22.5","8.4","16.6","7.2","764","280","427","196","337","125","82.3","13.9","87.4","12.1","76.0","19.1","18.2","11.9","22.7","15.6","12.5","14.7","759","195","377","119","382","99","58.0","10.8","38.7","20.9","77.0","15.7","10.8","8.0","0.0","8.9","21.5","16.8","1093","161","497","104","596","88","78.8","8.5","75.3","13.1","81.7","10.9","23.5","9.9","29.2","16.8","18.8","14.0","471","99","238","69","233","72","71.1","13.2","68.5","18.4","73.8","17.4","26.8","16.1","44.1","26.1","9.0","8.6","21.1","14.4","16.0","17.4","29.3","16.4","5.6","6.5","3.4","6.6","7.1","9.6","3.6","3.4","2.7","5.1","4.3","5.4","0.0","5.7","0.0","9.8","0.0","12.7","34415","11761","37135","7982","26884","13031","22405","5012","25322","4106","13542","10874","27056","15742","50156","28648","22774","10513","38879","16174","49821","41085","27457","20224","64152","22724","26650","31311","76111","22073","111004","20023","111098","30700","89858","78990","8.5","(X)","(X)","(X)","(X)","(X)",
"1400000US06111000304","Census Tract 3.04, Ventura County, California","392","151","216","109","176","116","18.9","15.5","17.1","19.0","21.0","23.2","34.4","17.4","52.8","26.9","11.9","13.4","39.0","18.0","23.1","17.9","58.5","29.9","7.7","10.5","6.9","15.2","8.5","11.9","2577","256","1350","182","1227","133","25.5","5.9","25.1","8.1","26.0","8.2","13.1","5.7","12.4","7.2","13.9","6.7","16.6","5.3","16.2","6.9","17.0","7.1","21.4","5.7","24.3","8.0","18.3","7.8","8.6","6.4","9.6","6.8","7.4","6.6","7.9","3.8","8.1","5.4","7.7","5.2","6.9","4.7","4.3","4.5","9.7","6.0","61.4","7.8","62.5","9.4","60.1","10.5","14.8","5.4","12.4","5.7","17.4","8.2","668","199","310","130","358","104","66.2","16.0","57.7","21.0","73.5","18.3","14.2","11.9","8.4","11.9","19.3","14.6","737","169","381","119","356","91","55.2","22.5","65.1","21.5","44.7","26.9","15.9","15.9","8.4","12.9","23.9","21.1","856","153","501","118","355","63","67.3","13.0","63.3","15.5","73.0","17.2","16.6","8.8","18.0","13.8","14.6","12.7","316","87","158","51","158","70","49.4","18.3","63.3","20.6","35.4","27.1","8.5","8.4","12.0","11.3","5.1","7.3","31.5","15.0","31.6","16.3","31.4","17.0","16.6","15.6","19.6","22.6","13.5","14.1","7.8","7.5","2.8","4.9","14.9","17.3","7.3","10.7","9.6","21.3","5.6","9.9","24902","2406","24769","3201","25146","5696","14605","2824","15645","4825","8947","6505","26250","6690","32014","8031","15500","11528","25625","6889","24451","3710","35114","25627","26882","27231","26659","61673","27235","47323","103177","20121","105714","1923","89563","82885","4.9","(X)","(X)","(X)","(X)","(X)",
"1400000US06111000400","Census Tract 4, Ventura County, California","1117","199","562","169","555","119","19.7","9.2","30.2","14.8","9.0","8.3","23.9","7.0","20.8","11.1","27.0","11.6","55.2","10.8","46.6","16.7","64.0","12.7","1.2","1.7","2.3","3.4","0.0","6.1","3635","296","1934","284","1701","132","26.8","7.2","32.7","10.4","20.0","6.0","9.5","3.6","8.2","4.3","11.0","4.9","16.3","4.0","15.5","5.6","17.2","5.5","24.4","4.5","23.5","6.4","25.5","6.8","8.0","3.3","7.1","4.0","9.1","4.6","9.3","3.5","7.5","3.2","11.3","5.2","5.7","2.3","5.6","2.7","5.9","3.7","63.7","7.1","59.2","9.6","69.0","6.4","15.0","3.9","13.1","3.6","17.2","6.0","729","169","331","126","398","124","77.4","12.3","81.6","13.7","73.9","16.3","15.2","8.8","9.7","9.2","19.8","14.4","966","192","580","163","386","85","60.2","13.7","56.6","17.1","65.8","15.8","10.1","6.5","9.5","7.6","11.1","8.3","1320","170","710","119","610","107","64.2","10.0","54.1","11.6","76.1","10.8","15.0","6.5","12.8","6.4","17.5","9.2","620","107","313","66","307","75","52.1","11.5","51.8","13.5","52.4","15.2","22.3","8.3","24.0","12.4","20.5","13.8","22.8","13.6","24.4","19.2","20.3","13.1","9.8","8.8","1.0","2.4","18.8","17.1","7.6","5.1","4.2","4.2","11.1","9.1","2.9","4.4","4.7","7.1","1.4","3.3","28857","4454","33333","7637","25672","3687","15726","9767","16976","10273","10813","14492","29964","4594","33625","17891","17708","15539","35864","5212","60417","13872","27222","6531","65278","25332","76111","71589","58929","23575","98594","32492","120347","19393","69286","12901","6.0","(X)","(X)","(X)","(X)","(X)",
"1400000US06111000500","Census Tract 5, Ventura County, California","339","135","241","133","98","72","21.5","16.0","30.3","22.7","0.0","29.2","42.5","14.7","24.9","12.6","85.7","21.4","36.0","18.5","44.8","23.2","14.3","21.4","0.0","9.8","0.0","13.5","0.0","29.2","1676","244","903","192","773","110","24.6","8.3","26.2","8.4","22.6","8.9","16.9","6.1","19.7","8.4","13.7","7.1","19.2","6.3","16.9","6.9","21.7","9.3","25.8","7.3","23.5","9.2","28.6","10.1","8.5","3.8","6.0","4.9","11.4","5.9","4.5","2.2","7.0","3.4","1.7","1.8","0.5","0.6","0.7","1.0","0.3","0.5","58.5","8.3","54.0","9.8","63.6","9.9","5.0","2.3","7.6","3.7","1.9","1.8","447","165","265","116","182","74","63.5","11.0","52.5","13.3","79.7","17.3","4.7","4.6","7.9","7.8","0.0","17.4","568","271","334","199","234","109","55.5","16.5","55.1","15.4","56.0","26.7","4.0","4.3","6.9","6.3","0.0","13.9","370","124","159","74","211","66","54.3","21.6","53.5","28.9","55.0","19.7","5.9","5.5","7.5","8.5","4.7","5.8","291","100","145","57","146","57","61.9","19.2","55.2","21.5","68.5","22.7","6.2","5.8","9.0","8.4","3.4","5.0","19.7","15.7","21.0","16.0","18.5","17.0","22.4","17.9","19.2","22.6","24.4","18.9","10.4","8.0","0.0","14.2","18.1","13.4","39.3","29.9","23.9","26.6","86.7","34.4","23338","2859","23312","2382","23456","5828","19286","5221","17273","7975","20294","6348","21711","11252","21534","20885","21953","16423","39394","23084","49375","18967","37689","21761","71438","66003","71750","76161","-","**","-","**","-","**","-","**","2.9","(X)","(X)","(X)","(X)","(X)",
"1400000US06111000600","Census Tract 6, Ventura County, California","664","213","336","129","328","129","27.7","12.8","44.6","19.9","10.4","12.9","35.4","12.0","34.2","16.8","36.6","17.6","29.8","8.4","12.8","11.3","47.3","18.7","7.1","6.7","8.3","10.2","5.8","6.9","3534","404","1947","275","1587","187","29.7","7.2","29.8","8.8","29.6","8.5","19.8","5.1","21.2","7.2","18.0","6.2","21.6","4.9","23.2","6.8","19.7","5.9","20.6","5.6","16.9","6.6","25.1","8.2","4.4","2.2","4.5","3.0","4.2","3.3","2.1","1.4","2.4","2.6","1.8","2.0","1.8","1.5","2.0","2.3","1.6","1.7","50.5","7.7","49.0","8.8","52.4","10.0","3.9","2.0","4.4","3.4","3.3","2.6","1059","290","573","168","486","170","48.9","14.1","48.5","17.4","49.4","19.7","1.1","1.7","1.7","2.8","0.4","1.8","833","205","475","155","358","109","42.9","11.6","38.5","14.5","48.6","17.1","3.1","3.1","1.3","2.2","5.6","6.9","1052","193","576","117","476","122","55.4","13.1","52.8","17.7","58.6","15.2","5.8","5.3","7.3","8.3","4.0","5.4","590","136","323","121","267","103","55.6","14.4","58.5","18.1","52.1","18.4","6.6","7.4","8.4","13.1","4.5","6.3","29.2","9.7","23.4","11.2","36.8","10.6","40.3","13.5","27.7","16.1","58.5","16.3","14.9","8.7","7.9","10.8","21.2","14.4","19.6","30.2","31.8","43.0","0.0","42.3","19266","1791","20203","2740","18072","2214","16865","2084","17731","2378","15230","5571","21648","6432","23571","13514","12072","15743","31528","10754","50792","8752","21591","5829","40179","17826","-","**","-","**","85179","21400","-","**","85268","44483","11.7","(X)","(X)","(X)","(X)","(X)",
"1400000US06111000701","Census Tract 7.01, Ventura County, California","910","408","492","320","418","205","59.8","17.6","62.6","20.3","56.5","26.0","25.2","10.6","29.9","17.6","19.6","14.2","14.0","12.0","7.5","11.4","21.5","20.2","1.1","2.2","0.0","6.9","2.4","4.7","3324","312","1653","234","1671","181","27.6","7.1","35.5","10.3","19.9","7.1","12.6","4.6","15.2","8.5","9.9","4.6","25.2","5.1","22.3","6.1","27.9","7.5","22.6","6.0","15.0","6.6","30.0","8.4","2.8","1.9","3.0","2.8","2.6","2.6","7.3","4.2","7.1","4.9","7.5","5.1","2.0","2.0","1.9","2.9","2.1","2.7","59.8","6.3","49.3","9.8","70.2","7.2","9.3","4.5","9.0","5.6","9.6","5.4","947","254","428","229","519","145","61.5","18.1","41.8","25.9","77.6","11.9","6.7","7.3","0.0","7.8","12.1","12.9","838","201","540","163","298","110","67.4","13.8","60.4","17.3","80.2","15.7","13.7","10.1","15.6","14.1","10.4","10.1","982","154","468","94","514","98","58.8","11.8","47.4","22.5","69.1","13.9","11.0","9.9","11.3","15.9","10.7","10.8","557","141","217","80","340","90","47.4","15.1","40.6","21.2","51.8","17.6","3.9","4.2","5.1","7.8","3.2","4.2","26.4","11.5","20.8","15.6","35.9","14.4","22.4","11.6","13.3","11.1","29.9","17.5","12.1","8.0","24.1","16.9","5.3","5.8","10.1","13.5","0.0","22.4","18.8","24.5","30463","2262","32255","3301","27807","10323","26201","5478","27803","3792","14844","7970","33125","9831","40699","4658","15169","8722","30814","11210","30469","13314","31019","23332","63008","31441","66806","49564","31230","5460","37000","210685","-","**","-","**","3.6","(X)","(X)","(X)","(X)","(X)",
"1400000US06111000702","Census Tract 7.02, Ventura County, California","341","134","223","121","118","61","17.0","14.4","13.0","14.7","24.6","27.8","30.5","17.3","32.7","21.0","26.3","26.4","52.5","18.5","54.3","23.9","49.2","29.4","0.0","9.7","0.0","14.5","0.0","25.2","2089","267","1106","238","983","101","21.3","10.4","31.6","18.6","9.9","5.6","13.2","5.3","12.1","7.7","14.4","6.0","28.8","6.9","30.5","11.2","26.9","10.5","21.7","8.1","11.2","6.6","33.5","12.6","5.5","4.7","6.4","5.4","4.4","4.6","5.9","3.5","6.6","5.3","5.1","3.8","3.6","2.6","1.6","1.3","5.9","5.3","65.4","8.7","56.3","15.5","75.7","8.2","9.5","5.5","8.2","5.4","11.0","6.4","621","288","416","229","205","76","61.5","24.5","53.1","42.9","78.5","21.4","4.0","5.1","2.2","3.8","7.8","10.1","471","199","218","118","253","106","69.0","11.7","56.4","17.2","79.8","14.8","5.3","5.0","0.0","14.8","9.9","8.7","615","143","311","89","304","84","73.2","10.9","62.7","15.2","83.9","10.3","18.0","15.9","17.7","16.2","18.4","16.6","382","86","161","60","221","60","55.0","13.4","52.2","17.4","57.0","20.0","9.9","9.5","16.8","15.8","5.0","7.5","20.2","11.2","12.2","10.7","36.4","20.6","2.7","3.3","0.0","9.9","6.1","7.8","7.2","8.7","1.0","2.0","10.5","13.1","0.0","16.1","0.0","30.9","0.0","27.1","38024","6602","39403","5431","31324","8934","38281","14066","39125","7174","16016","11149","33068","8732","33068","9381","35000","31302","32917","15131","43884","6305","30982","10512","52863","14004","53992","55696","33409","37636","66853","25515","103250","113967","66724","22900","5.1","(X)","(X)","(X)","(X)","(X)",
"1400000US06111000800","Census Tract 8, Ventura County, California","780","185","304","121","476","141","7.6","5.7","2.6","3.4","10.7","9.6","22.4","12.3","34.9","20.0","14.5","11.7","59.1","13.1","56.6","21.7","60.7","16.4","10.9","8.2","5.9","8.8","14.1","12.6","4768","338","2247","194","2521","214","13.2","3.2","16.3","4.7","10.5","4.1","6.6","2.3","5.8","2.6","7.4","3.6","22.9","4.2","23.7","6.6","22.2","4.7","24.1","3.9","21.5","5.3","26.5","6.1","7.0","2.2","8.0","3.3","6.1","2.5","16.5","4.1","13.4","4.7","19.2","6.2","9.6","3.0","11.4","3.7","8.1","3.8","80.1","4.1","77.9","5.2","82.1","4.8","26.1","5.3","24.8","6.3","27.3","6.5","748","225","430","162","318","109","80.1","11.6","73.7","15.3","88.7","10.5","15.9","7.2","8.1","6.5","26.4","12.9","966","176","340","79","626","144","78.8","9.8","74.7","14.1","81.0","12.2","34.2","11.6","23.5","13.4","39.9","14.2","1880","187","963","108","917","125","79.2","6.9","76.2","9.1","82.3","8.9","23.4","7.3","25.1","10.2","21.5","9.1","1174","146","514","97","660","93","82.8","8.0","86.8","8.3","79.7","9.5","30.4","10.2","38.9","13.1","23.8","10.6","17.5","9.9","13.1","9.7","22.4","12.6","9.6","6.9","4.5","4.6","14.5","10.9","5.1","3.2","1.7","2.0","7.8","4.7","9.3","9.5","2.7","2.5","14.7","16.5","37367","5350","41471","6536","30650","6127","19342","6010","22635","7535","15652","7160","43208","6130","45925","5944","29917","13620","36950","2646","39806","16208","32250","7396","71250","22000","51750","72380","71638","21967","72105","25778","76372","5478","51397","40949","7.7","(X)","(X)","(X)","(X)","(X)",
"1400000US06111000901","Census Tract 9.01, Ventura County, California","110","57","50","31","60","39","26.4","20.6","22.0","30.8","30.0","32.7","13.6","20.6","0.0","43.5","25.0","33.5","54.5","24.4","66.0","33.1","45.0","35.2","5.5","10.2","12.0","23.1","0.0","39.7","1923","233","909","125","1014","141","3.2","2.4","3.2","3.2","3.2","2.8","4.9","2.8","5.7","4.5","4.2","3.3","12.5","5.0","15.2","7.7","10.1","4.3","27.8","6.8","22.1","8.7","32.8","8.2","5.3","2.6","2.6","2.6","7.7","4.1","22.3","5.8","26.3","7.9","18.7","6.3","24.0","6.2","24.9","7.4","23.3","7.7","91.9","3.8","91.1","5.8","92.6","4.0","46.3","7.6","51.2","8.9","42.0","9.1","164","96","94","56","70","49","76.2","22.6","66.0","35.7","90.0","18.2","11.6","15.2","6.4","10.6","18.6","31.2","158","37","57","30","101","28","89.2","13.6","96.5","8.0","85.1","19.0","41.8","20.2","31.6","31.0","47.5","22.2","924","163","470","99","454","87","95.0","4.8","93.0","8.0","97.1","4.2","46.4","9.6","51.7","10.8","41.0","12.2","677","125","288","64","389","87","92.0","6.5","95.1","6.8","89.7","8.1","55.7","12.0","68.8","15.1","46.0","14.2","13.6","15.9","5.3","7.8","23.1","28.3","12.3","13.4","4.5","9.6","24.4","26.7","5.6","5.3","1.4","3.2","7.9","7.9","3.2","2.7","1.7","2.6","4.7","5.0","40536","10108","48000","24098","37639","8077","30385","27907","35417","43714","-","**","29141","10084","29922","47109","-","**","25250","12344","20156","5467","31736","11988","82583","35317","90208","40726","65833","21027","91250","51647","183295","159486","49306","44110","8.3","(X)","(X)","(X)","(X)","(X)",
"1400000US06111000902","Census Tract 9.02, Ventura County, California","73","41","51","31","22","24","2.7","7.5","3.9","10.9","0.0","65.6","50.7","28.9","60.8","35.5","27.3","42.4","46.6","29.7","35.3","36.2","72.7","42.4","0.0","35.8","0.0","43.1","0.0","65.6","1455","194","710","138","745","85","13.5","12.9","17.3","17.3","9.8","8.7","2.6","2.2","0.0","4.8","5.1","4.3","13.3","4.7","14.5","6.5","12.2","5.4","23.9","6.3","20.0","8.3","27.7","7.9","5.0","2.6","2.1","2.5","7.8","4.5","23.8","6.2","23.8","8.7","23.9","8.8","17.8","6.5","22.3","8.3","13.6","6.5","83.9","12.8","82.7","17.3","85.1","9.6","41.6","9.8","46.1","13.4","37.4","10.3","246","140","134","102","112","60","74.0","29.8","57.5","44.2","93.8","9.3","31.7","20.2","26.1","26.1","38.4","18.7","182","137","81","67","101","73","35.2","30.1","56.8","49.0","17.8","19.8","4.9","8.0","11.1","16.9","0.0","28.5","684","123","309","68","375","67","95.9","3.7","94.2","7.9","97.3","2.1","47.2","9.7","51.8","14.2","43.5","14.4","343","60","186","49","157","40","93.0","6.7","93.0","9.3","93.0","9.1","57.1","13.3","66.1","18.2","46.5","17.7","24.6","18.9","41.5","29.6","4.8","8.4","12.9","9.1","13.6","13.3","12.1","12.6","18.5","9.0","13.8","12.0","21.3","15.4","3.0","2.7","0.0","10.1","6.5","5.8","43266","26319","57750","27500","32222","13661","11765","12783","15286","28952","9120","66168","52969","26946","91786","84071","24792","22906","27716","9205","14844","14816","31250","14837","65991","21163","83417","28082","53229","22827","87000","27548","110625","40997","37344","73018","5.4","(X)","(X)","(X)","(X)","(X)",
"1400000US06111000903","Census Tract 9.03, Ventura County, California","514","168","162","105","352","122","12.6","11.6","24.1","19.5","7.4","12.0","43.2","16.9","45.1","17.9","42.3","24.7","43.4","21.9","30.9","27.9","49.1","26.8","0.8","2.6","0.0","19.3","1.1","3.7","3829","286","1896","206","1933","191","4.7","3.6","6.1","4.7","3.4","3.7","4.4","3.0","7.1","5.6","1.8","2.1","15.5","4.8","14.5","5.7","16.5","6.8","24.1","5.5","21.0","8.6","27.1","5.7","7.5","3.0","6.2","5.3","8.9","5.2","26.9","5.0","28.6","8.2","25.3","6.8","16.8","3.8","16.5","6.0","17.2","6.8","90.9","3.1","86.8","4.0","94.9","4.2","43.7","5.7","45.0","7.5","42.5","8.4","532","227","311","150","221","124","83.3","16.4","71.4","26.6","100.0","14.6","21.1","16.7","27.3","24.8","12.2","12.7","540","171","237","117","303","96","95.6","10.1","89.9","21.9","100.0","10.9","56.5","22.1","44.7","25.8","65.7","23.8","1857","264","974","197","883","147","89.7","5.9","88.6","6.2","90.8","8.4","46.5","7.2","47.1","9.3","45.9","11.4","900","158","374","77","526","127","95.0","4.9","92.8","9.0","96.6","5.5","43.8","10.6","54.5","16.6","36.1","13.1","28.3","27.9","34.6","35.7","13.1","31.2","7.4","7.4","8.7","10.9","6.2","9.1","8.8","7.2","4.5","6.1","12.0","11.2","8.4","5.8","1.4","2.2","15.6","11.8","37663","13523","41019","6384","24161","10615","11966","18724","11966","18724","-","**","24297","34267","53218","17310","13507","5165","23680","10340","37861","39408","23168","2174","41991","4767","41748","24711","43347","27291","94063","35518","128917","60591","76667","9743","2.6","(X)","(X)","(X)","(X)","(X)",
"1400000US06111001001","Census Tract 10.01, Ventura County, California","419","147","239","104","180","110","27.7","16.6","33.5","25.0","20.0","16.2","14.6","12.0","15.9","20.1","12.8","12.2","44.4","17.9","38.9","26.4","51.7","24.2","13.4","12.4","11.7","17.4","15.6","18.7","2023","247","973","157","1050","153","4.1","2.4","5.7","5.0","2.6","2.2","4.2","3.2","2.4","2.9","5.9","4.9","27.0","9.1","34.5","12.7","20.0","8.6","29.2","9.0","25.6","10.0","32.6","13.3","12.0","5.8","7.1","6.6","16.5","7.7","18.5","8.3","22.2","9.8","15.1","8.7","5.0","3.0","2.6","2.7","7.3","4.7","91.7","3.7","92.0","6.0","91.5","4.8","23.6","8.7","24.8","10.0","22.5","9.3","215","161","68","72","147","107","95.8","8.1","100.0","37.3","93.9","12.2","30.7","21.1","0.0","37.3","44.9","37.4","335","131","99","58","236","108","84.5","13.0","66.7","34.4","91.9","10.6","9.6","12.6","11.1","18.9","8.9","11.5","1082","200","608","130","474","116","95.9","3.5","98.8","2.3","92.2","6.8","28.7","10.5","33.6","14.9","22.6","11.1","391","106","198","81","193","75","84.1","9.7","80.8","17.9","87.6","12.6","17.4","12.7","13.1","12.3","21.8","17.3","11.3","14.2","23.6","30.8","0.0","34.0","23.7","19.0","29.0","22.6","15.2","22.3","6.3","4.7","4.8","7.1","7.2","7.3","5.7","6.4","5.5","8.3","6.0","9.3","31858","12553","41944","17140","24308","6133","20417","17631","7120","34920","21389","29931","31182","16735","52896","34267","26719","6408","25074","18943","24688","37620","25294","22535","43917","14531","65556","35946","12147","25597","12159","67709","-","**","10909","29797","5.4","(X)","(X)","(X)","(X)","(X)",
"1400000US06111001002","Census Tract 10.02, Ventura County, California","382","158","140","119","242","91","6.0","9.4","0.0","21.9","9.5","15.4","27.5","17.4","40.7","41.6","19.8","19.5","50.0","25.1","59.3","41.6","44.6","27.4","16.5","18.2","0.0","21.9","26.0","26.4","5185","408","2615","265","2570","259","2.7","2.0","1.8","1.7","3.7","2.8","10.9","4.7","15.8","8.0","6.0","3.6","20.8","5.4","21.1","7.4","20.4","7.5","29.8","4.7","29.0","6.7","30.5","7.1","6.2","2.7","4.7","3.2","7.8","4.0","18.0","4.3","19.5","5.7","16.5","6.4","11.6","3.3","8.0","4.1","15.3","4.9","86.4","5.3","82.4","8.1","90.4","5.1","29.6","5.3","27.5","7.0","31.7","8.0","705","256","475","213","230","116","65.0","18.1","63.8","24.5","67.4","29.2","18.9","13.5","5.1","7.3","47.4","29.3","874","255","425","135","449","166","83.0","13.4","77.9","19.3","87.8","11.8","26.8","11.7","23.5","12.3","29.8","16.1","2130","336","1122","225","1008","186","90.3","5.3","90.6","5.7","90.0","7.1","36.2","7.1","40.7","11.4","31.3","11.2","1476","180","593","145","883","158","93.0","5.9","85.3","13.1","98.2","3.7","26.8","8.9","23.4","11.2","29.1","11.1","19.1","14.6","16.3","13.8","24.3","24.0","16.7","10.8","17.9","15.1","15.5","14.0","7.2","4.2","10.4","6.5","4.4","4.2","10.0","7.4","11.9","11.0","8.3","7.9","31646","5255","37865","11042","29063","6559","28007","6455","24696","9664","28611","2870","27366","9830","25848","17269","31714","9187","21832","27651","40573","35469","20388","12489","44115","7384","71170","30652","9375","43488","46250","20859","98516","118624","37961","17867","3.4","(X)","(X)","(X)","(X)","(X)",
"1400000US06111001101","Census Tract 11.01, Ventura County, California","497","122","331","140","166","80","13.9","10.3","17.5","13.5","6.6","11.2","26.4","13.0","21.1","13.6","36.7","20.9","55.3","16.3","54.7","22.7","56.6","18.7","4.4","5.0","6.6","8.1","0.0","18.9","3288","235","1678","184","1610","125","5.0","2.5","7.6","4.5","2.4","2.2","5.0","2.1","5.8","3.2","4.1","2.5","24.3","4.7","25.5","6.4","23.0","6.1","31.9","5.2","30.8","8.1","33.1","7.4","12.9","3.7","6.4","4.7","19.6","7.4","12.7","4.7","15.9","7.2","9.4","4.9","8.2","3.3","7.9","4.1","8.4","3.7","90.0","3.1","86.6","5.3","93.5","3.3","20.9","5.7","23.8","8.2","17.8","6.2","542","198","284","126","258","99","91.5","7.4","88.4","12.2","95.0","7.2","22.9","17.5","27.5","30.8","17.8","12.8","459","111","255","64","204","74","85.8","9.6","83.5","13.8","88.7","12.5","20.5","12.2","20.8","14.5","20.1","14.7","1631","204","843","119","788","122","88.0","4.2","83.4","7.4","93.0","4.5","17.7","5.6","16.4","6.3","19.2","8.9","656","77","296","72","360","61","96.5","4.0","96.6","5.2","96.4","5.6","27.4","11.0","44.3","17.4","13.6","10.0","5.5","6.2","3.6","5.3","9.6","14.5","15.4","7.3","12.9","8.6","18.3","11.1","10.0","5.2","9.9","10.8","10.0","5.0","3.5","3.8","6.0","6.4","0.0","11.5","34446","4168","40412","6698","26900","8833","34375","12240","41000","6587","10139","6613","16360","10887","27917","17049","6897","2002","34912","8889","42109","16050","33188","5144","49167","30902","49028","30915","67578","106410","64821","20977","81136","77661","63036","12869","1.8","(X)","(X)","(X)","(X)","(X)",
"1400000US06111001102","Census Tract 11.02, Ventura County, California","243","87","187","85","56","42","4.5","7.5","0.0","17.0","19.6","28.4","20.6","12.6","12.8","14.3","46.4","39.4","74.9","12.6","87.2","14.3","33.9","40.9","0.0","13.4","0.0","17.0","0.0","41.1","2811","212","1369","153","1442","149","2.8","1.6","3.3","2.3","2.3","1.7","7.3","3.9","6.6","4.8","7.9","5.3","19.6","4.4","27.7","7.6","11.9","4.2","33.5","6.3","31.6","8.4","35.4","8.3","9.4","3.3","4.8","3.7","13.7","5.4","18.0","4.7","15.8","6.1","20.2","6.7","9.4","3.0","10.2","4.7","8.6","3.7","89.9","4.4","90.1","5.5","89.8","5.6","27.4","5.4","26.0","7.1","28.8","7.2","508","177","209","118","299","120","87.4","8.2","85.6","14.1","88.6","8.2","7.3","5.8","4.8","8.7","9.0","7.9","353","107","199","71","154","52","90.4","9.0","82.9","14.8","100.0","20.2","38.2","14.4","28.6","15.7","50.6","25.6","1283","148","650","91","633","101","91.0","6.2","90.8","7.8","91.3","9.0","33.4","8.3","28.9","10.0","38.1","11.6","667","99","311","55","356","77","89.5","8.1","96.1","6.4","83.7","14.2","25.5","10.2","32.5","14.5","19.4","12.5","26.5","19.8","30.9","24.7","22.4","31.9","13.4","11.5","11.9","13.9","16.9","18.6","4.2","3.6","4.6","5.2","4.0","4.7","6.7","6.6","2.8","4.3","10.1","11.1","37260","6159","50542","12734","26813","11120","9688","13670","15714","12892","-","**","43462","28790","43846","48347","41389","43099","35846","4996","44698","16289","21743","14453","50375","28312","106000","30573","28281","16782","54917","19289","75000","16954","52750","39595","4.4","(X)","(X)","(X)","(X)","(X)",
"1400000US06111001201","Census Tract 12.01, Ventura County, California","335","111","173","90","162","69","6.6","6.8","6.9","9.9","6.2","9.5","32.8","16.3","26.6","18.9","39.5","23.1","60.6","17.4","66.5","21.5","54.3","24.4","0.0","9.9","0.0","18.2","0.0","19.3","2953","180","1375","143","1578","118","2.4","1.4","1.5","1.4","3.2","2.3","6.2","2.6","6.0","4.3","6.4","3.8","21.7","5.3","22.0","7.9","21.5","6.6","32.6","5.1","28.9","8.7","35.9","7.7","9.8","3.4","12.6","5.7","7.4","3.7","19.4","4.4","22.7","7.4","16.5","4.7","7.9","3.2","6.3","4.8","9.2","4.2","91.4","2.9","92.5","4.6","90.4","4.2","27.2","5.0","29.0","9.2","25.7","5.0","442","167","222","101","220","87","89.1","10.2","78.4","18.5","100.0","14.7","26.0","14.1","14.0","12.6","38.2","19.8","480","103","220","64","260","58","95.6","4.2","96.8","5.2","94.6","6.0","25.6","9.8","9.1","9.9","39.6","15.2","1162","129","555","84","607","74","91.0","4.9","96.6","4.4","86.0","9.4","23.4","8.6","30.8","15.0","16.6","9.4","869","100","378","101","491","62","90.7","4.9","92.3","6.3","89.4","7.5","33.8","9.7","46.8","17.2","23.8","10.9","17.8","14.0","38.2","30.7","4.0","6.8","9.7","7.1","13.5","11.4","6.2","9.2","9.4","6.1","9.8","8.6","9.1","6.4","0.5","1.1","0.0","8.4","1.0","2.3","39284","3342","50357","8668","35809","9662","21824","1352","-","**","22708","5306","21822","3324","21086","13943","23050","10862","41351","4958","51333","15328","37457","5565","50887","19733","78309","43663","42868","28375","103621","71548","135399","100575","62212","91050","3.3","(X)","(X)","(X)","(X)","(X)",
"1400000US06111001202","Census Tract 12.02, Ventura County, California","386","125","215","91","171","101","3.9","6.7","7.0","12.3","0.0","18.4","14.0","13.3","12.6","16.2","15.8","22.8","68.7","17.6","72.6","20.9","63.7","30.3","13.5","13.1","7.9","12.1","20.5","18.6","4762","281","2252","225","2510","202","2.5","1.6","1.3","1.4","3.5","2.6","4.1","2.2","1.9","1.9","6.0","3.6","17.7","5.4","19.1","7.4","16.4","5.5","29.6","5.7","32.6","9.6","26.9","6.8","10.2","3.1","6.5","3.4","13.5","5.4","21.7","4.2","24.8","5.8","18.8","5.3","14.3","3.6","13.7","5.6","14.8","4.6","93.5","2.9","96.8","2.5","90.5","4.6","36.0","6.0","38.5","8.1","33.7","6.6","526","231","231","193","295","109","97.3","4.6","93.9","14.0","100.0","11.2","21.3","18.7","15.6","26.0","25.8","20.8","860","160","454","131","406","96","90.0","7.7","90.7","9.6","89.2","10.6","32.8","14.2","25.1","13.9","41.4","17.8","2171","144","1028","123","1143","87","94.4","4.1","99.5","1.1","89.9","7.6","45.2","8.0","49.9","11.4","41.0","9.2","1205","189","539","133","666","135","92.5","6.1","97.8","3.7","88.3","9.2","27.9","11.3","37.8","15.1","19.8","11.3","17.7","17.8","16.4","23.9","18.1","20.6","3.7","4.5","0.0","7.8","7.5","8.6","5.2","3.8","3.5","4.8","6.7","4.3","2.9","2.5","4.3","4.6","1.4","2.3","52128","9878","62679","17001","34099","9326","33085","3385","69038","57421","32762","5563","25703","10133","33750","14463","21619","20819","47699","16727","61556","26635","32719","7020","57721","12334","53977","22443","59706","26190","76924","3292","100083","33751","74712","11172","3.4","(X)","(X)","(X)","(X)","(X)",
"1400000US06111001204","Census Tract 12.04, Ventura County, California","286","82","130","42","156","57","14.0","11.1","20.8","20.6","8.3","9.0","27.3","11.0","49.2","22.1","9.0","7.6","52.1","11.9","30.0","19.1","70.5","16.6","6.6","7.1","0.0","23.3","12.2","12.6","1674","141","759","109","915","97","7.6","4.2","6.9","4.8","8.2","5.7","10.9","4.2","13.0","7.9","9.1","3.8","27.2","6.1","36.2","11.5","19.8","6.1","23.1","6.5","16.7","6.5","28.3","9.0","6.0","3.2","3.8","3.2","7.8","4.9","18.4","5.5","12.3","5.6","23.5","9.0","6.9","3.8","11.1","8.0","3.4","2.4","81.5","5.5","80.1","8.7","82.7","6.9","25.3","7.9","23.3","9.4","26.9","9.1","292","114","165","81","127","59","84.2","12.4","80.6","19.2","89.0","17.3","32.2","18.8","25.5","17.8","40.9","30.7","299","101","154","56","145","59","64.9","13.2","61.0","20.1","69.0","19.3","19.4","13.9","11.7","12.6","27.6","18.1","834","128","326","70","508","91","88.0","7.7","88.7","9.2","87.6","9.9","28.5","12.0","29.1","16.6","28.1","12.9","249","59","114","33","135","41","76.7","12.6","80.7","16.0","73.3","14.8","13.3","8.4","19.3","13.3","8.1","9.1","30.4","19.7","19.2","19.4","41.1","22.7","25.0","12.0","18.2","13.9","35.4","18.1","9.9","6.7","14.7","11.6","7.6","8.4","1.7","2.2","0.0","17.8","2.8","3.8","35189","5922","36888","4480","32111","5174","21477","15289","21818","23408","17083","24608","31957","1561","31891","6316","32042","1586","40298","12211","38438","31998","40595","12505","38636","9703","55500","39585","32407","17348","215321","214216","215865","151323","91750","34729","0.8","(X)","(X)","(X)","(X)","(X)",
"1400000US06111001206","Census Tract 12.06, Ventura County, California","45","42","0","12","45","42","0.0","45.9","-","**","0.0","45.9","75.6","37.0","-","**","75.6","37.0","24.4","37.0","-","**","24.4","37.0","0.0","45.9","-","**","0.0","45.9","703","132","363","72","340","84","2.6","3.0","3.9","4.9","1.2","1.9","4.8","3.9","8.0","7.0","1.5","2.3","13.9","5.6","20.1","8.2","7.4","6.7","28.7","6.8","23.4","10.5","34.4","12.8","2.8","2.2","1.9","2.6","3.8","3.4","24.2","6.1","22.9","8.6","25.6","10.3","22.9","8.8","19.8","10.6","26.2","13.1","92.6","4.8","88.2","8.4","97.4","3.0","47.1","9.9","42.7","14.0","51.8","14.2","63","39","27","22","36","37","65.1","31.7","33.3","41.4","88.9","24.3","52.4","37.2","18.5","30.2","77.8","36.9","83","36","32","24","51","18","95.2","7.9","87.5","23.7","100.0","43.1","14.5","14.8","0.0","54.4","23.5","21.4","346","93","203","52","143","50","95.7","5.2","95.1","8.1","96.5","5.4","45.1","13.7","39.9","22.3","52.4","24.2","211","67","101","43","110","42","94.8","7.0","89.1","14.9","100.0","26.7","61.6","16.9","68.3","17.7","55.5","25.0","34.6","31.9","20.9","28.8","100.0","100.0","0.0","29.2","0.0","35.8","0.0","61.6","2.3","3.8","0.0","30.6","3.8","6.1","1.8","3.2","0.0","20.1","3.4","6.3","39390","8936","39375","32830","39400","10750","21750","18229","21750","18229","-","**","28413","2406","28702","20803","-","**","39482","3536","39097","12103","39783","6906","61289","14096","62105","40080","60096","73173","91071","99199","133287","73519","27679","41874","6.4","(X)","(X)","(X)","(X)","(X)",
"1400000US06111001301","Census Tract 13.01, Ventura County, California","1188","344","629","213","559","204","4.5","4.7","6.0","8.0","2.7","4.6","46.0","22.1","43.4","25.9","49.0","22.5","44.5","19.4","50.6","23.7","37.7","19.1","5.0","4.3","0.0","5.4","10.6","9.2","5169","393","2541","254","2628","270","4.0","1.9","4.0","2.4","4.0","2.9","8.9","3.2","8.9","4.7","9.0","4.5","20.0","4.3","23.4","5.8","16.6","5.3","29.6","5.5","27.7","7.5","31.5","6.7","8.1","2.7","8.5","4.0","7.7","3.5","19.5","3.9","19.4","5.5","19.6","6.2","9.9","3.1","8.2","3.7","11.6","4.6","87.1","3.7","87.1","4.8","87.1","5.5","29.4","4.5","27.5","6.1","31.2","6.2","1217","318","531","171","686","194","93.7","5.9","88.7","13.6","97.5","4.2","33.4","11.0","25.2","15.2","39.8","15.8","1045","191","634","139","411","164","89.5","8.4","97.6","3.8","76.9","19.7","29.7","10.4","25.9","14.2","35.5","18.5","2045","214","954","136","1091","143","88.4","6.6","86.2","8.4","90.4","6.8","31.0","7.6","30.7","10.3","31.3","9.5","862","142","422","105","440","106","71.8","11.3","71.6","16.0","72.0","15.7","19.7","8.0","25.8","13.1","13.9","12.1","8.4","7.8","7.3","8.1","9.4","10.5","3.0","4.9","2.5","4.4","3.7","5.8","9.8","5.6","11.4","8.5","8.3","7.3","4.9","3.2","5.0","4.8","4.8","4.2","46140","6886","53510","8237","39138","3615","23125","13802","24602","48203","16452","12086","34792","8844","30404","17095","46786","16090","45429","10710","53458","13396","38897","3924","59333","14141","62083","14995","50160","32315","65167","20688","103589","20859","42406","20847","3.5","(X)","(X)","(X)","(X)","(X)",
"1400000US06111001302","Census Tract 13.02, Ventura County, California","42","36","28","32","14","20","47.6","44.8","64.3","48.6","14.3","45.8","14.3","25.4","21.4","36.9","0.0","82.3","38.1","41.8","14.3","28.5","85.7","55.3","0.0","47.5","0.0","58.2","0.0","82.3","1389","186","702","158","687","103","14.7","7.6","12.3","8.2","17.2","10.1","9.9","4.2","14.5","8.1","5.1","4.4","27.9","6.9","26.6","9.3","29.3","10.1","23.9","6.8","20.2","10.0","27.7","8.8","6.3","2.5","5.6","4.0","7.0","4.7","14.0","5.4","16.1","5.4","11.9","7.9","3.3","3.4","4.7","4.6","1.9","2.7","75.4","8.3","73.2","11.5","77.7","10.4","17.4","6.1","20.8","7.1","13.8","8.1","195","85","67","51","128","50","57.9","23.8","44.8","35.6","64.8","27.6","16.9","19.4","9.0","16.8","21.1","25.4","324","96","212","72","112","42","82.1","12.6","76.4","17.1","92.9","11.4","34.3","14.5","38.7","17.5","25.9","24.0","333","141","202","135","131","55","74.8","20.1","77.2","25.9","71.0","26.7","9.3","8.8","9.4","13.9","9.2","11.3","537","87","221","62","316","56","78.2","9.9","75.1","13.6","80.4","11.7","12.3","6.4","17.6","10.9","8.5","8.0","51.9","22.0","48.4","21.0","56.2","32.5","14.7","10.6","2.1","5.1","26.4","16.9","3.6","4.0","0.0","17.5","6.3","6.9","3.3","5.1","0.0","21.1","8.4","13.2","22431","6264","27250","13806","19375","8271","19063","4837","20188","8554","18333","10705","20625","14716","28750","24482","11597","1787","30625","12437","41250","9889","24375","10563","21948","38065","22372","39495","14676","79518","101458","5487","-","**","-","**","6.3","(X)","(X)","(X)","(X)","(X)",
"1400000US06111001401","Census Tract 14.01, Ventura County, California","441","138","220","102","221","89","11.1","10.8","22.3","19.9","0.0","14.6","13.8","9.3","4.5","7.6","23.1","17.1","63.7","18.6","69.5","21.7","57.9","24.8","11.3","15.0","3.6","5.4","19.0","25.3","2860","208","1385","169","1475","116","1.0","1.0","1.1","1.5","0.9","1.4","9.0","5.0","5.6","5.6","12.1","6.0","18.3","4.2","21.4","7.0","15.4","4.8","26.7","5.7","27.4","8.4","26.1","6.2","11.6","4.2","9.3","4.6","13.8","6.0","20.2","5.8","24.3","9.0","16.3","6.0","13.2","4.2","10.9","5.3","15.3","5.9","90.0","5.1","93.3","5.6","87.0","6.6","33.4","6.6","35.2","9.6","31.7","6.8","412","183","242","120","170","81","87.6","12.7","97.1","6.2","74.1","26.5","27.2","20.1","25.2","21.7","30.0","22.9","529","92","230","62","299","61","90.9","7.2","100.0","14.1","83.9","12.6","30.2","12.1","21.3","16.7","37.1","15.7","1333","130","698","91","635","71","91.0","6.4","90.7","10.7","91.3","8.0","37.3","9.2","40.8","12.6","33.4","10.4","586","53","215","62","371","76","88.7","8.2","90.2","11.0","87.9","10.1","31.7","11.8","43.3","22.1","25.1","13.4","38.6","14.2","16.1","27.9","49.5","22.8","15.7","13.0","23.0","19.0","6.2","10.4","4.7","3.2","6.9","6.5","2.9","3.3","1.3","2.0","2.5","3.9","0.0","7.2","50625","10432","54836","15901","41250","5450","15919","1137","-","**","2,500-","***","24074","13704","34583","18177","20855","13213","42793","6788","51250","19600","37574","7453","76550","15704","73362","21311","84471","13753","75960","5870","77065","21148","68125","39073","5.0","(X)","(X)","(X)","(X)","(X)",
"1400000US06111001402","Census Tract 14.02, Ventura County, California","667","188","322","174","345","126","12.1","9.5","19.9","18.4","4.9","7.8","15.1","10.7","12.1","12.4","18.0","16.8","61.6","19.2","68.0","25.6","55.7","26.7","11.1","14.8","0.0","10.3","21.4","25.6","3979","229","1784","185","2195","192","1.8","1.8","0.2","0.3","3.1","3.3","6.3","3.8","6.4","6.0","6.1","3.8","17.6","4.6","16.6","5.7","18.5","5.4","29.3","5.2","33.3","8.1","26.0","6.6","12.5","4.5","12.4","6.4","12.5","4.4","16.9","3.9","13.7","5.0","19.5","5.8","15.7","4.3","17.3","6.6","14.4","5.7","92.0","4.2","93.3","6.0","90.8","4.6","32.5","5.3","30.9","8.4","33.8","6.8","602","185","368","136","234","121","99.7","0.9","99.7","0.7","99.6","1.3","45.7","17.6","35.9","24.5","61.1","25.1","720","177","236","94","484","113","93.5","9.5","89.8","28.6","95.2","6.7","26.5","13.3","5.9","10.7","36.6","19.2","1938","191","861","115","1077","141","94.9","4.1","96.5","4.4","93.7","6.5","34.6","6.8","36.5","10.4","33.1","9.8","719","134","319","79","400","94","75.9","13.7","79.9","17.5","72.8","15.6","22.1","11.0","28.8","16.2","16.8","11.0","25.9","20.8","24.4","33.5","26.9","25.2","15.2","13.3","15.5","18.6","15.1","16.3","2.5","2.3","3.7","3.9","1.3","2.1","7.2","6.0","6.5","7.0","7.7","6.8","43793","4698","51540","18179","34221","12014","8438","4331","7083","4192","-","**","34850","30307","57014","59001","33177","24817","38405","12158","42383","11064","25694","10805","47067","17781","86151","2919","44232","1947","60217","22150","116290","101353","39722","43574","4.1","(X)","(X)","(X)","(X)","(X)",
"1400000US06111001502","Census Tract 15.02, Ventura County, California","812","272","523","253","289","130","0.0","4.2","0.0","6.5","0.0","11.4","23.0","9.9","28.3","16.3","13.5","13.8","61.8","15.4","64.8","23.2","56.4","22.6","15.1","12.5","6.9","12.4","30.1","20.1","6005","448","2768","327","3237","331","3.8","2.5","4.5","3.1","3.2","2.4","4.6","2.2","5.5","3.9","4.0","1.6","18.5","4.3","19.8","5.8","17.4","5.0","31.5","5.5","28.2","7.3","34.4","7.3","10.9","4.6","9.8","4.5","11.9","6.1","18.4","5.2","17.7","6.2","19.0","6.8","12.2","3.2","14.6","5.4","10.2","4.3","91.6","2.6","90.0","4.2","92.9","2.5","30.6","5.8","32.3","7.3","29.2","7.3","1353","374","648","239","705","236","95.3","6.2","92.6","11.7","97.7","3.8","30.8","15.1","22.2","16.3","38.7","18.8","1597","302","775","190","822","217","94.5","5.2","92.0","9.4","96.8","5.3","33.1","10.6","40.5","14.7","26.0","12.3","2133","282","1037","159","1096","208","96.1","2.9","94.0","5.6","98.0","2.4","35.6","8.0","35.7","10.2","35.6","11.1","922","190","308","103","614","139","70.6","10.9","66.2","17.5","72.8","10.6","14.5","7.9","21.4","15.0","11.1","9.1","13.2","16.1","20.4","30.4","4.9","7.8","8.7","7.4","12.2","12.8","5.1","6.2","8.9","5.2","5.2","6.7","11.7","6.8","4.1","4.8","6.8","8.0","1.5","2.6","44760","4033","49410","9752","39641","7435","29519","8489","37583","21096","-","**","31069","8166","32480","8037","19375","25576","38118","9093","45625","7809","32195","7476","54732","19823","66452","22196","43829","13528","81544","19269","101985","23707","68226","14334","3.3","(X)","(X)","(X)","(X)","(X)",
"1400000US06111001503","Census Tract 15.03, Ventura County, California","450","104","273","86","177","80","29.8","11.0","47.6","16.2","2.3","4.2","6.4","5.6","10.6","8.8","0.0","17.8","63.8","12.0","41.8","16.6","97.7","4.2","0.0","7.5","0.0","12.0","0.0","17.8","3488","224","1976","226","1512","144","4.2","1.7","5.3","2.6","2.7","2.1","11.0","2.4","12.7","3.3","8.9","3.9","21.4","4.3","23.8","6.1","18.3","6.6","29.5","4.3","30.4","5.7","28.2","6.5","12.5","3.4","9.5","4.6","16.5","4.9","17.9","4.2","14.8","4.7","21.8","6.1","3.5","1.7","3.4","2.3","3.6","2.2","84.8","3.1","82.0","4.0","88.4","4.4","21.3","4.6","18.2","5.3","25.4","6.2","858","200","573","158","285","97","84.0","7.1","81.7","9.3","88.8","10.3","21.2","8.0","16.2","10.2","31.2","14.2","826","145","533","103","293","80","81.6","7.6","74.1","10.6","95.2","6.2","26.4","12.1","22.1","11.5","34.1","19.2","1120","144","634","114","486","97","87.4","4.8","84.4","7.0","91.4","6.7","14.0","5.6","13.7","7.0","14.4","7.6","684","82","236","68","448","76","85.2","8.8","94.1","7.2","80.6","11.4","27.3","11.5","26.3","15.1","27.9","13.3","15.1","12.3","12.8","19.5","16.2","15.1","11.3","8.1","11.8","9.7","10.8","12.1","7.3","4.7","5.4","4.6","9.3","6.5","2.3","2.7","2.5","4.1","2.1","3.5","36973","3247","36946","4754","37120","10460","16750","5898","16813","6108","-","**","30313","15665","43269","17052","13600","12120","37466","5461","37222","8514","38580","14937","49605","9244","60694","30659","42383","11754","52656","89778","12266","83061","53594","70512","3.7","(X)","(X)","(X)","(X)","(X)",
"1400000US06111001506","Census Tract 15.06, Ventura County, California","421","148","304","121","117","65","18.8","12.6","11.8","14.0","36.8","29.2","13.8","9.4","17.1","12.3","5.1","8.5","58.4","15.8","62.8","18.8","47.0","29.8","9.0","9.1","8.2","10.0","11.1","17.8","3590","263","1685","162","1905","201","2.5","2.5","2.6","2.7","2.4","2.5","5.2","3.3","8.0","5.7","2.8","2.1","16.9","3.7","15.4","4.5","18.3","5.3","35.5","5.6","36.1","6.7","35.1","7.3","7.5","2.7","9.3","4.1","5.9","3.4","18.9","4.2","17.4","5.5","20.2","4.8","13.4","3.6","11.2","4.1","15.3","4.6","92.3","3.4","89.4","5.6","94.8","2.7","32.3","5.2","28.6","6.4","35.5","5.8","615","206","272","115","343","140","88.1","10.8","77.2","21.9","96.8","5.0","19.2","9.5","9.9","10.9","26.5","14.0","828","147","419","91","409","83","96.6","3.1","94.3","6.2","99.0","1.3","24.3","9.8","14.3","8.6","34.5","14.4","1509","139","708","99","801","78","91.2","6.2","90.4","7.3","91.9","5.6","39.6","9.5","38.4","11.3","40.6","10.9","638","71","286","54","352","66","93.3","5.2","91.6","8.9","94.6","6.0","38.1","10.2","43.0","13.5","34.1","14.0","3.3","5.0","3.9","7.1","2.1","4.9","4.6","4.8","5.8","8.6","3.8","5.5","7.4","6.5","9.2","7.6","5.8","6.3","5.2","4.0","5.0","7.3","5.3","4.7","49153","8012","51719","8829","43026","10806","34471","10751","43156","19194","32069","2662","49188","12250","48942","26331","49643","37375","40639","8822","49150","11770","30714","14714","62115","5200","63846","20386","61200","21034","69471","10712","66544","16854","75000","10119","3.5","(X)","(X)","(X)","(X)","(X)",
"1400000US06111001507","Census Tract 15.07, Ventura County, California","670","217","342","152","328","135","12.8","11.6","4.1","7.4","22.0","21.2","25.2","13.7","38.0","30.9","11.9","11.7","59.1","13.8","57.9","31.2","60.4","24.6","2.8","3.4","0.0","9.7","5.8","7.0","2897","282","1501","219","1396","125","7.0","3.1","8.0","5.0","6.0","3.8","9.0","4.8","11.2","5.8","6.7","4.7","23.3","5.1","25.6","7.1","20.8","7.5","28.3","5.9","23.5","8.2","33.5","8.0","7.3","2.6","5.2","3.2","9.5","3.8","16.6","4.1","19.5","6.4","13.5","5.1","8.4","3.6","7.1","4.1","9.9","5.5","83.9","6.8","80.8","9.0","87.3","5.8","25.0","6.0","26.5","7.5","23.4","6.6","584","212","332","169","252","113","73.5","21.2","59.6","30.6","91.7","9.1","26.0","13.6","19.3","13.2","34.9","22.3","506","141","308","150","198","60","85.8","9.8","83.4","15.9","89.4","10.2","17.6","12.3","19.5","19.3","14.6","14.2","1260","152","592","107","668","88","89.3","6.3","94.3","5.2","84.9","10.3","24.1","7.5","26.7","11.4","21.9","8.5","547","114","269","67","278","63","81.2","8.1","74.3","15.4","87.8","11.0","32.9","10.7","43.1","15.1","23.0","13.0","24.1","18.1","27.4","26.9","18.6","16.9","6.8","5.3","3.4","4.8","11.3","10.2","7.2","5.4","3.2","4.8","10.0","8.7","1.1","1.7","2.0","3.2","0.0","10.1","41071","14161","51985","21331","35368","14433","21939","4108","25750","10632","15500","9983","50116","18205","39302","24809","51129","7691","36346","14398","63726","12602","26944","16436","67917","20201","67978","27455","67656","49878","51923","23068","51442","18637","60231","72852","6.0","(X)","(X)","(X)","(X)","(X)",
"1400000US06111001601","Census Tract 16.01, Ventura County, California","161","57","52","35","109","47","16.8","23.4","26.9","34.9","11.9","18.3","15.5","11.8","3.8","13.0","21.1","16.4","67.7","26.0","69.2","36.3","67.0","26.3","0.0","19.4","0.0","42.7","0.0","26.9","680","93","336","73","344","61","8.1","3.9","8.0","8.5","8.1","7.8","4.9","4.3","4.5","7.0","5.2","6.1","23.5","10.4","14.9","9.6","32.0","13.5","21.9","7.8","30.4","12.7","13.7","8.0","7.8","4.3","7.7","5.4","7.8","6.1","25.4","10.8","25.0","11.1","25.9","12.4","8.4","5.9","9.5","7.1","7.3","7.4","87.1","6.0","87.5","6.2","86.6","9.7","33.8","10.8","34.5","11.3","33.1","13.4","172","79","89","54","83","42","82.0","19.4","77.5","29.7","86.7","21.5","53.5","23.2","40.4","30.3","67.5","25.5","185","58","96","43","89","36","76.8","22.7","84.4","22.9","68.5","26.9","25.9","14.9","41.7","23.8","9.0","13.2","194","84","99","58","95","42","92.8","9.7","92.9","10.0","92.6","10.3","19.1","16.3","24.2","20.5","13.7","15.8","129","53","52","29","77","35","100.0","23.5","100.0","42.7","100.0","34.6","41.1","17.6","30.8","25.4","48.1","28.2","0.0","31.6","0.0","47.5","0.0","45.4","6.3","10.0","0.0","43.5","9.1","14.2","0.0","15.9","0.0","23.6","0.0","35.5","2.2","3.6","0.0","25.6","4.4","7.2","36667","22971","32222","27557","40417","35566","27857","9245","29000","479","17917","22832","24500","43629","22583","15008","57917","39362","53750","17953","58077","29855","51806","30403","48000","32040","44375","71715","48500","45414","51750","98160","51750","98160","-","**","2.2","(X)","(X)","(X)","(X)","(X)",
"1400000US06111001602","Census Tract 16.02, Ventura County, California","116","52","66","45","50","29","5.2","8.0","9.1","14.4","0.0","43.5","26.7","22.3","25.8","25.4","28.0","27.1","60.3","25.3","57.6","37.2","64.0","30.2","7.8","9.3","7.6","13.7","8.0","17.3","1728","143","773","109","955","100","0.5","0.6","1.0","1.3","0.0","3.6","3.2","2.3","3.8","3.7","2.8","2.8","19.4","5.3","15.5","8.2","22.5","6.5","32.3","8.0","38.0","9.5","27.6","9.0","8.8","4.2","9.4","7.1","8.3","4.2","21.4","5.4","11.6","4.9","29.3","7.6","14.4","3.7","20.6","6.5","9.4","4.4","96.3","2.3","95.2","3.8","97.2","2.8","35.8","6.6","32.2","8.3","38.7","8.2","208","81","47","30","161","71","100.0","15.4","100.0","44.9","100.0","19.4","46.2","22.2","38.3","32.1","48.4","26.6","292","64","183","51","109","52","100.0","11.3","100.0","17.3","100.0","26.9","44.5","22.3","30.1","23.7","68.8","23.3","684","109","352","69","332","69","95.3","4.7","92.3","8.8","98.5","2.8","33.6","11.4","29.0","12.9","38.6","14.9","544","109","191","62","353","85","94.1","5.0","94.8","6.6","93.8","7.0","30.0","10.3","38.7","14.0","25.2","13.9","14.8","18.4","21.6","28.6","0.0","74.6","6.3","7.0","0.0","24.9","9.8","10.2","1.0","1.4","0.3","1.0","1.8","2.6","0.8","1.2","0.0","13.1","1.4","2.0","43646","16530","66836","22995","26458","7794","-","**","-","**","-","**","31250","24264","39167","48243","18587","7061","36061","7488","57188","29537","22000","7483","50845","6947","83750","28056","50227","40599","82857","7858","92813","69063","57708","23354","2.1","(X)","(X)","(X)","(X)","(X)",
"1400000US06111001700","Census Tract 17, Ventura County, California","228","78","165","69","63","28","16.2","13.9","22.4","19.5","0.0","38.8","32.9","22.3","26.1","17.6","50.8","47.4","44.3","19.9","42.4","16.0","49.2","47.4","6.6","10.6","9.1","15.1","0.0","38.8","2754","145","1379","111","1375","108","1.4","1.2","2.2","2.3","0.7","1.1","1.5","1.3","1.1","1.5","1.8","2.1","12.4","3.9","11.5","5.1","13.3","6.0","16.8","4.4","17.9","5.7","15.7","5.3","8.5","3.1","9.2","4.4","7.7","3.7","31.8","4.9","24.8","6.1","38.8","7.3","27.7","5.2","33.3","7.1","22.0","6.3","97.1","2.0","96.7","3.2","97.5","2.4","59.4","5.6","58.1","7.7","60.8","6.7","141","90","68","49","73","45","100.0","21.8","100.0","37.3","100.0","35.8","7.1","17.4","7.4","18.5","6.8","16.8","293","84","101","42","192","60","100.0","11.2","100.0","28.5","100.0","16.6","68.9","20.8","75.2","23.5","65.6","24.0","1390","116","715","75","675","61","95.2","3.4","95.4","4.7","95.0","5.0","65.0","7.7","62.1","12.3","68.0","8.2","930","113","495","76","435","103","98.7","1.8","97.6","3.3","100.0","7.7","56.1","8.1","55.8","10.8","56.6","11.5","11.4","21.9","0.0","45.9","26.5","40.4","8.2","8.4","0.0","19.6","15.3","15.1","5.3","6.2","9.9","11.3","0.0","10.3","2.0","1.7","1.6","2.2","2.4","2.6","53182","17845","77100","14670","37206","11408","-","**","-","**","-","**","41250","22630","45536","29021","33750","26750","32455","23787","50469","63332","31727","5472","47281","14639","47209","33246","47500","18525","85682","10822","110543","23296","44167","21545","2.9","(X)","(X)","(X)","(X)","(X)",
"1400000US06111001800","Census Tract 18, Ventura County, California","299","103","161","73","138","62","15.1","12.7","28.0","22.5","0.0","22.2","62.5","18.0","47.8","25.3","79.7","22.7","14.4","14.1","14.9","21.4","13.8","20.2","8.0","8.6","9.3","13.3","6.5","10.1","3200","232","1518","140","1682","135","1.3","1.0","1.4","1.6","1.3","1.2","2.1","1.5","1.4","1.5","2.8","2.6","10.6","2.9","6.8","3.6","14.1","4.5","21.9","4.2","18.8","6.8","24.7","5.0","7.2","2.7","8.6","3.6","5.9","3.0","31.2","5.1","37.4","7.7","25.6","5.5","25.7","5.5","25.8","5.8","25.6","7.1","96.5","1.6","97.2","2.1","95.9","2.6","56.8","6.1","63.1","7.6","51.2","7.2","293","164","161","107","132","68","100.0","11.2","100.0","19.4","100.0","23.0","60.4","15.6","47.2","19.4","76.5","21.4","495","126","219","72","276","68","98.4","3.2","99.1","3.1","97.8","5.0","77.2","12.1","89.0","12.4","67.8","19.9","1486","144","758","88","728","82","98.5","1.8","98.0","2.6","98.9","2.0","55.2","8.6","57.1","10.0","53.2","10.9","926","119","380","59","546","112","91.4","5.1","93.4","6.6","89.9","7.7","47.5","9.9","66.8","13.2","34.1","11.4","8.5","11.3","7.1","17.9","9.4","21.5","9.2","9.4","0.0","28.1","13.5","13.3","4.3","3.7","2.9","3.7","5.5","4.4","1.5","1.5","2.3","2.6","0.7","1.1","51053","5038","64537","16915","45116","4073","30139","45102","-","**","-","**","17075","11425","16369","16141","20179","28732","42750","10647","54318","25417","39063","6206","52097","7898","78295","21706","43085","7526","74076","9682","75208","35400","73967","7235","3.6","(X)","(X)","(X)","(X)","(X)",
"1400000US06111001900","Census Tract 19, Ventura County, California","307","140","126","56","181","119","5.9","8.4","5.6","15.1","6.1","10.5","28.0","13.5","22.2","19.7","32.0","16.4","53.4","16.2","50.0","25.3","55.8","16.9","12.7","11.9","22.2","21.4","6.1","10.0","2732","204","1128","150","1604","169","2.7","2.5","2.0","2.1","3.3","3.6","2.9","1.9","4.4","3.0","1.8","1.9","10.8","5.1","7.1","5.4","13.4","6.3","32.4","6.5","36.8","8.5","29.2","8.3","7.9","2.9","6.0","3.5","9.3","3.9","27.3","5.4","25.9","8.0","28.3","6.6","16.0","3.6","17.8","5.6","14.7","4.7","94.4","2.8","93.6","3.3","94.9","3.4","43.3","5.8","43.7","8.1","43.0","6.7","412","127","133","72","279","94","97.8","3.4","93.2","11.4","100.0","11.8","36.7","13.8","10.5","16.0","49.1","15.4","542","120","234","75","308","87","97.4","4.2","94.0","9.4","100.0","10.7","44.8","12.5","51.3","15.9","39.9","18.7","1117","190","461","110","656","147","96.8","4.2","98.0","3.0","95.9","6.6","47.2","11.1","53.4","13.7","42.8","12.0","661","151","300","87","361","103","85.6","8.3","86.7","10.1","84.8","10.1","39.5","12.5","37.7","15.9","41.0","17.7","34.7","27.1","12.5","18.5","56.9","38.2","0.3","4.0","0.0","34.0","0.5","5.2","13.6","6.8","9.1","7.4","17.1","8.7","1.8","2.0","0.0","6.8","3.0","3.5","41350","8795","65747","6831","32692","12039","10804","11743","-","**","-","**","33953","5028","30625","12205","34459","7321","43864","15172","65614","15021","24321","20457","37893","19214","82614","45255","22213","7957","66696","15036","82375","63134","65188","10754","5.7","(X)","(X)","(X)","(X)","(X)",
"1400000US06111002000","Census Tract 20, Ventura County, California","92","59","22","28","70","53","5.4","15.2","0.0","65.6","7.1","21.8","30.4","41.2","0.0","65.6","40.0","49.3","19.6","27.0","50.0","50.0","10.0","16.0","44.6","41.1","50.0","50.0","42.9","50.3","1984","159","959","120","1025","139","0.0","1.7","0.0","3.6","0.0","3.4","2.1","1.7","1.8","2.1","2.3","2.7","16.9","5.5","11.5","6.5","22.0","9.0","19.8","5.5","20.3","8.6","19.2","7.5","5.7","3.2","7.1","6.3","4.4","2.9","28.5","7.3","24.9","8.1","31.8","9.4","27.1","7.9","34.4","12.0","20.3","8.0","97.9","1.7","98.2","2.1","97.7","2.7","55.6","9.5","59.3","11.0","52.1","12.3","221","100","109","61","112","73","100.0","14.6","100.0","26.9","100.0","26.3","34.4","21.2","15.6","25.9","52.7","31.4","254","61","109","83","145","47","100.0","12.8","100.0","26.9","100.0","21.2","72.0","16.4","72.5","37.5","71.7","20.5","1010","77","497","67","513","48","97.3","2.6","96.6","4.1","98.1","3.3","58.6","12.2","61.2","12.5","56.1","15.6","499","128","244","86","255","104","97.2","4.4","100.0","13.3","94.5","8.9","50.5","15.1","69.3","21.2","32.5","17.5","0.0","48.1","0.0","74.6","0.0","62.8","25.1","21.3","19.1","21.2","28.0","27.0","12.3","12.5","19.0","21.1","5.0","12.0","4.7","4.1","4.4","5.0","5.1","6.4","68650","14950","91726","9291","59219","11155","-","**","-","**","-","**","50147","60959","23875","46372","50809","51977","62674","2085","63857","14034","40391","31199","67589","19667","91509","19709","55278","20672","106410","9263","117885","108530","91875","24669","0.8","(X)","(X)","(X)","(X)","(X)",
"1400000US06111002102","Census Tract 21.02, Ventura County, California","155","70","73","59","82","51","0.0","20.1","0.0","35.8","0.0","33.2","9.7","10.9","0.0","35.8","18.3","22.1","52.3","32.6","100.0","35.8","9.8","19.9","38.1","32.8","0.0","35.8","72.0","33.0","1335","147","667","122","668","132","1.6","1.5","2.4","2.5","0.9","1.6","2.2","2.2","3.4","4.3","0.9","1.5","5.4","3.5","1.2","1.9","9.6","7.0","30.3","8.4","37.3","12.9","23.4","12.5","9.6","5.4","7.6","4.8","11.5","8.2","34.5","7.2","34.9","12.2","34.1","11.0","16.3","7.3","13.0","9.4","19.6","10.3","96.2","2.5","94.2","5.0","98.2","1.6","50.9","9.6","48.0","14.6","53.7","12.5","430","126","254","83","176","76","100.0","7.8","100.0","12.8","100.0","17.9","56.7","23.5","42.1","28.0","77.8","22.4","191","82","98","55","93","64","100.0","16.7","100.0","29.2","100.0","30.4","56.5","22.8","75.5","28.4","36.6","28.4","452","111","186","57","266","89","95.1","5.8","91.4","14.2","97.7","3.8","55.8","14.1","60.8","24.0","52.3","16.9","262","75","129","54","133","72","88.9","8.3","82.2","14.8","95.5","7.7","28.6","16.9","20.2","13.2","36.8","31.1","13.7","20.7","17.9","28.1","0.0","88.8","22.2","25.4","0.0","100.0","25.0","31.0","24.6","15.4","22.3","19.3","27.5","23.1","8.0","5.9","2.5","3.9","12.8","11.2","46646","10154","59427","16523","33393","25574","-","**","-","**","-","**","20556","22981","-","**","20556","22981","31065","21076","21161","21783","45536","13862","65799","6964","83443","11980","44875","7535","58065","15383","79750","146798","14740","44652","4.6","(X)","(X)","(X)","(X)","(X)",
"1400000US06111002200","Census Tract 22, Ventura County, California","407","128","220","108","187","92","23.3","19.3","34.5","26.6","10.2","16.8","37.1","21.1","50.9","30.8","20.9","15.4","31.7","20.6","7.3","9.0","60.4","27.4","7.9","12.4","7.3","14.0","8.6","12.4","4226","417","2267","317","1959","238","10.4","4.4","8.0","5.1","13.1","8.0","13.4","4.5","14.0","6.9","12.8","6.6","25.9","8.2","27.3","8.8","24.3","10.3","17.7","4.2","19.5","6.7","15.7","6.3","14.4","4.8","10.9","6.2","18.5","6.2","11.7","3.8","14.0","5.7","9.0","4.6","6.4","3.1","6.3","3.8","6.5","4.4","76.2","6.1","78.0","6.2","74.1","8.7","18.1","5.1","20.3","7.3","15.6","6.0","1203","279","660","210","543","162","80.6","11.9","77.7","17.6","84.2","14.1","8.3","8.6","8.9","11.9","7.6","7.6","855","214","488","186","367","127","77.3","10.5","78.9","17.1","75.2","18.6","23.3","13.5","27.7","18.6","17.4","13.9","1742","309","920","189","822","173","74.9","12.2","77.7","13.4","71.7","13.9","20.4","8.2","17.4","9.4","23.7","11.1","426","119","199","83","227","85","66.9","21.7","78.4","19.8","56.8","31.1","26.1","14.0","53.3","27.3","2.2","5.0","17.5","10.7","19.5","13.9","15.6","12.2","21.9","13.7","11.0","13.4","36.1","18.2","10.9","7.6","6.4","7.0","15.6","13.7","11.1","10.1","9.8","11.2","13.1","18.8","26202","3600","27091","8207","24966","3630","23793","6431","24138","8151","14615","21747","21978","4104","22239","8320","19593","7694","34357","11274","43019","11482","26417","12112","54412","32817","68090","64156","53162","22962","75714","83984","81607","114746","46528","83071","4.6","(X)","(X)","(X)","(X)","(X)",
"1400000US06111002300","Census Tract 23, Ventura County, California","794","223","337","156","457","171","15.1","13.5","31.5","26.9","3.1","4.8","43.7","16.8","24.9","30.3","57.5","18.8","39.7","17.3","43.6","34.3","36.8","18.1","1.5","2.6","0.0","9.9","2.6","4.5","4031","408","2118","322","1913","236","18.4","5.0","13.5","6.1","23.8","7.8","16.1","5.6","18.7","7.9","13.3","6.8","25.3","6.0","27.4","7.7","22.8","8.8","22.9","6.1","26.2","8.0","19.2","7.0","2.3","1.5","1.5","1.6","3.2","2.6","11.8","4.4","9.6","5.4","14.2","6.9","3.3","2.0","3.2","2.3","3.3","2.9","65.5","6.3","67.8","7.7","62.9","8.4","15.1","5.0","12.8","5.8","17.6","7.4","1221","334","673","240","548","210","80.6","12.0","86.9","12.3","72.8","19.4","10.3","9.7","3.9","6.1","18.2","15.9","1041","247","507","168","534","151","51.3","14.2","50.5","20.2","52.1","18.5","26.2","11.1","26.4","16.5","26.0","17.0","1282","271","636","180","646","144","66.5","12.0","66.5","17.4","66.6","12.5","12.9","6.7","10.7","7.9","15.0","8.6","487","148","302","107","185","102","55.2","18.2","57.3","25.9","51.9","30.6","8.8","9.2","14.2","14.0","0.0","17.2","26.1","15.8","28.9","19.7","23.4","15.6","25.4","16.3","21.7","17.7","30.4","24.0","22.4","10.5","20.9","14.4","24.4","11.7","7.4","6.5","12.2","12.1","3.6","5.9","24236","3323","26033","5522","22449","5007","23242","3140","25116","3694","17862","11129","12933","5207","16125","15198","11583","1031","32531","8299","32827","18530","29609","11638","45343","11821","44279","40772","45645","14210","51042","47933","63583","17299","22260","34069","5.7","(X)","(X)","(X)","(X)","(X)",
"1400000US06111002400","Census Tract 24, Ventura County, California","230","81","133","55","97","69","6.5","7.6","11.3","12.7","0.0","29.4","25.7","21.0","33.8","30.3","14.4","22.2","65.2","21.3","54.9","28.3","79.4","26.6","2.6","4.9","0.0","22.9","6.2","13.1","2137","182","1159","184","978","151","9.4","4.1","6.0","4.0","13.4","7.3","7.8","3.9","9.0","5.3","6.3","6.2","19.3","6.3","19.9","7.7","18.6","8.2","23.7","6.1","26.9","8.9","19.8","7.3","1.7","1.6","2.8","3.0","0.4","0.6","26.5","5.7","25.5","8.4","27.7","8.1","11.6","5.1","9.8","6.0","13.7","8.4","82.9","5.5","85.1","6.4","80.3","8.8","38.1","8.2","35.4","10.1","41.4","10.4","525","175","279","136","246","114","88.0","10.0","91.8","12.8","83.7","11.8","46.7","16.1","49.5","26.3","43.5","15.6","367","113","201","97","166","86","92.9","5.2","90.5","7.9","95.8","8.0","55.9","22.8","38.3","24.1","77.1","28.7","791","126","505","107","286","60","81.4","9.3","81.0","12.6","82.2","11.7","26.0","10.9","25.1","13.0","27.6","16.0","454","115","174","61","280","104","71.4","14.9","79.9","14.9","66.1","22.1","35.0","13.6","39.1","18.3","32.5","19.1","37.7","20.8","27.2","27.0","47.2","26.4","16.5","13.4","19.0","19.0","13.2","20.7","17.9","11.1","21.4","15.9","11.6","12.6","5.5","6.7","3.2","4.0","7.9","12.3","35855","7215","36875","14261","35583","10190","20493","15953","17500","13935","-","**","22217","8915","22153","12991","22353","37702","27115","10583","21902","19667","27468","19690","46429","14501","53750","16760","31667","12695","64792","12456","70785","6256","57206","16030","4.4","(X)","(X)","(X)","(X)","(X)",
"1400000US06111002500","Census Tract 25, Ventura County, California","329","138","139","107","190","158","21.3","24.6","39.6","46.4","7.9","14.1","10.3","19.8","24.5","37.6","0.0","16.8","52.3","19.5","36.0","36.8","64.2","16.9","16.1","17.0","0.0","22.0","27.9","18.3","3715","271","1590","182","2125","192","0.8","0.9","0.6","1.0","0.8","1.3","3.2","2.3","6.0","5.0","1.1","1.4","15.6","4.2","15.8","6.2","15.5","4.7","26.9","7.6","24.2","9.8","28.9","8.3","13.4","6.3","13.2","8.5","13.6","6.2","22.4","5.6","18.4","7.2","25.4","6.9","17.7","5.1","21.8","7.7","14.7","5.6","96.0","2.5","93.3","5.1","98.0","1.8","40.1","7.1","40.1","8.3","40.1","8.1","845","261","342","142","503","160","100.0","4.1","100.0","9.7","100.0","6.7","27.5","15.0","27.5","17.5","27.4","17.5","496","161","272","118","224","106","95.6","6.8","91.9","13.2","100.0","14.4","50.8","18.6","26.8","20.7","79.9","20.0","1325","174","662","106","663","120","94.0","6.1","90.8","11.4","97.3","4.2","48.9","13.0","49.1","17.1","48.7","14.7","1049","160","314","89","735","137","95.5","3.8","92.7","8.4","96.7","3.9","34.1","9.5","46.5","15.1","28.8","10.2","14.9","22.2","20.8","31.6","0.0","47.5","5.5","5.5","4.8","7.4","6.1","8.5","6.5","4.1","9.3","6.5","4.7","4.1","6.2","4.9","0.0","5.3","10.9","8.5","46900","9674","60208","19644","40694","12111","-","**","-","**","-","**","31199","12423","45833","41238","17750","6714","35682","14234","47734","31714","31676","17500","62083","16690","103021","70182","49777","17031","95972","21821","96321","22172","69485","66770","6.1","(X)","(X)","(X)","(X)","(X)",
"1400000US06111002600","Census Tract 26, Ventura County, California","266","111","136","68","130","60","11.7","11.3","17.6","20.1","5.4","8.5","30.1","15.7","44.9","25.8","14.6","16.5","56.0","15.8","33.1","21.6","80.0","18.9","2.3","3.9","4.4","7.7","0.0","23.3","2198","276","1136","170","1062","144","8.0","4.0","8.2","4.6","7.7","5.5","6.1","3.2","6.6","3.9","5.6","5.4","21.7","6.7","25.9","8.5","17.1","8.1","20.7","4.9","20.0","6.9","21.4","6.2","10.3","3.5","14.2","6.3","6.1","3.5","16.7","4.7","13.7","5.1","19.9","7.6","16.6","5.6","11.4","5.5","22.1","7.8","85.9","6.0","85.2","6.1","86.6","7.7","33.3","6.2","25.2","7.5","42.0","7.8","519","207","277","142","242","92","93.8","6.0","88.4","10.7","100.0","13.4","27.9","14.9","6.9","8.0","52.1","23.0","571","133","300","75","271","81","88.3","13.5","86.3","13.4","90.4","14.2","42.0","10.6","40.0","12.0","44.3","14.3","857","132","451","86","406","91","81.6","11.0","84.0","10.4","78.8","14.8","32.0","9.7","26.2","12.8","38.4","12.9","251","71","108","48","143","62","78.9","15.6","78.7","22.9","79.0","19.7","29.1","17.7","26.9","22.9","30.8","21.0","24.5","21.0","13.7","17.5","37.3","31.6","18.5","9.4","13.9","10.9","25.8","25.7","13.7","8.0","7.5","7.2","21.9","13.4","7.2","5.5","10.8","12.2","4.9","4.5","36028","9218","36853","10864","32308","13913","16842","4035","18667","6392","-","**","22628","6054","19375","11837","24432","9966","37560","10730","40380","9433","30737","9961","53125","28400","79167","34294","25625","42349","61833","17802","64583","89630","59438","21546","2.9","(X)","(X)","(X)","(X)","(X)",
"1400000US06111002700","Census Tract 27, Ventura County, California","379","115","171","81","208","97","8.7","11.7","0.0","18.4","15.9","20.3","34.8","16.7","48.0","24.4","24.0","22.1","48.0","17.6","45.6","24.4","50.0","25.1","8.4","9.3","6.4","10.7","10.1","15.8","2958","231","1359","166","1599","186","3.1","1.9","2.8","2.2","3.4","2.8","4.4","2.1","7.4","3.9","1.9","2.1","23.0","5.8","27.3","8.8","19.4","6.8","31.5","5.3","28.5","7.3","34.0","7.3","7.5","2.8","4.0","2.7","10.6","4.7","15.4","5.0","14.1","6.4","16.6","5.6","15.0","3.5","16.0","5.8","14.1","4.2","92.5","2.8","89.8","4.5","94.7","3.5","30.5","6.1","30.1","8.1","30.8","6.7","695","158","338","144","357","78","93.4","5.3","86.4","11.7","100.0","9.3","23.3","9.6","24.0","16.3","22.7","11.3","365","88","202","51","163","67","100.0","9.1","100.0","15.9","100.0","19.2","28.2","13.2","14.4","12.5","45.4","22.4","1037","122","476","74","561","79","91.6","5.0","88.7","7.2","94.1","7.0","34.1","10.7","29.6","13.8","38.0","12.2","861","144","343","96","518","97","89.7","6.1","88.9","9.0","90.2","7.7","32.8","11.2","46.1","17.0","23.9","11.2","17.1","16.8","26.4","24.6","0.0","37.9","3.1","3.4","0.0","9.0","7.0","7.5","12.0","7.0","17.5","13.9","8.7","10.6","1.8","2.5","3.9","5.4","0.0","6.9","39133","8729","32340","16857","40469","9253","30938","17340","30938","17340","-","**","23438","11071","29904","7328","13320","8133","45132","12243","42750","35308","47500","14799","50139","28628","32292","128053","51667","22515","58875","12576","62273","24984","46719","12786","4.3","(X)","(X)","(X)","(X)","(X)",
"1400000US06111002800","Census Tract 28, Ventura County, California","528","251","323","160","205","122","5.9","6.9","4.0","6.9","8.8","14.6","27.5","19.9","31.0","26.5","22.0","26.1","64.0","21.3","65.0","26.6","62.4","29.3","2.7","4.5","0.0","10.3","6.8","11.8","4392","244","1911","227","2481","183","3.6","1.7","2.7","2.2","4.2","2.4","8.6","3.8","9.4","3.9","7.9","5.0","21.1","5.0","24.3","6.6","18.6","6.1","31.3","6.0","29.4","7.2","32.8","7.7","8.9","3.0","6.1","3.2","11.0","4.5","17.9","3.9","19.8","5.9","16.4","4.8","8.8","2.8","8.3","3.8","9.1","3.7","87.9","3.7","87.9","4.2","87.9","4.8","26.7","5.4","28.1","7.3","25.6","6.2","1048","233","494","140","554","165","92.0","7.5","92.3","9.8","91.7","11.8","25.7","10.3","24.7","14.7","26.5","11.4","933","217","398","109","535","136","86.8","12.1","88.7","11.5","85.4","14.2","29.4","11.4","34.9","15.3","25.2","13.6","1818","202","828","121","990","156","88.5","4.8","86.2","7.1","90.4","5.0","25.9","6.5","24.8","10.1","26.8","8.8","593","61","191","66","402","68","80.4","7.8","81.7","15.8","79.9","12.6","26.6","11.7","37.2","21.0","21.6","12.4","20.5","15.1","20.7","19.1","20.3","22.3","20.2","13.5","11.4","10.3","29.1","21.1","9.6","6.2","2.5","5.8","14.1","9.2","1.5","2.2","0.0","6.3","2.7","4.1","38868","6549","44701","5091","29900","8110","16230","3567","20072","18660","16171","1731","30152","8615","34432","11818","25250","33098","40599","5567","44481","6087","30878","9145","57636","10671","72177","14904","47578","42853","98542","28127","108750","7943","80250","35753","4.8","(X)","(X)","(X)","(X)","(X)",
"1400000US06111002901","Census Tract 29.01, Ventura County, California","415","147","227","101","188","100","23.4","15.2","30.4","19.4","14.9","18.7","30.6","12.5","42.3","20.4","16.5","16.0","43.1","16.6","27.3","18.9","62.2","23.2","2.9","4.2","0.0","14.3","6.4","8.6","4027","266","1997","191","2030","140","9.1","4.0","7.7","3.8","10.6","4.7","6.5","3.2","7.6","4.8","5.5","2.9","17.2","3.9","17.9","6.3","16.6","4.8","22.4","4.8","23.5","8.7","21.3","5.8","12.2","3.7","12.2","5.0","12.2","5.2","19.2","4.1","17.8","5.0","20.6","5.9","13.3","3.2","13.4","3.8","13.2","5.4","84.4","5.1","84.8","6.5","83.9","4.9","32.5","4.6","31.1","5.8","33.8","7.7","540","183","273","107","267","110","83.1","13.9","79.9","20.8","86.5","14.0","28.7","17.3","9.5","14.8","48.3","29.4","758","139","391","105","367","87","93.3","6.2","92.1","9.2","94.6","6.4","30.3","10.6","24.8","17.7","36.2","16.6","1680","212","823","103","857","149","81.9","9.2","82.0","11.4","81.8","10.5","33.5","7.6","31.7","10.2","35.1","11.3","1049","142","510","79","539","97","82.5","9.9","86.3","10.3","78.8","10.8","34.4","8.2","46.7","9.9","22.8","10.0","21.6","16.2","24.0","19.3","19.3","14.9","1.6","3.1","0.0","9.3","3.3","6.4","2.4","3.1","0.0","4.8","5.0","5.9","0.6","1.0","1.3","1.9","0.0","5.0","49375","7252","60864","11842","41940","7561","27932","4311","27727","5315","38304","25396","44278","3659","48875","9929","20969","5214","48529","9646","69531","23193","30286","17686","78125","33444","69659","33048","80536","50918","110643","17482","85962","42807","113681","5996","3.0","(X)","(X)","(X)","(X)","(X)",
"1400000US06111002905","Census Tract 29.05, Ventura County, California","508","160","267","112","241","102","11.0","9.9","6.7","8.0","15.8","18.3","38.4","21.9","27.3","25.4","50.6","23.4","46.7","20.5","58.4","25.8","33.6","19.9","3.9","4.3","7.5","8.0","0.0","13.5","3726","321","1793","247","1933","203","11.6","4.4","12.1","5.1","11.1","4.8","9.3","4.3","11.4","5.6","7.3","4.1","19.0","3.8","18.7","5.7","19.3","5.1","25.1","5.6","24.9","8.2","25.3","7.1","7.9","2.9","6.0","3.1","9.6","3.7","18.1","4.6","14.9","5.3","21.2","6.9","9.0","2.8","12.0","5.2","6.3","2.9","79.1","4.5","76.5","5.8","81.6","5.4","27.2","5.9","26.9","8.4","27.4","7.2","668","186","286","117","382","122","91.2","6.4","81.8","15.4","98.2","3.0","25.0","12.2","26.9","20.6","23.6","13.1","749","192","347","119","402","114","63.3","16.8","57.3","18.6","68.4","17.9","11.1","8.5","3.2","5.0","17.9","14.4","1716","197","889","139","827","103","81.5","7.1","80.9","9.3","82.1","6.7","32.1","7.2","32.6","11.0","31.6","9.1","593","110","271","67","322","84","78.8","13.4","80.8","13.3","77.0","17.3","35.6","13.3","38.4","17.3","33.2","16.5","4.7","6.5","2.9","5.5","6.8","8.5","8.7","6.2","8.7","7.2","8.6","8.1","2.9","2.8","3.6","4.1","2.2","2.7","2.7","4.2","0.0","7.0","5.1","7.9","37300","6469","38726","11037","36719","5613","21618","4849","25676","7019","17391","6383","36806","6122","36071","14716","36941","5695","44241","5019","48558","14760","41136","10460","46917","29042","73594","85909","46333","26788","85313","7284","88450","14079","80568","13914","7.8","(X)","(X)","(X)","(X)","(X)",
"1400000US06111003010","Census Tract 30.10, Ventura County, California","337","124","183","91","154","92","14.8","12.9","8.2","9.9","22.7","29.0","10.1","9.4","18.6","14.1","0.0","20.2","68.0","21.1","62.8","20.9","74.0","31.3","7.1","8.8","10.4","15.3","3.2","6.2","1891","208","853","142","1038","132","10.5","4.7","13.5","7.7","8.1","4.5","8.6","5.0","10.0","6.4","7.4","6.3","18.7","5.9","14.5","7.1","22.1","6.8","23.5","8.2","32.0","13.6","16.5","7.3","6.9","4.1","5.0","4.8","8.5","5.6","22.7","5.9","22.5","10.5","22.9","8.2","9.1","3.2","2.5","2.4","14.5","5.5","80.9","6.7","76.6","8.5","84.5","8.2","31.8","6.9","25.0","10.8","37.5","9.1","676","179","386","117","290","101","88.6","7.8","87.0","9.9","90.7","10.8","33.1","12.9","30.1","19.6","37.2","20.0","414","97","139","53","275","80","76.1","12.4","61.2","24.9","83.6","14.9","35.3","15.4","18.7","15.3","43.6","19.5","566","85","271","66","295","56","79.3","8.0","73.4","13.7","84.7","9.8","34.1","12.6","24.4","15.4","43.1","13.5","235","60","57","33","178","54","71.1","17.8","57.9","37.3","75.3","18.0","16.6","11.9","8.8","14.9","19.1","14.7","15.0","13.4","12.0","15.1","18.6","18.4","7.6","8.3","1.6","3.6","10.9","12.2","7.5","10.1","13.6","17.6","0.0","12.6","6.6","6.4","5.6","9.0","7.2","9.1","32315","5250","30203","3422","38566","8278","22171","13629","30132","3602","12163","4337","25993","6790","25542","3996","30417","16794","31201","4862","31742","9227","30208","10912","51275","10662","40670","31644","52778","10270","71705","20121","-","**","79750","18517","6.8","(X)","(X)","(X)","(X)","(X)",
"1400000US06111003011","Census Tract 30.11, Ventura County, California","553","241","285","124","268","137","49.7","23.0","59.6","26.1","39.2","27.1","26.9","19.0","22.8","22.9","31.3","25.2","23.3","20.3","17.5","18.8","29.5","25.4","0.0","6.1","0.0","11.5","0.0","12.2","3411","412","1733","294","1678","219","19.7","7.4","18.8","9.7","20.6","8.3","21.4","5.7","23.8","7.8","19.0","7.2","26.7","8.7","30.2","11.1","23.1","8.4","18.5","5.7","13.6","6.5","23.6","9.0","6.1","3.6","5.1","4.8","7.2","4.4","5.7","3.1","7.2","5.1","4.2","3.1","1.8","1.2","1.3","1.6","2.4","2.1","58.9","9.5","57.4","15.2","60.4","7.9","7.6","3.4","8.5","5.2","6.6","3.6","1352","365","736","255","616","162","51.5","15.4","50.3","23.7","52.9","14.7","2.7","3.7","1.2","2.3","4.5","6.5","518","159","261","100","257","88","81.5","14.1","83.1","15.3","79.8","14.5","14.3","11.8","10.7","11.4","17.9","16.1","1125","143","536","154","589","111","60.9","13.0","53.5","19.3","67.6","13.8","9.8","7.5","15.7","13.5","4.4","5.7","416","86","200","69","216","94","49.5","16.6","60.5","21.3","39.4","24.4","8.9","8.5","13.5","12.3","4.6","7.1","18.8","9.9","13.0","10.8","25.3","10.8","9.4","7.1","4.0","6.2","16.8","14.3","18.9","9.6","10.8","16.5","24.0","14.2","17.1","15.3","23.6","22.3","8.2","12.8","21662","3261","22603","6720","20221","8748","15994","2244","16774","5684","12961","13724","29327","8132","35156","12935","24792","6916","35217","16414","43618","15380","30735","27274","22015","26072","22245","51769","19250","17648","58409","75689","-","**","58409","75689","2.1","(X)","(X)","(X)","(X)","(X)",
"1400000US06111003012","Census Tract 30.12, Ventura County, California","52","58","31","36","21","28","0.0","42.7","0.0","55.3","0.0","67.2","100.0","42.7","100.0","55.3","100.0","67.2","0.0","42.7","0.0","55.3","0.0","67.2","0.0","42.7","0.0","55.3","0.0","67.2","227","87","118","50","109","43","38.8","24.4","44.9","31.3","32.1","25.8","17.6","16.5","27.1","26.1","7.3","11.8","15.4","14.9","11.9","14.3","19.3","21.4","12.3","10.8","5.9","13.6","19.3","17.8","0.0","14.3","0.0","25.2","0.0","26.9","15.9","19.6","10.2","16.9","22.0","25.7","0.0","14.3","0.0","25.2","0.0","26.9","43.6","22.4","28.0","24.4","60.6","27.2","15.9","19.6","10.2","16.9","22.0","25.7","28","43","15","23","13","21","46.4","7.2","0.0","79.5","100.0","85.4","0.0","58.2","0.0","79.5","0.0","85.4","81","55","34","26","47","33","54.3","43.4","47.1","49.4","59.6","41.6","44.4","37.9","35.3","43.9","51.1","38.0","110","58","69","38","41","27","30.9","24.4","24.6","27.9","41.5","45.3","0.0","26.7","0.0","37.0","0.0","48.1","8","12","0","12","8","12","100.0","100.0","-","**","100.0","100.0","0.0","100.0","-","**","0.0","100.0","0.0","23.6","0.0","32.4","0.0","46.9","0.0","52.0","0.0","82.3","0.0","67.2","0.0","58.2","0.0","100.0","0.0","67.2","0.0","51.3","0.0","88.8","0.0","62.8","20729","9922","32917","11183","11607","11680","30682","28094","33000","11340","-","**","19107","649","-","**","-","**","-","**","-","**","-","**","21250","23303","-","**","-","**","-","**","-","**","-","**","5.7","(X)","(X)","(X)","(X)","(X)",
"1400000US06111003013","Census Tract 30.13, Ventura County, California","625","141","272","108","353","127","11.7","8.9","19.5","20.8","5.7","9.4","22.4","18.3","29.0","25.6","17.3","19.4","63.8","16.4","51.5","16.3","73.4","23.0","2.1","3.7","0.0","12.1","3.7","7.3","3121","297","1504","185","1617","197","5.6","2.3","3.3","2.6","7.7","4.6","13.3","4.9","10.6","5.7","15.8","6.6","20.1","6.2","24.1","9.2","16.5","6.6","26.1","7.5","24.9","9.8","27.2","9.3","12.3","5.0","11.7","5.2","12.8","6.8","17.6","4.8","21.0","7.2","14.4","4.8","5.1","3.0","4.5","3.5","5.6","4.5","81.1","5.0","86.1","6.2","76.5","5.8","22.7","6.6","25.5","8.1","20.0","6.9","611","205","320","103","291","135","75.3","12.9","75.9","20.4","74.6","19.8","25.7","15.8","25.9","18.6","25.4","17.5","714","159","282","93","432","109","78.7","11.0","88.3","11.6","72.5","16.6","22.7","13.4","25.9","18.9","20.6","17.0","1396","218","762","172","634","123","88.4","7.0","89.4","7.0","87.2","10.0","22.9","8.4","27.2","10.5","17.8","8.9","400","105","140","54","260","90","69.0","16.9","87.1","17.2","59.2","22.1","17.0","11.7","14.3","17.3","18.5","15.0","9.8","8.7","0.0","15.4","15.3","13.3","6.2","7.8","0.0","9.2","14.7","17.0","1.3","1.6","0.7","1.6","1.9","2.8","0.0","4.8","0.0","8.7","0.0","10.2","35115","7172","36739","10909","32008","10262","20982","6569","24844","18247","12424","6247","40606","28529","42438","24662","24281","33391","36774","7215","37609","15783","36694","5920","33542","10194","34444","33299","31146","17390","99737","17666","37120","118672","107894","14335","1.6","(X)","(X)","(X)","(X)","(X)",
"1400000US06111003100","Census Tract 31, Ventura County, California","2047","447","986","301","1061","324","25.1","10.2","13.9","11.1","35.4","18.0","19.1","7.5","29.3","17.7","9.5","6.3","50.5","12.9","49.5","18.3","51.4","16.6","5.4","5.1","7.3","8.8","3.7","4.7","9302","712","4502","520","4800","410","16.5","4.0","15.0","4.9","18.0","4.8","14.7","4.9","15.2","6.3","14.2","5.5","18.9","4.3","23.4","7.7","14.6","4.2","23.0","3.5","23.4","4.6","22.5","5.1","10.2","3.5","7.2","3.8","12.9","4.5","11.6","2.6","10.4","3.2","12.7","4.1","5.2","2.1","5.2","3.0","5.1","2.4","68.8","5.4","69.7","6.9","67.9","6.7","16.8","3.2","15.7","4.4","17.8","4.7","1972","532","1171","387","801","303","64.8","11.9","62.9","14.5","67.4","21.6","19.2","7.0","21.6","11.5","15.7","8.9","2586","453","1160","305","1426","221","81.0","8.0","83.6","8.8","78.9","9.5","17.8","6.5","9.1","5.1","24.9","9.9","3486","354","1673","197","1813","216","64.8","9.1","68.7","11.0","61.2","9.8","16.8","5.1","17.0","6.1","16.7","6.6","1258","231","498","139","760","208","60.8","13.3","56.6","17.5","63.6","15.5","10.6","7.1","12.4","9.7","9.3","9.9","17.9","10.5","19.4","15.9","16.5","8.9","4.4","5.1","1.6","2.9","8.5","10.8","2.9","3.2","0.0","2.5","5.3","5.7","6.5","5.3","4.8","5.8","8.0","9.5","33284","4505","36954","5457","28058","7215","16495","3457","18711","4689","14577","3210","28582","9527","30345","15618","24289","14353","45335","10998","55165","7530","36445","6411","55143","9994","50227","19872","57109","21773","71118","13705","81289","17021","56167","54475","7.1","(X)","(X)","(X)","(X)","(X)",
"1400000US06111003201","Census Tract 32.01, Ventura County, California","314","125","185","80","129","67","29.3","16.4","31.4","24.3","26.4","17.2","40.4","17.5","32.4","20.5","51.9","19.7","27.1","16.4","36.2","24.6","14.0","14.9","3.2","5.1","0.0","17.2","7.8","11.7","1960","264","1001","204","959","138","42.8","8.6","45.6","12.8","39.9","9.5","21.4","6.7","20.3","8.8","22.5","8.0","21.6","7.2","21.3","9.4","22.0","7.5","9.9","4.1","9.3","6.1","10.5","6.4","1.5","1.1","1.3","1.4","1.7","1.7","1.9","1.4","2.3","2.2","1.5","2.2","0.9","1.1","0.0","3.4","1.9","2.2","35.8","7.9","34.2","10.2","37.5","9.8","2.8","2.1","2.3","2.2","3.3","4.1","653","172","331","141","322","97","43.3","11.7","39.6","19.5","47.2","18.2","4.0","3.5","3.6","5.6","4.3","4.7","524","189","294","125","230","89","35.3","16.7","34.0","20.8","37.0","17.5","1.9","2.8","1.7","2.6","2.2","3.0","589","122","281","104","308","72","35.0","12.9","31.0","14.1","38.6","19.7","3.2","4.9","2.1","3.5","4.2","9.9","194","75","95","45","99","49","14.4","13.7","25.3","22.4","4.0","10.4","0.0","16.4","0.0","29.9","0.0","29.0","26.8","8.9","16.7","9.2","37.9","11.7","15.6","18.6","14.6","17.2","16.6","20.9","13.9","12.0","3.8","5.7","23.1","22.1","3.6","9.3","0.0","64.2","6.3","17.3","18071","3266","21930","3440","11808","3917","15068","7141","20473","3989","7875","2109","24474","8600","25750","11972","23611","14926","28875","5010","33102","14889","28333","15064","16719","16025","2,500-","***","16875","2926","68438","65950","-","**","68438","65950","5.4","(X)","(X)","(X)","(X)","(X)",
"1400000US06111003300","Census Tract 33, Ventura County, California","1099","439","788","351","311","158","15.2","6.7","17.6","7.8","9.0","12.0","39.3","11.1","39.0","11.5","40.2","23.4","43.9","13.4","43.4","14.4","45.0","24.1","1.6","2.5","0.0","4.3","5.8","8.6","4928","470","2357","312","2571","333","11.7","4.1","11.3","6.3","12.1","4.8","9.9","3.6","9.6","4.8","10.2","4.9","22.2","4.8","21.1","7.0","23.3","5.6","23.8","5.7","23.2","8.9","24.3","5.6","12.2","3.4","12.6","6.1","11.9","4.0","15.1","4.3","15.8","5.6","14.4","6.1","5.0","2.7","6.3","4.1","3.9","2.6","78.3","5.5","79.1","7.5","77.7","7.1","20.1","5.1","22.1","6.9","18.2","6.5","1206","348","585","251","621","197","83.7","9.6","86.5","15.7","81.0","15.7","19.7","12.3","14.0","13.4","25.1","19.8","934","203","531","142","403","130","80.1","11.5","76.8","14.7","84.4","14.6","26.1","11.4","23.9","14.9","29.0","17.5","1857","236","873","160","984","182","76.4","9.4","79.7","12.4","73.5","12.2","17.3","6.9","24.3","10.8","11.1","6.9","931","139","368","85","563","127","73.6","9.1","69.0","13.7","76.6","11.9","20.1","9.1","27.2","14.1","15.5","9.5","34.2","19.7","31.6","21.5","36.4","22.1","11.2","8.1","7.4","7.7","14.6","12.3","6.5","6.0","3.5","4.7","9.3","8.2","3.2","3.5","6.1","6.4","0.0","7.4","29467","2563","31515","4971","26304","8621","17133","7479","21875","6602","14875","2626","28091","5731","26308","10527","28654","1319","37075","10821","37264","13251","34839","19115","16908","9282","21899","40158","13324","19312","91250","51261","76154","54944","116458","140253","4.5","(X)","(X)","(X)","(X)","(X)",
"1400000US06111003605","Census Tract 36.05, Ventura County, California","934","272","660","218","274","118","14.8","15.6","20.9","21.3","0.0","12.0","31.3","12.9","20.8","14.3","56.6","21.1","52.7","16.5","58.3","20.4","39.1","20.4","1.3","2.1","0.0","5.2","4.4","6.9","5978","590","2998","393","2980","311","11.5","4.8","8.6","4.9","14.4","6.5","8.0","4.3","9.4","6.0","6.6","3.6","15.1","4.8","16.6","5.8","13.7","5.5","26.4","6.1","25.5","6.6","27.2","7.8","11.8","3.3","10.2","4.6","13.5","4.5","20.0","4.2","21.3","5.7","18.7","5.9","7.2","2.5","8.4","3.6","5.9","3.3","80.5","6.7","82.0","6.7","79.0","7.9","27.2","4.9","29.8","6.1","24.6","6.5","1538","393","876","297","662","170","83.9","11.8","87.8","15.0","78.9","15.0","24.6","9.0","24.1","10.6","25.2","13.0","1531","325","769","171","762","184","83.2","9.3","75.8","13.2","90.7","7.7","19.7","10.1","24.8","12.9","14.4","12.1","2270","316","1012","204","1258","205","78.4","11.0","83.4","12.3","74.3","13.4","32.9","8.1","33.6","12.1","32.3","9.2","639","168","341","124","298","80","73.4","14.3","77.1","16.5","69.1","17.1","31.6","14.2","44.3","22.5","17.1","13.2","9.3","9.7","11.5","11.6","7.3","9.0","5.0","6.7","2.8","4.6","7.6","11.1","4.5","4.4","2.7","3.5","6.0","7.9","4.7","4.7","2.0","3.3","7.9","9.3","33946","6527","41168","11251","26218","10752","17634","1662","25191","9826","16712","2549","32031","18245","41818","18980","22377","10327","40570","9418","45242","12250","35476","9248","47750","16488","43786","24241","51389","16892","90399","15233","89750","12096","90585","44082","5.2","(X)","(X)","(X)","(X)","(X)",
"1400000US06111003608","Census Tract 36.08, Ventura County, California","577","130","290","101","287","79","14.7","9.2","27.2","16.3","2.1","3.0","28.2","13.2","25.9","15.6","30.7","19.2","52.2","13.6","40.0","21.7","64.5","19.5","4.9","4.2","6.9","8.0","2.8","3.9","2570","190","1326","141","1244","108","20.7","5.2","18.3","6.1","23.2","5.6","7.6","2.5","9.4","4.2","5.8","2.5","21.0","5.0","23.6","7.8","18.2","5.4","21.6","4.5","24.4","5.9","18.7","5.8","14.4","5.5","8.9","5.0","20.3","6.8","9.3","2.8","9.7","3.5","9.0","3.4","5.3","2.4","5.8","3.3","4.7","2.5","71.7","5.6","72.3","7.0","71.0","6.0","14.6","3.9","15.5","4.8","13.7","4.5","715","132","407","114","308","76","83.6","9.1","87.0","9.9","79.2","15.2","17.8","9.2","17.2","12.0","18.5","11.3","685","125","356","78","329","76","55.3","13.6","49.2","15.8","62.0","14.9","12.4","6.8","6.5","6.6","18.8","10.2","877","103","418","72","459","52","81.2","7.6","84.4","9.0","78.2","8.9","12.2","4.4","16.3","8.8","8.5","6.0","293","63","145","36","148","46","52.2","15.0","53.1","18.8","51.4","17.4","19.5","10.9","30.3","16.4","8.8","11.2","12.8","7.9","6.0","5.9","19.7","13.7","4.8","4.5","8.3","7.7","0.0","14.3","1.7","2.0","2.3","2.8","1.2","1.9","4.8","5.0","0.0","15.6","10.5","10.5","30911","4360","35199","6931","26552","2627","17304","5495","28194","8709","11007","3563","30395","13874","30658","12962","27321","29831","41940","12169","52404","11190","29279","5474","81250","28782","67500","62375","85500","15140","74861","32049","74167","74180","78021","44617","4.6","(X)","(X)","(X)","(X)","(X)",
"1400000US06111003609","Census Tract 36.09, Ventura County, California","402","238","233","129","169","132","7.2","9.2","12.4","15.2","0.0","18.6","57.7","15.9","53.6","37.3","63.3","38.1","32.3","15.5","33.9","37.4","30.2","34.7","2.7","4.8","0.0","13.9","6.5","12.2","4837","410","2265","252","2572","245","0.7","0.7","0.0","1.5","1.4","1.3","2.7","2.0","2.9","2.0","2.6","2.7","16.3","3.8","12.4","4.9","19.7","5.4","28.0","4.7","31.7","6.8","24.7","5.6","9.2","2.8","2.4","1.9","15.1","5.0","25.8","4.3","28.1","7.1","23.8","5.1","17.2","4.2","22.5","6.2","12.6","4.7","96.5","2.2","97.1","2.0","96.0","2.9","43.1","5.2","50.6","8.1","36.4","5.8","475","238","220","116","255","144","95.6","6.7","100.0","14.7","91.8","13.0","25.5","11.7","0.0","14.7","47.5","19.2","575","181","252","92","323","144","100.0","5.9","100.0","12.9","100.0","10.3","37.0","16.9","46.4","22.1","29.7","20.5","2268","262","1073","158","1195","179","95.7","3.2","95.9","3.9","95.5","3.8","39.8","7.1","52.9","10.3","27.9","8.6","1519","204","720","139","799","159","96.7","3.4","97.1","3.7","96.4","4.1","55.8","8.3","64.0","12.3","48.3","13.1","40.8","39.2","26.2","37.3","50.0","40.9","16.8","11.4","24.6","20.6","12.4","10.3","4.5","3.0","4.5","4.5","4.5","4.2","4.0","3.0","5.7","4.6","2.0","3.1","48523","6219","50770","10962","46660","7716","9875","28601","24196","28135","-","**","37514","14662","38173","20639","31488","9049","45066","8559","50682","25016","43641","8358","52700","9490","51667","22393","53700","14592","84087","24683","107981","65730","83125","16276","1.9","(X)","(X)","(X)","(X)","(X)",
"1400000US06111003612","Census Tract 36.12, Ventura County, California","439","153","227","118","212","123","0.0","7.7","0.0","14.3","0.0","15.2","46.2","16.8","52.9","28.9","39.2","25.6","37.4","15.0","24.2","23.2","51.4","28.5","16.4","13.2","22.9","22.5","9.4","13.3","3036","306","1661","222","1375","188","0.0","1.1","0.0","2.1","0.0","2.5","0.6","1.0","1.1","1.9","0.0","2.5","13.8","5.1","12.0","6.5","15.9","7.5","32.2","5.7","35.9","9.5","27.8","8.4","7.5","4.1","6.6","4.5","8.7","5.6","26.2","7.7","29.6","9.8","22.2","8.7","19.6","6.6","14.9","6.7","25.4","9.2","99.4","1.0","98.9","1.9","100.0","2.5","45.8","7.6","44.4","9.6","47.6","10.0","621","267","400","192","221","119","100.0","5.5","100.0","8.4","100.0","14.6","41.2","20.7","38.5","30.6","46.2","27.9","647","177","379","99","268","123","97.2","4.8","95.3","8.4","100.0","12.2","33.2","13.9","32.7","16.1","34.0","26.4","1261","185","662","115","599","149","100.0","2.7","100.0","5.1","100.0","5.7","48.9","11.8","44.7","15.8","53.6","13.5","507","109","220","78","287","93","100.0","6.7","100.0","14.7","100.0","11.5","60.0","15.6","74.5","19.2","48.8","19.7","0.0","72.5","0.0","72.5","-","**","0.0","8.0","0.0","16.0","0.0","14.7","0.0","2.9","0.0","4.8","0.0","6.7","3.6","3.8","1.1","1.8","6.4","7.2","51028","11263","60411","13800","36798","14813","-","**","-","**","-","**","27128","13889","42500","46995","20500","19295","40687","11749","50359","15150","27037","19055","60692","15830","61859","10354","31433","31390","86148","11235","76299","13278","87398","10761","2.0","(X)","(X)","(X)","(X)","(X)",
"1400000US06111003700","Census Tract 37, Ventura County, California","577","163","266","126","311","116","9.0","7.9","9.0","10.2","9.0","11.3","36.9","11.8","29.3","16.4","43.4","15.6","54.1","14.3","61.7","16.8","47.6","20.6","0.0","5.9","0.0","12.3","0.0","10.6","3741","392","1942","276","1799","193","32.7","6.7","32.9","7.9","32.4","6.9","13.0","4.1","13.2","4.8","12.7","5.2","23.1","5.4","22.9","8.4","23.3","5.7","18.4","4.6","17.8","6.2","19.1","7.0","6.3","2.4","6.1","2.5","6.4","3.6","4.4","1.8","3.8","2.8","5.1","3.0","2.2","1.8","3.3","2.7","1.0","1.4","54.3","7.0","53.9","8.1","54.9","7.7","6.6","2.9","7.1","3.4","6.1","3.3","932","274","494","194","438","135","69.5","13.7","58.3","18.5","82.2","11.7","10.3","6.3","6.7","8.0","14.4","10.3","1005","186","593","139","412","95","53.2","12.4","60.4","14.3","43.0","16.4","12.7","7.2","15.9","9.6","8.3","8.4","1281","183","655","137","626","109","47.0","11.3","45.5","13.5","48.6","13.9","0.8","1.1","1.5","2.3","0.0","5.4","523","98","200","70","323","80","47.4","12.8","51.0","21.4","45.2","15.0","2.5","2.9","0.0","16.0","4.0","4.8","19.7","7.5","19.1","9.9","20.3","9.1","9.1","9.3","7.0","9.3","11.5","11.0","10.1","6.9","12.5","12.2","7.6","7.3","2.4","6.8","0.0","22.3","5.5","14.5","20680","2267","21038","2125","19897","3325","16055","1421","16393","2548","15328","2859","21063","5361","21434","8583","20577","8390","29491","3763","27917","10900","30625","3548","70114","69762","46406","52733","97838","124709","53875","96027","95313","97464","-","**","7.7","(X)","(X)","(X)","(X)","(X)",
"1400000US06111003801","Census Tract 38.01, Ventura County, California","741","236","328","149","413","132","36.4","16.1","52.1","25.7","24.0","14.9","12.8","7.6","7.3","8.0","17.2","11.7","48.3","15.2","35.1","19.9","58.8","19.0","2.4","3.8","5.5","8.2","0.0","8.1","2921","442","1446","265","1475","241","48.8","8.7","49.2","10.9","48.4","8.8","13.9","5.1","16.3","7.2","11.7","6.0","18.7","6.6","16.4","7.6","20.9","6.9","9.1","4.0","9.3","4.6","8.9","4.9","6.2","3.7","6.5","4.8","6.0","4.5","2.3","1.7","1.2","1.2","3.5","2.8","1.0","0.9","1.2","1.5","0.7","1.1","37.3","8.1","34.6","9.9","39.9","8.7","3.3","2.1","2.4","2.1","4.1","3.1","789","277","432","193","357","138","44.5","18.9","40.0","22.6","49.9","20.5","3.4","4.4","2.3","4.1","4.8","8.3","645","248","344","152","301","130","32.2","14.4","29.9","17.8","34.9","16.9","5.1","5.7","2.3","4.0","8.3","10.8","1063","171","512","106","551","109","34.1","10.3","28.9","12.7","39.0","12.4","1.7","2.0","1.6","2.4","1.8","2.9","424","110","158","64","266","71","39.4","19.7","48.1","28.1","34.2","18.3","4.2","7.7","5.7","11.0","3.4","6.1","17.1","6.6","13.1","6.8","21.4","8.2","20.2","15.5","16.0","18.8","23.4","15.8","6.7","6.3","4.8","7.0","8.6","10.1","0.0","29.7","0.0","52.0","0.0","39.4","19725","1739","21118","1854","18563","1399","17669","1258","18452","3631","17378","2189","32602","12392","33415","16000","28438","17431","35565","9327","34643","7628","36429","14547","-","**","-","**","-","**","21500","138725","-","**","-","**","9.5","(X)","(X)","(X)","(X)","(X)",
"1400000US06111003802","Census Tract 38.02, Ventura County, California","333","119","220","84","113","70","17.4","11.0","20.9","14.8","10.6","18.1","32.1","13.9","43.6","23.1","9.7","14.1","50.5","16.3","35.5","28.6","79.6","21.8","0.0","10.0","0.0","14.7","0.0","26.1","1764","217","902","169","862","106","50.2","10.5","49.0","12.2","51.5","12.0","14.6","5.5","17.4","7.7","11.7","6.8","21.4","8.6","24.9","10.7","17.6","8.5","9.8","5.5","8.3","6.6","11.3","6.7","0.4","0.6","0.0","3.8","0.8","1.2","3.5","3.2","0.3","0.5","6.8","6.4","0.1","0.2","0.0","3.8","0.2","0.4","35.1","9.7","33.6","12.5","36.8","10.7","3.6","3.2","0.3","0.5","7.1","6.5","446","147","247","109","199","81","48.0","19.5","45.3","25.7","51.3","26.4","7.0","10.4","0.0","13.2","15.6","21.9","594","182","373","118","221","90","35.9","18.5","24.9","18.9","54.3","23.0","1.9","3.1","0.0","9.0","5.0","8.4","527","136","204","82","323","109","20.1","13.7","31.9","25.1","12.7","10.1","0.0","6.4","0.0","15.7","0.0","10.3","197","95","78","54","119","51","44.2","16.6","42.3","25.7","45.4","19.0","11.2","10.7","3.8","6.3","16.0","18.2","14.5","8.6","7.1","7.7","22.7","12.2","28.0","21.7","38.5","26.2","11.0","17.5","30.1","25.9","26.6","39.4","32.4","33.3","0.0","40.8","-","**","0.0","40.8","17046","4602","21359","3574","15372","4211","19323","5873","21720","2240","15550","4576","12829","7877","14671","48329","5833","14557","15365","6579","15521","6190","14464","35532","16089","20601","-","**","16089","20601","-","**","-","**","-","**","6.1","(X)","(X)","(X)","(X)","(X)",
"1400000US06111003900","Census Tract 39, Ventura County, California","631","168","296","130","335","125","22.5","14.3","22.3","17.8","22.7","19.1","26.1","12.2","14.2","10.0","36.7","20.9","48.5","15.9","63.5","21.0","35.2","17.3","2.9","3.9","0.0","11.1","5.4","7.3","4200","400","2131","260","2069","215","30.8","6.0","28.6","9.4","33.1","7.2","14.1","4.1","12.0","7.2","16.3","5.2","25.9","5.4","35.2","8.7","16.2","5.0","13.8","3.8","15.0","5.9","12.5","4.4","6.7","2.7","4.3","3.0","9.2","5.3","7.8","3.3","4.5","3.2","11.3","4.5","0.9","0.8","0.4","0.6","1.4","1.6","55.0","6.9","59.4","10.0","50.6","8.5","8.7","3.6","4.8","3.3","12.6","5.1","1266","313","617","194","649","159","69.0","9.9","76.5","12.7","61.9","13.5","14.4","6.6","4.1","6.1","24.2","12.8","1158","314","638","223","520","139","40.1","12.4","31.5","15.7","50.6","17.2","5.3","6.4","0.0","5.3","11.7","13.0","1335","223","697","174","638","109","58.9","11.6","70.6","14.5","46.1","13.4","7.0","5.2","9.5","8.9","4.4","5.1","441","133","179","61","262","107","42.4","21.3","55.9","25.7","33.2","22.7","6.1","6.5","6.7","10.1","5.7","8.8","24.1","10.3","19.4","12.7","28.1","10.7","21.5","11.0","13.7","10.7","39.0","22.4","21.4","10.8","9.5","7.0","32.3","18.3","18.1","17.9","0.0","28.1","25.3","23.9","18023","2863","21088","3247","14706","3998","16281","2078","20286","4165","12101","6160","18224","2646","18921","6200","7159","13038","31226","4547","47969","11428","26855","12037","26394","6779","35945","12974","9703","18091","-","**","-","**","-","**","9.2","(X)","(X)","(X)","(X)","(X)",
"1400000US06111004000","Census Tract 40, Ventura County, California","593","163","290","110","303","100","21.4","13.7","17.2","13.6","25.4","20.7","41.0","14.8","50.3","19.9","32.0","16.5","32.7","13.8","28.6","17.9","36.6","17.8","4.9","5.7","3.8","5.8","5.9","7.0","3901","412","1963","210","1938","269","27.9","5.4","26.6","5.6","29.2","7.0","16.5","5.4","22.5","7.7","10.4","4.3","28.6","7.2","27.9","8.4","29.3","8.1","14.8","4.0","13.2","5.3","16.5","5.5","7.1","2.9","5.3","3.3","9.0","3.9","3.7","1.8","4.0","2.6","3.4","2.9","1.3","1.1","0.4","0.6","2.3","2.1","55.6","5.3","50.8","7.7","60.4","6.5","5.0","2.3","4.4","2.6","5.6","3.7","1203","352","629","192","574","208","68.1","11.4","65.2","14.9","71.3","13.0","4.6","4.2","5.7","6.8","3.3","5.4","695","185","414","142","281","83","65.9","12.1","55.3","17.2","81.5","15.3","8.3","6.3","3.9","5.2","14.9","11.9","1326","197","667","120","659","119","42.4","11.1","38.5","12.5","46.3","13.1","3.2","2.6","4.3","4.0","2.0","2.9","677","166","253","80","424","109","48.7","13.3","40.3","17.1","53.8","13.6","6.1","4.7","2.4","4.4","8.3","7.2","14.7","6.8","11.7","6.2","18.4","9.1","18.7","9.2","16.1","10.2","21.3","12.3","6.5","5.0","3.9","5.6","8.5","6.9","4.6","8.0","0.0","31.9","8.3","15.9","21802","1755","24694","4385","20667","1648","20440","4316","23316","4407","16489","1235","22174","6154","16575","10286","32654","20256","27149","11447","35913","7048","20857","5972","25647","19200","19063","25341","32083","37589","49276","19471","-","**","49803","17674","6.1","(X)","(X)","(X)","(X)","(X)",
"1400000US06111004101","Census Tract 41.01, Ventura County, California","832","253","419","144","413","160","32.7","15.3","32.0","19.5","33.4","17.2","28.0","10.3","27.2","17.7","28.8","13.5","33.9","15.1","36.5","21.2","31.2","18.7","5.4","6.5","4.3","6.7","6.5","10.6","4130","322","2346","247","1784","196","30.2","5.4","28.7","7.9","32.1","5.9","20.1","5.3","20.2","7.0","20.0","5.5","23.6","4.5","27.2","5.8","18.9","5.7","17.3","3.4","15.7","5.0","19.3","5.6","3.2","1.4","2.8","1.7","3.7","2.4","4.6","2.1","4.9","3.4","4.2","2.7","1.0","1.0","0.5","0.7","1.8","1.7","49.7","6.0","51.1","6.8","47.9","7.7","5.6","2.4","5.4","3.5","6.0","3.1","1274","287","733","194","541","145","53.9","12.4","52.3","14.4","56.2","15.0","4.1","2.8","1.2","1.9","7.9","5.9","904","184","505","149","399","111","54.8","15.5","50.1","21.5","60.7","16.2","6.6","6.1","2.8","4.8","11.5","10.0","1413","198","881","146","532","97","45.7","11.0","52.0","13.8","35.3","11.4","6.5","4.9","10.4","7.8","0.0","6.4","539","151","227","73","312","96","41.7","14.1","45.8","17.2","38.8","17.1","5.4","6.2","4.8","7.3","5.8","6.2","14.9","8.5","17.9","10.9","11.2","8.2","11.0","7.5","10.3","8.9","12.2","10.0","8.9","9.0","15.2","15.9","2.2","3.4","7.7","9.1","0.0","23.9","16.8","18.1","21913","1096","24228","2572","18430","2854","20565","1783","23646","2655","16219","1142","21938","4375","21490","8451","22153","8156","25170","4718","27000","14805","23068","4671","32578","26199","57830","26327","17679","14767","-","**","-","**","-","**","8.0","(X)","(X)","(X)","(X)","(X)",
"1400000US06111004200","Census Tract 42, Ventura County, California","614","140","233","93","381","104","20.0","11.3","20.2","13.9","19.9","14.4","23.9","11.8","23.6","18.8","24.1","13.3","51.3","11.3","52.4","18.8","50.7","15.0","4.7","4.4","3.9","6.1","5.2","6.3","3413","269","1722","230","1691","184","18.5","4.5","17.5","5.0","19.5","5.7","14.3","3.9","17.3","5.6","11.2","4.7","28.7","4.7","33.1","6.5","24.2","5.4","22.6","3.9","18.4","5.3","26.8","5.3","5.5","2.2","2.7","2.3","8.4","4.2","8.2","2.8","10.2","4.8","6.2","3.2","2.3","1.5","0.8","1.1","3.8","2.7","67.3","5.8","65.2","7.4","69.4","7.1","10.5","3.2","11.0","4.9","10.0","4.2","696","197","433","182","263","71","60.6","15.8","52.2","22.7","74.5","18.2","9.6","8.3","7.9","8.6","12.5","10.8","653","158","289","88","364","93","72.0","13.5","80.3","16.7","65.4","18.1","18.2","8.4","21.5","16.9","15.7","11.5","1443","171","731","111","712","113","72.1","7.2","71.7","8.8","72.6","9.2","11.8","5.8","12.9","8.2","10.7","6.8","621","87","269","64","352","79","58.5","13.4","52.4","18.2","63.1","17.3","0.5","1.0","0.0","12.2","0.9","1.7","22.0","11.4","24.7","19.9","18.9","9.8","7.6","4.4","6.1","5.3","9.5","7.5","8.5","4.7","16.3","10.7","3.7","3.4","8.6","11.5","7.4","10.8","10.1","13.6","30886","4021","31261","4463","30089","7432","18375","4018","19091","9545","17306","2929","30050","22403","36615","17438","12028","17729","37222","4658","45500","14769","35870","6096","41141","12371","42109","24262","36875","20059","87700","32034","-","**","88400","8654","7.9","(X)","(X)","(X)","(X)","(X)",
"1400000US06111004304","Census Tract 43.04, Ventura County, California","676","199","240","126","436","148","18.3","11.9","12.5","15.0","21.6","16.6","20.9","15.2","17.1","16.1","22.9","21.3","57.0","17.6","59.6","23.3","55.5","22.8","3.8","5.9","10.8","16.9","0.0","7.7","4486","371","2220","329","2266","241","7.8","4.8","8.9","5.7","6.7","4.2","10.4","4.9","10.3","7.3","10.5","5.4","23.7","5.6","22.2","7.6","25.1","7.0","30.0","5.0","30.7","8.2","29.3","6.6","9.1","4.1","10.3","5.1","7.9","4.4","10.9","3.1","9.1","4.7","12.6","4.4","8.1","3.0","8.4","4.5","7.9","3.5","81.8","7.1","80.8","9.5","82.8","7.0","19.0","4.6","17.5","6.7","20.5","5.6","977","271","616","218","361","125","71.1","16.4","70.6","20.5","72.0","19.8","15.0","8.8","14.4","12.3","16.1","13.3","755","247","379","159","376","132","81.9","10.2","86.3","13.0","77.4","14.0","19.6","10.2","16.4","16.3","22.9","13.5","1593","291","709","191","884","186","85.6","8.4","87.7","9.2","83.9","11.0","23.8","9.1","21.9","9.5","25.3","12.3","1161","166","516","141","645","121","85.4","10.7","79.3","18.2","90.4","8.7","15.4","8.0","16.1","13.8","14.9","7.2","14.4","10.3","6.1","7.6","23.6","16.1","29.5","12.3","19.9","14.8","37.8","17.3","15.3","6.7","16.0","7.7","14.5","9.5","14.0","11.0","13.1","14.6","14.7","11.0","25784","6282","27625","17668","20761","7769","15637","1476","16239","1664","12750","8995","31250","28606","40645","4609","15813","14371","31815","12760","31129","17311","34018","16863","43375","23819","105786","53428","14453","32519","60966","30338","59679","68750","61477","38819","5.3","(X)","(X)","(X)","(X)","(X)",
"1400000US06111004305","Census Tract 43.05, Ventura County, California","802","291","604","263","198","63","0.4","0.8","0.5","1.1","0.0","16.1","56.6","12.1","57.8","14.4","53.0","20.3","41.4","12.0","41.7","14.3","40.4","19.2","1.6","2.7","0.0","5.6","6.6","10.1","1017","161","569","127","448","95","2.1","2.9","1.9","2.7","2.2","3.1","5.4","4.7","4.0","5.2","7.1","8.5","14.1","7.1","17.4","10.6","9.8","8.5","50.0","11.5","52.9","14.9","46.4","12.9","3.8","3.0","1.6","2.2","6.7","5.4","19.1","7.4","14.6","8.0","24.8","11.2","5.5","3.2","7.6","4.3","2.9","3.2","92.5","5.2","94.0","5.5","90.6","8.8","24.6","8.8","22.1","9.4","27.7","11.7","581","151","299","110","282","104","92.3","7.2","95.7","6.7","88.7","13.3","14.8","8.7","13.4","13.2","16.3","11.5","306","110","225","76","81","57","96.7","7.3","95.6","9.7","100.0","33.5","20.9","12.9","23.1","13.3","14.8","17.9","130","59","45","26","85","43","83.8","20.9","75.6","31.1","88.2","16.3","76.9","21.6","75.6","31.1","77.6","20.3","0","12","0","12","0","12","-","**","-","**","-","**","-","**","-","**","-","**","0.0","54.4","0.0","92.8","0.0","67.2","6.7","8.8","6.7","11.5","6.8","15.0","5.6","5.4","0.0","17.9","9.7","9.4","5.2","7.7","0.0","30.9","9.2","13.3","38591","5384","46530","5338","22917","9074","23698","16701","45750","41497","23155","32204","37083","22870","40893","18118","-","**","38705","4727","45833","6083","17813","30083","27277","50413","68750","36451","26179","792","104853","6900","104779","21861","-","**","1.7","(X)","(X)","(X)","(X)","(X)",
"1400000US06111004400","Census Tract 44, Ventura County, California","665","204","295","128","370","184","15.5","13.8","34.9","27.0","0.0","9.0","43.9","18.5","48.1","30.0","40.5","19.5","40.6","15.3","16.9","13.7","59.5","19.5","0.0","5.1","0.0","11.2","0.0","9.0","4827","303","2134","220","2693","208","8.9","3.9","7.3","4.9","10.2","4.7","9.1","3.3","9.4","5.1","8.9","4.1","22.6","5.1","22.3","7.6","22.9","6.5","27.1","4.6","24.7","7.0","29.0","6.2","5.8","2.2","8.2","4.6","3.9","2.2","15.0","4.9","15.6","6.1","14.6","5.3","11.5","3.9","12.6","6.0","10.6","4.8","82.0","5.0","83.4","6.7","81.0","6.0","26.5","5.5","28.2","7.4","25.2","6.4","1308","282","435","179","873","216","80.4","9.8","72.9","19.1","84.1","12.9","20.6","10.6","30.1","21.7","15.9","11.2","878","221","649","163","229","95","87.9","9.1","89.7","9.6","83.0","17.5","14.6","12.3","12.9","11.3","19.2","22.2","1810","206","687","147","1123","151","81.9","8.8","81.1","14.0","82.5","10.2","29.8","8.9","35.7","16.0","26.2","9.1","831","212","363","113","468","134","78.6","9.8","89.0","10.9","70.5","13.3","41.3","13.5","39.1","15.2","42.9","17.6","28.9","13.3","20.6","19.3","34.7","17.8","7.6","8.3","5.1","6.4","9.6","13.4","11.5","6.5","6.6","5.6","15.5","9.4","4.0","3.8","6.6","7.7","1.6","2.7","38961","5922","41996","5543","34175","7845","21132","13946","31311","8540","10694","6550","44096","9693","49250","5634","35847","8721","34729","6430","37014","7998","26714","15217","52895","21981","31705","35540","61136","17031","73375","26464","75333","13674","49375","42110","1.5","(X)","(X)","(X)","(X)","(X)",
"1400000US06111004503","Census Tract 45.03, Ventura County, California","679","289","403","248","276","132","35.5","25.5","55.8","35.0","5.8","8.6","29.5","17.1","21.6","21.8","40.9","28.3","35.1","20.3","22.6","21.5","53.3","29.3","0.0","5.0","0.0","8.3","0.0","11.9","2480","354","1285","227","1195","170","32.3","8.4","28.9","9.3","36.0","10.4","12.4","6.4","16.1","6.9","8.5","8.8","23.7","6.1","22.7","7.4","24.7","9.6","17.7","5.8","19.3","6.7","16.1","8.0","3.2","2.0","3.7","2.9","2.6","2.4","7.9","4.2","6.9","5.6","9.0","4.8","2.7","2.0","2.3","2.5","3.2","2.6","55.3","8.7","55.0","8.5","55.6","11.2","10.7","5.2","9.3","6.6","12.2","5.2","804","280","433","191","371","135","64.6","12.1","55.2","17.6","75.5","15.5","16.0","9.9","12.7","12.8","19.9","11.2","782","201","380","101","402","119","54.3","17.0","65.8","16.3","43.5","19.9","9.8","8.0","13.4","14.8","6.5","5.9","764","189","402","122","362","94","47.0","17.7","45.0","18.7","49.2","19.9","7.7","5.8","3.2","4.6","12.7","9.1","130","58","70","48","60","44","52.3","28.6","52.9","42.1","51.7","39.7","0.0","23.3","0.0","36.7","0.0","39.7","20.8","11.6","21.8","15.7","19.8","11.8","2.0","3.0","0.7","1.4","3.4","5.9","12.5","10.1","22.0","15.7","0.0","14.5","0.0","12.4","0.0","25.1","0.0","21.1","22213","6156","27027","7741","20067","4903","15463","1903","16468","3936","13112","5180","31875","9603","35625","36298","30846","13140","35893","11370","55039","24327","20875","8814","38690","9894","39673","11276","28482","21950","54423","40460","-","**","54808","35568","1.3","(X)","(X)","(X)","(X)","(X)",
"1400000US06111004504","Census Tract 45.04, Ventura County, California","750","225","428","184","322","127","27.9","12.2","26.9","17.3","29.2","21.6","38.0","20.4","52.6","25.2","18.6","16.9","34.1","19.5","20.6","17.9","52.2","25.2","0.0","4.6","0.0","7.8","0.0","10.3","3397","284","1555","170","1842","185","29.6","5.9","24.2","6.9","34.1","7.9","14.2","4.4","15.8","6.6","12.8","5.2","24.1","4.9","25.7","7.0","22.8","5.8","16.0","3.6","20.3","6.5","12.5","3.8","7.5","3.0","4.4","3.0","10.2","4.8","5.8","2.4","5.5","2.8","6.1","3.5","2.7","2.6","4.1","3.4","1.5","2.2","56.2","6.5","59.9","8.7","53.0","7.8","8.5","3.2","9.6","3.8","7.5","4.2","933","273","457","167","476","156","55.5","14.1","50.5","17.8","60.3","14.3","5.6","4.3","2.2","3.0","8.8","7.9","793","159","311","102","482","90","56.2","12.5","66.9","16.4","49.4","15.7","6.7","5.4","3.2","5.7","8.9","7.7","1183","179","575","106","608","126","56.2","10.2","60.3","14.0","52.3","12.9","12.3","5.2","17.7","7.6","7.2","7.6","488","79","212","51","276","69","57.4","17.2","68.9","19.5","48.6","18.9","7.8","8.6","13.2","18.0","3.6","5.8","19.0","8.6","5.8","5.8","28.6","12.2","9.4","7.5","4.5","10.4","14.0","12.0","7.4","5.6","7.6","7.0","7.2","6.9","6.2","8.7","4.0","11.3","8.6","15.4","27700","2685","30066","2176","25444","3869","22486","3957","27554","3281","18711","4168","32194","4430","31505","6855","33523","8449","32750","4184","35833","13004","32542","4633","35446","8287","33750","6152","38235","18590","29306","12589","34000","76267","-","**","12.2","(X)","(X)","(X)","(X)","(X)",
"1400000US06111004505","Census Tract 45.05, Ventura County, California","281","107","192","75","89","58","47.3","18.0","62.0","22.0","15.7","17.4","11.0","9.8","0.5","1.9","33.7","31.3","41.6","20.4","37.5","22.0","50.6","33.0","0.0","11.7","0.0","16.6","0.0","31.4","1272","227","621","106","651","142","28.1","13.2","30.8","14.6","25.7","13.7","11.7","6.2","11.9","7.5","11.5","7.9","22.0","6.3","22.2","10.3","21.8","8.0","17.7","6.1","15.1","9.1","20.1","8.3","4.0","4.4","2.7","4.1","5.2","5.3","11.8","7.3","14.3","9.3","9.4","7.0","4.6","3.6","2.9","3.1","6.3","6.7","60.1","13.0","57.3","14.0","62.8","14.1","16.4","10.3","17.2","9.7","15.7","13.2","331","123","215","71","116","67","55.6","21.3","53.0","21.1","60.3","29.4","4.5","8.3","3.3","6.6","6.9","12.6","209","101","83","43","126","64","53.6","27.3","43.4","34.3","60.3","26.9","9.6","13.6","24.1","32.5","0.0","23.9","390","85","177","64","213","52","55.1","14.0","65.5","20.8","46.5","15.5","19.2","15.7","33.9","28.9","7.0","7.3","342","189","146","66","196","133","74.3","22.4","61.6","25.8","83.7","21.4","28.9","15.8","13.7","13.1","40.3","27.4","9.5","9.4","8.3","8.9","10.7","12.0","4.6","7.6","5.1","11.5","4.2","7.6","17.4","12.7","16.2","18.9","18.2","19.4","12.0","19.8","11.2","18.8","12.7","26.5","26191","4602","27038","7343","21333","11461","24052","4738","25256","2917","16522","11610","19342","9802","11761","20234","21875","10173","34919","8020","56985","92457","33352","4786","73233","25234","73707","482","-","**","-","**","-","**","-","**","17.8","(X)","(X)","(X)","(X)","(X)",
"1400000US06111004506","Census Tract 45.06, Ventura County, California","1193","253","655","182","538","140","59.3","11.9","58.8","15.9","59.9","15.0","22.2","10.2","24.0","14.2","20.1","12.0","18.5","7.8","17.3","10.7","20.1","9.8","0.0","2.9","0.0","5.2","0.0","6.3","3224","343","1599","254","1625","185","48.8","7.3","50.8","9.5","46.8","8.3","19.1","4.4","22.8","7.1","15.4","4.5","15.9","5.7","13.3","6.8","18.5","6.9","11.6","3.9","7.3","3.4","15.8","5.9","1.3","1.3","2.1","2.4","0.6","0.9","2.5","1.4","3.3","2.3","1.8","1.9","0.7","0.7","0.4","0.9","0.9","1.3","32.1","7.0","26.4","8.9","37.7","7.2","3.2","1.9","3.7","2.6","2.8","1.9","1346","271","750","185","596","163","25.3","10.4","15.7","10.8","37.2","15.5","0.1","0.7","0.0","4.6","0.2","1.5","825","207","406","127","419","129","28.1","11.7","29.3","14.8","27.0","13.2","1.6","2.5","0.0","8.3","3.1","4.9","769","151","356","103","413","106","37.3","11.9","30.9","16.3","42.9","14.5","3.3","4.3","4.2","6.9","2.4","4.7","284","112","87","56","197","80","62.0","17.1","86.2","17.1","51.3","21.1","22.9","16.4","50.6","29.7","10.7","11.6","36.2","9.3","34.5","12.2","38.3","11.3","24.7","18.7","39.7","24.6","13.9","15.9","29.1","16.0","0.0","22.4","46.5","21.8","0.0","41.5","0.0","55.3","0.0","62.8","16424","1811","18037","2209","13623","3557","14435","3294","16964","2626","10898","1373","18015","2800","17500","5533","18358","4679","37375","12756","42417","5973","28009","23579","122750","105192","-","**","71346","41665","-","**","-","**","-","**","5.4","(X)","(X)","(X)","(X)","(X)",
"1400000US06111004600","Census Tract 46, Ventura County, California","423","119","329","102","94","46","2.1","3.4","2.7","4.4","0.0","30.1","57.7","14.9","62.3","17.7","41.5","28.0","40.2","15.3","35.0","17.8","58.5","28.0","0.0","7.9","0.0","10.1","0.0","30.1","891","190","519","144","372","74","0.9","1.3","0.8","1.4","1.1","2.3","6.6","4.6","4.2","3.6","9.9","9.5","15.2","6.5","14.1","7.7","16.7","10.7","52.2","8.6","59.2","10.4","42.5","15.1","10.1","6.4","6.9","4.3","14.5","13.9","8.3","4.3","6.2","4.4","11.3","7.6","6.7","4.7","8.7","5.5","4.0","4.4","92.5","4.9","95.0","3.8","89.0","9.7","15.0","7.2","14.8","7.7","15.3","8.7","503","144","278","85","225","78","92.0","8.1","93.5","6.7","90.2","15.4","15.1","11.0","11.5","9.8","19.6","14.3","325","143","193","97","132","62","94.2","5.4","97.9","4.3","88.6","11.1","8.0","6.7","8.8","8.6","6.8","8.5","55","39","44","33","11","13","100.0","41.5","100.0","46.4","100.0","92.8","58.2","30.2","63.6","35.7","36.4","50.4","8","12","4","7","4","9","0.0","100.0","0.0","100.0","0.0","100.0","0.0","100.0","0.0","100.0","0.0","100.0","38.9","33.2","33.3","54.7","41.7","35.1","13.6","17.6","20.8","24.5","7.3","18.4","5.3","6.8","4.2","6.1","6.6","7.8","5.4","11.3","0.0","52.0","8.8","16.3","42273","7437","47056","9264","26328","22703","24438","38686","46429","27019","-","**","30938","21404","31094","17105","2,500-","***","41875","5768","45809","10256","40417","30273","52500","53709","82778","82780","-","**","78750","19584","95500","36406","-","**","2.1","(X)","(X)","(X)","(X)","(X)",
"1400000US06111004704","Census Tract 47.04, Ventura County, California","163","87","87","55","76","50","33.1","18.4","52.9","31.4","10.5","20.4","21.5","17.3","27.6","26.2","14.5","17.4","33.7","16.5","19.5","21.2","50.0","36.3","11.7","12.2","0.0","31.9","25.0","21.0","931","100","440","83","491","62","26.3","8.8","22.0","12.0","30.1","10.3","26.2","10.0","27.5","13.1","25.1","10.6","23.5","5.3","25.0","9.8","22.2","6.9","15.3","6.1","15.2","8.5","15.3","7.5","2.8","1.9","1.6","1.8","3.9","3.3","5.9","3.4","8.6","5.6","3.5","3.4","0.0","3.7","0.0","7.6","0.0","6.9","47.5","7.6","50.5","12.5","44.8","10.2","5.9","3.4","8.6","5.6","3.5","3.4","229","71","99","58","130","45","55.0","20.9","68.7","31.4","44.6","29.5","6.1","7.3","0.0","29.0","10.8","12.4","237","90","136","59","101","54","33.3","22.5","29.4","27.0","38.6","30.4","0.0","13.7","0.0","22.4","0.0","28.5","350","63","159","37","191","45","46.9","14.5","54.7","19.2","40.3","18.2","10.9","8.0","22.0","16.3","1.6","2.4","115","49","46","25","69","36","63.5","28.3","58.7","34.3","66.7","30.1","2.6","5.2","6.5","13.4","0.0","37.0","19.0","16.1","17.4","18.5","20.3","15.9","0.0","14.7","0.0","26.7","0.0","26.9","10.7","9.3","0.0","35.5","19.1","16.0","0.0","41.5","0.0","49.9","0.0","74.6","25087","4502","26198","3171","21250","6474","16786","8963","20455","14267","16607","6685","26818","17321","27273","11038","14000","70211","34940","9881","36071","9962","34412","12708","29219","68217","29219","85378","-","**","-","**","-","**","-","**","6.8","(X)","(X)","(X)","(X)","(X)",
"1400000US06111004710","Census Tract 47.10, Ventura County, California","675","235","427","188","248","106","27.3","14.7","31.4","18.8","20.2","18.7","28.3","13.0","36.5","17.7","14.1","19.6","35.9","15.8","23.9","16.9","56.5","21.7","8.6","9.5","8.2","9.0","9.3","12.7","2860","259","1519","191","1341","173","30.0","5.3","22.6","7.7","38.3","7.9","9.6","4.4","11.9","6.2","6.9","4.1","18.9","6.5","27.6","9.8","9.0","4.3","23.1","6.0","22.0","7.0","24.5","8.4","8.3","3.7","9.7","6.1","6.8","3.7","7.3","3.2","2.8","2.1","12.5","6.8","2.7","2.0","3.4","3.0","2.0","1.7","60.4","6.0","65.4","8.2","54.7","7.4","10.0","3.5","6.1","3.4","14.5","6.8","850","187","539","158","311","82","67.1","16.0","67.0","18.0","67.2","17.1","5.2","5.0","1.5","2.6","11.6","12.5","785","213","384","115","401","136","47.0","12.5","63.3","17.6","31.4","14.7","7.5","5.2","4.7","7.3","10.2","6.5","807","118","420","95","387","87","61.0","12.9","57.4","16.2","64.9","14.5","12.9","8.0","5.2","8.3","21.2","13.6","418","126","176","87","242","89","71.1","14.5","84.7","13.2","61.2","19.4","19.1","12.6","25.6","18.8","14.5","18.2","28.6","12.7","24.8","13.9","32.0","16.2","2.8","4.4","2.9","5.5","2.5","6.1","6.9","4.4","1.2","2.1","13.4","9.0","8.0","13.1","0.0","30.4","11.9","19.2","22345","3217","23764","3459","19067","5519","17639","5707","18600","3237","13333","5351","23125","10389","23350","13425","14770","24863","30654","8811","31222","11571","24063","16589","36979","25896","56250","11555","29063","20814","71111","108069","-","**","-","**","6.9","(X)","(X)","(X)","(X)","(X)",
"1400000US06111004711","Census Tract 47.11, Ventura County, California","456","102","331","122","125","72","6.8","8.4","2.4","4.1","18.4","28.3","34.0","18.1","42.3","25.5","12.0","14.3","54.8","21.9","55.0","28.0","54.4","29.5","4.4","6.4","0.3","4.0","15.2","21.5","2158","305","962","204","1196","187","15.4","5.1","6.3","3.4","22.7","7.9","10.6","5.5","15.6","6.4","6.6","8.3","17.7","5.1","20.0","7.4","16.0","6.3","23.6","6.5","26.5","8.4","21.3","7.9","7.4","3.4","9.9","4.7","5.4","3.9","21.5","6.4","19.3","8.3","23.3","7.9","3.7","2.2","2.4","2.6","4.7","3.6","74.0","6.5","78.1","7.5","70.7","9.5","25.2","6.9","21.7","8.9","28.0","8.8","491","97","241","93","250","108","77.4","10.0","69.3","17.0","85.2","17.5","28.5","14.5","25.7","15.0","31.2","24.9","333","118","171","78","162","71","73.6","15.7","78.9","19.2","67.9","22.9","38.1","17.9","36.3","23.6","40.1","25.5","863","200","356","118","507","126","74.6","11.6","87.4","9.1","65.7","17.2","17.7","7.9","18.5","12.7","17.2","8.5","471","109","194","47","277","80","69.6","15.3","71.1","16.9","68.6","19.4","26.3","9.9","9.8","12.3","37.9","17.6","29.8","21.1","35.5","23.7","26.3","25.1","5.7","6.2","7.8","8.5","3.7","5.3","10.0","7.5","4.3","5.3","16.3","13.4","2.9","3.6","0.0","15.4","4.8","5.8","29750","5244","36176","5367","27716","9913","16098","2703","18472","11952","15966","2049","32328","18272","43500","14011","31000","9184","36893","14649","50625","11245","18750","29931","35724","5279","35099","11465","47721","17854","34223","11897","-","**","34167","73518","10.8","(X)","(X)","(X)","(X)","(X)",
"1400000US06111004715","Census Tract 47.15, Ventura County, California","661","130","407","125","254","90","21.3","12.6","29.2","18.6","8.7","9.4","25.6","12.2","29.0","18.4","20.1","14.1","46.9","13.9","31.7","15.8","71.3","20.5","6.2","7.0","10.1","10.9","0.0","12.8","3200","364","1554","215","1646","200","24.7","6.2","20.1","6.8","29.1","7.6","15.7","5.7","16.5","6.9","14.9","6.5","22.7","5.5","24.1","8.0","21.4","6.5","20.7","4.7","20.5","6.2","20.9","5.9","7.4","2.9","10.5","4.9","4.4","3.0","7.5","3.6","6.0","4.5","9.0","4.4","1.3","0.9","2.3","1.8","0.3","0.6","59.6","8.1","63.4","8.3","56.0","9.5","8.8","3.7","8.2","4.5","9.3","4.5","811","224","377","127","434","121","62.5","12.5","66.0","15.5","59.4","16.5","12.7","8.1","12.7","12.8","12.7","8.1","914","214","377","125","537","137","61.7","14.4","66.3","16.5","58.5","15.8","12.8","9.2","18.0","12.2","9.1","8.1","1156","189","653","122","503","109","59.3","12.1","64.3","13.2","52.9","17.0","4.2","3.7","1.8","2.4","7.4","7.7","319","114","147","73","172","59","47.0","27.1","44.9","32.8","48.8","26.1","3.8","7.1","0.0","21.0","7.0","12.9","20.6","9.0","16.5","8.6","23.8","11.4","11.6","11.0","12.8","14.8","10.2","9.6","8.7","6.8","5.6","5.3","12.2","12.3","0.0","11.7","0.0","23.6","0.0","20.3","23900","5212","27929","7373","18922","5918","17151","2340","21914","2750","14726","2853","28229","8091","31332","3494","22167","8521","30913","15350","33214","16196","26719","30137","42361","37053","53750","58237","36042","61413","85882","55881","86250","36713","-","**","12.5","(X)","(X)","(X)","(X)","(X)",
"1400000US06111004716","Census Tract 47.16, Ventura County, California","507","131","265","102","242","98","17.8","10.3","33.2","16.4","0.8","1.6","23.5","13.4","14.0","9.2","33.9","25.7","56.2","15.7","49.4","18.1","63.6","26.1","2.6","3.7","3.4","6.2","1.7","3.9","2578","284","1459","240","1119","108","22.8","6.0","20.0","8.7","26.5","9.1","12.8","4.3","13.0","4.8","12.5","6.1","23.6","5.3","29.7","9.2","15.7","5.4","22.9","6.0","26.5","8.5","18.2","6.3","6.1","2.7","5.9","3.8","6.4","4.1","10.9","3.1","4.9","3.0","18.7","6.0","0.9","1.0","0.0","2.4","2.0","2.3","64.4","6.1","67.0","7.3","61.0","9.2","11.8","3.3","4.9","3.0","20.6","6.7","800","207","528","191","272","83","68.3","12.2","64.2","17.0","76.1","15.2","9.5","6.4","2.3","3.2","23.5","16.8","552","118","346","95","206","73","76.3","14.0","73.1","15.3","81.6","18.0","5.8","6.5","0.0","9.6","15.5","17.5","840","109","386","73","454","63","58.2","10.1","64.0","12.0","53.3","11.9","11.4","3.9","2.6","3.5","18.9","6.9","386","96","199","75","187","90","53.1","20.1","69.8","19.4","35.3","24.4","25.6","11.9","25.1","21.0","26.2","20.2","20.5","11.9","13.8","11.6","28.0","15.5","11.7","10.0","15.5","14.3","2.3","4.8","14.7","8.9","16.9","12.0","10.9","9.7","11.9","12.5","0.0","36.4","15.6","15.8","29938","6110","35234","5965","20469","6367","17260","15851","25739","12702","12888","6801","31667","6745","34250","6749","22348","8188","36451","6210","43367","7552","21167","17192","29125","20288","36111","26846","28125","19955","-","**","-","**","-","**","3.7","(X)","(X)","(X)","(X)","(X)",
"1400000US06111004717","Census Tract 47.17, Ventura County, California","602","174","203","106","399","109","36.9","20.2","44.3","31.3","33.1","17.4","35.7","17.3","35.5","26.1","35.8","16.7","27.4","13.7","20.2","20.6","31.1","13.9","0.0","5.6","0.0","15.8","0.0","8.4","2278","300","1219","206","1059","172","39.9","6.4","36.1","8.0","44.3","8.5","11.0","4.7","10.7","6.0","11.2","5.0","23.6","8.6","20.9","10.6","26.7","12.0","18.3","5.1","25.6","8.7","9.9","4.4","3.7","2.3","3.6","3.8","3.8","2.8","2.6","1.9","1.6","1.7","3.9","3.8","0.9","1.3","1.5","2.3","0.2","0.4","49.1","8.0","53.2","9.0","44.5","11.1","3.5","2.3","3.0","2.9","4.1","3.8","609","179","379","151","230","82","64.9","14.2","65.2","19.3","64.3","21.2","4.4","4.2","0.0","8.8","11.7","9.9","596","176","319","118","277","111","49.0","15.4","41.4","20.1","57.8","21.9","0.0","5.7","0.0","10.4","0.0","11.9","784","91","396","75","388","65","40.2","10.7","52.0","13.5","28.1","10.4","6.8","4.6","9.3","8.7","4.1","4.9","289","116","125","57","164","71","40.5","19.7","50.4","23.9","32.9","21.7","0.0","11.4","0.0","24.1","0.0","19.1","16.4","8.1","13.8","8.5","18.9","12.1","18.4","19.6","0.0","12.8","35.0","29.6","7.2","8.0","8.4","10.4","4.1","6.7","0.0","33.7","0.0","50.6","0.0","46.9","23840","2497","24401","2821","22844","6816","16747","930","22746","7673","15334","1734","24167","3473","21188","11746","25625","2899","40559","5121","33594","20146","40915","1240","66000","24791","-","**","65694","56555","-","**","-","**","-","**","6.0","(X)","(X)","(X)","(X)","(X)",
"1400000US06111004901","Census Tract 49.01, Ventura County, California","950","245","571","195","379","151","12.3","9.9","16.1","14.0","6.6","8.4","28.1","15.1","28.7","14.7","27.2","22.1","57.1","15.5","53.4","15.4","62.5","22.8","2.5","2.8","1.8","3.1","3.7","5.6","3855","405","1870","286","1985","244","10.5","4.8","10.9","5.4","10.2","5.7","4.2","2.5","6.7","4.5","1.8","1.7","27.8","5.4","31.2","9.7","24.6","8.4","23.0","4.8","21.4","7.4","24.5","6.3","14.3","4.1","9.8","4.9","18.5","6.7","14.7","4.6","15.3","6.5","14.1","6.0","5.5","2.9","4.7","2.8","6.2","4.0","85.3","5.1","82.4","6.5","88.0","5.8","20.2","5.2","20.0","7.3","20.4","7.1","1310","314","667","220","643","165","93.6","5.0","87.4","9.8","100.0","5.3","25.3","9.8","17.5","11.4","33.4","13.7","903","216","444","126","459","130","89.4","7.9","91.7","8.3","87.1","13.0","19.0","9.7","26.6","16.4","11.8","10.3","1367","219","622","148","745","161","78.0","10.6","76.4","13.9","79.3","11.8","16.0","6.5","18.2","9.3","14.2","8.1","275","117","137","72","138","73","68.7","16.2","55.5","28.6","81.9","20.7","20.0","11.9","19.0","19.9","21.0","21.4","0.0","6.1","0.0","10.4","0.0","13.6","4.7","5.5","0.0","5.8","10.2","12.9","3.8","3.4","0.0","5.9","6.3","5.5","5.7","5.4","11.8","10.3","0.0","8.3","41286","5134","48522","3928","37633","7778","27868","6112","27786","12060","27925","17943","41159","8208","49340","4253","24409","10630","41000","5511","47959","15020","39851","7003","50990","8132","51224","10239","50489","18726","101691","21712","99688","22074","103750","65082","8.1","(X)","(X)","(X)","(X)","(X)",
"1400000US06111004902","Census Tract 49.02, Ventura County, California","646","278","344","158","302","152","39.6","16.8","27.6","23.5","53.3","34.2","28.0","22.0","32.0","23.9","23.5","25.4","32.4","19.4","40.4","34.2","23.2","24.6","0.0","5.3","0.0","9.7","0.0","10.9","2512","196","1283","208","1229","146","44.4","8.6","46.8","9.3","41.9","10.9","19.3","5.8","9.3","5.9","29.9","12.2","12.4","4.9","12.7","6.6","12.0","7.9","19.9","7.7","28.6","11.5","10.7","8.2","1.0","1.5","1.9","3.2","0.2","1.3","2.6","3.3","0.7","2.5","4.6","5.8","0.3","1.0","0.0","2.7","0.7","2.0","36.2","8.0","43.9","11.4","28.2","13.2","2.9","3.9","0.7","2.5","5.3","6.3","459","168","218","119","241","119","72.1","20.5","68.8","26.7","75.1","22.3","3.7","12.0","4.1","15.9","3.3","9.6","699","238","400","139","299","124","47.5","11.7","81.3","17.0","2.3","7.4","0.0","4.9","0.0","8.4","0.0","11.0","807","156","422","116","385","109","20.7","15.3","17.5","19.4","24.2","17.4","0.0","4.2","0.0","8.0","0.0","8.7","547","218","243","123","304","142","14.6","15.2","5.8","8.2","21.7","24.2","10.4","13.4","0.0","13.4","18.8","22.4","19.1","8.6","20.4","11.1","18.0","8.2","11.3","13.0","4.3","8.5","18.9","25.4","1.3","2.3","1.8","3.1","0.0","22.7","77.0","57.1","0.0","100.0","87.7","37.9","16823","2468","20931","5204","11865","5430","14186","3907","17218","5307","11376","3297","21781","10072","21645","8281","22266","19024","31522","19046","33214","15015","7941","2330","-","**","-","**","-","**","-","**","-","**","-","**","1.6","(X)","(X)","(X)","(X)","(X)",
"1400000US06111005002","Census Tract 50.02, Ventura County, California","359","107","150","57","209","91","27.9","15.6","31.3","17.7","25.4","18.8","33.7","15.4","34.7","21.0","33.0","21.2","38.4","13.4","34.0","21.1","41.6","19.9","0.0","9.3","0.0","20.6","0.0","15.4","1466","220","712","144","754","120","35.7","9.4","42.1","11.0","29.6","10.4","11.4","4.9","10.0","6.6","12.7","6.4","25.0","8.2","22.2","8.5","27.7","12.4","20.7","5.1","20.9","9.9","20.6","8.2","1.7","1.4","1.1","2.0","2.3","2.0","4.2","3.0","1.1","1.3","7.2","5.5","1.2","1.4","2.5","2.9","0.0","4.5","52.9","9.3","47.9","11.9","57.7","10.2","5.5","3.2","3.7","3.2","7.2","5.5","568","139","250","83","318","80","64.8","11.7","46.0","19.7","79.6","12.9","3.9","4.9","1.6","2.7","5.7","8.2","346","103","201","73","145","50","44.2","13.7","43.3","16.8","45.5","20.8","0.0","9.6","0.0","15.9","0.0","21.2","460","115","220","70","240","73","42.4","16.6","49.5","20.9","35.8","18.1","9.1","7.4","5.0","5.6","12.9","13.2","92","49","41","25","51","32","65.2","26.4","73.2","28.2","58.8","33.9","17.4","17.5","26.8","37.9","9.8","15.2","21.0","9.4","10.8","9.7","32.9","13.8","12.5","10.4","9.5","11.4","14.8","15.4","7.0","7.5","0.0","19.8","13.4","13.0","33.8","36.3","0.0","60.4","50.0","49.2","19886","6297","25696","2736","15798","1892","16588","1332","24091","8798","15223","1689","24511","6355","33295","10745","21296","5270","25100","13137","27303","40969","12415","18813","13438","71131","-","**","7228","98429","-","**","-","**","-","**","2.0","(X)","(X)","(X)","(X)","(X)",
"1400000US06111005003","Census Tract 50.03, Ventura County, California","978","232","556","196","422","109","7.2","4.8","7.2","6.8","7.1","8.6","42.2","14.1","46.9","14.2","36.0","24.0","47.6","13.6","45.9","13.5","50.0","23.5","3.0","3.6","0.0","6.1","6.9","8.3","4228","446","2297","254","1931","254","29.3","7.1","29.1","7.3","29.5","8.9","16.5","4.7","18.5","6.3","14.1","6.0","29.9","7.6","34.1","9.5","25.0","8.3","15.1","3.6","11.9","4.7","18.9","5.5","3.9","2.0","3.4","2.5","4.5","3.1","4.0","2.1","2.9","2.5","5.2","3.6","1.3","1.3","0.1","0.2","2.8","2.9","54.2","8.4","52.3","9.7","56.4","9.7","5.3","2.6","3.0","2.5","8.1","5.0","995","309","551","209","444","163","59.6","14.6","54.1","18.9","66.4","19.3","6.2","5.9","0.0","6.2","14.0","13.3","977","225","540","143","437","115","61.9","14.5","67.2","16.0","55.4","20.3","5.8","5.5","7.4","8.4","3.9","6.2","1578","250","820","127","758","151","54.0","13.2","50.0","16.0","58.3","13.9","5.8","4.2","3.3","4.3","8.6","7.5","678","158","386","95","292","99","35.5","16.2","33.9","18.2","37.7","20.5","2.1","2.8","0.5","1.2","4.1","6.1","21.5","10.0","14.7","8.8","30.3","12.8","7.4","6.3","6.6","6.3","8.7","8.4","5.2","5.9","8.6","10.8","2.7","3.3","9.3","14.7","30.4","42.2","0.0","19.9","23950","2765","25890","1977","19460","3807","17364","4966","19178","8417","15179","4691","25493","2862","27440","6703","16090","6998","23773","3766","29432","22166","21234","4033","50147","17341","45350","33014","62991","19053","62083","6354","-","**","62083","6354","8.2","(X)","(X)","(X)","(X)","(X)",
"1400000US06111005004","Census Tract 50.04, Ventura County, California","731","232","403","174","328","160","6.3","6.7","0.5","1.6","13.4","14.4","29.4","15.7","35.0","23.9","22.6","22.2","44.6","16.7","33.7","25.4","57.9","23.9","19.7","14.8","30.8","23.5","6.1","7.7","3041","201","1481","163","1560","157","15.3","6.6","17.8","8.0","12.9","7.7","2.6","2.6","3.0","2.8","2.2","3.1","17.2","6.1","20.1","7.6","14.6","6.9","13.9","4.0","15.1","5.0","12.8","5.9","10.5","4.1","7.6","5.8","13.3","5.9","31.7","5.8","30.3","7.6","33.0","7.2","8.7","2.7","6.2","3.1","11.2","4.8","82.1","6.8","79.2","8.3","84.8","7.6","40.4","6.2","36.5","7.7","44.2","7.7","1183","222","547","144","636","136","95.8","4.5","98.9","3.2","93.1","7.2","53.0","10.8","41.5","16.1","62.9","11.8","808","163","472","90","336","100","82.5","10.9","75.8","15.3","92.0","9.8","42.9","13.5","44.3","15.7","41.1","19.7","880","247","366","110","514","184","69.1","19.0","62.3","23.6","73.9","18.1","28.0","13.5","26.0","17.0","29.4","15.1","170","82","96","51","74","48","51.8","16.1","47.9","34.5","56.8","45.3","5.9","9.9","10.4","16.2","0.0","35.5","46.8","28.5","42.9","30.2","51.9","31.2","4.4","5.7","7.7","10.0","0.0","14.3","12.1","6.9","6.3","7.3","17.0","11.2","1.8","2.3","0.0","6.3","3.2","3.9","47855","6674","53083","9704","41995","9427","15268","13925","13015","21089","20058","12948","17447","17183","22143","27056","15403","10876","47500","14873","61591","18890","33092","17364","58647","6661","69241","21258","57700","14270","66442","16205","101667","31254","62721","23690","1.8","(X)","(X)","(X)","(X)","(X)",
"1400000US06111005100","Census Tract 51, Ventura County, California","576","162","383","118","193","80","38.7","11.2","47.3","13.8","21.8","15.8","26.7","11.4","28.5","13.6","23.3","18.0","32.1","9.2","24.3","11.7","47.7","19.9","2.4","2.7","0.0","8.7","7.3","8.5","2343","235","1126","157","1217","138","14.2","5.7","15.9","8.0","12.7","4.9","5.8","2.6","5.4","3.0","6.2","4.1","14.9","4.2","16.5","5.6","13.5","5.0","25.5","5.2","17.3","4.7","33.0","7.7","5.6","2.6","3.3","2.5","7.7","4.1","21.0","4.5","26.0","8.3","16.4","5.1","13.0","3.5","15.5","4.6","10.6","4.7","80.0","6.4","78.7","8.2","81.2","6.4","34.0","5.7","41.6","9.2","27.0","5.4","407","143","200","81","207","88","74.2","20.3","70.0","27.9","78.3","17.2","26.0","12.7","46.5","25.2","6.3","6.5","320","78","138","62","182","51","80.0","12.2","77.5","14.9","81.9","16.4","22.5","13.2","26.1","20.5","19.8","14.9","916","121","454","103","462","68","81.7","7.8","83.5","10.3","79.9","9.1","34.7","10.8","40.7","15.0","28.8","11.7","700","110","334","60","366","82","81.1","8.2","77.8","9.9","84.2","10.1","42.9","9.7","46.1","12.2","39.9","11.5","19.5","16.2","12.4","15.0","28.4","20.5","13.4","9.6","10.2","8.0","17.2","14.3","2.5","2.3","2.3","3.5","2.6","2.9","2.3","2.1","1.1","1.9","4.0","4.3","40513","14140","48221","15584","30938","15399","20372","4221","21250","4214","15208","30645","22212","17553","24063","42744","12250","22611","37500","17233","60781","37602","24653","18958","78929","26428","80833","37774","65833","31101","108529","44718","121786","11481","18000","96953","2.9","(X)","(X)","(X)","(X)","(X)",
"1400000US06111005202","Census Tract 52.02, Ventura County, California","298","150","180","102","118","65","3.7","5.5","0.0","17.6","9.3","13.2","48.0","28.4","55.6","31.5","36.4","30.3","42.3","26.3","37.8","29.1","49.2","31.6","6.0","8.3","6.7","9.6","5.1","8.5","2013","161","921","122","1092","87","6.2","4.8","7.9","6.2","4.8","3.8","3.8","2.8","2.3","2.4","5.1","3.8","15.8","4.3","13.4","5.6","17.9","5.9","30.1","6.3","35.7","9.8","25.4","6.9","5.5","3.0","5.0","3.5","5.9","4.2","23.1","5.6","21.3","6.9","24.5","8.2","15.5","5.1","14.4","7.3","16.4","6.0","90.0","5.2","89.8","6.7","90.1","4.9","38.5","7.5","35.7","9.2","40.9","8.1","251","104","103","66","148","65","93.2","10.0","100.0","28.1","88.5","17.6","37.5","18.6","17.5","18.5","51.4","25.1","292","85","136","40","156","63","100.0","11.3","100.0","22.4","100.0","19.9","58.9","25.0","47.8","27.2","68.6","26.1","983","143","456","89","527","86","85.9","10.0","82.7","12.1","88.6","9.1","45.1","11.9","49.1","16.2","41.6","12.3","487","82","226","48","261","58","90.6","9.2","93.4","9.3","88.1","10.1","13.8","7.4","9.7","7.2","17.2","11.5","15.3","18.2","0.0","30.1","28.7","28.1","16.3","13.6","16.3","22.9","16.3","16.2","5.7","5.2","10.9","9.9","0.0","9.7","0.8","1.4","0.0","10.1","1.3","2.4","46607","14546","52888","18081","38036","17896","28553","19301","29671","2285","-","**","28750","21449","42604","42507","27750","27844","33833","7157","37292","7364","12366","10346","65592","29972","104063","27187","61207","21112","96222","1459","109345","14619","53750","73777","5.8","(X)","(X)","(X)","(X)","(X)",
"1400000US06111005203","Census Tract 52.03, Ventura County, California","563","185","318","162","245","89","29.0","16.1","33.6","28.7","22.9","12.8","16.5","11.3","13.5","14.4","20.4","16.4","46.9","12.1","41.8","19.1","53.5","19.0","7.6","7.6","11.0","13.4","3.3","5.0","3698","228","1829","150","1869","152","4.5","3.8","3.9","4.0","5.0","3.9","4.9","2.8","5.2","3.1","4.7","3.0","16.3","4.0","17.6","5.4","15.1","4.9","22.4","4.3","17.4","5.8","27.2","5.3","9.3","2.3","9.6","3.5","9.1","3.4","27.6","4.2","27.8","6.8","27.4","5.9","14.9","3.8","18.4","6.4","11.5","4.0","90.6","4.1","90.9","4.2","90.3","4.4","42.5","6.2","46.3","7.8","38.9","6.5","422","151","213","94","209","82","94.1","8.6","93.9","9.1","94.3","8.5","30.3","12.7","32.4","20.0","28.2","17.2","696","152","365","83","331","103","87.6","6.1","91.5","7.0","83.4","10.9","33.8","11.8","29.6","13.6","38.4","15.4","1561","120","818","125","743","79","86.8","8.1","85.9","8.6","87.8","9.3","46.8","9.3","50.4","12.5","42.8","10.5","1019","115","433","73","586","109","97.0","2.4","98.2","3.2","96.1","3.5","47.1","8.9","59.4","11.8","38.1","12.0","4.9","6.6","0.0","18.8","9.4","12.7","10.4","9.2","13.0","12.3","7.4","16.6","7.0","4.0","4.9","5.3","8.5","5.8","6.0","4.7","4.8","4.2","7.4","9.5","43114","5546","60907","14678","31379","4400","21378","3084","21786","26158","19444","29770","31023","5707","31932","16661","29412","3834","36708","10163","50298","22762","30037","8776","60282","14588","68304","19322","36310","14544","85375","16107","93712","19184","66083","8453","6.5","(X)","(X)","(X)","(X)","(X)",
"1400000US06111005204","Census Tract 52.04, Ventura County, California","189","85","68","41","121","69","27.0","26.5","16.2","23.4","33.1","39.8","15.3","12.9","14.7","21.8","15.7","20.7","31.2","17.7","32.4","28.6","30.6","22.7","26.5","14.4","36.8","29.5","20.7","19.5","2644","150","1274","125","1370","124","1.2","1.7","1.3","1.8","1.2","1.6","2.0","1.8","3.4","3.5","0.7","1.1","20.7","5.8","19.8","7.9","21.6","6.8","22.7","6.5","17.7","6.0","27.4","9.4","5.0","2.3","5.7","3.8","4.3","3.4","25.8","6.2","22.6","7.0","28.8","8.2","22.6","5.0","29.7","6.9","16.1","6.5","96.8","2.3","95.4","3.7","98.1","1.8","48.4","8.4","52.3","9.0","44.8","10.0","271","97","111","58","160","71","100.0","12.1","100.0","26.5","100.0","19.5","29.2","19.8","10.8","17.6","41.9","27.7","363","86","179","68","184","68","93.9","9.1","87.7","18.1","100.0","17.2","38.8","19.3","34.6","24.1","42.9","25.2","1151","97","572","73","579","69","99.7","0.4","99.7","0.8","99.7","0.7","58.3","9.9","62.8","11.5","53.9","12.7","859","145","412","67","447","131","93.1","6.0","91.5","8.7","94.6","5.3","45.3","10.5","56.6","14.1","34.9","12.3","4.7","7.0","3.4","8.9","7.7","18.2","3.1","3.8","0.4","2.0","5.4","6.7","7.9","6.9","4.7","7.0","10.1","8.9","7.4","6.0","11.4","8.6","3.1","4.5","56833","18653","82800","10770","37647","12412","-","**","-","**","-","**","30026","14596","37000","70615","16372","9018","54821","19286","63500","25529","52679","29148","43427","26967","82357","43746","26776","32048","109188","31495","132738","17453","81016","19548","4.2","(X)","(X)","(X)","(X)","(X)",
"1400000US06111005205","Census Tract 52.05, Ventura County, California","371","131","283","108","88","58","5.9","8.4","7.8","11.8","0.0","31.6","48.2","20.5","52.3","25.2","35.2","31.9","36.7","21.5","29.3","21.8","60.2","31.4","9.2","8.9","10.6","11.5","4.5","7.5","4425","310","2226","212","2199","199","1.8","1.4","1.2","1.5","2.4","2.5","7.1","4.7","6.7","4.5","7.4","5.7","13.1","3.7","12.3","6.0","13.9","4.7","24.2","6.3","24.4","8.6","23.9","6.7","11.4","3.8","8.5","4.4","14.2","6.1","23.0","4.8","25.9","6.3","20.1","6.1","19.5","4.4","21.0","5.3","18.0","5.1","91.2","5.0","92.1","4.7","90.2","6.5","42.6","6.7","46.9","8.0","38.2","8.3","874","267","520","172","354","158","97.0","3.9","95.0","6.6","100.0","9.4","30.7","12.6","26.7","15.5","36.4","16.4","519","158","208","96","311","158","70.7","19.6","77.4","18.0","66.2","26.8","29.5","17.5","37.0","24.1","24.4","23.9","1931","215","943","144","988","128","95.9","4.1","92.7","7.9","98.9","1.9","51.2","8.5","55.9","11.2","46.8","10.5","1101","119","555","87","546","100","87.9","7.1","94.1","6.7","81.7","11.1","43.0","9.0","54.2","12.7","31.5","11.8","20.6","15.9","8.0","13.3","31.1","25.3","6.6","9.3","0.0","12.0","12.5","16.8","12.1","10.1","16.6","12.3","8.1","8.5","1.9","1.9","0.5","0.9","3.7","3.8","43160","10011","58125","21726","37589","16086","15119","19840","32024","25551","2,500-","***","31875","5571","31901","4398","31776","35722","34975","7464","39224","9128","32575","20372","58750","32452","100313","30691","43482","3393","106136","68631","176719","44203","74583","29329","5.2","(X)","(X)","(X)","(X)","(X)",
"1400000US06111005303","Census Tract 53.03, Ventura County, California","603","180","323","121","280","140","4.6","5.8","2.2","3.6","7.5","12.3","30.0","16.1","39.0","20.4","19.6","17.5","57.9","17.2","50.2","21.4","66.8","20.8","7.5","6.7","8.7","9.5","6.1","9.2","5971","333","2883","223","3088","240","0.6","1.0","0.0","1.2","1.2","1.9","1.7","1.3","1.1","1.4","2.3","1.8","15.1","3.7","14.9","5.2","15.3","4.9","20.9","4.3","18.7","5.8","23.1","5.7","11.1","3.7","7.5","3.9","14.5","5.1","32.5","4.8","37.4","7.0","27.8","6.2","18.1","3.6","20.4","5.6","15.9","4.4","97.7","2.2","98.9","1.4","96.5","3.3","50.5","5.3","57.8","7.4","43.7","6.8","1172","341","640","232","532","172","100.0","2.9","100.0","5.3","100.0","6.4","50.2","14.3","43.8","21.2","57.9","15.2","1291","220","537","118","754","140","97.7","2.6","97.0","5.0","98.1","2.7","67.5","10.0","74.5","12.8","62.6","14.0","2615","262","1319","168","1296","159","97.7","2.9","100.0","2.6","95.4","5.6","48.5","7.1","60.7","10.5","36.0","9.7","893","193","387","100","506","158","94.5","6.3","95.9","6.7","93.5","7.4","32.5","11.3","48.3","17.3","20.4","11.5","0.0","22.0","0.0","54.4","0.0","27.3","5.8","5.3","4.7","6.9","6.8","7.5","1.5","1.8","0.0","4.5","2.4","3.1","2.7","2.1","2.2","2.5","3.3","3.0","62969","6709","74091","10078","42813","5908","20469","30583","-","**","-","**","42240","9772","65272","41780","19833","36420","44737","7191","62380","12115","26231","10851","72679","15234","79427","32111","61422","25238","84975","7097","100521","22348","73382","10486","3.8","(X)","(X)","(X)","(X)","(X)",
"1400000US06111005304","Census Tract 53.04, Ventura County, California","131","68","77","49","54","54","13.0","23.8","22.1","35.4","0.0","41.9","12.2","14.3","0.0","34.6","29.6","26.5","45.0","27.8","27.3","35.8","70.4","26.5","29.8","24.3","50.6","37.7","0.0","41.9","4519","332","1876","221","2643","189","0.8","0.9","0.0","1.8","1.3","1.6","5.4","2.9","6.5","4.4","4.5","3.5","23.8","4.4","16.5","6.4","28.9","6.1","30.2","5.0","23.5","7.7","35.0","6.1","10.5","3.3","9.6","5.2","11.0","4.9","18.9","3.6","27.8","7.4","12.5","4.1","10.6","3.1","16.0","5.6","6.7","3.2","93.9","3.0","93.5","4.4","94.1","3.8","29.4","4.9","43.9","9.7","19.1","4.8","545","171","256","98","289","106","100.0","6.2","100.0","12.8","100.0","11.4","33.6","16.6","35.9","30.1","31.5","22.2","266","89","157","58","109","52","100.0","12.3","100.0","19.8","100.0","26.9","35.0","20.6","50.3","25.3","12.8","20.3","1191","159","572","112","619","85","91.6","7.8","88.1","12.2","94.8","6.4","28.3","10.7","37.6","15.9","19.7","11.1","2517","236","891","164","1626","162","93.0","4.1","93.9","4.8","92.4","5.8","28.4","5.5","49.0","10.3","17.2","5.3","0.0","11.9","0.0","24.6","0.0","20.1","6.1","4.6","0.0","10.9","8.5","6.2","2.4","2.3","1.9","3.2","2.7","3.0","1.7","1.9","1.2","1.9","2.6","3.9","50213","3671","66273","7012","41161","9727","67917","88192","-","**","-","**","34236","29786","52045","25524","16182","4556","49000","3802","53534","20128","48309","8993","60347","17797","70547","16283","50139","31935","77614","37373","96538","47390","48917","69778","4.8","(X)","(X)","(X)","(X)","(X)",
"1400000US06111005305","Census Tract 53.05, Ventura County, California","651","160","413","109","238","88","0.0","5.2","0.0","8.1","0.0","13.6","13.2","8.9","9.9","8.2","18.9","18.6","69.6","12.7","77.7","13.0","55.5","23.0","17.2","8.4","12.3","9.5","25.6","20.8","3823","255","2009","178","1814","164","1.3","1.1","1.2","1.3","1.4","1.3","1.2","1.2","0.9","1.1","1.5","2.3","12.3","3.0","10.9","4.3","13.9","4.3","19.2","4.9","14.6","4.9","24.3","6.0","5.9","3.0","6.2","3.6","5.6","3.2","32.0","4.4","29.6","6.1","34.6","6.2","28.1","5.2","36.7","7.4","18.6","5.3","97.5","1.4","97.9","1.7","97.1","2.3","60.1","5.6","66.3","7.2","53.3","6.5","369","138","232","118","137","86","100.0","9.0","100.0","14.0","100.0","22.3","52.6","24.4","47.0","30.4","62.0","32.3","563","96","276","63","287","63","98.0","2.8","96.0","5.6","100.0","11.5","60.0","13.8","57.6","18.3","62.4","20.1","2199","158","1108","105","1091","80","97.6","2.3","98.5","1.9","96.7","3.9","61.4","6.6","68.1","9.2","54.6","8.9","692","108","393","83","299","70","95.5","4.6","96.4","5.8","94.3","6.3","60.1","10.8","78.9","11.0","35.5","13.7","0.0","29.9","0.0","47.5","0.0","42.3","7.4","6.5","5.5","8.7","9.1","9.6","4.3","3.6","0.0","8.0","7.6","6.4","3.8","2.9","3.4","4.1","4.5","3.4","87045","16570","108326","7357","57527","29738","25125","108581","121429","246020","-","**","50096","51407","57500","60667","29250","57840","75900","17874","98906","14498","36161","25283","79063","18090","112059","65624","61917","17540","140625","37259","150905","26712","85417","24464","4.2","(X)","(X)","(X)","(X)","(X)",
"1400000US06111005306","Census Tract 53.06, Ventura County, California","579","141","339","125","240","75","2.6","2.6","2.7","3.6","2.5","4.2","42.5","16.2","51.6","15.6","29.6","26.0","47.2","17.2","45.7","15.5","49.2","25.5","7.8","6.3","0.0","9.8","18.8","14.7","3317","170","1536","100","1781","129","1.1","1.1","2.5","2.4","0.0","1.9","1.8","1.1","1.9","1.9","1.7","1.5","11.5","3.3","7.9","4.8","14.7","4.9","25.1","5.8","21.1","6.8","28.5","7.2","9.5","3.4","10.2","5.5","8.9","4.7","31.9","5.1","33.2","6.9","30.7","6.9","19.1","3.8","23.3","6.0","15.5","5.0","97.0","1.6","95.6","3.0","98.3","1.5","51.0","6.2","56.5","8.0","46.2","7.4","522","150","223","87","299","118","100.0","6.5","100.0","14.5","100.0","11.0","51.1","13.1","60.1","19.0","44.5","16.7","546","94","228","63","318","68","98.4","2.4","96.1","5.8","100.0","10.4","56.4","12.7","53.9","17.4","58.2","17.2","1615","109","775","84","840","62","98.3","1.7","96.4","3.5","100.0","4.1","49.4","9.5","56.1","13.6","43.2","9.8","634","92","310","57","324","64","90.4","6.8","90.3","10.7","90.4","8.3","50.2","13.2","56.8","16.1","43.8","14.8","0.0","29.2","0.0","37.6","0.0","55.3","6.0","6.7","5.8","10.5","6.1","6.5","2.0","2.3","2.3","4.0","1.8","2.6","1.4","1.3","0.9","1.5","1.8","2.2","56689","9125","82333","13948","39630","5747","13333","4177","13333","4177","-","**","34491","15636","67083","65370","32870","24946","40903","4079","49722","13255","37817","16010","76068","8129","97188","10074","42857","23282","85938","22446","114500","31770","77266","10904","3.2","(X)","(X)","(X)","(X)","(X)",
"1400000US06111005401","Census Tract 54.01, Ventura County, California","378","164","184","92","194","95","4.8","4.8","3.8","6.4","5.7","7.6","27.2","15.5","33.7","19.6","21.1","16.8","58.7","17.5","59.2","21.5","58.2","21.0","9.3","10.0","3.3","7.5","14.9","16.2","2917","298","1361","184","1556","199","6.5","5.6","4.6","5.8","8.2","6.1","3.5","2.1","3.5","2.5","3.5","3.6","18.6","4.6","17.0","5.9","20.1","5.4","33.4","6.8","37.8","9.8","29.6","7.2","14.6","5.7","9.2","4.4","19.3","8.1","15.7","4.0","17.0","5.0","14.5","5.0","7.7","3.1","11.0","4.4","4.9","3.2","90.0","6.5","92.0","6.1","88.3","8.5","23.4","5.4","28.0","6.3","19.4","6.3","393","166","262","131","131","74","85.5","15.1","81.7","22.1","93.1","11.5","5.6","5.7","0.0","12.5","16.8","17.3","609","143","279","77","330","80","100.0","5.6","100.0","11.8","100.0","10.1","17.9","11.7","19.7","13.4","16.4","12.0","1198","109","569","65","629","73","95.2","3.8","91.9","7.5","98.1","2.3","36.1","7.9","43.2","10.5","29.7","10.0","717","125","251","61","466","148","75.5","17.7","94.0","4.8","65.5","23.8","16.6","7.5","31.9","13.6","8.4","6.6","3.4","5.5","0.9","2.3","4.9","9.1","5.0","5.8","7.3","11.2","3.2","5.5","2.5","2.5","3.0","3.3","2.1","3.5","8.4","8.3","3.4","4.8","14.6","16.4","43767","7420","53359","16398","36429","9564","27883","6064","28903","7638","23148","15003","23375","22061","50903","20668","17727","14530","44146","6767","46667","19902","43387","6341","62833","23454","99519","30705","42554","59311","80938","12051","81964","8729","75446","86475","1.9","(X)","(X)","(X)","(X)","(X)",
"1400000US06111005403","Census Tract 54.03, Ventura County, California","249","84","111","69","138","77","15.3","12.4","14.4","13.0","15.9","24.2","50.6","18.5","71.2","25.7","34.1","23.5","34.1","19.9","14.4","23.0","50.0","24.3","0.0","13.1","0.0","26.5","0.0","22.2","1672","182","749","86","923","143","14.6","5.9","11.5","5.4","17.1","8.4","8.4","3.9","4.0","3.4","11.9","5.3","17.4","6.5","23.1","10.6","12.8","5.6","29.2","4.9","22.2","8.4","35.0","9.7","11.5","6.0","18.4","12.6","5.9","3.5","16.3","6.8","17.9","7.9","15.0","10.2","2.6","1.8","2.9","3.2","2.4","2.2","77.0","6.4","84.5","6.5","71.0","8.9","18.9","7.2","20.8","8.2","17.3","10.7","374","183","201","92","173","111","81.8","14.9","84.6","17.3","78.6","22.2","35.6","16.6","22.4","16.7","50.9","36.1","299","135","115","77","184","69","69.6","18.6","72.2","23.9","67.9","18.6","6.4","7.4","4.3","8.3","7.6","8.2","527","91","217","64","310","55","77.8","12.4","85.3","13.0","72.6","13.3","15.9","7.8","19.8","13.0","13.2","8.5","472","88","216","63","256","67","77.1","9.8","90.3","7.6","66.0","14.4","16.9","8.1","29.2","16.5","6.6","5.9","14.8","11.0","7.8","12.2","17.9","12.1","11.3","9.6","12.7","14.8","9.3","10.0","8.5","7.2","5.3","7.0","11.1","10.5","2.5","3.0","3.2","4.8","1.9","4.2","39609","6751","42973","5038","37364","5419","20281","3066","23472","7433","19632","1003","37708","21795","41188","42363","28000","36754","44875","3601","43946","3372","46275","5218","65833","59979","105313","52087","38388","11584","-","**","-","**","-","**","8.1","(X)","(X)","(X)","(X)","(X)",
"1400000US06111005404","Census Tract 54.04, Ventura County, California","390","119","254","94","136","71","18.5","13.0","5.5","9.3","42.6","34.9","8.5","9.0","13.0","13.2","0.0","22.4","64.1","10.5","76.0","17.6","41.9","35.2","9.0","9.1","5.5","8.9","15.4","23.2","2295","185","1131","102","1164","129","3.7","2.7","2.7","4.3","4.6","3.3","5.0","2.9","5.5","3.4","4.6","3.1","17.8","5.9","16.9","7.0","18.7","7.8","23.1","4.9","22.5","7.6","23.6","6.7","13.8","4.3","15.7","6.8","11.9","5.1","22.7","4.6","28.4","8.6","17.1","4.8","13.9","4.6","8.3","4.0","19.4","6.9","91.3","4.4","91.8","5.9","90.8","5.2","36.6","5.7","36.7","8.6","36.5","8.0","332","124","167","78","165","76","98.2","3.4","100.0","18.8","96.4","6.6","31.0","14.1","43.7","23.4","18.2","19.6","487","123","278","89","209","67","87.7","9.2","92.4","11.5","81.3","15.2","39.6","16.9","36.3","22.3","44.0","18.5","892","127","471","66","421","77","88.8","7.6","87.9","8.1","89.8","8.6","36.2","7.7","33.3","12.0","39.4","14.5","584","85","215","41","369","76","94.2","6.4","93.0","8.2","94.9","6.8","37.8","11.7","39.1","15.1","37.1","14.8","0.0","16.0","0.0","30.4","0.0","27.3","0.0","8.2","0.0","16.7","0.0","14.8","2.7","2.7","2.3","3.3","3.1","4.3","0.4","0.7","0.7","1.4","0.0","7.9","47895","11076","63109","6321","32383","11059","29875","17146","31625","7051","16333","13854","34091","17592","43264","5177","4727","29888","50357","14984","63871","12778","32100","6183","71563","9710","95714","52305","69583","15700","72404","32988","91563","19155","64286","40448","3.6","(X)","(X)","(X)","(X)","(X)",
"1400000US06111005502","Census Tract 55.02, Ventura County, California","635","190","231","128","404","163","0.0","5.4","0.0","14.0","0.0","8.3","32.4","13.0","27.7","23.7","35.1","14.9","45.8","14.3","55.0","30.1","40.6","13.0","21.7","11.8","17.3","16.2","24.3","15.0","3327","376","1637","302","1690","230","9.2","6.9","11.2","12.1","7.3","6.0","4.4","2.8","2.2","2.3","6.6","4.6","22.0","4.3","27.1","7.9","17.0","5.8","32.7","6.3","30.5","9.6","34.8","7.6","7.8","2.8","5.2","3.3","10.4","4.9","12.4","4.2","12.9","5.2","11.9","5.9","11.5","4.3","10.9","6.7","12.0","5.0","86.4","6.8","86.6","11.9","86.1","6.3","23.8","5.8","23.8","8.3","23.8","7.8","1104","243","631","184","473","130","93.1","6.1","98.4","2.7","86.0","12.5","28.7","11.3","24.9","15.1","33.8","14.2","784","223","375","184","409","142","76.4","19.3","60.3","34.8","91.2","8.4","11.1","9.3","10.1","13.0","12.0","11.3","1044","243","477","125","567","154","87.4","8.2","88.1","11.0","86.8","11.5","28.4","8.2","30.2","10.2","27.0","12.1","395","60","154","67","241","66","84.6","10.8","98.1","5.0","75.9","16.9","23.3","13.7","33.1","24.5","17.0","14.6","9.5","12.1","7.8","14.0","11.1","18.3","7.0","5.6","3.2","4.6","12.8","11.6","3.0","2.8","2.1","3.2","3.8","4.4","0.0","4.3","0.0","8.6","0.0","8.3","37751","4006","40145","5677","34310","2504","22172","10398","22031","11653","22383","20673","37780","6918","34556","6094","41595","16421","35542","2693","40698","3497","33566","2123","61731","15451","76728","4322","46818","10780","46375","27079","60820","26716","43625","25377","5.7","(X)","(X)","(X)","(X)","(X)",
"1400000US06111005503","Census Tract 55.03, Ventura County, California","252","131","180","119","72","63","8.7","13.1","1.1","2.3","27.8","34.8","28.2","20.0","27.8","30.5","29.2","31.3","36.5","19.4","33.9","29.9","43.1","39.4","26.6","34.9","37.2","41.4","0.0","36.1","2280","189","1046","114","1234","145","3.4","2.3","2.6","2.9","4.1","3.9","2.9","2.4","1.6","2.1","4.0","3.8","25.0","7.2","28.6","11.0","21.9","7.4","26.1","7.9","22.5","10.0","29.2","9.5","12.0","3.8","14.4","6.2","9.9","4.4","24.3","6.6","22.3","8.0","26.1","7.8","6.4","3.3","8.0","4.6","4.9","4.1","93.7","3.4","95.8","3.5","92.0","5.5","30.7","7.4","30.3","8.7","31.0","8.7","545","157","243","86","302","94","96.0","5.7","96.3","6.5","95.7","5.6","36.0","17.7","32.9","20.7","38.4","19.4","306","90","172","79","134","67","97.1","4.4","100.0","18.3","93.3","10.1","19.9","12.5","15.7","13.2","25.4","25.5","846","110","411","55","435","73","98.1","4.2","100.0","8.2","96.3","8.2","38.1","10.4","36.7","15.4","39.3","14.4","583","83","220","64","363","79","83.5","9.7","84.1","14.5","83.2","13.3","20.8","10.6","26.8","16.1","17.1","11.5","6.3","10.0","0.0","52.8","8.6","15.1","5.2","7.9","0.0","11.3","10.9","15.2","5.6","6.5","7.5","7.9","4.0","5.8","1.3","1.9","0.0","10.4","2.4","3.5","36170","11472","41500","12820","25147","12738","75147","95842","76176","49202","-","**","26190","11222","33295","16834","13125","7755","24258","11280","26181","17574","23926","15775","56550","20141","80769","37868","52361","35454","76696","21296","87833","22253","-","**","1.6","(X)","(X)","(X)","(X)","(X)",
"1400000US06111005504","Census Tract 55.04, Ventura County, California","222","94","107","65","115","65","0.0","14.5","0.0","27.3","0.0","25.8","45.5","27.4","42.1","33.1","48.7","33.2","44.1","25.9","57.9","33.1","31.3","30.5","10.4","15.3","0.0","27.3","20.0","28.1","2984","205","1383","126","1601","125","4.4","3.1","3.4","3.4","5.2","3.4","7.9","2.6","7.1","3.9","8.6","4.8","15.2","4.8","15.9","6.1","14.7","5.4","29.5","4.6","28.9","6.9","30.0","6.5","10.3","3.7","9.4","4.8","11.1","5.1","21.6","4.8","23.4","6.1","20.0","6.1","11.1","3.0","12.0","4.4","10.4","4.1","87.7","4.0","89.5","5.8","86.2","5.2","32.7","4.9","35.4","6.2","30.4","7.0","352","157","133","78","219","105","85.2","14.6","88.7","17.6","83.1","19.8","43.5","21.0","54.1","28.1","37.0","25.3","725","148","404","82","321","99","89.2","8.7","83.4","13.6","96.6","5.4","24.6","9.9","22.0","10.9","27.7","18.3","1160","95","574","67","586","58","89.0","5.5","93.9","6.9","84.1","11.9","40.2","10.8","46.2","12.7","34.3","13.1","747","100","272","57","475","77","85.5","6.2","89.7","8.1","83.2","9.6","24.0","9.4","23.2","12.1","24.4","10.3","31.4","13.6","16.6","24.6","41.2","23.4","5.3","8.4","10.9","16.6","0.0","13.8","7.0","4.6","3.0","3.1","10.2","6.9","4.2","3.6","0.0","6.9","8.4","7.1","55020","10792","60327","7744","36817","7473","17188","28525","43333","69525","16903","8785","36638","5651","41250","2064","35172","18596","43288","9612","56912","18559","31713","13274","67008","9257","66875","9285","67212","43610","85096","20259","87212","46858","72237","30817","6.6","(X)","(X)","(X)","(X)","(X)",
"1400000US06111005600","Census Tract 56, Ventura County, California","757","250","456","176","301","124","23.8","16.0","30.5","25.7","13.6","20.0","15.9","9.9","17.1","13.7","14.0","13.8","46.6","14.4","41.9","25.0","53.8","24.6","13.7","10.4","10.5","14.8","18.6","15.5","6679","392","3354","240","3325","260","4.2","1.8","4.4","2.4","4.0","2.7","6.2","2.3","4.9","2.4","7.6","4.1","14.3","3.6","13.1","4.3","15.6","4.4","26.0","3.8","24.7","5.0","27.4","5.7","10.0","2.7","10.6","3.8","9.4","3.3","26.2","4.6","27.5","5.2","24.9","5.7","13.1","2.9","14.9","4.7","11.2","3.6","89.6","3.1","90.7","3.1","88.5","4.5","39.3","5.3","42.3","6.7","36.2","6.0","1170","295","571","181","599","168","97.9","1.9","98.1","1.4","97.8","3.4","42.1","11.0","35.7","14.1","48.1","15.6","1606","237","869","164","737","134","89.4","7.4","86.5","9.0","92.7","7.2","52.1","11.1","54.1","13.9","49.7","12.5","2381","241","1099","151","1282","164","91.1","5.8","93.6","4.8","88.9","8.1","37.8","8.3","37.9","9.8","37.7","11.1","1522","213","815","145","707","144","81.0","6.4","86.0","5.9","75.2","11.1","25.9","6.5","40.4","11.0","9.2","5.0","11.8","12.5","3.4","8.6","17.0","18.7","6.4","7.1","8.1","12.4","5.1","5.7","2.4","2.9","2.9","5.2","1.8","2.4","0.9","1.0","1.6","1.9","0.0","2.9","52203","7590","64972","6902","37482","5958","15153","17649","17885","16112","6970","10902","55337","37877","63344","46866","29444","59357","40278","11669","50781","13713","24872","8700","66875","19704","94926","11204","40625","13971","85731","21811","101935","20790","62813","8778","1.4","(X)","(X)","(X)","(X)","(X)",
"1400000US06111005700","Census Tract 57, Ventura County, California","1309","634","332","176","977","481","0.0","2.6","0.0","10.0","0.0","3.5","22.5","10.0","24.1","19.4","22.0","10.4","75.4","10.5","72.0","19.8","76.6","10.7","2.1","2.4","3.9","4.7","1.4","1.8","1030","113","442","68","588","88","0.0","3.3","0.0","7.6","0.0","5.8","2.1","2.9","0.0","7.6","3.7","5.0","8.8","4.6","8.1","8.2","9.4","5.5","18.3","5.2","27.6","9.2","11.4","6.2","15.5","6.7","14.3","9.0","16.5","9.4","36.9","8.7","38.5","12.3","35.7","9.7","18.3","4.9","11.5","6.4","23.3","7.3","97.9","2.9","100.0","7.6","96.3","5.0","55.1","8.7","50.0","12.9","59.0","9.6","368","101","150","49","218","66","100.0","9.1","100.0","20.6","100.0","14.8","62.8","13.6","50.7","18.1","71.1","15.7","291","74","119","41","172","53","100.0","11.3","100.0","25.1","100.0","18.3","59.8","18.6","50.4","24.8","66.3","24.2","335","81","160","47","175","49","93.4","7.9","100.0","19.5","87.4","14.6","44.8","14.1","45.0","19.7","44.6","17.0","36","26","13","21","23","25","100.0","51.3","100.0","85.4","100.0","64.2","36.1","55.1","100.0","85.4","0.0","64.2","0.0","65.6","-","**","0.0","65.6","0.0","30.9","0.0","51.3","0.0","41.5","17.4","15.6","7.0","9.5","30.2","25.6","0.0","6.0","0.0","14.7","0.0","9.6","49250","9320","52941","6310","43697","3917","-","**","-","**","-","**","37917","26483","-","**","39583","18654","54231","14694","61458","10626","38438","45161","47353","8981","51813","7203","39700","8467","59896","6756","53438","37503","60375","7469","3.9","(X)","(X)","(X)","(X)","(X)",
"1400000US06111005801","Census Tract 58.01, Ventura County, California","376","112","268","91","108","64","6.9","10.2","9.7","15.1","0.0","27.1","15.7","10.7","18.7","14.1","8.3","13.1","63.3","11.8","57.1","14.9","78.7","21.3","14.1","10.0","14.6","12.5","13.0","19.7","3273","190","1604","158","1669","104","2.0","1.4","1.3","1.9","2.7","1.8","1.7","1.5","1.9","2.9","1.5","1.7","18.6","6.4","19.3","8.4","17.9","7.1","17.8","4.7","16.6","5.8","19.1","6.4","11.2","4.4","8.4","5.1","13.9","6.0","28.0","5.2","27.7","6.5","28.3","7.4","20.7","5.0","24.9","8.1","16.7","5.8","96.3","1.6","96.8","3.0","95.8","2.6","48.7","6.5","52.6","9.1","44.9","8.9","420","135","210","106","210","96","92.9","11.6","85.7","22.5","100.0","15.3","53.6","22.3","65.7","25.3","41.4","28.1","767","132","339","103","428","85","97.9","2.5","100.0","9.8","96.3","4.4","58.4","12.7","60.2","19.0","57.0","16.6","1541","159","761","82","780","93","97.9","2.3","97.2","4.0","98.5","2.4","47.6","8.8","52.4","10.9","42.9","11.4","545","60","294","53","251","43","92.3","7.4","100.0","11.2","83.3","15.3","34.1","16.1","34.7","20.1","33.5","21.7","0.0","24.7","0.0","43.1","0.0","36.7","3.1","3.5","2.3","4.0","4.0","6.3","4.2","4.1","2.2","3.4","5.6","5.6","2.9","2.1","3.8","3.0","1.9","2.8","61510","13203","85921","9945","46612","12515","8971","823","8631","393","-","**","46103","26065","58403","13840","32723","11432","52656","4111","86010","47275","45952","25372","82317","20968","142371","27925","60313","18003","76776","39295","95579","29282","60776","25479","1.7","(X)","(X)","(X)","(X)","(X)",
"1400000US06111005802","Census Tract 58.02, Ventura County, California","476","139","258","121","218","104","29.0","15.7","40.7","22.1","15.1","15.9","17.6","9.4","27.5","17.1","6.0","9.2","37.4","16.6","9.7","10.6","70.2","22.4","16.0","12.4","22.1","20.7","8.7","10.6","6025","271","3015","220","3010","149","0.4","0.5","0.5","0.8","0.4","0.7","1.4","1.3","2.0","2.5","0.8","1.0","9.2","3.3","5.3","3.4","13.0","4.5","15.5","3.6","15.7","5.1","15.4","4.5","5.4","2.1","3.9","2.3","6.9","3.7","37.5","5.5","40.7","5.9","34.4","6.9","30.5","6.0","32.0","6.5","29.0","7.2","98.2","1.4","97.6","2.6","98.8","1.2","68.1","5.1","72.7","6.8","63.5","5.7","557","196","323","131","234","101","100.0","6.1","100.0","10.3","100.0","13.9","52.1","16.3","52.3","23.5","51.7","21.3","1615","262","748","139","867","150","100.0","2.1","100.0","4.6","100.0","4.0","88.3","8.7","88.5","9.9","88.1","8.5","2718","314","1375","170","1343","188","97.8","2.7","95.7","5.5","100.0","2.6","68.3","8.5","73.5","9.8","62.9","11.2","1135","186","569","126","566","111","95.5","3.8","97.5","4.2","93.5","5.9","46.6","11.9","61.3","13.6","31.8","13.0","0.0","26.7","0.0","35.8","0.0","50.6","0.0","6.1","0.0","19.5","0.0","8.5","1.1","1.8","0.0","5.7","2.1","3.4","1.0","1.2","1.1","1.4","0.7","1.1","81640","8210","113516","20599","56190","17047","-","**","-","**","-","**","33047","9149","34079","77677","31094","24073","52011","14817","69145","16691","45510","10092","90859","21871","98452","12344","57593","39548","120083","11468","162526","37637","80938","20801","3.1","(X)","(X)","(X)","(X)","(X)",
"1400000US06111005901","Census Tract 59.01, Ventura County, California","438","120","264","98","174","90","6.2","7.5","10.2","12.2","0.0","18.1","35.6","17.5","39.4","22.3","29.9","23.8","41.8","20.5","35.6","25.8","51.1","28.5","16.4","12.3","14.8","16.0","19.0","20.8","4833","290","2417","173","2416","188","2.2","2.5","3.4","3.8","1.1","1.3","3.2","1.9","0.8","1.4","5.6","3.7","14.5","3.1","15.0","4.1","14.0","4.5","27.6","5.1","23.6","7.3","31.6","7.1","10.3","3.9","11.8","5.7","8.7","4.9","28.3","5.2","27.3","6.2","29.3","7.4","13.9","3.8","18.2","5.9","9.7","4.5","94.6","3.6","95.9","4.1","93.3","4.2","42.2","5.9","45.5","7.8","39.0","7.9","730","275","429","193","301","125","93.8","10.3","100.0","7.8","85.0","24.0","36.7","15.3","37.5","18.7","35.5","30.1","793","232","359","146","434","136","100.0","4.3","100.0","9.3","100.0","7.7","74.7","14.1","64.1","23.4","83.4","13.1","2312","161","1187","105","1125","135","92.9","5.5","93.9","6.1","91.7","5.8","41.3","8.0","46.0","11.1","36.4","10.4","998","190","442","92","556","162","94.9","4.5","93.7","7.1","95.9","6.1","22.6","7.4","36.7","15.3","11.5","7.0","8.8","16.9","0.0","28.8","14.3","23.7","4.0","6.0","7.7","11.5","0.0","9.8","9.8","6.2","14.6","11.7","5.5","4.9","3.9","3.3","4.6","4.1","3.1","3.5","55500","15693","78750","19146","42545","16786","39837","19893","38152","82848","-","**","47768","28882","48839","35628","21563","64791","43208","20940","52000","27992","16936","8705","51786","35805","106094","30345","43056","15013","107313","22031","138274","40188","64451","55572","6.4","(X)","(X)","(X)","(X)","(X)",
"1400000US06111005906","Census Tract 59.06, Ventura County, California","581","325","198","121","383","225","0.0","5.8","0.0","16.1","0.0","8.7","42.7","36.6","34.3","44.0","47.0","35.2","41.3","26.9","48.5","33.6","37.6","34.8","16.0","16.8","17.2","28.0","15.4","25.4","4593","309","2261","279","2332","170","0.6","0.6","0.1","0.3","1.0","1.1","2.5","2.8","2.2","2.6","2.9","3.0","12.4","5.1","9.1","8.6","15.6","5.8","16.0","5.5","14.8","6.5","17.1","6.2","6.6","2.5","8.9","4.3","4.3","2.8","39.1","5.8","39.0","9.2","39.2","7.1","22.8","5.3","25.9","6.6","19.9","6.4","96.9","2.9","97.7","2.7","96.1","3.3","61.9","7.2","64.9","10.1","59.1","7.8","621","254","395","244","226","110","97.9","3.8","100.0","8.5","94.2","9.9","61.7","23.7","51.6","33.0","79.2","21.2","993","196","448","114","545","128","100.0","3.5","100.0","7.5","100.0","6.2","71.5","11.2","69.9","16.4","72.8","16.3","1948","172","864","133","1084","121","97.2","3.4","100.0","4.0","95.0","6.1","63.1","9.9","70.1","12.1","57.6","12.4","1031","157","554","135","477","84","92.6","6.4","90.6","10.8","95.0","5.4","50.6","14.0","62.1","17.9","37.3","16.5","0.0","23.2","0.0","44.0","0.0","33.2","15.3","16.3","41.5","22.2","0.0","9.5","17.1","17.7","16.0","18.5","18.2","17.6","3.2","3.5","1.4","1.6","5.0","6.6","41098","9222","68636","42201","24013","16824","-","**","-","**","-","**","17083","9020","20847","36063","14074","8915","34618","12019","40282","27957","31176","22220","46500","14892","98125","32264","19395","29914","110365","26021","155078","76673","72692","34329","3.2","(X)","(X)","(X)","(X)","(X)",
"1400000US06111005907","Census Tract 59.07, Ventura County, California","232","87","129","71","103","61","4.3","6.9","7.8","13.4","0.0","28.1","34.1","17.5","20.2","17.4","51.5","25.1","57.3","20.0","64.3","26.9","48.5","25.1","4.3","6.6","7.8","12.1","0.0","28.1","3026","202","1416","161","1610","131","1.7","1.6","1.3","1.4","1.9","2.9","3.0","2.3","3.3","2.8","2.7","2.2","14.0","3.2","12.1","5.5","15.7","4.7","19.8","4.2","14.8","5.2","24.2","6.1","7.4","2.9","4.7","2.7","9.8","4.6","30.6","5.2","37.1","7.8","25.0","6.0","23.6","5.3","26.8","7.7","20.7","6.5","95.3","2.9","95.3","3.5","95.3","3.9","54.2","6.2","63.8","9.1","45.7","6.8","103","74","81","68","22","23","100.0","28.1","100.0","33.5","100.0","65.6","44.7","39.3","39.5","45.4","63.6","49.7","377","77","194","52","183","43","92.6","11.5","92.8","11.4","92.3","11.8","70.8","18.6","77.3","21.1","63.9","24.1","1258","164","570","115","688","99","98.2","2.3","96.0","5.0","100.0","5.0","59.8","8.7","63.2","14.0","57.0","10.7","1288","126","571","89","717","92","93.0","5.1","94.9","5.9","91.5","8.2","44.6","7.4","63.4","11.3","29.7","8.0","7.8","12.1","0.0","37.9","14.7","25.1","2.6","4.0","6.4","10.1","0.0","12.9","2.4","2.7","0.4","1.0","3.5","3.9","5.5","3.3","3.5","3.1","8.0","5.0","61897","9625","71518","37093","43214","28034","43036","32467","26667","219657","-","**","35878","12396","36520","25697","22625","44339","31667","35219","60670","32914","30046","9141","76250","16615","101324","59804","71591","20637","132750","58648","164750","78014","59500","118757","3.1","(X)","(X)","(X)","(X)","(X)",
"1400000US06111005908","Census Tract 59.08, Ventura County, California","226","68","85","49","141","50","1.8","2.8","0.0","32.4","2.8","4.6","33.6","19.0","31.8","23.3","34.8","22.0","52.7","21.2","68.2","23.3","43.3","25.4","11.9","11.4","0.0","32.4","19.1","18.7","1772","141","881","98","891","86","1.3","1.2","0.0","3.9","2.6","2.4","3.1","2.7","2.5","3.1","3.7","3.4","15.4","5.2","16.7","7.7","14.1","6.2","24.4","5.2","18.5","6.4","30.3","9.6","7.4","3.8","6.9","4.6","8.0","5.3","28.0","5.3","30.6","6.7","25.5","8.1","20.3","4.6","24.7","7.9","15.8","6.3","95.6","3.4","97.5","3.1","93.7","4.7","48.3","6.5","55.4","9.3","41.3","9.6","201","87","97","58","104","46","100.0","15.9","100.0","29.4","100.0","27.9","37.8","18.6","45.4","30.0","30.8","33.8","385","73","170","51","215","43","97.9","3.1","100.0","18.5","96.3","5.5","53.0","11.8","72.9","16.8","37.2","17.3","740","99","358","70","382","54","95.5","5.4","95.5","7.0","95.5","5.1","57.0","8.9","64.2","14.4","50.3","12.1","446","101","256","74","190","64","91.7","7.2","97.7","3.5","83.7","16.1","34.5","12.0","35.2","15.7","33.7","24.9","0.0","34.3","0.0","65.6","0.0","41.1","0.0","12.0","0.0","21.0","0.0","23.9","3.5","3.6","6.7","7.6","1.5","2.9","0.8","1.2","0.0","6.9","1.9","2.8","58125","14035","72083","6977","35956","14897","22569","40090","-","**","22569","40090","47784","21265","49091","13300","29821","12686","45805","3710","59844","16779","39531","11632","71639","2183","72377","21653","51667","37399","83750","24155","112000","36698","21413","20647","5.0","(X)","(X)","(X)","(X)","(X)",
"1400000US06111005909","Census Tract 59.09, Ventura County, California","260","83","104","55","156","69","0.0","12.6","0.0","27.9","0.0","19.9","38.5","20.4","37.5","33.1","39.1","27.8","50.4","17.4","56.7","30.3","46.2","22.9","11.2","14.3","5.8","12.4","14.7","22.9","2307","152","937","107","1370","110","0.7","0.8","0.0","3.7","1.1","1.3","4.0","2.4","4.2","4.4","3.9","2.7","18.3","5.3","8.6","6.0","25.0","6.9","25.7","4.9","18.4","7.8","30.7","6.5","11.0","3.3","15.5","6.8","7.9","3.9","21.3","4.4","27.4","8.6","17.2","5.3","19.1","4.5","25.9","8.4","14.4","5.2","95.4","2.5","95.8","4.4","95.0","3.0","40.4","6.1","53.4","9.3","31.5","7.1","215","102","114","63","101","65","91.2","13.2","83.3","22.9","100.0","28.5","45.1","30.9","42.1","30.1","48.5","44.5","446","121","202","76","244","66","97.5","4.0","94.6","9.0","100.0","13.3","48.7","13.9","66.8","21.2","33.6","17.9","949","126","353","74","596","98","100.0","3.6","100.0","9.4","100.0","5.7","33.8","8.4","39.7","15.0","30.4","10.3","697","148","268","75","429","95","89.0","6.3","96.6","5.6","84.1","9.3","42.6","11.6","66.0","15.4","28.0","11.9","39.3","29.5","76.9","42.3","17.6","25.1","11.1","11.5","0.0","33.5","13.7","14.2","5.1","4.1","2.2","3.9","6.8","5.5","0.0","3.7","0.0","6.8","0.0","7.8","62031","20541","86620","11149","46469","15190","-","**","-","**","-","**","26250","12511","130060","242155","25329","18590","46518","13878","63125","27338","41667","14784","71563","29338","92083","46659","65357","29073","97332","37050","128021","37354","95667","15738","5.4","(X)","(X)","(X)","(X)","(X)",
"1400000US06111005910","Census Tract 59.10, Ventura County, California","119","44","52","33","67","35","5.0","8.6","0.0","42.7","9.0","15.3","36.1","21.2","32.7","23.9","38.8","27.9","46.2","23.6","67.3","23.9","29.9","25.9","12.6","13.9","0.0","42.7","22.4","23.6","1217","81","598","59","619","53","1.1","1.2","1.0","1.6","1.1","1.7","4.4","2.7","3.0","3.4","5.8","4.2","14.5","6.0","17.1","10.2","12.0","6.2","22.9","5.9","23.2","7.4","22.6","7.4","4.1","2.4","0.0","5.7","8.1","4.9","33.7","7.9","34.3","8.4","33.1","10.4","19.3","5.4","21.4","8.3","17.3","7.5","94.5","2.8","96.0","3.9","93.1","4.3","53.0","8.8","55.7","12.4","50.4","10.9","48","35","9","14","39","35","100.0","44.4","100.0","100.0","100.0","49.3","81.3","34.9","0.0","100.0","100.0","49.3","176","54","67","16","109","53","88.6","10.5","100.0","37.6","81.7","14.9","48.3","18.3","77.6","23.5","30.3","20.1","720","68","369","33","351","48","94.3","3.7","95.1","5.1","93.4","5.4","59.2","9.7","61.2","12.6","57.0","13.3","273","58","153","45","120","36","97.8","3.4","96.1","6.1","100.0","24.9","34.8","17.2","35.9","21.9","33.3","20.9","34.3","31.0","0.0","62.8","53.5","38.7","0.0","17.9","0.0","28.3","0.0","35.5","3.3","3.5","0.0","22.0","5.8","6.0","6.2","8.6","6.0","8.3","6.4","9.0","67321","25787","96250","23468","31339","10336","13571","30630","-","**","13571","30601","51563","43003","166250","313416","2,500-","***","38625","4164","63571","48123","37292","9923","130536","73767","150526","34761","41250","54922","100625","33593","131250","111085","80250","141978","6.6","(X)","(X)","(X)","(X)","(X)",
"1400000US06111005911","Census Tract 59.11, Ventura County, California","365","174","184","84","181","120","1.1","2.2","2.2","4.2","0.0","17.5","12.3","10.1","22.3","16.7","2.2","5.2","74.2","17.9","63.0","21.5","85.6","17.3","12.3","11.0","12.5","12.3","12.2","14.9","2797","245","1302","143","1495","160","0.6","0.7","0.0","2.6","1.1","1.2","2.5","2.0","1.0","1.5","3.7","3.4","14.9","5.8","12.6","7.0","16.9","7.3","21.6","4.8","22.7","7.6","20.7","6.4","10.8","3.4","9.0","4.5","12.4","5.9","26.7","4.9","29.4","7.1","24.3","5.8","22.9","5.5","25.3","7.4","20.8","7.4","96.9","2.3","99.0","1.5","95.1","4.0","49.6","6.5","54.8","7.9","45.2","8.5","514","170","240","110","274","76","94.6","8.7","100.0","13.5","89.8","16.2","24.7","15.7","20.4","18.3","28.5","17.3","342","103","178","60","164","86","100.0","9.7","100.0","17.8","100.0","19.1","58.2","18.4","60.7","21.9","55.5","29.5","1259","172","558","84","701","132","97.4","2.5","97.7","3.5","97.1","3.4","50.6","8.3","58.6","13.4","44.2","11.6","682","84","326","80","356","65","96.3","3.3","100.0","10.2","93.0","6.5","62.3","9.8","70.2","12.6","55.1","14.2","0.0","32.1","0.0","85.4","0.0","35.8","25.4","25.3","0.0","19.1","41.9","33.9","5.7","4.7","7.3","7.5","4.5","5.5","1.8","1.9","3.5","3.7","0.0","5.0","55184","9234","74615","15566","45303","6262","21625","40200","-","**","15000","36807","25060","11169","26508","3051","13791","11272","50426","6078","54375","24481","49792","9905","56589","14949","81667","16297","43068","11208","96424","22268","105787","39471","95833","24820","4.5","(X)","(X)","(X)","(X)","(X)",
"1400000US06111006000","Census Tract 60, Ventura County, California","496","200","290","110","206","147","4.2","5.3","3.4","6.0","5.3","10.5","30.6","21.0","39.7","26.3","18.0","18.3","60.1","21.8","52.4","25.0","70.9","25.5","5.0","6.3","4.5","7.7","5.8","10.2","3489","237","1783","146","1706","169","2.3","1.7","1.9","2.5","2.6","2.4","7.9","3.7","10.5","5.8","5.3","3.2","27.0","7.0","24.3","8.7","29.8","7.4","28.9","4.9","33.3","6.7","24.3","6.2","6.7","3.3","2.6","2.5","10.9","4.9","18.1","4.5","19.1","5.9","17.1","5.4","9.1","3.5","8.2","3.7","10.0","4.9","89.8","3.7","87.6","5.9","92.1","3.9","27.2","5.9","27.3","6.8","27.1","7.0","634","176","317","107","317","120","91.2","6.5","87.4","13.8","95.0","8.2","25.7","14.7","15.8","16.3","35.6","20.5","775","156","462","118","313","74","80.9","10.0","77.5","12.8","85.9","13.3","29.9","10.2","34.4","14.5","23.3","13.2","1430","88","712","77","718","59","92.0","4.8","92.3","6.2","91.8","5.6","25.5","7.9","27.0","10.2","24.1","9.1","650","100","292","63","358","90","94.2","5.2","92.5","8.1","95.5","6.0","29.1","11.7","29.5","13.6","28.8","15.2","20.5","13.0","10.6","10.4","36.8","24.0","16.4","13.3","22.6","23.4","10.9","9.8","4.9","4.2","3.7","6.0","6.2","6.1","1.7","2.2","3.3","4.2","0.0","7.5","30300","3745","32193","5705","24663","6775","23032","2437","24537","2439","18922","1578","17417","13896","15000","30654","17417","9179","37750","5758","37380","6651","38750","17381","47083","16634","71477","52432","29375","14679","74306","46385","109028","33600","48786","17459","9.6","(X)","(X)","(X)","(X)","(X)",
"1400000US06111006100","Census Tract 61, Ventura County, California","752","231","585","236","167","79","8.8","7.9","6.8","9.1","15.6","14.9","28.7","17.6","34.4","21.7","9.0","14.1","60.5","17.9","58.8","21.2","66.5","28.6","2.0","3.5","0.0","5.8","9.0","15.1","5020","356","2565","284","2455","217","11.2","3.8","3.7","3.0","19.1","7.0","10.2","4.4","9.6","5.5","10.8","7.5","9.7","3.4","12.5","5.9","6.7","3.2","21.9","5.2","24.6","7.2","19.1","6.7","5.0","2.3","4.1","3.1","6.0","3.4","23.0","4.6","23.3","5.7","22.7","6.4","19.0","4.7","22.3","5.9","15.5","6.2","78.6","6.0","86.8","6.1","70.1","8.2","42.0","4.9","45.6","6.8","38.2","7.1","1354","349","689","233","665","255","70.6","15.9","80.0","16.0","60.9","20.9","41.5","14.1","35.6","17.3","47.7","19.8","1649","356","850","202","799","219","77.6","11.1","87.2","9.9","67.3","16.3","36.6","9.4","39.6","14.1","33.4","12.4","1667","194","881","126","786","152","86.7","10.0","89.6","9.8","83.6","11.9","48.7","9.0","55.8","12.2","40.7","11.1","350","107","145","60","205","76","75.7","14.3","100.0","21.2","58.5","22.4","37.1","17.4","66.2","25.3","16.6","14.7","35.8","20.3","42.8","28.7","32.5","18.2","20.7","16.7","23.1","21.0","15.8","17.2","9.4","9.0","7.3","9.4","11.8","10.3","0.0","1.6","0.0","2.9","0.0","3.7","50684","8898","51860","13187","47560","24196","9489","4435","16918","5047","4132","4638","27885","14687","22283","18078","37813","28843","48214","12112","44923","13056","50341","18449","85375","13722","80517","21584","90405","10379","102880","20457","110709","25381","83088","30120","6.8","(X)","(X)","(X)","(X)","(X)",
"1400000US06111006200","Census Tract 62, Ventura County, California","212","80","118","65","94","48","0.0","15.2","0.0","25.2","0.0","30.1","29.2","19.5","33.9","29.7","23.4","23.2","33.5","18.5","44.1","27.6","20.2","21.5","37.3","18.6","22.0","18.4","56.4","27.8","2390","221","1229","170","1161","105","0.6","0.9","0.0","2.8","1.2","1.8","1.8","1.6","2.8","3.0","0.8","1.2","13.8","5.0","13.9","6.8","13.8","5.7","24.4","6.7","20.9","8.7","28.0","7.7","8.6","4.1","8.2","4.6","9.0","4.9","23.8","6.5","25.4","8.8","22.2","6.9","26.9","6.1","28.8","9.3","25.0","6.4","97.6","1.7","97.2","3.0","98.0","2.1","50.8","7.2","54.2","9.7","47.2","8.3","269","156","180","134","89","51","91.8","10.9","87.8","18.4","100.0","31.4","63.2","25.8","75.6","25.6","38.2","27.9","201","75","90","43","111","40","100.0","15.9","100.0","31.1","100.0","26.5","51.7","24.7","61.1","29.1","44.1","27.1","1235","104","622","61","613","76","99.3","1.1","100.0","5.5","98.5","2.2","50.2","9.8","48.2","12.4","52.2","12.6","685","72","337","58","348","52","96.2","4.0","96.4","5.5","96.0","6.1","46.7","11.9","51.9","16.7","41.7","15.0","0.0","40.8","0.0","52.8","0.0","64.2","0.0","10.0","0.0","18.4","0.0","19.5","1.1","1.8","0.0","9.3","2.1","3.3","1.0","1.6","0.9","1.5","1.1","1.8","67683","26867","91250","17406","32429","13813","-","**","-","**","-","**","54412","79545","64545","137878","30909","130545","54250","25556","68438","24839","32500","23572","62240","59220","86656","4857","14306","14851","107538","14337","142375","54421","63939","31656","1.9","(X)","(X)","(X)","(X)","(X)",
"1400000US06111006301","Census Tract 63.01, Ventura County, California","484","91","168","72","316","80","8.1","7.3","17.9","15.7","2.8","4.9","27.7","11.8","23.2","24.7","30.1","22.9","58.3","11.5","58.9","24.5","57.9","21.9","6.0","6.4","0.0","18.7","9.2","9.5","4573","256","2137","207","2436","168","0.6","0.7","0.6","0.9","0.6","1.0","3.9","2.5","5.2","3.6","2.8","2.1","15.6","5.6","17.2","8.0","14.3","5.0","22.0","4.3","15.4","6.1","27.9","6.2","11.2","4.1","9.9","5.4","12.4","4.9","28.9","4.8","31.1","6.2","26.9","5.8","17.7","4.1","20.6","6.0","15.1","4.8","95.5","2.6","94.2","3.6","96.6","2.3","46.5","6.0","51.7","7.7","42.0","6.9","318","143","177","113","141","74","100.0","10.4","100.0","17.8","100.0","21.8","69.8","25.0","64.4","38.7","76.6","24.6","746","132","373","90","373","68","96.9","3.7","93.8","7.5","100.0","9.0","59.4","13.4","64.3","16.5","54.4","17.1","1937","125","981","119","956","68","94.9","4.3","91.3","7.2","98.5","2.4","45.4","9.6","47.8","12.0","43.0","10.7","1572","211","606","127","966","128","94.5","4.3","97.2","4.6","92.9","5.1","37.1","9.1","46.5","15.2","31.2","10.7","12.0","24.8","20.0","40.6","0.0","32.9","2.2","3.6","0.0","9.1","4.6","7.3","3.5","4.2","2.6","4.2","4.0","6.0","1.6","1.8","2.3","2.6","0.9","1.5","52119","5264","64961","23383","46469","6427","18636","36580","-","**","-","**","27179","23973","21905","13767","49205","38468","47317","7295","60865","24524","41250","20284","59554","15439","90833","35672","40139","15189","91250","16304","119250","26871","69792","21307","3.3","(X)","(X)","(X)","(X)","(X)",
"1400000US06111006302","Census Tract 63.02, Ventura County, California","1448","222","505","114","943","177","1.8","1.8","1.4","2.1","2.0","2.6","12.2","5.4","10.5","9.0","13.1","6.7","83.4","6.1","88.1","9.3","80.8","7.6","2.6","2.1","0.0","6.7","4.0","3.3","1726","179","836","80","890","139","1.5","2.6","1.8","2.7","1.2","2.6","8.7","8.4","2.3","2.6","14.8","15.6","13.7","4.8","15.3","8.0","12.2","6.1","20.2","6.6","21.1","8.6","19.3","7.3","8.4","3.5","5.7","4.3","10.9","5.4","32.2","6.7","31.1","8.3","33.3","9.8","15.2","4.6","22.7","7.5","8.2","4.4","89.7","8.4","95.9","3.7","83.9","15.5","47.5","8.2","53.8","9.6","41.5","11.1","196","80","89","46","107","54","99.5","1.2","98.9","2.8","100.0","27.3","83.2","15.3","87.6","16.6","79.4","23.6","194","83","120","60","74","44","100.0","16.4","100.0","24.9","100.0","35.5","62.4","17.7","67.5","18.8","54.1","29.4","833","104","382","66","451","88","92.4","9.2","99.5","1.2","86.5","16.4","48.6","9.9","53.4","15.7","44.6","13.9","503","132","245","76","258","77","77.5","12.9","87.3","13.0","68.2","22.3","25.8","8.8","35.5","12.6","16.7","12.3","1.4","4.2","8.3","19.3","0.0","24.7","0.9","2.1","1.7","4.3","0.0","26.9","0.0","6.8","0.0","14.4","0.0","12.2","2.6","3.0","2.1","4.0","3.2","4.9","63611","23120","85125","18679","43438","12657","60208","75543","60208","75543","-","**","37292","68979","36667","104503","75096","95412","43125","7350","69375","27335","38148","18809","73750","29241","91964","48235","70547","54961","130433","73380","130543","74161","84375","110193","2.9","(X)","(X)","(X)","(X)","(X)",
"1400000US06111006400","Census Tract 64, Ventura County, California","430","124","176","89","254","123","7.2","7.4","12.5","19.0","3.5","5.7","16.7","13.8","29.0","26.5","8.3","10.4","74.9","15.8","55.7","29.4","88.2","12.0","1.2","2.2","2.8","5.3","0.0","12.8","5250","389","2399","249","2851","219","6.1","4.1","5.5","4.5","6.7","4.3","4.5","3.5","7.0","7.0","2.4","2.5","16.6","3.8","12.1","6.0","20.3","6.9","22.6","5.2","25.0","6.7","20.5","6.7","7.8","3.1","6.2","3.5","9.1","4.4","23.3","5.7","22.1","6.3","24.4","7.4","19.2","4.0","22.1","5.3","16.7","4.4","89.4","7.0","87.5","11.2","91.0","4.6","42.5","6.0","44.2","7.2","41.1","7.4","917","424","445","193","472","262","75.2","23.7","69.9","31.4","80.3","17.7","30.4","20.8","28.8","20.4","32.0","25.7","984","246","439","122","545","202","84.7","12.4","70.2","22.9","96.3","5.2","58.2","17.2","48.5","21.0","66.1","19.3","2210","166","988","128","1222","107","98.1","2.3","100.0","3.5","96.6","4.2","45.6","9.4","48.9","12.6","43.0","10.9","1139","98","527","87","612","90","87.9","8.2","93.4","7.3","83.2","13.5","32.7","10.9","45.0","13.7","22.1","11.7","0.0","6.1","0.0","11.0","0.0","12.7","18.1","17.7","6.9","10.0","23.7","23.8","0.0","2.2","0.0","4.6","0.0","4.1","1.6","1.8","1.1","1.7","2.0","2.4","49821","20477","81250","19921","28079","15343","25241","675","24506","814","26196","7258","7370","21186","30905","19556","6112","824","48634","18862","88526","18799","34650","16243","76628","11052","95667","24044","40156","28161","90625","22435","107258","29084","75227","15262","3.6","(X)","(X)","(X)","(X)","(X)",
"1400000US06111006500","Census Tract 65, Ventura County, California","346","123","198","94","148","89","3.8","6.5","6.6","11.5","0.0","20.9","49.4","21.0","76.8","22.5","12.8","14.4","34.1","21.3","16.7","18.2","57.4","30.2","12.7","12.7","0.0","16.1","29.7","27.6","2395","260","1178","160","1217","138","11.2","7.2","10.4","7.5","11.9","7.5","8.3","4.5","5.7","4.6","10.8","5.5","29.3","8.1","30.4","10.8","28.3","7.4","18.1","7.1","21.5","10.9","14.8","6.5","7.8","4.2","6.5","5.0","9.0","6.4","13.2","5.3","13.3","9.4","13.1","7.0","12.1","6.0","12.1","7.5","12.1","6.8","80.5","5.9","83.9","7.1","77.3","6.4","25.3","8.6","25.5","10.2","25.2","8.8","539","233","279","141","260","117","95.0","8.4","100.0","11.8","89.6","16.4","41.7","24.9","42.7","31.4","40.8","22.2","591","124","312","79","279","67","69.4","13.5","72.4","19.6","65.9","17.2","8.0","7.7","1.9","3.2","14.7","15.4","1033","161","482","96","551","101","81.5","11.0","84.4","11.2","78.9","12.5","28.8","11.2","31.7","13.2","26.1","12.2","232","66","105","43","127","48","71.1","18.0","72.4","30.5","70.1","21.0","16.4","12.1","21.0","18.7","12.6","14.1","11.2","10.5","12.1","13.8","10.5","11.2","26.5","15.3","20.1","15.9","33.1","20.8","30.0","17.4","32.4","22.1","27.2","17.3","11.9","9.4","10.7","9.9","13.0","16.9","38075","8858","48627","7461","28125","10299","26033","12365","35096","11612","14917","15296","24393","8471","27250","24420","22969","19782","29732","24169","45781","33376","17045","22013","86250","38141","89792","58146","69625","63188","75536","20289","82171","10879","34306","77730","7.0","(X)","(X)","(X)","(X)","(X)",
"1400000US06111006600","Census Tract 66, Ventura County, California","551","153","219","57","332","141","4.7","5.6","7.3","10.9","3.0","4.7","32.7","13.9","11.9","9.9","46.4","21.1","39.2","16.5","40.2","18.7","38.6","24.6","23.4","13.1","40.6","21.4","12.0","10.4","2785","169","1328","115","1457","120","1.1","1.0","2.0","2.0","0.2","0.5","3.3","2.2","2.8","2.6","3.8","2.5","13.3","3.9","14.9","5.7","11.8","4.1","27.3","5.6","23.7","6.4","30.5","7.8","9.9","4.5","10.0","5.5","9.9","5.3","29.6","4.5","28.8","7.6","30.4","6.5","15.5","4.0","17.8","4.9","13.4","4.8","95.6","2.3","95.2","3.4","96.0","2.5","45.1","6.5","46.5","8.6","43.8","8.2","243","117","119","70","124","68","100.0","13.4","100.0","25.1","100.0","24.2","63.0","23.2","34.5","32.0","90.3","17.4","545","92","270","62","275","51","97.4","4.3","100.0","12.1","94.9","8.6","40.0","15.0","40.4","17.3","39.6","19.5","1200","103","633","75","567","73","96.3","2.9","93.5","5.3","99.3","1.4","50.7","7.6","50.4","11.6","51.0","12.8","797","133","306","43","491","115","92.0","7.0","92.5","10.1","91.6","5.7","34.8","10.0","48.7","15.3","26.1","11.1","10.2","16.4","18.3","29.5","0.0","44.4","4.6","5.5","0.0","16.1","10.6","12.2","2.6","2.8","4.1","4.3","1.4","2.1","5.1","3.2","1.8","2.3","8.3","5.2","53615","11453","75625","17964","44541","5370","46696","29366","65272","70726","-","**","27188","30663","43646","56943","16591","20011","46544","4282","51336","44125","42880","12775","72545","17084","94219","23077","64167","27748","81719","9828","92375","14425","50694","35204","4.8","(X)","(X)","(X)","(X)","(X)",
"1400000US06111006700","Census Tract 67, Ventura County, California","238","92","165","77","73","50","6.3","8.8","5.5","9.7","8.2","15.0","32.4","18.7","29.1","23.9","39.7","31.7","43.3","18.1","52.7","22.7","21.9","26.7","18.1","16.0","12.7","11.6","30.1","38.4","2176","158","969","115","1207","125","0.9","1.1","0.6","0.9","1.2","1.5","4.1","2.7","5.0","3.6","3.4","3.7","18.2","7.3","13.4","6.8","22.1","9.7","21.3","6.7","22.3","8.4","20.5","8.0","6.4","3.4","7.7","5.8","5.4","3.3","30.9","4.9","29.5","7.1","32.0","7.6","18.1","5.6","21.5","7.6","15.4","6.7","95.0","3.0","94.4","3.8","95.4","4.1","49.0","6.9","51.0","9.3","47.4","8.9","204","97","108","74","96","63","100.0","15.7","100.0","27.1","100.0","29.7","30.9","16.9","18.5","16.5","44.8","36.2","396","140","135","56","261","98","100.0","8.5","100.0","22.6","100.0","12.5","45.2","17.5","33.3","22.2","51.3","21.1","1005","139","492","85","513","91","92.1","5.7","92.5","6.3","91.8","8.6","58.8","8.3","57.5","13.0","60.0","10.2","571","105","234","61","337","90","94.7","4.0","92.7","7.2","96.1","5.1","40.8","10.4","62.4","14.2","25.8","15.1","36.4","32.6","28.8","29.8","43.6","54.7","20.3","15.7","23.1","24.9","18.9","15.3","5.5","7.1","3.4","5.9","7.4","11.8","5.2","5.6","2.0","3.0","7.9","10.2","48622","3940","75741","21201","33708","16322","16471","8208","-","**","14375","35912","17679","11846","19607","74550","7214","5930","42813","19112","51136","36012","26250","14557","56202","25195","97159","19227","34292","28061","86290","14140","86848","12420","77273","29674","4.9","(X)","(X)","(X)","(X)","(X)",
"1400000US06111006800","Census Tract 68, Ventura County, California","473","108","267","90","206","60","16.3","8.9","28.8","15.2","0.0","15.6","25.4","14.3","25.8","17.1","24.8","18.6","51.8","15.0","40.8","16.9","66.0","21.8","6.6","7.5","4.5","7.3","9.2","14.2","2745","277","1432","302","1313","143","8.3","3.3","12.4","5.5","3.8","2.3","9.7","8.7","15.6","15.1","3.3","2.3","17.0","5.5","12.7","7.2","21.7","7.3","31.8","6.2","30.4","10.2","33.3","8.5","5.8","2.1","5.8","3.5","5.7","3.7","16.4","5.0","11.9","5.3","21.2","7.2","11.1","5.8","11.2","7.9","11.0","6.6","82.0","11.1","72.0","18.5","92.9","2.8","27.5","7.7","23.1","9.7","32.2","9.4","546","271","315","211","231","117","76.4","28.8","59.0","41.0","100.0","14.0","24.7","16.8","8.3","12.1","47.2","24.3","552","99","233","74","319","92","87.5","13.3","76.4","27.4","95.6","6.4","41.3","17.6","48.5","28.5","36.1","17.6","1193","141","678","129","515","61","81.9","7.0","74.5","11.5","91.7","4.7","27.2","7.5","22.1","10.1","34.0","13.9","454","67","206","48","248","59","82.4","10.6","78.6","13.1","85.5","12.8","14.5","8.3","20.4","14.1","9.7","9.5","26.9","24.2","31.7","27.3","6.5","14.2","12.4","8.6","11.5","9.6","13.0","12.2","11.0","7.5","2.1","3.3","19.9","13.9","1.7","2.3","0.0","10.0","3.1","4.2","37450","7510","36464","22324","39156","5729","11096","9475","11692","12571","6208","1866","36944","5035","36806","15171","38000","54478","32227","13537","43269","18825","27868","9305","75595","23101","102321","44542","63875","17090","76332","10854","95074","30314","75326","50612","7.3","(X)","(X)","(X)","(X)","(X)",
"1400000US06111006900","Census Tract 69, Ventura County, California","214","97","94","54","120","81","11.7","12.4","18.1","17.3","6.7","11.6","20.6","18.6","30.9","24.8","12.5","16.8","27.1","18.2","25.5","21.9","28.3","24.6","40.7","27.8","25.5","24.3","52.5","37.4","2846","282","1272","213","1574","161","5.1","2.2","3.1","2.0","6.6","3.6","8.4","4.0","3.1","3.3","12.8","6.0","18.1","5.6","18.2","7.3","17.9","6.9","25.8","5.2","23.4","6.4","27.6","6.7","6.9","2.8","8.3","4.9","5.7","3.2","22.5","4.3","31.2","7.0","15.4","5.1","13.4","3.7","12.7","4.9","14.0","5.2","86.5","4.6","93.8","3.6","80.6","7.0","35.8","5.6","43.9","8.0","29.4","6.6","621","186","322","120","299","104","85.7","8.2","96.9","4.5","73.6","17.8","45.2","12.0","44.1","13.6","46.5","19.2","455","148","212","130","243","69","77.4","15.2","78.3","15.6","76.5","21.4","29.5","13.7","33.5","23.3","25.9","15.4","957","149","450","114","507","71","92.4","5.3","96.4","4.8","88.8","8.9","33.0","8.8","42.2","13.2","24.9","9.6","813","112","288","72","525","86","85.4","7.9","97.6","3.9","78.7","11.8","35.5","8.4","53.8","13.4","25.5","9.8","43.0","21.9","22.8","33.4","48.2","21.6","27.6","13.1","31.5","24.4","24.5","13.7","15.4","10.0","17.4","14.8","13.9","9.1","2.9","2.8","3.2","3.6","2.6","3.0","29842","9154","51250","6262","22549","2846","12222","9627","16125","1282","5417","19263","23788","6357","29028","32610","17386","16616","29205","14142","47708","22577","20329","6233","51477","13279","68611","28141","26944","13903","67500","32372","92917","13158","26750","39111","5.7","(X)","(X)","(X)","(X)","(X)",
"1400000US06111007000","Census Tract 70, Ventura County, California","285","151","110","87","175","113","10.9","12.3","10.9","18.6","10.9","15.9","16.5","14.0","25.5","29.8","10.9","11.6","41.4","22.6","51.8","44.1","34.9","18.7","31.2","18.9","11.8","19.2","43.4","23.2","2801","249","1249","216","1552","167","13.1","6.2","12.3","8.6","13.7","5.5","5.5","2.5","7.3","5.2","4.0","3.0","26.7","5.6","20.9","8.3","31.4","7.2","17.8","4.0","21.5","7.3","14.9","5.0","2.5","1.5","1.4","1.7","3.4","2.3","20.4","5.3","23.9","7.8","17.6","7.1","13.9","4.1","12.7","7.1","14.9","4.4","81.4","8.1","80.4","12.4","82.3","6.4","34.3","7.1","36.6","9.0","32.5","8.4","893","210","423","108","470","156","83.7","15.4","83.5","16.2","83.8","15.7","50.5","14.4","42.6","15.2","57.7","21.3","566","206","298","133","268","121","73.1","12.3","71.8","18.1","74.6","20.6","41.5","16.9","39.9","21.1","43.3","19.6","753","189","328","117","425","108","85.4","9.9","89.6","12.4","82.1","10.5","28.7","10.4","39.6","14.5","20.2","11.4","589","133","200","98","389","104","81.0","11.8","71.5","22.5","85.9","12.8","10.2","7.2","14.0","13.8","8.2","7.2","26.7","10.6","27.3","13.7","26.2","17.7","13.5","8.8","2.7","3.9","19.3","13.0","20.0","12.1","18.2","15.4","21.8","15.8","3.8","2.7","5.0","4.3","2.8","3.4","40363","13239","43417","20565","33958","18677","19095","3915","21403","4744","10469","10601","31597","11945","35582","7971","23636","14957","40885","17280","43889","20155","18194","40641","72604","22039","80225","28440","66406","39728","109441","44683","127935","50468","61719","76298","8.1","(X)","(X)","(X)","(X)","(X)",
"1400000US06111007100","Census Tract 71, Ventura County, California","412","152","219","127","193","92","14.3","18.5","24.2","32.1","3.1","7.0","33.5","20.3","28.8","24.8","38.9","25.8","33.3","15.7","24.2","15.9","43.5","26.6","18.9","13.6","22.8","20.1","14.5","17.6","3888","281","1835","291","2053","277","12.6","4.6","12.5","6.4","12.6","6.6","7.3","3.7","5.3","3.9","9.1","5.9","15.5","3.7","16.7","5.7","14.4","5.1","23.6","5.7","24.6","9.2","22.8","7.6","10.5","4.2","10.8","6.9","10.2","4.2","22.8","5.6","19.5","7.2","25.8","8.3","7.7","3.4","10.5","6.0","5.2","3.6","80.1","5.6","82.1","6.9","78.4","8.8","30.5","6.7","30.0","8.8","31.0","8.7","1019","333","486","221","533","225","91.2","7.5","90.3","12.6","91.9","9.5","43.6","14.1","33.1","21.3","53.1","15.7","782","194","466","178","316","116","66.1","16.8","75.1","20.9","52.8","23.4","30.3","16.3","28.8","21.0","32.6","20.8","1522","263","624","198","898","197","74.7","10.3","75.2","15.5","74.4","14.1","25.6","9.8","29.2","16.5","23.1","10.9","565","160","259","104","306","116","94.3","6.0","96.1","6.5","92.8","8.4","20.7","13.6","28.6","21.5","14.1","14.1","26.6","13.8","22.9","17.3","29.3","20.4","13.1","8.6","4.6","7.5","22.0","15.0","10.9","6.4","4.5","5.4","17.0","11.6","8.1","6.3","0.0","6.2","15.1","10.7","41696","12529","51250","10797","32212","13535","21629","4650","27639","12300","18482","15482","26500","10015","25779","14829","32333","15235","52891","3245","53705","2793","46991","31888","50313","5638","75516","11290","39107","20513","89063","31196","88646","40787","90294","59925","6.0","(X)","(X)","(X)","(X)","(X)",
"1400000US06111007201","Census Tract 72.01, Ventura County, California","276","106","96","47","180","87","0.0","11.9","0.0","29.7","0.0","17.6","33.0","15.7","37.5","25.1","30.6","22.4","56.9","18.2","62.5","25.1","53.9","26.4","10.1","11.4","0.0","29.7","15.6","17.1","2245","183","1093","114","1152","111","0.1","0.2","0.2","0.4","0.0","3.0","3.4","2.5","5.2","3.6","1.7","1.9","16.3","4.7","12.9","6.5","19.5","5.4","21.8","4.9","20.1","6.1","23.4","7.3","8.6","2.9","10.1","5.2","7.1","4.0","29.1","6.2","28.3","8.3","29.9","7.6","20.7","5.4","23.2","7.4","18.2","6.0","96.5","2.5","94.6","3.6","98.3","1.9","49.8","7.5","51.5","9.7","48.2","8.8","173","69","91","61","82","50","100.0","18.2","100.0","30.9","100.0","33.2","52.6","23.0","30.8","30.1","76.8","22.9","307","76","132","63","175","52","100.0","10.8","100.0","23.0","100.0","18.0","54.1","20.0","49.2","32.5","57.7","23.3","1170","95","618","61","552","71","96.0","3.7","94.0","5.3","98.2","2.9","55.1","9.9","55.3","11.4","54.9","12.1","595","67","252","47","343","57","94.6","5.5","91.3","8.7","97.1","4.3","36.3","10.5","50.8","15.7","25.7","11.7","1.3","6.9","1.7","8.8","0.0","68.8","4.1","4.7","0.7","3.0","6.2","7.6","3.5","3.3","3.6","4.1","3.4","5.2","1.0","1.5","0.0","6.0","2.0","2.9","71250","12878","89750","18870","37969","16106","41750","71165","40500","85186","-","**","72563","23369","76477","26849","17500","44495","29120","6098","30600","11064","27212","15035","95652","29527","114063","22760","42240","63153","108462","28871","125789","20586","49688","86295","3.3","(X)","(X)","(X)","(X)","(X)",
"1400000US06111007202","Census Tract 72.02, Ventura County, California","441","157","284","160","157","64","17.2","14.5","26.8","18.2","0.0","19.8","19.5","16.4","8.5","11.8","39.5","28.4","55.6","14.0","55.6","14.3","55.4","28.1","7.7","7.7","9.2","12.8","5.1","8.2","3256","193","1437","132","1819","135","0.0","1.1","0.0","2.4","0.0","1.9","1.0","1.1","0.8","0.9","1.0","1.6","8.6","2.6","7.4","3.4","9.5","3.9","19.3","5.8","14.1","6.0","23.4","7.7","11.1","3.5","9.7","5.6","12.1","4.1","34.8","5.0","31.9","7.1","37.1","7.9","25.3","4.3","36.0","8.2","16.8","5.0","99.0","1.1","99.2","0.9","99.0","1.6","60.1","5.8","67.9","7.8","53.9","7.4","294","134","158","92","136","87","100.0","11.2","100.0","19.7","100.0","22.4","43.5","23.9","39.9","28.8","47.8","34.0","395","111","168","70","227","87","100.0","8.5","100.0","18.7","100.0","14.3","62.0","17.9","47.6","24.7","72.7","18.0","1694","136","754","83","940","98","99.6","0.6","99.2","1.3","100.0","3.7","68.2","6.3","76.3","8.8","61.7","8.6","873","113","357","80","516","102","97.1","3.8","98.3","2.6","96.3","5.6","49.1","10.8","72.3","9.7","33.1","16.1","0.0","55.3","0.0","88.8","0.0","70.6","9.0","8.5","8.4","13.0","9.3","10.8","2.4","2.4","0.0","9.7","3.7","3.7","0.7","0.7","0.8","1.3","0.5","0.9","66729","8888","101453","18942","44543","17640","-","**","-","**","-","**","44167","34000","65750","17276","11136","46445","34625","22680","32386","53456","35357","23244","70341","29835","110114","45222","44565","23239","121118","33753","150259","32119","76354","24224","2.0","(X)","(X)","(X)","(X)","(X)",
"1400000US06111007300","Census Tract 73, Ventura County, California","95","61","58","43","37","38","0.0","29.9","0.0","40.4","0.0","50.6","49.5","34.0","48.3","42.0","51.4","51.4","35.8","32.7","36.2","38.7","35.1","47.7","14.7","19.0","15.5","24.4","13.5","30.8","1270","147","685","112","585","71","1.2","1.3","0.4","0.8","2.1","2.2","2.0","1.8","3.2","3.2","0.7","1.1","18.8","7.4","17.7","8.7","20.2","8.7","19.2","4.5","21.3","8.6","16.8","6.9","3.4","2.5","4.1","3.8","2.6","2.6","32.9","6.6","26.4","9.0","40.5","9.8","22.4","6.8","26.9","10.9","17.3","6.2","96.8","2.4","96.4","3.3","97.3","2.8","55.4","8.2","53.3","12.1","57.8","9.7","95","74","66","70","29","24","95.8","8.0","100.0","37.9","86.2","24.0","48.4","17.6","31.8","23.5","86.2","24.0","161","62","51","36","110","56","92.5","11.7","76.5","32.0","100.0","26.7","46.6","24.0","41.2","37.9","49.1","28.3","699","111","379","79","320","66","97.7","2.3","98.2","2.7","97.2","3.9","56.4","12.8","54.4","18.6","58.8","12.7","315","41","189","44","126","36","97.1","3.6","96.8","4.1","97.6","4.0","59.7","9.1","61.9","15.8","56.3","16.2","0.0","48.1","0.0","61.6","0.0","76.9","0.0","13.6","0.0","24.7","0.0","25.2","5.6","6.1","9.2","9.3","0.0","26.1","6.4","4.8","0.0","9.1","13.3","9.8","81806","11429","89267","16366","37273","60644","80139","81300","45833","240284","-","**","89009","25587","89612","68569","23409","19529","43000","15286","44500","27204","32222","8959","101447","43038","101484","68813","101250","84192","203250","183589","215625","11893","21471","55181","7.5","(X)","(X)","(X)","(X)","(X)",
"1400000US06111007402","Census Tract 74.02, Ventura County, California","320","153","235","146","85","64","5.3","8.3","7.2","11.4","0.0","32.4","3.8","6.2","5.1","8.5","0.0","32.4","85.0","14.4","79.6","20.1","100.0","32.4","5.9","8.9","8.1","12.3","0.0","32.4","4555","246","2141","172","2414","163","0.4","0.5","0.0","1.6","0.7","1.0","1.5","1.3","1.3","1.5","1.7","1.8","18.0","4.6","9.3","4.4","25.7","7.3","20.6","5.6","18.5","7.1","22.4","7.3","1.9","1.3","0.4","0.8","3.3","2.4","33.8","4.7","37.0","8.1","31.0","6.8","23.8","3.8","33.4","6.3","15.3","4.8","98.1","1.5","98.7","1.5","97.6","2.1","57.6","5.7","70.4","7.7","46.3","7.6","517","203","250","125","267","124","100.0","6.5","100.0","13.0","100.0","12.3","47.0","20.2","48.8","25.3","45.3","28.3","451","156","184","100","267","114","100.0","7.5","100.0","17.2","100.0","12.3","69.0","21.9","88.0","14.6","55.8","27.7","2374","190","1134","124","1240","114","100.0","1.5","100.0","3.0","100.0","2.8","59.5","8.2","71.1","9.5","49.0","10.6","1213","123","573","108","640","75","93.0","5.5","95.1","5.5","91.1","7.9","54.2","10.2","72.9","11.2","37.5","11.2","0.0","38.8","0.0","58.2","0.0","52.0","6.2","6.5","10.0","14.7","5.0","7.5","6.2","5.6","10.9","12.5","3.2","4.2","3.0","2.7","3.1","3.1","2.9","3.0","81886","14579","116103","48435","57672","16688","-","**","-","**","-","**","56917","19582","55250","136269","58362","29353","51186","21997","82216","25766","48571","14117","101875","19559","135735","56980","44483","68789","135380","35909","151350","25361","87206","46675","4.0","(X)","(X)","(X)","(X)","(X)",
"1400000US06111007403","Census Tract 74.03, Ventura County, California","388","132","175","79","213","98","3.9","6.8","8.6","14.8","0.0","15.1","21.9","15.3","31.4","24.8","14.1","15.6","47.9","15.5","39.4","23.2","54.9","17.5","26.3","17.4","20.6","29.7","31.0","21.1","3820","244","1710","169","2110","136","0.9","0.8","0.0","2.0","1.7","1.4","1.0","1.0","1.4","1.6","0.7","1.1","10.5","4.2","11.8","6.6","9.6","4.5","20.2","4.6","16.7","6.5","23.0","6.1","6.9","2.5","6.5","4.0","7.2","3.4","37.1","5.7","42.0","9.3","33.2","6.9","23.4","5.5","21.6","6.9","24.8","7.0","98.1","1.3","98.6","1.6","97.7","2.0","60.5","6.7","63.6","9.4","58.0","7.4","481","191","239","120","242","110","100.0","7.0","100.0","13.6","100.0","13.4","62.4","20.5","44.8","28.8","79.8","13.7","778","176","320","118","458","115","96.7","3.7","96.9","4.9","96.5","5.0","74.3","14.7","75.9","18.5","73.1","15.0","1901","238","873","144","1028","156","98.5","1.7","98.4","2.6","98.6","2.2","54.2","8.0","58.2","11.2","50.8","9.3","660","194","278","105","382","115","97.1","3.9","100.0","11.8","95.0","6.8","61.1","11.8","82.7","14.3","45.3","15.6","19.2","28.8","58.3","58.3","0.0","44.0","6.9","8.7","0.0","15.9","13.9","16.5","7.3","4.9","4.0","6.5","9.3","5.8","3.2","3.3","3.9","4.0","2.5","2.8","72207","8785","92134","19847","59750","11547","48500","35296","-","**","-","**","59516","20277","61729","14372","38036","22801","63350","23407","76250","28207","51488","34354","70288","22009","90179","27794","59286","15290","104493","16923","128971","26902","76693","13920","1.5","(X)","(X)","(X)","(X)","(X)",
"1400000US06111007405","Census Tract 74.05, Ventura County, California","443","155","214","99","229","90","3.8","5.6","7.9","12.1","0.0","14.1","60.3","17.2","62.1","25.1","58.5","26.1","24.8","15.1","29.9","24.2","20.1","20.0","11.1","12.7","0.0","15.0","21.4","23.5","4512","223","2076","183","2436","144","1.4","1.3","0.6","0.9","2.2","2.1","3.0","2.0","3.9","3.7","2.3","2.0","9.3","3.4","8.1","3.5","10.3","5.5","20.4","3.9","16.2","5.8","24.0","6.2","6.1","2.7","6.5","4.1","5.8","3.1","30.4","5.5","31.1","7.6","29.9","6.9","29.3","5.3","33.6","8.0","25.6","5.8","95.5","2.3","95.5","3.8","95.6","2.7","59.7","5.1","64.7","7.3","55.5","6.2","424","173","286","121","138","95","99.8","0.7","100.0","11.5","99.3","2.1","51.2","24.0","58.0","25.3","37.0","35.7","1073","164","429","126","644","121","100.0","3.2","100.0","7.8","100.0","5.3","76.1","9.9","76.5","13.5","75.9","14.7","2369","160","1125","101","1244","119","96.6","3.0","94.0","6.0","98.9","1.8","63.4","6.9","68.4","9.6","59.0","9.5","646","154","236","75","410","119","81.4","11.2","88.6","13.3","77.3","16.4","24.5","12.5","33.9","22.0","19.0","16.8","9.9","17.0","10.6","20.5","9.3","17.0","4.5","6.6","11.3","14.6","0.0","13.0","4.8","5.7","8.9","13.4","2.2","3.3","1.7","1.6","0.0","2.6","3.5","3.2","69881","13552","109638","22048","57780","10405","30778","31700","-","**","-","**","25294","48504","108103","109797","13081","17880","50145","7628","49740","38392","50543","9091","95658","26973","140625","68901","68079","15187","97596","25978","128281","37441","78068","25699","1.6","(X)","(X)","(X)","(X)","(X)",
"1400000US06111007406","Census Tract 74.06, Ventura County, California","216","91","105","78","111","53","18.1","19.2","21.0","32.6","15.3","22.2","31.5","27.0","64.8","39.6","0.0","26.5","25.0","20.9","2.9","6.9","45.9","30.8","25.5","19.4","11.4","18.6","38.7","27.5","1517","153","765","81","752","91","0.0","2.3","0.0","4.5","0.0","4.5","0.0","2.3","0.0","4.5","0.0","4.5","4.2","2.8","6.1","5.3","2.3","2.1","10.3","4.5","10.7","6.9","9.8","6.0","4.9","3.9","0.0","4.5","9.8","7.8","49.2","7.9","46.4","10.4","52.1","11.0","31.4","6.6","36.7","10.7","25.9","9.5","100.0","2.3","100.0","4.5","100.0","4.5","80.6","7.5","83.1","8.5","78.1","8.9","172","104","87","56","85","61","100.0","18.3","100.0","31.9","100.0","32.4","69.8","35.5","65.5","35.5","74.1","39.1","328","100","132","60","196","62","100.0","10.1","100.0","23.0","100.0","16.3","88.7","8.0","93.9","9.4","85.2","10.9","918","62","473","37","445","43","100.0","3.7","100.0","7.1","100.0","7.6","80.3","9.6","82.5","10.7","78.0","12.6","99","64","73","45","26","30","100.0","29.0","100.0","35.8","100.0","60.4","75.8","24.6","89.0","16.5","38.5","48.7","-","**","-","**","-","**","6.3","10.9","0.0","44.9","23.5","38.1","4.8","6.0","4.9","8.5","4.7","8.5","1.1","1.7","0.5","1.4","1.9","2.4","86115","12209","109297","11792","65357","29869","-","**","-","**","-","**","106071","21851","106845","60014","-","**","71364","35457","77375","77962","34091","33065","101333","21466","119265","6003","32167","47157","85057","21618","85795","42170","79293","28903","0.0","(X)","(X)","(X)","(X)","(X)",
"1400000US06111007505","Census Tract 75.05, Ventura County, California","382","167","201","80","181","110","9.2","12.9","10.9","17.4","7.2","13.2","9.7","10.5","5.5","8.7","14.4","18.5","69.9","19.1","70.1","23.9","69.6","32.1","11.3","11.1","13.4","21.3","8.8","15.5","2299","234","1130","149","1169","129","2.9","2.6","4.7","5.0","1.2","1.9","8.5","5.7","6.5","5.0","10.5","7.2","14.5","4.1","16.0","5.6","13.0","5.4","29.1","5.3","27.7","9.4","30.4","9.4","12.7","5.1","10.5","6.6","14.8","7.9","20.4","5.4","20.8","6.9","19.9","7.4","12.0","4.0","13.8","6.4","10.2","4.7","88.6","5.3","88.8","5.5","88.3","7.5","32.3","6.6","34.6","8.7","30.1","9.6","419","134","220","77","199","74","77.1","18.4","75.0","20.0","79.4","20.7","36.8","18.5","21.8","18.8","53.3","23.1","294","118","152","73","142","66","95.6","12.9","93.4","19.3","97.9","6.1","44.9","21.6","46.7","32.0","43.0","23.7","1024","161","495","87","529","116","93.3","5.3","99.4","1.2","87.5","10.0","23.6","8.9","27.3","11.7","20.2","10.5","562","143","263","104","299","73","84.9","11.6","77.9","21.2","91.0","9.3","38.3","11.3","52.1","22.4","26.1","16.4","4.2","7.6","0.0","23.9","8.0","14.9","9.9","8.9","12.2","11.0","7.2","9.3","1.9","2.4","2.1","3.6","1.7","3.0","0.0","4.6","0.0","8.6","0.0","9.5","46603","3824","57563","18674","44410","3388","25625","31691","7460","43890","35573","19054","34063","6373","34297","5073","29792","28875","52102","12958","61432","10897","46250","7150","49875","45904","76406","41119","35234","36314","85388","34356","86250","42834","62344","55080","5.2","(X)","(X)","(X)","(X)","(X)",
"1400000US06111007506","Census Tract 75.06, Ventura County, California","635","158","207","115","428","141","2.4","3.7","0.0","15.5","3.5","5.6","28.3","16.2","15.9","19.2","34.3","19.9","58.9","13.4","65.7","21.4","55.6","18.8","10.4","9.5","18.4","19.1","6.5","9.4","5052","280","2391","216","2661","206","0.1","0.1","0.0","1.5","0.1","0.2","1.7","1.3","2.3","2.1","1.2","1.3","26.1","5.2","26.9","7.9","25.4","6.3","23.0","5.1","22.5","7.4","23.4","6.6","12.5","3.3","13.8","5.3","11.3","4.2","24.7","4.9","21.2","6.2","27.8","6.8","12.0","4.2","13.3","4.4","10.9","5.3","98.2","1.3","97.7","2.1","98.7","1.4","36.7","5.7","34.5","7.1","38.7","7.7","703","240","304","142","399","194","99.7","0.8","100.0","10.9","99.5","1.4","51.9","13.8","23.0","19.6","73.9","18.6","1039","212","506","134","533","136","99.6","3.2","99.6","3.3","99.6","3.1","32.8","11.1","17.0","12.8","47.8","19.3","2502","226","1200","150","1302","131","97.6","1.9","96.5","3.4","98.7","2.0","39.3","8.1","45.2","10.3","33.9","10.2","808","137","381","81","427","110","96.9","3.4","96.9","4.6","97.0","5.5","20.4","9.8","33.3","15.4","8.9","7.2","5.6","8.7","0.0","41.1","14.7","24.8","5.2","6.0","8.7","10.7","1.8","2.9","1.2","1.4","1.4","2.2","1.0","1.7","1.1","1.9","0.0","4.2","2.0","3.4","51563","9315","76058","16499","35871","5663","20500","7533","21667","7946","-","**","33750","19211","66484","36680","16667","10646","47900","14358","61696","21165","34623","7575","71215","24224","115758","26210","41516","12765","63654","42352","91983","29710","52391","35384","4.8","(X)","(X)","(X)","(X)","(X)",
"1400000US06111007507","Census Tract 75.07, Ventura County, California","353","147","180","105","173","104","0.0","9.4","0.0","17.6","0.0","18.2","35.7","21.1","22.8","21.7","49.1","36.8","52.7","19.9","63.3","23.3","41.6","34.2","11.6","10.7","13.9","17.1","9.2","14.3","4909","276","2476","259","2433","122","0.2","0.4","0.0","1.4","0.5","0.8","3.2","2.0","1.7","1.6","4.8","3.7","14.1","3.5","12.0","5.5","16.3","5.0","17.1","3.6","17.2","5.7","16.9","5.7","9.1","3.4","9.8","5.8","8.3","3.9","33.3","6.1","31.6","7.0","35.1","8.1","23.0","4.6","27.7","6.7","18.2","6.5","96.5","2.0","98.3","1.6","94.7","3.7","56.3","6.9","59.2","8.8","53.2","8.8","555","281","381","229","174","112","97.5","4.0","96.3","5.9","100.0","18.1","41.4","26.0","33.9","26.7","58.0","38.3","1040","211","406","123","634","134","94.3","7.2","100.0","8.3","90.7","11.3","65.3","14.2","60.3","20.9","68.5","15.4","2532","280","1320","177","1212","163","98.3","1.5","100.0","2.6","96.5","3.2","60.5","7.4","68.2","10.2","52.1","10.6","782","184","369","111","413","106","93.0","5.4","92.4","8.6","93.5","7.4","41.0","13.0","52.3","14.8","31.0","15.8","0.0","18.5","0.0","47.5","0.0","23.6","0.0","4.9","0.0","11.1","0.0","8.5","0.0","2.7","0.0","5.1","0.0","5.5","0.0","1.3","0.0","2.4","0.0","2.7","88669","13607","103139","9390","65926","29281","2,500-","***","-","**","-","**","36619","20470","36885","51048","31250","38963","70767","30209","71080","24275","53625","78923","101092","23468","117941","31184","66296","25285","131667","35198","165568","33785","89855","24990","3.5","(X)","(X)","(X)","(X)","(X)",
"1400000US06111007508","Census Tract 75.08, Ventura County, California","264","87","99","67","165","74","9.1","9.3","11.1","13.4","7.9","12.1","14.0","10.4","17.2","19.9","12.1","14.1","72.3","16.9","65.7","27.4","76.4","19.6","4.5","7.1","6.1","9.2","3.6","6.6","2458","173","1186","136","1272","109","0.9","1.0","0.0","2.9","1.7","2.0","2.7","1.6","1.8","1.4","3.6","2.9","15.9","4.4","16.1","7.3","15.7","6.3","27.3","4.5","27.7","6.8","27.0","6.3","9.7","3.8","6.3","3.6","12.8","5.7","25.7","6.4","27.6","8.3","23.9","8.2","17.8","5.8","20.5","8.2","15.3","5.7","96.4","1.9","98.2","1.4","94.7","3.5","43.4","7.0","48.1","9.4","39.2","7.3","389","143","272","121","117","51","97.7","3.9","100.0","12.1","92.3","12.0","35.5","18.5","34.6","17.2","37.6","29.3","398","148","179","80","219","82","95.2","6.6","96.6","5.6","94.1","10.7","57.8","18.2","56.4","24.8","58.9","22.4","1119","119","496","94","623","60","98.2","2.3","100.0","6.8","96.8","4.1","45.6","9.2","50.4","12.4","41.7","10.4","552","139","239","76","313","78","92.6","5.7","93.7","5.8","91.7","8.5","34.4","11.9","52.3","20.9","20.8","12.6","16.9","19.0","28.6","38.7","13.2","20.6","4.6","7.0","9.4","13.9","0.0","16.0","7.1","5.1","3.7","3.8","9.9","8.8","1.2","1.9","2.3","3.5","0.0","6.8","53387","6982","63875","26153","43056","8792","-","**","-","**","-","**","36250","10622","40750","3099","28446","11159","45924","15522","36304","16621","47120","15263","57969","35429","81829","33266","37900","21064","105541","24557","134107","42808","85313","30469","4.9","(X)","(X)","(X)","(X)","(X)",
"1400000US06111007509","Census Tract 75.09, Ventura County, California","416","188","152","97","264","140","4.3","7.3","11.8","19.2","0.0","12.4","26.2","16.6","50.0","34.2","12.5","14.4","31.7","18.8","25.7","25.0","35.2","22.8","37.7","18.8","12.5","17.3","52.3","25.9","2840","243","1377","156","1463","138","3.6","3.9","3.8","4.2","3.4","3.6","1.3","1.3","0.6","0.9","1.9","2.1","10.2","3.4","8.6","4.9","11.8","4.5","18.8","5.4","18.0","6.7","19.5","8.9","8.8","3.6","2.8","2.3","14.4","6.3","32.7","7.4","39.8","8.8","26.1","8.6","24.5","7.1","26.3","7.2","22.9","9.2","95.1","3.7","95.6","4.2","94.7","3.5","57.3","7.6","66.1","9.3","49.0","9.0","547","216","252","117","295","132","100.0","6.2","100.0","12.9","100.0","11.2","67.6","18.7","83.7","15.0","53.9","29.5","697","152","336","116","361","81","93.8","6.3","94.9","6.1","92.8","7.2","46.5","14.0","60.1","16.6","33.8","16.1","1355","150","671","100","684","110","93.2","6.8","93.4","8.0","93.0","6.3","58.8","10.2","65.7","12.8","52.0","12.1","241","65","118","58","123","32","98.3","2.7","100.0","25.2","96.7","5.3","56.4","17.8","47.5","24.5","65.0","19.7","11.5","20.8","13.1","26.8","10.3","18.1","0.0","11.3","0.0","25.1","0.0","18.3","0.0","4.4","0.0","11.5","0.0","6.8","0.0","2.1","0.0","3.8","0.0","4.8","55463","12375","85795","17381","42609","12816","15742","11329","14063","12593","16797","10559","21750","11575","18913","68965","24464","11886","52361","14151","65625","17388","48043","2554","70842","16418","99375","22857","47885","22301","85714","19507","94283","10364","36308","36458","3.2","(X)","(X)","(X)","(X)","(X)",
"1400000US06111007510","Census Tract 75.10, Ventura County, California","380","152","202","90","178","97","7.9","9.2","14.9","16.0","0.0","17.8","27.4","13.4","31.2","19.0","23.0","21.9","36.6","16.7","38.6","19.6","34.3","28.0","28.2","15.7","15.3","18.0","42.7","22.6","4099","242","1961","189","2138","110","0.7","1.0","0.9","1.1","0.6","1.0","0.2","0.4","0.5","0.8","0.0","1.6","7.5","3.2","6.6","4.2","8.3","3.6","12.4","4.7","8.5","5.7","16.0","5.8","7.8","2.9","8.3","5.1","7.3","4.3","36.8","5.5","35.6","7.0","37.9","6.4","34.6","4.7","39.7","6.5","29.9","7.5","99.0","1.1","98.6","1.4","99.4","1.0","71.4","5.6","75.3","7.1","67.8","7.8","428","155","219","123","209","78","100.0","7.8","100.0","14.7","100.0","15.4","82.5","17.4","65.8","30.3","100.0","15.4","761","137","272","76","489","101","99.6","1.0","98.9","2.6","100.0","6.9","79.8","11.9","97.4","2.6","69.9","17.0","2223","144","1083","96","1140","91","99.6","0.7","99.1","1.5","100.0","3.0","73.1","6.3","78.1","9.1","68.4","10.1","687","117","387","94","300","80","96.1","6.0","96.4","5.4","95.7","7.0","49.5","13.2","57.1","17.3","39.7","19.2","0.0","50.6","0.0","62.8","0.0","85.4","5.2","8.4","0.0","23.3","9.0","13.9","0.6","1.1","0.0","10.2","1.0","1.8","3.0","2.7","2.1","3.0","3.9","4.1","80411","16687","103417","6907","51771","23161","-","**","-","**","-","**","35441","12443","14875","63521","35588","10944","51291","11226","54444","57606","30464","16860","78625","21077","102288","4478","51552","37450","102306","20381","132051","19654","86392","33733","2.9","(X)","(X)","(X)","(X)","(X)",
"1400000US06111007511","Census Tract 75.11, Ventura County, California","152","71","107","49","45","38","8.6","12.2","12.1","18.1","0.0","45.9","8.6","13.5","12.1","17.9","0.0","45.9","46.1","17.5","51.4","23.7","33.3","49.1","36.8","23.6","24.3","19.8","66.7","49.1","1643","213","791","90","852","143","1.8","2.2","0.0","4.3","3.4","4.3","2.7","2.9","4.7","6.2","0.8","1.2","17.2","6.3","17.7","7.0","16.7","9.2","17.8","6.3","23.0","8.8","12.9","7.6","6.0","3.7","3.5","3.4","8.3","5.7","36.0","8.3","31.1","11.6","40.5","9.5","18.6","6.4","20.0","8.0","17.4","6.8","95.6","3.7","95.3","6.2","95.8","4.5","54.6","8.3","51.1","11.9","57.9","9.1","99","69","42","43","57","40","100.0","29.0","100.0","47.5","100.0","40.8","19.2","22.6","0.0","47.5","33.3","35.9","304","125","138","63","166","67","87.8","13.8","73.2","30.4","100.0","18.9","65.8","14.6","39.1","26.7","88.0","14.5","898","95","422","54","476","81","99.2","1.1","100.0","8.0","98.5","2.2","59.1","11.8","64.0","15.9","54.8","13.0","342","90","189","61","153","52","91.5","11.1","100.0","16.8","81.0","24.0","43.0","19.9","42.3","24.5","43.8","24.0","45.2","47.4","0.0","50.6","91.7","19.7","11.3","14.0","22.9","24.9","0.0","21.6","3.8","5.3","7.1","10.3","0.0","17.5","1.4","1.8","0.0","8.3","2.6","3.2","56855","13785","97697","31691","39926","22967","-","**","-","**","-","**","28177","8160","50125","42844","25362","34513","58571","36505","88194","73349","52212","20193","85179","22999","199063","141452","34704","50356","63000","49956","101375","67316","53676","29117","4.6","(X)","(X)","(X)","(X)","(X)",
"1400000US06111007512","Census Tract 75.12, Ventura County, California","424","148","253","95","171","110","30.4","12.4","29.6","17.4","31.6","17.1","20.8","12.8","30.8","17.6","5.8","10.5","26.7","15.7","15.0","15.1","43.9","20.2","22.2","14.5","24.5","17.5","18.7","23.1","3346","240","1738","156","1608","167","0.1","0.3","0.0","2.0","0.2","0.5","3.6","2.5","3.5","3.5","3.7","3.6","13.0","4.8","16.4","6.6","9.3","4.2","28.8","6.3","28.8","7.7","28.7","9.1","13.3","4.0","11.4","5.0","15.4","5.0","25.8","6.1","24.8","6.3","26.8","9.2","15.5","4.9","15.1","6.1","15.9","5.8","96.4","2.4","96.5","3.5","96.1","3.6","41.3","6.5","39.9","7.0","42.7","9.8","417","166","277","124","140","75","100.0","8.0","100.0","11.9","100.0","21.9","38.6","18.6","39.7","23.0","36.4","22.8","872","184","392","97","480","131","98.7","2.1","97.2","4.8","100.0","7.0","53.0","14.6","61.7","18.7","45.8","18.4","1741","173","935","110","806","104","96.6","3.6","96.0","5.6","97.3","3.8","41.0","8.9","34.7","10.5","48.3","14.0","316","82","134","46","182","81","83.5","15.7","91.0","15.5","78.0","25.6","14.2","12.1","13.4","14.5","14.8","14.8","2.5","8.6","0.0","39.7","4.8","18.0","11.3","11.3","17.2","15.8","0.0","20.6","7.7","5.6","2.6","3.3","12.8","10.2","3.5","4.4","1.0","1.7","6.1","8.4","63722","10736","81806","11475","49531","10094","53065","31406","53952","33837","-","**","43550","15762","44417","16798","41250","30289","61400","14381","81576","29630","37625","16401","72267","19504","87344","21986","69948","13315","82471","21597","136964","79985","53398","20394","1.3","(X)","(X)","(X)","(X)","(X)",
"1400000US06111007513","Census Tract 75.13, Ventura County, California","177","79","103","49","74","50","0.0","17.8","0.0","28.1","0.0","35.5","59.3","27.1","49.5","30.5","73.0","27.3","34.5","24.0","39.8","26.9","27.0","27.3","6.2","10.3","10.7","17.0","0.0","35.5","1154","104","586","75","568","66","0.3","1.1","0.7","2.2","0.0","6.0","5.7","4.7","8.5","9.5","2.8","3.0","9.6","4.6","9.0","5.7","10.2","6.5","23.7","6.6","15.4","7.9","32.2","9.0","7.6","4.2","9.9","6.2","5.3","4.6","33.5","6.7","36.0","8.1","31.0","9.2","19.5","9.4","20.5","9.8","18.5","10.7","93.9","4.4","90.8","8.9","97.2","3.0","53.0","10.1","56.5","11.2","49.5","12.0","209","82","163","70","46","35","82.3","23.7","77.3","28.7","100.0","45.4","62.2","25.5","62.0","28.7","63.0","48.7","118","51","70","26","48","31","100.0","25.2","100.0","36.7","100.0","44.4","93.2","11.1","88.6","18.9","100.0","44.4","557","84","226","63","331","69","96.9","4.0","92.5","9.2","100.0","10.0","52.2","12.0","47.8","15.4","55.3","18.1","270","42","127","32","143","20","94.1","6.3","100.0","23.8","88.8","12.0","30.0","16.7","47.2","25.6","14.7","18.5","2.9","9.4","3.7","13.1","0.0","76.9","0.9","2.2","1.9","4.9","0.0","40.4","10.0","13.7","0.0","20.9","16.9","22.0","0.0","5.6","0.0","10.0","0.0","11.7","52575","8813","53333","20136","52096","4119","14257","5010","14257","5010","-","**","37625","135407","151250","153196","-","**","62250","29447","70114","79437","62125","25932","50650","8456","54464","16072","46607","5084","63523","6321","64722","49958","63073","14565","2.3","(X)","(X)","(X)","(X)","(X)",
"1400000US06111007514","Census Tract 75.14, Ventura County, California","580","223","309","166","271","167","3.1","4.8","5.8","9.4","0.0","12.1","31.9","21.9","46.9","30.4","14.8","15.2","55.0","21.1","35.0","24.0","77.9","18.8","10.0","9.9","12.3","14.9","7.4","10.4","4516","288","1906","189","2610","233","3.6","3.3","2.6","3.8","4.3","3.6","3.4","2.2","0.8","1.3","5.3","3.7","15.0","3.9","11.3","5.6","17.7","5.1","29.2","4.7","29.7","7.4","28.9","6.7","6.9","2.8","5.7","4.2","7.7","4.2","24.2","4.6","26.6","7.0","22.5","5.7","17.7","4.8","23.2","8.7","13.6","4.8","93.0","3.7","96.5","3.9","90.4","4.8","41.9","6.0","49.8","9.3","36.1","6.4","807","221","326","140","481","175","98.0","3.2","95.1","7.5","100.0","7.0","52.5","14.5","57.4","23.8","49.3","15.7","791","212","366","119","425","136","92.9","8.5","100.0","9.1","86.8","14.9","49.6","15.0","60.7","17.3","40.0","16.1","1680","148","816","89","864","102","99.3","1.1","100.0","4.2","98.6","2.2","47.6","9.0","51.5","12.4","43.9","12.1","1238","140","398","98","840","129","81.2","12.2","87.4","18.1","78.2","11.9","22.3","9.4","30.4","18.9","18.5","9.4","12.6","20.2","0.0","37.9","15.9","24.0","10.8","10.9","20.9","29.5","6.0","7.2","2.6","2.4","2.1","3.4","3.0","3.4","0.6","0.9","1.3","1.9","0.0","3.6","61310","8105","79844","16302","47796","5166","19688","52121","-","**","18438","118881","31250","5664","34896","24629","27596","22784","59856","9689","64212","9964","57716","8767","63733","9667","77734","25252","49247","13349","91667","16430","101397","7908","31713","27907","3.6","(X)","(X)","(X)","(X)","(X)",
"1400000US06111007606","Census Tract 76.06, Ventura County, California","169","106","41","25","128","106","0.0","18.6","0.0","48.1","0.0","23.6","50.9","19.1","51.2","38.1","50.8","25.1","46.2","21.0","48.8","38.1","45.3","28.4","3.0","5.2","0.0","48.1","3.9","7.4","952","101","519","60","433","54","6.0","3.1","2.1","3.0","10.6","6.6","4.1","2.8","4.8","4.4","3.2","3.7","16.8","8.4","14.3","8.8","19.9","11.0","29.2","7.3","39.3","9.9","17.1","8.1","2.4","2.2","1.2","1.9","3.9","3.9","24.7","7.0","15.4","8.0","35.8","11.4","16.8","6.4","22.9","8.2","9.5","6.0","89.9","4.2","93.1","5.0","86.1","7.3","41.5","8.1","38.3","9.2","45.3","10.9","167","82","125","54","42","35","100.0","18.8","100.0","24.1","100.0","47.5","9.0","10.3","5.6","8.2","19.0","33.4","181","53","79","31","102","27","93.9","8.9","100.0","34.0","89.2","15.0","63.0","22.5","49.4","30.1","73.5","22.5","469","58","259","50","210","27","88.1","7.1","86.1","9.7","90.5","10.6","46.3","12.1","47.5","13.0","44.8","16.7","135","44","56","28","79","29","78.5","15.5","100.0","41.1","63.3","25.2","36.3","14.9","53.6","28.6","24.1","14.3","4.2","10.6","11.1","28.2","0.0","39.7","8.8","9.9","12.2","17.7","5.8","10.7","3.3","5.0","0.0","15.3","11.0","17.8","0.0","8.5","0.0","16.1","0.0","16.3","53097","24830","54858","29203","31406","9584","29500","162556","250,000+","***","-","**","37981","15834","38438","16858","22353","34166","34500","18527","52727","33888","30469","10949","91042","82876","140625","124480","36250","87722","109615","115768","164886","91487","91645","3685","5.1","(X)","(X)","(X)","(X)","(X)",
"1400000US06111007607","Census Tract 76.07, Ventura County, California","574","124","236","97","338","93","6.8","9.6","0.0","13.8","11.5","17.0","14.3","10.5","12.3","14.9","15.7","13.8","72.8","10.8","87.7","14.9","62.4","16.9","6.1","6.1","0.0","13.8","10.4","9.9","3921","175","1814","122","2107","149","0.6","0.7","0.0","1.9","1.1","1.3","1.4","1.8","2.4","3.5","0.5","1.0","9.2","2.8","6.0","3.3","12.0","5.0","23.8","4.7","22.8","7.1","24.8","5.3","11.0","3.6","7.9","4.1","13.7","5.6","35.1","5.5","42.2","8.8","29.0","6.7","18.9","4.1","18.9","5.9","18.9","5.0","98.1","2.0","97.6","3.5","98.4","1.6","54.0","5.8","61.0","7.9","48.0","7.5","503","156","199","82","304","103","98.0","4.2","100.0","16.1","96.7","6.8","63.6","16.3","77.4","18.2","54.6","20.3","540","123","191","72","349","78","100.0","6.3","100.0","16.7","100.0","9.5","50.4","13.6","75.9","20.7","36.4","17.6","2307","174","1153","120","1154","90","97.8","2.9","96.3","5.6","99.3","1.0","55.8","7.7","58.5","11.4","53.0","9.4","571","100","271","69","300","90","97.4","3.9","100.0","12.1","95.0","7.7","41.9","14.7","49.1","18.8","35.3","20.1","0.0","34.9","0.0","46.9","0.0","53.6","0.0","9.3","0.0","27.1","0.0","12.9","2.0","2.3","2.3","3.9","1.7","2.7","1.4","1.5","0.0","3.1","2.9","3.3","55714","13957","100256","22756","37750","14152","-","**","-","**","-","**","49896","12382","49643","21843","50192","49253","40237","13604","54601","30167","30473","8132","82218","13479","133301","44040","32321","48582","96483","13885","106806","31477","63365","49896","1.4","(X)","(X)","(X)","(X)","(X)",
"1400000US06111007609","Census Tract 76.09, Ventura County, California","262","73","131","61","131","50","10.7","8.4","13.0","14.3","8.4","9.5","13.0","9.5","16.8","18.1","9.2","11.9","60.7","14.7","64.9","18.6","56.5","21.4","15.6","11.1","5.3","8.0","26.0","17.7","1709","121","821","63","888","98","3.9","4.8","2.1","2.7","5.5","6.8","1.1","1.5","2.2","3.1","0.0","3.9","10.6","4.7","5.5","4.2","15.4","6.5","20.2","5.8","20.7","7.0","19.7","8.6","12.0","4.4","9.6","5.7","14.2","6.8","30.8","7.6","26.2","8.5","35.1","10.4","21.4","6.2","33.7","9.4","10.0","5.0","95.1","4.9","95.7","4.0","94.5","6.8","52.3","8.2","59.9","9.9","45.2","11.2","272","113","97","58","175","76","89.0","13.2","100.0","29.4","82.9","19.5","41.9","18.4","34.0","27.0","46.3","24.7","324","76","179","46","145","49","94.4","7.6","89.9","14.2","100.0","21.2","42.0","19.0","46.4","25.1","36.6","21.6","910","76","439","47","471","72","97.9","2.9","100.0","7.7","96.0","5.6","60.4","9.3","69.0","10.7","52.4","13.3","203","46","106","29","97","30","91.6","11.1","84.0","19.6","100.0","29.4","45.8","12.3","68.9","20.0","20.6","20.0","0.0","32.7","0.0","52.0","0.0","44.0","2.2","3.5","8.9","15.4","0.0","22.3","0.0","6.2","0.0","13.1","0.0","11.0","0.0","3.8","0.0","6.9","0.0","8.4","64375","12167","107572","19201","36929","7786","-","**","-","**","-","**","40781","6123","108563","31530","34188","10929","42609","5947","74833","20626","24375","25602","66429","9368","118250","48120","52188","30948","115106","7012","116649","9376","62750","45080","4.6","(X)","(X)","(X)","(X)","(X)",
"1400000US06111007610","Census Tract 76.10, Ventura County, California","632","141","359","134","273","105","14.4","12.6","11.1","12.2","18.7","16.9","21.5","12.5","19.2","13.9","24.5","21.5","57.8","22.1","62.1","26.2","52.0","24.8","6.3","6.5","7.5","7.3","4.8","7.9","3213","154","1616","128","1597","102","1.8","1.6","2.8","2.2","0.8","1.3","1.7","2.0","1.9","3.1","1.4","1.7","12.7","3.8","10.6","5.3","14.8","6.2","31.6","5.4","31.1","7.6","32.0","7.6","10.3","3.5","10.9","5.0","9.6","5.1","27.9","5.8","28.3","7.8","27.6","6.6","14.0","4.5","14.3","5.9","13.8","5.7","96.5","2.5","95.2","3.9","97.7","2.1","42.0","6.6","42.6","9.0","41.3","7.4","364","132","181","75","183","73","100.0","9.2","100.0","17.5","100.0","17.3","44.2","14.9","26.0","17.6","62.3","20.8","748","148","360","92","388","99","94.1","6.9","91.4","13.4","96.6","5.5","53.5","16.5","57.5","20.5","49.7","18.6","1628","181","846","128","782","114","97.9","1.9","95.9","3.7","100.0","4.4","45.1","9.3","46.1","11.8","44.1","11.7","473","128","229","77","244","80","92.8","6.8","95.2","7.5","90.6","11.5","11.2","7.2","19.7","13.7","3.3","5.3","28.3","33.8","41.6","45.4","0.0","51.3","7.9","12.1","0.0","18.4","13.6","19.6","1.1","1.4","0.9","1.5","1.4","2.3","0.4","0.7","0.0","4.9","0.9","1.5","52259","4027","56467","16049","47177","7281","42574","59228","42574","59228","-","**","25929","9378","29615","70504","18750","16410","42155","4989","43990","9031","40403","18449","66382","13452","95890","20977","59293","6182","70833","32041","58355","80680","76406","20648","2.0","(X)","(X)","(X)","(X)","(X)",
"1400000US06111007611","Census Tract 76.11, Ventura County, California","550","157","308","108","242","96","14.9","9.5","24.4","15.9","2.9","6.4","35.8","12.9","37.7","19.6","33.5","20.3","48.2","14.1","38.0","18.9","61.2","22.1","1.1","1.9","0.0","10.7","2.5","4.5","2358","317","1052","193","1306","193","37.7","9.0","37.2","10.5","38.1","10.6","11.9","7.0","9.7","6.0","13.7","9.6","16.8","4.9","22.6","7.6","12.1","5.4","23.4","5.3","22.7","9.1","24.0","7.6","3.9","2.3","0.0","3.3","7.0","4.2","6.1","4.3","7.2","5.0","5.1","5.2","0.3","0.4","0.6","0.9","0.0","2.6","50.4","6.3","53.1","7.6","48.2","9.8","6.3","4.3","7.8","5.1","5.1","5.2","731","282","274","137","457","213","63.2","14.2","55.1","16.9","68.1","18.6","1.9","3.0","2.6","4.0","1.5","2.6","582","147","275","73","307","92","42.4","15.4","52.7","18.5","33.2","21.2","7.7","5.5","16.4","11.5","0.0","10.8","813","184","402","116","411","90","41.6","10.8","48.8","17.6","34.5","18.6","10.3","10.9","6.0","8.5","14.6","16.3","232","60","101","50","131","56","61.2","22.0","66.3","23.9","57.3","30.9","2.6","4.1","5.9","9.8","0.0","23.2","40.4","15.4","36.9","19.9","42.9","14.5","3.5","5.1","5.9","8.3","0.0","19.7","14.3","11.9","17.6","26.0","12.3","11.0","0.0","20.8","0.0","33.2","0.0","37.6","22005","5210","29500","5216","17551","4523","18901","2894","21519","7743","16231","2578","28977","9012","36852","7369","21250","25552","27500","12133","31840","13722","23590","5790","55662","79889","51250","47682","92796","164274","-","**","-","**","-","**","2.6","(X)","(X)","(X)","(X)","(X)",
"1400000US06111007612","Census Tract 76.12, Ventura County, California","581","209","258","163","323","171","0.0","5.8","0.0","12.7","0.0","10.3","37.7","17.9","34.5","29.8","40.2","23.7","58.5","17.8","57.0","33.1","59.8","23.7","3.8","4.7","8.5","11.9","0.0","10.3","2913","432","1359","281","1554","269","5.3","3.7","7.9","7.8","3.0","3.1","9.5","4.2","7.8","5.7","10.9","6.9","28.3","6.6","24.9","10.6","31.2","8.5","21.9","5.9","20.1","8.9","23.6","8.8","16.0","5.0","14.6","6.7","17.3","7.4","12.3","4.1","19.1","7.9","6.4","4.3","6.7","2.7","5.7","3.2","7.6","3.9","85.3","7.1","84.3","9.6","86.1","7.3","19.0","5.2","24.7","8.7","14.0","5.9","720","258","275","132","445","205","96.5","3.9","93.8","9.9","98.2","3.0","14.4","8.9","17.1","20.0","12.8","9.2","530","166","258","101","272","108","71.7","18.3","79.5","15.5","64.3","27.6","13.6","11.0","17.4","15.2","9.9","11.1","1390","364","713","232","677","183","83.7","13.5","80.8","15.2","86.7","13.3","23.1","8.3","27.3","13.4","18.6","10.8","273","85","113","47","160","68","90.1","9.5","94.7","9.8","86.9","14.5","20.9","12.0","43.4","22.2","5.0","7.9","11.0","11.4","4.2","7.2","17.7","19.5","11.2","9.3","1.5","3.5","17.9","13.5","7.2","5.6","7.2","7.4","7.2","6.0","0.0","6.1","0.0","9.9","0.0","14.8","38036","14496","45244","5597","28699","10117","26993","36656","25804","37887","45057","43076","28305","11209","43984","23816","19795","11203","48077","12346","60093","35789","43654","21803","45341","18462","45341","19993","43750","101567","73750","56494","45313","48949","81250","84157","3.9","(X)","(X)","(X)","(X)","(X)",
"1400000US06111007613","Census Tract 76.13, Ventura County, California","98","78","18","31","80","76","6.1","13.8","0.0","72.5","7.5","17.1","37.8","41.5","94.4","53.3","25.0","34.9","19.4","28.2","5.6","53.3","22.5","35.9","36.7","46.6","0.0","72.5","45.0","51.5","2603","287","1240","152","1363","178","5.6","4.0","6.9","7.6","4.4","2.5","3.8","2.7","3.7","4.1","3.8","3.6","14.3","6.1","11.8","7.0","16.6","8.1","25.4","9.1","26.2","9.6","24.6","10.3","8.3","2.9","10.9","5.0","5.9","3.0","28.0","8.5","24.9","8.5","30.9","10.9","14.6","4.8","15.6","6.3","13.8","6.6","90.6","4.9","89.4","8.9","91.8","4.9","42.7","9.3","40.5","8.9","44.7","12.4","420","151","190","109","230","102","100.0","8.0","100.0","16.8","100.0","14.1","40.0","14.1","37.4","17.4","42.2","22.4","732","156","412","129","320","58","86.3","12.4","81.3","20.7","92.8","8.2","44.7","13.2","34.5","18.4","57.8","15.6","1154","154","518","68","636","121","90.1","5.2","92.9","6.7","87.9","8.0","43.9","16.0","44.8","15.3","43.2","18.5","297","61","120","48","177","46","89.9","10.9","85.0","25.2","93.2","11.0","36.7","19.4","47.5","24.3","29.4","20.3","28.7","29.1","47.0","42.4","7.1","13.8","0.0","9.0","0.0","21.1","0.0","14.3","4.0","4.0","6.3","6.5","1.4","2.5","5.8","5.0","0.0","6.7","10.5","8.5","56360","10042","76685","20772","39455","11350","9745","18326","9537","14262","20865","38765","47054","12406","56618","30454","38793","13348","36075","11291","54118","36051","27092","13092","82969","26772","127778","41001","69141","14744","83958","21517","102132","66125","80294","28926","1.4","(X)","(X)","(X)","(X)","(X)",
"1400000US06111007614","Census Tract 76.14, Ventura County, California","957","234","441","186","516","163","5.1","5.0","11.1","11.1","0.0","6.6","26.0","12.7","29.3","18.2","23.3","17.7","53.3","13.8","48.5","18.3","57.4","23.6","15.6","11.1","11.1","11.9","19.4","17.3","4654","340","2362","216","2292","202","3.5","2.4","2.5","2.3","4.6","3.8","7.0","3.0","5.5","3.5","8.5","4.7","20.4","5.8","23.1","6.9","17.5","6.8","21.5","5.4","21.5","6.8","21.5","6.2","9.6","2.7","9.0","3.4","10.2","4.6","26.1","6.2","24.9","8.0","27.3","7.2","11.9","3.5","13.5","4.7","10.3","4.7","89.5","4.0","92.0","3.8","86.9","5.5","38.0","6.3","38.4","8.1","37.7","7.7","834","246","340","115","494","201","95.3","6.1","100.0","9.8","92.1","11.7","45.6","12.9","39.1","18.4","50.0","19.3","1044","185","612","129","432","130","87.2","6.5","88.9","9.5","84.7","10.5","37.9","15.1","31.7","17.0","46.8","18.9","2078","197","1076","146","1002","104","91.5","5.5","91.3","6.0","91.7","6.3","37.5","8.1","40.3","11.1","34.5","10.6","698","217","334","107","364","139","80.2","12.2","92.2","8.4","69.2","19.9","30.7","10.6","43.7","18.7","18.7","12.7","8.8","9.1","9.0","13.9","8.7","11.0","12.4","10.9","2.4","3.8","26.1","23.3","3.2","2.7","6.5","5.7","0.0","4.7","2.5","3.2","1.4","2.4","3.7","5.9","52869","3968","59091","11720","39448","6101","45139","25750","51250","5574","31037","7485","43478","5330","44492","33371","38472","46797","40189","6189","41415","12905","39081","4521","64020","20579","85469","26689","42059","25506","85815","16001","100813","36958","63553","10247","4.4","(X)","(X)","(X)","(X)","(X)",
"1400000US06111007700","Census Tract 77, Ventura County, California","422","135","234","102","188","86","6.4","8.6","11.5","15.5","0.0","16.9","43.8","15.2","40.6","21.3","47.9","22.6","45.0","16.6","47.9","22.9","41.5","21.6","4.7","7.1","0.0","13.9","10.6","15.6","3828","250","1712","197","2116","178","7.1","3.7","7.7","4.7","6.6","4.8","8.0","4.0","6.0","4.5","9.6","4.7","27.0","4.7","32.0","7.2","22.9","5.3","21.8","5.9","20.8","6.8","22.6","7.3","8.8","3.3","4.3","2.3","12.5","5.1","18.3","4.4","19.9","6.6","16.9","5.6","9.1","3.3","9.4","4.4","8.8","4.1","84.9","5.6","86.3","6.3","83.7","6.3","27.4","5.1","29.3","6.4","25.8","6.0","836","253","359","132","477","153","84.4","11.4","88.0","12.4","81.8","14.8","29.8","13.1","24.2","14.1","34.0","14.3","825","160","424","111","401","109","90.3","9.2","87.0","13.7","93.8","6.9","43.5","14.4","49.5","16.5","37.2","17.3","1493","168","653","132","840","155","84.3","7.9","83.9","11.6","84.6","8.5","23.2","6.5","22.5","9.5","23.8","9.4","674","155","276","87","398","96","80.1","9.1","88.8","12.4","74.1","14.2","13.6","9.3","21.0","14.5","8.5","7.7","12.8","14.8","14.1","20.1","11.9","12.6","12.0","9.4","12.2","14.3","11.8","9.5","4.4","3.8","7.7","8.2","2.6","3.2","1.4","2.1","0.0","6.7","2.8","4.0","39083","4773","40208","6580","38274","6800","16496","5699","16729","8241","15227","19798","27043","7564","30877","10082","24949","4380","37348","4556","37475","7618","37137","11151","50521","19487","70000","32512","42295","12819","90430","10724","123125","47460","75909","11296","5.5","(X)","(X)","(X)","(X)","(X)",
"1400000US06111007800","Census Tract 78, Ventura County, California","384","139","170","81","214","86","25.3","17.8","21.2","23.2","28.5","19.7","24.5","12.9","42.9","25.5","9.8","8.8","39.6","16.1","35.9","27.3","42.5","25.9","10.7","8.8","0.0","18.5","19.2","15.1","2521","178","1164","137","1357","132","17.1","7.3","13.3","7.2","20.3","9.5","13.5","4.4","11.6","6.5","15.2","6.4","23.3","5.1","21.9","7.4","24.5","6.1","21.4","5.0","24.9","8.3","18.3","6.2","6.5","2.9","6.7","4.4","6.4","4.0","12.0","4.0","15.5","6.6","9.1","4.6","6.1","2.8","6.1","4.0","6.1","3.1","69.4","7.3","75.1","8.3","64.5","9.4","18.1","4.6","21.6","7.0","15.2","5.5","654","153","305","112","349","96","71.1","13.0","71.8","15.7","70.5","18.6","23.7","10.7","24.6","13.7","22.9","13.1","684","144","320","98","364","98","71.3","13.1","80.0","14.0","63.7","18.1","20.2","7.6","23.1","10.3","17.6","9.3","756","170","393","113","363","128","74.1","15.8","86.0","11.8","61.2","22.9","13.2","9.0","18.3","15.5","7.7","9.0","427","128","146","66","281","96","55.3","18.1","41.8","25.7","62.3","19.2","15.0","9.5","20.5","17.0","12.1","11.4","28.6","14.9","20.7","15.5","33.4","19.0","8.5","9.6","9.8","11.3","7.5","8.8","9.4","6.2","9.2","7.5","9.5","10.4","1.3","2.0","2.4","3.7","0.0","15.6","29583","6767","37466","5928","21927","5584","14548","3847","20109","10049","13493","4922","39071","4319","52386","17103","28333","10127","32500","9013","37305","13095","27031","10842","52422","17028","56923","71423","50859","35623","106167","35878","140865","44804","59327","28364","7.8","(X)","(X)","(X)","(X)","(X)",
"1400000US06111007901","Census Tract 79.01, Ventura County, California","741","181","449","189","292","103","15.9","8.9","15.4","14.2","16.8","13.2","30.6","12.5","30.3","17.3","31.2","21.1","43.6","13.5","45.7","16.6","40.4","19.5","9.9","6.1","8.7","8.5","11.6","10.2","3387","269","1607","168","1780","169","7.5","4.4","6.7","4.7","8.2","5.9","7.3","2.4","10.5","4.6","4.3","2.2","25.5","4.9","22.9","5.7","27.9","7.5","28.8","4.5","31.7","6.6","26.2","5.5","11.7","3.9","12.1","6.0","11.3","4.1","13.6","4.1","10.1","4.1","16.8","5.4","5.6","3.0","5.9","3.7","5.2","3.2","85.3","5.1","82.8","6.0","87.5","6.0","19.2","4.7","16.1","5.2","22.0","5.8","939","242","568","161","371","119","87.3","6.6","80.5","10.8","97.8","3.5","13.5","7.9","11.1","9.0","17.3","10.2","839","170","385","99","454","117","85.9","10.9","87.0","12.1","85.0","11.5","21.1","10.5","18.4","11.5","23.3","12.3","1252","149","533","86","719","116","86.7","7.5","85.2","9.7","87.8","7.0","24.5","8.0","18.6","8.8","28.9","10.3","357","86","121","34","236","77","73.4","15.4","70.2","22.5","75.0","20.3","10.9","7.8","20.7","17.5","5.9","7.2","5.8","5.3","9.4","8.5","1.3","3.0","4.1","3.2","2.2","3.5","5.4","4.8","4.1","3.6","7.1","6.0","1.0","2.0","0.0","5.2","0.0","12.7","0.0","8.5","41995","5255","44309","14010","40883","7575","22609","7479","23859","2137","16111","3133","31284","2365","31711","3769","30505","7263","51103","10399","54515","8402","43354","8272","66823","18514","88393","8627","61964","25199","83792","8418","103073","35627","83000","32016","3.3","(X)","(X)","(X)","(X)","(X)",
"1400000US06111007903","Census Tract 79.03, Ventura County, California","310","100","190","82","120","67","3.2","4.1","1.6","2.5","5.8","8.9","35.2","16.5","29.5","18.8","44.2","26.5","61.6","16.8","68.9","18.9","50.0","24.6","0.0","10.7","0.0","16.8","0.0","24.9","3101","160","1439","113","1662","103","1.9","1.5","3.2","3.2","0.8","1.1","1.3","1.3","0.6","0.9","1.9","2.4","18.9","4.8","15.6","6.1","21.7","5.7","23.8","4.2","23.6","6.2","24.0","6.3","8.5","3.1","10.7","5.3","6.7","3.4","29.5","4.9","30.6","6.5","28.6","6.0","16.0","3.9","15.8","5.3","16.2","4.9","96.8","1.9","96.2","3.3","97.3","2.6","45.6","4.8","46.4","7.1","44.9","6.2","383","142","151","72","232","85","93.5","9.9","100.0","20.5","89.2","15.7","35.2","15.2","35.8","20.7","34.9","19.7","812","114","356","65","456","67","99.3","1.6","98.3","3.7","100.0","7.4","69.6","9.8","68.0","12.1","70.8","12.5","1486","115","747","88","739","55","96.6","3.2","94.2","5.8","99.1","2.0","42.9","7.8","43.5","11.2","42.2","11.3","420","98","185","58","235","67","95.7","4.3","97.3","4.4","94.5","7.1","18.1","9.0","24.9","14.4","12.8","11.0","20.2","20.7","12.2","27.4","28.9","45.0","8.8","8.5","0.0","14.4","14.4","13.0","0.4","0.8","0.8","1.7","0.0","6.7","3.0","2.4","0.0","5.1","5.6","4.4","66123","5429","73875","17811","63793","13356","39500","6471","-","**","-","**","45833","12657","46930","20042","40938","14092","53977","16746","65385","14316","43839","4494","84680","4521","85868","6424","80417","9843","83452","20097","85357","23619","83214","42427","6.3","(X)","(X)","(X)","(X)","(X)",
"1400000US06111007904","Census Tract 79.04, Ventura County, California","592","175","341","130","251","110","26.7","13.8","46.3","18.7","0.0","13.0","16.7","9.7","10.9","8.7","24.7","17.4","48.8","10.7","42.8","16.8","57.0","16.5","7.8","7.4","0.0","9.7","18.3","14.6","3991","338","1973","197","2018","182","6.3","3.7","7.8","5.7","4.8","3.6","11.4","6.6","8.4","4.9","14.4","8.6","21.0","5.7","18.8","6.4","23.2","6.4","29.9","5.1","33.4","6.2","26.4","7.0","10.8","3.3","13.1","4.6","8.6","3.7","13.1","3.4","15.0","5.1","11.2","4.4","7.5","2.7","3.6","2.1","11.3","4.7","82.3","8.5","83.8","9.4","80.8","8.4","20.6","4.8","18.6","5.5","22.5","6.1","817","208","410","127","407","116","81.6","19.6","77.1","23.0","86.2","16.7","18.5","10.2","11.7","8.7","25.3","16.6","781","168","420","123","361","110","72.5","10.4","80.2","10.3","63.4","18.4","16.8","9.5","13.8","9.7","20.2","13.5","1793","235","887","122","906","148","87.6","10.0","88.0","10.7","87.1","10.0","23.4","6.5","23.7","8.7","23.1","8.4","600","162","256","84","344","112","80.3","14.1","85.9","15.5","76.2","15.9","20.2","8.7","19.9","11.9","20.3","11.2","11.5","12.8","13.2","16.7","10.1","10.4","1.3","2.3","3.0","5.1","0.0","7.2","4.5","3.0","3.6","5.1","5.7","4.3","1.2","1.9","0.0","9.1","2.2","3.3","40564","9170","44861","6223","32131","14187","20581","1562","21390","2987","17891","5744","38333","17818","41367","22377","27083","27644","42368","10600","47372","18366","27219","12911","58125","20121","76023","66102","57844","16020","80288","28504","172679","277483","80256","24334","4.2","(X)","(X)","(X)","(X)","(X)",
"1400000US06111008001","Census Tract 80.01, Ventura County, California","361","109","209","66","152","69","10.5","10.2","6.7","7.4","15.8","21.4","38.5","13.0","34.4","15.8","44.1","23.3","51.0","12.7","58.9","16.1","40.1","16.7","0.0","9.2","0.0","15.4","0.0","20.4","2212","196","1039","142","1173","117","5.5","2.9","5.1","3.4","5.8","3.3","14.5","7.0","18.1","8.9","11.3","6.2","25.2","5.1","24.1","5.9","26.2","6.2","23.3","5.7","24.1","7.4","22.7","6.5","11.1","3.9","10.1","4.7","12.0","5.0","14.5","5.0","13.6","5.0","15.3","6.0","6.0","2.0","5.0","2.6","6.8","3.4","80.1","6.9","76.8","8.6","82.9","6.8","20.4","5.0","18.6","5.3","22.1","6.6","514","131","237","87","277","83","92.0","8.7","88.2","12.3","95.3","7.0","25.7","11.0","10.1","10.7","39.0","14.8","510","144","263","88","247","72","73.7","18.5","68.8","21.9","78.9","16.4","12.9","6.9","10.3","7.4","15.8","10.7","885","95","390","70","495","63","75.4","13.8","70.5","16.4","79.2","13.2","22.3","7.7","27.2","11.1","18.4","8.1","303","60","149","44","154","46","84.2","9.1","89.3","11.2","79.2","15.0","18.8","9.1","24.2","15.0","13.6","12.4","22.0","22.9","18.3","25.1","26.5","24.4","13.6","8.1","9.2","9.3","17.3","12.3","7.2","5.4","8.2","8.7","6.4","6.8","5.1","5.2","0.0","16.5","8.9","8.9","46641","4171","52558","4910","42000","6609","16422","13542","26711","26784","13672","2295","44115","4445","56250","22290","36806","10916","54821","10398","56343","15939","46731","17907","65074","22789","51563","47799","65515","12533","96818","24138","134844","16912","39861","97308","5.3","(X)","(X)","(X)","(X)","(X)",
"1400000US06111008002","Census Tract 80.02, Ventura County, California","605","140","290","109","315","116","14.9","10.4","11.4","13.4","18.1","14.8","38.5","16.7","54.1","22.2","24.1","16.3","45.3","15.6","31.7","22.0","57.8","19.1","1.3","2.3","2.8","4.7","0.0","10.5","3111","200","1514","149","1597","129","5.5","3.0","5.4","3.8","5.6","4.5","6.1","3.1","6.1","4.1","6.1","4.3","25.5","5.6","26.3","6.9","24.7","6.4","35.4","6.3","30.6","7.4","40.0","8.2","8.8","3.1","9.6","4.6","8.1","4.1","13.9","3.3","14.8","5.1","13.0","5.6","4.8","2.5","7.2","4.6","2.4","1.9","88.4","5.0","88.4","5.4","88.3","6.9","18.6","4.2","22.0","6.2","15.4","6.0","907","244","530","177","377","120","87.2","8.3","80.9","13.6","96.0","5.5","19.8","8.3","17.5","12.8","23.1","15.9","720","184","335","127","385","109","88.5","10.7","95.5","5.6","82.3","17.1","15.1","6.0","26.0","12.4","5.7","6.2","1164","153","537","117","627","80","89.5","6.4","89.6","5.8","89.5","10.1","20.1","7.1","22.3","11.8","18.2","8.7","320","84","112","47","208","68","87.2","13.9","97.3","11.1","81.7","15.4","17.5","12.1","29.5","20.5","11.1","11.2","19.6","9.8","0.0","18.1","38.3","22.0","16.1","9.3","9.5","9.7","23.1","14.7","9.9","7.0","7.7","7.1","11.6","8.7","0.0","5.9","0.0","10.0","0.0","13.3","39014","8147","47083","5947","24111","7158","21580","18237","36250","12904","2,500-","***","24306","7009","34167","13193","16494","4223","49861","7563","51882","8413","32031","19785","43044","7226","43634","3828","41000","42828","61333","36396","61250","31692","95125","86276","9.8","(X)","(X)","(X)","(X)","(X)",
"1400000US06111008004","Census Tract 80.04, Ventura County, California","643","142","274","86","369","106","8.4","6.4","16.8","12.6","2.2","5.1","35.1","12.9","54.4","20.9","20.9","20.7","54.9","11.8","28.8","16.9","74.3","20.1","1.6","3.1","0.0","12.0","2.7","5.6","3377","351","1603","213","1774","208","11.2","7.5","12.8","9.3","9.7","6.2","9.2","3.0","9.7","4.7","8.7","3.3","25.6","5.8","23.3","7.0","27.7","7.2","24.6","4.8","28.8","6.7","20.7","6.2","7.5","2.6","6.6","3.5","8.2","4.1","14.9","4.2","12.4","5.7","17.2","5.1","7.1","2.5","6.4","3.6","7.7","3.7","79.7","7.3","77.5","9.8","81.6","6.4","22.0","4.9","18.8","7.3","25.0","4.7","624","212","388","143","236","123","84.3","11.2","77.1","17.6","96.2","6.9","29.3","10.9","19.3","12.4","45.8","19.9","783","147","279","69","504","106","71.6","16.0","58.4","22.2","79.0","14.1","22.6","8.5","15.1","10.9","26.8","12.6","1387","144","735","118","652","68","79.0","7.2","82.0","9.1","75.6","7.6","17.8","8.6","16.7","9.8","19.0","10.0","583","155","201","86","382","118","87.1","8.9","88.6","16.2","86.4","12.3","23.5","10.2","30.3","18.7","19.9","12.5","2.6","4.4","2.5","4.8","2.8","4.3","2.9","3.5","1.6","2.8","3.9","5.8","1.7","2.1","0.2","0.7","3.3","4.2","8.7","5.8","7.6","8.9","9.5","8.4","36741","12087","45750","14960","29000","9648","17009","3874","21533","1051","8636","10885","43406","15289","55962","15546","40417","29623","50104","10987","65179","21212","30958","10212","41385","9104","41538","30790","41023","24194","68239","20789","53864","112437","68807","12576","3.8","(X)","(X)","(X)","(X)","(X)",
"1400000US06111008005","Census Tract 80.05, Ventura County, California","330","64","179","76","151","52","12.4","8.3","14.0","10.2","10.6","11.6","13.6","8.4","20.7","11.8","5.3","7.9","71.5","14.1","62.6","17.8","82.1","13.8","2.4","3.2","2.8","5.0","2.0","3.6","1783","146","929","120","854","82","6.5","4.1","5.3","4.5","7.8","5.0","12.9","5.5","14.7","7.5","10.9","4.3","28.4","5.7","27.3","7.7","29.6","8.0","29.3","6.0","30.4","8.0","28.2","7.9","7.0","3.1","5.8","4.3","8.2","3.6","10.0","3.6","10.0","4.3","10.0","5.1","5.9","2.7","6.5","4.7","5.3","3.2","80.6","5.0","80.0","6.0","81.3","7.0","15.9","4.6","16.5","6.1","15.2","6.1","445","115","262","83","183","57","70.6","16.1","63.4","18.6","80.9","13.4","18.4","10.0","15.6","11.5","22.4","15.5","374","98","191","71","183","40","82.9","9.6","80.1","11.6","85.8","13.4","20.6","9.7","20.4","14.5","20.8","13.3","712","97","355","61","357","53","82.3","9.4","87.9","10.3","76.8","11.6","13.8","6.1","15.5","8.9","12.0","6.5","252","52","121","35","131","35","90.1","8.3","92.6","9.9","87.8","12.5","10.3","6.7","14.9","12.9","6.1","4.9","10.7","9.5","15.6","13.6","5.0","7.3","14.8","8.7","15.0","11.7","14.6","10.7","2.9","2.3","1.2","1.8","4.8","4.4","5.3","6.3","0.0","20.3","11.5","14.5","35774","5993","41699","9134","30096","9746","21731","9089","21058","7122","34141","24173","30625","9208","30917","16913","30227","11844","45446","15291","54286","9029","25069","8088","40313","21669","43333","6726","23958","22668","66500","31163","54375","27100","83558","23776","2.7","(X)","(X)","(X)","(X)","(X)",
"1400000US06111008101","Census Tract 81.01, Ventura County, California","311","102","119","56","192","84","4.2","6.4","10.9","16.1","0.0","16.6","27.0","15.3","26.1","25.7","27.6","18.7","47.6","17.6","63.0","27.2","38.0","19.4","21.2","18.3","0.0","25.1","34.4","25.8","2374","239","1161","134","1213","144","5.7","5.1","4.4","4.3","7.0","6.0","5.6","2.9","5.3","3.5","5.9","3.6","22.2","5.5","19.8","6.9","24.6","7.1","31.7","5.4","31.9","7.0","31.5","6.9","12.0","3.4","12.0","5.4","12.0","5.3","16.9","5.7","21.0","7.8","13.0","6.1","5.9","2.9","5.6","3.4","6.1","4.9","88.7","5.2","90.3","5.1","87.1","6.3","22.8","6.7","26.6","7.5","19.1","7.3","398","151","165","77","233","107","80.2","20.8","83.6","17.8","77.7","24.3","14.6","15.2","20.0","21.8","10.7","12.3","576","132","292","84","284","71","93.9","5.1","88.0","9.9","100.0","11.6","26.7","14.6","30.5","16.8","22.9","17.5","903","98","461","77","442","60","93.5","4.8","93.1","6.0","93.9","6.0","30.2","11.4","31.5","12.7","29.0","12.6","497","80","243","51","254","54","80.7","10.5","92.2","10.1","69.7","15.0","11.3","8.8","17.3","14.5","5.5","6.8","1.1","2.8","2.7","6.4","0.0","19.9","3.1","3.9","1.3","3.1","4.4","6.1","4.2","3.6","6.1","6.1","2.3","3.7","3.0","3.9","0.0","10.7","6.9","8.6","45229","7145","50353","4045","31364","12297","12460","5134","30521","16121","11488","461","32292","12182","43676","9452","20227","5601","42399","8103","47440","5269","36012","13150","65094","11993","66921","10929","52269","13379","42339","39480","105625","117707","41734","19041","1.3","(X)","(X)","(X)","(X)","(X)",
"1400000US06111008201","Census Tract 82.01, Ventura County, California","385","120","170","89","215","96","18.4","13.9","11.8","15.1","23.7","21.1","42.3","18.1","51.8","27.1","34.9","25.0","35.1","16.6","27.1","24.3","41.4","21.4","4.2","6.4","9.4","14.3","0.0","15.0","2778","189","1386","157","1392","125","4.0","2.3","2.3","2.7","5.7","3.9","4.9","2.5","2.2","2.3","7.5","4.2","20.7","5.6","22.4","8.1","19.0","6.3","36.0","6.9","38.5","10.1","33.6","7.4","7.4","2.8","7.1","4.0","7.7","3.7","22.4","5.9","23.5","7.4","21.2","6.8","4.6","2.6","4.0","2.7","5.3","3.1","91.1","3.1","95.5","3.6","86.9","5.0","27.0","5.9","27.5","7.0","26.5","7.3","595","184","296","113","299","100","95.6","6.9","96.3","6.6","95.0","7.7","19.8","15.8","17.9","16.9","21.7","18.9","606","156","289","103","317","102","99.7","0.9","100.0","11.4","99.4","1.6","47.9","13.8","52.2","20.2","43.8","14.4","1094","128","559","79","535","91","88.6","5.8","92.7","5.6","84.3","10.8","21.2","8.1","21.3","9.5","21.1","11.2","483","86","242","72","241","84","80.7","12.5","95.5","8.3","66.0","21.9","22.8","13.1","24.0","16.5","21.6","13.8","18.7","13.4","20.6","30.2","18.0","14.8","0.0","5.9","0.0","10.7","0.0","12.4","7.5","4.8","2.4","3.6","13.0","7.4","5.2","5.1","0.0","8.8","10.6","9.8","43736","4824","43359","8299","45580","8192","28750","4064","28333","42617","30455","8258","42105","4758","39770","7259","47639","19885","41114","8373","43715","13834","40163","13485","58984","10825","52000","27949","68214","14460","52250","62241","51750","77986","65938","130175","7.5","(X)","(X)","(X)","(X)","(X)",
"1400000US06111008202","Census Tract 82.02, Ventura County, California","466","171","222","134","244","109","6.2","6.8","5.0","8.7","7.4","6.7","34.3","15.2","12.2","11.3","54.5","17.3","55.2","14.5","73.9","16.0","38.1","16.0","4.3","7.2","9.0","13.9","0.0","13.3","3195","239","1571","174","1624","182","2.8","1.5","1.7","1.6","3.8","2.0","9.3","4.3","7.0","4.2","11.6","6.4","20.1","4.4","22.3","8.0","17.9","6.5","27.8","4.6","29.1","6.2","26.5","5.6","4.9","2.2","4.1","2.6","5.7","3.0","26.9","6.0","29.6","8.6","24.4","7.1","8.2","2.9","6.2","4.0","10.2","5.1","87.9","4.8","91.3","4.3","84.6","7.2","35.2","6.7","35.8","8.8","34.5","10.8","872","219","431","160","441","120","99.4","1.2","100.0","7.8","98.9","2.4","54.2","13.5","65.4","17.9","43.3","13.3","588","158","357","112","231","73","85.5","10.5","86.0","11.8","84.8","14.1","20.9","11.5","18.5","14.3","24.7","13.6","1274","183","578","107","696","106","85.8","6.9","91.7","5.0","80.9","10.9","29.0","7.5","27.5","12.1","30.3","12.8","461","158","205","82","256","115","74.8","16.0","81.0","16.0","69.9","25.5","34.3","20.6","27.3","19.5","39.8","29.3","17.9","15.2","25.5","22.4","13.6","12.8","16.3","10.5","5.7","6.9","29.0","19.7","13.6","7.9","12.1","11.1","15.2","10.1","2.3","2.9","2.0","2.7","2.7","3.6","35802","8067","45333","17948","31907","3934","19867","1762","19185","3606","20391","2263","43929","22106","58627","14362","31974","5476","35231","8760","39792","26520","32875","8476","44531","20189","41051","14662","59688","23602","25417","53559","87500","51597","17099","32232","6.9","(X)","(X)","(X)","(X)","(X)",
"1400000US06111008302","Census Tract 83.02, Ventura County, California","445","163","252","130","193","82","13.9","11.6","17.5","15.7","9.3","15.1","38.0","22.0","31.7","24.6","46.1","32.1","42.5","13.7","46.0","17.7","37.8","23.4","5.6","8.0","4.8","6.7","6.7","10.6","3744","155","1723","146","2021","148","3.2","2.3","2.7","2.8","3.7","3.0","7.1","3.4","4.4","2.6","9.5","5.6","22.8","4.7","22.7","7.7","22.8","5.7","25.4","4.1","27.6","6.7","23.5","5.3","15.7","4.2","16.0","5.7","15.5","4.8","19.6","5.0","19.6","6.5","19.7","5.9","6.2","2.5","7.1","3.5","5.3","2.7","89.7","3.9","93.0","3.7","86.8","5.9","25.8","5.3","26.7","7.0","25.0","6.3","556","192","276","113","280","144","79.3","19.1","100.0","11.9","58.9","31.5","17.6","12.5","18.8","16.5","16.4","18.5","899","213","447","137","452","113","90.1","7.7","89.5","11.1","90.7","12.0","29.1","11.2","24.6","15.9","33.6","15.1","1502","210","696","123","806","113","94.5","3.5","92.5","5.5","96.2","3.8","36.0","7.0","36.2","9.9","35.9","10.1","787","88","304","64","483","70","87.3","6.3","92.8","8.1","83.9","8.1","8.3","4.4","15.1","9.6","3.9","3.5","33.6","20.9","12.4","18.6","43.2","30.8","10.0","7.5","2.3","4.1","16.5","13.0","14.2","6.2","6.4","6.2","21.7","10.3","3.8","3.5","4.1","6.2","3.6","3.9","43750","9498","51981","11228","39076","7043","16548","3054","34545","22331","12750","8093","27411","11365","32067","14117","24286","17920","43949","9573","56741","18587","28200","12537","63438","11290","65114","6006","59236","18285","79500","17458","89464","60710","72232","22381","2.5","(X)","(X)","(X)","(X)","(X)",
"1400000US06111008303","Census Tract 83.03, Ventura County, California","404","146","237","135","167","82","28.2","19.2","48.1","24.8","0.0","18.8","20.8","13.1","11.4","16.3","34.1","27.8","46.5","20.4","40.5","26.9","55.1","26.3","4.5","6.0","0.0","13.7","10.8","12.8","2764","206","1267","157","1497","153","5.0","3.3","3.8","3.7","6.1","3.9","5.9","2.4","9.2","4.5","3.1","2.8","28.7","5.0","27.9","6.7","29.3","7.1","27.8","5.8","21.0","7.8","33.5","7.3","8.5","3.2","6.5","3.6","10.2","5.1","12.7","3.4","15.5","5.1","10.3","4.5","11.5","4.5","16.2","8.6","7.5","3.0","89.1","4.5","87.1","5.3","90.8","6.0","24.2","5.3","31.6","8.5","17.8","4.9","525","153","224","89","301","101","88.6","10.0","94.2","8.6","84.4","16.2","22.9","11.6","19.2","13.3","25.6","14.5","529","136","240","101","289","72","88.1","8.1","76.3","17.2","97.9","3.4","12.3","8.9","15.8","13.2","9.3","10.6","1005","179","537","122","468","108","94.3","5.0","91.4","8.0","97.6","3.3","33.9","11.1","45.3","15.4","20.9","9.2","705","154","266","82","439","114","82.8","8.6","82.0","11.2","83.4","11.9","20.1","8.4","28.9","15.1","14.8","9.3","3.2","5.6","3.8","8.4","2.5","6.3","10.2","6.4","9.8","7.0","10.6","7.2","7.2","6.2","0.0","9.8","11.0","9.0","6.1","6.7","8.2","10.3","2.7","4.7","40489","2484","41578","3577","31440","10482","28967","23211","31705","20064","2,500-","***","36696","12220","40673","15819","28190","18309","37014","11388","40978","800","30202","11492","56964","6518","72788","28392","48056","11909","56058","30321","41909","38376","66528","35991","2.9","(X)","(X)","(X)","(X)","(X)",
"1400000US06111008304","Census Tract 83.04, Ventura County, California","263","149","209","143","54","41","6.5","9.5","8.1","13.8","0.0","41.9","6.5","9.9","3.3","8.3","18.5","30.8","87.1","14.1","88.5","17.2","81.5","30.8","0.0","12.4","0.0","15.4","0.0","41.9","3938","258","1944","211","1994","186","2.6","1.8","1.2","1.5","3.9","2.7","5.9","2.8","4.7","3.2","7.1","3.5","19.6","5.0","18.1","6.4","21.0","7.0","30.1","4.8","35.9","7.2","24.5","7.4","9.0","3.6","7.2","4.9","10.7","5.3","25.5","5.3","26.2","7.6","24.8","6.7","7.3","3.0","6.6","3.6","8.0","4.8","91.5","3.3","94.0","3.5","89.0","4.5","32.9","6.2","32.9","7.4","32.8","7.6","865","232","406","147","459","145","88.9","8.2","91.4","9.4","86.7","12.6","43.1","12.8","52.0","22.2","35.3","17.2","794","175","450","131","344","104","97.0","4.6","94.7","7.9","100.0","9.7","37.9","13.3","23.6","15.6","56.7","15.8","1715","252","884","140","831","151","95.2","4.5","96.3","4.4","94.1","5.3","29.4","11.6","26.7","13.3","32.3","12.8","564","108","204","84","360","109","76.4","10.6","88.2","13.7","69.7","15.7","20.6","12.2","42.2","25.1","8.3","9.0","25.1","18.6","0.0","25.6","38.4","24.2","4.3","4.5","4.3","6.3","4.3","6.8","3.7","4.7","5.7","8.1","1.3","2.2","0.0","2.7","0.0","5.3","0.0","5.2","58368","3188","60198","9084","46047","13999","22031","10269","30700","26286","20938","25891","40030","26205","40565","10724","30769","70082","59730","9902","76989","17472","41750","6624","59167","11841","59353","26103","58866","19846","59291","14843","59107","57150","59363","19142","2.4","(X)","(X)","(X)","(X)","(X)",
"1400000US06111008305","Census Tract 83.05, Ventura County, California","355","109","201","85","154","85","3.9","6.2","0.0","15.9","9.1","16.5","22.8","17.5","37.8","23.9","3.2","7.4","56.1","17.9","45.3","25.8","70.1","25.9","17.2","15.5","16.9","22.9","17.5","21.6","2453","149","1129","123","1324","98","0.3","0.6","0.0","3.0","0.6","1.1","0.9","0.9","1.6","1.8","0.3","0.6","15.6","4.3","14.9","6.0","16.2","5.2","17.4","5.2","13.7","6.6","20.5","6.8","12.2","4.3","10.1","4.7","14.0","6.4","35.5","6.0","36.8","8.4","34.4","8.8","18.0","4.5","22.9","7.5","13.9","5.0","98.8","1.1","98.4","1.8","99.1","1.3","53.6","6.3","59.7","9.2","48.3","8.3","207","85","87","57","120","71","100.0","15.5","100.0","31.9","100.0","24.9","68.1","21.0","64.4","32.0","70.8","28.4","575","78","276","54","299","53","98.6","2.6","100.0","11.9","97.3","5.0","67.3","10.6","71.4","15.4","63.5","17.5","1266","108","574","103","692","51","99.7","0.7","100.0","5.9","99.4","1.2","50.3","10.2","54.9","14.3","46.5","12.9","405","87","192","51","213","61","95.6","5.1","90.6","10.3","100.0","15.1","36.8","10.0","55.2","15.0","20.2","14.2","0.0","56.2","0.0","72.5","0.0","88.8","3.4","4.3","0.0","18.7","6.1","8.0","2.8","3.0","0.0","12.2","4.4","4.5","2.7","3.0","5.2","5.7","0.0","5.3","72656","16774","90817","9565","58207","12203","-","**","-","**","-","**","54327","64357","88229","19747","16042","55196","80121","25488","95066","22859","56250","40702","59864","10190","63828","25693","58342","20477","87450","41141","129479","64226","62083","20207","2.5","(X)","(X)","(X)","(X)","(X)",
"1400000US06111008306","Census Tract 83.06, Ventura County, California","385","103","109","57","276","92","15.3","12.8","22.0","20.1","12.7","16.3","23.1","11.0","22.0","24.3","23.6","13.5","39.5","13.4","46.8","18.4","36.6","17.9","22.1","12.5","9.2","13.3","27.2","15.4","2620","173","1213","129","1407","125","3.4","2.0","1.9","2.1","4.8","2.7","4.4","3.3","4.0","3.4","4.7","4.3","20.5","6.2","17.2","7.0","23.2","8.8","21.5","4.8","22.5","6.7","20.6","6.9","12.8","4.2","13.4","5.9","12.4","5.3","26.4","5.6","26.5","8.0","26.3","6.6","11.0","2.9","14.5","4.6","8.0","4.1","92.2","3.9","94.1","3.6","90.5","5.0","37.4","5.9","41.0","8.9","34.3","7.7","661","173","290","96","371","121","89.6","10.5","88.3","12.0","90.6","10.6","44.5","15.3","43.8","17.9","45.0","20.2","456","108","189","71","267","71","92.8","9.9","100.0","16.8","87.6","16.9","39.7","13.7","52.4","21.4","30.7","15.8","1144","108","533","69","611","88","94.1","4.8","94.4","5.0","93.8","5.3","38.0","7.7","39.0","12.7","37.2","9.2","359","54","201","46","158","44","90.3","9.8","96.0","7.2","82.9","15.1","19.5","13.0","31.3","21.1","4.4","7.3","0.0","15.6","0.0","36.1","0.0","22.9","18.8","12.7","26.8","21.7","13.8","13.7","8.6","6.2","3.9","3.4","12.9","10.8","2.8","3.5","0.0","6.8","5.6","6.9","48591","3869","62464","11843","33125","8731","21326","9367","30341","31744","21212","1874","20968","8960","33750","14864","18448","5690","47813","3518","60450","18304","32115","15420","75162","13530","78359","13953","54214","13299","69038","27054","95714","66643","62813","60503","3.3","(X)","(X)","(X)","(X)","(X)",
"1400000US06111008401","Census Tract 84.01, Ventura County, California","432","126","239","112","193","77","22.0","13.3","21.3","16.1","22.8","19.9","27.8","15.5","31.8","23.7","22.8","16.2","48.1","14.5","46.9","18.8","49.7","23.3","2.1","3.6","0.0","13.6","4.7","8.6","3486","202","1632","169","1854","126","4.0","2.6","3.1","2.7","4.7","2.9","4.9","2.0","4.8","3.1","5.1","3.1","23.6","4.5","25.2","6.2","22.1","6.2","30.1","4.7","29.9","6.9","30.3","6.2","9.2","2.6","5.7","2.7","12.3","4.5","22.0","4.3","25.1","6.3","19.3","5.3","6.3","2.3","6.2","2.9","6.3","3.3","91.1","2.6","92.1","3.9","90.2","3.6","28.3","5.0","31.3","7.0","25.6","5.5","569","161","307","108","262","108","91.6","9.1","87.3","14.8","96.6","6.1","32.5","16.2","17.9","14.9","49.6","22.0","646","121","261","63","385","90","87.5","7.8","96.9","5.7","81.0","12.0","33.9","12.4","42.1","20.4","28.3","13.2","1467","142","742","128","725","100","95.8","2.9","92.0","5.9","99.6","1.3","26.6","7.4","28.2","9.6","25.0","9.2","804","114","322","79","482","87","85.2","6.8","92.9","7.2","80.1","9.6","23.8","8.4","42.5","15.5","11.2","7.2","45.8","23.1","57.4","28.2","37.6","23.8","10.4","7.8","4.6","6.6","16.3","12.8","7.6","4.7","8.6","9.5","6.9","5.9","2.4","3.0","2.7","4.5","2.1","3.5","42453","6321","42750","7150","41000","23589","21277","7502","20532","11409","28047","11942","35096","15161","42750","17211","13333","3899","37500","8941","36522","6174","42250","27824","75568","20710","97895","25413","65709","16268","73690","35466","107583","107172","73631","59757","3.8","(X)","(X)","(X)","(X)","(X)",
"1400000US06111008402","Census Tract 84.02, Ventura County, California","286","97","156","66","130","73","20.3","13.3","22.4","16.3","17.7","18.1","10.8","11.5","19.9","20.7","0.0","23.3","64.7","16.4","50.0","26.1","82.3","18.1","4.2","6.3","7.7","13.0","0.0","23.3","3537","213","1763","128","1774","145","2.1","1.5","1.9","2.1","2.4","1.6","4.5","2.3","6.6","3.8","2.5","1.8","23.1","4.5","22.0","6.2","24.2","6.2","26.1","4.5","27.8","6.2","24.4","5.2","9.6","2.8","11.9","3.7","7.4","3.2","29.2","4.8","23.9","7.0","34.5","5.3","5.3","1.9","6.0","3.0","4.7","2.5","93.4","2.5","91.5","4.1","95.2","2.1","34.5","5.2","29.9","7.4","39.2","5.5","469","139","181","91","288","93","96.2","6.2","90.1","15.9","100.0","11.4","54.8","16.2","60.8","26.5","51.0","20.7","790","129","405","101","385","76","97.1","3.3","100.0","8.3","94.0","6.7","34.4","11.7","16.0","9.7","53.8","15.7","1747","174","895","92","852","109","91.7","5.1","88.6","7.6","95.0","3.8","30.3","7.2","32.2","9.1","28.4","8.5","531","80","282","49","249","65","90.8","7.3","89.7","9.8","92.0","8.9","30.7","11.8","22.7","12.4","39.8","17.1","31.9","24.3","30.9","27.2","33.7","28.0","1.6","2.3","0.0","8.6","3.0","4.4","2.2","2.2","2.4","2.8","2.0","3.3","2.1","3.0","2.7","3.8","1.7","2.4","56350","6630","70199","10647","38277","11132","29833","24462","40556","20331","-","**","43750","29663","61384","22430","22361","31204","44313","18211","59557","13674","27000","10268","72439","18837","108125","44725","53300","24144","79091","26272","99931","57433","70966","43827","7.0","(X)","(X)","(X)","(X)","(X)",
"1400000US06111008500","Census Tract 85, Ventura County, California","609","148","347","111","262","120","8.4","7.6","0.0","9.6","19.5","16.1","22.8","13.0","36.0","21.0","5.3","8.6","55.8","14.0","49.3","19.9","64.5","18.4","13.0","8.8","14.7","13.2","10.7","11.3","6108","287","3115","166","2993","219","1.7","1.1","1.1","1.5","2.3","1.8","3.6","1.6","3.6","1.9","3.7","2.3","20.0","4.5","19.9","5.8","20.1","6.1","31.4","4.3","30.0","5.9","32.9","6.0","10.3","3.0","9.8","3.6","10.9","3.7","23.6","4.0","26.9","6.0","20.1","4.5","9.4","2.7","8.8","3.7","10.0","3.5","94.7","2.1","95.3","2.3","94.1","3.1","33.0","4.2","35.7","5.7","30.2","5.3","1224","293","548","176","676","198","95.6","4.7","100.0","6.2","92.0","8.5","45.6","15.0","50.9","17.9","41.3","16.3","1008","201","533","137","475","117","98.6","2.3","97.4","4.2","100.0","7.1","28.3","10.5","13.7","10.6","44.6","16.7","2853","255","1560","168","1293","156","93.8","3.7","93.6","4.6","94.0","4.3","32.4","6.4","35.6","8.7","28.5","7.7","1023","125","474","114","549","93","92.4","5.0","93.5","6.0","91.4","8.2","24.1","8.9","42.8","14.9","8.0","6.3","10.0","14.5","22.5","29.3","0.0","17.8","9.0","6.1","3.5","4.9","14.6","11.6","5.2","2.9","5.3","3.8","5.0","4.1","1.9","1.7","1.1","1.8","2.9","3.1","51516","2445","54520","9321","45508","6499","37632","17093","48571","21808","31000","22925","44082","12656","43923","15494","44821","25318","49519","8634","56786","19186","34861","12698","54335","18078","78750","31361","41985","16060","84340","26843","98417","49260","82778","20741","1.3","(X)","(X)","(X)","(X)","(X)",
"1400000US06111008600","Census Tract 86, Ventura County, California","1022","235","444","167","578","195","28.9","13.7","29.3","17.9","28.5","17.1","28.3","10.5","23.4","15.7","32.0","13.2","34.2","16.9","40.8","20.5","29.2","20.9","8.6","7.5","6.5","7.8","10.2","12.6","4750","395","2365","286","2385","264","29.7","5.9","29.8","8.5","29.5","6.9","14.2","3.7","15.5","5.6","12.9","4.6","20.9","5.0","23.0","7.1","18.8","5.4","16.9","4.3","14.6","5.2","19.2","7.1","7.0","3.3","8.1","5.6","6.0","3.8","7.0","2.4","4.7","2.8","9.3","3.7","4.4","2.1","4.4","2.7","4.4","2.6","56.2","5.4","54.7","8.3","57.6","6.6","11.4","3.0","9.1","3.9","13.7","4.3","1410","361","831","275","579","187","70.1","12.8","65.8","16.0","76.3","14.5","13.9","6.9","13.4","8.6","14.7","9.1","1171","255","593","167","578","143","52.2","12.1","57.0","17.0","47.2","14.8","13.7","6.9","8.4","7.7","19.0","12.1","1556","238","599","131","957","151","51.7","9.0","42.7","14.2","57.4","9.4","8.7","3.7","6.5","5.1","10.0","5.2","613","144","342","113","271","88","42.9","15.8","44.7","20.4","40.6","18.2","8.2","7.2","4.4","5.4","12.9","14.3","28.0","9.3","18.8","10.0","37.7","12.4","31.5","13.6","31.3","18.0","31.7","16.7","18.3","10.1","3.2","4.7","31.8","16.4","3.3","5.3","8.4","12.7","0.0","10.2","26007","5929","30063","10297","24229","5063","18953","4048","18460","3049","21442","8358","21658","6930","32045","20084","15025","2724","42840","6522","53333","24833","22786","8866","35250","8475","18705","16776","36283","13550","78906","46211","79141","45183","49837","71424","8.2","(X)","(X)","(X)","(X)","(X)",
"1400000US06111008700","Census Tract 87, Ventura County, California","666","201","388","123","278","125","37.4","15.1","50.0","19.3","19.8","22.8","19.8","11.6","10.8","11.2","32.4","18.3","37.7","13.7","39.2","17.7","35.6","21.2","5.1","5.5","0.0","8.6","12.2","13.4","3617","330","1700","232","1917","214","18.3","4.4","19.5","6.9","17.3","5.1","16.2","4.0","17.1","6.3","15.5","4.6","26.3","5.1","23.5","7.2","28.7","7.1","19.9","4.5","15.7","4.6","23.7","6.9","8.6","2.9","11.6","5.5","5.9","2.8","8.1","3.2","8.6","5.0","7.6","3.2","2.6","1.4","4.1","2.7","1.3","1.2","65.4","6.0","63.5","8.6","67.2","7.6","10.7","3.5","12.7","5.3","8.9","3.5","895","216","457","150","438","116","60.7","13.5","48.8","17.4","73.1","16.2","3.6","4.0","0.0","7.4","7.3","8.0","751","189","392","111","359","133","72.7","11.9","73.7","14.6","71.6","14.7","6.5","6.0","2.6","4.0","10.9","11.2","1348","161","643","103","705","129","68.3","7.8","67.2","11.5","69.4","10.2","13.9","5.9","21.9","9.8","6.7","4.8","623","179","208","93","415","159","57.3","15.6","64.9","20.7","53.5","21.1","18.8","12.3","31.3","26.1","12.5","9.0","14.4","7.7","9.0","7.0","19.7","10.9","9.8","7.3","5.8","8.8","12.7","10.8","11.2","5.5","11.6","7.0","10.9","7.9","7.8","8.2","4.6","7.1","11.8","15.3","24586","2766","26238","4386","22335","4875","17144","6517","20463","10837","14484","5866","32583","11571","37596","25987","31250","10898","23788","2010","24167","7530","23297","5213","55875","29706","86597","23991","30625","52619","108542","19958","109271","35602","-","**","6.6","(X)","(X)","(X)","(X)","(X)",
"1400000US06111008800","Census Tract 88, Ventura County, California","503","149","370","138","133","64","12.7","9.5","17.3","13.6","0.0","22.9","29.4","12.5","30.5","13.7","26.3","21.7","49.9","14.4","45.1","17.1","63.2","22.7","8.0","7.8","7.0","8.8","10.5","15.3","3363","260","1514","163","1849","166","18.3","4.8","17.2","5.1","19.2","5.4","10.0","4.3","12.9","6.4","7.6","3.9","22.0","4.6","21.7","7.4","22.3","6.4","25.4","5.6","25.4","6.8","25.4","7.9","11.1","3.4","14.5","6.0","8.3","4.1","10.1","3.3","4.5","2.5","14.7","5.6","3.1","1.9","3.8","2.6","2.6","2.3","71.7","6.4","69.9","8.5","73.2","5.9","13.2","4.0","8.3","3.4","17.3","6.3","759","191","279","105","480","146","84.5","7.7","69.9","16.3","92.9","6.4","14.4","8.4","0.0","11.8","22.7","13.7","443","127","205","81","238","91","74.5","14.1","61.5","23.3","85.7","11.9","12.6","11.0","4.4","7.7","19.7","15.9","1384","164","713","119","671","89","73.0","10.4","75.7","11.0","70.2","13.3","18.1","6.3","13.3","6.3","23.2","10.7","777","138","317","74","460","89","55.3","14.2","62.1","18.9","50.7","14.2","3.6","3.9","6.6","8.0","1.5","3.2","4.5","5.5","7.5","10.2","1.8","3.1","11.1","8.7","21.0","15.5","3.2","4.9","3.7","3.4","4.3","5.0","3.2","3.9","2.9","4.8","10.4","15.7","0.0","10.4","31738","4148","41714","9057","27647","5416","21773","10944","22396","24362","18409","16333","23125","7085","30296","7838","21419","3072","51197","8492","53242","12274","39375","23412","29464","9743","59375","55562","24866","13676","77273","37457","98750","24910","61429","61486","7.2","(X)","(X)","(X)","(X)","(X)",
"1400000US06111008900","Census Tract 89, Ventura County, California","361","134","162","79","199","100","5.5","6.2","12.3","13.8","0.0","16.1","50.7","9.7","46.9","24.0","53.8","20.5","43.8","11.6","40.7","23.9","46.2","20.5","0.0","9.2","0.0","19.3","0.0","16.1","2172","276","1090","187","1082","147","27.2","5.6","29.2","7.1","25.2","6.8","11.3","4.3","9.3","5.7","13.4","5.6","23.7","5.5","29.8","8.7","17.5","8.1","18.9","4.5","15.1","5.8","22.7","8.7","9.7","3.3","7.2","4.2","12.2","6.1","6.5","3.3","6.3","3.7","6.7","4.5","2.7","2.2","3.1","4.0","2.2","2.0","61.5","6.0","61.6","7.8","61.4","7.4","9.2","3.9","9.4","5.3","9.0","5.0","562","223","267","122","295","128","73.3","8.2","80.9","15.6","66.4","17.1","10.7","9.7","6.4","9.5","14.6","15.0","507","149","249","103","258","87","77.5","14.3","75.5","21.9","79.5","17.8","6.9","5.6","8.0","9.5","5.8","7.0","788","132","418","120","370","77","50.9","8.9","49.8","14.5","52.2","15.8","11.9","7.2","13.6","11.0","10.0","8.4","315","90","156","87","159","55","41.0","16.8","37.8","23.4","44.0","26.0","3.5","3.8","5.8","6.9","1.3","3.5","7.9","4.1","2.4","3.1","13.4","8.2","6.8","6.1","0.0","10.2","18.5","15.1","14.0","12.7","11.9","10.9","15.3","19.1","0.0","16.0","0.0","28.1","0.0","29.4","35313","13468","44464","8605","21250","8341","28125","11613","29028","11029","17034","24065","47932","31692","49877","24702","12188","10816","35833","9845","41691","24686","33516","6735","21964","38980","56023","44069","7165","14008","42174","32022","-","**","-","**","12.3","(X)","(X)","(X)","(X)","(X)",
"1400000US06111009100","Census Tract 91, Ventura County, California","804","170","450","145","354","124","30.6","12.9","44.4","17.2","13.0","9.7","25.9","10.6","24.4","12.4","27.7","16.6","41.4","11.1","28.2","14.5","58.2","16.2","2.1","2.4","2.9","4.1","1.1","1.8","2566","232","1325","191","1241","105","50.2","6.5","47.8","8.4","52.7","7.7","13.1","4.2","11.8","5.3","14.3","6.4","15.1","5.7","14.1","6.3","16.2","7.5","16.8","4.8","20.7","7.3","12.7","5.4","1.8","1.3","1.5","1.9","2.1","2.0","2.5","1.6","3.5","2.5","1.5","1.7","0.5","0.6","0.5","0.9","0.6","0.9","36.8","7.4","40.4","8.8","33.0","9.0","3.1","1.6","4.1","2.6","2.0","1.9","781","188","479","132","302","93","52.9","15.9","57.8","17.1","45.0","18.8","4.0","3.4","2.7","3.0","6.0","7.1","520","106","231","70","289","72","31.0","16.3","24.2","20.6","36.3","19.5","0.0","6.5","0.0","14.0","0.0","11.4","970","185","473","126","497","98","30.4","9.0","37.8","12.8","23.3","10.1","4.0","2.8","6.8","5.6","1.4","2.2","295","86","142","72","153","50","25.4","11.8","16.2","12.8","34.0","18.5","3.1","4.8","6.3","9.6","0.0","20.3","36.2","9.5","27.7","13.5","44.2","10.7","20.4","16.6","16.6","19.7","23.9","23.7","21.0","12.8","18.7","14.8","24.6","26.8","3.8","6.3","5.6","8.9","0.0","61.6","16575","2210","21713","3838","13196","1736","14826","2557","19875","7256","11780","2586","17194","7380","22250","21797","14803","3656","25456","2514","27039","7407","14891","20039","46364","49252","46818","56560","-","**","-","**","-","**","-","**","7.1","(X)","(X)","(X)","(X)","(X)",
"1400000US06111980000","Census Tract 9800, Ventura County, California","37","29","33","29","4","10","0.0","50.6","0.0","53.6","0.0","100.0","10.8","25.3","12.1","27.8","0.0","100.0","89.2","25.3","87.9","27.8","100.0","100.0","0.0","50.6","0.0","53.6","0.0","100.0","27","27","27","27","0","12","0.0","59.2","0.0","59.2","-","**","33.3","62.0","33.3","62.0","-","**","0.0","59.2","0.0","59.2","-","**","40.7","59.3","40.7","59.3","-","**","0.0","59.2","0.0","59.2","-","**","0.0","59.2","0.0","59.2","-","**","25.9","58.6","25.9","58.6","-","**","66.7","62.0","66.7","62.0","-","**","25.9","58.6","25.9","58.6","-","**","15","24","15","24","0","12","40.0","60.0","40.0","60.0","-","**","0.0","79.5","0.0","79.5","-","**","5","12","5","12","0","12","100.0","100.0","100.0","100.0","-","**","0.0","100.0","0.0","100.0","-","**","7","15","7","15","0","12","100.0","100.0","100.0","100.0","-","**","100.0","100.0","100.0","100.0","-","**","0","12","0","12","0","12","-","**","-","**","-","**","-","**","-","**","-","**","-","**","-","**","-","**","-","**","-","**","-","**","-","**","-","**","-","**","-","**","-","**","-","**","47083","116641","47083","116641","-","**","-","**","-","**","-","**","-","**","-","**","-","**","-","**","-","**","-","**","-","**","-","**","-","**","-","**","-","**","-","**","0.0","(X)","(X)","(X)","(X)","(X)",
"1400000US06111990100","Census Tract 9901, Ventura County, California","0","12","0","12","0","12","-","**","-","**","-","**","-","**","-","**","-","**","-","**","-","**","-","**","-","**","-","**","-","**","0","12","0","12","0","12","-","**","-","**","-","**","-","**","-","**","-","**","-","**","-","**","-","**","-","**","-","**","-","**","-","**","-","**","-","**","-","**","-","**","-","**","-","**","-","**","-","**","-","**","-","**","-","**","-","**","-","**","-","**","0","12","0","12","0","12","-","**","-","**","-","**","-","**","-","**","-","**","0","12","0","12","0","12","-","**","-","**","-","**","-","**","-","**","-","**","0","12","0","12","0","12","-","**","-","**","-","**","-","**","-","**","-","**","0","12","0","12","0","12","-","**","-","**","-","**","-","**","-","**","-","**","-","**","-","**","-","**","-","**","-","**","-","**","-","**","-","**","-","**","-","**","-","**","-","**","-","**","-","**","-","**","-","**","-","**","-","**","-","**","-","**","-","**","-","**","-","**","-","**","-","**","-","**","-","**","-","**","-","**","-","**","-","(X)","(X)","(X)","(X)","(X)",
