"GEO_ID","NAME","S1101_C01_001E","S1101_C01_001M","S1101_C02_001E","S1101_C02_001M","S1101_C03_001E","S1101_C03_001M","S1101_C04_001E","S1101_C04_001M","S1101_C05_001E","S1101_C05_001M","S1101_C01_002E","S1101_C01_002M","S1101_C02_002E","S1101_C02_002M","S1101_C03_002E","S1101_C03_002M","S1101_C04_002E","S1101_C04_002M","S1101_C05_002E","S1101_C05_002M","S1101_C01_003E","S1101_C01_003M","S1101_C02_003E","S1101_C02_003M","S1101_C03_003E","S1101_C03_003M","S1101_C04_003E","S1101_C04_003M","S1101_C05_003E","S1101_C05_003M","S1101_C01_004E","S1101_C01_004M","S1101_C02_004E","S1101_C02_004M","S1101_C03_004E","S1101_C03_004M","S1101_C04_004E","S1101_C04_004M","S1101_C05_004E","S1101_C05_004M","S1101_C01_005E","S1101_C01_005M","S1101_C02_005E","S1101_C02_005M","S1101_C03_005E","S1101_C03_005M","S1101_C04_005E","S1101_C04_005M","S1101_C05_005E","S1101_C05_005M","S1101_C01_006E","S1101_C01_006M","S1101_C02_006E","S1101_C02_006M","S1101_C03_006E","S1101_C03_006M","S1101_C04_006E","S1101_C04_006M","S1101_C05_006E","S1101_C05_006M","S1101_C01_007E","S1101_C01_007M","S1101_C02_007E","S1101_C02_007M","S1101_C03_007E","S1101_C03_007M","S1101_C04_007E","S1101_C04_007M","S1101_C05_007E","S1101_C05_007M","S1101_C01_008E","S1101_C01_008M","S1101_C02_008E","S1101_C02_008M","S1101_C03_008E","S1101_C03_008M","S1101_C04_008E","S1101_C04_008M","S1101_C05_008E","S1101_C05_008M","S1101_C01_009E","S1101_C01_009M","S1101_C02_009E","S1101_C02_009M","S1101_C03_009E","S1101_C03_009M","S1101_C04_009E","S1101_C04_009M","S1101_C05_009E","S1101_C05_009M","S1101_C01_010E","S1101_C01_010M","S1101_C02_010E","S1101_C02_010M","S1101_C03_010E","S1101_C03_010M","S1101_C04_010E","S1101_C04_010M","S1101_C05_010E","S1101_C05_010M","S1101_C01_011E","S1101_C01_011M","S1101_C02_011E","S1101_C02_011M","S1101_C03_011E","S1101_C03_011M","S1101_C04_011E","S1101_C04_011M","S1101_C05_011E","S1101_C05_011M","S1101_C01_012E","S1101_C01_012M","S1101_C02_012E","S1101_C02_012M","S1101_C03_012E","S1101_C03_012M","S1101_C04_012E","S1101_C04_012M","S1101_C05_012E","S1101_C05_012M","S1101_C01_013E","S1101_C01_013M","S1101_C02_013E","S1101_C02_013M","S1101_C03_013E","S1101_C03_013M","S1101_C04_013E","S1101_C04_013M","S1101_C05_013E","S1101_C05_013M","S1101_C01_014E","S1101_C01_014M","S1101_C02_014E","S1101_C02_014M","S1101_C03_014E","S1101_C03_014M","S1101_C04_014E","S1101_C04_014M","S1101_C05_014E","S1101_C05_014M","S1101_C01_015E","S1101_C01_015M","S1101_C02_015E","S1101_C02_015M","S1101_C03_015E","S1101_C03_015M","S1101_C04_015E","S1101_C04_015M","S1101_C05_015E","S1101_C05_015M","S1101_C01_016E","S1101_C01_016M","S1101_C02_016E","S1101_C02_016M","S1101_C03_016E","S1101_C03_016M","S1101_C04_016E","S1101_C04_016M","S1101_C05_016E","S1101_C05_016M","S1101_C01_017E","S1101_C01_017M","S1101_C02_017E","S1101_C02_017M","S1101_C03_017E","S1101_C03_017M","S1101_C04_017E","S1101_C04_017M","S1101_C05_017E","S1101_C05_017M","S1101_C01_018E","S1101_C01_018M","S1101_C02_018E","S1101_C02_018M","S1101_C03_018E","S1101_C03_018M","S1101_C04_018E","S1101_C04_018M","S1101_C05_018E","S1101_C05_018M","S1101_C01_019E","S1101_C01_019M","S1101_C02_019E","S1101_C02_019M","S1101_C03_019E","S1101_C03_019M","S1101_C04_019E","S1101_C04_019M","S1101_C05_019E","S1101_C05_019M","S1101_C01_020E","S1101_C01_020M","S1101_C02_020E","S1101_C02_020M","S1101_C03_020E","S1101_C03_020M","S1101_C04_020E","S1101_C04_020M","S1101_C05_020E","S1101_C05_020M",
"Geography","Geographic Area Name","Total!!Estimate!!Total households","Total!!Margin of Error!!Total households","Married-couple family household!!Estimate!!Total households","Married-couple family household!!Margin of Error!!Total households","Male householder, no wife present, family household!!Estimate!!Total households","Male householder, no wife present, family household!!Margin of Error!!Total households","Female householder, no husband present, family household!!Estimate!!Total households","Female householder, no husband present, family household!!Margin of Error!!Total households","Nonfamily household!!Estimate!!Total households","Nonfamily household!!Margin of Error!!Total households","Total!!Estimate!!Average household size","Total!!Margin of Error!!Average household size","Married-couple family household!!Estimate!!Average household size","Married-couple family household!!Margin of Error!!Average household size","Male householder, no wife present, family household!!Estimate!!Average household size","Male householder, no wife present, family household!!Margin of Error!!Average household size","Female householder, no husband present, family household!!Estimate!!Average household size","Female householder, no husband present, family household!!Margin of Error!!Average household size","Nonfamily household!!Estimate!!Average household size","Nonfamily household!!Margin of Error!!Average household size","Total!!Estimate!!FAMILIES!!Total families","Total!!Margin of Error!!FAMILIES!!Total families","Married-couple family household!!Estimate!!FAMILIES!!Total families","Married-couple family household!!Margin of Error!!FAMILIES!!Total families","Male householder, no wife present, family household!!Estimate!!FAMILIES!!Total families","Male householder, no wife present, family household!!Margin of Error!!FAMILIES!!Total families","Female householder, no husband present, family household!!Estimate!!FAMILIES!!Total families","Female householder, no husband present, family household!!Margin of Error!!FAMILIES!!Total families","Nonfamily household!!Estimate!!FAMILIES!!Total families","Nonfamily household!!Margin of Error!!FAMILIES!!Total families","Total!!Estimate!!FAMILIES!!Average family size","Total!!Margin of Error!!FAMILIES!!Average family size","Married-couple family household!!Estimate!!FAMILIES!!Average family size","Married-couple family household!!Margin of Error!!FAMILIES!!Average family size","Male householder, no wife present, family household!!Estimate!!FAMILIES!!Average family size","Male householder, no wife present, family household!!Margin of Error!!FAMILIES!!Average family size","Female householder, no husband present, family household!!Estimate!!FAMILIES!!Average family size","Female householder, no husband present, family household!!Margin of Error!!FAMILIES!!Average family size","Nonfamily household!!Estimate!!FAMILIES!!Average family size","Nonfamily household!!Margin of Error!!FAMILIES!!Average family size","Total!!Estimate!!AGE OF OWN CHILDREN!!Households with own children under 18 years","Total!!Margin of Error!!AGE OF OWN CHILDREN!!Households with own children under 18 years","Married-couple family household!!Estimate!!AGE OF OWN CHILDREN!!Households with own children under 18 years","Married-couple family household!!Margin of Error!!AGE OF OWN CHILDREN!!Households with own children under 18 years","Male householder, no wife present, family household!!Estimate!!AGE OF OWN CHILDREN!!Households with own children under 18 years","Male householder, no wife present, family household!!Margin of Error!!AGE OF OWN CHILDREN!!Households with own children under 18 years","Female householder, no husband present, family household!!Estimate!!AGE OF OWN CHILDREN!!Households with own children under 18 years","Female householder, no husband present, family household!!Margin of Error!!AGE OF OWN CHILDREN!!Households with own children under 18 years","Nonfamily household!!Estimate!!AGE OF OWN CHILDREN!!Households with own children under 18 years","Nonfamily household!!Margin of Error!!AGE OF OWN CHILDREN!!Households with own children under 18 years","Total!!Estimate!!AGE OF OWN CHILDREN!!Under 6 years only","Total!!Margin of Error!!AGE OF OWN CHILDREN!!Under 6 years only","Married-couple family household!!Estimate!!AGE OF OWN CHILDREN!!Under 6 years only","Married-couple family household!!Margin of Error!!AGE OF OWN CHILDREN!!Under 6 years only","Male householder, no wife present, family household!!Estimate!!AGE OF OWN CHILDREN!!Under 6 years only","Male householder, no wife present, family household!!Margin of Error!!AGE OF OWN CHILDREN!!Under 6 years only","Female householder, no husband present, family household!!Estimate!!AGE OF OWN CHILDREN!!Under 6 years only","Female householder, no husband present, family household!!Margin of Error!!AGE OF OWN CHILDREN!!Under 6 years only","Nonfamily household!!Estimate!!AGE OF OWN CHILDREN!!Under 6 years only","Nonfamily household!!Margin of Error!!AGE OF OWN CHILDREN!!Under 6 years only","Total!!Estimate!!AGE OF OWN CHILDREN!!Under 6 years and 6 to 17 years","Total!!Margin of Error!!AGE OF OWN CHILDREN!!Under 6 years and 6 to 17 years","Married-couple family household!!Estimate!!AGE OF OWN CHILDREN!!Under 6 years and 6 to 17 years","Married-couple family household!!Margin of Error!!AGE OF OWN CHILDREN!!Under 6 years and 6 to 17 years","Male householder, no wife present, family household!!Estimate!!AGE OF OWN CHILDREN!!Under 6 years and 6 to 17 years","Male householder, no wife present, family household!!Margin of Error!!AGE OF OWN CHILDREN!!Under 6 years and 6 to 17 years","Female householder, no husband present, family household!!Estimate!!AGE OF OWN CHILDREN!!Under 6 years and 6 to 17 years","Female householder, no husband present, family household!!Margin of Error!!AGE OF OWN CHILDREN!!Under 6 years and 6 to 17 years","Nonfamily household!!Estimate!!AGE OF OWN CHILDREN!!Under 6 years and 6 to 17 years","Nonfamily household!!Margin of Error!!AGE OF OWN CHILDREN!!Under 6 years and 6 to 17 years","Total!!Estimate!!AGE OF OWN CHILDREN!!6 to 17 years only","Total!!Margin of Error!!AGE OF OWN CHILDREN!!6 to 17 years only","Married-couple family household!!Estimate!!AGE OF OWN CHILDREN!!6 to 17 years only","Married-couple family household!!Margin of Error!!AGE OF OWN CHILDREN!!6 to 17 years only","Male householder, no wife present, family household!!Estimate!!AGE OF OWN CHILDREN!!6 to 17 years only","Male householder, no wife present, family household!!Margin of Error!!AGE OF OWN CHILDREN!!6 to 17 years only","Female householder, no husband present, family household!!Estimate!!AGE OF OWN CHILDREN!!6 to 17 years only","Female householder, no husband present, family household!!Margin of Error!!AGE OF OWN CHILDREN!!6 to 17 years only","Nonfamily household!!Estimate!!AGE OF OWN CHILDREN!!6 to 17 years only","Nonfamily household!!Margin of Error!!AGE OF OWN CHILDREN!!6 to 17 years only","Total!!Estimate!!Total households","Total!!Margin of Error!!Total households","Married-couple family household!!Estimate!!Total households","Married-couple family household!!Margin of Error!!Total households","Male householder, no wife present, family household!!Estimate!!Total households","Male householder, no wife present, family household!!Margin of Error!!Total households","Female householder, no husband present, family household!!Estimate!!Total households","Female householder, no husband present, family household!!Margin of Error!!Total households","Nonfamily household!!Estimate!!Total households","Nonfamily household!!Margin of Error!!Total households","Total!!Estimate!!SELECTED HOUSEHOLDS BY TYPE!!Households with one or more people under 18 years","Total!!Margin of Error!!SELECTED HOUSEHOLDS BY TYPE!!Households with one or more people under 18 years","Married-couple family household!!Estimate!!SELECTED HOUSEHOLDS BY TYPE!!Households with one or more people under 18 years","Married-couple family household!!Margin of Error!!SELECTED HOUSEHOLDS BY TYPE!!Households with one or more people under 18 years","Male householder, no wife present, family household!!Estimate!!SELECTED HOUSEHOLDS BY TYPE!!Households with one or more people under 18 years","Male householder, no wife present, family household!!Margin of Error!!SELECTED HOUSEHOLDS BY TYPE!!Households with one or more people under 18 years","Female householder, no husband present, family household!!Estimate!!SELECTED HOUSEHOLDS BY TYPE!!Households with one or more people under 18 years","Female householder, no husband present, family household!!Margin of Error!!SELECTED HOUSEHOLDS BY TYPE!!Households with one or more people under 18 years","Nonfamily household!!Estimate!!SELECTED HOUSEHOLDS BY TYPE!!Households with one or more people under 18 years","Nonfamily household!!Margin of Error!!SELECTED HOUSEHOLDS BY TYPE!!Households with one or more people under 18 years","Total!!Estimate!!SELECTED HOUSEHOLDS BY TYPE!!Households with one or more people 60 years and over","Total!!Margin of Error!!SELECTED HOUSEHOLDS BY TYPE!!Households with one or more people 60 years and over","Married-couple family household!!Estimate!!SELECTED HOUSEHOLDS BY TYPE!!Households with one or more people 60 years and over","Married-couple family household!!Margin of Error!!SELECTED HOUSEHOLDS BY TYPE!!Households with one or more people 60 years and over","Male householder, no wife present, family household!!Estimate!!SELECTED HOUSEHOLDS BY TYPE!!Households with one or more people 60 years and over","Male householder, no wife present, family household!!Margin of Error!!SELECTED HOUSEHOLDS BY TYPE!!Households with one or more people 60 years and over","Female householder, no husband present, family household!!Estimate!!SELECTED HOUSEHOLDS BY TYPE!!Households with one or more people 60 years and over","Female householder, no husband present, family household!!Margin of Error!!SELECTED HOUSEHOLDS BY TYPE!!Households with one or more people 60 years and over","Nonfamily household!!Estimate!!SELECTED HOUSEHOLDS BY TYPE!!Households with one or more people 60 years and over","Nonfamily household!!Margin of Error!!SELECTED HOUSEHOLDS BY TYPE!!Households with one or more people 60 years and over","Total!!Estimate!!SELECTED HOUSEHOLDS BY TYPE!!Householder living alone","Total!!Margin of Error!!SELECTED HOUSEHOLDS BY TYPE!!Householder living alone","Married-couple family household!!Estimate!!SELECTED HOUSEHOLDS BY TYPE!!Householder living alone","Married-couple family household!!Margin of Error!!SELECTED HOUSEHOLDS BY TYPE!!Householder living alone","Male householder, no wife present, family household!!Estimate!!SELECTED HOUSEHOLDS BY TYPE!!Householder living alone","Male householder, no wife present, family household!!Margin of Error!!SELECTED HOUSEHOLDS BY TYPE!!Householder living alone","Female householder, no husband present, family household!!Estimate!!SELECTED HOUSEHOLDS BY TYPE!!Householder living alone","Female householder, no husband present, family household!!Margin of Error!!SELECTED HOUSEHOLDS BY TYPE!!Householder living alone","Nonfamily household!!Estimate!!SELECTED HOUSEHOLDS BY TYPE!!Householder living alone","Nonfamily household!!Margin of Error!!SELECTED HOUSEHOLDS BY TYPE!!Householder living alone","Total!!Estimate!!SELECTED HOUSEHOLDS BY TYPE!!Householder living alone!!65 years and over","Total!!Margin of Error!!SELECTED HOUSEHOLDS BY TYPE!!Householder living alone!!65 years and over","Married-couple family household!!Estimate!!SELECTED HOUSEHOLDS BY TYPE!!Householder living alone!!65 years and over","Married-couple family household!!Margin of Error!!SELECTED HOUSEHOLDS BY TYPE!!Householder living alone!!65 years and over","Male householder, no wife present, family household!!Estimate!!SELECTED HOUSEHOLDS BY TYPE!!Householder living alone!!65 years and over","Male householder, no wife present, family household!!Margin of Error!!SELECTED HOUSEHOLDS BY TYPE!!Householder living alone!!65 years and over","Female householder, no husband present, family household!!Estimate!!SELECTED HOUSEHOLDS BY TYPE!!Householder living alone!!65 years and over","Female householder, no husband present, family household!!Margin of Error!!SELECTED HOUSEHOLDS BY TYPE!!Householder living alone!!65 years and over","Nonfamily household!!Estimate!!SELECTED HOUSEHOLDS BY TYPE!!Householder living alone!!65 years and over","Nonfamily household!!Margin of Error!!SELECTED HOUSEHOLDS BY TYPE!!Householder living alone!!65 years and over","Total!!Estimate!!UNMARRIED-PARTNER HOUSEHOLDS!!Same sex","Total!!Margin of Error!!UNMARRIED-PARTNER HOUSEHOLDS!!Same sex","Married-couple family household!!Estimate!!UNMARRIED-PARTNER HOUSEHOLDS!!Same sex","Married-couple family household!!Margin of Error!!UNMARRIED-PARTNER HOUSEHOLDS!!Same sex","Male householder, no wife present, family household!!Estimate!!UNMARRIED-PARTNER HOUSEHOLDS!!Same sex","Male householder, no wife present, family household!!Margin of Error!!UNMARRIED-PARTNER HOUSEHOLDS!!Same sex","Female householder, no husband present, family household!!Estimate!!UNMARRIED-PARTNER HOUSEHOLDS!!Same sex","Female householder, no husband present, family household!!Margin of Error!!UNMARRIED-PARTNER HOUSEHOLDS!!Same sex","Nonfamily household!!Estimate!!UNMARRIED-PARTNER HOUSEHOLDS!!Same sex","Nonfamily household!!Margin of Error!!UNMARRIED-PARTNER HOUSEHOLDS!!Same sex","Total!!Estimate!!UNMARRIED-PARTNER HOUSEHOLDS!!Opposite sex","Total!!Margin of Error!!UNMARRIED-PARTNER HOUSEHOLDS!!Opposite sex","Married-couple family household!!Estimate!!UNMARRIED-PARTNER HOUSEHOLDS!!Opposite sex","Married-couple family household!!Margin of Error!!UNMARRIED-PARTNER HOUSEHOLDS!!Opposite sex","Male householder, no wife present, family household!!Estimate!!UNMARRIED-PARTNER HOUSEHOLDS!!Opposite sex","Male householder, no wife present, family household!!Margin of Error!!UNMARRIED-PARTNER HOUSEHOLDS!!Opposite sex","Female householder, no husband present, family household!!Estimate!!UNMARRIED-PARTNER HOUSEHOLDS!!Opposite sex","Female householder, no husband present, family household!!Margin of Error!!UNMARRIED-PARTNER HOUSEHOLDS!!Opposite sex","Nonfamily household!!Estimate!!UNMARRIED-PARTNER HOUSEHOLDS!!Opposite sex","Nonfamily household!!Margin of Error!!UNMARRIED-PARTNER HOUSEHOLDS!!Opposite sex","Total!!Estimate!!UNITS IN STRUCTURE!!1-unit structures","Total!!Margin of Error!!UNITS IN STRUCTURE!!1-unit structures","Married-couple family household!!Estimate!!UNITS IN STRUCTURE!!1-unit structures","Married-couple family household!!Margin of Error!!UNITS IN STRUCTURE!!1-unit structures","Male householder, no wife present, family household!!Estimate!!UNITS IN STRUCTURE!!1-unit structures","Male householder, no wife present, family household!!Margin of Error!!UNITS IN STRUCTURE!!1-unit structures","Female householder, no husband present, family household!!Estimate!!UNITS IN STRUCTURE!!1-unit structures","Female householder, no husband present, family household!!Margin of Error!!UNITS IN STRUCTURE!!1-unit structures","Nonfamily household!!Estimate!!UNITS IN STRUCTURE!!1-unit structures","Nonfamily household!!Margin of Error!!UNITS IN STRUCTURE!!1-unit structures","Total!!Estimate!!UNITS IN STRUCTURE!!2-or-more-unit structures","Total!!Margin of Error!!UNITS IN STRUCTURE!!2-or-more-unit structures","Married-couple family household!!Estimate!!UNITS IN STRUCTURE!!2-or-more-unit structures","Married-couple family household!!Margin of Error!!UNITS IN STRUCTURE!!2-or-more-unit structures","Male householder, no wife present, family household!!Estimate!!UNITS IN STRUCTURE!!2-or-more-unit structures","Male householder, no wife present, family household!!Margin of Error!!UNITS IN STRUCTURE!!2-or-more-unit structures","Female householder, no husband present, family household!!Estimate!!UNITS IN STRUCTURE!!2-or-more-unit structures","Female householder, no husband present, family household!!Margin of Error!!UNITS IN STRUCTURE!!2-or-more-unit structures","Nonfamily household!!Estimate!!UNITS IN STRUCTURE!!2-or-more-unit structures","Nonfamily household!!Margin of Error!!UNITS IN STRUCTURE!!2-or-more-unit structures","Total!!Estimate!!UNITS IN STRUCTURE!!Mobile homes and all other types of units","Total!!Margin of Error!!UNITS IN STRUCTURE!!Mobile homes and all other types of units","Married-couple family household!!Estimate!!UNITS IN STRUCTURE!!Mobile homes and all other types of units","Married-couple family household!!Margin of Error!!UNITS IN STRUCTURE!!Mobile homes and all other types of units","Male householder, no wife present, family household!!Estimate!!UNITS IN STRUCTURE!!Mobile homes and all other types of units","Male householder, no wife present, family household!!Margin of Error!!UNITS IN STRUCTURE!!Mobile homes and all other types of units","Female householder, no husband present, family household!!Estimate!!UNITS IN STRUCTURE!!Mobile homes and all other types of units","Female householder, no husband present, family household!!Margin of Error!!UNITS IN STRUCTURE!!Mobile homes and all other types of units","Nonfamily household!!Estimate!!UNITS IN STRUCTURE!!Mobile homes and all other types of units","Nonfamily household!!Margin of Error!!UNITS IN STRUCTURE!!Mobile homes and all other types of units","Total!!Estimate!!HOUSING TENURE!!Owner-occupied housing units","Total!!Margin of Error!!HOUSING TENURE!!Owner-occupied housing units","Married-couple family household!!Estimate!!HOUSING TENURE!!Owner-occupied housing units","Married-couple family household!!Margin of Error!!HOUSING TENURE!!Owner-occupied housing units","Male householder, no wife present, family household!!Estimate!!HOUSING TENURE!!Owner-occupied housing units","Male householder, no wife present, family household!!Margin of Error!!HOUSING TENURE!!Owner-occupied housing units","Female householder, no husband present, family household!!Estimate!!HOUSING TENURE!!Owner-occupied housing units","Female householder, no husband present, family household!!Margin of Error!!HOUSING TENURE!!Owner-occupied housing units","Nonfamily household!!Estimate!!HOUSING TENURE!!Owner-occupied housing units","Nonfamily household!!Margin of Error!!HOUSING TENURE!!Owner-occupied housing units","Total!!Estimate!!HOUSING TENURE!!Renter-occupied housing units","Total!!Margin of Error!!HOUSING TENURE!!Renter-occupied housing units","Married-couple family household!!Estimate!!HOUSING TENURE!!Renter-occupied housing units","Married-couple family household!!Margin of Error!!HOUSING TENURE!!Renter-occupied housing units","Male householder, no wife present, family household!!Estimate!!HOUSING TENURE!!Renter-occupied housing units","Male householder, no wife present, family household!!Margin of Error!!HOUSING TENURE!!Renter-occupied housing units","Female householder, no husband present, family household!!Estimate!!HOUSING TENURE!!Renter-occupied housing units","Female householder, no husband present, family household!!Margin of Error!!HOUSING TENURE!!Renter-occupied housing units","Nonfamily household!!Estimate!!HOUSING TENURE!!Renter-occupied housing units","Nonfamily household!!Margin of Error!!HOUSING TENURE!!Renter-occupied housing units",
"1400000US06111000100","Census Tract 1, Ventura County, California","388","64","158","51","33","31","44","40","153","70","2.12","0.26","2.41","0.22","3.82","0.99","3.05","0.31","1.18","0.20","235","59","158","51","33","31","44","40","(X)","-888888888","2.61","0.27","2.41","0.22","3.67","1.00","2.52","0.52","(X)","-888888888","80","32","23","16","33","31","24","27","(X)","-888888888","13.8","17.2","0.0","68.6","33.3","39.1","0.0","67.2","(X)","-888888888.0","26.3","29.1","34.8","49.6","0.0","57.3","54.2","54.2","(X)","-888888888.0","60.0","29.8","65.2","49.6","66.7","39.1","45.8","54.2","(X)","(X)","388","64","158","51","33","31","44","40","153","70","24.5","8.9","24.1","16.9","100.0","57.3","54.5","52.5","0.0","22.7","23.2","9.1","39.2","18.8","0.0","57.3","0.0","49.6","18.3","19.3","32.2","13.4","(X)","(X)","(X)","(X)","(X)","-888888888.0","81.7","19.3","0.0","9.8","(X)","(X)","(X)","(X)","(X)","-888888888.0","0.0","22.7","0.0","9.8","(X)","(X)","(X)","(X)","(X)","-888888888.0","(X)","-888888888.0","8.2","8.4","(X)","(X)","(X)","(X)","(X)","-888888888.0","(X)","-888888888.0","94.1","3.7","85.4","9.7","100.0","57.3","100.0","49.6","100.0","22.7","1.0","1.6","2.5","4.0","0.0","57.3","0.0","49.6","0.0","22.7","4.9","3.3","12.0","8.7","0.0","57.3","0.0","49.6","0.0","22.7","78.1","11.0","92.4","11.7","18.2","32.0","25.0","37.3","91.5","14.1","21.9","11.0","7.6","11.7","81.8","32.0","75.0","37.3","8.5","14.1",
"1400000US06111000200","Census Tract 2, Ventura County, California","634","51","351","81","88","59","102","56","93","60","3.98","0.39","4.58","0.53","4.13","1.02","3.54","0.66","2.08","1.19","541","71","351","81","88","59","102","56","(X)","-888888888","4.24","0.39","4.58","0.53","3.85","1.23","3.40","0.58","(X)","-888888888","347","81","226","63","65","53","56","45","(X)","-888888888","35.2","14.6","31.0","17.0","58.5","41.9","25.0","38.7","(X)","-888888888.0","12.4","10.0","7.1","8.4","0.0","40.8","48.2","42.6","(X)","-888888888.0","52.4","15.6","61.9","18.0","41.5","41.9","26.8","37.6","(X)","(X)","634","51","351","81","88","59","102","56","93","60","54.7","11.9","64.4","14.8","73.9","30.8","54.9","32.9","0.0","33.4","21.5","8.6","20.8","10.8","36.4","36.0","22.5","23.3","8.6","15.5","6.5","7.9","(X)","(X)","(X)","(X)","(X)","-888888888.0","44.1","46.8","1.3","2.1","(X)","(X)","(X)","(X)","(X)","-888888888.0","8.6","15.5","0.0","6.1","(X)","(X)","(X)","(X)","(X)","-888888888.0","(X)","-888888888.0","6.6","6.5","(X)","(X)","(X)","(X)","(X)","-888888888.0","(X)","-888888888.0","60.1","12.6","67.0","15.3","35.2","32.1","74.5","29.3","41.9","42.5","38.5","12.6","30.5","15.1","64.8","32.1","25.5","29.3","58.1","42.5","1.4","2.3","2.6","4.2","0.0","34.6","0.0","31.3","0.0","33.4","29.8","9.9","35.6","14.7","26.1","30.0","14.7","21.7","28.0","36.5","70.2","9.9","64.4","14.7","73.9","30.0","85.3","21.7","72.0","36.5",
"1400000US06111000302","Census Tract 3.02, Ventura County, California","2278","154","1301","176","136","92","226","128","615","175","2.84","0.25","3.34","0.32","4.04","0.51","3.82","1.29","1.16","0.15","1663","160","1301","176","136","92","226","128","(X)","-888888888","3.37","0.28","3.29","0.32","3.67","0.44","3.64","1.10","(X)","-888888888","713","163","541","146","30","37","142","85","(X)","-888888888","16.3","12.6","19.2","15.9","0.0","60.1","8.5","17.8","(X)","-888888888.0","18.9","10.9","25.0","14.0","0.0","60.1","0.0","24.2","(X)","-888888888.0","64.8","15.4","55.8","19.0","100.0","60.1","91.5","17.8","(X)","(X)","2278","154","1301","176","136","92","226","128","615","175","31.3","7.5","41.6","10.0","22.1","24.4","62.8","25.0","0.0","6.3","37.9","6.6","37.0","9.0","47.8","35.1","0.0","16.2","51.7","15.4","23.7","6.9","(X)","(X)","(X)","(X)","(X)","-888888888.0","87.6","11.3","11.1","5.3","(X)","(X)","(X)","(X)","(X)","-888888888.0","41.0","18.6","0.6","0.9","(X)","(X)","(X)","(X)","(X)","-888888888.0","(X)","-888888888.0","3.0","3.1","(X)","(X)","(X)","(X)","(X)","-888888888.0","(X)","-888888888.0","70.3","6.0","83.2","7.6","50.0","42.8","81.0","18.6","43.4","15.2","14.8","5.3","9.4","6.3","50.0","42.8","19.0","18.6","17.1","11.5","14.9","4.0","7.4","4.3","0.0","25.1","0.0","16.2","39.5","13.2","66.6","8.0","59.2","12.0","50.0","42.8","78.8","18.3","81.5","11.4","33.4","8.0","40.8","12.0","50.0","42.8","21.2","18.3","18.5","11.4",
"1400000US06111000303","Census Tract 3.03, Ventura County, California","1489","91","890","154","178","126","133","71","288","119","3.50","0.34","3.93","0.37","4.72","1.21","3.92","0.75","1.24","0.39","1201","126","890","154","178","126","133","71","(X)","-888888888","3.88","0.32","3.85","0.36","4.02","0.96","3.86","0.67","(X)","-888888888","663","101","506","128","126","94","31","42","(X)","-888888888","14.6","10.3","9.9","9.6","37.3","32.1","0.0","59.1","(X)","-888888888.0","19.8","13.3","25.9","16.4","0.0","26.7","0.0","59.1","(X)","-888888888.0","65.6","13.8","64.2","18.3","62.7","32.1","100.0","59.1","(X)","(X)","1489","91","890","154","178","126","133","71","288","119","53.9","6.8","59.6","7.9","100.0","20.0","70.7","25.5","0.0","12.9","26.7","7.9","24.0","8.6","0.0","20.0","24.1","25.5","52.8","27.7","17.7","7.8","(X)","(X)","(X)","(X)","(X)","-888888888.0","91.7","12.7","9.0","7.1","(X)","(X)","(X)","(X)","(X)","-888888888.0","46.5","28.1","0.0","2.6","(X)","(X)","(X)","(X)","(X)","-888888888.0","(X)","-888888888.0","9.9","6.3","(X)","(X)","(X)","(X)","(X)","-888888888.0","(X)","-888888888.0","88.0","7.7","87.0","9.8","100.0","20.0","100.0","25.5","78.5","23.9","7.9","7.3","6.2","7.9","0.0","20.0","0.0","25.5","21.5","23.9","4.1","3.7","6.9","6.0","0.0","20.0","0.0","25.5","0.0","12.9","72.1","9.8","74.8","11.7","70.8","30.9","65.4","24.5","67.7","25.3","27.9","9.8","25.2","11.7","29.2","30.9","34.6","24.5","32.3","25.3",
"1400000US06111000304","Census Tract 3.04, Ventura County, California","1220","90","764","153","113","90","241","110","102","52","4.22","0.43","4.23","0.52","4.58","0.74","5.11","1.27","1.62","1.19","1118","91","764","153","113","90","241","110","(X)","-888888888","4.25","0.41","4.13","0.52","4.35","0.59","4.57","1.07","(X)","-888888888","786","94","446","139","99","86","241","110","(X)","-888888888","16.9","10.7","14.3","12.6","14.1","24.7","22.8","27.8","(X)","-888888888.0","24.6","13.0","25.3","15.2","10.1","24.8","29.0","27.1","(X)","-888888888.0","58.5","14.6","60.3","18.5","75.8","38.7","48.1","35.0","(X)","(X)","1220","90","764","153","113","90","241","110","102","52","71.5","6.5","68.2","10.3","87.6","20.8","100.0","15.2","10.8","16.4","14.9","6.1","12.4","8.5","27.4","38.6","0.0","15.2","54.9","36.0","7.5","4.1","(X)","(X)","(X)","(X)","(X)","-888888888.0","89.2","16.4","3.7","2.4","(X)","(X)","(X)","(X)","(X)","-888888888.0","44.1","26.9","3.4","5.2","(X)","(X)","(X)","(X)","(X)","-888888888.0","(X)","-888888888.0","5.6","3.8","(X)","(X)","(X)","(X)","(X)","-888888888.0","(X)","-888888888.0","79.3","7.6","83.2","8.5","61.1","47.0","84.2","22.9","58.8","26.6","12.0","6.7","8.4","7.4","38.9","47.0","15.8","22.9","0.0","31.3","8.7","5.4","8.4","7.0","0.0","29.0","0.0","15.2","41.2","26.6","70.8","9.1","78.9","10.0","48.7","45.3","65.1","30.6","48.0","32.3","29.2","9.1","21.1","10.0","51.3","45.3","34.9","30.6","52.0","32.3",
"1400000US06111000400","Census Tract 4, Ventura County, California","1687","108","1021","129","195","102","240","94","231","94","3.63","0.21","4.02","0.29","3.75","0.70","4.00","0.62","1.37","0.42","1456","107","1021","129","195","102","240","94","(X)","-888888888","3.78","0.24","3.99","0.30","3.19","0.72","3.41","0.31","(X)","-888888888","776","113","532","120","106","78","138","76","(X)","-888888888","18.7","10.0","11.7","8.3","66.0","35.5","9.4","16.2","(X)","-888888888.0","36.3","12.1","37.2","14.3","21.7","31.9","44.2","33.3","(X)","-888888888.0","45.0","13.1","51.1","14.3","12.3","21.8","46.4","31.5","(X)","(X)","1687","108","1021","129","195","102","240","94","231","94","54.6","6.2","58.8","8.4","70.8","29.8","72.9","16.7","3.5","6.2","37.5","7.0","32.9","8.8","41.5","33.6","32.5","17.9","59.3","21.2","11.6","4.9","(X)","(X)","(X)","(X)","(X)","-888888888.0","84.8","12.0","6.7","3.4","(X)","(X)","(X)","(X)","(X)","-888888888.0","48.9","21.0","0.1","0.2","(X)","(X)","(X)","(X)","(X)","-888888888.0","(X)","-888888888.0","9.5","5.2","(X)","(X)","(X)","(X)","(X)","-888888888.0","(X)","-888888888.0","81.0","6.6","81.7","7.2","95.9","6.6","95.4","6.8","50.2","20.6","11.8","5.5","13.8","7.1","4.1","6.6","0.4","2.5","21.2","22.4","7.2","3.2","4.5","3.0","0.0","18.4","4.2","6.2","28.6","17.8","55.7","7.7","65.8","8.2","6.7","12.9","30.0","17.9","78.8","22.7","44.3","7.7","34.2","8.2","93.3","12.9","70.0","17.9","21.2","22.7",
"1400000US06111000500","Census Tract 5, Ventura County, California","609","67","323","93","30","28","94","66","162","68","3.29","0.40","4.13","0.52","4.43","1.70","3.46","0.50","1.31","0.33","447","73","323","93","30","28","94","66","(X)","-888888888","3.86","0.38","4.13","0.52","2.17","0.19","3.46","0.50","(X)","-888888888","240","64","161","69","16","24","63","64","(X)","-888888888","27.9","18.9","40.4","26.8","0.0","82.3","3.2","9.4","(X)","-888888888.0","20.4","18.1","13.7","16.3","0.0","82.3","42.9","52.9","(X)","-888888888.0","51.7","21.7","46.0","26.8","100.0","82.2","54.0","53.7","(X)","(X)","609","67","323","93","30","28","94","66","162","68","44.3","11.4","58.5","17.2","53.3","52.0","69.1","35.8","0.0","21.7","56.0","10.9","52.0","14.6","46.7","52.0","33.0","36.7","79.0","18.1","19.9","8.5","(X)","(X)","(X)","(X)","(X)","-888888888.0","74.7","27.3","13.8","6.8","(X)","(X)","(X)","(X)","(X)","-888888888.0","51.9","24.3","0.0","6.4","(X)","(X)","(X)","(X)","(X)","-888888888.0","(X)","-888888888.0","2.6","3.9","(X)","(X)","(X)","(X)","(X)","-888888888.0","(X)","-888888888.0","49.3","11.0","63.5","16.4","66.7","47.4","40.4","39.1","22.8","15.3","18.6","6.8","23.2","15.4","0.0","60.1","40.4","30.2","0.0","21.7","32.2","9.4","13.3","10.6","33.3","47.4","19.1","25.4","77.2","15.3","58.5","10.5","49.5","17.0","100.0","60.1","21.3","26.2","90.1","12.4","41.5","10.5","50.5","17.0","0.0","60.1","78.7","26.2","9.9","12.4",
"1400000US06111000600","Census Tract 6, Ventura County, California","1786","121","715","130","89","60","356","130","626","129","3.34","0.36","4.39","0.42","4.91","0.98","4.55","1.52","1.23","0.14","1160","127","715","130","89","60","356","130","(X)","-888888888","4.11","0.42","4.39","0.42","4.28","0.88","3.52","0.87","(X)","-888888888","763","111","490","116","74","57","199","93","(X)","-888888888","20.1","9.0","23.7","14.7","0.0","38.2","18.6","17.3","(X)","-888888888.0","36.6","13.0","40.0","15.8","36.5","44.3","28.1","21.1","(X)","-888888888.0","43.4","12.7","36.3","13.6","63.5","44.3","53.3","24.6","(X)","(X)","1786","121","715","130","89","60","356","130","626","129","49.8","5.7","72.6","10.2","83.1","23.3","77.5","16.5","3.4","3.6","45.1","7.1","33.8","11.0","0.0","34.3","35.4","18.6","69.8","12.8","29.3","6.1","(X)","(X)","(X)","(X)","(X)","-888888888.0","83.7","10.9","15.6","4.5","(X)","(X)","(X)","(X)","(X)","-888888888.0","44.4","12.8","0.0","2.2","(X)","(X)","(X)","(X)","(X)","-888888888.0","(X)","-888888888.0","7.5","5.2","(X)","(X)","(X)","(X)","(X)","-888888888.0","(X)","-888888888.0","44.0","7.0","52.4","11.7","84.3","28.7","30.3","14.6","36.4","13.6","48.0","6.9","37.5","10.6","15.7","28.7","54.5","19.1","61.0","14.1","8.0","4.3","10.1","9.1","0.0","34.3","15.2","17.0","2.6","2.8","18.5","5.7","32.4","10.8","0.0","34.3","2.0","3.4","14.7","9.5","81.5","5.7","67.6","10.8","100.0","34.3","98.0","3.4","85.3","9.5",
"1400000US06111000701","Census Tract 7.01, Ventura County, California","1696","117","919","193","52","47","291","130","434","156","3.54","0.43","4.30","0.57","4.35","0.89","4.27","0.52","1.33","0.52","1262","172","919","193","52","47","291","130","(X)","-888888888","4.10","0.41","4.18","0.53","4.35","0.89","3.80","0.46","(X)","-888888888","742","173","585","180","0","132","157","103","(X)","-888888888","20.8","19.0","16.6","16.1","-","**","36.3","47.1","(X)","-888888888.0","37.6","20.0","45.0","22.2","-","**","10.2","20.5","(X)","-888888888.0","41.6","18.6","38.5","18.8","-","**","53.5","43.4","(X)","(X)","1696","117","919","193","52","47","291","130","434","156","52.1","10.7","65.3","13.5","28.8","50.1","82.5","15.6","6.7","11.6","20.2","7.1","11.3","7.2","0.0","45.6","31.3","22.0","34.1","18.1","22.6","9.4","(X)","(X)","(X)","(X)","(X)","-888888888.0","88.2","15.0","8.1","4.5","(X)","(X)","(X)","(X)","(X)","-888888888.0","31.6","17.7","0.0","2.3","(X)","(X)","(X)","(X)","(X)","-888888888.0","(X)","-888888888.0","6.1","5.9","(X)","(X)","(X)","(X)","(X)","-888888888.0","(X)","-888888888.0","63.3","10.3","64.1","14.3","100.0","45.6","41.2","19.9","71.9","20.0","27.8","9.1","22.0","12.6","0.0","45.6","58.8","19.9","22.6","19.5","9.0","5.6","13.9","9.3","0.0","45.6","0.0","12.8","5.5","7.1","43.7","8.5","41.6","11.7","100.0","45.6","39.9","20.5","44.0","17.5","56.3","8.5","58.4","11.7","0.0","45.6","60.1","20.5","56.0","17.5",
"1400000US06111000702","Census Tract 7.02, Ventura County, California","870","65","496","111","94","87","147","78","133","69","4.10","0.37","3.91","0.40","5.62","1.22","5.29","1.14","2.41","1.13","737","85","496","111","94","87","147","78","(X)","-888888888","4.23","0.37","3.87","0.40","5.62","1.22","4.59","1.04","(X)","-888888888","304","97","243","95","0","132","61","40","(X)","-888888888","20.4","15.5","21.4","18.2","-","**","16.4","29.7","(X)","-888888888.0","26.6","17.5","12.3","14.7","-","**","83.6","29.7","(X)","-888888888.0","53.0","19.4","66.3","21.1","-","**","0.0","42.1","(X)","(X)","870","65","496","111","94","87","147","78","133","69","58.4","10.9","55.6","15.1","89.4","23.2","83.0","22.8","19.5","22.6","25.4","11.0","20.8","12.6","42.6","55.5","16.3","22.0","40.6","27.2","8.7","5.2","(X)","(X)","(X)","(X)","(X)","-888888888.0","57.1","31.0","6.2","4.6","(X)","(X)","(X)","(X)","(X)","-888888888.0","40.6","27.2","6.0","5.6","(X)","(X)","(X)","(X)","(X)","-888888888.0","(X)","-888888888.0","3.8","3.7","(X)","(X)","(X)","(X)","(X)","-888888888.0","(X)","-888888888.0","91.0","7.0","90.9","10.4","100.0","33.1","77.6","21.2","100.0","25.5","9.0","7.0","9.1","10.4","0.0","33.1","22.4","21.2","0.0","25.5","0.0","4.5","0.0","7.7","0.0","33.1","0.0","23.5","0.0","25.5","82.4","10.7","81.3","15.3","100.0","33.1","72.1","28.9","85.7","21.5","17.6","10.7","18.8","15.3","0.0","33.1","27.9","28.9","14.3","21.5",
"1400000US06111000800","Census Tract 8, Ventura County, California","2417","182","1287","174","209","102","283","110","638","164","3.13","0.21","3.72","0.33","4.01","0.66","3.77","0.68","1.37","0.29","1779","160","1287","174","209","102","283","110","(X)","-888888888","3.62","0.25","3.67","0.33","3.33","0.50","3.59","0.69","(X)","-888888888","756","121","475","120","134","88","147","91","(X)","-888888888","14.0","7.8","12.8","7.7","24.6","31.0","8.2","13.2","(X)","-888888888.0","23.8","9.2","32.4","12.7","17.2","21.6","2.0","5.6","(X)","-888888888.0","62.2","10.7","54.7","13.0","58.2","34.8","89.8","14.6","(X)","(X)","2417","182","1287","174","209","102","283","110","638","164","39.1","4.8","46.5","7.4","64.1","21.5","62.9","20.1","5.2","7.3","45.0","5.0","38.6","6.9","32.5","22.2","26.9","18.0","69.9","10.8","21.7","5.3","(X)","(X)","(X)","(X)","(X)","-888888888.0","82.1","13.7","12.5","3.5","(X)","(X)","(X)","(X)","(X)","-888888888.0","47.2","11.4","0.8","1.0","(X)","(X)","(X)","(X)","(X)","-888888888.0","(X)","-888888888.0","8.4","4.4","(X)","(X)","(X)","(X)","(X)","-888888888.0","(X)","-888888888.0","79.1","4.7","80.9","6.6","85.2","14.6","70.0","20.3","77.7","9.3","8.1","3.9","6.9","5.1","7.7","11.6","22.3","19.6","4.4","4.5","12.7","3.2","12.2","4.8","7.2","8.7","7.8","9.5","17.9","8.9","69.7","5.6","73.2","8.4","52.2","24.9","64.0","21.3","71.0","10.5","30.3","5.6","26.8","8.4","47.8","24.9","36.0","21.3","29.0","10.5",
"1400000US06111000901","Census Tract 9.01, Ventura County, California","1034","109","592","112","51","42","111","57","280","92","2.56","0.20","2.73","0.18","4.65","2.05","4.20","1.20","1.19","0.12","754","89","592","112","51","42","111","57","(X)","-888888888","2.96","0.21","2.65","0.17","4.65","2.05","3.82","0.87","(X)","-888888888","256","52","155","68","29","36","72","51","(X)","-888888888","27.3","13.4","26.5","16.3","100.0","61.1","0.0","38.8","(X)","-888888888.0","7.0","8.4","5.2","8.9","0.0","61.1","13.9","20.4","(X)","-888888888.0","65.6","13.1","68.4","17.1","0.0","61.1","86.1","20.4","(X)","(X)","1034","109","592","112","51","42","111","57","280","92","24.8","5.0","26.2","9.4","56.9","48.2","64.9","37.8","0.0","13.3","54.9","7.8","61.3","10.3","100.0","46.1","7.2","11.9","52.1","18.3","22.2","7.2","(X)","(X)","(X)","(X)","(X)","-888888888.0","82.1","12.1","9.9","4.6","(X)","(X)","(X)","(X)","(X)","-888888888.0","36.4","15.7","0.8","1.3","(X)","(X)","(X)","(X)","(X)","-888888888.0","(X)","-888888888.0","6.9","5.1","(X)","(X)","(X)","(X)","(X)","-888888888.0","(X)","-888888888.0","85.5","5.8","93.6","5.7","78.4","37.6","100.0","29.4","63.9","15.6","14.5","5.8","6.4","5.7","21.6","37.6","0.0","29.4","36.1","15.6","0.0","3.8","0.0","6.5","0.0","46.1","0.0","29.4","0.0","13.3","69.2","7.7","76.4","10.9","21.6","38.2","91.0","12.5","54.3","16.9","30.8","7.7","23.6","10.9","78.4","38.2","9.0","12.5","45.7","16.9",
"1400000US06111000902","Census Tract 9.02, Ventura County, California","819","94","480","77","20","23","29","47","290","88","2.55","0.33","3.30","0.42","2.15","0.27","1.97","0.11","1.39","0.35","529","84","480","77","20","23","29","47","(X)","-888888888","3.10","0.34","3.20","0.33","2.15","0.27","1.97","0.11","(X)","-888888888","216","85","177","82","10","15","29","47","(X)","-888888888","11.1","17.7","13.6","21.9","0.0","100.0","0.0","61.1","(X)","-888888888.0","15.3","21.2","18.6","24.8","0.0","100.0","0.0","61.1","(X)","-888888888.0","73.6","24.5","67.8","28.1","100.0","100.0","100.0","61.1","(X)","(X)","819","94","480","77","20","23","29","47","290","88","28.4","10.4","40.4","15.6","50.0","50.0","100.0","61.1","0.0","12.9","35.8","9.7","35.8","12.0","50.0","50.0","0.0","61.1","38.3","16.7","26.6","9.0","(X)","(X)","(X)","(X)","(X)","-888888888.0","75.2","21.3","9.2","4.8","(X)","(X)","(X)","(X)","(X)","-888888888.0","25.9","13.3","0.0","4.8","(X)","(X)","(X)","(X)","(X)","-888888888.0","(X)","-888888888.0","3.1","5.0","(X)","(X)","(X)","(X)","(X)","-888888888.0","(X)","-888888888.0","80.7","7.5","90.0","8.4","100.0","73.6","100.0","61.1","62.1","16.6","16.7","6.7","5.6","5.0","0.0","73.6","0.0","61.1","37.9","16.6","2.6","3.9","4.4","6.7","0.0","73.6","0.0","61.1","0.0","12.9","57.3","10.5","82.3","12.4","50.0","50.0","0.0","61.1","22.1","13.5","42.7","10.5","17.7","12.4","50.0","50.0","100.0","61.1","77.9","13.5",
"1400000US06111000903","Census Tract 9.03, Ventura County, California","2243","162","1089","150","41","39","293","122","820","181","2.42","0.20","3.26","0.27","2.41","0.42","2.90","0.40","1.13","0.09","1423","148","1089","150","41","39","293","122","(X)","-888888888","3.10","0.23","3.25","0.27","2.41","0.42","2.66","0.41","(X)","-888888888","504","109","340","86","26","32","138","79","(X)","-888888888","16.1","11.6","15.6","12.8","0.0","64.5","20.3","28.0","(X)","-888888888.0","24.6","11.8","36.5","15.0","0.0","64.5","0.0","24.8","(X)","-888888888.0","59.3","13.1","47.9","13.2","100.0","64.5","79.7","28.0","(X)","(X)","2243","162","1089","150","41","39","293","122","820","181","28.2","5.6","40.9","8.1","63.4","49.9","54.9","20.3","0.0","4.8","44.7","7.6","43.2","9.3","0.0","51.4","24.2","17.8","56.3","13.7","33.5","6.6","(X)","(X)","(X)","(X)","(X)","-888888888.0","91.7","5.1","15.8","5.3","(X)","(X)","(X)","(X)","(X)","-888888888.0","43.3","12.6","0.0","1.8","(X)","(X)","(X)","(X)","(X)","-888888888.0","(X)","-888888888.0","2.0","1.5","(X)","(X)","(X)","(X)","(X)","-888888888.0","(X)","-888888888.0","82.6","5.5","93.6","6.5","100.0","51.4","74.7","19.7","69.9","13.3","17.4","5.5","6.4","6.5","0.0","51.4","25.3","19.7","30.1","13.3","0.0","1.8","0.0","3.6","0.0","51.4","0.0","12.7","0.0","4.8","63.3","6.6","83.3","7.7","31.7","46.4","36.2","18.9","48.0","14.9","36.7","6.6","16.7","7.7","68.3","46.4","63.8","18.9","52.0","14.9",
"1400000US06111001001","Census Tract 10.01, Ventura County, California","937","92","414","98","130","100","97","62","296","103","2.75","0.32","3.53","0.48","2.80","0.81","3.26","0.65","1.48","0.40","641","99","414","98","130","100","97","62","(X)","-888888888","3.28","0.38","3.53","0.48","2.80","0.81","2.88","0.45","(X)","-888888888","208","89","121","72","46","41","41","36","(X)","-888888888","5.8","8.9","0.0","27.5","26.1","42.4","0.0","51.4","(X)","-888888888.0","31.3","20.6","19.8","24.2","0.0","48.5","100.0","51.4","(X)","-888888888.0","63.0","21.3","80.2","24.2","73.9","42.4","0.0","51.4","(X)","(X)","937","92","414","98","130","100","97","62","296","103","27.4","9.2","31.2","13.7","66.9","34.5","42.3","32.5","0.0","12.6","42.3","8.8","40.3","16.7","13.1","20.1","20.6","25.8","64.9","21.3","22.4","8.5","(X)","(X)","(X)","(X)","(X)","-888888888.0","70.9","19.7","16.6","8.4","(X)","(X)","(X)","(X)","(X)","-888888888.0","52.7","22.3","0.0","4.2","(X)","(X)","(X)","(X)","(X)","-888888888.0","(X)","-888888888.0","6.7","5.5","(X)","(X)","(X)","(X)","(X)","-888888888.0","(X)","-888888888.0","81.0","8.3","95.4","5.4","59.2","36.7","79.4","28.6","70.9","15.0","3.9","4.1","0.0","9.2","9.2","16.1","20.6","28.6","1.7","5.2","15.0","8.4","4.6","5.4","31.5","36.1","0.0","32.4","27.4","15.2","74.4","10.2","88.9","9.5","60.8","36.0","37.1","29.8","72.3","18.9","25.6","10.2","11.1","9.5","39.2","36.0","62.9","29.8","27.7","18.9",
"1400000US06111001002","Census Tract 10.02, Ventura County, California","2726","108","1400","185","237","130","136","77","953","154","2.57","0.14","3.39","0.18","2.86","0.48","2.85","0.50","1.26","0.16","1773","137","1400","185","237","130","136","77","(X)","-888888888","3.24","0.17","3.39","0.18","2.62","0.39","2.72","0.37","(X)","-888888888","824","114","632","113","154","112","38","45","(X)","-888888888","17.7","10.7","15.8","11.6","19.5","29.7","42.1","57.9","(X)","-888888888.0","20.5","9.6","22.3","11.7","18.2","28.6","0.0","53.4","(X)","-888888888.0","61.8","14.8","61.9","16.9","62.3","36.0","57.9","57.9","(X)","(X)","2726","108","1400","185","237","130","136","77","953","154","35.3","4.6","51.9","5.5","75.5","18.6","41.2","27.1","0.0","4.1","47.7","5.3","31.1","7.2","45.1","26.1","58.8","27.1","71.0","10.0","29.1","5.2","(X)","(X)","(X)","(X)","(X)","-888888888.0","83.3","9.7","19.2","4.4","(X)","(X)","(X)","(X)","(X)","-888888888.0","54.9","10.6","0.3","0.5","(X)","(X)","(X)","(X)","(X)","-888888888.0","(X)","-888888888.0","5.5","3.8","(X)","(X)","(X)","(X)","(X)","-888888888.0","(X)","-888888888.0","81.3","4.8","84.9","6.0","100.0","15.5","83.8","22.6","71.0","10.2","5.5","3.1","6.5","5.1","0.0","15.5","16.2","22.6","4.0","3.3","13.2","4.1","8.6","4.6","0.0","15.5","0.0","25.1","25.0","10.1","70.6","5.8","73.8","8.6","54.9","31.4","63.2","26.6","70.9","9.9","29.4","5.8","26.2","8.6","45.1","31.4","36.8","26.6","29.1","9.9",
"1400000US06111001101","Census Tract 11.01, Ventura County, California","1833","73","920","121","83","64","172","99","658","119","2.70","0.15","3.27","0.23","3.31","0.48","3.74","0.63","1.57","0.23","1175","120","920","121","83","64","172","99","(X)","-888888888","3.28","0.18","3.26","0.22","2.94","0.68","3.55","0.62","(X)","-888888888","503","82","401","94","12","17","90","70","(X)","-888888888","7.0","6.2","7.5","6.6","41.7","58.3","0.0","34.1","(X)","-888888888.0","28.0","11.8","25.7","13.4","0.0","95.0","42.2","40.9","(X)","-888888888.0","65.0","12.3","66.8","14.0","58.3","58.3","57.8","40.9","(X)","(X)","1833","73","920","121","83","64","172","99","658","119","31.9","4.7","47.9","7.4","14.5","22.2","52.3","23.6","6.2","7.6","39.8","4.3","36.5","7.3","8.4","14.9","7.6","10.1","56.7","11.0","21.7","5.2","(X)","(X)","(X)","(X)","(X)","-888888888.0","60.5","13.4","13.0","3.6","(X)","(X)","(X)","(X)","(X)","-888888888.0","36.3","9.9","0.0","2.2","(X)","(X)","(X)","(X)","(X)","-888888888.0","(X)","-888888888.0","10.5","5.7","(X)","(X)","(X)","(X)","(X)","-888888888.0","(X)","-888888888.0","78.8","4.2","79.8","5.9","100.0","35.9","96.5","7.0","70.2","10.9","2.9","2.9","1.1","2.0","0.0","35.9","0.0","20.6","6.7","7.6","18.2","3.7","19.1","6.2","0.0","35.9","3.5","7.0","23.1","9.1","73.0","6.7","79.9","8.4","94.0","17.1","45.9","24.6","67.8","12.8","27.0","6.7","20.1","8.4","6.0","17.1","54.1","24.6","32.2","12.8",
"1400000US06111001102","Census Tract 11.02, Ventura County, California","1296","83","719","120","59","50","215","101","303","95","2.72","0.23","2.99","0.26","2.80","0.39","3.45","0.68","1.55","0.37","993","96","719","120","59","50","215","101","(X)","-888888888","3.02","0.24","2.99","0.26","2.80","0.39","3.21","0.49","(X)","-888888888","357","81","222","71","25","29","110","75","(X)","-888888888","7.3","9.7","11.7","15.6","0.0","65.8","0.0","29.6","(X)","-888888888.0","36.7","21.7","48.2","26.7","44.0","56.0","11.8","21.3","(X)","-888888888.0","56.0","20.9","40.1","23.5","56.0","56.0","88.2","21.3","(X)","(X)","1296","83","719","120","59","50","215","101","303","95","29.9","5.7","32.7","8.1","42.4","34.8","59.1","20.7","0.0","12.3","27.2","4.8","30.3","7.0","8.5","17.8","10.2","9.3","35.3","16.9","14.5","5.3","(X)","(X)","(X)","(X)","(X)","-888888888.0","62.0","22.5","6.3","3.9","(X)","(X)","(X)","(X)","(X)","-888888888.0","27.1","16.1","0.0","3.0","(X)","(X)","(X)","(X)","(X)","-888888888.0","(X)","-888888888.0","7.9","6.3","(X)","(X)","(X)","(X)","(X)","-888888888.0","(X)","-888888888.0","89.9","3.5","95.1","3.7","91.5","17.8","79.5","17.3","84.5","13.6","6.4","2.8","4.9","3.7","8.5","17.8","7.9","7.1","8.6","12.4","3.7","2.6","0.0","5.4","0.0","42.8","12.6","15.9","6.9","8.4","76.1","7.7","90.5","6.8","42.4","34.8","35.3","19.3","77.2","16.5","23.9","7.7","9.5","6.8","57.6","34.8","64.7","19.3","22.8","16.5",
"1400000US06111001201","Census Tract 12.01, Ventura County, California","1683","91","813","114","6","11","277","89","587","122","2.36","0.13","3.18","0.21","2.33","0.52","2.33","0.21","1.25","0.19","1096","117","813","114","6","11","277","89","(X)","-888888888","2.95","0.17","3.16","0.20","2.33","0.52","2.33","0.21","(X)","-888888888","434","103","317","79","0","132","117","75","(X)","-888888888","27.9","18.7","38.2","22.3","-","**","0.0","28.2","(X)","-888888888.0","20.3","12.5","25.6","16.7","-","**","6.0","11.5","(X)","-888888888.0","51.8","20.7","36.3","23.2","-","**","94.0","11.5","(X)","(X)","1683","91","813","114","6","11","277","89","587","122","28.2","6.2","40.6","7.8","0.0","100.0","48.7","23.7","1.7","2.5","48.1","6.2","36.7","8.2","0.0","100.0","23.1","15.3","76.1","9.1","29.6","6.7","(X)","(X)","(X)","(X)","(X)","-888888888.0","85.0","9.4","20.0","5.3","(X)","(X)","(X)","(X)","(X)","-888888888.0","57.4","11.7","0.0","2.3","(X)","(X)","(X)","(X)","(X)","-888888888.0","(X)","-888888888.0","2.7","2.2","(X)","(X)","(X)","(X)","(X)","-888888888.0","(X)","-888888888.0","49.8","6.2","73.2","8.5","0.0","100.0","32.5","16.2","26.1","9.7","31.3","5.1","17.3","7.4","100.0","100.0","43.7","20.2","44.1","10.7","18.9","4.3","9.5","5.9","0.0","100.0","23.8","18.1","29.8","7.9","60.0","5.9","70.6","8.6","0.0","100.0","52.3","22.2","49.4","11.0","40.0","5.9","29.4","8.6","100.0","100.0","47.7","22.2","50.6","11.0",
"1400000US06111001202","Census Tract 12.02, Ventura County, California","2395","82","1521","172","94","99","232","96","548","133","2.92","0.19","3.29","0.22","1.97","0.11","3.20","0.54","1.94","0.47","1847","143","1521","172","94","99","232","96","(X)","-888888888","3.20","0.22","3.29","0.22","1.97","0.11","3.14","0.52","(X)","-888888888","855","140","708","157","94","99","53","43","(X)","-888888888","13.0","8.3","14.3","9.8","0.0","33.1","18.9","32.8","(X)","-888888888.0","16.3","9.5","18.1","10.8","0.0","33.1","20.8","33.6","(X)","-888888888.0","70.8","11.9","67.7","13.5","100.0","33.1","60.4","41.7","(X)","(X)","2395","82","1521","172","94","99","232","96","548","133","37.5","5.6","48.3","7.7","100.0","33.1","30.2","20.6","0.0","7.0","38.0","4.9","29.5","5.9","0.0","33.1","71.6","17.4","53.6","13.8","11.4","4.8","(X)","(X)","(X)","(X)","(X)","-888888888.0","49.8","20.9","5.5","3.5","(X)","(X)","(X)","(X)","(X)","-888888888.0","23.9","15.1","0.0","1.7","(X)","(X)","(X)","(X)","(X)","-888888888.0","(X)","-888888888.0","6.1","4.2","(X)","(X)","(X)","(X)","(X)","-888888888.0","(X)","-888888888.0","98.3","1.5","99.0","1.7","100.0","33.1","100.0","15.8","95.3","4.5","1.7","1.5","1.0","1.7","0.0","33.1","0.0","15.8","4.7","4.5","0.0","1.7","0.0","2.6","0.0","33.1","0.0","15.8","0.0","7.0","88.3","5.3","93.1","5.4","100.0","33.1","83.2","14.3","75.2","16.7","11.7","5.3","6.9","5.4","0.0","33.1","16.8","14.3","24.8","16.7",
"1400000US06111001204","Census Tract 12.04, Ventura County, California","786","65","468","106","33","30","123","71","162","79","3.03","0.28","3.34","0.41","2.12","0.16","4.11","0.86","1.49","0.65","624","89","468","106","33","30","123","71","(X)","-888888888","3.34","0.33","3.26","0.40","2.12","0.16","3.97","0.80","(X)","-888888888","315","83","215","79","12","18","88","65","(X)","-888888888","15.9","13.4","23.3","19.1","0.0","95.0","0.0","34.6","(X)","-888888888.0","21.9","18.0","32.1","23.4","0.0","95.0","0.0","34.6","(X)","-888888888.0","62.2","18.6","44.7","20.5","100.0","95.0","100.0","34.6","(X)","(X)","786","65","468","106","33","30","123","71","162","79","42.5","9.4","50.0","12.3","36.4","47.4","71.5","24.3","0.0","21.7","29.9","9.2","32.1","14.4","63.6","47.4","8.1","13.6","33.3","26.9","17.2","9.2","(X)","(X)","(X)","(X)","(X)","-888888888.0","83.3","18.2","1.3","2.0","(X)","(X)","(X)","(X)","(X)","-888888888.0","6.2","10.0","0.0","5.0","(X)","(X)","(X)","(X)","(X)","-888888888.0","(X)","-888888888.0","3.4","3.5","(X)","(X)","(X)","(X)","(X)","-888888888.0","(X)","-888888888.0","67.3","9.2","76.3","10.7","69.7","45.2","48.0","29.1","55.6","30.4","2.2","2.8","1.5","2.7","30.3","45.2","0.0","27.2","0.0","21.7","30.5","8.8","22.2","10.7","0.0","57.3","52.0","29.1","44.4","30.4","77.1","9.1","91.0","9.6","69.7","45.2","52.0","30.4","57.4","22.5","22.9","9.1","9.0","9.6","30.3","45.2","48.0","30.4","42.6","22.5",
"1400000US06111001206","Census Tract 12.06, Ventura County, California","372","57","231","49","11","20","3","8","127","68","2.04","0.24","2.52","0.23","2.18","0.35","2.00","1.22","1.15","0.20","245","51","231","49","11","20","3","8","(X)","-888888888","2.50","0.22","2.52","0.23","2.18","0.35","2.00","1.22","(X)","-888888888","62","23","62","23","0","132","0","132","(X)","-888888888","9.7","19.5","9.7","19.5","-","**","-","-222222222.0","(X)","-888888888.0","0.0","41.8","0.0","41.8","-","**","-","-222222222.0","(X)","-888888888.0","90.3","19.5","90.3","19.5","-","**","-","-222222222.0","(X)","(X)","372","57","231","49","11","20","3","8","127","68","16.7","6.2","26.8","8.7","0.0","99.2","0.0","100.0","0.0","26.5","47.0","10.1","45.5","15.0","0.0","99.2","100.0","100.0","52.8","30.2","29.6","14.6","(X)","(X)","(X)","(X)","(X)","-888888888.0","86.6","19.4","13.7","12.7","(X)","(X)","(X)","(X)","(X)","-888888888.0","40.2","30.4","0.0","10.2","(X)","(X)","(X)","(X)","(X)","-888888888.0","(X)","-888888888.0","2.4","5.5","(X)","(X)","(X)","(X)","(X)","-888888888.0","(X)","-888888888.0","89.8","7.7","94.4","7.1","100.0","99.2","100.0","100.0","80.3","20.5","6.2","5.9","5.6","7.1","0.0","99.2","0.0","100.0","7.9","12.9","4.0","5.6","0.0","15.8","0.0","99.2","0.0","100.0","11.8","16.8","77.7","10.6","70.6","13.5","100.0","99.2","100.0","100.0","88.2","16.8","22.3","10.6","29.4","13.5","0.0","99.2","0.0","100.0","11.8","16.8",
"1400000US06111001301","Census Tract 13.01, Ventura County, California","2607","99","1452","187","190","101","321","138","644","126","3.14","0.18","3.80","0.28","3.92","0.39","3.51","0.83","1.23","0.12","1963","135","1452","187","190","101","321","138","(X)","-888888888","3.68","0.23","3.80","0.28","3.30","0.56","3.35","0.86","(X)","-888888888","1125","173","907","194","84","75","134","90","(X)","-888888888","14.8","6.4","15.8","7.9","28.6","46.2","0.0","25.4","(X)","-888888888.0","22.0","10.7","26.6","12.7","8.3","20.8","0.0","25.4","(X)","-888888888.0","63.1","11.8","57.7","13.7","63.1","42.6","100.0","25.4","(X)","(X)","2607","99","1452","187","190","101","321","138","644","126","46.7","7.3","64.5","8.8","54.2","29.5","55.8","27.4","0.0","6.0","21.3","4.3","21.4","6.6","10.0","16.0","6.5","7.7","31.5","11.3","19.4","4.6","(X)","(X)","(X)","(X)","(X)","-888888888.0","78.7","10.7","4.5","2.6","(X)","(X)","(X)","(X)","(X)","-888888888.0","18.3","9.5","1.6","2.2","(X)","(X)","(X)","(X)","(X)","-888888888.0","(X)","-888888888.0","7.4","3.9","(X)","(X)","(X)","(X)","(X)","-888888888.0","(X)","-888888888.0","73.5","6.0","88.2","6.9","50.0","27.5","68.8","25.8","49.4","11.8","25.9","6.0","10.6","6.8","50.0","27.5","31.2","25.8","50.6","11.8","0.7","1.0","1.2","1.8","0.0","18.9","0.0","11.7","0.0","6.0","57.7","7.3","73.2","10.2","21.1","19.2","38.0","25.5","43.2","11.5","42.3","7.3","26.8","10.2","78.9","19.2","62.0","25.5","56.8","11.5",
"1400000US06111001302","Census Tract 13.02, Ventura County, California","651","91","279","74","63","67","92","60","217","66","2.41","0.24","3.33","0.63","2.67","0.64","2.55","0.42","1.09","0.10","434","84","279","74","63","67","92","60","(X)","-888888888","3.03","0.38","3.27","0.64","2.67","0.64","2.55","0.42","(X)","-888888888","116","54","70","32","0","132","46","48","(X)","-888888888","0.0","28.4","0.0","39.3","-","**","0.0","48.5","(X)","-888888888.0","40.5","32.1","67.1","41.6","-","**","0.0","48.5","(X)","-888888888.0","59.5","32.1","32.9","41.6","-","**","100.0","48.5","(X)","(X)","651","91","279","74","63","67","92","60","217","66","22.0","9.0","34.8","14.4","0.0","41.5","50.0","33.1","0.0","16.8","71.9","8.4","67.0","14.1","61.9","53.4","50.0","33.1","90.3","10.6","30.4","8.7","(X)","(X)","(X)","(X)","(X)","-888888888.0","91.2","9.4","24.1","7.9","(X)","(X)","(X)","(X)","(X)","-888888888.0","72.4","14.2","0.0","6.0","(X)","(X)","(X)","(X)","(X)","-888888888.0","(X)","-888888888.0","1.4","2.1","(X)","(X)","(X)","(X)","(X)","-888888888.0","(X)","-888888888.0","41.6","9.2","62.4","16.2","38.1","53.4","43.5","34.2","15.2","14.1","8.1","4.0","0.0","13.3","0.0","41.5","6.5","13.9","21.7","11.0","50.2","8.8","37.6","16.2","61.9","53.4","50.0","33.1","63.1","16.5","74.5","11.2","84.9","12.7","20.6","40.0","70.7","32.5","78.3","11.0","25.5","11.2","15.1","12.7","79.4","40.0","29.3","32.5","21.7","11.0",
"1400000US06111001401","Census Tract 14.01, Ventura County, California","1296","44","783","90","48","44","124","65","341","92","2.71","0.19","3.25","0.26","5.10","2.01","2.66","0.45","1.15","0.13","955","92","783","90","48","44","124","65","(X)","-888888888","3.17","0.21","3.21","0.24","4.35","1.89","2.43","0.36","(X)","-888888888","432","60","326","57","48","44","58","46","(X)","-888888888","23.8","11.5","27.9","15.1","0.0","47.5","20.7","27.5","(X)","-888888888.0","16.7","11.1","11.3","9.9","43.8","50.5","24.1","32.0","(X)","-888888888.0","59.5","14.2","60.7","17.2","56.3","50.5","55.2","40.6","(X)","(X)","1296","44","783","90","48","44","124","65","341","92","35.3","4.5","44.8","8.4","100.0","47.5","46.8","26.0","0.0","11.1","41.0","5.7","32.8","8.2","0.0","47.5","36.3","26.7","67.2","16.1","23.0","6.4","(X)","(X)","(X)","(X)","(X)","-888888888.0","87.4","11.0","14.8","4.9","(X)","(X)","(X)","(X)","(X)","-888888888.0","56.3","15.3","1.0","1.5","(X)","(X)","(X)","(X)","(X)","-888888888.0","(X)","-888888888.0","3.2","3.3","(X)","(X)","(X)","(X)","(X)","-888888888.0","(X)","-888888888.0","93.5","2.5","100.0","5.0","81.3","30.0","96.8","8.1","79.2","9.3","6.5","2.5","0.0","5.0","18.8","30.0","3.2","8.1","20.8","9.3","0.0","3.0","0.0","5.0","0.0","47.5","0.0","27.0","0.0","11.1","77.6","7.0","89.5","8.2","37.5","42.4","60.5","26.5","62.2","16.8","22.4","7.0","10.5","8.2","62.5","42.4","39.5","26.5","37.8","16.8",
"1400000US06111001402","Census Tract 14.02, Ventura County, California","2183","72","1197","145","152","78","225","96","609","138","2.66","0.17","3.08","0.19","4.89","2.25","2.42","0.29","1.36","0.25","1574","132","1197","145","152","78","225","96","(X)","-888888888","3.13","0.25","3.04","0.18","4.89","2.25","2.42","0.29","(X)","-888888888","658","120","501","126","68","69","89","69","(X)","-888888888","10.3","9.2","13.6","11.9","0.0","39.9","0.0","34.3","(X)","-888888888.0","13.1","10.8","3.6","5.7","100.0","39.9","0.0","34.3","(X)","-888888888.0","76.6","14.2","82.8","13.1","0.0","39.9","100.0","34.3","(X)","(X)","2183","72","1197","145","152","78","225","96","609","138","30.1","5.5","41.9","8.2","44.7","39.0","39.6","24.2","0.0","6.4","24.3","4.2","34.0","7.0","15.8","19.1","5.3","10.2","14.3","9.8","20.8","5.8","(X)","(X)","(X)","(X)","(X)","-888888888.0","74.4","13.6","4.0","2.8","(X)","(X)","(X)","(X)","(X)","-888888888.0","14.3","9.8","0.0","1.8","(X)","(X)","(X)","(X)","(X)","-888888888.0","(X)","-888888888.0","4.2","3.2","(X)","(X)","(X)","(X)","(X)","-888888888.0","(X)","-888888888.0","71.4","5.0","91.5","5.8","90.1","18.7","44.9","31.5","37.1","11.8","28.6","5.0","8.5","5.8","9.9","18.7","55.1","31.5","62.9","11.8","0.0","1.8","0.0","3.3","0.0","22.9","0.0","16.2","0.0","6.4","61.0","4.9","85.5","6.5","24.3","22.9","33.8","27.5","32.0","11.5","39.0","4.9","14.5","6.5","75.7","22.9","66.2","27.5","68.0","11.5",
"1400000US06111001502","Census Tract 15.02, Ventura County, California","3477","119","1301","181","174","106","432","148","1570","224","2.37","0.15","3.49","0.33","2.62","0.48","2.73","0.27","1.31","0.11","1907","203","1301","181","174","106","432","148","(X)","-888888888","3.18","0.23","3.49","0.33","2.29","0.32","2.59","0.24","(X)","-888888888","947","159","653","135","60","63","234","132","(X)","-888888888","39.6","11.4","41.7","15.1","58.3","54.6","29.1","25.5","(X)","-888888888.0","24.0","12.0","24.2","14.0","0.0","42.5","29.5","27.9","(X)","-888888888.0","36.4","9.3","34.2","12.4","41.7","54.6","41.5","23.6","(X)","(X)","3477","119","1301","181","174","106","432","148","1570","224","28.9","4.5","52.2","9.1","48.9","35.3","54.2","24.8","0.5","0.9","25.1","2.9","22.0","5.9","15.5","19.2","13.9","17.7","31.8","7.0","33.7","5.5","(X)","(X)","(X)","(X)","(X)","-888888888.0","74.6","8.9","11.2","2.9","(X)","(X)","(X)","(X)","(X)","-888888888.0","24.8","6.1","0.5","0.6","(X)","(X)","(X)","(X)","(X)","-888888888.0","(X)","-888888888.0","4.4","2.4","(X)","(X)","(X)","(X)","(X)","-888888888.0","(X)","-888888888.0","36.0","4.6","51.2","8.9","14.4","17.0","13.9","10.6","32.0","8.3","49.5","5.5","26.7","8.9","75.3","20.9","84.3","11.1","55.9","9.2","14.5","3.7","22.1","8.7","10.3","16.5","1.9","3.3","12.1","5.0","49.8","5.7","72.1","9.5","60.3","36.5","28.2","16.6","36.1","9.3","50.2","5.7","27.9","9.5","39.7","36.5","71.8","16.6","63.9","9.3",
"1400000US06111001503","Census Tract 15.03, Ventura County, California","1870","87","612","102","258","101","234","85","766","141","2.44","0.19","3.41","0.37","2.90","0.39","3.09","0.35","1.32","0.22","1104","127","612","102","258","101","234","85","(X)","-888888888","3.10","0.24","3.40","0.37","2.52","0.33","2.96","0.37","(X)","-888888888","589","120","317","82","135","81","137","85","(X)","-888888888","34.5","17.1","24.6","16.2","34.8","39.4","56.9","37.2","(X)","-888888888.0","21.2","11.6","39.4","18.1","0.0","25.2","0.0","24.9","(X)","-888888888.0","44.3","14.2","36.0","16.9","65.2","39.4","43.1","37.2","(X)","(X)","1870","87","612","102","258","101","234","85","766","141","34.8","6.2","54.2","8.6","62.8","20.6","63.7","21.0","0.9","1.9","34.8","5.6","29.4","9.0","17.1","13.7","35.0","19.8","44.9","9.4","33.3","6.5","(X)","(X)","(X)","(X)","(X)","-888888888.0","81.2","9.6","15.4","4.1","(X)","(X)","(X)","(X)","(X)","-888888888.0","37.6","8.3","0.0","2.1","(X)","(X)","(X)","(X)","(X)","-888888888.0","(X)","-888888888.0","7.9","4.9","(X)","(X)","(X)","(X)","(X)","-888888888.0","(X)","-888888888.0","35.3","5.3","52.1","11.6","14.3","13.0","28.6","19.9","30.9","9.4","54.9","5.8","36.3","11.5","82.9","13.7","56.8","24.6","59.7","9.3","9.8","2.7","11.6","5.4","2.7","4.6","14.5","13.0","9.4","4.3","38.7","5.7","56.5","10.3","20.5","16.7","35.0","23.5","31.7","9.3","61.3","5.7","43.5","10.3","79.5","16.7","65.0","23.5","68.3","9.3",
"1400000US06111001506","Census Tract 15.06, Ventura County, California","1686","86","1040","140","108","72","175","70","363","90","2.99","0.19","3.18","0.17","6.54","2.18","3.28","0.47","1.27","0.18","1323","105","1040","140","108","72","175","70","(X)","-888888888","3.39","0.24","3.16","0.17","6.26","2.40","2.95","0.38","(X)","-888888888","605","90","514","98","38","46","53","47","(X)","-888888888","30.2","12.6","30.4","14.2","0.0","53.4","50.9","50.9","(X)","-888888888.0","14.7","8.6","17.3","10.1","0.0","53.4","0.0","45.2","(X)","-888888888.0","55.0","14.1","52.3","16.0","100.0","53.4","49.1","50.9","(X)","(X)","1686","86","1040","140","108","72","175","70","363","90","42.5","5.6","50.5","7.5","88.0","20.4","55.4","23.7","0.0","10.4","35.6","6.3","31.9","8.5","37.0","26.0","40.6","20.6","43.5","11.6","17.9","4.7","(X)","(X)","(X)","(X)","(X)","-888888888.0","82.9","10.6","6.5","2.6","(X)","(X)","(X)","(X)","(X)","-888888888.0","30.0","11.4","0.7","1.0","(X)","(X)","(X)","(X)","(X)","-888888888.0","(X)","-888888888.0","4.6","3.5","(X)","(X)","(X)","(X)","(X)","-888888888.0","(X)","-888888888.0","92.6","3.1","92.9","4.6","100.0","30.0","100.0","20.3","86.2","9.5","4.9","2.9","6.1","4.3","0.0","30.0","0.0","20.3","5.2","6.1","2.5","1.7","1.1","1.6","0.0","30.0","0.0","20.3","8.5","7.4","80.5","6.1","82.7","7.5","73.1","31.8","58.9","25.4","86.8","6.9","19.5","6.1","17.3","7.5","26.9","31.8","41.1","25.4","13.2","6.9",
"1400000US06111001507","Census Tract 15.07, Ventura County, California","1348","98","837","135","100","75","203","87","208","97","3.27","0.31","3.54","0.43","2.47","0.40","4.06","0.82","1.78","0.58","1140","125","837","135","100","75","203","87","(X)","-888888888","3.38","0.29","3.45","0.39","2.34","0.36","3.59","0.67","(X)","-888888888","554","100","431","112","15","24","108","60","(X)","-888888888","27.3","13.4","28.1","15.3","100.0","84.9","13.9","20.5","(X)","-888888888.0","16.6","10.9","13.2","9.1","0.0","84.9","32.4","38.9","(X)","-888888888.0","56.1","14.6","58.7","15.7","0.0","84.9","53.7","37.3","(X)","(X)","1348","98","837","135","100","75","203","87","208","97","45.8","7.4","51.5","9.9","20.0","29.0","81.8","15.1","0.0","17.4","28.6","7.0","31.2","9.8","39.0","36.3","8.9","10.2","32.2","19.7","8.1","4.2","(X)","(X)","(X)","(X)","(X)","-888888888.0","52.4","27.5","2.6","2.0","(X)","(X)","(X)","(X)","(X)","-888888888.0","16.8","13.5","0.0","2.9","(X)","(X)","(X)","(X)","(X)","-888888888.0","(X)","-888888888.0","7.2","5.0","(X)","(X)","(X)","(X)","(X)","-888888888.0","(X)","-888888888.0","87.1","5.9","91.3","6.2","85.0","26.1","86.7","13.9","71.6","20.4","12.9","5.9","8.7","6.2","15.0","26.1","13.3","13.9","28.4","20.4","0.0","2.9","0.0","4.7","0.0","31.7","0.0","17.8","0.0","17.4","59.2","9.0","72.5","11.5","36.0","33.2","18.2","14.5","56.7","22.9","40.8","9.0","27.5","11.5","64.0","33.2","81.8","14.5","43.3","22.9",
"1400000US06111001601","Census Tract 16.01, Ventura County, California","458","55","97","52","55","49","32","23","274","79","1.87","0.22","2.92","0.57","2.18","0.15","2.84","0.48","1.33","0.15","184","66","97","52","55","49","32","23","(X)","-888888888","2.68","0.32","2.92","0.57","2.18","0.15","2.84","0.48","(X)","-888888888","74","42","32","37","10","18","32","23","(X)","-888888888","31.1","27.2","34.4","44.9","0.0","100.0","37.5","40.0","(X)","-888888888.0","0.0","38.2","0.0","58.2","0.0","100.0","0.0","58.2","(X)","-888888888.0","68.9","27.2","65.6","44.9","100.0","100.0","62.5","40.0","(X)","(X)","458","55","97","52","55","49","32","23","274","79","16.2","9.3","33.0","31.8","18.2","28.8","100.0","58.2","0.0","13.6","24.7","5.8","39.2","21.6","30.9","40.0","62.5","40.0","13.9","9.5","42.8","11.0","(X)","(X)","(X)","(X)","(X)","-888888888.0","71.5","13.2","6.1","5.4","(X)","(X)","(X)","(X)","(X)","-888888888.0","10.2","9.2","0.0","8.4","(X)","(X)","(X)","(X)","(X)","-888888888.0","(X)","-888888888.0","6.8","6.1","(X)","(X)","(X)","(X)","(X)","-888888888.0","(X)","-888888888.0","36.7","10.9","83.5","20.4","49.1","49.8","62.5","40.0","14.6","13.8","63.3","10.9","16.5","20.4","50.9","49.8","37.5","40.0","85.4","13.8","0.0","8.4","0.0","32.4","0.0","44.4","0.0","58.2","0.0","13.6","21.0","10.0","58.8","30.5","49.1","49.8","0.0","58.2","4.4","6.0","79.0","10.0","41.2","30.5","50.9","49.8","100.0","58.2","95.6","6.0",
"1400000US06111001602","Census Tract 16.02, Ventura County, California","906","72","478","100","20","23","97","51","311","93","2.56","0.24","3.23","0.25","3.65","2.16","3.58","1.04","1.16","0.15","595","100","478","100","20","23","97","51","(X)","-888888888","3.21","0.25","3.18","0.25","3.20","1.71","3.34","1.03","(X)","-888888888","251","70","213","67","2","8","36","29","(X)","-888888888","39.0","17.6","39.4","18.7","100.0","100.0","33.3","49.9","(X)","-888888888.0","4.8","7.5","0.0","17.0","0.0","100.0","33.3","51.0","(X)","-888888888.0","56.2","16.4","60.6","18.7","0.0","100.0","33.3","40.6","(X)","(X)","906","72","478","100","20","23","97","51","311","93","31.5","6.9","46.9","11.0","10.0","43.9","60.8","25.0","0.0","12.1","51.1","8.0","46.4","10.8","0.0","73.6","30.9","25.2","67.8","17.7","28.8","7.8","(X)","(X)","(X)","(X)","(X)","-888888888.0","83.9","15.2","17.8","7.4","(X)","(X)","(X)","(X)","(X)","-888888888.0","51.8","19.2","0.0","4.3","(X)","(X)","(X)","(X)","(X)","-888888888.0","(X)","-888888888.0","6.2","5.8","(X)","(X)","(X)","(X)","(X)","-888888888.0","(X)","-888888888.0","80.1","5.8","91.8","6.4","100.0","73.6","63.9","27.7","65.9","14.9","3.5","3.6","1.9","3.0","0.0","73.6","23.7","25.6","0.0","12.1","16.3","5.0","6.3","5.5","0.0","73.6","12.4","19.5","34.1","14.9","81.6","8.4","83.3","9.7","100.0","73.6","79.4","24.1","78.5","16.3","18.4","8.4","16.7","9.7","0.0","73.6","20.6","24.1","21.5","16.3",
"1400000US06111001700","Census Tract 17, Ventura County, California","1349","52","1028","93","69","43","79","60","173","76","2.68","0.14","2.90","0.12","3.03","0.86","2.14","0.13","1.49","0.56","1176","84","1028","93","69","43","79","60","(X)","-888888888","2.81","0.10","2.88","0.12","2.55","0.35","2.14","0.13","(X)","-888888888","430","63","377","56","35","32","18","28","(X)","-888888888","16.3","12.6","18.6","14.1","0.0","55.6","0.0","77.5","(X)","-888888888.0","16.7","12.9","19.1","14.4","0.0","55.6","0.0","77.5","(X)","-888888888.0","67.0","13.5","62.3","14.6","100.0","55.6","100.0","77.5","(X)","(X)","1349","52","1028","93","69","43","79","60","173","76","34.8","5.2","39.9","6.2","50.7","37.0","30.4","35.6","0.0","20.5","43.1","5.2","39.7","5.6","49.3","37.0","34.2","36.9","64.7","21.7","9.9","5.3","(X)","(X)","(X)","(X)","(X)","-888888888.0","76.9","19.6","7.5","4.7","(X)","(X)","(X)","(X)","(X)","-888888888.0","58.4","21.8","1.8","2.0","(X)","(X)","(X)","(X)","(X)","-888888888.0","(X)","-888888888.0","0.0","2.9","(X)","(X)","(X)","(X)","(X)","-888888888.0","(X)","-888888888.0","100.0","2.9","100.0","3.8","100.0","39.6","100.0","36.9","100.0","20.5","0.0","2.9","0.0","3.8","0.0","39.6","0.0","36.9","0.0","20.5","0.0","2.9","0.0","3.8","0.0","39.6","0.0","36.9","0.0","20.5","86.1","6.4","91.8","5.8","49.3","37.0","34.2","36.9","90.8","14.8","13.9","6.4","8.2","5.8","50.7","37.0","65.8","36.9","9.2","14.8",
"1400000US06111001800","Census Tract 18, Ventura County, California","1636","78","1095","139","27","30","80","68","434","111","2.76","0.17","3.28","0.18","3.52","1.13","3.23","0.87","1.31","0.27","1202","123","1095","139","27","30","80","68","(X)","-888888888","3.25","0.18","3.26","0.17","3.52","1.13","3.03","0.83","(X)","-888888888","485","90","450","96","0","132","35","42","(X)","-888888888","19.2","9.5","20.7","10.1","-","**","0.0","55.6","(X)","-888888888.0","2.5","4.3","2.7","4.7","-","**","0.0","55.6","(X)","-888888888.0","78.4","9.1","76.7","9.7","-","**","100.0","55.6","(X)","(X)","1636","78","1095","139","27","30","80","68","434","111","33.3","5.9","44.8","9.0","66.7","59.3","43.8","36.5","0.0","8.8","43.5","5.1","37.9","6.9","66.7","59.3","56.3","36.5","53.9","10.4","23.4","6.1","(X)","(X)","(X)","(X)","(X)","-888888888.0","88.2","7.0","12.0","4.3","(X)","(X)","(X)","(X)","(X)","-888888888.0","45.4","11.7","0.4","0.8","(X)","(X)","(X)","(X)","(X)","-888888888.0","(X)","-888888888.0","1.2","1.5","(X)","(X)","(X)","(X)","(X)","-888888888.0","(X)","-888888888.0","93.4","2.7","99.1","1.6","100.0","63.3","100.0","36.7","77.4","9.9","4.4","2.4","0.9","1.6","0.0","63.3","0.0","36.7","14.3","8.7","2.2","1.7","0.0","3.6","0.0","63.3","0.0","36.7","8.3","6.4","83.0","6.1","91.7","6.0","100.0","63.3","72.5","38.5","62.0","14.7","17.0","6.1","8.3","6.0","0.0","63.3","27.5","38.5","38.0","14.7",
"1400000US06111001900","Census Tract 19, Ventura County, California","1588","83","727","97","10","17","213","72","638","111","2.31","0.14","2.91","0.20","2.90","0.73","3.23","0.46","1.31","0.13","950","84","727","97","10","17","213","72","(X)","-888888888","2.89","0.14","2.85","0.17","2.90","0.73","3.02","0.44","(X)","-888888888","410","68","262","60","10","17","138","61","(X)","-888888888","19.0","11.1","26.3","15.7","0.0","100.0","6.5","11.3","(X)","-888888888.0","29.5","11.0","31.7","13.4","0.0","100.0","27.5","23.6","(X)","-888888888.0","51.5","14.9","42.0","16.7","100.0","100.0","65.9","25.5","(X)","(X)","1588","83","727","97","10","17","213","72","638","111","27.2","4.2","36.0","7.3","100.0","100.0","75.1","14.9","0.0","6.1","33.6","4.4","31.6","7.7","0.0","100.0","25.4","16.6","39.0","10.1","29.7","6.3","(X)","(X)","(X)","(X)","(X)","-888888888.0","73.8","10.4","12.0","4.5","(X)","(X)","(X)","(X)","(X)","-888888888.0","29.8","10.2","2.6","2.2","(X)","(X)","(X)","(X)","(X)","-888888888.0","(X)","-888888888.0","7.4","4.0","(X)","(X)","(X)","(X)","(X)","-888888888.0","(X)","-888888888.0","79.5","4.7","91.6","5.2","100.0","100.0","73.7","16.9","67.2","9.3","19.3","4.9","5.6","4.5","0.0","100.0","26.3","16.9","32.8","9.3","1.3","1.9","2.8","4.1","0.0","100.0","0.0","17.0","0.0","6.1","58.3","7.2","84.0","7.1","0.0","100.0","42.7","18.5","35.1","10.8","41.7","7.2","16.0","7.1","100.0","100.0","57.3","18.5","64.9","10.8",
"1400000US06111002000","Census Tract 20, Ventura County, California","1112","74","535","98","35","40","35","34","507","98","2.18","0.21","3.04","0.23","2.83","0.51","2.54","0.61","1.21","0.15","605","100","535","98","35","40","35","34","(X)","-888888888","2.90","0.21","2.97","0.21","2.17","0.12","2.54","0.61","(X)","-888888888","282","76","233","76","23","34","26","31","(X)","-888888888","33.0","18.4","30.0","19.5","100.0","68.6","0.0","64.5","(X)","-888888888.0","10.3","9.7","12.4","11.3","0.0","68.6","0.0","64.5","(X)","-888888888.0","56.7","17.1","57.5","18.5","0.0","68.6","100.0","64.5","(X)","(X)","1112","74","535","98","35","40","35","34","507","98","25.4","6.3","43.6","9.8","65.7","52.3","74.3","40.7","0.0","7.6","41.5","6.2","43.6","8.6","0.0","55.6","25.7","40.7","43.2","13.3","36.7","9.3","(X)","(X)","(X)","(X)","(X)","-888888888.0","80.5","13.5","10.8","5.1","(X)","(X)","(X)","(X)","(X)","-888888888.0","23.7","10.6","4.5","3.4","(X)","(X)","(X)","(X)","(X)","-888888888.0","(X)","-888888888.0","5.7","5.8","(X)","(X)","(X)","(X)","(X)","-888888888.0","(X)","-888888888.0","86.6","6.4","97.2","3.6","100.0","55.6","100.0","55.6","73.6","13.2","13.4","6.4","2.8","3.6","0.0","55.6","0.0","55.6","26.4","13.2","0.0","3.5","0.0","7.2","0.0","55.6","0.0","55.6","0.0","7.6","74.3","7.1","88.0","10.5","65.7","52.3","60.0","47.9","61.3","13.9","25.7","7.1","12.0","10.5","34.3","52.3","40.0","47.9","38.7","13.9",
"1400000US06111002102","Census Tract 21.02, Ventura County, California","962","86","254","89","19","23","5","11","684","117","1.48","0.13","2.28","0.25","2.05","0.28","1.80","0.91","1.16","0.10","278","88","254","89","19","23","5","11","(X)","-888888888","2.26","0.23","2.28","0.25","2.05","0.28","1.80","0.91","(X)","-888888888","39","33","34","32","0","132","5","11","(X)","-888888888","0.0","52.7","0.0","56.4","-","**","0.0","100.0","(X)","-888888888.0","0.0","52.7","0.0","56.4","-","**","0.0","100.0","(X)","-888888888.0","100.0","52.7","100.0","56.4","-","**","100.0","100.0","(X)","(X)","962","86","254","89","19","23","5","11","684","117","4.1","3.3","13.4","12.6","0.0","75.5","100.0","100.0","0.0","5.7","20.6","6.5","29.1","14.7","0.0","75.5","0.0","100.0","18.1","9.8","60.8","10.1","(X)","(X)","(X)","(X)","(X)","-888888888.0","85.5","8.5","10.7","7.6","(X)","(X)","(X)","(X)","(X)","-888888888.0","15.1","10.5","0.0","4.1","(X)","(X)","(X)","(X)","(X)","-888888888.0","(X)","-888888888.0","6.7","4.6","(X)","(X)","(X)","(X)","(X)","-888888888.0","(X)","-888888888.0","22.5","7.3","46.9","19.4","0.0","75.5","100.0","100.0","13.5","6.9","77.5","7.3","53.1","19.4","100.0","75.5","0.0","100.0","86.5","6.9","0.0","4.1","0.0","14.5","0.0","75.5","0.0","100.0","0.0","5.7","28.7","6.9","63.8","19.4","0.0","75.5","0.0","100.0","16.7","7.2","71.3","6.9","36.2","19.4","100.0","75.5","100.0","100.0","83.3","7.2",
"1400000US06111002200","Census Tract 22, Ventura County, California","2139","122","898","177","232","116","335","126","674","175","3.01","0.22","4.20","0.38","2.69","0.34","3.40","0.48","1.34","0.16","1465","186","898","177","232","116","335","126","(X)","-888888888","3.61","0.25","4.14","0.36","2.22","0.19","3.14","0.50","(X)","-888888888","928","184","597","144","157","129","174","108","(X)","-888888888","22.1","13.8","16.8","13.0","48.4","49.7","16.7","19.4","(X)","-888888888.0","25.3","10.3","39.4","16.0","0.0","22.2","0.0","20.4","(X)","-888888888.0","52.6","14.9","43.9","18.7","51.6","49.7","83.3","19.4","(X)","(X)","2139","122","898","177","232","116","335","126","674","175","48.2","7.8","72.4","7.5","67.7","31.8","66.6","21.1","0.0","5.8","21.5","6.2","18.9","8.5","19.0","25.5","24.5","20.0","24.2","13.3","22.9","7.0","(X)","(X)","(X)","(X)","(X)","-888888888.0","72.6","12.6","2.3","2.1","(X)","(X)","(X)","(X)","(X)","-888888888.0","7.4","6.7","1.8","1.3","(X)","(X)","(X)","(X)","(X)","-888888888.0","(X)","-888888888.0","12.1","6.3","(X)","(X)","(X)","(X)","(X)","-888888888.0","(X)","-888888888.0","74.2","8.3","80.8","13.4","38.8","36.0","69.0","23.6","80.3","10.9","24.9","8.2","19.2","13.4","61.2","36.0","31.0","23.6","16.9","10.2","0.9","1.4","0.0","4.4","0.0","15.8","0.0","11.2","2.8","4.4","38.7","7.3","47.8","12.2","13.8","17.6","41.8","22.7","33.5","13.3","61.3","7.3","52.2","12.2","86.2","17.6","58.2","22.7","66.5","13.3",
"1400000US06111002300","Census Tract 23, Ventura County, California","2232","83","1206","194","155","88","365","150","506","138","3.50","0.30","4.40","0.34","4.28","0.99","3.04","0.59","1.44","0.28","1726","155","1206","194","155","88","365","150","(X)","-888888888","3.87","0.30","4.19","0.33","3.65","1.02","2.90","0.58","(X)","-888888888","1184","142","885","180","91","72","208","118","(X)","-888888888","22.7","11.1","21.6","12.0","48.4","37.7","16.3","19.1","(X)","-888888888.0","35.6","12.8","36.0","15.5","30.8","36.8","35.6","27.8","(X)","-888888888.0","41.7","11.0","42.4","14.4","20.9","32.6","48.1","30.4","(X)","(X)","2232","83","1206","194","155","88","365","150","506","138","55.5","5.8","74.5","7.4","66.5","32.2","60.3","21.5","3.4","5.2","17.0","3.8","15.0","5.5","23.2","23.5","9.9","13.5","25.1","11.9","16.5","5.4","(X)","(X)","(X)","(X)","(X)","-888888888.0","72.7","14.5","5.3","2.9","(X)","(X)","(X)","(X)","(X)","-888888888.0","23.5","11.6","2.0","2.3","(X)","(X)","(X)","(X)","(X)","-888888888.0","(X)","-888888888.0","2.6","2.3","(X)","(X)","(X)","(X)","(X)","-888888888.0","(X)","-888888888.0","61.9","9.7","73.1","11.3","52.3","32.0","52.6","25.5","45.1","14.8","31.6","8.8","23.6","10.1","34.8","33.6","47.4","25.5","38.3","16.3","6.5","2.8","3.3","4.8","12.9","18.2","0.0","10.4","16.6","10.6","33.1","5.3","37.7","9.6","23.9","24.6","27.4","20.9","28.9","13.1","66.9","5.3","62.3","9.6","76.1","24.6","72.6","20.9","71.1","13.1",
"1400000US06111002400","Census Tract 24, Ventura County, California","1402","64","157","90","133","80","172","82","940","144","1.75","0.13","2.71","0.32","2.17","0.22","3.04","0.44","1.29","0.10","462","129","157","90","133","80","172","82","(X)","-888888888","2.51","0.19","2.71","0.32","2.05","0.12","2.67","0.33","(X)","-888888888","264","104","90","65","82","70","92","54","(X)","-888888888","53.0","24.1","73.3","27.2","24.4","40.3","58.7","37.1","(X)","-888888888.0","4.9","7.8","0.0","34.1","0.0","36.1","14.1","20.7","(X)","-888888888.0","42.0","24.7","26.7","27.2","75.6","40.3","27.2","34.2","(X)","(X)","1402","64","157","90","133","80","172","82","940","144","20.1","7.7","57.3","23.9","61.7","32.7","53.5","27.3","1.9","2.2","24.0","5.8","19.7","18.5","15.0","16.7","27.3","28.4","25.4","7.0","51.8","8.3","(X)","(X)","(X)","(X)","(X)","-888888888.0","77.2","8.9","13.2","4.8","(X)","(X)","(X)","(X)","(X)","-888888888.0","19.7","7.1","0.7","1.2","(X)","(X)","(X)","(X)","(X)","-888888888.0","(X)","-888888888.0","12.1","6.6","(X)","(X)","(X)","(X)","(X)","-888888888.0","(X)","-888888888.0","31.4","7.5","47.8","25.0","66.2","32.1","37.8","23.1","22.6","9.0","68.6","7.5","52.2","25.0","33.8","32.1","62.2","23.1","77.4","9.0","0.0","2.8","0.0","22.2","0.0","25.5","0.0","20.6","0.0","4.2","9.6","4.1","38.9","23.6","15.0","16.7","15.1","19.4","3.0","2.7","90.4","4.1","61.1","23.6","85.0","16.7","84.9","19.4","97.0","2.7",
"1400000US06111002500","Census Tract 25, Ventura County, California","2456","130","860","145","73","58","221","135","1302","223","1.98","0.11","2.84","0.18","2.04","0.14","2.95","0.55","1.24","0.10","1154","174","860","145","73","58","221","135","(X)","-888888888","2.78","0.15","2.80","0.16","2.04","0.14","2.95","0.55","(X)","-888888888","371","111","269","84","0","132","102","102","(X)","-888888888","30.5","19.2","42.0","20.3","-","**","0.0","31.3","(X)","-888888888.0","14.0","13.2","19.3","17.9","-","**","0.0","31.3","(X)","-888888888.0","55.5","23.1","38.7","23.1","-","**","100.0","31.3","(X)","(X)","2456","130","860","145","73","58","221","135","1302","223","17.2","4.7","33.6","8.7","0.0","38.5","60.6","32.1","0.0","3.0","51.5","5.7","44.1","9.2","0.0","38.5","17.6","20.8","65.1","9.0","41.7","6.6","(X)","(X)","(X)","(X)","(X)","-888888888.0","78.7","8.8","20.5","4.9","(X)","(X)","(X)","(X)","(X)","-888888888.0","38.6","9.4","0.4","0.6","(X)","(X)","(X)","(X)","(X)","-888888888.0","(X)","-888888888.0","3.3","2.4","(X)","(X)","(X)","(X)","(X)","-888888888.0","(X)","-888888888.0","71.0","6.1","85.0","8.0","47.9","52.1","88.2","14.4","60.1","9.3","14.9","4.8","9.7","7.1","24.7","34.8","5.9","9.5","19.4","7.2","14.0","3.7","5.3","3.9","27.4","50.8","5.9","11.3","20.4","7.2","55.2","4.8","63.0","10.2","0.0","38.5","30.8","26.5","57.2","8.7","44.8","4.8","37.0","10.2","100.0","38.5","69.2","26.5","42.8","8.7",
"1400000US06111002600","Census Tract 26, Ventura County, California","1324","93","381","85","81","74","319","101","543","113","2.41","0.20","3.62","0.42","2.69","0.44","2.81","0.32","1.29","0.16","781","110","381","85","81","74","319","101","(X)","-888888888","3.16","0.25","3.62","0.42","2.69","0.44","2.72","0.33","(X)","-888888888","369","107","215","68","74","74","80","51","(X)","-888888888","10.3","8.7","7.4","8.6","0.0","38.2","27.5","32.1","(X)","-888888888.0","22.2","15.6","38.1","23.9","0.0","38.2","0.0","36.7","(X)","-888888888.0","67.5","17.1","54.4","23.7","100.0","38.2","72.5","32.1","(X)","(X)","1324","93","381","85","81","74","319","101","543","113","33.2","7.9","56.4","11.2","91.4","17.5","47.3","20.2","0.0","7.1","31.4","8.1","23.4","9.6","0.0","36.4","43.3","19.6","34.8","11.2","32.5","7.5","(X)","(X)","(X)","(X)","(X)","-888888888.0","79.2","9.5","10.9","5.4","(X)","(X)","(X)","(X)","(X)","-888888888.0","26.5","10.6","2.7","3.2","(X)","(X)","(X)","(X)","(X)","-888888888.0","(X)","-888888888.0","5.7","3.5","(X)","(X)","(X)","(X)","(X)","-888888888.0","(X)","-888888888.0","75.8","7.3","84.8","10.7","100.0","36.4","74.9","14.8","66.5","12.7","24.2","7.3","15.2","10.7","0.0","36.4","25.1","14.8","33.5","12.7","0.0","3.0","0.0","10.0","0.0","36.4","0.0","11.8","0.0","7.1","35.0","8.2","45.4","14.3","21.0","29.0","31.0","14.9","32.0","12.7","65.0","8.2","54.6","14.3","79.0","29.0","69.0","14.9","68.0","12.7",
"1400000US06111002700","Census Tract 27, Ventura County, California","1601","106","588","127","95","68","212","96","706","125","2.28","0.17","3.14","0.39","3.61","1.16","2.99","0.39","1.17","0.10","895","113","588","127","95","68","212","96","(X)","-888888888","2.92","0.24","3.09","0.33","3.17","0.82","2.32","0.21","(X)","-888888888","282","65","172","73","22","26","88","72","(X)","-888888888","23.4","16.7","20.9","17.3","0.0","70.1","34.1","44.4","(X)","-888888888.0","26.2","15.3","33.1","21.2","63.6","58.3","3.4","11.3","(X)","-888888888.0","50.4","18.2","45.9","21.2","36.4","58.3","62.5","44.3","(X)","(X)","1601","106","588","127","95","68","212","96","706","125","22.3","4.2","30.6","9.4","55.8","38.4","52.4","23.5","1.8","2.8","46.0","6.7","49.3","10.4","0.0","32.9","33.5","22.5","53.1","11.2","38.5","6.8","(X)","(X)","(X)","(X)","(X)","-888888888.0","87.3","7.8","21.4","5.2","(X)","(X)","(X)","(X)","(X)","-888888888.0","48.6","10.9","1.9","2.1","(X)","(X)","(X)","(X)","(X)","-888888888.0","(X)","-888888888.0","3.1","2.4","(X)","(X)","(X)","(X)","(X)","-888888888.0","(X)","-888888888.0","62.5","6.3","78.7","10.7","74.7","30.7","61.8","22.5","47.6","11.7","37.5","6.3","21.3","10.7","25.3","30.7","38.2","22.5","52.4","11.7","0.0","2.5","0.0","6.6","0.0","32.9","0.0","17.1","0.0","5.5","47.0","7.6","68.4","10.5","18.9","25.3","39.6","22.6","35.1","9.3","53.0","7.6","31.6","10.5","81.1","25.3","60.4","22.6","64.9","9.3",
"1400000US06111002800","Census Tract 28, Ventura County, California","2508","92","1083","154","99","64","256","113","1070","174","2.35","0.13","3.13","0.24","2.86","0.79","2.95","0.56","1.36","0.16","1438","178","1083","154","99","64","256","113","(X)","-888888888","3.03","0.18","3.11","0.23","2.61","0.62","2.82","0.44","(X)","-888888888","643","127","431","109","55","42","157","97","(X)","-888888888","21.6","10.3","26.5","12.6","45.5","41.7","0.0","22.2","(X)","-888888888.0","24.9","13.3","19.0","13.5","25.5","35.5","40.8","37.0","(X)","-888888888.0","53.5","14.9","54.5","16.3","29.1","40.2","59.2","37.0","(X)","(X)","2508","92","1083","154","99","64","256","113","1070","174","27.6","4.7","42.2","9.4","66.7","40.1","61.3","24.1","1.2","2.0","25.6","4.7","20.6","6.8","33.3","40.1","14.1","11.0","32.7","9.1","31.5","6.0","(X)","(X)","(X)","(X)","(X)","-888888888.0","73.8","10.8","10.8","3.4","(X)","(X)","(X)","(X)","(X)","-888888888.0","25.4","8.7","0.0","1.6","(X)","(X)","(X)","(X)","(X)","-888888888.0","(X)","-888888888.0","4.7","3.2","(X)","(X)","(X)","(X)","(X)","-888888888.0","(X)","-888888888.0","72.6","4.9","84.2","9.1","50.5","40.9","71.5","25.0","63.1","9.0","24.5","4.9","15.8","9.1","49.5","40.9","28.5","25.0","30.0","8.5","3.0","1.7","0.0","3.6","0.0","32.0","0.0","14.4","6.9","4.2","53.5","5.7","70.5","10.0","14.1","22.2","31.3","19.8","45.2","9.4","46.5","5.7","29.5","10.0","85.9","22.2","68.8","19.8","54.8","9.4",
"1400000US06111002901","Census Tract 29.01, Ventura County, California","1813","68","1330","120","37","38","215","94","231","105","3.15","0.22","3.49","0.21","2.78","0.69","2.66","0.55","1.71","0.33","1582","107","1330","120","37","38","215","94","(X)","-888888888","3.32","0.19","3.47","0.22","2.11","0.17","2.61","0.54","(X)","-888888888","691","111","618","106","20","25","53","53","(X)","-888888888","18.7","13.5","20.9","15.1","0.0","73.6","0.0","45.2","(X)","-888888888.0","29.2","16.2","32.7","18.0","0.0","73.6","0.0","45.2","(X)","-888888888.0","52.1","14.5","46.4","15.9","100.0","73.6","100.0","45.2","(X)","(X)","1813","68","1330","120","37","38","215","94","231","105","40.4","5.5","46.5","6.0","54.1","53.7","43.7","23.3","0.0","15.8","42.4","4.6","42.4","6.2","45.9","53.7","22.3","18.1","60.6","23.7","5.8","3.6","(X)","(X)","(X)","(X)","(X)","-888888888.0","45.5","23.6","3.9","3.4","(X)","(X)","(X)","(X)","(X)","-888888888.0","30.7","22.1","0.5","0.8","(X)","(X)","(X)","(X)","(X)","-888888888.0","(X)","-888888888.0","2.0","2.3","(X)","(X)","(X)","(X)","(X)","-888888888.0","(X)","-888888888.0","91.1","5.5","99.5","0.8","100.0","54.1","68.4","24.4","62.8","25.1","8.9","5.5","0.5","0.8","0.0","54.1","31.6","24.4","37.2","25.1","0.0","2.2","0.0","3.0","0.0","54.1","0.0","16.9","0.0","15.8","81.5","7.3","89.1","6.7","83.8","38.2","50.2","24.0","66.2","24.1","18.5","7.3","10.9","6.7","16.2","38.2","49.8","24.0","33.8","24.1",
"1400000US06111002905","Census Tract 29.05, Ventura County, California","1775","92","972","114","76","49","306","110","421","115","3.09","0.30","3.76","0.42","2.91","0.41","3.66","0.64","1.14","0.13","1354","119","972","114","76","49","306","110","(X)","-888888888","3.55","0.34","3.70","0.38","2.49","0.25","3.33","0.73","(X)","-888888888","559","116","392","89","23","27","144","84","(X)","-888888888","27.2","14.4","18.9","12.8","43.5","56.5","47.2","37.1","(X)","-888888888.0","8.9","8.7","12.8","12.1","0.0","68.6","0.0","23.9","(X)","-888888888.0","63.9","15.3","68.4","16.1","56.5","56.5","52.8","37.1","(X)","(X)","1775","92","972","114","76","49","306","110","421","115","42.8","5.7","47.6","6.9","44.7","29.7","82.7","13.3","2.4","3.8","42.1","5.7","43.0","6.5","27.6","28.5","21.2","13.7","57.7","14.6","22.0","5.9","(X)","(X)","(X)","(X)","(X)","-888888888.0","92.9","4.1","10.6","4.5","(X)","(X)","(X)","(X)","(X)","-888888888.0","44.7","14.5","0.0","2.2","(X)","(X)","(X)","(X)","(X)","-888888888.0","(X)","-888888888.0","6.2","4.3","(X)","(X)","(X)","(X)","(X)","-888888888.0","(X)","-888888888.0","82.7","4.0","92.2","4.7","86.8","21.3","68.0","18.0","70.8","10.9","17.3","4.0","7.8","4.7","13.2","21.3","32.0","18.0","29.2","10.9","0.0","2.2","0.0","4.0","0.0","37.7","0.0","12.2","0.0","9.1","71.5","6.1","82.7","7.7","86.8","21.3","33.0","17.9","70.8","10.9","28.5","6.1","17.3","7.7","13.2","21.3","67.0","17.9","29.2","10.9",
"1400000US06111003010","Census Tract 30.10, Ventura County, California","914","121","343","127","112","97","138","93","321","115","2.77","0.29","3.25","0.44","3.51","0.68","3.81","0.91","1.55","0.34","593","135","343","127","112","97","138","93","(X)","-888888888","3.20","0.32","3.22","0.44","2.93","0.79","3.39","0.97","(X)","-888888888","344","127","180","103","112","97","52","65","(X)","-888888888","54.4","22.2","38.3","33.1","73.2","33.9","69.2","59.4","(X)","-888888888.0","13.4","12.7","7.2","13.1","15.2","25.7","30.8","59.4","(X)","-888888888.0","32.3","22.1","54.4","33.0","11.6","20.4","0.0","45.6","(X)","(X)","914","121","343","127","112","97","138","93","321","115","46.1","9.6","52.5","16.0","100.0","29.2","60.1","31.2","14.3","14.4","18.2","9.5","19.2","14.5","9.8","17.3","33.3","32.7","13.4","13.1","23.0","9.5","(X)","(X)","(X)","(X)","(X)","-888888888.0","65.4","22.0","3.2","3.6","(X)","(X)","(X)","(X)","(X)","-888888888.0","9.0","10.5","0.0","4.3","(X)","(X)","(X)","(X)","(X)","-888888888.0","(X)","-888888888.0","21.7","9.9","(X)","(X)","(X)","(X)","(X)","-888888888.0","(X)","-888888888.0","70.6","12.7","59.2","21.8","100.0","29.2","88.4","19.3","64.8","21.6","26.5","11.5","32.9","19.0","0.0","29.2","11.6","19.3","35.2","21.6","3.0","4.2","7.9","11.2","0.0","29.2","0.0","24.8","0.0","11.7","60.0","13.3","43.7","18.0","88.4","20.4","81.9","25.5","57.9","22.2","40.0","13.3","56.3","18.0","11.6","20.4","18.1","25.5","42.1","22.2",
"1400000US06111003011","Census Tract 30.11, Ventura County, California","1630","63","726","145","101","85","338","113","465","146","3.23","0.32","4.28","0.55","3.14","1.17","3.71","0.77","1.26","0.23","1165","148","726","145","101","85","338","113","(X)","-888888888","3.88","0.38","4.18","0.52","2.96","1.12","3.50","0.61","(X)","-888888888","736","168","513","132","17","29","206","112","(X)","-888888888","14.8","11.3","5.1","8.0","0.0","79.8","40.3","31.2","(X)","-888888888.0","31.9","15.5","37.6","17.7","0.0","79.8","20.4","26.3","(X)","-888888888.0","53.3","13.6","57.3","17.1","100.0","79.8","39.3","26.6","(X)","(X)","1630","63","726","145","101","85","338","113","465","146","51.5","8.9","75.8","7.0","28.7","29.4","76.9","14.5","0.0","8.2","24.4","7.0","22.5","6.5","0.0","31.5","33.4","24.3","26.2","14.4","24.1","8.8","(X)","(X)","(X)","(X)","(X)","-888888888.0","84.5","13.9","6.2","3.5","(X)","(X)","(X)","(X)","(X)","-888888888.0","21.7","13.0","0.0","2.4","(X)","(X)","(X)","(X)","(X)","-888888888.0","(X)","-888888888.0","2.4","2.5","(X)","(X)","(X)","(X)","(X)","-888888888.0","(X)","-888888888.0","48.9","8.4","53.7","13.0","80.2","34.0","50.0","22.8","33.8","18.2","51.1","8.4","46.3","13.0","19.8","34.0","50.0","22.8","66.2","18.2","0.0","2.4","0.0","5.4","0.0","31.5","0.0","11.1","0.0","8.2","41.3","7.8","49.0","12.2","46.5","40.3","37.9","21.7","30.5","18.2","58.7","7.8","51.0","12.2","53.5","40.3","62.1","21.7","69.5","18.2",
"1400000US06111003012","Census Tract 30.12, Ventura County, California","100","56","32","30","0","132","0","132","68","52","2.02","0.90","4.19","0.96","-","**","-","-222222222.00","-","-222222222.00","32","30","32","30","0","132","0","132","(X)","-888888888","4.19","0.96","4.19","0.96","-","**","-","-222222222.00","(X)","-888888888","21","23","21","23","0","132","0","132","(X)","-888888888","0.0","71.8","0.0","71.8","-","**","-","-222222222.0","(X)","-888888888.0","0.0","71.8","0.0","71.8","-","**","-","-222222222.0","(X)","-888888888.0","100.0","71.8","100.0","71.8","-","**","-","-222222222.0","(X)","(X)","100","56","32","30","0","132","0","132","68","52","21.0","22.1","65.6","49.2","-","**","-","**","0.0","39.9","42.0","33.6","68.8","48.1","-","-222222222.0","-","-222222222.0","29.4","42.3","68.0","27.0","(X)","(X)","(X)","(X)","(X)","-888888888.0","100.0","39.9","20.0","28.0","(X)","(X)","(X)","(X)","(X)","-888888888.0","29.4","42.3","0.0","31.7","(X)","(X)","(X)","(X)","(X)","-888888888.0","(X)","-888888888.0","0.0","31.7","(X)","(X)","(X)","(X)","(X)","-888888888.0","(X)","-888888888.0","0.0","31.7","0.0","58.2","-","**","-","-222222222.0","0.0","39.9","29.0","39.0","0.0","58.2","-","**","-","-222222222.0","42.6","52.7","71.0","39.0","100.0","58.2","-","**","-","-222222222.0","57.4","52.7","61.0","37.0","68.8","48.1","-","**","-","-222222222.0","57.4","52.7","39.0","37.0","31.3","48.1","-","**","-","-222222222.0","42.6","52.7",
"1400000US06111003013","Census Tract 30.13, Ventura County, California","1653","95","964","164","79","57","125","68","485","145","2.95","0.26","3.62","0.35","3.20","1.01","3.42","0.81","1.46","0.19","1168","157","964","164","79","57","125","68","(X)","-888888888","3.50","0.31","3.62","0.35","2.99","0.71","2.94","0.80","(X)","-888888888","630","145","537","152","33","32","60","56","(X)","-888888888","14.1","11.1","16.6","12.8","0.0","57.3","0.0","42.5","(X)","-888888888.0","3.8","6.4","4.5","7.6","0.0","57.3","0.0","42.5","(X)","-888888888.0","82.1","12.7","79.0","14.7","100.0","57.3","100.0","42.5","(X)","(X)","1653","95","964","164","79","57","125","68","485","145","41.4","9.0","57.1","12.4","41.8","43.2","80.8","20.3","0.0","7.9","26.8","6.4","23.5","8.9","0.0","36.9","32.8","27.9","36.1","16.9","17.8","6.6","(X)","(X)","(X)","(X)","(X)","-888888888.0","60.8","16.5","4.9","3.6","(X)","(X)","(X)","(X)","(X)","-888888888.0","16.7","11.8","0.4","0.8","(X)","(X)","(X)","(X)","(X)","-888888888.0","(X)","-888888888.0","6.5","4.6","(X)","(X)","(X)","(X)","(X)","-888888888.0","(X)","-888888888.0","41.3","7.4","53.3","10.5","41.8","43.2","42.4","28.3","17.1","12.4","50.8","6.3","42.3","10.5","58.2","43.2","48.8","30.3","67.0","17.0","7.9","3.9","4.4","3.3","0.0","36.9","8.8","13.1","15.9","12.3","43.0","6.4","54.3","11.0","41.8","43.2","40.0","23.8","21.4","14.6","57.0","6.4","45.7","11.0","58.2","43.2","60.0","23.8","78.6","14.6",
"1400000US06111003100","Census Tract 31, Ventura County, California","3787","113","2399","271","359","168","529","168","500","145","4.35","0.25","4.49","0.22","6.90","1.98","4.25","0.56","1.97","0.47","3287","170","2399","271","359","168","529","168","(X)","-888888888","4.52","0.27","4.46","0.21","5.60","2.23","4.03","0.55","(X)","-888888888","1876","211","1476","271","162","126","238","129","(X)","-888888888","15.6","7.2","8.9","4.7","72.2","31.3","18.1","18.9","(X)","-888888888.0","30.9","8.3","31.2","9.5","7.4","13.0","45.4","29.5","(X)","-888888888.0","53.5","10.1","59.9","10.9","20.4","26.8","36.6","25.0","(X)","(X)","3787","113","2399","271","359","168","529","168","500","145","56.9","4.6","65.4","7.3","72.1","22.4","61.6","21.5","0.0","7.7","30.4","4.5","24.1","4.9","25.9","18.6","40.5","20.3","52.8","18.8","7.0","3.3","(X)","(X)","(X)","(X)","(X)","-888888888.0","52.8","21.1","4.3","2.8","(X)","(X)","(X)","(X)","(X)","-888888888.0","32.8","17.1","1.0","1.2","(X)","(X)","(X)","(X)","(X)","-888888888.0","(X)","-888888888.0","6.7","4.1","(X)","(X)","(X)","(X)","(X)","-888888888.0","(X)","-888888888.0","96.4","2.2","98.0","2.0","100.0","10.5","97.7","3.7","85.0","12.6","3.6","2.2","2.0","2.0","0.0","10.5","2.3","3.7","15.0","12.6","0.0","1.0","0.0","1.7","0.0","10.5","0.0","7.3","0.0","7.7","77.2","5.4","88.2","5.2","52.6","26.3","57.3","18.6","62.8","17.4","22.8","5.4","11.8","5.2","47.4","26.3","42.7","18.6","37.2","17.4",
"1400000US06111003201","Census Tract 32.01, Ventura County, California","820","67","468","90","48","48","181","86","123","61","4.17","0.71","4.67","0.59","3.42","0.68","3.26","0.54","3.93","4.33","697","82","468","90","48","48","181","86","(X)","-888888888","4.18","0.43","4.64","0.58","3.42","0.68","3.20","0.54","(X)","-888888888","400","78","315","74","27","41","58","51","(X)","-888888888","11.3","11.5","6.7","8.0","0.0","63.3","41.4","47.7","(X)","-888888888.0","40.0","22.6","50.8","25.4","0.0","63.3","0.0","43.2","(X)","-888888888.0","48.8","21.7","42.5","25.2","100.0","63.3","58.6","47.7","(X)","(X)","820","67","468","90","48","48","181","86","123","61","55.0","8.8","73.7","11.5","56.3","54.2","43.6","24.9","0.0","27.2","30.7","8.5","25.6","10.5","43.8","54.2","39.8","24.6","31.7","33.7","9.3","7.5","(X)","(X)","(X)","(X)","(X)","-888888888.0","61.8","38.8","3.4","5.5","(X)","(X)","(X)","(X)","(X)","-888888888.0","22.8","34.0","0.0","4.8","(X)","(X)","(X)","(X)","(X)","-888888888.0","(X)","-888888888.0","2.7","4.2","(X)","(X)","(X)","(X)","(X)","-888888888.0","(X)","-888888888.0","75.0","10.6","68.4","16.0","100.0","47.5","86.7","19.6","73.2","31.2","25.0","10.6","31.6","16.0","0.0","47.5","13.3","19.6","26.8","31.2","0.0","4.8","0.0","8.2","0.0","47.5","0.0","19.7","0.0","27.2","38.8","9.9","33.3","12.6","43.8","54.2","48.6","26.3","43.1","44.0","61.2","9.9","66.7","12.6","56.3","54.2","51.4","26.3","56.9","44.0",
"1400000US06111003300","Census Tract 33, Ventura County, California","2207","131","1150","187","192","111","443","147","422","126","3.40","0.32","4.03","0.47","4.76","1.61","3.27","0.36","1.20","0.19","1785","167","1150","187","192","111","443","147","(X)","-888888888","3.83","0.37","3.98","0.47","4.57","1.65","3.12","0.39","(X)","-888888888","1015","179","666","170","40","46","309","132","(X)","-888888888","31.7","11.6","25.8","15.6","0.0","52.0","48.5","20.3","(X)","-888888888.0","23.6","9.2","30.0","12.7","100.0","52.0","0.0","12.1","(X)","-888888888.0","44.6","11.4","44.1","13.9","0.0","52.0","51.5","20.3","(X)","(X)","2207","131","1150","187","192","111","443","147","422","126","52.3","7.3","63.8","9.7","57.8","33.8","69.8","17.4","0.0","9.0","32.9","6.5","24.4","8.3","19.8","26.3","35.2","17.3","59.5","15.7","15.6","5.2","(X)","(X)","(X)","(X)","(X)","-888888888.0","81.8","16.9","8.4","3.6","(X)","(X)","(X)","(X)","(X)","-888888888.0","43.8","16.2","0.7","1.1","(X)","(X)","(X)","(X)","(X)","-888888888.0","(X)","-888888888.0","3.2","2.7","(X)","(X)","(X)","(X)","(X)","-888888888.0","(X)","-888888888.0","67.5","6.3","83.7","8.0","35.9","30.8","32.7","14.2","74.2","14.5","32.5","6.3","16.3","8.0","64.1","30.8","67.3","14.2","25.8","14.5","0.0","1.8","0.0","3.4","0.0","18.7","0.0","8.6","0.0","9.0","56.1","6.5","67.6","10.7","19.8","26.3","30.0","14.9","69.0","14.2","43.9","6.5","32.4","10.7","80.2","26.3","70.0","14.9","31.0","14.2",
"1400000US06111003605","Census Tract 36.05, Ventura County, California","2863","161","1377","220","203","113","425","144","858","197","3.28","0.35","4.19","0.64","3.07","0.56","4.41","0.86","1.30","0.14","2005","197","1377","220","203","113","425","144","(X)","-888888888","3.87","0.39","3.98","0.52","2.50","0.30","4.17","0.95","(X)","-888888888","1057","182","737","196","42","32","278","129","(X)","-888888888","11.1","6.8","7.1","7.2","0.0","50.8","23.4","22.0","(X)","-888888888.0","29.7","11.8","30.5","14.8","0.0","50.8","32.0","24.9","(X)","-888888888.0","59.2","11.9","62.4","15.5","100.0","50.8","44.6","24.4","(X)","(X)","2863","161","1377","220","203","113","425","144","858","197","39.9","6.3","54.5","10.4","20.7","18.1","78.4","17.4","1.9","3.0","29.5","6.2","25.1","9.1","13.3","16.7","44.7","22.6","32.9","10.6","24.0","5.7","(X)","(X)","(X)","(X)","(X)","-888888888.0","80.2","8.4","4.7","2.6","(X)","(X)","(X)","(X)","(X)","-888888888.0","15.6","8.6","1.0","1.2","(X)","(X)","(X)","(X)","(X)","-888888888.0","(X)","-888888888.0","5.1","3.0","(X)","(X)","(X)","(X)","(X)","-888888888.0","(X)","-888888888.0","74.9","6.0","90.8","5.1","62.6","30.7","68.2","20.3","55.6","12.5","25.1","6.0","9.2","5.1","37.4","30.7","31.8","20.3","44.4","12.5","0.0","1.4","0.0","2.9","0.0","17.8","0.0","9.0","0.0","4.6","58.6","7.0","63.1","9.5","62.6","30.7","56.9","22.5","51.3","12.7","41.4","7.0","36.9","9.5","37.4","30.7","43.1","22.5","48.7","12.7",
"1400000US06111003608","Census Tract 36.08, Ventura County, California","1088","38","741","98","132","63","112","58","103","52","4.00","0.38","4.24","0.47","3.61","0.89","5.00","1.33","1.72","0.57","985","66","741","98","132","63","112","58","(X)","-888888888","4.11","0.35","4.15","0.42","3.55","0.89","4.50","1.14","(X)","-888888888","505","91","428","91","18","20","59","42","(X)","-888888888","25.0","12.1","25.5","13.5","0.0","77.5","28.8","38.9","(X)","-888888888.0","23.4","13.3","25.7","15.0","44.4","55.6","0.0","42.8","(X)","-888888888.0","51.7","15.0","48.8","17.1","55.6","55.6","71.2","38.9","(X)","(X)","1088","38","741","98","132","63","112","58","103","52","56.8","7.8","63.7","8.4","34.8","22.5","62.5","25.4","29.1","29.2","29.2","6.8","18.5","6.1","46.2","28.8","84.8","22.4","24.3","27.7","5.8","3.8","(X)","(X)","(X)","(X)","(X)","-888888888.0","61.2","29.0","1.4","1.6","(X)","(X)","(X)","(X)","(X)","-888888888.0","14.6","18.8","0.9","1.6","(X)","(X)","(X)","(X)","(X)","-888888888.0","(X)","-888888888.0","6.3","5.2","(X)","(X)","(X)","(X)","(X)","-888888888.0","(X)","-888888888.0","80.1","4.9","83.9","6.2","75.8","21.5","84.8","22.4","53.4","30.8","19.9","4.9","16.1","6.2","24.2","21.5","15.2","22.4","46.6","30.8","0.0","3.6","0.0","5.3","0.0","25.7","0.0","29.2","0.0","31.1","66.6","8.3","72.1","10.5","53.8","28.4","84.8","22.4","24.3","27.7","33.4","8.3","27.9","10.5","46.2","28.4","15.2","22.4","75.7","27.7",
"1400000US06111003609","Census Tract 36.09, Ventura County, California","2911","210","1219","187","69","55","264","141","1359","213","1.98","0.09","2.45","0.13","2.36","0.37","2.56","0.31","1.42","0.10","1552","217","1219","187","69","55","264","141","(X)","-888888888","2.46","0.10","2.45","0.13","2.20","0.27","2.56","0.31","(X)","-888888888","292","86","232","84","46","44","14","22","(X)","-888888888","30.1","19.8","37.9","24.6","0.0","48.5","0.0","87.9","(X)","-888888888.0","19.9","14.0","19.0","17.6","0.0","48.5","100.0","87.9","(X)","-888888888.0","50.0","19.8","43.1","25.1","100.0","48.5","0.0","87.9","(X)","(X)","2911","210","1219","187","69","55","264","141","1359","213","11.4","3.0","20.9","6.3","66.7","43.8","11.4","14.7","0.0","2.9","51.8","5.7","57.0","8.1","33.3","43.8","84.1","14.5","41.7","8.5","30.0","5.8","(X)","(X)","(X)","(X)","(X)","-888888888.0","64.3","8.8","11.5","4.1","(X)","(X)","(X)","(X)","(X)","-888888888.0","24.7","8.1","0.8","0.9","(X)","(X)","(X)","(X)","(X)","-888888888.0","(X)","-888888888.0","9.7","3.9","(X)","(X)","(X)","(X)","(X)","-888888888.0","(X)","-888888888.0","67.3","6.5","77.9","6.7","100.0","39.6","49.2","28.4","59.5","10.3","23.5","6.1","14.8","6.0","0.0","39.6","45.5","24.9","28.3","10.0","9.2","2.3","7.2","4.2","0.0","39.6","5.3","10.5","12.2","5.2","62.1","5.9","75.6","10.2","100.0","39.6","28.4","24.7","54.6","9.4","37.9","5.9","24.4","10.2","0.0","39.6","71.6","24.7","45.4","9.4",
"1400000US06111003612","Census Tract 36.12, Ventura County, California","2033","159","794","138","195","99","105","63","939","208","2.15","0.19","2.92","0.30","2.69","0.46","2.54","0.35","1.34","0.17","1094","167","794","138","195","99","105","63","(X)","-888888888","2.78","0.23","2.92","0.30","2.45","0.32","2.36","0.28","(X)","-888888888","381","137","242","73","89","93","50","50","(X)","-888888888","25.7","19.3","15.3","17.0","50.6","50.6","32.0","43.8","(X)","-888888888.0","11.8","13.5","18.6","20.4","0.0","34.3","0.0","46.5","(X)","-888888888.0","62.5","20.6","66.1","22.2","49.4","50.6","68.0","43.8","(X)","(X)","2033","159","794","138","195","99","105","63","939","208","20.3","6.5","32.2","8.7","45.6","39.3","63.8","31.8","0.0","4.2","26.8","5.8","33.5","10.3","6.7","11.2","23.8","25.3","25.7","9.6","32.8","8.2","(X)","(X)","(X)","(X)","(X)","-888888888.0","70.9","14.4","6.6","3.6","(X)","(X)","(X)","(X)","(X)","-888888888.0","14.3","7.8","0.4","0.8","(X)","(X)","(X)","(X)","(X)","-888888888.0","(X)","-888888888.0","10.5","6.8","(X)","(X)","(X)","(X)","(X)","-888888888.0","(X)","-888888888.0","61.3","7.3","78.6","11.5","63.6","28.1","57.1","34.1","46.6","11.8","37.8","7.4","21.4","11.5","36.4","28.1","42.9","34.1","51.4","12.2","0.9","1.5","0.0","4.9","0.0","18.4","0.0","30.6","1.9","3.2","41.4","7.1","71.3","13.6","0.0","18.4","29.5","30.0","26.1","10.5","58.6","7.1","28.7","13.6","100.0","18.4","70.5","30.0","73.9","10.5",
"1400000US06111003700","Census Tract 37, Ventura County, California","1305","99","930","115","123","69","119","66","133","70","4.69","0.47","5.14","0.54","5.26","1.43","4.61","1.02","1.06","0.11","1172","91","930","115","123","69","119","66","(X)","-888888888","4.68","0.42","4.83","0.50","3.95","1.12","4.24","0.93","(X)","-888888888","505","103","399","96","44","48","62","49","(X)","-888888888","13.5","9.5","10.0","9.0","63.6","52.0","0.0","41.8","(X)","-888888888.0","23.0","14.4","23.6","17.1","0.0","49.6","35.5","45.2","(X)","-888888888.0","63.6","16.2","66.4","19.3","36.4","52.0","64.5","45.2","(X)","(X)","1305","99","930","115","123","69","119","66","133","70","55.6","7.6","61.5","9.5","52.8","29.6","73.9","22.1","0.0","25.5","45.5","8.2","39.8","9.5","69.1","31.8","48.7","28.0","60.9","28.1","9.6","5.2","(X)","(X)","(X)","(X)","(X)","-888888888.0","94.0","12.0","4.1","3.6","(X)","(X)","(X)","(X)","(X)","-888888888.0","39.8","31.7","0.8","1.5","(X)","(X)","(X)","(X)","(X)","-888888888.0","(X)","-888888888.0","5.1","4.8","(X)","(X)","(X)","(X)","(X)","-888888888.0","(X)","-888888888.0","96.2","2.6","98.2","2.2","100.0","27.2","86.6","17.5","87.2","13.5","3.8","2.6","1.8","2.2","0.0","27.2","13.4","17.5","12.8","13.5","0.0","3.0","0.0","4.2","0.0","27.2","0.0","27.9","0.0","25.5","75.4","8.1","79.6","9.2","73.2","28.1","54.6","28.5","66.9","28.5","24.6","8.1","20.4","9.2","26.8","28.1","45.4","28.5","33.1","28.5",
"1400000US06111003801","Census Tract 38.01, Ventura County, California","1090","111","748","126","68","51","138","84","136","74","4.07","0.43","4.60","0.52","4.88","1.73","3.70","1.14","1.13","0.24","954","124","748","126","68","51","138","84","(X)","-888888888","4.30","0.44","4.60","0.52","2.87","1.07","3.38","0.87","(X)","-888888888","466","137","383","128","36","44","47","49","(X)","-888888888","15.9","12.2","9.9","11.1","100.0","54.8","0.0","48.0","(X)","-888888888.0","26.2","16.6","29.0","19.5","0.0","54.8","23.4","41.4","(X)","-888888888.0","57.9","19.2","61.1","21.1","0.0","54.8","76.6","41.4","(X)","(X)","1090","111","748","126","68","51","138","84","136","74","49.6","10.8","57.0","13.5","52.9","39.7","57.2","28.4","0.0","25.1","33.1","9.2","28.1","11.8","20.6","29.4","58.7","27.0","41.2","27.3","11.9","6.7","(X)","(X)","(X)","(X)","(X)","-888888888.0","95.6","8.5","3.2","2.9","(X)","(X)","(X)","(X)","(X)","-888888888.0","25.7","22.8","0.0","3.6","(X)","(X)","(X)","(X)","(X)","-888888888.0","(X)","-888888888.0","0.0","3.6","(X)","(X)","(X)","(X)","(X)","-888888888.0","(X)","-888888888.0","78.2","8.9","76.5","10.8","100.0","39.9","55.1","29.3","100.0","25.1","21.8","8.9","23.5","10.8","0.0","39.9","44.9","29.3","0.0","25.1","0.0","3.6","0.0","5.2","0.0","39.9","0.0","24.8","0.0","25.1","45.0","9.7","45.5","12.7","33.8","36.3","36.2","25.1","57.4","30.1","55.0","9.7","54.5","12.7","66.2","36.3","63.8","25.1","42.6","30.1",
"1400000US06111003802","Census Tract 38.02, Ventura County, California","599","37","426","76","34","38","71","58","68","62","4.54","0.70","5.12","0.90","3.56","0.25","4.20","1.22","1.78","0.64","531","66","426","76","34","38","71","58","(X)","-888888888","4.78","0.78","5.05","0.88","3.56","0.25","3.70","0.89","(X)","-888888888","308","66","245","78","0","132","63","57","(X)","-888888888","25.0","21.2","31.4","24.8","-","**","0.0","41.5","(X)","-888888888.0","28.2","16.9","9.8","16.9","-","**","100.0","41.5","(X)","-888888888.0","46.8","19.3","58.8","26.6","-","**","0.0","41.5","(X)","(X)","599","37","426","76","34","38","71","58","68","62","57.6","8.4","64.3","11.0","0.0","56.4","100.0","39.0","0.0","39.9","26.5","11.1","30.3","14.7","0.0","56.4","0.0","39.0","44.1","46.7","5.0","5.2","(X)","(X)","(X)","(X)","(X)","-888888888.0","44.1","46.7","5.0","5.2","(X)","(X)","(X)","(X)","(X)","-888888888.0","44.1","46.7","0.0","6.5","(X)","(X)","(X)","(X)","(X)","-888888888.0","(X)","-888888888.0","1.3","2.6","(X)","(X)","(X)","(X)","(X)","-888888888.0","(X)","-888888888.0","64.1","12.3","74.6","14.3","0.0","56.4","50.7","42.2","44.1","46.7","35.9","12.3","25.4","14.3","100.0","56.4","49.3","42.2","55.9","46.7","0.0","6.5","0.0","9.0","0.0","56.4","0.0","39.0","0.0","39.9","37.6","12.7","43.9","15.8","0.0","56.4","11.3","22.9","44.1","46.7","62.4","12.7","56.1","15.8","100.0","56.4","88.7","22.9","55.9","46.7",
"1400000US06111003900","Census Tract 39, Ventura County, California","1624","107","896","159","158","85","256","98","314","98","4.04","0.36","4.72","0.50","4.30","0.89","4.63","0.58","1.49","0.45","1310","126","896","159","158","85","256","98","(X)","-888888888","4.62","0.36","4.72","0.50","4.15","0.78","4.54","0.55","(X)","-888888888","921","145","736","158","41","44","144","82","(X)","-888888888","14.8","8.5","15.4","9.6","0.0","51.4","16.0","24.7","(X)","-888888888.0","37.5","11.6","35.6","12.4","0.0","51.4","57.6","32.2","(X)","-888888888.0","47.8","11.6","49.0","13.0","100.0","51.4","26.4","27.1","(X)","(X)","1624","107","896","159","158","85","256","98","314","98","64.9","7.9","85.9","6.9","44.3","37.2","78.5","16.0","4.1","6.7","21.0","5.6","12.2","6.9","24.1","28.1","16.4","13.3","48.4","22.8","15.9","5.8","(X)","(X)","(X)","(X)","(X)","-888888888.0","82.2","16.2","4.5","2.5","(X)","(X)","(X)","(X)","(X)","-888888888.0","23.2","13.1","0.0","2.4","(X)","(X)","(X)","(X)","(X)","-888888888.0","(X)","-888888888.0","1.5","2.4","(X)","(X)","(X)","(X)","(X)","-888888888.0","(X)","-888888888.0","78.0","6.8","89.1","8.2","100.0","22.1","70.7","20.3","41.1","17.4","21.3","6.8","10.9","8.2","0.0","22.1","24.6","19.3","58.9","17.4","0.7","1.1","0.0","4.4","0.0","22.1","4.7","6.7","0.0","11.9","49.8","7.1","57.3","10.2","49.4","25.2","33.6","18.3","41.7","16.8","50.2","7.1","42.7","10.2","50.6","25.2","66.4","18.3","58.3","16.8",
"1400000US06111004000","Census Tract 40, Ventura County, California","1440","76","900","140","148","93","117","66","275","99","4.29","0.38","4.83","0.56","5.98","2.26","5.11","1.10","1.24","0.20","1165","108","900","140","148","93","117","66","(X)","-888888888","4.59","0.44","4.54","0.52","4.93","1.76","4.56","0.94","(X)","-888888888","571","108","484","112","41","52","46","37","(X)","-888888888","33.1","15.1","28.7","15.9","100.0","51.4","19.6","32.3","(X)","-888888888.0","36.8","14.5","37.6","16.8","0.0","51.4","60.9","37.9","(X)","-888888888.0","30.1","15.1","33.7","15.7","0.0","51.4","19.6","31.2","(X)","(X)","1440","76","900","140","148","93","117","66","275","99","50.1","7.6","61.7","10.0","55.4","36.5","71.8","21.4","0.0","13.5","44.2","7.8","34.4","8.9","46.6","32.8","47.0","22.2","73.8","22.1","16.5","6.9","(X)","(X)","(X)","(X)","(X)","-888888888.0","86.5","12.1","8.7","4.9","(X)","(X)","(X)","(X)","(X)","-888888888.0","45.5","20.9","0.0","2.7","(X)","(X)","(X)","(X)","(X)","-888888888.0","(X)","-888888888.0","3.8","3.9","(X)","(X)","(X)","(X)","(X)","-888888888.0","(X)","-888888888.0","70.8","6.7","78.7","9.1","88.5","18.0","71.8","21.4","35.3","19.4","11.7","5.4","11.4","7.9","0.0","23.4","0.0","28.2","24.0","18.3","17.4","5.0","9.9","5.0","11.5","18.0","28.2","21.4","40.7","20.5","69.2","7.2","72.3","8.7","74.3","33.6","72.6","21.0","54.9","22.6","30.8","7.2","27.7","8.7","25.7","33.6","27.4","21.0","45.1","22.6",
"1400000US06111004101","Census Tract 41.01, Ventura County, California","1350","83","785","130","111","74","291","110","163","91","4.82","0.35","4.97","0.51","6.19","0.78","5.66","0.82","1.63","0.73","1187","112","785","130","111","74","291","110","(X)","-888888888","4.78","0.39","4.64","0.51","5.91","0.67","4.71","1.06","(X)","-888888888","595","120","376","110","10","16","209","97","(X)","-888888888","25.0","14.2","14.6","14.0","0.0","100.0","45.0","29.5","(X)","-888888888.0","23.2","12.4","29.5","14.6","0.0","100.0","12.9","19.4","(X)","-888888888.0","51.8","14.5","55.9","17.2","100.0","100.0","42.1","28.7","(X)","(X)","1350","83","785","130","111","74","291","110","163","91","61.5","7.8","64.2","9.0","61.3","36.0","88.7","10.6","0.0","21.5","31.1","7.4","30.6","9.4","47.7","34.1","21.0","17.7","40.5","27.1","8.7","5.6","(X)","(X)","(X)","(X)","(X)","-888888888.0","72.4","28.5","3.4","2.3","(X)","(X)","(X)","(X)","(X)","-888888888.0","28.2","21.9","0.6","0.8","(X)","(X)","(X)","(X)","(X)","-888888888.0","(X)","-888888888.0","7.6","6.0","(X)","(X)","(X)","(X)","(X)","-888888888.0","(X)","-888888888.0","75.0","7.1","80.6","9.2","100.0","29.4","72.2","21.9","36.2","26.2","25.0","7.1","19.4","9.2","0.0","29.4","27.8","21.9","63.8","26.2","0.0","2.9","0.0","5.0","0.0","29.4","0.0","12.8","0.0","21.5","56.5","8.1","68.5","11.3","58.6","33.1","36.8","21.3","32.5","24.3","43.5","8.1","31.5","11.3","41.4","33.1","63.2","21.3","67.5","24.3",
"1400000US06111004200","Census Tract 42, Ventura County, California","1266","88","696","113","100","60","190","72","280","101","4.08","0.33","4.69","0.54","5.24","1.79","4.31","0.82","1.99","0.47","986","106","696","113","100","60","190","72","(X)","-888888888","4.43","0.31","4.47","0.46","4.97","1.76","3.99","0.64","(X)","-888888888","503","100","406","101","27","40","70","46","(X)","-888888888","17.5","10.9","21.7","13.7","0.0","63.3","0.0","39.3","(X)","-888888888.0","12.5","9.5","14.0","11.1","0.0","63.3","8.6","19.4","(X)","-888888888.0","70.0","13.1","64.3","15.8","100.0","63.3","91.4","19.4","(X)","(X)","1266","88","696","113","100","60","190","72","280","101","52.2","7.7","69.4","9.1","61.0","34.6","53.7","20.5","5.4","8.2","44.8","6.4","30.9","7.9","47.0","38.2","70.0","21.0","61.4","17.1","11.1","4.5","(X)","(X)","(X)","(X)","(X)","-888888888.0","50.4","20.8","6.7","3.4","(X)","(X)","(X)","(X)","(X)","-888888888.0","30.4","15.2","4.3","3.8","(X)","(X)","(X)","(X)","(X)","-888888888.0","(X)","-888888888.0","6.6","5.3","(X)","(X)","(X)","(X)","(X)","-888888888.0","(X)","-888888888.0","99.6","0.8","99.3","1.4","100.0","31.7","100.0","18.9","100.0","13.3","0.4","0.8","0.7","1.4","0.0","31.7","0.0","18.9","0.0","13.3","0.0","3.1","0.0","5.6","0.0","31.7","0.0","18.9","0.0","13.3","84.0","5.6","84.3","9.1","100.0","31.7","70.5","20.8","86.8","13.7","16.0","5.6","15.7","9.1","0.0","31.7","29.5","20.8","13.2","13.7",
"1400000US06111004304","Census Tract 43.04, Ventura County, California","2500","180","971","156","55","47","463","131","1011","207","2.38","0.18","3.12","0.31","2.56","0.71","3.39","0.49","1.20","0.10","1489","165","971","156","55","47","463","131","(X)","-888888888","3.12","0.26","3.10","0.31","2.36","0.69","3.25","0.48","(X)","-888888888","793","133","417","101","39","37","337","117","(X)","-888888888","21.3","14.1","29.5","22.2","71.8","42.9","5.3","8.9","(X)","-888888888.0","33.9","11.4","25.7","16.9","0.0","52.7","48.1","20.4","(X)","-888888888.0","44.8","14.3","44.8","24.7","28.2","42.9","46.6","21.7","(X)","(X)","2500","180","971","156","55","47","463","131","1011","207","32.9","5.3","45.9","10.4","70.9","43.0","72.8","12.4","0.0","3.9","45.8","5.1","30.7","10.5","29.1","43.0","23.8","14.2","71.4","7.6","33.4","6.6","(X)","(X)","(X)","(X)","(X)","-888888888.0","82.5","8.9","22.8","5.0","(X)","(X)","(X)","(X)","(X)","-888888888.0","56.5","9.7","0.8","1.3","(X)","(X)","(X)","(X)","(X)","-888888888.0","(X)","-888888888.0","4.3","2.4","(X)","(X)","(X)","(X)","(X)","-888888888.0","(X)","-888888888.0","67.1","6.5","72.2","11.5","76.4","33.6","48.4","17.0","70.2","8.1","32.9","6.5","27.8","11.5","23.6","33.6","51.6","17.0","29.8","8.1","0.0","1.6","0.0","4.0","0.0","44.4","0.0","8.3","0.0","3.9","58.6","7.6","55.6","13.8","29.1","43.0","30.0","12.8","76.3","9.2","41.4","7.6","44.4","13.8","70.9","43.0","70.0","12.8","23.7","9.2",
"1400000US06111004305","Census Tract 43.05, Ventura County, California","608","75","519","90","9","15","43","28","37","46","3.55","0.24","3.67","0.25","4.00","1.22","4.26","0.89","-","-222222222.00","571","83","519","90","9","15","43","28","(X)","-888888888","3.72","0.24","3.67","0.25","4.00","1.22","4.26","0.89","(X)","-888888888","460","81","420","86","9","15","31","30","(X)","-888888888","42.4","12.9","41.0","14.6","0.0","100.0","74.2","40.1","(X)","-888888888.0","28.9","13.9","27.6","14.8","100.0","100.0","25.8","40.1","(X)","-888888888.0","28.7","14.4","31.4","15.4","0.0","100.0","0.0","59.1","(X)","(X)","608","75","519","90","9","15","43","28","37","46","75.7","9.9","80.9","10.8","100.0","100.0","72.1","35.9","0.0","54.1","2.5","2.2","0.6","2.0","0.0","100.0","27.9","35.9","0.0","54.1","6.1","7.5","(X)","(X)","(X)","(X)","(X)","-888888888.0","100.0","54.1","0.0","6.4","(X)","(X)","(X)","(X)","(X)","-888888888.0","0.0","54.1","0.0","6.4","(X)","(X)","(X)","(X)","(X)","-888888888.0","(X)","-888888888.0","0.0","6.4","(X)","(X)","(X)","(X)","(X)","-888888888.0","(X)","-888888888.0","58.2","10.7","60.7","11.4","100.0","100.0","55.8","46.5","16.2","50.2","40.3","10.7","37.6","11.3","0.0","100.0","44.2","46.5","83.8","50.2","1.5","2.4","1.7","2.8","0.0","100.0","0.0","50.2","0.0","54.1","2.8","3.1","3.3","3.6","0.0","100.0","0.0","50.2","0.0","54.1","97.2","3.1","96.7","3.6","100.0","100.0","100.0","50.2","100.0","54.1",
"1400000US06111004400","Census Tract 44, Ventura County, California","2695","193","942","184","280","141","417","146","1056","252","2.62","0.25","3.52","0.49","3.94","0.75","3.24","0.36","1.22","0.13","1639","184","942","184","280","141","417","146","(X)","-888888888","3.35","0.31","3.52","0.49","3.24","0.59","3.05","0.39","(X)","-888888888","767","195","396","134","192","133","179","96","(X)","-888888888","13.2","8.9","19.4","13.9","0.0","18.7","13.4","17.6","(X)","-888888888.0","33.2","13.2","20.7","17.4","69.8","34.7","21.8","27.4","(X)","-888888888.0","53.6","13.2","59.8","18.8","30.2","34.7","64.8","28.9","(X)","(X)","2695","193","942","184","280","141","417","146","1056","252","32.8","7.9","43.3","11.4","86.1","20.9","50.8","19.9","2.1","3.4","33.2","7.2","33.8","10.0","22.5","20.1","13.7","15.2","43.3","12.1","32.9","7.3","(X)","(X)","(X)","(X)","(X)","-888888888.0","84.0","8.0","6.1","3.0","(X)","(X)","(X)","(X)","(X)","-888888888.0","15.6","7.5","1.2","1.2","(X)","(X)","(X)","(X)","(X)","-888888888.0","(X)","-888888888.0","8.5","5.3","(X)","(X)","(X)","(X)","(X)","-888888888.0","(X)","-888888888.0","46.8","7.5","71.3","11.2","34.6","27.4","38.8","14.1","31.2","13.8","53.2","7.5","28.7","11.2","65.4","27.4","61.2","14.1","68.8","13.8","0.0","1.5","0.0","4.2","0.0","13.3","0.0","9.1","0.0","3.7","38.8","6.8","63.2","11.8","23.9","23.5","27.8","18.8","25.5","8.8","61.2","6.8","36.8","11.8","76.1","23.5","72.2","18.8","74.5","8.8",
"1400000US06111004503","Census Tract 45.03, Ventura County, California","1016","102","569","116","113","87","204","98","130","81","4.15","0.43","4.83","0.54","4.58","1.50","3.93","0.90","1.16","0.18","886","129","569","116","113","87","204","98","(X)","-888888888","4.26","0.44","4.64","0.51","3.26","1.67","3.78","0.95","(X)","-888888888","621","124","376","95","72","66","173","92","(X)","-888888888","10.6","8.6","0.0","10.1","31.9","47.7","24.9","26.3","(X)","-888888888.0","29.6","10.6","41.2","16.1","26.4","40.1","5.8","14.2","(X)","-888888888.0","59.7","13.0","58.8","16.1","41.7","49.4","69.4","27.1","(X)","(X)","1016","102","569","116","113","87","204","98","130","81","61.9","10.1","67.5","14.0","63.7","45.7","84.8","14.7","0.0","26.0","17.9","6.4","17.6","8.2","0.0","29.0","8.3","11.3","50.0","32.6","11.0","7.5","(X)","(X)","(X)","(X)","(X)","-888888888.0","86.2","16.1","4.8","5.2","(X)","(X)","(X)","(X)","(X)","-888888888.0","37.7","31.6","0.5","1.1","(X)","(X)","(X)","(X)","(X)","-888888888.0","(X)","-888888888.0","15.3","9.0","(X)","(X)","(X)","(X)","(X)","-888888888.0","(X)","-888888888.0","64.8","10.2","74.3","12.9","100.0","29.0","47.5","25.1","19.2","19.9","21.9","8.9","17.0","10.9","0.0","29.0","37.3","26.9","37.7","31.6","13.4","6.8","8.6","7.2","0.0","29.0","15.2","18.6","43.1","31.2","42.6","10.4","56.1","13.1","0.0","29.0","36.3","24.5","30.8","29.3","57.4","10.4","43.9","13.1","100.0","29.0","63.7","24.5","69.2","29.3",
"1400000US06111004504","Census Tract 45.04, Ventura County, California","1249","54","679","121","74","53","314","106","182","72","4.21","0.43","4.76","0.60","5.72","2.47","4.47","0.78","1.12","0.13","1067","86","679","121","74","53","314","106","(X)","-888888888","4.31","0.40","4.35","0.41","5.36","2.64","3.97","0.76","(X)","-888888888","639","85","419","98","28","37","192","85","(X)","-888888888","12.7","8.3","12.6","9.0","0.0","62.2","14.6","16.6","(X)","-888888888.0","32.2","11.6","27.4","14.7","0.0","62.2","47.4","25.8","(X)","-888888888.0","55.1","12.6","59.9","15.0","100.0","62.2","38.0","24.4","(X)","(X)","1249","54","679","121","74","53","314","106","182","72","57.1","6.2","62.7","10.5","59.5","33.4","77.4","14.1","0.0","19.6","38.1","7.0","26.8","9.3","54.1","36.6","44.3","16.3","63.2","19.9","13.2","5.7","(X)","(X)","(X)","(X)","(X)","-888888888.0","90.7","11.3","8.4","4.6","(X)","(X)","(X)","(X)","(X)","-888888888.0","57.7","20.2","1.0","1.0","(X)","(X)","(X)","(X)","(X)","-888888888.0","(X)","-888888888.0","3.8","3.4","(X)","(X)","(X)","(X)","(X)","-888888888.0","(X)","-888888888.0","66.4","7.6","67.2","13.7","85.1","24.2","72.3","18.7","45.6","19.0","33.6","7.6","32.8","13.7","14.9","24.2","27.7","18.7","54.4","19.0","0.0","3.1","0.0","5.7","0.0","38.2","0.0","11.9","0.0","19.6","50.1","9.1","48.9","15.3","78.4","29.5","51.9","18.5","40.1","18.4","49.9","9.1","51.1","15.3","21.6","29.5","48.1","18.5","59.9","18.4",
"1400000US06111004505","Census Tract 45.05, Ventura County, California","500","20","270","69","36","37","144","68","50","33","4.37","0.56","4.50","0.72","3.64","2.36","4.86","1.52","2.84","1.70","450","36","270","69","36","37","144","68","(X)","-888888888","4.52","0.59","4.50","0.72","3.31","1.87","4.86","1.52","(X)","-888888888","189","66","158","65","11","19","20","30","(X)","-888888888","0.0","19.0","0.0","22.1","0.0","99.2","0.0","73.6","(X)","-888888888.0","78.8","17.3","74.7","19.1","100.0","99.2","100.0","73.6","(X)","-888888888.0","21.2","17.3","25.3","19.1","0.0","99.2","0.0","73.6","(X)","(X)","500","20","270","69","36","37","144","68","50","33","47.8","14.9","61.9","19.8","30.6","47.3","42.4","34.2","0.0","46.5","39.8","13.8","38.9","18.4","27.8","38.8","49.3","29.3","26.0","32.4","3.6","5.8","(X)","(X)","(X)","(X)","(X)","-888888888.0","36.0","54.2","0.0","7.7","(X)","(X)","(X)","(X)","(X)","-888888888.0","0.0","46.5","0.0","7.7","(X)","(X)","(X)","(X)","(X)","-888888888.0","(X)","-888888888.0","2.2","3.7","(X)","(X)","(X)","(X)","(X)","-888888888.0","(X)","-888888888.0","75.6","8.7","75.9","15.1","100.0","54.8","86.1","20.5","26.0","32.4","24.4","8.7","24.1","15.1","0.0","54.8","13.9","20.5","74.0","32.4","0.0","7.7","0.0","13.7","0.0","54.8","0.0","23.9","0.0","46.5","56.6","11.8","53.0","17.3","100.0","54.8","72.2","30.8","0.0","46.5","43.4","11.8","47.0","17.3","0.0","54.8","27.8","30.8","100.0","46.5",
"1400000US06111004506","Census Tract 45.06, Ventura County, California","1515","73","782","155","160","90","430","136","143","88","4.60","0.37","4.79","0.46","6.70","1.53","4.57","0.53","1.27","0.33","1372","110","782","155","160","90","430","136","(X)","-888888888","4.73","0.36","4.75","0.45","5.45","1.40","4.43","0.52","(X)","-888888888","1018","117","585","136","95","60","338","120","(X)","-888888888","28.8","8.4","28.9","13.4","45.3","34.9","24.0","16.9","(X)","-888888888.0","30.9","8.2","30.3","10.5","25.3","25.0","33.7","18.9","(X)","-888888888.0","40.3","9.0","40.9","11.9","29.5","25.9","42.3","18.4","(X)","(X)","1515","73","782","155","160","90","430","136","143","88","75.1","6.6","84.9","8.2","76.3","21.8","81.9","11.6","0.0","24.1","10.6","4.6","7.7","4.7","7.5","13.2","14.9","12.8","17.5","27.2","7.3","5.5","(X)","(X)","(X)","(X)","(X)","-888888888.0","77.6","27.5","0.0","2.6","(X)","(X)","(X)","(X)","(X)","-888888888.0","0.0","24.1","0.0","2.6","(X)","(X)","(X)","(X)","(X)","-888888888.0","(X)","-888888888.0","7.7","4.6","(X)","(X)","(X)","(X)","(X)","-888888888.0","(X)","-888888888.0","30.6","7.6","44.0","12.5","30.6","23.7","11.6","10.5","14.0","17.1","69.4","7.6","56.0","12.5","69.4","23.7","88.4","10.5","86.0","17.1","0.0","2.6","0.0","5.0","0.0","21.9","0.0","8.9","0.0","24.1","12.1","5.2","18.3","9.7","18.1","16.8","1.2","2.7","4.9","9.2","87.9","5.2","81.7","9.7","81.9","16.8","98.8","2.7","95.1","9.2",
"1400000US06111004600","Census Tract 46, Ventura County, California","580","78","516","92","34","54","21","23","9","15","4.07","0.40","4.26","0.32","1.91","0.13","4.33","1.32","-","-222222222.00","571","79","516","92","34","54","21","23","(X)","-888888888","4.12","0.39","4.26","0.32","1.91","0.13","4.33","1.32","(X)","-888888888","539","88","484","98","34","54","21","23","(X)","-888888888","27.8","14.5","24.0","12.8","100.0","56.4","0.0","71.8","(X)","-888888888.0","36.2","14.4","40.3","16.0","0.0","56.4","0.0","71.8","(X)","-888888888.0","36.0","17.8","35.7","18.4","0.0","56.4","100.0","71.8","(X)","(X)","580","78","516","92","34","54","21","23","9","15","92.9","5.8","93.8","5.7","100.0","56.4","100.0","71.8","0.0","100.0","2.1","3.1","2.3","3.5","0.0","56.4","0.0","71.8","0.0","100.0","1.6","2.7","(X)","(X)","(X)","(X)","(X)","-888888888.0","100.0","100.0","0.0","6.7","(X)","(X)","(X)","(X)","(X)","-888888888.0","0.0","100.0","0.0","6.7","(X)","(X)","(X)","(X)","(X)","-888888888.0","(X)","-888888888.0","0.0","6.7","(X)","(X)","(X)","(X)","(X)","-888888888.0","(X)","-888888888.0","96.0","4.3","95.5","4.9","100.0","56.4","100.0","71.8","100.0","100.0","4.0","4.3","4.5","4.9","0.0","56.4","0.0","71.8","0.0","100.0","0.0","6.7","0.0","7.5","0.0","56.4","0.0","71.8","0.0","100.0","0.0","6.7","0.0","7.5","0.0","56.4","0.0","71.8","0.0","100.0","100.0","6.7","100.0","7.5","100.0","56.4","100.0","71.8","100.0","100.0",
"1400000US06111004704","Census Tract 47.04, Ventura County, California","460","59","312","84","22","27","70","61","56","42","3.32","0.47","3.46","0.63","4.82","2.66","4.06","0.67","-","-222222222.00","404","58","312","84","22","27","70","61","(X)","-888888888","3.43","0.51","3.46","0.63","2.77","0.55","3.53","0.37","(X)","-888888888","177","64","107","82","13","21","57","55","(X)","-888888888","15.3","18.8","0.0","30.2","100.0","91.2","24.6","42.5","(X)","-888888888.0","49.7","34.2","57.9","41.9","0.0","91.2","45.6","53.9","(X)","-888888888.0","35.0","25.3","42.1","41.9","0.0","91.2","29.8","34.2","(X)","(X)","460","59","312","84","22","27","70","61","56","42","45.2","14.3","40.1","20.7","59.1","59.1","100.0","39.3","0.0","44.0","22.4","11.6","15.7","11.6","40.9","59.1","0.0","39.3","80.4","32.2","12.2","8.6","(X)","(X)","(X)","(X)","(X)","-888888888.0","100.0","44.0","4.8","5.3","(X)","(X)","(X)","(X)","(X)","-888888888.0","39.3","39.7","0.0","8.3","(X)","(X)","(X)","(X)","(X)","-888888888.0","(X)","-888888888.0","8.0","8.4","(X)","(X)","(X)","(X)","(X)","-888888888.0","(X)","-888888888.0","33.9","14.0","38.1","17.7","0.0","70.1","20.0","35.8","41.1","32.9","0.0","8.3","0.0","12.0","0.0","70.1","0.0","39.3","0.0","44.0","66.1","14.0","61.9","17.7","100.0","70.1","80.0","35.8","58.9","32.9","68.0","14.9","60.3","18.2","59.1","59.1","80.0","35.8","100.0","44.0","32.0","14.9","39.7","18.2","40.9","59.1","20.0","35.8","0.0","44.0",
"1400000US06111004710","Census Tract 47.10, Ventura County, California","1410","78","829","137","78","74","104","66","399","117","3.66","0.53","4.45","0.68","6.41","2.51","5.08","1.87","1.11","0.11","1011","121","829","137","78","74","104","66","(X)","-888888888","4.37","0.52","4.36","0.66","4.24","1.62","4.61","2.05","(X)","-888888888","495","136","407","130","64","69","24","30","(X)","-888888888","4.2","7.0","5.2","8.5","0.0","41.1","0.0","67.2","(X)","-888888888.0","33.3","15.7","21.1","16.7","100.0","41.1","62.5","62.5","(X)","-888888888.0","62.4","17.6","73.7","19.1","0.0","41.1","37.5","62.5","(X)","(X)","1410","78","829","137","78","74","104","66","399","117","39.8","9.4","57.1","11.2","82.1","30.9","23.1","28.2","0.0","9.5","38.1","8.0","28.8","9.8","17.9","30.9","79.8","25.3","50.4","16.9","25.9","8.1","(X)","(X)","(X)","(X)","(X)","-888888888.0","91.5","8.8","9.3","5.9","(X)","(X)","(X)","(X)","(X)","-888888888.0","32.8","18.9","0.0","2.8","(X)","(X)","(X)","(X)","(X)","-888888888.0","(X)","-888888888.0","5.7","5.1","(X)","(X)","(X)","(X)","(X)","-888888888.0","(X)","-888888888.0","51.1","7.2","70.7","11.5","17.9","30.9","46.2","28.2","18.3","16.0","20.6","6.7","12.9","10.6","82.1","30.9","14.4","24.1","26.3","17.8","28.2","5.6","16.4","7.0","0.0","37.2","39.4","28.1","55.4","19.2","58.3","9.7","60.3","13.3","17.9","30.9","64.4","32.7","60.4","21.6","41.7","9.7","39.7","13.3","82.1","30.9","35.6","32.7","39.6","21.6",
"1400000US06111004711","Census Tract 47.11, Ventura County, California","800","67","466","97","26","32","268","91","40","58","3.84","0.35","4.23","0.56","3.35","0.58","3.64","0.50","-","-222222222.00","760","75","466","97","26","32","268","91","(X)","-888888888","3.89","0.34","4.23","0.56","3.35","0.58","3.35","0.53","(X)","-888888888","377","107","186","68","13","21","178","96","(X)","-888888888","0.0","10.1","0.0","19.2","0.0","91.2","0.0","20.0","(X)","-888888888.0","9.3","8.7","18.8","16.0","0.0","91.2","0.0","20.0","(X)","-888888888.0","90.7","8.7","81.2","16.0","100.0","91.2","100.0","20.0","(X)","(X)","800","67","466","97","26","32","268","91","40","58","55.1","14.3","47.2","16.5","50.0","50.0","77.6","24.3","0.0","52.0","46.6","11.0","55.2","17.6","50.0","50.0","23.5","15.7","100.0","52.0","5.0","7.2","(X)","(X)","(X)","(X)","(X)","-888888888.0","100.0","52.0","5.0","7.2","(X)","(X)","(X)","(X)","(X)","-888888888.0","100.0","52.0","0.0","4.9","(X)","(X)","(X)","(X)","(X)","-888888888.0","(X)","-888888888.0","1.3","2.4","(X)","(X)","(X)","(X)","(X)","-888888888.0","(X)","-888888888.0","68.1","9.2","85.6","9.2","100.0","64.5","44.8","22.9","0.0","52.0","31.9","9.2","14.4","9.2","0.0","64.5","55.2","22.9","100.0","52.0","0.0","4.9","0.0","8.2","0.0","64.5","0.0","13.8","0.0","52.0","53.3","10.3","79.6","10.9","100.0","64.5","10.8","12.3","0.0","52.0","46.8","10.3","20.4","10.9","0.0","64.5","89.2","12.3","100.0","52.0",
"1400000US06111004715","Census Tract 47.15, Ventura County, California","1237","76","754","125","78","63","217","105","188","83","4.34","0.43","4.62","0.48","6.27","3.34","5.06","0.92","1.62","0.46","1049","88","754","125","78","63","217","105","(X)","-888888888","4.43","0.39","4.55","0.48","4.18","2.33","4.14","0.75","(X)","-888888888","574","103","442","89","48","53","84","69","(X)","-888888888","15.9","11.5","17.0","13.5","33.3","55.8","0.0","35.6","(X)","-888888888.0","34.7","15.8","24.0","13.7","66.7","55.8","72.6","42.6","(X)","-888888888.0","49.5","16.4","59.0","16.6","0.0","47.5","27.4","42.6","(X)","(X)","1237","76","754","125","78","63","217","105","188","83","57.2","7.7","69.9","9.1","61.5","42.9","60.8","25.5","0.0","19.0","26.3","6.7","22.9","9.7","0.0","37.2","30.9","21.0","45.2","26.0","9.0","5.0","(X)","(X)","(X)","(X)","(X)","-888888888.0","59.0","25.9","5.2","4.3","(X)","(X)","(X)","(X)","(X)","-888888888.0","34.0","24.7","0.8","1.2","(X)","(X)","(X)","(X)","(X)","-888888888.0","(X)","-888888888.0","8.1","6.0","(X)","(X)","(X)","(X)","(X)","-888888888.0","(X)","-888888888.0","60.5","7.9","62.6","11.0","78.2","33.9","53.0","23.9","53.2","23.7","12.3","6.3","9.3","7.2","0.0","37.2","32.3","23.2","6.4","9.7","27.2","7.9","28.1","10.6","21.8","33.9","14.7","19.9","40.4","23.4","64.3","9.5","78.1","10.7","0.0","37.2","28.6","21.6","77.1","22.2","35.7","9.5","21.9","10.7","100.0","37.2","71.4","21.6","22.9","22.2",
"1400000US06111004716","Census Tract 47.16, Ventura County, California","959","59","675","95","23","26","171","80","90","62","4.46","0.45","5.04","0.48","4.39","2.00","3.96","0.66","-","-222222222.00","869","76","675","95","23","26","171","80","(X)","-888888888","4.63","0.38","4.83","0.47","4.39","2.00","3.85","0.66","(X)","-888888888","432","96","392","100","0","132","40","37","(X)","-888888888","0.0","8.8","0.0","9.7","-","**","0.0","52.0","(X)","-888888888.0","49.8","13.9","52.6","15.1","-","**","22.5","36.0","(X)","-888888888.0","50.2","13.9","47.4","15.1","-","**","77.5","36.0","(X)","(X)","959","59","675","95","23","26","171","80","90","62","47.4","10.0","61.5","10.4","0.0","68.6","23.4","18.6","0.0","34.1","33.3","8.7","29.5","9.8","60.9","60.6","45.6","27.9","31.1","31.4","9.4","6.4","(X)","(X)","(X)","(X)","(X)","-888888888.0","100.0","34.1","2.1","2.0","(X)","(X)","(X)","(X)","(X)","-888888888.0","22.2","27.1","0.0","4.1","(X)","(X)","(X)","(X)","(X)","-888888888.0","(X)","-888888888.0","0.0","4.1","(X)","(X)","(X)","(X)","(X)","-888888888.0","(X)","-888888888.0","77.1","7.9","80.9","9.1","100.0","68.6","87.7","13.3","22.2","27.1","5.1","4.7","5.9","6.3","0.0","68.6","5.3","8.7","0.0","34.1","17.8","6.5","13.2","6.0","0.0","68.6","7.0","10.7","77.8","27.1","72.4","7.7","76.7","10.4","39.1","60.6","60.2","24.7","71.1","40.6","27.6","7.7","23.3","10.4","60.9","60.6","39.8","24.7","28.9","40.6",
"1400000US06111004717","Census Tract 47.17, Ventura County, California","773","47","528","85","30","35","145","65","70","53","4.76","0.69","4.41","0.52","4.00","1.54","5.41","1.69","6.39","6.46","703","64","528","85","30","35","145","65","(X)","-888888888","4.12","0.42","4.10","0.53","3.07","0.73","4.43","1.24","(X)","-888888888","394","83","304","78","17","29","73","52","(X)","-888888888","19.3","14.6","12.8","14.9","100.0","79.8","27.4","35.9","(X)","-888888888.0","29.9","15.9","30.9","17.9","0.0","79.8","32.9","36.1","(X)","-888888888.0","50.8","18.8","56.3","20.5","0.0","79.8","39.7","41.2","(X)","(X)","773","47","528","85","30","35","145","65","70","53","66.5","9.8","67.0","14.2","73.3","50.0","75.9","21.0","40.0","48.2","21.6","6.2","20.6","9.2","43.3","53.7","26.2","20.2","10.0","21.8","5.4","4.5","(X)","(X)","(X)","(X)","(X)","-888888888.0","60.0","48.2","0.0","5.0","(X)","(X)","(X)","(X)","(X)","-888888888.0","0.0","39.3","2.5","3.9","(X)","(X)","(X)","(X)","(X)","-888888888.0","(X)","-888888888.0","7.1","6.4","(X)","(X)","(X)","(X)","(X)","-888888888.0","(X)","-888888888.0","82.1","8.4","80.5","11.7","43.3","53.7","87.6","18.5","100.0","39.3","17.9","8.4","19.5","11.7","56.7","53.7","12.4","18.5","0.0","39.3","0.0","5.0","0.0","7.3","0.0","60.1","0.0","23.8","0.0","39.3","55.6","9.5","58.0","11.3","26.7","50.0","51.0","29.4","60.0","48.2","44.4","9.5","42.0","11.3","73.3","50.0","49.0","29.4","40.0","48.2",
"1400000US06111004901","Census Tract 49.01, Ventura County, California","1873","80","1204","161","69","55","342","150","258","90","3.72","0.27","4.23","0.29","4.58","3.15","3.29","0.38","1.66","0.34","1615","110","1204","161","69","55","342","150","(X)","-888888888","3.87","0.25","4.21","0.30","2.43","0.39","2.98","0.41","(X)","-888888888","922","146","760","155","29","35","133","89","(X)","-888888888","18.0","9.2","12.4","7.2","0.0","61.1","54.1","28.5","(X)","-888888888.0","24.1","12.4","25.8","14.4","0.0","61.1","19.5","27.0","(X)","-888888888.0","57.9","13.5","61.8","14.8","100.0","61.1","26.3","28.8","(X)","(X)","1873","80","1204","161","69","55","342","150","258","90","57.5","7.9","68.0","10.0","69.6","40.3","61.4","21.9","0.0","14.3","13.2","4.9","13.7","6.9","37.7","43.3","13.2","14.0","4.7","5.5","6.8","3.7","(X)","(X)","(X)","(X)","(X)","-888888888.0","49.2","20.7","0.3","0.5","(X)","(X)","(X)","(X)","(X)","-888888888.0","2.3","3.7","0.9","1.3","(X)","(X)","(X)","(X)","(X)","-888888888.0","(X)","-888888888.0","9.4","5.4","(X)","(X)","(X)","(X)","(X)","-888888888.0","(X)","-888888888.0","67.9","7.8","73.6","9.0","58.0","38.6","63.5","19.9","50.0","22.4","31.7","7.6","25.7","8.8","42.0","38.6","36.5","19.9","50.0","22.4","0.4","0.8","0.7","1.3","0.0","39.6","0.0","11.0","0.0","14.3","52.8","7.4","62.2","9.9","39.1","39.2","47.1","21.6","20.2","13.7","47.2","7.4","37.8","9.9","60.9","39.2","52.9","21.6","79.8","13.7",
"1400000US06111004902","Census Tract 49.02, Ventura County, California","1090","62","690","122","119","63","111","74","170","108","4.53","0.44","5.50","0.53","3.58","0.74","3.48","0.78","1.94","1.21","920","106","690","122","119","63","111","74","(X)","-888888888","4.83","0.40","5.34","0.50","3.38","0.67","3.17","0.49","(X)","-888888888","541","117","442","99","73","56","26","29","(X)","-888888888","5.4","6.2","0.0","8.6","23.3","38.0","46.2","53.1","(X)","-888888888.0","20.9","12.5","20.6","13.5","30.1","49.0","0.0","64.5","(X)","-888888888.0","73.8","12.9","79.4","13.5","46.6","47.6","53.8","53.1","(X)","(X)","1090","62","690","122","119","63","111","74","170","108","57.4","11.4","69.9","9.8","61.3","32.5","64.0","31.2","0.0","20.8","36.3","9.2","25.7","11.2","35.3","30.6","43.2","31.7","75.9","31.2","11.8","7.7","(X)","(X)","(X)","(X)","(X)","-888888888.0","75.9","31.2","4.0","3.7","(X)","(X)","(X)","(X)","(X)","-888888888.0","25.9","25.8","0.8","1.6","(X)","(X)","(X)","(X)","(X)","-888888888.0","(X)","-888888888.0","1.6","2.7","(X)","(X)","(X)","(X)","(X)","-888888888.0","(X)","-888888888.0","66.3","10.1","73.9","13.0","85.7","23.5","44.1","34.0","36.5","33.2","33.7","10.1","26.1","13.0","14.3","23.5","55.9","34.0","63.5","33.2","0.0","3.6","0.0","5.6","0.0","27.9","0.0","29.4","0.0","20.8","45.8","11.5","55.9","16.8","61.3","39.8","36.0","32.7","0.0","20.8","54.2","11.5","44.1","16.8","38.7","39.8","64.0","32.7","100.0","20.8",
"1400000US06111005002","Census Tract 50.02, Ventura County, California","693","46","277","88","74","49","162","59","180","76","3.83","0.49","5.31","0.71","4.73","0.82","3.91","0.88","1.12","0.13","513","69","277","88","74","49","162","59","(X)","-888888888","4.37","0.44","5.27","0.69","3.64","0.95","3.18","0.43","(X)","-888888888","351","80","182","74","43","43","126","56","(X)","-888888888","35.3","16.8","36.3","24.3","90.7","30.1","15.1","23.5","(X)","-888888888.0","24.5","16.5","16.5","15.2","9.3","30.1","41.3","34.0","(X)","-888888888.0","40.2","16.7","47.3","24.1","0.0","50.2","43.7","31.3","(X)","(X)","693","46","277","88","74","49","162","59","180","76","58.4","11.0","79.8","12.2","58.1","36.3","87.0","12.4","0.0","19.8","13.1","6.1","3.6","4.5","17.6","26.7","0.0","21.7","37.8","22.0","22.7","10.0","(X)","(X)","(X)","(X)","(X)","-888888888.0","87.2","12.8","2.2","2.6","(X)","(X)","(X)","(X)","(X)","-888888888.0","8.3","10.2","0.0","5.6","(X)","(X)","(X)","(X)","(X)","-888888888.0","(X)","-888888888.0","13.7","8.6","(X)","(X)","(X)","(X)","(X)","-888888888.0","(X)","-888888888.0","64.2","12.8","85.2","14.9","73.0","39.2","72.8","21.2","20.6","14.8","12.4","8.7","10.8","12.2","0.0","38.2","6.2","9.7","25.6","18.3","23.4","9.3","4.0","6.3","27.0","39.2","21.0","18.9","53.9","19.6","34.3","11.2","16.6","11.4","47.3","38.0","30.2","19.6","60.0","23.1","65.7","11.2","83.4","11.4","52.7","38.0","69.8","19.6","40.0","23.1",
"1400000US06111005003","Census Tract 50.03, Ventura County, California","1793","131","1156","161","78","74","246","117","313","140","4.18","0.38","4.93","0.39","3.27","0.75","3.78","0.49","1.92","1.25","1480","156","1156","161","78","74","246","117","(X)","-888888888","4.51","0.35","4.83","0.37","2.81","0.74","3.53","0.50","(X)","-888888888","851","169","624","157","46","62","181","111","(X)","-888888888","24.1","14.8","19.4","17.0","100.0","48.5","21.0","31.0","(X)","-888888888.0","22.3","11.7","30.4","14.4","0.0","48.5","0.0","19.7","(X)","-888888888.0","53.6","15.4","50.2","18.8","0.0","48.5","79.0","31.0","(X)","(X)","1793","131","1156","161","78","74","246","117","313","140","56.9","8.1","61.3","8.7","65.4","45.4","87.4","15.6","14.4","21.9","38.7","9.1","37.9","11.4","34.6","45.4","19.9","18.6","57.2","25.5","14.1","6.9","(X)","(X)","(X)","(X)","(X)","-888888888.0","80.5","22.4","7.2","4.5","(X)","(X)","(X)","(X)","(X)","-888888888.0","41.2","22.4","0.0","2.2","(X)","(X)","(X)","(X)","(X)","-888888888.0","(X)","-888888888.0","2.9","3.3","(X)","(X)","(X)","(X)","(X)","-888888888.0","(X)","-888888888.0","76.2","6.9","67.6","9.3","100.0","37.2","84.6","16.2","95.5","7.7","14.6","6.5","19.4","9.1","0.0","37.2","15.4","16.2","0.0","12.0","9.1","3.8","13.0","5.9","0.0","37.2","0.0","15.0","4.5","7.7","62.2","8.1","70.2","8.9","52.6","48.0","19.5","18.6","68.7","24.1","37.8","8.1","29.8","8.9","47.4","48.0","80.5","18.6","31.3","24.1",
"1400000US06111005004","Census Tract 50.04, Ventura County, California","995","110","520","87","28","31","194","106","253","102","2.82","0.23","3.48","0.36","3.21","0.56","2.63","0.51","1.58","0.34","742","102","520","87","28","31","194","106","(X)","-888888888","3.16","0.29","3.43","0.37","2.14","0.28","2.56","0.43","(X)","-888888888","483","132","321","110","15","24","147","96","(X)","-888888888","25.7","12.8","34.0","14.5","100.0","84.9","0.0","23.5","(X)","-888888888.0","15.3","12.8","19.6","16.2","0.0","84.9","7.5","16.8","(X)","-888888888.0","59.0","17.6","46.4","18.7","0.0","84.9","92.5","16.8","(X)","(X)","995","110","520","87","28","31","194","106","253","102","48.5","12.8","61.7","18.5","53.6","53.6","75.8","23.3","0.0","14.6","6.7","4.5","5.6","7.2","46.4","53.6","0.0","18.5","9.9","10.8","12.0","6.8","(X)","(X)","(X)","(X)","(X)","-888888888.0","47.0","26.8","1.3","2.1","(X)","(X)","(X)","(X)","(X)","-888888888.0","5.1","7.7","0.0","3.9","(X)","(X)","(X)","(X)","(X)","-888888888.0","(X)","-888888888.0","10.3","6.4","(X)","(X)","(X)","(X)","(X)","-888888888.0","(X)","-888888888.0","56.5","12.0","64.4","19.5","100.0","62.2","45.9","29.3","43.5","18.5","41.5","12.1","31.7","19.6","0.0","62.2","54.1","29.3","56.5","18.5","2.0","3.0","3.8","5.5","0.0","62.2","0.0","18.5","0.0","14.6","52.5","11.0","63.3","18.7","53.6","53.6","34.0","29.3","44.3","16.0","47.5","11.0","36.7","18.7","46.4","53.6","66.0","29.3","55.7","16.0",
"1400000US06111005100","Census Tract 51, Ventura County, California","1000","82","658","94","77","49","73","41","192","72","3.07","0.23","3.32","0.32","2.58","0.36","4.90","1.24","1.69","0.40","808","83","658","94","77","49","73","41","(X)","-888888888","3.36","0.26","3.30","0.32","2.49","0.34","4.74","1.05","(X)","-888888888","373","97","309","95","10","15","54","36","(X)","-888888888","10.2","7.3","12.3","9.1","0.0","100.0","0.0","44.8","(X)","-888888888.0","5.4","5.3","2.9","4.4","0.0","100.0","20.4","27.1","(X)","-888888888.0","84.5","9.3","84.8","9.7","100.0","100.0","79.6","27.1","(X)","(X)","1000","82","658","94","77","49","73","41","192","72","42.3","9.4","48.5","10.6","13.0","21.5","74.0","21.0","20.8","19.8","52.2","8.8","47.3","10.3","77.9","25.3","41.1","27.8","63.0","22.1","11.1","4.9","(X)","(X)","(X)","(X)","(X)","-888888888.0","57.8","21.2","8.5","3.7","(X)","(X)","(X)","(X)","(X)","-888888888.0","44.3","18.8","2.1","3.4","(X)","(X)","(X)","(X)","(X)","-888888888.0","(X)","-888888888.0","3.4","2.7","(X)","(X)","(X)","(X)","(X)","-888888888.0","(X)","-888888888.0","93.0","4.5","95.1","3.9","90.9","14.7","100.0","38.5","83.9","18.8","2.5","3.7","0.0","5.9","0.0","37.5","0.0","38.5","13.0","18.1","4.5","2.8","4.9","3.9","9.1","14.7","0.0","38.5","3.1","5.9","77.0","7.7","82.4","7.9","85.7","20.4","53.4","26.8","64.1","21.3","23.0","7.7","17.6","7.9","14.3","20.4","46.6","26.8","35.9","21.3",
"1400000US06111005202","Census Tract 52.02, Ventura County, California","1013","69","570","83","48","31","91","49","304","84","2.76","0.20","3.52","0.35","4.19","1.25","2.44","0.33","1.20","0.15","709","84","570","83","48","31","91","49","(X)","-888888888","3.37","0.26","3.49","0.35","3.96","1.46","2.31","0.24","(X)","-888888888","260","58","219","45","15","23","26","34","(X)","-888888888","29.6","15.4","19.2","12.8","100.0","84.9","76.9","46.7","(X)","-888888888.0","7.3","7.6","5.9","8.5","0.0","84.9","23.1","46.7","(X)","-888888888.0","63.1","16.5","74.9","15.2","0.0","84.9","0.0","64.5","(X)","(X)","1013","69","570","83","48","31","91","49","304","84","29.9","5.7","40.4","7.9","79.2","34.6","28.6","32.3","3.0","4.2","46.0","5.8","45.8","8.7","0.0","47.5","53.8","32.7","51.3","15.0","25.6","7.2","(X)","(X)","(X)","(X)","(X)","-888888888.0","85.2","9.8","8.7","5.3","(X)","(X)","(X)","(X)","(X)","-888888888.0","28.9","14.9","0.0","3.9","(X)","(X)","(X)","(X)","(X)","-888888888.0","(X)","-888888888.0","3.6","2.7","(X)","(X)","(X)","(X)","(X)","-888888888.0","(X)","-888888888.0","78.9","5.6","92.3","8.0","68.8","47.0","93.4","10.6","51.0","16.3","21.1","5.6","7.7","8.0","31.3","47.0","6.6","10.6","49.0","16.3","0.0","3.9","0.0","6.8","0.0","47.5","0.0","33.9","0.0","12.3","74.9","6.3","82.1","8.6","100.0","47.5","57.1","32.9","62.8","15.5","25.1","6.3","17.9","8.6","0.0","47.5","42.9","32.9","37.2","15.5",
"1400000US06111005203","Census Tract 52.03, Ventura County, California","1833","96","1131","105","60","51","99","51","543","119","2.68","0.17","3.25","0.22","5.00","1.28","2.84","0.32","1.21","0.18","1290","102","1131","105","60","51","99","51","(X)","-888888888","3.19","0.20","3.18","0.20","3.98","1.32","2.78","0.31","(X)","-888888888","536","77","428","75","53","48","55","34","(X)","-888888888","17.2","8.7","21.5","10.0","0.0","45.2","0.0","44.4","(X)","-888888888.0","17.7","11.0","22.2","13.6","0.0","45.2","0.0","44.4","(X)","-888888888.0","65.1","11.8","56.3","12.9","100.0","45.2","100.0","44.4","(X)","(X)","1833","96","1131","105","60","51","99","51","543","119","30.8","3.6","40.3","5.0","88.3","21.3","55.6","25.7","0.0","7.1","49.4","5.3","48.8","6.8","11.7","21.3","31.3","24.7","58.2","11.3","25.5","5.1","(X)","(X)","(X)","(X)","(X)","-888888888.0","86.0","9.1","10.9","3.8","(X)","(X)","(X)","(X)","(X)","-888888888.0","36.6","11.1","0.0","2.2","(X)","(X)","(X)","(X)","(X)","-888888888.0","(X)","-888888888.0","4.7","2.5","(X)","(X)","(X)","(X)","(X)","-888888888.0","(X)","-888888888.0","94.3","3.4","98.1","2.3","100.0","42.5","100.0","32.0","84.9","12.1","5.3","3.4","1.3","2.0","0.0","42.5","0.0","32.0","15.1","12.1","0.4","0.6","0.6","1.0","0.0","42.5","0.0","32.0","0.0","7.1","80.4","5.6","88.2","5.1","100.0","42.5","64.6","25.8","64.8","14.2","19.6","5.6","11.8","5.1","0.0","42.5","35.4","25.8","35.2","14.2",
"1400000US06111005204","Census Tract 52.04, Ventura County, California","1219","41","899","91","46","41","78","83","196","75","2.90","0.18","3.22","0.25","2.54","0.69","3.64","2.18","1.24","0.16","1023","86","899","91","46","41","78","83","(X)","-888888888","3.10","0.18","3.14","0.23","2.15","0.21","3.21","1.49","(X)","-888888888","341","59","305","72","9","15","27","36","(X)","-888888888","6.5","8.5","7.2","9.5","0.0","100.0","0.0","63.3","(X)","-888888888.0","34.3","11.1","38.4","12.4","0.0","100.0","0.0","63.3","(X)","-888888888.0","59.2","11.8","54.4","13.2","100.0","100.0","100.0","63.3","(X)","(X)","1219","41","899","91","46","41","78","83","196","75","29.0","4.4","35.4","6.2","19.6","36.1","34.6","54.7","0.0","18.4","51.5","7.0","48.9","8.5","41.3","50.3","65.4","54.7","60.2","21.7","12.2","5.8","(X)","(X)","(X)","(X)","(X)","-888888888.0","76.0","15.7","8.6","4.8","(X)","(X)","(X)","(X)","(X)","-888888888.0","53.6","20.9","1.2","2.1","(X)","(X)","(X)","(X)","(X)","-888888888.0","(X)","-888888888.0","4.2","3.3","(X)","(X)","(X)","(X)","(X)","-888888888.0","(X)","-888888888.0","100.0","3.2","100.0","4.3","100.0","48.5","100.0","37.2","100.0","18.4","0.0","3.2","0.0","4.3","0.0","48.5","0.0","37.2","0.0","18.4","0.0","3.2","0.0","4.3","0.0","48.5","0.0","37.2","0.0","18.4","97.3","2.8","96.3","3.8","100.0","48.5","100.0","37.2","100.0","18.4","2.7","2.8","3.7","3.8","0.0","48.5","0.0","37.2","0.0","18.4",
"1400000US06111005205","Census Tract 52.05, Ventura County, California","2199","112","1352","162","69","68","225","92","553","137","2.74","0.16","2.95","0.18","4.81","0.90","3.98","0.76","1.46","0.29","1646","159","1352","162","69","68","225","92","(X)","-888888888","3.09","0.15","2.95","0.18","3.68","0.80","3.80","0.74","(X)","-888888888","747","160","599","159","69","68","79","46","(X)","-888888888","24.1","12.4","30.1","15.2","0.0","39.6","0.0","36.9","(X)","-888888888.0","11.5","9.8","7.8","7.5","56.5","54.0","0.0","36.9","(X)","-888888888.0","64.4","13.7","62.1","15.0","43.5","54.0","100.0","36.9","(X)","(X)","2199","112","1352","162","69","68","225","92","553","137","36.9","5.9","44.9","9.0","100.0","39.6","60.4","19.9","0.0","7.0","45.3","5.4","46.2","7.4","0.0","39.6","33.3","22.9","53.5","14.8","18.5","5.2","(X)","(X)","(X)","(X)","(X)","-888888888.0","73.4","12.3","6.6","2.9","(X)","(X)","(X)","(X)","(X)","-888888888.0","26.4","12.0","4.3","3.4","(X)","(X)","(X)","(X)","(X)","-888888888.0","(X)","-888888888.0","3.2","2.1","(X)","(X)","(X)","(X)","(X)","-888888888.0","(X)","-888888888.0","84.8","3.7","90.8","5.5","43.5","54.0","94.7","9.7","71.4","9.5","9.0","3.3","6.2","5.2","56.5","54.0","5.3","9.7","11.2","7.5","6.2","2.3","3.0","2.6","0.0","39.6","0.0","16.2","17.4","8.4","77.0","6.7","81.3","7.9","21.7","37.3","78.7","17.8","72.7","14.3","23.0","6.7","18.7","7.9","78.3","37.3","21.3","17.8","27.3","14.3",
"1400000US06111005303","Census Tract 53.03, Ventura County, California","3142","111","2286","184","122","110","181","82","553","155","3.00","0.14","3.40","0.13","3.94","1.18","2.96","0.54","1.18","0.14","2589","149","2286","184","122","110","181","82","(X)","-888888888","3.36","0.12","3.39","0.13","3.54","0.86","2.84","0.48","(X)","-888888888","1520","151","1347","156","49","79","124","73","(X)","-888888888","19.9","7.0","21.1","7.5","0.0","47.0","15.3","23.1","(X)","-888888888.0","16.1","5.6","17.3","6.2","0.0","47.0","8.9","12.7","(X)","-888888888.0","64.0","7.9","61.6","8.2","100.0","47.0","75.8","25.1","(X)","(X)","3142","111","2286","184","122","110","181","82","553","155","49.4","4.8","58.9","6.1","65.6","45.2","68.5","25.5","0.0","7.0","25.6","4.0","21.0","4.3","59.8","50.9","27.1","23.5","36.9","15.5","15.0","4.3","(X)","(X)","(X)","(X)","(X)","-888888888.0","85.4","11.8","6.0","2.7","(X)","(X)","(X)","(X)","(X)","-888888888.0","33.8","15.6","0.3","0.6","(X)","(X)","(X)","(X)","(X)","-888888888.0","(X)","-888888888.0","2.6","2.7","(X)","(X)","(X)","(X)","(X)","-888888888.0","(X)","-888888888.0","86.3","3.2","90.2","4.0","100.0","27.3","87.8","9.2","66.7","14.1","6.7","2.5","4.9","3.3","0.0","27.3","12.2","9.2","13.9","8.2","7.0","2.7","4.9","2.3","0.0","27.3","0.0","19.7","19.3","12.9","84.9","4.1","89.1","4.6","34.4","45.2","77.9","15.5","80.8","10.2","15.1","4.1","10.9","4.6","65.6","45.2","22.1","15.5","19.2","10.2",
"1400000US06111005304","Census Tract 53.04, Ventura County, California","2809","158","991","181","22","30","199","111","1597","209","1.75","0.12","2.65","0.29","2.18","0.30","2.46","0.40","1.09","0.06","1212","164","991","181","22","30","199","111","(X)","-888888888","2.61","0.27","2.65","0.29","2.18","0.30","2.46","0.40","(X)","-888888888","306","86","199","78","0","132","107","90","(X)","-888888888","10.5","11.3","16.1","16.3","-","**","0.0","30.2","(X)","-888888888.0","8.2","13.5","12.6","18.2","-","**","0.0","30.2","(X)","-888888888.0","81.4","17.9","71.4","22.8","-","**","100.0","30.2","(X)","(X)","2809","158","991","181","22","30","199","111","1597","209","11.7","2.7","22.3","7.6","0.0","70.1","53.8","33.0","0.0","2.5","76.0","4.6","67.6","8.7","45.5","54.5","46.2","33.0","85.3","6.6","52.6","5.8","(X)","(X)","(X)","(X)","(X)","-888888888.0","92.5","4.8","42.2","6.2","(X)","(X)","(X)","(X)","(X)","-888888888.0","74.2","8.4","0.5","0.7","(X)","(X)","(X)","(X)","(X)","-888888888.0","(X)","-888888888.0","0.4","0.7","(X)","(X)","(X)","(X)","(X)","-888888888.0","(X)","-888888888.0","92.1","3.6","98.5","2.4","100.0","70.1","85.4","17.4","88.9","5.8","7.9","3.6","1.5","2.4","0.0","70.1","14.6","17.4","11.1","5.8","0.0","1.4","0.0","4.0","0.0","70.1","0.0","18.1","0.0","2.5","73.8","5.2","78.3","7.7","45.5","54.5","70.4","25.2","71.9","7.0","26.2","5.2","21.7","7.7","54.5","54.5","29.6","25.2","28.1","7.0",
"1400000US06111005305","Census Tract 53.05, Ventura County, California","1795","81","1332","127","9","13","93","58","361","117","3.14","0.22","3.59","0.23","2.89","0.80","3.86","0.68","1.32","0.18","1434","114","1332","127","9","13","93","58","(X)","-888888888","3.55","0.20","3.53","0.22","2.89","0.80","3.86","0.68","(X)","-888888888","638","97","575","107","9","13","54","51","(X)","-888888888","6.3","5.4","7.0","6.0","0.0","100.0","0.0","44.8","(X)","-888888888.0","8.9","6.6","9.9","7.1","0.0","100.0","0.0","44.8","(X)","-888888888.0","84.8","8.2","83.1","8.7","100.0","100.0","100.0","44.8","(X)","(X)","1795","81","1332","127","9","13","93","58","361","117","37.9","5.6","46.3","6.1","100.0","100.0","58.1","35.4","0.0","10.5","33.4","4.6","33.0","4.8","0.0","100.0","41.9","35.4","33.8","16.8","13.8","5.4","(X)","(X)","(X)","(X)","(X)","-888888888.0","68.4","17.5","1.9","2.3","(X)","(X)","(X)","(X)","(X)","-888888888.0","9.7","11.2","0.6","0.8","(X)","(X)","(X)","(X)","(X)","-888888888.0","(X)","-888888888.0","3.1","3.0","(X)","(X)","(X)","(X)","(X)","-888888888.0","(X)","-888888888.0","98.0","2.3","99.2","1.2","100.0","100.0","100.0","33.4","92.8","10.5","0.0","2.2","0.0","3.0","0.0","100.0","0.0","33.4","0.0","10.5","2.0","2.3","0.8","1.2","0.0","100.0","0.0","33.4","7.2","10.5","91.3","5.0","94.6","3.7","100.0","100.0","100.0","33.4","76.5","18.4","8.7","5.0","5.4","3.7","0.0","100.0","0.0","33.4","23.5","18.4",
"1400000US06111005306","Census Tract 53.06, Ventura County, California","1716","46","1083","96","59","43","260","79","314","82","2.92","0.12","3.31","0.12","3.98","1.58","3.17","0.44","1.15","0.11","1402","88","1083","96","59","43","260","79","(X)","-888888888","3.28","0.13","3.31","0.12","3.36","1.06","3.12","0.43","(X)","-888888888","721","73","532","63","47","39","142","68","(X)","-888888888","20.1","11.6","13.3","10.9","0.0","48.0","52.1","26.5","(X)","-888888888.0","9.0","5.7","12.2","7.4","0.0","48.0","0.0","24.2","(X)","-888888888.0","70.9","11.9","74.4","12.8","100.0","48.0","47.9","26.5","(X)","(X)","1716","46","1083","96","59","43","260","79","314","82","45.7","4.7","50.0","5.8","100.0","42.8","70.8","16.8","0.0","11.9","32.2","4.2","30.8","5.9","37.3","35.6","18.5","13.8","47.5","14.0","15.5","4.1","(X)","(X)","(X)","(X)","(X)","-888888888.0","84.7","11.4","4.8","2.7","(X)","(X)","(X)","(X)","(X)","-888888888.0","26.4","13.2","0.3","0.6","(X)","(X)","(X)","(X)","(X)","-888888888.0","(X)","-888888888.0","3.2","2.4","(X)","(X)","(X)","(X)","(X)","-888888888.0","(X)","-888888888.0","93.8","3.8","100.0","3.6","100.0","42.8","66.9","20.4","93.6","6.8","5.5","3.3","0.0","3.6","0.0","42.8","28.5","17.6","6.4","6.8","0.7","1.0","0.0","3.6","0.0","42.8","4.6","6.3","0.0","11.9","80.7","5.3","80.6","7.3","76.3","33.0","71.5","17.6","89.2","9.8","19.3","5.3","19.4","7.3","23.7","33.0","28.5","17.6","10.8","9.8",
"1400000US06111005401","Census Tract 54.01, Ventura County, California","1296","54","790","118","54","39","135","60","317","115","2.81","0.24","3.13","0.22","3.67","1.59","3.21","0.56","1.72","0.46","979","111","790","118","54","39","135","60","(X)","-888888888","3.01","0.18","3.10","0.22","2.15","0.15","2.87","0.44","(X)","-888888888","344","89","287","85","10","17","47","39","(X)","-888888888","36.0","18.4","43.2","20.3","0.0","100.0","0.0","48.0","(X)","-888888888.0","24.1","14.8","15.7","15.1","0.0","100.0","80.9","32.7","(X)","-888888888.0","39.8","14.7","41.1","17.7","100.0","100.0","19.1","32.7","(X)","(X)","1296","54","790","118","54","39","135","60","317","115","31.8","7.2","41.1","7.6","59.3","38.0","34.8","23.2","2.5","5.0","45.4","6.4","51.1","9.2","25.9","30.3","44.4","27.4","35.0","16.0","17.4","7.8","(X)","(X)","(X)","(X)","(X)","-888888888.0","71.0","18.0","7.1","3.8","(X)","(X)","(X)","(X)","(X)","-888888888.0","29.0","15.6","0.9","1.4","(X)","(X)","(X)","(X)","(X)","-888888888.0","(X)","-888888888.0","1.1","1.5","(X)","(X)","(X)","(X)","(X)","-888888888.0","(X)","-888888888.0","96.5","2.2","100.0","4.9","85.2","20.9","93.3","10.2","91.2","7.9","3.5","2.2","0.0","4.9","14.8","20.9","6.7","10.2","8.8","7.9","0.0","3.0","0.0","4.9","0.0","44.8","0.0","25.2","0.0","11.8","82.2","6.8","86.2","8.4","59.3","38.0","77.0","20.8","78.2","12.7","17.8","6.8","13.8","8.4","40.7","38.0","23.0","20.8","21.8","12.7",
"1400000US06111005403","Census Tract 54.03, Ventura County, California","943","70","331","76","44","44","138","83","430","84","2.94","0.31","4.51","0.64","5.68","2.12","3.78","0.88","1.18","0.12","513","89","331","76","44","44","138","83","(X)","-888888888","4.14","0.33","4.30","0.51","5.34","1.88","3.36","0.66","(X)","-888888888","312","73","199","47","18","27","95","76","(X)","-888888888","7.7","10.1","12.1","15.6","0.0","77.5","0.0","32.9","(X)","-888888888.0","22.8","15.2","35.7","21.8","0.0","77.5","0.0","32.9","(X)","-888888888.0","69.6","16.4","52.3","22.7","100.0","77.5","100.0","32.9","(X)","(X)","943","70","331","76","44","44","138","83","430","84","36.9","8.3","67.4","12.9","68.2","39.2","68.8","31.5","0.0","8.9","48.6","5.4","29.3","13.1","31.8","39.2","18.8","22.4","74.7","10.3","41.3","7.4","(X)","(X)","(X)","(X)","(X)","-888888888.0","90.5","6.4","30.1","6.0","(X)","(X)","(X)","(X)","(X)","-888888888.0","66.0","10.2","0.0","4.1","(X)","(X)","(X)","(X)","(X)","-888888888.0","(X)","-888888888.0","4.2","3.3","(X)","(X)","(X)","(X)","(X)","-888888888.0","(X)","-888888888.0","48.9","6.3","72.5","13.7","59.1","45.8","75.4","31.6","21.2","10.8","51.1","6.3","27.5","13.7","40.9","45.8","24.6","31.6","78.8","10.8","0.0","4.1","0.0","11.4","0.0","49.6","0.0","24.8","0.0","8.9","35.0","8.1","61.9","15.0","31.8","39.2","46.4","33.4","10.9","8.2","65.0","8.1","38.1","15.0","68.2","39.2","53.6","33.4","89.1","8.2",
"1400000US06111005404","Census Tract 54.04, Ventura County, California","1239","44","853","92","79","52","127","60","180","58","3.08","0.17","3.46","0.25","3.67","1.64","3.01","0.67","1.05","0.08","1059","69","853","92","79","52","127","60","(X)","-888888888","3.38","0.21","3.45","0.24","3.67","1.64","2.72","0.55","(X)","-888888888","440","59","393","65","0","132","47","34","(X)","-888888888","2.3","3.6","2.5","4.0","-","**","0.0","48.0","(X)","-888888888.0","14.5","8.7","16.3","10.2","-","**","0.0","48.0","(X)","-888888888.0","83.2","9.3","81.2","10.7","-","**","100.0","48.0","(X)","(X)","1239","44","853","92","79","52","127","60","180","58","36.6","5.3","47.0","7.4","0.0","36.9","41.7","26.5","0.0","19.8","42.2","5.1","29.8","6.7","100.0","36.9","41.7","28.6","76.1","17.8","13.8","4.4","(X)","(X)","(X)","(X)","(X)","-888888888.0","95.0","7.6","9.1","3.9","(X)","(X)","(X)","(X)","(X)","-888888888.0","62.8","18.8","0.0","3.2","(X)","(X)","(X)","(X)","(X)","-888888888.0","(X)","-888888888.0","0.7","1.1","(X)","(X)","(X)","(X)","(X)","-888888888.0","(X)","-888888888.0","100.0","3.2","100.0","4.6","100.0","36.9","100.0","26.5","100.0","19.8","0.0","3.2","0.0","4.6","0.0","36.9","0.0","26.5","0.0","19.8","0.0","3.2","0.0","4.6","0.0","36.9","0.0","26.5","0.0","19.8","93.0","4.9","93.9","6.3","100.0","36.9","81.1","20.0","93.9","9.2","7.0","4.9","6.1","6.3","0.0","36.9","18.9","20.0","6.1","9.2",
"1400000US06111005502","Census Tract 55.02, Ventura County, California","2075","116","765","161","130","77","289","113","891","150","2.33","0.17","3.19","0.25","2.61","0.58","2.71","0.36","1.42","0.29","1184","150","765","161","130","77","289","113","(X)","-888888888","2.97","0.18","3.19","0.25","2.31","0.32","2.67","0.36","(X)","-888888888","688","120","421","122","80","65","187","103","(X)","-888888888","31.0","10.5","25.2","10.8","68.8","30.8","27.8","23.9","(X)","-888888888.0","26.0","13.3","42.5","17.9","0.0","36.7","0.0","19.1","(X)","-888888888.0","43.0","14.4","32.3","17.4","31.3","30.8","72.2","23.9","(X)","(X)","2075","116","765","161","130","77","289","113","891","150","34.2","5.5","55.0","12.2","61.5","29.0","68.5","16.3","1.2","2.0","14.6","3.4","15.3","9.4","10.8","16.4","18.7","12.9","13.1","6.5","32.9","7.1","(X)","(X)","(X)","(X)","(X)","-888888888.0","76.7","10.3","4.5","2.3","(X)","(X)","(X)","(X)","(X)","-888888888.0","10.5","5.3","0.0","1.9","(X)","(X)","(X)","(X)","(X)","-888888888.0","(X)","-888888888.0","7.7","4.0","(X)","(X)","(X)","(X)","(X)","-888888888.0","(X)","-888888888.0","36.2","5.0","41.4","9.4","21.5","22.3","39.8","17.6","32.8","11.3","63.8","5.0","58.6","9.4","78.5","22.3","60.2","17.6","67.2","11.3","0.0","1.9","0.0","5.1","0.0","26.0","0.0","12.9","0.0","4.4","25.3","4.3","29.7","10.0","21.5","22.3","22.5","15.0","23.0","10.4","74.7","4.3","70.3","10.0","78.5","22.3","77.5","15.0","77.0","10.4",
"1400000US06111005503","Census Tract 55.03, Ventura County, California","997","98","637","109","44","39","118","63","198","61","2.75","0.21","3.10","0.23","3.11","0.69","3.62","0.87","1.03","0.05","799","94","637","109","44","39","118","63","(X)","-888888888","3.10","0.21","3.08","0.22","2.64","0.58","3.36","0.83","(X)","-888888888","363","78","298","73","20","30","45","41","(X)","-888888888","16.8","13.4","15.4","14.8","0.0","73.6","33.3","33.3","(X)","-888888888.0","4.1","5.2","5.0","6.3","0.0","73.6","0.0","49.0","(X)","-888888888.0","79.1","14.1","79.5","16.2","100.0","73.6","66.7","33.3","(X)","(X)","997","98","637","109","44","39","118","63","198","61","37.5","6.8","46.8","8.2","45.5","50.1","47.5","26.8","0.0","18.2","49.2","8.2","35.3","11.2","54.5","50.1","47.5","29.3","93.9","9.6","19.4","5.5","(X)","(X)","(X)","(X)","(X)","-888888888.0","97.5","4.9","15.3","5.3","(X)","(X)","(X)","(X)","(X)","-888888888.0","77.3","20.5","0.0","3.9","(X)","(X)","(X)","(X)","(X)","-888888888.0","(X)","-888888888.0","0.5","1.0","(X)","(X)","(X)","(X)","(X)","-888888888.0","(X)","-888888888.0","80.4","6.7","90.0","7.3","100.0","49.6","100.0","28.1","33.8","17.1","19.6","6.7","10.0","7.3","0.0","49.6","0.0","28.1","66.2","17.1","0.0","3.9","0.0","6.1","0.0","49.6","0.0","28.1","0.0","18.2","66.0","8.6","74.1","10.6","54.5","50.1","80.5","18.6","33.8","17.1","34.0","8.6","25.9","10.6","45.5","50.1","19.5","18.6","66.2","17.1",
"1400000US06111005504","Census Tract 55.04, Ventura County, California","1531","55","826","114","55","58","237","101","413","114","2.86","0.19","3.50","0.24","3.95","1.55","3.20","0.39","1.23","0.17","1118","108","826","114","55","58","237","101","(X)","-888888888","3.33","0.20","3.47","0.25","3.16","1.91","2.90","0.32","(X)","-888888888","510","112","375","89","47","54","88","53","(X)","-888888888","18.0","11.9","21.9","16.7","0.0","48.0","11.4","17.8","(X)","-888888888.0","9.6","7.4","5.6","7.2","0.0","48.0","31.8","24.3","(X)","-888888888.0","72.4","13.1","72.5","16.6","100.0","48.0","56.8","28.8","(X)","(X)","1531","55","826","114","55","58","237","101","413","114","40.2","7.2","49.9","8.2","85.5","29.7","62.0","19.8","2.2","3.5","39.6","5.0","31.1","6.0","34.5","44.5","34.2","19.1","60.5","11.8","23.6","6.3","(X)","(X)","(X)","(X)","(X)","-888888888.0","87.4","8.0","12.0","3.8","(X)","(X)","(X)","(X)","(X)","-888888888.0","44.3","11.8","1.6","1.7","(X)","(X)","(X)","(X)","(X)","-888888888.0","(X)","-888888888.0","2.7","2.0","(X)","(X)","(X)","(X)","(X)","-888888888.0","(X)","-888888888.0","77.5","4.7","92.4","7.0","100.0","44.4","72.6","14.9","47.5","12.0","22.5","4.7","7.6","7.0","0.0","44.4","27.4","14.9","52.5","12.0","0.0","2.6","0.0","4.7","0.0","44.4","0.0","15.5","0.0","9.2","67.7","5.4","83.3","7.1","80.0","37.5","55.3","21.6","42.1","12.1","32.3","5.4","16.7","7.1","20.0","37.5","44.7","21.6","57.9","12.1",
"1400000US06111005600","Census Tract 56, Ventura County, California","3350","151","1868","208","122","87","411","119","949","178","2.62","0.15","3.20","0.21","3.16","0.54","2.84","0.41","1.29","0.12","2401","162","1868","208","122","87","411","119","(X)","-888888888","3.07","0.18","3.18","0.20","2.83","0.34","2.66","0.42","(X)","-888888888","1193","169","911","184","82","78","200","81","(X)","-888888888","33.4","10.3","36.9","12.8","25.6","35.3","20.5","19.8","(X)","-888888888.0","12.8","6.2","13.3","7.2","18.3","32.9","8.5","13.8","(X)","-888888888.0","53.8","10.8","49.8","12.6","56.1","55.5","71.0","24.0","(X)","(X)","3350","151","1868","208","122","87","411","119","949","178","39.1","4.9","51.4","8.1","67.2","32.3","65.2","19.2","0.0","4.1","40.0","4.7","36.0","6.9","21.3","25.8","28.2","18.1","55.4","8.9","21.1","4.5","(X)","(X)","(X)","(X)","(X)","-888888888.0","74.6","10.6","10.3","3.1","(X)","(X)","(X)","(X)","(X)","-888888888.0","36.2","9.4","0.7","0.8","(X)","(X)","(X)","(X)","(X)","-888888888.0","(X)","-888888888.0","6.9","4.0","(X)","(X)","(X)","(X)","(X)","-888888888.0","(X)","-888888888.0","67.3","5.1","80.4","7.0","62.3","44.6","65.9","17.9","42.9","11.0","16.2","4.7","7.9","4.7","0.0","27.3","19.2","16.6","33.3","10.4","16.5","4.0","11.7","5.8","37.7","44.6","14.8","10.3","23.8","7.7","70.3","5.6","81.7","5.8","76.2","26.9","34.8","18.4","62.5","11.4","29.7","5.6","18.3","5.8","23.8","26.9","65.2","18.4","37.5","11.4",
"1400000US06111005700","Census Tract 57, Ventura County, California","519","67","264","67","7","11","119","86","129","61","2.79","0.38","3.43","0.50","1.86","0.47","3.07","0.21","1.28","0.27","390","90","264","67","7","11","119","86","(X)","-888888888","3.11","0.42","3.40","0.52","1.86","0.47","2.55","0.36","(X)","-888888888","247","95","144","48","7","11","96","81","(X)","-888888888","30.8","14.0","46.5","19.8","0.0","100.0","9.4","11.2","(X)","-888888888.0","30.0","18.9","24.3","18.3","0.0","100.0","40.6","44.1","(X)","-888888888.0","39.3","20.1","29.2","19.6","100.0","100.0","50.0","45.4","(X)","(X)","519","67","264","67","7","11","119","86","129","61","47.6","15.6","54.5","15.9","100.0","100.0","80.7","24.8","0.0","26.2","8.3","5.7","12.5","9.9","0.0","100.0","0.0","27.9","7.8","12.2","19.5","11.0","(X)","(X)","(X)","(X)","(X)","-888888888.0","78.3","18.5","0.0","7.4","(X)","(X)","(X)","(X)","(X)","-888888888.0","0.0","26.2","0.0","7.4","(X)","(X)","(X)","(X)","(X)","-888888888.0","(X)","-888888888.0","14.8","11.0","(X)","(X)","(X)","(X)","(X)","-888888888.0","(X)","-888888888.0","30.1","10.3","47.0","14.8","0.0","100.0","19.3","24.3","7.0","9.6","69.9","10.3","53.0","14.8","100.0","100.0","80.7","24.3","93.0","9.6","0.0","7.4","0.0","14.0","0.0","100.0","0.0","27.9","0.0","26.2","29.1","10.5","42.4","17.0","100.0","100.0","19.3","24.3","7.0","9.6","70.9","10.5","57.6","17.0","0.0","100.0","80.7","24.3","93.0","9.6",
"1400000US06111005801","Census Tract 58.01, Ventura County, California","1671","34","1229","104","95","77","158","70","189","93","3.35","0.22","3.69","0.23","3.01","0.14","2.68","0.51","1.87","0.77","1482","90","1229","104","95","77","158","70","(X)","-888888888","3.45","0.20","3.66","0.22","2.46","0.40","2.45","0.43","(X)","-888888888","934","100","720","100","86","76","128","72","(X)","-888888888","19.2","9.1","20.7","10.3","15.1","28.9","13.3","19.7","(X)","-888888888.0","16.0","10.7","19.0","13.4","0.0","35.1","9.4","14.2","(X)","-888888888.0","64.9","12.9","60.3","15.0","84.9","28.9","77.3","22.9","(X)","(X)","1671","34","1229","104","95","77","158","70","189","93","57.5","6.3","59.7","6.4","90.5","20.4","88.6","15.8","0.0","19.0","29.5","6.5","31.7","8.2","0.0","32.9","7.6","13.7","48.7","26.7","6.8","4.1","(X)","(X)","(X)","(X)","(X)","-888888888.0","60.3","29.2","2.6","2.3","(X)","(X)","(X)","(X)","(X)","-888888888.0","23.3","19.7","0.0","2.4","(X)","(X)","(X)","(X)","(X)","-888888888.0","(X)","-888888888.0","7.7","5.2","(X)","(X)","(X)","(X)","(X)","-888888888.0","(X)","-888888888.0","100.0","2.4","100.0","3.2","100.0","32.9","100.0","22.1","100.0","19.0","0.0","2.4","0.0","3.2","0.0","32.9","0.0","22.1","0.0","19.0","0.0","2.4","0.0","3.2","0.0","32.9","0.0","22.1","0.0","19.0","89.3","5.4","93.6","5.6","53.7","43.9","75.9","17.6","91.0","14.7","10.7","5.4","6.4","5.6","46.3","43.9","24.1","17.6","9.0","14.7",
"1400000US06111005802","Census Tract 58.02, Ventura County, California","2992","75","2124","135","114","61","281","97","473","122","3.07","0.12","3.45","0.14","3.17","0.76","3.24","0.54","1.22","0.13","2519","111","2124","135","114","61","281","97","(X)","-888888888","3.39","0.12","3.45","0.14","2.61","0.42","3.19","0.54","(X)","-888888888","1370","152","1134","155","62","43","174","88","(X)","-888888888","16.8","6.1","20.3","7.3","0.0","41.8","0.0","20.4","(X)","-888888888.0","19.1","7.0","22.2","8.1","0.0","41.8","5.2","10.6","(X)","-888888888.0","64.2","7.1","57.5","8.3","100.0","41.8","94.8","10.6","(X)","(X)","2992","75","2124","135","114","61","281","97","473","122","47.7","4.9","54.6","5.8","54.4","33.2","72.6","16.3","0.0","8.1","34.3","4.7","29.4","5.0","7.0","11.3","24.9","15.2","68.1","12.2","12.7","3.5","(X)","(X)","(X)","(X)","(X)","-888888888.0","80.1","12.4","8.5","2.9","(X)","(X)","(X)","(X)","(X)","-888888888.0","53.9","12.9","0.0","1.3","(X)","(X)","(X)","(X)","(X)","-888888888.0","(X)","-888888888.0","3.6","2.7","(X)","(X)","(X)","(X)","(X)","-888888888.0","(X)","-888888888.0","87.1","3.0","96.7","2.2","92.1","13.2","80.1","14.3","46.9","13.7","1.3","0.9","0.6","0.9","7.9","13.2","3.2","6.1","1.9","3.1","11.6","3.0","2.7","2.0","0.0","28.8","16.7","17.0","51.2","13.5","92.0","4.0","93.0","4.8","78.9","22.9","85.1","14.1","94.7","6.0","8.0","4.0","7.0","4.8","21.1","22.9","14.9","14.1","5.3","6.0",
"1400000US06111005901","Census Tract 59.01, Ventura County, California","2259","58","1628","139","69","50","254","101","308","80","3.01","0.11","3.26","0.16","3.99","1.51","3.35","0.49","1.17","0.14","1951","96","1628","139","69","50","254","101","(X)","-888888888","3.22","0.14","3.26","0.16","3.52","0.83","2.88","0.23","(X)","-888888888","891","83","707","102","25","26","159","85","(X)","-888888888","12.7","6.5","16.0","8.2","0.0","65.8","0.0","22.0","(X)","-888888888.0","19.3","8.6","22.8","11.1","0.0","65.8","6.9","16.5","(X)","-888888888.0","68.0","9.2","61.2","12.0","100.0","65.8","93.1","16.5","(X)","(X)","2259","58","1628","139","69","50","254","101","308","80","41.9","3.9","46.1","6.1","36.2","36.9","66.9","18.7","0.0","12.2","36.5","5.0","31.8","6.6","82.6","28.6","20.9","15.3","64.0","21.0","11.6","3.5","(X)","(X)","(X)","(X)","(X)","-888888888.0","84.7","12.4","5.6","2.6","(X)","(X)","(X)","(X)","(X)","-888888888.0","40.9","17.9","0.0","1.8","(X)","(X)","(X)","(X)","(X)","-888888888.0","(X)","-888888888.0","2.1","1.9","(X)","(X)","(X)","(X)","(X)","-888888888.0","(X)","-888888888.0","100.0","1.8","100.0","2.4","100.0","39.6","100.0","14.5","100.0","12.2","0.0","1.8","0.0","2.4","0.0","39.6","0.0","14.5","0.0","12.2","0.0","1.8","0.0","2.4","0.0","39.6","0.0","14.5","0.0","12.2","91.1","4.4","91.3","4.9","81.2","28.5","84.6","20.9","97.1","4.8","8.9","4.4","8.7","4.9","18.8","28.5","15.4","20.9","2.9","4.8",
"1400000US06111005906","Census Tract 59.06, Ventura County, California","2423","83","1597","134","130","84","195","106","501","117","2.67","0.17","3.01","0.14","3.39","1.27","3.01","0.57","1.28","0.25","1922","129","1597","134","130","84","195","106","(X)","-888888888","2.98","0.15","3.01","0.14","2.86","0.85","2.83","0.57","(X)","-888888888","841","124","724","124","53","42","64","40","(X)","-888888888","18.1","8.0","16.9","8.7","0.0","45.2","46.9","35.1","(X)","-888888888.0","23.9","10.4","25.8","11.5","0.0","45.2","21.9","31.1","(X)","-888888888.0","58.0","10.8","57.3","11.6","100.0","45.2","31.3","33.7","(X)","(X)","2423","83","1597","134","130","84","195","106","501","117","35.2","5.0","45.3","6.6","40.8","30.9","32.8","22.8","2.6","4.2","35.2","4.9","33.5","6.1","16.9","21.0","31.3","30.3","46.9","14.4","17.0","4.7","(X)","(X)","(X)","(X)","(X)","-888888888.0","82.4","11.6","7.9","3.9","(X)","(X)","(X)","(X)","(X)","-888888888.0","38.1","14.7","0.7","0.9","(X)","(X)","(X)","(X)","(X)","-888888888.0","(X)","-888888888.0","1.0","1.2","(X)","(X)","(X)","(X)","(X)","-888888888.0","(X)","-888888888.0","77.1","4.0","91.4","3.8","48.5","33.1","84.6","16.0","36.1","11.7","22.9","4.0","8.6","3.8","51.5","33.1","15.4","16.0","63.9","11.7","0.0","1.6","0.0","2.5","0.0","26.0","0.0","18.4","0.0","7.7","65.0","5.7","76.5","7.3","40.0","30.0","62.1","30.7","36.1","11.7","35.0","5.7","23.5","7.3","60.0","30.0","37.9","30.7","63.9","11.7",
"1400000US06111005907","Census Tract 59.07, Ventura County, California","1737","80","899","100","18","26","172","84","648","130","2.07","0.11","2.59","0.15","3.17","0.31","2.55","0.35","1.18","0.13","1089","116","899","100","18","26","172","84","(X)","-888888888","2.58","0.14","2.59","0.15","3.17","0.31","2.49","0.32","(X)","-888888888","290","74","197","51","0","132","93","67","(X)","-888888888","10.3","9.2","10.2","12.6","-","**","10.8","16.6","(X)","-888888888.0","20.7","14.1","30.5","20.3","-","**","0.0","33.4","(X)","-888888888.0","69.0","17.9","59.4","22.9","-","**","89.2","16.6","(X)","(X)","1737","80","899","100","18","26","172","84","648","130","17.6","4.3","22.9","5.1","0.0","77.5","58.1","24.3","0.0","6.0","60.0","5.6","61.6","7.1","0.0","77.5","33.1","22.6","66.7","11.6","31.1","6.9","(X)","(X)","(X)","(X)","(X)","-888888888.0","83.3","11.4","17.4","4.6","(X)","(X)","(X)","(X)","(X)","-888888888.0","46.6","11.4","1.2","1.6","(X)","(X)","(X)","(X)","(X)","-888888888.0","(X)","-888888888.0","2.6","1.8","(X)","(X)","(X)","(X)","(X)","-888888888.0","(X)","-888888888.0","88.8","4.8","93.9","4.2","100.0","77.5","80.8","17.6","83.5","10.8","11.2","4.8","6.1","4.2","0.0","77.5","19.2","17.6","16.5","10.8","0.0","2.3","0.0","4.3","0.0","77.5","0.0","20.6","0.0","6.0","75.5","6.7","81.6","6.8","0.0","77.5","86.0","15.4","66.4","14.4","24.5","6.7","18.4","6.8","100.0","77.5","14.0","15.4","33.6","14.4",
"1400000US06111005908","Census Tract 59.08, Ventura County, California","873","50","513","69","21","23","161","76","178","65","2.82","0.18","3.41","0.28","2.76","0.79","2.72","0.39","1.21","0.34","695","65","513","69","21","23","161","76","(X)","-888888888","3.18","0.25","3.41","0.28","2.76","0.79","2.50","0.24","(X)","-888888888","223","49","192","56","0","132","31","29","(X)","-888888888","13.5","13.9","15.6","16.2","-","**","0.0","59.1","(X)","-888888888.0","30.5","20.3","31.8","22.3","-","**","22.6","33.5","(X)","-888888888.0","56.1","20.1","52.6","22.2","-","**","77.4","33.5","(X)","(X)","873","50","513","69","21","23","161","76","178","65","31.2","6.0","42.5","9.6","52.4","52.4","26.7","20.5","0.0","20.0","37.7","7.6","42.1","9.4","52.4","52.4","19.9","21.6","39.3","22.2","19.6","6.7","(X)","(X)","(X)","(X)","(X)","-888888888.0","96.1","6.8","4.5","3.5","(X)","(X)","(X)","(X)","(X)","-888888888.0","21.9","16.7","0.0","4.5","(X)","(X)","(X)","(X)","(X)","-888888888.0","(X)","-888888888.0","0.8","1.1","(X)","(X)","(X)","(X)","(X)","-888888888.0","(X)","-888888888.0","98.6","2.3","97.7","4.0","100.0","71.8","100.0","21.8","100.0","20.0","1.4","2.3","2.3","4.0","0.0","71.8","0.0","21.8","0.0","20.0","0.0","4.5","0.0","7.5","0.0","71.8","0.0","21.8","0.0","20.0","89.3","7.6","93.8","6.7","47.6","52.4","100.0","21.8","71.9","29.8","10.7","7.6","6.2","6.7","52.4","52.4","0.0","21.8","28.1","29.8",
"1400000US06111005909","Census Tract 59.09, Ventura County, California","1355","103","714","114","66","65","129","54","446","117","2.63","0.30","3.36","0.42","4.27","1.63","2.45","0.31","1.28","0.20","909","117","714","114","66","65","129","54","(X)","-888888888","3.26","0.34","3.36","0.42","3.73","1.06","2.45","0.31","(X)","-888888888","403","110","299","97","66","65","38","29","(X)","-888888888","8.9","8.1","12.0","10.6","0.0","40.5","0.0","53.4","(X)","-888888888.0","21.3","14.0","20.4","14.6","37.9","52.5","0.0","53.4","(X)","-888888888.0","69.7","15.2","67.6","16.1","62.1","52.5","100.0","53.4","(X)","(X)","1355","103","714","114","66","65","129","54","446","117","31.2","8.0","41.9","10.9","100.0","40.5","45.0","21.1","0.0","8.6","46.9","7.6","40.1","10.2","0.0","40.5","31.8","20.9","69.1","13.2","27.2","7.2","(X)","(X)","(X)","(X)","(X)","-888888888.0","82.5","10.1","15.5","5.9","(X)","(X)","(X)","(X)","(X)","-888888888.0","47.1","15.7","0.0","2.9","(X)","(X)","(X)","(X)","(X)","-888888888.0","(X)","-888888888.0","4.2","3.6","(X)","(X)","(X)","(X)","(X)","-888888888.0","(X)","-888888888.0","69.7","6.9","84.0","7.7","51.5","51.5","83.7","17.1","45.5","13.8","5.5","5.3","0.0","5.4","48.5","51.5","0.0","26.2","9.6","11.4","24.7","5.7","16.0","7.7","0.0","40.5","16.3","17.1","44.8","14.3","82.8","7.4","85.0","10.9","37.9","52.5","84.5","17.4","85.4","11.9","17.2","7.4","15.0","10.9","62.1","52.5","15.5","17.4","14.6","11.9",
"1400000US06111005910","Census Tract 59.10, Ventura County, California","614","16","510","47","18","20","11","17","75","43","2.99","0.16","3.17","0.16","3.22","1.43","4.82","1.01","1.44","0.32","539","46","510","47","18","20","11","17","(X)","-888888888","3.12","0.17","3.17","0.16","2.22","0.39","2.18","0.36","(X)","-888888888","186","44","186","44","0","132","0","132","(X)","-888888888","17.2","16.0","17.2","16.0","-","**","-","-222222222.0","(X)","-888888888.0","17.7","16.4","17.7","16.4","-","**","-","-222222222.0","(X)","-888888888.0","65.1","22.3","65.1","22.3","-","**","-","-222222222.0","(X)","(X)","614","16","510","47","18","20","11","17","75","43","33.7","7.6","38.4","9.2","0.0","77.5","100.0","99.2","0.0","38.0","33.4","9.3","29.0","10.3","0.0","77.5","100.0","99.2","61.3","28.5","7.0","5.1","(X)","(X)","(X)","(X)","(X)","-888888888.0","57.3","31.1","5.4","4.8","(X)","(X)","(X)","(X)","(X)","-888888888.0","44.0","31.9","1.6","2.6","(X)","(X)","(X)","(X)","(X)","-888888888.0","(X)","-888888888.0","3.4","3.5","(X)","(X)","(X)","(X)","(X)","-888888888.0","(X)","-888888888.0","100.0","6.3","100.0","7.5","100.0","77.5","100.0","99.2","100.0","38.0","0.0","6.3","0.0","7.5","0.0","77.5","0.0","99.2","0.0","38.0","0.0","6.3","0.0","7.5","0.0","77.5","0.0","99.2","0.0","38.0","88.6","7.9","94.1","8.2","55.6","55.6","100.0","99.2","57.3","28.3","11.4","7.9","5.9","8.2","44.4","55.6","0.0","99.2","42.7","28.3",
"1400000US06111005911","Census Tract 59.11, Ventura County, California","1537","61","769","99","74","47","243","102","451","101","2.57","0.20","3.15","0.26","2.39","0.50","3.37","0.71","1.16","0.13","1086","105","769","99","74","47","243","102","(X)","-888888888","3.04","0.18","3.09","0.23","2.09","0.27","3.16","0.54","(X)","-888888888","504","84","317","59","61","42","126","82","(X)","-888888888","13.9","6.8","21.5","11.0","0.0","42.1","1.6","7.5","(X)","-888888888.0","27.4","13.1","30.0","14.8","0.0","42.1","34.1","40.2","(X)","-888888888.0","58.7","13.5","48.6","15.0","100.0","42.1","64.3","37.6","(X)","(X)","1537","61","769","99","74","47","243","102","451","101","33.3","5.4","42.3","8.1","82.4","25.7","51.9","22.1","0.0","8.5","35.0","5.4","34.9","8.1","28.4","27.9","27.2","21.7","40.6","14.4","25.2","6.2","(X)","(X)","(X)","(X)","(X)","-888888888.0","85.8","11.0","8.7","3.3","(X)","(X)","(X)","(X)","(X)","-888888888.0","29.7","11.5","0.1","0.5","(X)","(X)","(X)","(X)","(X)","-888888888.0","(X)","-888888888.0","5.9","4.4","(X)","(X)","(X)","(X)","(X)","-888888888.0","(X)","-888888888.0","85.0","5.2","88.7","5.9","70.3","29.4","100.0","15.1","72.9","13.3","15.0","5.2","11.3","5.9","29.7","29.4","0.0","15.1","27.1","13.3","0.0","2.6","0.0","5.1","0.0","38.2","0.0","15.1","0.0","8.5","68.7","6.8","81.1","7.2","24.3","26.1","47.7","22.9","66.1","12.9","31.3","6.8","18.9","7.2","75.7","26.1","52.3","22.9","33.9","12.9",
"1400000US06111006000","Census Tract 60, Ventura County, California","1502","38","924","106","158","100","130","74","290","94","3.32","0.21","3.63","0.32","4.40","1.13","3.93","0.99","1.50","0.44","1212","96","924","106","158","100","130","74","(X)","-888888888","3.53","0.22","3.48","0.22","3.80","0.92","3.63","1.02","(X)","-888888888","619","88","474","105","90","74","55","47","(X)","-888888888","13.2","8.8","12.4","8.4","25.6","39.3","0.0","44.4","(X)","-888888888.0","11.6","8.1","15.2","10.0","0.0","34.1","0.0","44.4","(X)","-888888888.0","75.1","10.4","72.4","10.8","74.4","39.3","100.0","44.4","(X)","(X)","1502","38","924","106","158","100","130","74","290","94","46.0","5.1","54.0","7.3","69.0","23.1","63.8","23.9","0.0","12.9","28.5","5.4","31.0","7.3","13.9","20.6","22.3","22.3","31.4","15.1","15.0","6.3","(X)","(X)","(X)","(X)","(X)","-888888888.0","77.6","16.5","2.6","2.1","(X)","(X)","(X)","(X)","(X)","-888888888.0","13.4","10.4","0.0","2.6","(X)","(X)","(X)","(X)","(X)","-888888888.0","(X)","-888888888.0","9.3","5.2","(X)","(X)","(X)","(X)","(X)","-888888888.0","(X)","-888888888.0","97.9","2.4","100.0","4.2","88.0","18.3","100.0","26.0","95.9","6.9","2.1","2.4","0.0","4.2","12.0","18.3","0.0","26.0","4.1","6.9","0.0","2.6","0.0","4.2","0.0","22.1","0.0","26.0","0.0","12.9","87.9","5.8","90.9","7.2","76.6","21.5","83.1","17.0","86.6","13.7","12.1","5.8","9.1","7.2","23.4","21.5","16.9","17.0","13.4","13.7",
"1400000US06111006100","Census Tract 61, Ventura County, California","2611","152","1577","181","96","64","282","118","656","163","3.10","0.27","3.72","0.26","3.01","0.59","3.87","1.30","1.29","0.18","1955","180","1577","181","96","64","282","118","(X)","-888888888","3.63","0.28","3.69","0.26","2.88","0.64","3.55","1.12","(X)","-888888888","1260","180","1007","178","52","53","201","111","(X)","-888888888","25.6","8.5","30.2","9.6","7.7","19.9","7.5","12.1","(X)","-888888888.0","14.3","7.4","16.1","8.8","9.6","27.4","6.5","10.5","(X)","-888888888.0","60.1","9.7","53.7","10.5","82.7","38.0","86.1","16.2","(X)","(X)","2611","152","1577","181","96","64","282","118","656","163","48.3","6.3","63.9","7.3","54.2","34.9","71.3","20.0","0.0","5.9","17.2","3.6","18.8","5.0","39.6","33.8","9.6","11.0","13.6","8.5","20.2","5.5","(X)","(X)","(X)","(X)","(X)","-888888888.0","80.3","10.8","2.3","1.7","(X)","(X)","(X)","(X)","(X)","-888888888.0","9.3","6.7","0.0","1.5","(X)","(X)","(X)","(X)","(X)","-888888888.0","(X)","-888888888.0","5.2","3.8","(X)","(X)","(X)","(X)","(X)","-888888888.0","(X)","-888888888.0","47.8","5.4","61.3","7.4","34.4","28.3","41.1","20.5","20.1","9.5","52.2","5.4","38.7","7.4","65.6","28.3","58.9","20.5","79.9","9.5","0.0","1.5","0.0","2.5","0.0","32.7","0.0","13.2","0.0","5.9","45.0","5.6","53.7","8.3","67.7","28.6","20.6","14.5","31.1","14.0","55.0","5.6","46.3","8.3","32.3","28.6","79.4","14.5","68.9","14.0",
"1400000US06111006200","Census Tract 62, Ventura County, California","1045","34","857","69","16","20","73","47","99","57","3.21","0.20","3.43","0.23","2.56","0.53","3.45","0.94","1.29","0.28","946","59","857","69","16","20","73","47","(X)","-888888888","3.33","0.20","3.34","0.20","2.19","0.24","3.45","0.94","(X)","-888888888","320","63","294","57","0","132","26","25","(X)","-888888888","19.1","12.0","20.7","13.0","-","**","0.0","64.5","(X)","-888888888.0","8.8","7.5","9.5","8.3","-","**","0.0","64.5","(X)","-888888888.0","72.2","12.5","69.7","13.8","-","**","100.0","64.5","(X)","(X)","1045","34","857","69","16","20","73","47","99","57","33.8","4.2","38.2","5.3","0.0","82.3","35.6","33.9","0.0","32.0","50.5","6.5","49.8","8.0","62.5","56.1","38.4","34.0","63.6","31.7","6.9","5.0","(X)","(X)","(X)","(X)","(X)","-888888888.0","72.7","25.4","2.7","2.5","(X)","(X)","(X)","(X)","(X)","-888888888.0","28.3","23.2","0.9","1.5","(X)","(X)","(X)","(X)","(X)","-888888888.0","(X)","-888888888.0","2.3","2.4","(X)","(X)","(X)","(X)","(X)","-888888888.0","(X)","-888888888.0","96.8","3.7","96.1","4.6","100.0","82.2","100.0","38.5","100.0","32.0","0.0","3.8","0.0","4.6","0.0","82.3","0.0","38.5","0.0","32.0","3.2","3.7","3.9","4.6","0.0","82.3","0.0","38.5","0.0","32.0","95.9","4.1","95.0","5.0","100.0","82.2","100.0","38.5","100.0","32.0","4.1","4.1","5.0","5.0","0.0","82.3","0.0","38.5","0.0","32.0",
"1400000US06111006301","Census Tract 63.01, Ventura County, California","2402","112","1367","135","67","70","173","128","795","155","2.61","0.13","3.38","0.16","3.28","1.02","2.53","0.58","1.24","0.16","1607","137","1367","135","67","70","173","128","(X)","-888888888","3.29","0.16","3.38","0.16","3.28","1.02","2.53","0.58","(X)","-888888888","763","136","611","113","55","67","97","72","(X)","-888888888","12.7","7.2","13.6","8.3","25.5","54.7","0.0","32.4","(X)","-888888888.0","8.4","6.5","10.5","8.2","0.0","44.4","0.0","32.4","(X)","-888888888.0","78.9","7.5","75.9","8.9","74.5","54.7","100.0","32.4","(X)","(X)","2402","112","1367","135","67","70","173","128","795","155","32.7","5.0","45.8","6.9","82.1","36.3","60.7","32.1","0.0","4.9","39.6","4.7","30.0","7.3","17.9","36.3","19.7","21.2","62.3","12.0","27.8","5.0","(X)","(X)","(X)","(X)","(X)","-888888888.0","84.0","11.4","18.7","4.2","(X)","(X)","(X)","(X)","(X)","-888888888.0","56.5","11.0","1.1","1.8","(X)","(X)","(X)","(X)","(X)","-888888888.0","(X)","-888888888.0","0.0","1.6","(X)","(X)","(X)","(X)","(X)","-888888888.0","(X)","-888888888.0","77.3","4.5","90.5","4.8","79.1","41.4","71.1","27.6","55.8","12.3","21.9","4.5","8.8","4.7","20.9","41.4","28.9","27.6","43.0","12.1","0.8","0.9","0.7","1.1","0.0","40.2","0.0","20.5","1.1","2.0","74.6","5.1","87.8","5.0","17.9","36.3","57.8","30.6","60.5","12.4","25.4","5.1","12.2","5.0","82.1","36.3","42.2","30.6","39.5","12.4",
"1400000US06111006302","Census Tract 63.02, Ventura County, California","812","40","491","93","97","72","76","52","148","73","2.86","0.31","3.40","0.32","3.16","0.26","2.58","0.50","-","-222222222.00","664","82","491","93","97","72","76","52","(X)","-888888888","3.19","0.27","3.34","0.31","3.04","0.34","2.41","0.31","(X)","-888888888","259","75","182","72","57","50","20","22","(X)","-888888888","22.4","15.1","24.7","17.4","22.8","46.8","0.0","73.6","(X)","-888888888.0","8.9","10.0","12.6","13.9","0.0","43.6","0.0","73.6","(X)","-888888888.0","68.7","16.0","62.6","20.3","77.2","46.8","100.0","73.6","(X)","(X)","812","40","491","93","97","72","76","52","148","73","32.9","9.1","38.7","11.7","58.8","41.5","26.3","27.9","0.0","23.4","50.2","10.9","41.3","13.3","41.2","41.5","36.8","31.8","92.6","12.0","18.2","9.1","(X)","(X)","(X)","(X)","(X)","-888888888.0","100.0","23.4","8.5","5.1","(X)","(X)","(X)","(X)","(X)","-888888888.0","46.6","25.1","0.0","4.8","(X)","(X)","(X)","(X)","(X)","-888888888.0","(X)","-888888888.0","1.6","2.7","(X)","(X)","(X)","(X)","(X)","-888888888.0","(X)","-888888888.0","91.4","6.0","96.3","4.4","86.6","26.6","100.0","37.7","73.6","23.5","8.6","6.0","3.7","4.4","13.4","26.6","0.0","37.7","26.4","23.5","0.0","4.8","0.0","7.8","0.0","32.4","0.0","37.7","0.0","23.4","70.0","7.2","77.8","8.3","41.2","41.5","100.0","37.7","47.3","28.7","30.0","7.2","22.2","8.3","58.8","41.5","0.0","37.7","52.7","28.7",
"1400000US06111006400","Census Tract 64, Ventura County, California","2305","116","1452","154","71","56","309","113","473","135","2.78","0.15","3.28","0.17","3.25","1.47","2.50","0.25","1.36","0.28","1832","130","1452","154","71","56","309","113","(X)","-888888888","3.10","0.15","3.25","0.17","3.25","1.47","2.36","0.17","(X)","-888888888","810","108","661","109","53","47","96","64","(X)","-888888888","6.7","6.1","8.2","7.3","0.0","45.2","0.0","32.7","(X)","-888888888.0","10.9","7.0","11.3","7.9","0.0","45.2","13.5","23.1","(X)","-888888888.0","82.5","8.3","80.5","9.1","100.0","45.2","86.5","23.1","(X)","(X)","2305","116","1452","154","71","56","309","113","473","135","37.5","5.1","48.1","6.3","100.0","39.0","31.1","17.0","0.0","8.1","40.4","5.0","40.3","6.7","25.4","40.0","25.9","14.6","52.6","15.3","16.4","5.1","(X)","(X)","(X)","(X)","(X)","-888888888.0","79.7","14.3","7.7","3.5","(X)","(X)","(X)","(X)","(X)","-888888888.0","37.6","14.6","0.0","1.7","(X)","(X)","(X)","(X)","(X)","-888888888.0","(X)","-888888888.0","4.6","3.1","(X)","(X)","(X)","(X)","(X)","-888888888.0","(X)","-888888888.0","98.3","1.7","100.0","2.7","100.0","39.0","100.0","12.1","91.8","8.5","1.7","1.7","0.0","2.7","0.0","39.0","0.0","12.1","8.2","8.5","0.0","1.7","0.0","2.7","0.0","39.0","0.0","12.1","0.0","8.1","86.0","6.0","89.2","6.1","81.7","33.1","81.9","21.1","79.7","15.3","14.0","6.0","10.8","6.1","18.3","33.1","18.1","21.1","20.3","15.3",
"1400000US06111006500","Census Tract 65, Ventura County, California","1051","37","721","85","62","47","67","50","201","91","3.26","0.20","3.55","0.27","2.39","0.51","3.67","1.10","2.32","0.71","850","93","721","85","62","47","67","50","(X)","-888888888","3.45","0.23","3.55","0.27","2.39","0.51","3.30","1.05","(X)","-888888888","394","82","377","82","17","21","0","132","(X)","-888888888","15.7","12.2","16.4","12.6","0.0","79.8","-","-222222222.0","(X)","-888888888.0","19.0","14.6","19.9","15.2","0.0","79.8","-","-222222222.0","(X)","-888888888.0","65.2","20.5","63.7","21.2","100.0","79.8","-","-222222222.0","(X)","(X)","1051","37","721","85","62","47","67","50","201","91","40.7","7.9","54.9","11.8","27.4","40.3","0.0","40.2","7.5","10.6","20.9","6.4","23.4","6.7","0.0","41.8","26.9","34.7","16.4","15.0","10.1","5.9","(X)","(X)","(X)","(X)","(X)","-888888888.0","52.7","25.8","2.6","3.2","(X)","(X)","(X)","(X)","(X)","-888888888.0","13.4","15.4","0.0","3.7","(X)","(X)","(X)","(X)","(X)","-888888888.0","(X)","-888888888.0","1.4","2.2","(X)","(X)","(X)","(X)","(X)","-888888888.0","(X)","-888888888.0","87.8","7.2","93.8","8.3","41.9","44.3","74.6","33.9","85.1","17.2","12.2","7.2","6.2","8.3","58.1","44.3","25.4","33.9","14.9","17.2","0.0","3.7","0.0","5.4","0.0","41.8","0.0","40.2","0.0","17.9","71.8","8.1","82.0","9.9","41.9","44.3","52.2","37.2","51.2","19.5","28.2","8.1","18.0","9.9","58.1","44.3","47.8","37.2","48.8","19.5",
"1400000US06111006600","Census Tract 66, Ventura County, California","1316","28","869","129","9","16","60","36","378","124","2.60","0.30","3.21","0.22","3.22","0.51","3.13","0.80","1.10","0.11","938","122","869","129","9","16","60","36","(X)","-888888888","3.18","0.21","3.20","0.22","2.22","0.36","3.13","0.80","(X)","-888888888","347","87","318","91","0","132","29","24","(X)","-888888888","13.3","10.8","11.3","10.7","-","**","34.5","55.1","(X)","-888888888.0","10.1","9.0","11.0","9.9","-","**","0.0","61.1","(X)","-888888888.0","76.7","12.0","77.7","12.3","-","**","65.5","55.1","(X)","(X)","1316","28","869","129","9","16","60","36","378","124","26.4","6.7","36.6","6.6","0.0","100.0","48.3","33.4","0.0","10.0","43.4","5.6","47.8","7.9","100.0","100.0","23.3","32.0","35.2","15.9","27.5","9.4","(X)","(X)","(X)","(X)","(X)","-888888888.0","95.8","4.9","6.3","4.0","(X)","(X)","(X)","(X)","(X)","-888888888.0","22.0","13.3","0.0","3.0","(X)","(X)","(X)","(X)","(X)","-888888888.0","(X)","-888888888.0","1.2","1.5","(X)","(X)","(X)","(X)","(X)","-888888888.0","(X)","-888888888.0","100.0","3.0","100.0","4.5","100.0","100.0","100.0","42.5","100.0","10.0","0.0","3.0","0.0","4.5","0.0","100.0","0.0","42.5","0.0","10.0","0.0","3.0","0.0","4.5","0.0","100.0","0.0","42.5","0.0","10.0","94.8","3.2","96.9","2.9","100.0","100.0","100.0","42.5","88.9","8.0","5.2","3.2","3.1","2.9","0.0","100.0","0.0","42.5","11.1","8.0",
"1400000US06111006700","Census Tract 67, Ventura County, California","1111","50","637","98","17","20","113","63","344","91","2.66","0.15","3.32","0.22","3.12","1.62","2.75","0.61","1.38","0.24","767","97","637","98","17","20","113","63","(X)","-888888888","3.17","0.22","3.32","0.22","2.47","0.90","2.43","0.48","(X)","-888888888","316","55","258","56","17","20","41","44","(X)","-888888888","25.6","15.2","31.4","17.8","0.0","79.8","0.0","51.4","(X)","-888888888.0","18.4","11.2","22.5","13.1","0.0","79.8","0.0","51.4","(X)","-888888888.0","56.0","15.7","46.1","17.3","100.0","79.8","100.0","51.4","(X)","(X)","1111","50","637","98","17","20","113","63","344","91","33.4","5.6","43.6","9.3","100.0","79.8","67.3","25.6","0.0","11.0","38.2","7.8","40.8","8.5","0.0","79.8","37.2","28.2","35.5","15.8","22.1","6.6","(X)","(X)","(X)","(X)","(X)","-888888888.0","71.2","18.0","7.3","4.5","(X)","(X)","(X)","(X)","(X)","-888888888.0","23.5","13.5","0.7","1.3","(X)","(X)","(X)","(X)","(X)","-888888888.0","(X)","-888888888.0","6.4","5.8","(X)","(X)","(X)","(X)","(X)","-888888888.0","(X)","-888888888.0","86.4","7.5","95.1","4.7","100.0","79.8","100.0","29.0","65.1","19.9","13.6","7.5","4.9","4.7","0.0","79.8","0.0","29.0","34.9","19.9","0.0","3.5","0.0","6.1","0.0","79.8","0.0","29.0","0.0","11.0","70.7","8.7","87.3","7.6","47.1","52.9","52.2","32.4","47.4","19.0","29.3","8.7","12.7","7.6","52.9","52.9","47.8","32.4","52.6","19.0",
"1400000US06111006800","Census Tract 68, Ventura County, California","1197","50","771","101","115","76","76","38","235","80","3.41","0.27","3.69","0.38","4.11","0.67","3.79","0.85","2.02","0.77","962","83","771","101","115","76","76","38","(X)","-888888888","3.33","0.31","3.48","0.36","2.92","0.73","2.47","0.31","(X)","-888888888","418","77","312","85","71","59","35","30","(X)","-888888888","11.5","9.8","6.4","7.3","0.0","39.0","80.0","45.0","(X)","-888888888.0","41.1","17.7","55.1","18.9","0.0","39.0","0.0","55.6","(X)","-888888888.0","47.4","15.7","38.5","17.9","100.0","39.0","20.0","45.0","(X)","(X)","1197","50","771","101","115","76","76","38","235","80","34.9","6.1","40.5","8.6","61.7","29.9","46.1","35.4","0.0","15.6","32.5","7.4","25.4","9.2","53.9","39.0","15.8","25.3","50.6","19.6","10.9","5.2","(X)","(X)","(X)","(X)","(X)","-888888888.0","55.3","22.0","6.3","4.3","(X)","(X)","(X)","(X)","(X)","-888888888.0","31.9","19.3","2.5","2.7","(X)","(X)","(X)","(X)","(X)","-888888888.0","(X)","-888888888.0","3.8","3.0","(X)","(X)","(X)","(X)","(X)","-888888888.0","(X)","-888888888.0","94.6","3.4","99.2","1.5","86.1","20.8","100.0","37.7","81.7","11.9","4.1","2.4","0.8","1.5","0.0","28.6","0.0","37.7","18.3","11.9","1.3","2.2","0.0","5.1","13.9","20.8","0.0","37.7","0.0","15.6","74.2","6.1","85.1","8.2","27.8","25.6","63.2","36.6","64.7","15.6","25.8","6.1","14.9","8.2","72.2","25.6","36.8","36.6","35.3","15.6",
"1400000US06111006900","Census Tract 69, Ventura County, California","1547","103","568","108","39","38","138","66","802","126","2.15","0.29","3.31","0.57","2.62","0.83","2.96","0.50","1.16","0.11","745","117","568","108","39","38","138","66","(X)","-888888888","2.99","0.33","3.06","0.39","2.36","0.44","2.89","0.50","(X)","-888888888","248","82","193","75","30","35","25","22","(X)","-888888888","27.0","18.7","34.7","21.6","0.0","60.1","0.0","65.8","(X)","-888888888.0","27.4","17.6","30.1","20.1","33.3","61.1","0.0","65.8","(X)","-888888888.0","45.6","21.5","35.2","22.6","66.7","61.1","100.0","65.8","(X)","(X)","1547","103","568","108","39","38","138","66","802","126","19.4","6.2","34.0","11.0","76.9","37.1","55.8","33.3","0.0","4.9","51.1","6.2","47.9","12.3","23.1","37.1","72.5","20.1","51.1","9.7","47.3","7.1","(X)","(X)","(X)","(X)","(X)","-888888888.0","91.3","4.6","22.4","5.6","(X)","(X)","(X)","(X)","(X)","-888888888.0","43.1","9.1","0.0","2.5","(X)","(X)","(X)","(X)","(X)","-888888888.0","(X)","-888888888.0","2.1","1.8","(X)","(X)","(X)","(X)","(X)","-888888888.0","(X)","-888888888.0","45.6","5.9","67.8","11.8","0.0","52.7","66.7","31.3","28.4","9.2","54.4","5.9","32.2","11.8","100.0","52.7","33.3","31.3","71.6","9.2","0.0","2.5","0.0","6.8","0.0","52.7","0.0","24.8","0.0","4.9","45.2","6.2","62.3","10.0","23.1","37.1","37.0","23.3","35.5","9.5","54.8","6.2","37.7","10.0","76.9","37.1","63.0","23.3","64.5","9.5",
"1400000US06111007000","Census Tract 70, Ventura County, California","1513","71","763","137","101","83","96","49","553","107","2.89","0.38","3.93","0.69","3.21","0.71","2.82","0.55","1.40","0.18","960","129","763","137","101","83","96","49","(X)","-888888888","3.47","0.33","3.65","0.39","2.81","0.44","2.71","0.48","(X)","-888888888","522","129","450","121","41","52","31","28","(X)","-888888888","31.4","16.3","34.0","18.2","0.0","51.4","35.5","46.5","(X)","-888888888.0","19.7","11.0","11.6","7.6","100.0","51.4","32.3","46.3","(X)","-888888888.0","48.9","17.0","54.4","18.4","0.0","51.4","32.3","45.6","(X)","(X)","1513","71","763","137","101","83","96","49","553","107","36.7","8.3","61.9","13.5","40.6","45.9","43.8","28.2","0.0","7.0","25.3","6.4","8.0","5.8","31.7","43.3","44.8","26.2","44.7","11.0","26.8","6.7","(X)","(X)","(X)","(X)","(X)","-888888888.0","73.2","11.6","15.6","5.3","(X)","(X)","(X)","(X)","(X)","-888888888.0","42.7","11.0","0.0","2.6","(X)","(X)","(X)","(X)","(X)","-888888888.0","(X)","-888888888.0","6.9","4.3","(X)","(X)","(X)","(X)","(X)","-888888888.0","(X)","-888888888.0","43.8","7.7","51.4","12.7","90.1","18.6","34.4","24.8","26.6","10.6","56.2","7.7","48.6","12.7","9.9","18.6","65.6","24.8","73.4","10.6","0.0","2.6","0.0","5.1","0.0","31.5","0.0","32.7","0.0","7.0","30.1","7.9","38.8","12.1","31.7","43.3","22.9","22.4","19.0","10.0","69.9","7.9","61.2","12.1","68.3","43.3","77.1","22.4","81.0","10.0",
"1400000US06111007100","Census Tract 71, Ventura County, California","2366","157","578","163","224","109","342","136","1222","185","2.19","0.16","3.38","0.38","3.42","0.81","2.90","0.23","1.19","0.13","1144","193","578","163","224","109","342","136","(X)","-888888888","3.10","0.23","3.31","0.37","2.95","0.51","2.83","0.25","(X)","-888888888","673","147","268","108","102","78","303","137","(X)","-888888888","14.1","10.0","26.9","22.8","10.8","18.6","4.0","5.9","(X)","-888888888.0","24.5","13.3","38.4","22.2","0.0","31.3","20.5","24.7","(X)","-888888888.0","61.4","15.5","34.7","23.1","89.2","18.6","75.6","24.6","(X)","(X)","2366","157","578","163","224","109","342","136","1222","185","30.4","5.6","49.5","13.1","58.5","21.7","88.6","11.9","0.0","3.2","23.8","5.4","22.0","7.3","8.0","12.6","0.0","11.0","34.3","9.4","45.5","6.8","(X)","(X)","(X)","(X)","(X)","-888888888.0","88.1","6.3","10.1","3.4","(X)","(X)","(X)","(X)","(X)","-888888888.0","19.6","6.2","0.0","1.7","(X)","(X)","(X)","(X)","(X)","-888888888.0","(X)","-888888888.0","3.6","2.0","(X)","(X)","(X)","(X)","(X)","-888888888.0","(X)","-888888888.0","31.9","6.3","38.8","14.1","42.4","25.2","17.5","14.4","30.7","9.2","59.1","6.3","52.1","14.9","57.6","25.2","82.5","14.4","56.2","9.8","9.0","4.3","9.2","7.0","0.0","16.3","0.0","11.0","13.1","7.5","38.4","7.6","55.2","13.5","42.9","24.9","16.1","14.9","35.8","10.7","61.6","7.6","44.8","13.5","57.1","24.9","83.9","14.9","64.2","10.7",
"1400000US06111007201","Census Tract 72.01, Ventura County, California","1178","29","830","98","40","49","145","62","163","64","2.89","0.15","3.16","0.22","3.20","0.48","3.11","0.39","1.23","0.24","1015","66","830","98","40","49","145","62","(X)","-888888888","3.05","0.17","3.10","0.21","2.13","0.15","3.03","0.38","(X)","-888888888","444","67","310","82","30","46","104","57","(X)","-888888888","7.4","11.2","10.6","15.2","0.0","60.1","0.0","30.9","(X)","-888888888.0","16.0","9.4","22.9","13.0","0.0","60.1","0.0","30.9","(X)","-888888888.0","76.6","11.0","66.5","13.1","100.0","60.1","100.0","30.9","(X)","(X)","1178","29","830","98","40","49","145","62","163","64","40.6","5.6","40.1","8.5","75.0","54.5","79.3","17.3","0.0","21.5","42.0","7.0","49.0","8.6","0.0","52.0","21.4","19.2","35.0","20.6","10.5","4.0","(X)","(X)","(X)","(X)","(X)","-888888888.0","76.1","25.7","4.8","2.9","(X)","(X)","(X)","(X)","(X)","-888888888.0","35.0","20.6","0.0","3.3","(X)","(X)","(X)","(X)","(X)","-888888888.0","(X)","-888888888.0","6.8","5.6","(X)","(X)","(X)","(X)","(X)","-888888888.0","(X)","-888888888.0","99.2","1.2","100.0","4.7","100.0","52.0","100.0","23.8","94.5","8.6","0.8","1.2","0.0","4.7","0.0","52.0","0.0","23.8","5.5","8.6","0.0","3.3","0.0","4.7","0.0","52.0","0.0","23.8","0.0","21.5","95.1","3.2","96.4","3.4","100.0","52.0","86.9","15.3","94.5","8.6","4.9","3.2","3.6","3.4","0.0","52.0","13.1","15.3","5.5","8.6",
"1400000US06111007202","Census Tract 72.02, Ventura County, California","1586","49","1028","133","32","45","237","94","289","95","2.78","0.18","3.12","0.15","2.28","0.21","3.54","0.99","1.02","0.04","1297","109","1028","133","32","45","237","94","(X)","-888888888","3.14","0.20","3.10","0.15","2.28","0.21","3.44","0.92","(X)","-888888888","458","70","367","73","0","132","91","53","(X)","-888888888","16.6","9.2","20.7","11.0","-","**","0.0","33.9","(X)","-888888888.0","14.6","10.9","12.8","10.8","-","**","22.0","31.3","(X)","-888888888.0","68.8","12.0","66.5","13.0","-","**","78.0","31.3","(X)","(X)","1586","49","1028","133","32","45","237","94","289","95","32.4","5.1","37.7","6.3","0.0","58.2","53.2","23.6","0.0","12.9","49.2","6.2","48.2","7.2","100.0","58.2","33.3","17.9","59.9","20.1","17.9","6.0","(X)","(X)","(X)","(X)","(X)","-888888888.0","98.3","3.2","6.0","2.7","(X)","(X)","(X)","(X)","(X)","-888888888.0","32.9","15.2","0.0","2.5","(X)","(X)","(X)","(X)","(X)","-888888888.0","(X)","-888888888.0","0.8","1.2","(X)","(X)","(X)","(X)","(X)","-888888888.0","(X)","-888888888.0","100.0","2.5","100.0","3.8","100.0","58.2","100.0","15.5","100.0","12.9","0.0","2.5","0.0","3.8","0.0","58.2","0.0","15.5","0.0","12.9","0.0","2.5","0.0","3.8","0.0","58.2","0.0","15.5","0.0","12.9","93.3","3.8","91.3","5.3","100.0","58.2","96.2","5.9","97.2","4.4","6.7","3.8","8.7","5.3","0.0","58.2","3.8","5.9","2.8","4.4",
"1400000US06111007300","Census Tract 73, Ventura County, California","650","87","505","94","10","17","30","31","105","51","2.57","0.21","2.76","0.27","3.10","0.62","3.77","0.63","1.30","0.28","545","83","505","94","10","17","30","31","(X)","-888888888","2.70","0.22","2.69","0.25","2.10","0.34","3.03","0.24","(X)","-888888888","140","36","110","48","0","132","30","31","(X)","-888888888","0.0","24.5","0.0","29.6","-","**","0.0","60.1","(X)","-888888888.0","0.0","24.5","0.0","29.6","-","**","0.0","60.1","(X)","-888888888.0","100.0","24.5","100.0","29.6","-","**","100.0","60.1","(X)","(X)","650","87","505","94","10","17","30","31","105","51","21.5","6.0","21.8","9.1","0.0","100.0","100.0","60.1","0.0","30.6","36.9","8.3","42.4","11.5","100.0","100.0","0.0","60.1","15.2","17.2","12.2","7.2","(X)","(X)","(X)","(X)","(X)","-888888888.0","75.2","25.3","0.0","6.0","(X)","(X)","(X)","(X)","(X)","-888888888.0","0.0","30.6","0.0","6.0","(X)","(X)","(X)","(X)","(X)","-888888888.0","(X)","-888888888.0","6.3","6.5","(X)","(X)","(X)","(X)","(X)","-888888888.0","(X)","-888888888.0","90.5","6.0","94.1","5.3","0.0","100.0","100.0","60.1","79.0","24.7","6.2","4.7","5.9","5.3","100.0","100.0","0.0","60.1","0.0","30.6","3.4","4.1","0.0","7.6","0.0","100.0","0.0","60.1","21.0","24.7","79.2","9.8","85.3","11.1","100.0","100.0","100.0","60.1","41.9","25.4","20.8","9.8","14.7","11.1","0.0","100.0","0.0","60.1","58.1","25.4",
"1400000US06111007402","Census Tract 74.02, Ventura County, California","2512","82","1529","141","134","101","184","80","665","139","2.40","0.12","2.83","0.15","2.78","0.42","3.10","0.52","1.14","0.11","1847","120","1529","141","134","101","184","80","(X)","-888888888","2.82","0.13","2.83","0.15","2.31","0.19","3.10","0.52","(X)","-888888888","707","111","492","136","109","95","106","58","(X)","-888888888","26.0","11.9","21.3","14.5","60.6","44.4","12.3","23.2","(X)","-888888888.0","3.5","4.2","5.1","6.0","0.0","29.8","0.0","30.4","(X)","-888888888.0","70.4","12.1","73.6","14.8","39.4","44.4","87.7","23.2","(X)","(X)","2512","82","1529","141","134","101","184","80","665","139","29.7","4.7","33.0","7.9","81.3","31.3","72.3","20.1","0.0","5.8","39.2","4.9","43.4","6.4","0.0","25.4","12.5","13.3","45.0","11.1","23.2","5.0","(X)","(X)","(X)","(X)","(X)","-888888888.0","87.8","9.3","6.9","3.2","(X)","(X)","(X)","(X)","(X)","-888888888.0","26.0","10.7","1.1","1.2","(X)","(X)","(X)","(X)","(X)","-888888888.0","(X)","-888888888.0","3.1","3.5","(X)","(X)","(X)","(X)","(X)","-888888888.0","(X)","-888888888.0","94.1","3.5","92.7","5.3","100.0","25.4","100.0","19.4","94.4","5.2","5.9","3.5","7.3","5.3","0.0","25.4","0.0","19.4","5.6","5.2","0.0","1.6","0.0","2.6","0.0","25.4","0.0","19.4","0.0","5.8","92.4","3.8","91.0","5.5","100.0","25.4","100.0","19.4","91.9","8.2","7.6","3.8","9.0","5.5","0.0","25.4","0.0","19.4","8.1","8.2",
"1400000US06111007403","Census Tract 74.03, Ventura County, California","2053","128","1141","142","23","31","279","121","610","150","2.64","0.13","3.40","0.18","2.09","0.17","2.72","0.32","1.20","0.16","1443","119","1141","142","23","31","279","121","(X)","-888888888","3.18","0.17","3.40","0.18","2.09","0.17","2.35","0.17","(X)","-888888888","945","103","712","93","10","16","223","114","(X)","-888888888","17.9","6.6","22.2","8.5","0.0","100.0","4.9","8.3","(X)","-888888888.0","10.9","6.3","12.5","7.5","0.0","100.0","6.3","10.5","(X)","-888888888.0","71.2","8.6","65.3","10.3","100.0","100.0","88.8","12.6","(X)","(X)","2053","128","1141","142","23","31","279","121","610","150","46.9","5.3","62.4","6.5","43.5","48.2","79.9","15.5","2.8","4.5","26.9","4.7","22.6","6.1","0.0","68.6","10.0","11.5","43.8","15.8","25.5","6.2","(X)","(X)","(X)","(X)","(X)","-888888888.0","85.7","9.9","7.7","4.3","(X)","(X)","(X)","(X)","(X)","-888888888.0","26.1","14.0","0.0","1.9","(X)","(X)","(X)","(X)","(X)","-888888888.0","(X)","-888888888.0","5.4","3.8","(X)","(X)","(X)","(X)","(X)","-888888888.0","(X)","-888888888.0","90.8","4.7","98.9","1.7","100.0","68.6","89.6","12.3","75.7","15.1","8.6","4.7","0.0","3.4","0.0","68.6","10.4","12.3","24.3","15.1","0.6","1.0","1.1","1.7","0.0","68.6","0.0","13.3","0.0","6.3","83.7","6.0","95.4","3.5","100.0","68.6","72.8","18.8","66.1","17.1","16.3","6.0","4.6","3.5","0.0","68.6","27.2","18.8","33.9","17.1",
"1400000US06111007405","Census Tract 74.05, Ventura County, California","2346","83","1410","140","70","67","215","82","651","141","2.78","0.16","3.50","0.18","3.86","0.38","2.59","0.25","1.18","0.11","1695","151","1410","140","70","67","215","82","(X)","-888888888","3.33","0.16","3.49","0.18","3.06","0.17","2.40","0.27","(X)","-888888888","1006","128","848","112","56","67","102","69","(X)","-888888888","17.8","6.9","21.1","7.9","0.0","44.0","0.0","31.3","(X)","-888888888.0","9.2","6.9","11.0","8.1","0.0","44.0","0.0","31.3","(X)","-888888888.0","73.0","9.4","67.9","10.7","100.0","44.0","100.0","31.3","(X)","(X)","2346","83","1410","140","70","67","215","82","651","141","43.7","5.0","61.5","6.1","80.0","44.5","47.4","22.9","0.0","6.0","21.4","4.2","20.9","5.9","0.0","39.3","17.2","16.1","26.3","10.0","23.6","6.0","(X)","(X)","(X)","(X)","(X)","-888888888.0","84.9","8.8","5.1","2.4","(X)","(X)","(X)","(X)","(X)","-888888888.0","18.4","8.6","0.0","1.7","(X)","(X)","(X)","(X)","(X)","-888888888.0","(X)","-888888888.0","6.5","3.7","(X)","(X)","(X)","(X)","(X)","-888888888.0","(X)","-888888888.0","83.8","3.9","90.0","4.6","100.0","39.3","80.0","17.7","69.7","9.5","16.2","3.9","10.0","4.6","0.0","39.3","20.0","17.7","30.3","9.5","0.0","1.7","0.0","2.8","0.0","39.3","0.0","16.9","0.0","6.0","81.4","5.3","87.9","5.3","100.0","39.3","62.3","21.8","71.7","13.4","18.6","5.3","12.1","5.3","0.0","39.3","37.7","21.8","28.3","13.4",
"1400000US06111007406","Census Tract 74.06, Ventura County, California","809","70","615","69","0","132","8","22","186","74","3.15","0.26","3.81","0.29","-","**","2.75","0.83","-","-222222222.00","623","72","615","69","0","132","8","22","(X)","-888888888","3.78","0.29","3.81","0.29","-","**","1.88","0.46","(X)","-888888888","421","63","413","62","0","132","8","22","(X)","-888888888","10.9","8.7","9.2","7.7","-","**","100.0","100.0","(X)","-888888888.0","3.6","6.1","3.6","6.3","-","**","0.0","100.0","(X)","-888888888.0","85.5","10.5","87.2","9.1","-","**","0.0","100.0","(X)","(X)","809","70","615","69","0","132","8","22","186","74","52.0","8.2","67.2","9.9","-","**","100.0","100.0","0.0","19.2","17.6","10.3","12.0","5.6","-","-222222222.0","0.0","100.0","36.6","38.8","23.0","8.4","(X)","(X)","(X)","(X)","(X)","-888888888.0","100.0","19.2","1.9","2.7","(X)","(X)","(X)","(X)","(X)","-888888888.0","8.1","12.8","0.0","4.8","(X)","(X)","(X)","(X)","(X)","-888888888.0","(X)","-888888888.0","1.0","2.8","(X)","(X)","(X)","(X)","(X)","-888888888.0","(X)","-888888888.0","73.9","8.9","97.2","4.5","-","**","0.0","100.0","0.0","19.2","26.1","8.9","2.8","4.5","-","**","100.0","100.0","100.0","19.2","0.0","4.8","0.0","6.3","-","**","0.0","100.0","0.0","19.2","71.4","8.7","94.0","6.6","-","**","0.0","100.0","0.0","19.2","28.6","8.7","6.0","6.6","-","**","100.0","100.0","100.0","19.2",
"1400000US06111007505","Census Tract 75.05, Ventura County, California","1045","83","596","97","76","43","149","65","224","82","3.09","0.28","3.52","0.34","3.03","0.73","3.86","0.89","1.47","0.60","821","88","596","97","76","43","149","65","(X)","-888888888","3.42","0.28","3.44","0.32","2.53","0.52","3.81","0.88","(X)","-888888888","332","75","250","75","24","26","58","48","(X)","-888888888","18.4","15.8","12.4","18.0","54.2","54.2","29.3","40.9","(X)","-888888888.0","28.6","12.5","33.6","16.2","45.8","54.2","0.0","43.2","(X)","-888888888.0","53.0","13.6","54.0","17.0","0.0","67.2","70.7","40.9","(X)","(X)","1045","83","596","97","76","43","149","65","224","82","35.4","7.4","41.9","11.1","31.6","36.5","64.4","31.4","0.0","16.3","44.4","9.4","42.6","10.8","21.1","26.8","51.7","25.2","52.2","22.6","17.4","7.1","(X)","(X)","(X)","(X)","(X)","-888888888.0","81.3","20.2","4.1","4.1","(X)","(X)","(X)","(X)","(X)","-888888888.0","19.2","18.3","0.8","1.3","(X)","(X)","(X)","(X)","(X)","-888888888.0","(X)","-888888888.0","4.8","4.7","(X)","(X)","(X)","(X)","(X)","-888888888.0","(X)","-888888888.0","90.4","4.2","97.8","3.4","84.2","21.9","100.0","23.2","66.5","16.3","9.6","4.2","2.2","3.4","15.8","21.9","0.0","23.2","33.5","16.3","0.0","3.8","0.0","6.5","0.0","37.7","0.0","23.2","0.0","16.3","89.6","6.1","92.6","6.5","65.8","24.8","100.0","23.2","82.6","20.0","10.4","6.1","7.4","6.5","34.2","24.8","0.0","23.2","17.4","20.0",
"1400000US06111007506","Census Tract 75.06, Ventura County, California","2281","86","1728","144","105","84","204","69","244","90","3.22","0.16","3.36","0.20","4.26","0.68","3.78","0.72","1.36","0.30","2037","115","1728","144","105","84","204","69","(X)","-888888888","3.31","0.16","3.31","0.19","3.56","0.78","3.18","0.49","(X)","-888888888","1060","127","827","145","91","79","142","64","(X)","-888888888","18.1","9.0","23.2","11.3","0.0","33.9","0.0","24.2","(X)","-888888888.0","15.8","9.3","18.4","11.1","0.0","33.9","10.6","16.7","(X)","-888888888.0","66.1","11.7","58.4","13.9","100.0","33.9","89.4","16.7","(X)","(X)","2281","86","1728","144","105","84","204","69","244","90","49.0","4.8","51.2","6.6","86.7","24.6","69.6","18.7","0.0","15.1","29.5","4.8","27.1","5.4","12.4","20.8","22.5","17.1","59.4","22.9","7.7","3.0","(X)","(X)","(X)","(X)","(X)","-888888888.0","71.7","22.6","2.8","2.0","(X)","(X)","(X)","(X)","(X)","-888888888.0","26.6","17.2","0.0","1.7","(X)","(X)","(X)","(X)","(X)","-888888888.0","(X)","-888888888.0","6.5","4.6","(X)","(X)","(X)","(X)","(X)","-888888888.0","(X)","-888888888.0","98.4","1.2","98.5","1.7","100.0","30.6","100.0","17.7","95.5","7.1","1.6","1.2","1.5","1.7","0.0","30.6","0.0","17.7","4.5","7.1","0.0","1.7","0.0","2.3","0.0","30.6","0.0","17.7","0.0","15.1","93.2","3.7","94.6","4.9","88.6","18.4","76.0","18.6","100.0","15.1","6.8","3.7","5.4","4.9","11.4","18.4","24.0","18.6","0.0","15.1",
"1400000US06111007507","Census Tract 75.07, Ventura County, California","2310","76","1856","137","92","66","124","88","238","78","3.14","0.14","3.34","0.13","3.38","0.46","3.24","1.05","1.47","0.32","2072","113","1856","137","92","66","124","88","(X)","-888888888","3.30","0.13","3.32","0.13","3.10","0.48","3.14","1.02","(X)","-888888888","1071","157","989","154","54","59","28","30","(X)","-888888888","23.9","7.0","20.3","7.2","77.8","61.6","46.4","53.6","(X)","-888888888.0","6.7","4.8","7.3","5.3","0.0","44.8","0.0","62.2","(X)","-888888888.0","69.4","8.9","72.4","8.7","22.2","61.6","53.6","53.6","(X)","(X)","2310","76","1856","137","92","66","124","88","238","78","48.1","5.9","54.7","6.6","58.7","35.3","22.6","31.5","5.9","9.2","26.6","5.8","24.5","6.1","0.0","33.6","36.3","39.7","47.9","17.2","7.3","3.0","(X)","(X)","(X)","(X)","(X)","-888888888.0","70.6","12.2","4.4","2.6","(X)","(X)","(X)","(X)","(X)","-888888888.0","42.9","17.7","0.6","1.0","(X)","(X)","(X)","(X)","(X)","-888888888.0","(X)","-888888888.0","3.2","2.2","(X)","(X)","(X)","(X)","(X)","-888888888.0","(X)","-888888888.0","96.8","2.0","98.8","1.7","100.0","33.6","100.0","27.0","78.2","16.9","3.2","2.0","1.2","1.7","0.0","33.6","0.0","27.0","21.8","16.9","0.0","1.7","0.0","2.1","0.0","33.6","0.0","27.0","0.0","15.4","94.0","3.4","95.9","3.5","100.0","33.6","58.9","40.6","95.4","7.3","6.0","3.4","4.1","3.5","0.0","33.6","41.1","40.6","4.6","7.3",
"1400000US06111007508","Census Tract 75.08, Ventura County, California","1407","61","802","104","39","30","168","62","398","91","2.58","0.16","3.18","0.22","2.41","0.43","2.85","0.42","1.29","0.17","1009","91","802","104","39","30","168","62","(X)","-888888888","3.05","0.19","3.15","0.22","2.41","0.43","2.67","0.40","(X)","-888888888","446","62","301","75","8","12","137","53","(X)","-888888888","23.8","10.8","35.2","15.0","0.0","100.0","0.0","24.9","(X)","-888888888.0","13.2","8.8","19.6","13.1","0.0","100.0","0.0","24.9","(X)","-888888888.0","63.0","12.8","45.2","17.3","100.0","100.0","100.0","24.9","(X)","(X)","1407","61","802","104","39","30","168","62","398","91","33.0","4.3","38.4","7.8","20.5","30.6","88.1","12.1","0.0","9.6","32.6","5.7","34.9","9.4","56.4","41.9","6.0","8.1","36.7","12.5","21.1","5.5","(X)","(X)","(X)","(X)","(X)","-888888888.0","74.6","14.1","7.3","3.7","(X)","(X)","(X)","(X)","(X)","-888888888.0","25.9","12.0","0.6","1.2","(X)","(X)","(X)","(X)","(X)","-888888888.0","(X)","-888888888.0","4.2","2.7","(X)","(X)","(X)","(X)","(X)","-888888888.0","(X)","-888888888.0","86.3","5.1","89.0","5.3","79.5","30.6","64.9","23.8","90.5","9.1","13.7","5.1","11.0","5.3","20.5","30.6","35.1","23.8","9.5","9.1","0.0","2.8","0.0","4.9","0.0","52.7","0.0","21.0","0.0","9.6","74.4","6.1","73.8","8.2","56.4","41.9","55.4","24.0","85.4","9.9","25.6","6.1","26.2","8.2","43.6","41.9","44.6","24.0","14.6","9.9",
"1400000US06111007509","Census Tract 75.09, Ventura County, California","1519","90","952","136","0","132","274","130","293","107","2.90","0.22","3.31","0.23","-","**","2.84","0.56","1.62","0.58","1226","111","952","136","0","132","274","130","(X)","-888888888","3.16","0.20","3.29","0.22","-","**","2.71","0.53","(X)","-888888888","770","120","523","121","0","132","247","126","(X)","-888888888","19.1","10.5","26.2","13.4","-","**","4.0","7.1","(X)","-888888888.0","27.3","13.3","29.8","15.3","-","**","21.9","26.6","(X)","-888888888.0","53.6","13.0","44.0","13.2","-","**","74.1","27.7","(X)","(X)","1519","90","952","136","0","132","274","130","293","107","51.7","7.7","56.5","9.0","-","**","90.1","12.4","0.0","12.7","17.4","4.4","18.5","5.4","-","-222222222.0","2.6","4.3","28.0","15.9","12.5","7.1","(X)","(X)","(X)","(X)","(X)","-888888888.0","64.8","25.5","2.4","2.2","(X)","(X)","(X)","(X)","(X)","-888888888.0","12.6","11.0","0.0","2.6","(X)","(X)","(X)","(X)","(X)","-888888888.0","(X)","-888888888.0","3.0","2.7","(X)","(X)","(X)","(X)","(X)","-888888888.0","(X)","-888888888.0","64.3","6.4","78.9","7.2","-","**","54.7","25.6","25.9","16.7","35.7","6.4","21.1","7.2","-","**","45.3","25.6","74.1","16.7","0.0","2.6","0.0","4.1","-","**","0.0","13.6","0.0","12.7","59.0","6.2","73.6","7.2","-","**","48.2","26.2","21.5","15.8","41.0","6.2","26.4","7.2","-","**","51.8","26.2","78.5","15.8",
"1400000US06111007510","Census Tract 75.10, Ventura County, California","2085","47","1768","111","54","45","103","72","160","80","3.31","0.13","3.46","0.14","3.83","0.70","3.35","0.56","1.36","0.26","1925","91","1768","111","54","45","103","72","(X)","-888888888","3.43","0.12","3.44","0.13","3.65","0.75","3.18","0.65","(X)","-888888888","1139","104","1032","109","21","24","86","64","(X)","-888888888","21.5","9.4","23.7","10.3","0.0","71.8","0.0","35.1","(X)","-888888888.0","19.0","6.9","20.9","7.5","0.0","71.8","0.0","35.1","(X)","-888888888.0","59.5","10.5","55.3","11.2","100.0","71.8","100.0","35.1","(X)","(X)","2085","47","1768","111","54","45","103","72","160","80","56.8","4.3","59.9","5.1","66.7","40.4","83.5","23.5","2.5","6.6","28.0","4.7","25.6","5.2","33.3","40.4","42.7","36.3","43.8","27.7","5.2","3.3","(X)","(X)","(X)","(X)","(X)","-888888888.0","68.1","23.8","2.3","1.8","(X)","(X)","(X)","(X)","(X)","-888888888.0","30.0","25.5","1.3","1.5","(X)","(X)","(X)","(X)","(X)","-888888888.0","(X)","-888888888.0","2.3","1.9","(X)","(X)","(X)","(X)","(X)","-888888888.0","(X)","-888888888.0","99.5","0.8","99.4","0.9","100.0","44.8","100.0","31.1","100.0","21.9","0.0","1.9","0.0","2.2","0.0","44.8","0.0","31.1","0.0","21.9","0.5","0.8","0.6","0.9","0.0","44.8","0.0","31.1","0.0","21.9","94.2","3.4","95.2","3.6","72.2","39.1","83.5","26.9","97.5","6.6","5.8","3.4","4.8","3.6","27.8","39.1","16.5","26.9","2.5","6.6",
"1400000US06111007511","Census Tract 75.11, Ventura County, California","789","66","554","120","67","72","71","69","97","49","2.94","0.28","3.08","0.32","2.58","0.53","4.24","0.98","1.46","0.37","692","73","554","120","67","72","71","69","(X)","-888888888","2.98","0.27","3.05","0.32","2.58","0.53","2.79","1.18","(X)","-888888888","250","97","184","71","54","67","12","21","(X)","-888888888","5.2","8.7","7.1","11.8","0.0","44.8","0.0","95.0","(X)","-888888888.0","10.0","12.5","13.6","15.4","0.0","44.8","0.0","95.0","(X)","-888888888.0","84.8","15.6","79.3","19.0","100.0","44.8","100.0","95.0","(X)","(X)","789","66","554","120","67","72","71","69","97","49","35.6","12.1","35.7","12.8","80.6","38.2","40.8","54.7","0.0","32.4","21.9","9.9","22.6","12.5","0.0","40.2","23.9","43.1","32.0","27.3","7.5","5.2","(X)","(X)","(X)","(X)","(X)","-888888888.0","60.8","32.5","1.9","2.9","(X)","(X)","(X)","(X)","(X)","-888888888.0","15.5","22.3","0.0","4.9","(X)","(X)","(X)","(X)","(X)","-888888888.0","(X)","-888888888.0","2.8","3.9","(X)","(X)","(X)","(X)","(X)","-888888888.0","(X)","-888888888.0","100.0","4.9","100.0","7.0","100.0","40.2","100.0","39.0","100.0","32.4","0.0","4.9","0.0","7.0","0.0","40.2","0.0","39.0","0.0","32.4","0.0","4.9","0.0","7.0","0.0","40.2","0.0","39.0","0.0","32.4","97.2","3.9","100.0","7.0","100.0","40.2","100.0","39.0","77.3","29.4","2.8","3.9","0.0","7.0","0.0","40.2","0.0","39.0","22.7","29.4",
"1400000US06111007512","Census Tract 75.12, Ventura County, California","1636","119","1074","159","51","48","147","92","364","127","2.94","0.30","3.58","0.30","2.41","0.32","2.90","0.62","1.14","0.13","1272","118","1074","159","51","48","147","92","(X)","-888888888","3.42","0.29","3.56","0.29","2.41","0.32","2.71","0.43","(X)","-888888888","661","115","570","122","14","23","77","52","(X)","-888888888","11.5","8.6","13.3","10.1","0.0","87.9","0.0","37.5","(X)","-888888888.0","25.6","12.4","29.6","13.4","0.0","87.9","0.0","37.5","(X)","-888888888.0","62.9","11.6","57.0","12.3","100.0","87.9","100.0","37.5","(X)","(X)","1636","119","1074","159","51","48","147","92","364","127","44.1","6.8","58.0","7.9","27.5","39.4","57.1","32.3","0.0","10.4","24.2","6.9","27.7","8.0","72.5","39.4","12.9","15.5","11.8","11.9","19.3","7.4","(X)","(X)","(X)","(X)","(X)","-888888888.0","86.5","12.7","0.8","1.2","(X)","(X)","(X)","(X)","(X)","-888888888.0","3.6","5.6","0.7","1.3","(X)","(X)","(X)","(X)","(X)","-888888888.0","(X)","-888888888.0","3.5","2.7","(X)","(X)","(X)","(X)","(X)","-888888888.0","(X)","-888888888.0","87.3","6.4","95.0","4.1","100.0","46.1","75.5","32.9","67.9","21.8","12.7","6.4","5.0","4.1","0.0","46.1","24.5","32.9","32.1","21.8","0.0","2.4","0.0","3.7","0.0","46.1","0.0","23.5","0.0","10.4","74.7","7.8","83.6","7.5","100.0","46.1","46.3","30.8","56.3","24.0","25.3","7.8","16.4","7.5","0.0","46.1","53.7","30.8","43.7","24.0",
"1400000US06111007513","Census Tract 75.13, Ventura County, California","515","16","430","59","0","132","48","49","37","36","3.54","0.71","3.44","0.73","-","**","6.44","0.64","-","-222222222.00","478","38","430","59","0","132","48","49","(X)","-888888888","3.68","0.78","3.44","0.73","-","**","5.81","2.14","(X)","-888888888","160","84","124","70","0","132","36","56","(X)","-888888888","0.0","21.9","0.0","27.0","-","**","0.0","54.8","(X)","-888888888.0","61.3","30.2","50.0","37.4","-","**","100.0","54.8","(X)","-888888888.0","38.8","30.2","50.0","37.4","-","**","0.0","54.8","(X)","(X)","515","16","430","59","0","132","48","49","37","36","33.2","16.5","31.4","16.4","-","**","75.0","64.5","0.0","54.1","57.3","14.8","65.8","15.1","-","-222222222.0","0.0","47.5","32.4","47.0","7.2","7.0","(X)","(X)","(X)","(X)","(X)","-888888888.0","100.0","54.1","2.3","3.8","(X)","(X)","(X)","(X)","(X)","-888888888.0","32.4","47.0","0.0","7.5","(X)","(X)","(X)","(X)","(X)","-888888888.0","(X)","-888888888.0","0.0","7.5","(X)","(X)","(X)","(X)","(X)","-888888888.0","(X)","-888888888.0","100.0","7.5","100.0","8.9","-","**","100.0","47.5","100.0","54.1","0.0","7.5","0.0","8.9","-","**","0.0","47.5","0.0","54.1","0.0","7.5","0.0","8.9","-","**","0.0","47.5","0.0","54.1","100.0","7.5","100.0","8.9","-","**","100.0","47.5","100.0","54.1","0.0","7.5","0.0","8.9","-","**","0.0","47.5","0.0","54.1",
"1400000US06111007514","Census Tract 75.14, Ventura County, California","2850","99","1457","197","16","27","252","119","1125","203","2.40","0.16","3.05","0.22","2.25","0.26","3.23","0.51","1.38","0.20","1725","199","1457","197","16","27","252","119","(X)","-888888888","3.07","0.19","3.05","0.22","2.25","0.26","3.23","0.51","(X)","-888888888","824","154","641","165","0","132","183","113","(X)","-888888888","10.0","8.3","12.8","10.5","-","**","0.0","19.5","(X)","-888888888.0","22.5","10.9","25.6","13.3","-","**","11.5","15.5","(X)","-888888888.0","67.6","13.7","61.6","16.3","-","**","88.5","15.5","(X)","(X)","2850","99","1457","197","16","27","252","119","1125","203","30.2","5.3","44.0","8.6","0.0","82.3","72.6","19.1","3.3","5.2","32.6","4.4","24.2","5.6","100.0","82.2","16.3","14.1","46.3","10.1","28.2","5.8","(X)","(X)","(X)","(X)","(X)","-888888888.0","71.4","11.3","14.5","4.4","(X)","(X)","(X)","(X)","(X)","-888888888.0","36.6","9.4","0.2","0.4","(X)","(X)","(X)","(X)","(X)","-888888888.0","(X)","-888888888.0","4.0","2.2","(X)","(X)","(X)","(X)","(X)","-888888888.0","(X)","-888888888.0","50.1","5.9","67.9","9.5","0.0","82.3","27.8","27.3","32.8","10.4","49.9","5.9","32.1","9.5","100.0","82.2","72.2","27.3","67.2","10.4","0.0","1.4","0.0","2.7","0.0","82.3","0.0","14.6","0.0","3.5","44.1","4.7","59.1","8.9","0.0","82.3","27.8","27.1","29.1","8.8","55.9","4.7","40.9","8.9","100.0","82.2","72.2","27.1","70.9","8.8",
"1400000US06111007606","Census Tract 76.06, Ventura County, California","327","55","275","59","14","23","28","37","10","16","3.46","0.37","3.29","0.41","4.71","0.90","5.00","0.56","2.20","0.46","317","51","275","59","14","23","28","37","(X)","-888888888","3.50","0.37","3.29","0.41","4.71","0.90","5.00","0.56","(X)","-888888888","139","52","125","50","14","23","0","132","(X)","-888888888","6.5","10.8","7.2","12.1","0.0","87.9","-","-222222222.0","(X)","-888888888.0","5.0","8.2","5.6","9.4","0.0","87.9","-","-222222222.0","(X)","-888888888.0","88.5","13.1","87.2","14.9","100.0","87.9","-","-222222222.0","(X)","(X)","327","55","275","59","14","23","28","37","10","16","47.1","12.4","50.9","12.5","100.0","87.9","0.0","62.2","0.0","100.0","35.2","14.2","31.6","14.1","0.0","87.9","100.0","62.2","0.0","100.0","0.0","11.5","(X)","(X)","(X)","(X)","(X)","-888888888.0","0.0","100.0","0.0","11.5","(X)","(X)","(X)","(X)","(X)","-888888888.0","0.0","100.0","3.1","4.8","(X)","(X)","(X)","(X)","(X)","-888888888.0","(X)","-888888888.0","0.0","11.5","(X)","(X)","(X)","(X)","(X)","-888888888.0","(X)","-888888888.0","100.0","11.5","100.0","13.5","100.0","87.9","100.0","62.2","100.0","100.0","0.0","11.5","0.0","13.5","0.0","87.9","0.0","62.2","0.0","100.0","0.0","11.5","0.0","13.5","0.0","87.9","0.0","62.2","0.0","100.0","95.1","5.5","94.2","6.5","100.0","87.9","100.0","62.2","100.0","100.0","4.9","5.5","5.8","6.5","0.0","87.9","0.0","62.2","0.0","100.0",
"1400000US06111007607","Census Tract 76.07, Ventura County, California","2039","72","1533","99","45","36","101","60","360","98","2.97","0.12","3.36","0.16","3.80","1.19","3.13","0.64","1.15","0.16","1679","101","1533","99","45","36","101","60","(X)","-888888888","3.30","0.14","3.32","0.15","2.84","1.06","3.13","0.64","(X)","-888888888","886","97","801","94","34","32","51","43","(X)","-888888888","9.1","6.0","10.1","6.6","0.0","56.4","0.0","46.1","(X)","-888888888.0","13.4","6.9","13.5","7.4","32.4","46.6","0.0","46.1","(X)","-888888888.0","77.4","8.5","76.4","9.2","67.6","46.6","100.0","46.1","(X)","(X)","2039","72","1533","99","45","36","101","60","360","98","44.3","4.5","53.4","6.6","75.6","36.9","50.5","28.4","0.0","10.5","22.8","4.3","15.1","4.2","13.3","24.3","41.6","30.1","51.4","19.0","16.3","4.5","(X)","(X)","(X)","(X)","(X)","-888888888.0","92.5","7.5","4.5","3.2","(X)","(X)","(X)","(X)","(X)","-888888888.0","25.6","18.2","0.0","1.9","(X)","(X)","(X)","(X)","(X)","-888888888.0","(X)","-888888888.0","1.2","1.3","(X)","(X)","(X)","(X)","(X)","-888888888.0","(X)","-888888888.0","97.8","2.1","100.0","2.6","100.0","49.0","100.0","31.5","87.5","11.2","2.2","2.1","0.0","2.6","0.0","49.0","0.0","31.5","12.5","11.2","0.0","1.9","0.0","2.6","0.0","49.0","0.0","31.5","0.0","10.5","93.1","3.9","95.4","3.6","88.9","22.5","69.3","29.2","90.3","11.2","6.9","3.9","4.6","3.6","11.1","22.5","30.7","29.2","9.7","11.2",
"1400000US06111007609","Census Tract 76.09, Ventura County, California","804","36","601","79","71","51","34","39","98","51","3.38","0.25","3.62","0.23","3.30","1.47","4.47","1.71","1.57","0.69","706","66","601","79","71","51","34","39","(X)","-888888888","3.59","0.24","3.58","0.21","3.30","1.47","4.47","1.71","(X)","-888888888","323","90","293","92","16","24","14","24","(X)","-888888888","27.9","10.9","30.7","12.7","0.0","82.3","0.0","87.9","(X)","-888888888.0","9.0","10.6","5.1","8.5","0.0","82.3","100.0","87.9","(X)","-888888888.0","63.2","13.0","64.2","13.5","100.0","82.2","0.0","87.9","(X)","(X)","804","36","601","79","71","51","34","39","98","51","48.0","11.3","52.1","11.9","54.9","52.4","100.0","56.4","0.0","32.2","22.3","7.2","20.0","9.8","0.0","39.0","0.0","56.4","60.2","28.5","8.0","5.4","(X)","(X)","(X)","(X)","(X)","-888888888.0","65.3","32.5","4.4","4.3","(X)","(X)","(X)","(X)","(X)","-888888888.0","35.7","36.5","0.0","4.8","(X)","(X)","(X)","(X)","(X)","-888888888.0","(X)","-888888888.0","3.0","3.1","(X)","(X)","(X)","(X)","(X)","-888888888.0","(X)","-888888888.0","100.0","4.8","100.0","6.4","100.0","39.0","100.0","56.4","100.0","32.2","0.0","4.8","0.0","6.4","0.0","39.0","0.0","56.4","0.0","32.2","0.0","4.8","0.0","6.4","0.0","39.0","0.0","56.4","0.0","32.2","89.6","7.3","89.4","9.1","100.0","39.0","41.2","58.8","100.0","32.2","10.4","7.3","10.6","9.1","0.0","39.0","58.8","58.8","0.0","32.2",
"1400000US06111007610","Census Tract 76.10, Ventura County, California","1677","73","1227","137","49","45","128","93","273","86","3.15","0.16","3.58","0.21","2.39","0.48","3.34","0.72","1.25","0.22","1404","92","1227","137","49","45","128","93","(X)","-888888888","3.48","0.19","3.58","0.21","2.10","0.21","3.02","0.45","(X)","-888888888","816","92","729","114","11","17","76","77","(X)","-888888888","27.3","11.6","30.6","12.7","0.0","99.2","0.0","37.7","(X)","-888888888.0","10.3","7.4","11.5","8.2","0.0","99.2","0.0","37.7","(X)","-888888888.0","62.4","11.1","57.9","11.9","100.0","99.2","100.0","37.7","(X)","(X)","1677","73","1227","137","49","45","128","93","273","86","49.8","5.8","60.1","8.0","22.4","37.1","68.0","28.4","0.0","13.6","18.5","4.3","14.8","4.7","46.9","52.5","10.9","20.8","33.7","19.6","12.8","4.6","(X)","(X)","(X)","(X)","(X)","-888888888.0","78.4","18.4","5.5","3.2","(X)","(X)","(X)","(X)","(X)","-888888888.0","33.7","19.6","0.0","2.4","(X)","(X)","(X)","(X)","(X)","-888888888.0","(X)","-888888888.0","4.0","2.8","(X)","(X)","(X)","(X)","(X)","-888888888.0","(X)","-888888888.0","99.0","1.6","100.0","3.2","100.0","47.0","100.0","26.3","93.8","10.2","1.0","1.6","0.0","3.2","0.0","47.0","0.0","26.3","6.2","10.2","0.0","2.4","0.0","3.2","0.0","47.0","0.0","26.3","0.0","13.6","93.9","3.7","95.2","4.2","69.4","44.8","91.4","13.8","93.8","10.2","6.1","3.7","4.8","4.2","30.6","44.8","8.6","13.8","6.2","10.2",
"1400000US06111007611","Census Tract 76.11, Ventura County, California","962","59","642","126","35","57","138","66","147","84","4.60","0.38","4.85","0.63","6.77","0.62","6.45","3.36","1.26","0.30","815","100","642","126","35","57","138","66","(X)","-888888888","4.96","0.52","4.68","0.61","6.77","0.62","5.83","3.28","(X)","-888888888","563","101","421","115","35","57","107","60","(X)","-888888888","2.7","3.9","3.6","5.2","0.0","55.6","0.0","30.2","(X)","-888888888.0","45.6","19.5","35.4","21.3","100.0","55.6","68.2","44.1","(X)","-888888888.0","51.7","19.3","61.0","21.3","0.0","55.6","31.8","44.1","(X)","(X)","962","59","642","126","35","57","138","66","147","84","61.6","9.9","70.2","10.9","100.0","55.6","77.5","23.9","0.0","23.5","25.1","11.6","26.9","16.9","0.0","55.6","0.0","24.8","46.3","31.0","12.4","8.1","(X)","(X)","(X)","(X)","(X)","-888888888.0","81.0","23.1","7.1","4.7","(X)","(X)","(X)","(X)","(X)","-888888888.0","46.3","31.0","4.8","5.4","(X)","(X)","(X)","(X)","(X)","-888888888.0","(X)","-888888888.0","1.9","3.3","(X)","(X)","(X)","(X)","(X)","-888888888.0","(X)","-888888888.0","68.2","11.3","78.5","15.0","100.0","55.6","37.7","35.5","44.2","30.1","31.8","11.3","21.5","15.0","0.0","55.6","62.3","35.5","55.8","30.1","0.0","4.1","0.0","6.0","0.0","55.6","0.0","24.8","0.0","23.5","53.4","13.4","48.4","16.8","100.0","55.6","37.7","35.5","78.9","24.3","46.6","13.4","51.6","16.8","0.0","55.6","62.3","35.5","21.1","24.3",
"1400000US06111007612","Census Tract 76.12, Ventura County, California","1551","98","755","118","99","74","219","115","478","160","2.78","0.27","3.57","0.32","2.76","0.31","3.13","0.70","1.39","0.21","1073","127","755","118","99","74","219","115","(X)","-888888888","3.37","0.29","3.57","0.32","2.36","0.20","3.13","0.70","(X)","-888888888","482","117","379","104","40","45","63","56","(X)","-888888888","16.6","12.1","15.3","12.4","55.0","55.0","0.0","41.5","(X)","-888888888.0","25.5","13.0","26.4","15.6","0.0","52.0","36.5","51.4","(X)","-888888888.0","57.9","13.5","58.3","18.7","45.0","55.0","63.5","51.4","(X)","(X)","1551","98","755","118","99","74","219","115","478","160","35.2","8.1","51.3","10.7","40.4","37.2","54.3","29.1","0.0","8.0","23.4","5.7","27.3","9.7","15.2","24.6","0.0","16.6","29.7","13.2","21.3","7.0","(X)","(X)","(X)","(X)","(X)","-888888888.0","69.2","15.6","9.2","4.4","(X)","(X)","(X)","(X)","(X)","-888888888.0","29.7","13.2","0.0","2.5","(X)","(X)","(X)","(X)","(X)","-888888888.0","(X)","-888888888.0","4.7","4.7","(X)","(X)","(X)","(X)","(X)","-888888888.0","(X)","-888888888.0","47.2","6.3","76.2","8.8","60.6","37.7","6.8","11.7","17.2","14.3","52.8","6.3","23.8","8.8","39.4","37.7","93.2","11.7","82.8","14.3","0.0","2.5","0.0","5.2","0.0","32.0","0.0","16.6","0.0","8.0","40.2","6.3","67.5","10.6","60.6","37.7","6.8","11.7","7.9","8.1","59.8","6.3","32.5","10.6","39.4","37.7","93.2","11.7","92.1","8.1",
"1400000US06111007613","Census Tract 76.13, Ventura County, California","1123","72","842","90","18","28","82","56","181","85","3.17","0.20","3.48","0.23","4.67","2.47","3.71","1.29","1.33","0.31","942","70","842","90","18","28","82","56","(X)","-888888888","3.51","0.23","3.48","0.23","4.56","4.44","3.56","1.29","(X)","-888888888","603","85","570","87","18","28","15","20","(X)","-888888888","24.2","9.9","23.5","9.8","0.0","77.5","80.0","55.7","(X)","-888888888.0","18.9","8.5","17.0","8.0","94.4","94.4","0.0","84.9","(X)","-888888888.0","56.9","11.2","59.5","11.4","5.6","94.4","20.0","55.7","(X)","(X)","1123","72","842","90","18","28","82","56","181","85","55.1","7.7","67.7","8.5","100.0","77.5","37.8","33.7","0.0","19.7","17.4","5.7","14.0","7.4","0.0","77.5","50.0","37.6","19.9","18.1","11.7","6.2","(X)","(X)","(X)","(X)","(X)","-888888888.0","72.4","27.5","3.2","2.7","(X)","(X)","(X)","(X)","(X)","-888888888.0","19.9","18.1","0.1","1.3","(X)","(X)","(X)","(X)","(X)","-888888888.0","(X)","-888888888.0","2.8","4.3","(X)","(X)","(X)","(X)","(X)","-888888888.0","(X)","-888888888.0","95.2","2.8","99.5","1.1","100.0","77.5","100.0","36.1","72.4","20.9","4.8","2.8","0.5","1.1","0.0","77.5","0.0","36.1","27.6","20.9","0.0","3.5","0.0","4.6","0.0","77.5","0.0","36.1","0.0","19.7","93.9","3.1","99.4","1.3","100.0","77.5","87.8","19.7","70.2","22.1","6.1","3.1","0.6","1.3","0.0","77.5","12.2","19.7","29.8","22.1",
"1400000US06111007614","Census Tract 76.14, Ventura County, California","2218","154","1324","161","123","104","152","70","619","164","3.24","0.23","3.87","0.30","4.74","1.42","2.73","0.45","1.73","0.61","1599","150","1324","161","123","104","152","70","(X)","-888888888","3.65","0.26","3.82","0.28","3.15","0.59","2.59","0.34","(X)","-888888888","934","115","754","144","123","104","57","47","(X)","-888888888","22.3","8.1","25.2","8.9","0.0","27.2","31.6","39.7","(X)","-888888888.0","6.5","5.5","8.1","6.7","0.0","27.2","0.0","43.6","(X)","-888888888.0","71.2","9.9","66.7","11.3","100.0","27.2","68.4","39.7","(X)","(X)","2218","154","1324","161","123","104","152","70","619","164","45.1","5.1","61.3","8.4","100.0","27.2","43.4","22.9","0.0","6.3","17.7","5.5","16.2","7.8","0.0","27.2","17.1","18.6","24.7","12.0","19.0","5.7","(X)","(X)","(X)","(X)","(X)","-888888888.0","68.0","15.5","3.8","2.5","(X)","(X)","(X)","(X)","(X)","-888888888.0","13.6","9.3","0.6","1.0","(X)","(X)","(X)","(X)","(X)","-888888888.0","(X)","-888888888.0","2.6","2.3","(X)","(X)","(X)","(X)","(X)","-888888888.0","(X)","-888888888.0","88.1","4.2","92.1","4.6","100.0","27.2","100.0","22.9","74.2","13.1","6.3","3.4","4.2","3.4","0.0","27.2","0.0","22.9","13.4","10.2","5.6","2.4","3.6","3.1","0.0","27.2","0.0","22.9","12.4","8.3","90.9","4.8","92.7","4.6","100.0","27.2","88.8","16.3","85.8","15.2","9.1","4.8","7.3","4.6","0.0","27.2","11.2","16.3","14.2","15.2",
"1400000US06111007700","Census Tract 77, Ventura County, California","1923","91","974","146","128","83","325","107","496","119","2.98","0.24","3.52","0.29","2.70","0.52","3.87","0.73","1.39","0.18","1427","113","974","146","128","83","325","107","(X)","-888888888","3.49","0.28","3.52","0.29","2.49","0.54","3.77","0.69","(X)","-888888888","741","107","462","112","90","76","189","93","(X)","-888888888","19.0","10.2","22.1","12.3","31.1","43.9","5.8","9.9","(X)","-888888888.0","21.5","12.2","32.3","17.8","0.0","34.1","5.3","8.5","(X)","-888888888.0","59.5","14.4","45.7","18.5","68.9","43.9","88.9","13.6","(X)","(X)","1923","91","974","146","128","83","325","107","496","119","41.5","5.0","47.4","7.4","73.4","24.3","74.5","17.2","0.0","7.7","25.6","4.2","24.0","6.4","10.9","13.2","25.8","16.9","32.5","11.5","18.9","4.9","(X)","(X)","(X)","(X)","(X)","-888888888.0","73.2","12.0","6.9","2.8","(X)","(X)","(X)","(X)","(X)","-888888888.0","26.8","9.8","2.3","2.2","(X)","(X)","(X)","(X)","(X)","-888888888.0","(X)","-888888888.0","3.7","2.9","(X)","(X)","(X)","(X)","(X)","-888888888.0","(X)","-888888888.0","77.3","4.9","83.1","6.1","70.3","32.5","84.0","12.8","63.3","13.3","15.0","4.2","7.6","4.9","29.7","32.5","12.0","11.1","27.6","12.9","7.7","2.4","9.3","4.7","0.0","26.3","4.0","6.0","9.1","6.5","80.6","5.7","89.6","5.7","43.8","28.6","74.8","17.5","76.2","12.7","19.4","5.7","10.4","5.7","56.3","28.6","25.2","17.5","23.8","12.7",
"1400000US06111007800","Census Tract 78, Ventura County, California","1366","54","633","105","0","132","239","89","494","116","2.90","0.29","3.88","0.32","-","**","2.90","0.57","1.65","0.43","872","118","633","105","0","132","239","89","(X)","-888888888","3.41","0.23","3.70","0.25","-","**","2.64","0.57","(X)","-888888888","577","98","382","80","0","132","195","83","(X)","-888888888","25.6","10.9","35.6","13.7","-","**","6.2","9.6","(X)","-888888888.0","12.7","9.4","14.4","12.0","-","**","9.2","13.9","(X)","-888888888.0","61.7","13.8","50.0","17.6","-","**","84.6","13.8","(X)","(X)","1366","54","633","105","0","132","239","89","494","116","42.2","7.1","60.3","10.4","-","**","81.6","17.4","0.0","7.8","25.8","3.7","18.3","8.8","-","-222222222.0","8.8","10.8","43.7","12.3","26.5","7.1","(X)","(X)","(X)","(X)","(X)","-888888888.0","73.3","14.7","14.7","4.6","(X)","(X)","(X)","(X)","(X)","-888888888.0","40.7","12.5","0.6","0.8","(X)","(X)","(X)","(X)","(X)","-888888888.0","(X)","-888888888.0","7.0","5.0","(X)","(X)","(X)","(X)","(X)","-888888888.0","(X)","-888888888.0","34.6","6.5","62.1","11.8","-","**","13.4","14.4","9.5","8.4","65.4","6.5","37.9","11.8","-","**","86.6","14.4","90.5","8.4","0.0","2.9","0.0","6.1","-","**","0.0","15.4","0.0","7.8","28.7","6.2","52.4","10.6","-","**","5.4","6.6","9.5","8.4","71.3","6.2","47.6","10.6","-","**","94.6","6.6","90.5","8.4",
"1400000US06111007901","Census Tract 79.01, Ventura County, California","1678","55","837","140","232","108","197","77","412","108","3.19","0.19","3.73","0.29","3.07","0.51","3.71","0.78","1.91","0.46","1266","114","837","140","232","108","197","77","(X)","-888888888","3.42","0.22","3.68","0.29","2.61","0.55","3.30","0.71","(X)","-888888888","662","116","369","102","169","101","124","68","(X)","-888888888","26.9","13.1","48.2","16.4","0.0","20.9","0.0","27.0","(X)","-888888888.0","13.1","9.0","6.2","6.7","26.6","30.2","15.3","18.6","(X)","-888888888.0","60.0","12.5","45.5","15.6","73.4","30.2","84.7","18.6","(X)","(X)","1678","55","837","140","232","108","197","77","412","108","49.2","6.5","52.6","8.9","86.6","15.4","68.5","19.8","11.9","14.4","17.5","3.5","18.3","5.3","5.2","9.4","10.2","11.4","26.2","12.5","14.1","4.8","(X)","(X)","(X)","(X)","(X)","-888888888.0","57.5","14.1","3.6","2.4","(X)","(X)","(X)","(X)","(X)","-888888888.0","14.6","9.5","2.7","3.4","(X)","(X)","(X)","(X)","(X)","-888888888.0","(X)","-888888888.0","10.7","5.9","(X)","(X)","(X)","(X)","(X)","-888888888.0","(X)","-888888888.0","70.6","6.5","85.2","7.3","64.7","26.8","68.0","24.1","45.4","14.6","29.4","6.5","14.8","7.3","35.3","26.8","32.0","24.1","54.6","14.6","0.0","2.4","0.0","4.7","0.0","15.8","0.0","18.3","0.0","9.2","70.1","5.8","84.0","7.6","50.4","26.7","53.8","21.0","60.7","13.4","29.9","5.8","16.0","7.6","49.6","26.7","46.2","21.0","39.3","13.4",
"1400000US06111007903","Census Tract 79.03, Ventura County, California","1403","40","963","96","107","73","149","67","184","70","3.27","0.20","3.45","0.19","4.92","1.63","3.16","0.43","1.43","0.29","1219","73","963","96","107","73","149","67","(X)","-888888888","3.52","0.19","3.45","0.19","4.66","1.53","3.09","0.44","(X)","-888888888","631","77","538","88","33","52","60","59","(X)","-888888888","31.9","14.3","37.4","16.7","0.0","57.3","0.0","42.5","(X)","-888888888.0","14.4","9.0","7.4","4.6","100.0","57.3","30.0","44.5","(X)","-888888888.0","53.7","16.0","55.2","17.0","0.0","57.3","70.0","44.5","(X)","(X)","1403","40","963","96","107","73","149","67","184","70","50.1","5.7","57.2","6.6","66.4","40.0","54.4","27.3","0.0","19.4","29.9","5.2","21.3","6.6","48.6","40.3","43.0","26.7","53.3","22.0","9.4","3.9","(X)","(X)","(X)","(X)","(X)","-888888888.0","71.7","15.6","4.6","3.3","(X)","(X)","(X)","(X)","(X)","-888888888.0","35.3","22.6","0.7","1.1","(X)","(X)","(X)","(X)","(X)","-888888888.0","(X)","-888888888.0","2.9","3.7","(X)","(X)","(X)","(X)","(X)","-888888888.0","(X)","-888888888.0","100.0","2.8","100.0","4.1","100.0","30.2","100.0","23.2","100.0","19.4","0.0","2.8","0.0","4.1","0.0","30.2","0.0","23.2","0.0","19.4","0.0","2.8","0.0","4.1","0.0","30.2","0.0","23.2","0.0","19.4","86.1","6.1","89.1","6.3","69.2","39.4","87.9","17.9","78.8","18.8","13.9","6.1","10.9","6.3","30.8","39.4","12.1","17.9","21.2","18.8",
"1400000US06111007904","Census Tract 79.04, Ventura County, California","1703","31","1203","103","64","48","175","78","261","96","3.63","0.23","4.03","0.29","2.81","0.62","3.88","0.78","1.84","0.66","1442","87","1203","103","64","48","175","78","(X)","-888888888","3.68","0.26","3.76","0.29","2.53","0.56","3.54","0.72","(X)","-888888888","674","105","544","92","39","40","91","61","(X)","-888888888","7.9","5.6","9.7","7.0","0.0","52.7","0.0","33.9","(X)","-888888888.0","26.1","10.6","32.4","12.9","0.0","52.7","0.0","33.9","(X)","-888888888.0","66.0","12.1","57.9","14.8","100.0","52.7","100.0","33.9","(X)","(X)","1703","31","1203","103","64","48","175","78","261","96","42.0","6.1","47.6","6.4","60.9","37.2","58.9","24.6","0.0","14.2","33.2","5.4","37.1","6.8","23.4","28.3","25.1","19.4","23.4","17.3","9.0","4.7","(X)","(X)","(X)","(X)","(X)","-888888888.0","59.0","25.9","2.9","2.4","(X)","(X)","(X)","(X)","(X)","-888888888.0","19.2","15.1","1.9","1.8","(X)","(X)","(X)","(X)","(X)","-888888888.0","(X)","-888888888.0","4.9","4.2","(X)","(X)","(X)","(X)","(X)","-888888888.0","(X)","-888888888.0","99.5","0.9","100.0","3.3","100.0","41.1","100.0","20.3","96.6","5.6","0.5","0.9","0.0","3.3","0.0","41.1","0.0","20.3","3.4","5.6","0.0","2.3","0.0","3.3","0.0","41.1","0.0","20.3","0.0","14.2","88.9","4.7","90.9","5.1","100.0","41.1","77.7","19.7","84.3","14.3","11.1","4.7","9.1","5.1","0.0","41.1","22.3","19.7","15.7","14.3",
"1400000US06111008001","Census Tract 80.01, Ventura County, California","925","59","514","107","113","64","111","53","187","82","3.35","0.36","3.46","0.43","4.14","1.08","5.49","1.97","1.31","0.29","738","89","514","107","113","64","111","53","(X)","-888888888","3.37","0.30","3.31","0.37","3.70","1.24","3.32","0.62","(X)","-888888888","291","61","181","64","30","44","80","47","(X)","-888888888","30.2","16.5","29.3","19.8","0.0","60.1","43.8","32.6","(X)","-888888888.0","6.9","10.5","0.0","19.7","0.0","60.1","25.0","36.2","(X)","-888888888.0","62.9","16.1","70.7","19.8","100.0","60.1","31.3","30.9","(X)","(X)","925","59","514","107","113","64","111","53","187","82","35.1","6.7","40.3","11.8","33.6","32.5","72.1","18.3","0.0","19.1","31.1","5.6","34.4","10.2","24.8","27.0","13.5","15.7","36.4","25.7","15.8","7.6","(X)","(X)","(X)","(X)","(X)","-888888888.0","78.1","19.0","5.6","6.3","(X)","(X)","(X)","(X)","(X)","-888888888.0","27.8","26.0","0.0","4.2","(X)","(X)","(X)","(X)","(X)","-888888888.0","(X)","-888888888.0","1.7","2.0","(X)","(X)","(X)","(X)","(X)","-888888888.0","(X)","-888888888.0","93.5","3.6","100.0","7.5","86.7","19.8","65.8","22.5","96.3","6.6","6.5","3.6","0.0","7.5","13.3","19.8","34.2","22.5","3.7","6.6","0.0","4.2","0.0","7.5","0.0","29.0","0.0","29.4","0.0","19.1","87.4","5.1","90.9","6.1","78.8","23.2","58.6","24.9","100.0","19.1","12.6","5.1","9.1","6.1","21.2","23.2","41.4","24.9","0.0","19.1",
"1400000US06111008002","Census Tract 80.02, Ventura County, California","1505","63","773","104","152","87","248","94","332","113","3.01","0.20","3.58","0.27","3.64","0.61","3.13","0.35","1.31","0.22","1173","118","773","104","152","87","248","94","(X)","-888888888","3.18","0.19","3.47","0.25","2.65","0.50","2.60","0.32","(X)","-888888888","558","110","338","83","79","72","141","84","(X)","-888888888","33.7","12.7","14.8","11.2","84.8","30.4","50.4","33.9","(X)","-888888888.0","17.9","9.3","23.1","11.6","0.0","36.9","15.6","20.3","(X)","-888888888.0","48.4","14.2","62.1","15.5","15.2","30.4","34.0","31.7","(X)","(X)","1505","63","773","104","152","87","248","94","332","113","37.9","7.1","45.3","9.0","52.0","30.3","56.9","20.8","0.0","11.3","19.1","4.8","18.4","5.1","6.6","10.6","16.9","12.1","28.0","18.1","16.1","6.3","(X)","(X)","(X)","(X)","(X)","-888888888.0","73.2","18.5","2.8","2.5","(X)","(X)","(X)","(X)","(X)","-888888888.0","12.7","11.8","1.0","1.6","(X)","(X)","(X)","(X)","(X)","-888888888.0","(X)","-888888888.0","15.1","6.7","(X)","(X)","(X)","(X)","(X)","-888888888.0","(X)","-888888888.0","78.5","5.9","94.6","4.8","55.3","36.5","45.2","22.3","76.5","17.9","21.5","5.9","5.4","4.8","44.7","36.5","54.8","22.3","23.5","17.9","0.0","2.6","0.0","5.0","0.0","22.9","0.0","14.9","0.0","11.3","64.6","6.1","82.4","8.5","41.4","31.4","15.7","12.2","70.2","17.7","35.4","6.1","17.6","8.5","58.6","31.4","84.3","12.2","29.8","17.7",
"1400000US06111008004","Census Tract 80.04, Ventura County, California","1378","78","888","109","127","48","69","55","294","101","3.58","0.28","3.67","0.29","6.93","2.30","2.55","0.34","2.10","0.47","1084","96","888","109","127","48","69","55","(X)","-888888888","3.88","0.34","3.59","0.25","6.58","2.71","2.55","0.34","(X)","-888888888","541","101","435","107","57","50","49","49","(X)","-888888888","26.1","10.8","32.4","12.5","0.0","43.6","0.0","47.0","(X)","-888888888.0","6.8","6.2","8.5","7.7","0.0","43.6","0.0","47.0","(X)","-888888888.0","67.1","12.3","59.1","14.2","100.0","43.6","100.0","47.0","(X)","(X)","1378","78","888","109","127","48","69","55","294","101","44.6","7.0","50.1","9.3","86.6","11.2","71.0","33.0","3.7","6.1","34.4","6.7","31.5","8.2","74.8","19.8","29.0","33.0","26.9","17.1","7.6","4.0","(X)","(X)","(X)","(X)","(X)","-888888888.0","35.7","19.8","4.9","3.6","(X)","(X)","(X)","(X)","(X)","-888888888.0","22.8","17.3","0.0","2.9","(X)","(X)","(X)","(X)","(X)","-888888888.0","(X)","-888888888.0","11.0","6.5","(X)","(X)","(X)","(X)","(X)","-888888888.0","(X)","-888888888.0","98.5","1.7","98.9","1.7","91.3","12.6","100.0","39.6","100.0","12.7","1.5","1.7","1.1","1.7","8.7","12.6","0.0","39.6","0.0","12.7","0.0","2.9","0.0","4.4","0.0","26.5","0.0","39.6","0.0","12.7","76.9","6.6","88.3","6.4","23.6","19.6","100.0","39.6","60.2","20.4","23.1","6.6","11.7","6.4","76.4","19.6","0.0","39.6","39.8","20.4",
"1400000US06111008005","Census Tract 80.05, Ventura County, California","755","15","431","77","94","53","113","62","117","56","3.73","0.30","4.23","0.56","4.73","2.06","3.14","0.84","1.64","0.94","638","57","431","77","94","53","113","62","(X)","-888888888","3.94","0.41","4.10","0.49","4.57","2.03","2.78","0.94","(X)","-888888888","349","59","211","68","77","49","61","50","(X)","-888888888","8.9","7.8","8.1","9.1","0.0","37.5","23.0","33.1","(X)","-888888888.0","8.9","7.3","12.3","10.4","0.0","37.5","8.2","17.1","(X)","-888888888.0","82.2","10.2","79.6","12.9","100.0","37.5","68.9","34.3","(X)","(X)","755","15","431","77","94","53","113","62","117","56","56.6","7.5","63.3","12.0","81.9","21.7","68.1","27.9","0.0","28.2","25.6","6.6","24.8","9.3","18.1","21.7","23.0","21.0","36.8","29.2","12.8","6.6","(X)","(X)","(X)","(X)","(X)","-888888888.0","82.9","25.8","5.7","4.4","(X)","(X)","(X)","(X)","(X)","-888888888.0","36.8","29.2","2.0","3.3","(X)","(X)","(X)","(X)","(X)","-888888888.0","(X)","-888888888.0","1.5","2.5","(X)","(X)","(X)","(X)","(X)","-888888888.0","(X)","-888888888.0","97.5","3.8","100.0","8.9","79.8","26.7","100.0","29.0","100.0","28.2","2.5","3.8","0.0","8.9","20.2","26.7","0.0","29.0","0.0","28.2","0.0","5.2","0.0","8.9","0.0","33.1","0.0","29.0","0.0","28.2","83.7","7.9","93.5","7.8","79.8","26.7","50.4","24.8","82.9","25.8","16.3","7.9","6.5","7.8","20.2","26.7","49.6","24.8","17.1","25.8",
"1400000US06111008101","Census Tract 81.01, Ventura County, California","1092","25","798","98","45","48","100","62","149","66","3.13","0.23","3.49","0.27","2.71","0.62","3.34","0.52","1.14","0.15","943","69","798","98","45","48","100","62","(X)","-888888888","3.41","0.22","3.46","0.26","2.71","0.62","3.28","0.52","(X)","-888888888","444","88","345","92","39","46","60","51","(X)","-888888888","14.2","12.0","9.9","8.8","74.4","53.2","0.0","42.5","(X)","-888888888.0","23.2","14.5","19.7","15.2","0.0","52.7","58.3","46.8","(X)","-888888888.0","62.6","13.8","70.4","14.0","25.6","53.2","41.7","46.8","(X)","(X)","1092","25","798","98","45","48","100","62","149","66","42.5","8.1","45.7","10.0","86.7","34.1","60.0","29.0","0.0","23.2","27.6","4.8","27.8","6.9","13.3","34.1","31.0","25.8","28.2","18.4","11.7","5.6","(X)","(X)","(X)","(X)","(X)","-888888888.0","85.9","15.8","3.2","2.7","(X)","(X)","(X)","(X)","(X)","-888888888.0","23.5","18.2","0.0","3.6","(X)","(X)","(X)","(X)","(X)","-888888888.0","(X)","-888888888.0","2.5","2.5","(X)","(X)","(X)","(X)","(X)","-888888888.0","(X)","-888888888.0","93.7","4.0","95.4","4.1","100.0","49.0","100.0","31.7","78.5","19.8","6.3","4.0","4.6","4.1","0.0","49.0","0.0","31.7","21.5","19.8","0.0","3.6","0.0","4.9","0.0","49.0","0.0","31.7","0.0","23.2","76.4","10.2","76.8","12.4","77.8","44.1","69.0","36.1","78.5","15.8","23.6","10.2","23.2","12.4","22.2","44.1","31.0","36.1","21.5","15.8",
"1400000US06111008201","Census Tract 82.01, Ventura County, California","1333","58","766","128","135","84","157","67","275","84","3.00","0.21","3.54","0.32","2.99","0.45","3.25","0.57","1.33","0.28","1058","84","766","128","135","84","157","67","(X)","-888888888","3.21","0.18","3.39","0.25","2.70","0.46","2.76","0.50","(X)","-888888888","492","102","337","96","68","61","87","58","(X)","-888888888","26.4","18.0","38.6","21.3","0.0","39.9","0.0","34.9","(X)","-888888888.0","18.7","8.9","27.3","14.5","0.0","39.9","0.0","34.9","(X)","-888888888.0","54.9","16.9","34.1","15.9","100.0","39.9","100.0","34.9","(X)","(X)","1333","58","766","128","135","84","157","67","275","84","39.9","7.3","45.3","10.1","50.4","30.9","62.4","25.9","6.9","8.9","30.9","6.6","33.4","9.6","20.0","21.4","10.2","14.9","41.1","15.7","17.3","5.6","(X)","(X)","(X)","(X)","(X)","-888888888.0","84.0","12.5","5.9","3.6","(X)","(X)","(X)","(X)","(X)","-888888888.0","28.7","15.6","0.7","1.3","(X)","(X)","(X)","(X)","(X)","-888888888.0","(X)","-888888888.0","3.7","3.2","(X)","(X)","(X)","(X)","(X)","-888888888.0","(X)","-888888888.0","86.9","4.4","95.0","5.7","100.0","25.2","93.0","11.7","54.5","15.6","11.9","4.0","5.0","5.7","0.0","25.2","7.0","11.7","39.6","14.6","1.2","1.8","0.0","5.1","0.0","25.2","0.0","22.2","5.8","8.6","71.3","8.6","85.6","8.7","76.3","25.4","48.4","26.5","41.8","19.4","28.7","8.6","14.4","8.7","23.7","25.4","51.6","26.5","58.2","19.4",
"1400000US06111008202","Census Tract 82.02, Ventura County, California","1402","50","850","113","34","34","218","85","300","88","2.85","0.18","3.11","0.23","3.26","0.60","3.05","0.38","1.92","0.45","1102","95","850","113","34","34","218","85","(X)","-888888888","3.02","0.18","3.09","0.23","2.56","0.50","2.83","0.28","(X)","-888888888","474","80","312","73","0","132","162","72","(X)","-888888888","19.8","12.8","21.2","14.9","-","**","17.3","25.0","(X)","-888888888.0","17.3","9.7","22.4","12.8","-","**","7.4","12.4","(X)","-888888888.0","62.9","15.6","56.4","20.1","-","**","75.3","26.8","(X)","(X)","1402","50","850","113","34","34","218","85","300","88","35.2","5.6","38.5","7.1","0.0","56.4","74.3","17.8","1.7","3.2","23.9","5.5","25.8","6.8","0.0","56.4","21.6","15.2","23.0","14.1","10.9","4.8","(X)","(X)","(X)","(X)","(X)","-888888888.0","51.0","18.8","2.7","2.8","(X)","(X)","(X)","(X)","(X)","-888888888.0","12.7","13.1","0.0","2.8","(X)","(X)","(X)","(X)","(X)","-888888888.0","(X)","-888888888.0","7.1","4.5","(X)","(X)","(X)","(X)","(X)","-888888888.0","(X)","-888888888.0","88.9","4.5","92.8","5.3","100.0","56.4","78.0","15.8","84.3","13.2","11.1","4.5","7.2","5.3","0.0","56.4","22.0","15.8","15.7","13.2","0.0","2.8","0.0","4.6","0.0","56.4","0.0","16.7","0.0","12.5","81.5","6.0","92.0","4.4","47.1","52.9","65.1","24.0","67.3","18.0","18.5","6.0","8.0","4.4","52.9","52.9","34.9","24.0","32.7","18.0",
"1400000US06111008302","Census Tract 83.02, Ventura County, California","1974","51","1197","127","155","87","194","76","428","104","2.90","0.17","3.53","0.19","2.80","0.31","2.97","0.37","1.14","0.11","1546","106","1197","127","155","87","194","76","(X)","-888888888","3.27","0.19","3.47","0.20","2.44","0.33","2.77","0.33","(X)","-888888888","759","102","593","94","52","49","114","63","(X)","-888888888","18.6","10.0","21.4","12.2","26.9","42.8","0.0","28.8","(X)","-888888888.0","29.1","9.0","31.7","10.5","0.0","45.6","28.9","21.8","(X)","-888888888.0","52.3","10.8","46.9","13.0","73.1","42.8","71.1","21.8","(X)","(X)","1974","51","1197","127","155","87","194","76","428","104","42.5","5.1","50.5","5.6","58.1","28.8","69.1","17.3","2.3","3.8","37.3","4.2","33.6","5.8","8.4","12.8","19.1","16.4","66.4","10.3","19.4","4.9","(X)","(X)","(X)","(X)","(X)","-888888888.0","89.5","8.1","13.3","3.6","(X)","(X)","(X)","(X)","(X)","-888888888.0","61.2","11.2","0.0","2.0","(X)","(X)","(X)","(X)","(X)","-888888888.0","(X)","-888888888.0","5.3","3.3","(X)","(X)","(X)","(X)","(X)","-888888888.0","(X)","-888888888.0","78.6","4.5","89.5","6.5","57.4","31.8","59.8","19.5","64.3","11.3","21.4","4.5","10.5","6.5","42.6","31.8","40.2","19.5","35.7","11.3","0.0","2.0","0.0","3.3","0.0","22.5","0.0","18.5","0.0","8.9","73.6","5.4","79.1","6.8","66.5","29.9","59.8","19.5","67.1","11.3","26.4","5.4","20.9","6.8","33.5","29.9","40.2","19.5","32.9","11.3",
"1400000US06111008303","Census Tract 83.03, Ventura County, California","1329","34","704","118","11","18","212","87","402","102","2.99","0.33","3.70","0.37","2.18","0.39","3.42","1.28","1.56","0.33","927","103","704","118","11","18","212","87","(X)","-888888888","3.55","0.34","3.69","0.37","2.18","0.39","3.15","1.07","(X)","-888888888","432","98","311","86","0","132","121","78","(X)","-888888888","12.3","9.2","17.0","12.3","-","**","0.0","27.5","(X)","-888888888.0","16.9","8.7","21.2","12.3","-","**","5.8","12.1","(X)","-888888888.0","70.8","11.2","61.7","15.5","-","**","94.2","12.1","(X)","(X)","1329","34","704","118","11","18","212","87","402","102","36.9","7.1","48.3","11.0","0.0","99.2","71.2","25.2","0.0","9.5","27.2","7.1","31.5","11.1","0.0","99.2","16.5","16.9","26.1","11.9","18.8","6.5","(X)","(X)","(X)","(X)","(X)","-888888888.0","62.2","14.8","5.6","3.5","(X)","(X)","(X)","(X)","(X)","-888888888.0","18.4","11.5","0.0","3.0","(X)","(X)","(X)","(X)","(X)","-888888888.0","(X)","-888888888.0","6.5","4.8","(X)","(X)","(X)","(X)","(X)","-888888888.0","(X)","-888888888.0","59.4","6.4","70.3","10.8","0.0","99.2","57.5","30.8","43.0","12.8","36.6","6.6","25.0","9.8","100.0","99.2","42.5","30.8","52.0","12.6","4.0","3.2","4.7","5.1","0.0","99.2","0.0","17.1","5.0","4.7","58.5","6.2","66.5","11.1","0.0","99.2","54.7","27.0","48.0","12.6","41.5","6.2","33.5","11.1","100.0","99.2","45.3","27.0","52.0","12.6",
"1400000US06111008304","Census Tract 83.04, Ventura County, California","1963","74","1174","124","30","31","218","86","541","109","2.70","0.15","3.23","0.18","2.83","0.56","2.98","0.56","1.44","0.23","1422","109","1174","124","30","31","218","86","(X)","-888888888","3.15","0.15","3.23","0.18","2.83","0.56","2.76","0.45","(X)","-888888888","635","93","482","81","30","31","123","70","(X)","-888888888","23.6","10.6","27.6","12.9","56.7","55.0","0.0","27.2","(X)","-888888888.0","16.7","9.2","15.1","9.4","0.0","60.1","26.8","28.2","(X)","-888888888.0","59.7","12.0","57.3","12.7","43.3","55.0","73.2","28.2","(X)","(X)","1963","74","1174","124","30","31","218","86","541","109","34.2","5.0","41.1","6.4","100.0","60.1","56.4","20.9","6.7","10.3","31.1","5.0","32.2","7.0","0.0","60.1","9.6","9.8","39.0","11.3","19.7","5.1","(X)","(X)","(X)","(X)","(X)","-888888888.0","71.5","12.2","8.8","3.5","(X)","(X)","(X)","(X)","(X)","-888888888.0","31.8","10.3","0.6","0.9","(X)","(X)","(X)","(X)","(X)","-888888888.0","(X)","-888888888.0","8.4","3.7","(X)","(X)","(X)","(X)","(X)","-888888888.0","(X)","-888888888.0","65.7","6.8","81.2","7.4","100.0","60.1","57.8","21.6","33.3","12.8","13.4","4.9","3.7","2.4","0.0","60.1","22.5","20.7","31.4","12.9","20.9","5.0","15.1","7.6","0.0","60.1","19.7","15.6","35.3","10.8","78.9","6.4","83.1","8.2","43.3","55.0","67.9","20.0","76.0","11.6","21.1","6.4","16.9","8.2","56.7","55.0","32.1","20.0","24.0","11.6",
"1400000US06111008305","Census Tract 83.05, Ventura County, California","1201","48","961","77","7","12","80","50","153","72","3.13","0.15","3.49","0.18","2.29","0.66","2.66","0.76","1.13","0.16","1048","80","961","77","7","12","80","50","(X)","-888888888","3.38","0.18","3.48","0.18","2.29","0.66","2.28","0.53","(X)","-888888888","557","90","540","88","0","132","17","20","(X)","-888888888","19.9","10.3","18.9","10.5","-","**","52.9","52.9","(X)","-888888888.0","5.2","5.1","5.4","5.3","-","**","0.0","79.8","(X)","-888888888.0","74.9","11.5","75.7","11.8","-","**","47.1","52.9","(X)","(X)","1201","48","961","77","7","12","80","50","153","72","46.4","6.9","56.2","7.6","0.0","100.0","21.3","28.9","0.0","22.7","21.3","4.7","21.6","5.7","100.0","100.0","7.5","12.3","22.9","20.7","11.1","5.7","(X)","(X)","(X)","(X)","(X)","-888888888.0","86.9","15.5","2.9","2.5","(X)","(X)","(X)","(X)","(X)","-888888888.0","22.9","20.7","1.7","1.9","(X)","(X)","(X)","(X)","(X)","-888888888.0","(X)","-888888888.0","1.6","1.8","(X)","(X)","(X)","(X)","(X)","-888888888.0","(X)","-888888888.0","100.0","3.3","100.0","4.1","100.0","100.0","100.0","36.7","100.0","22.7","0.0","3.3","0.0","4.1","0.0","100.0","0.0","36.7","0.0","22.7","0.0","3.3","0.0","4.1","0.0","100.0","0.0","36.7","0.0","22.7","100.0","3.3","100.0","4.1","100.0","100.0","100.0","36.7","100.0","22.7","0.0","3.3","0.0","4.1","0.0","100.0","0.0","36.7","0.0","22.7",
"1400000US06111008306","Census Tract 83.06, Ventura County, California","1471","64","599","104","97","55","277","100","498","121","2.35","0.15","3.18","0.34","2.81","0.52","2.48","0.33","1.20","0.19","973","115","599","104","97","55","277","100","(X)","-888888888","2.84","0.23","3.12","0.34","2.71","0.52","2.26","0.24","(X)","-888888888","469","96","199","65","67","41","203","93","(X)","-888888888","18.3","10.1","37.7","19.4","16.4","25.7","0.0","17.8","(X)","-888888888.0","3.8","4.0","5.5","8.7","0.0","40.2","3.4","5.0","(X)","-888888888.0","77.8","10.5","56.8","19.9","83.6","25.7","96.6","5.0","(X)","(X)","1471","64","599","104","97","55","277","100","498","121","32.7","6.5","35.2","9.6","69.1","30.3","73.3","15.8","0.0","7.7","18.5","3.4","28.7","8.9","0.0","32.4","10.1","12.2","14.5","8.1","29.6","8.1","(X)","(X)","(X)","(X)","(X)","-888888888.0","87.3","8.9","4.1","2.5","(X)","(X)","(X)","(X)","(X)","-888888888.0","12.2","7.3","1.2","1.5","(X)","(X)","(X)","(X)","(X)","-888888888.0","(X)","-888888888.0","6.9","5.5","(X)","(X)","(X)","(X)","(X)","-888888888.0","(X)","-888888888.0","52.5","5.1","76.6","9.2","71.1","31.2","22.7","18.5","36.5","12.5","47.5","5.1","23.4","9.2","28.9","31.2","77.3","18.5","63.5","12.5","0.0","2.7","0.0","6.5","0.0","32.4","0.0","13.4","0.0","7.7","48.7","5.5","69.9","10.7","59.8","28.8","21.3","17.6","36.3","13.3","51.3","5.5","30.1","10.7","40.2","28.8","78.7","17.6","63.7","13.3",
"1400000US06111008401","Census Tract 84.01, Ventura County, California","1847","63","995","137","96","47","216","98","540","135","2.82","0.16","3.48","0.23","3.63","0.76","3.31","0.82","1.26","0.12","1307","120","995","137","96","47","216","98","(X)","-888888888","3.38","0.18","3.40","0.24","3.40","0.78","3.25","0.80","(X)","-888888888","665","103","511","105","19","22","135","82","(X)","-888888888","4.8","4.5","6.3","6.1","0.0","75.5","0.0","25.2","(X)","-888888888.0","26.6","13.3","25.4","15.6","0.0","75.5","34.8","41.5","(X)","-888888888.0","68.6","13.2","68.3","15.2","100.0","75.5","65.2","41.5","(X)","(X)","1847","63","995","137","96","47","216","98","540","135","37.7","5.9","51.4","8.8","33.3","26.1","67.6","25.7","1.3","2.3","34.8","5.8","26.4","5.9","42.7","25.1","45.8","28.9","44.4","13.7","24.0","6.4","(X)","(X)","(X)","(X)","(X)","-888888888.0","82.2","8.3","10.7","3.9","(X)","(X)","(X)","(X)","(X)","-888888888.0","36.7","11.7","0.5","0.8","(X)","(X)","(X)","(X)","(X)","-888888888.0","(X)","-888888888.0","3.1","2.0","(X)","(X)","(X)","(X)","(X)","-888888888.0","(X)","-888888888.0","74.6","5.4","89.2","5.3","77.1","22.3","54.2","26.5","55.4","12.4","24.1","5.0","10.8","5.3","22.9","22.3","34.7","24.9","44.6","12.4","1.3","2.1","0.0","3.9","0.0","32.7","11.1","17.6","0.0","7.1","63.5","5.6","72.1","9.6","58.3","27.2","41.7","25.2","57.2","14.4","36.5","5.6","27.9","9.6","41.7","27.2","58.3","25.2","42.8","14.4",
"1400000US06111008402","Census Tract 84.02, Ventura County, California","1557","86","1067","126","50","52","204","87","236","93","3.37","0.21","3.49","0.23","3.96","2.32","5.07","1.21","1.20","0.20","1321","99","1067","126","50","52","204","87","(X)","-888888888","3.49","0.21","3.48","0.23","3.68","2.07","3.50","0.57","(X)","-888888888","668","88","531","108","0","132","137","76","(X)","-888888888","17.2","9.4","21.7","11.3","-","**","0.0","24.9","(X)","-888888888.0","24.0","10.6","25.8","11.9","-","**","16.8","25.1","(X)","-888888888.0","58.8","10.6","52.5","11.3","-","**","83.2","25.1","(X)","(X)","1557","86","1067","126","50","52","204","87","236","93","44.8","6.0","51.7","8.0","16.0","32.3","67.2","17.6","0.0","15.5","30.0","4.5","25.3","5.9","100.0","46.5","27.0","17.2","39.0","21.2","13.1","5.6","(X)","(X)","(X)","(X)","(X)","-888888888.0","86.4","12.8","4.0","2.6","(X)","(X)","(X)","(X)","(X)","-888888888.0","26.7","18.5","1.0","1.4","(X)","(X)","(X)","(X)","(X)","-888888888.0","(X)","-888888888.0","8.5","5.0","(X)","(X)","(X)","(X)","(X)","-888888888.0","(X)","-888888888.0","100.0","2.5","100.0","3.7","100.0","46.5","100.0","17.7","100.0","15.5","0.0","2.5","0.0","3.7","0.0","46.5","0.0","17.7","0.0","15.5","0.0","2.5","0.0","3.7","0.0","46.5","0.0","17.7","0.0","15.5","90.8","5.7","94.8","5.1","100.0","46.5","78.9","21.8","81.4","20.6","9.2","5.7","5.2","5.1","0.0","46.5","21.1","21.8","18.6","20.6",
"1400000US06111008500","Census Tract 85, Ventura County, California","2803","110","1849","176","40","35","233","98","681","167","2.89","0.18","3.45","0.22","4.58","1.54","2.94","0.39","1.23","0.20","2122","180","1849","176","40","35","233","98","(X)","-888888888","3.37","0.19","3.43","0.22","3.83","1.30","2.81","0.39","(X)","-888888888","1012","180","866","179","18","25","128","73","(X)","-888888888","19.3","9.6","20.6","10.7","44.4","55.6","7.0","11.3","(X)","-888888888.0","15.1","7.7","17.7","8.9","0.0","77.5","0.0","26.3","(X)","-888888888.0","65.6","10.9","61.8","12.3","55.6","55.6","93.0","11.3","(X)","(X)","2803","110","1849","176","40","35","233","98","681","167","37.4","6.1","48.1","7.8","45.0","46.4","59.7","19.6","0.0","5.7","28.0","4.2","23.9","5.0","55.0","46.4","25.8","17.0","38.2","14.0","20.2","5.3","(X)","(X)","(X)","(X)","(X)","-888888888.0","83.3","10.5","5.8","2.6","(X)","(X)","(X)","(X)","(X)","-888888888.0","23.9","10.2","0.9","1.0","(X)","(X)","(X)","(X)","(X)","-888888888.0","(X)","-888888888.0","4.4","2.8","(X)","(X)","(X)","(X)","(X)","-888888888.0","(X)","-888888888.0","84.3","4.4","90.1","5.2","80.0","37.0","80.3","17.9","70.3","13.5","15.7","4.4","9.9","5.2","20.0","37.0","19.7","17.9","29.7","13.5","0.0","1.4","0.0","2.1","0.0","52.0","0.0","15.7","0.0","5.7","79.0","4.7","85.4","6.1","55.0","46.4","63.1","22.1","68.4","13.0","21.0","4.7","14.6","6.1","45.0","46.4","36.9","22.1","31.6","13.0",
"1400000US06111008600","Census Tract 86, Ventura County, California","2300","96","911","140","193","84","439","137","757","148","3.38","0.25","4.77","0.51","3.87","0.84","3.92","0.60","1.27","0.17","1543","132","911","140","193","84","439","137","(X)","-888888888","4.13","0.34","4.48","0.53","3.44","0.91","3.69","0.59","(X)","-888888888","887","149","522","133","82","67","283","119","(X)","-888888888","19.2","8.9","19.9","11.8","45.1","38.7","10.2","10.5","(X)","-888888888.0","23.8","9.9","34.1","14.3","14.6","24.0","7.4","8.7","(X)","-888888888.0","57.0","10.6","46.0","13.1","40.2","40.4","82.3","12.6","(X)","(X)","2300","96","911","140","193","84","439","137","757","148","42.9","6.0","59.9","11.3","52.3","25.3","77.4","11.9","0.0","5.1","28.4","5.0","21.4","7.5","11.4","13.4","16.6","12.3","48.0","13.6","27.0","5.7","(X)","(X)","(X)","(X)","(X)","-888888888.0","81.9","8.8","12.0","4.5","(X)","(X)","(X)","(X)","(X)","-888888888.0","36.6","13.2","0.0","1.7","(X)","(X)","(X)","(X)","(X)","-888888888.0","(X)","-888888888.0","5.7","3.0","(X)","(X)","(X)","(X)","(X)","-888888888.0","(X)","-888888888.0","32.3","4.6","40.1","8.6","28.0","23.2","34.6","16.2","22.6","8.5","67.7","4.6","59.9","8.6","72.0","23.2","65.4","16.2","77.4","8.5","0.0","1.7","0.0","4.3","0.0","18.6","0.0","8.7","0.0","5.1","23.9","3.8","30.2","6.9","4.7","7.8","29.2","14.1","18.1","8.0","76.1","3.8","69.8","6.9","95.3","7.8","70.8","14.1","81.9","8.0",
"1400000US06111008700","Census Tract 87, Ventura County, California","1816","79","806","126","121","68","376","121","513","128","3.41","0.33","4.36","0.38","4.41","1.34","4.19","0.89","1.12","0.10","1303","138","806","126","121","68","376","121","(X)","-888888888","4.09","0.35","4.31","0.38","2.30","0.24","4.19","0.89","(X)","-888888888","720","124","472","95","56","52","192","101","(X)","-888888888","17.4","9.5","18.0","12.5","32.1","45.5","11.5","18.1","(X)","-888888888.0","25.4","12.3","29.0","14.0","0.0","44.0","24.0","24.7","(X)","-888888888.0","57.2","13.0","53.0","15.2","67.9","45.5","64.6","26.3","(X)","(X)","1816","79","806","126","121","68","376","121","513","128","46.7","7.3","63.6","8.5","71.9","24.4","66.0","20.1","0.0","7.5","28.7","5.5","20.8","8.0","27.3","23.5","29.3","16.5","40.9","14.9","25.2","6.8","(X)","(X)","(X)","(X)","(X)","-888888888.0","89.3","8.9","10.2","4.9","(X)","(X)","(X)","(X)","(X)","-888888888.0","36.3","14.8","0.0","2.2","(X)","(X)","(X)","(X)","(X)","-888888888.0","(X)","-888888888.0","5.9","3.8","(X)","(X)","(X)","(X)","(X)","-888888888.0","(X)","-888888888.0","68.6","6.2","75.6","8.3","73.6","29.1","64.1","18.1","59.6","14.1","31.4","6.2","24.4","8.3","26.4","29.1","35.9","18.1","40.4","14.1","0.0","2.2","0.0","4.8","0.0","27.5","0.0","10.1","0.0","7.5","43.5","6.2","56.2","8.7","40.5","31.1","21.0","13.7","40.7","14.4","56.5","6.2","43.8","8.7","59.5","31.1","79.0","13.7","59.3","14.4",
"1400000US06111008800","Census Tract 88, Ventura County, California","1398","78","952","139","83","66","132","74","231","95","3.89","0.30","4.16","0.26","4.22","1.49","5.74","1.34","1.55","0.33","1167","104","952","139","83","66","132","74","(X)","-888888888","4.15","0.23","4.08","0.25","4.01","1.48","4.73","0.85","(X)","-888888888","610","125","492","145","30","27","88","72","(X)","-888888888","8.7","8.1","10.8","9.6","0.0","60.1","0.0","34.6","(X)","-888888888.0","40.0","15.0","42.5","17.7","0.0","60.1","39.8","40.8","(X)","-888888888.0","51.3","15.1","46.7","18.1","100.0","60.1","60.2","40.8","(X)","(X)","1398","78","952","139","83","66","132","74","231","95","52.8","7.9","62.7","8.9","36.1","36.1","75.0","20.9","5.2","8.5","35.3","5.8","30.3","7.2","44.6","41.9","36.4","26.8","51.9","19.2","10.7","5.3","(X)","(X)","(X)","(X)","(X)","-888888888.0","64.9","17.7","5.8","4.0","(X)","(X)","(X)","(X)","(X)","-888888888.0","35.1","19.8","0.0","2.8","(X)","(X)","(X)","(X)","(X)","-888888888.0","(X)","-888888888.0","8.0","5.3","(X)","(X)","(X)","(X)","(X)","-888888888.0","(X)","-888888888.0","95.2","3.9","93.8","5.5","100.0","35.9","100.0","25.7","96.5","5.7","4.1","3.8","5.1","5.2","0.0","35.9","0.0","25.7","3.5","5.7","0.7","1.2","1.1","1.8","0.0","35.9","0.0","25.7","0.0","15.8","84.0","7.3","82.6","9.5","86.7","20.1","100.0","25.7","79.7","17.1","16.0","7.3","17.4","9.5","13.3","20.1","0.0","25.7","20.3","17.1",
"1400000US06111008900","Census Tract 89, Ventura County, California","765","19","471","75","87","55","132","84","75","56","4.77","0.77","5.83","1.13","3.67","1.13","3.87","1.57","-","-222222222.00","690","60","471","75","87","55","132","84","(X)","-888888888","4.52","0.69","5.12","0.92","2.78","1.11","3.54","1.57","(X)","-888888888","390","93","287","88","79","56","24","32","(X)","-888888888","0.0","9.7","0.0","13.0","0.0","36.9","0.0","67.2","(X)","-888888888.0","34.1","19.1","39.0","24.2","10.1","18.1","54.2","54.2","(X)","-888888888.0","65.9","19.1","61.0","24.2","89.9","18.1","45.8","54.2","(X)","(X)","765","19","471","75","87","55","132","84","75","56","65.2","10.3","78.3","9.1","90.8","21.0","38.6","27.3","0.0","38.0","38.7","12.2","35.2","19.7","9.2","21.0","35.6","31.9","100.0","38.0","9.8","7.3","(X)","(X)","(X)","(X)","(X)","-888888888.0","100.0","38.0","9.8","7.3","(X)","(X)","(X)","(X)","(X)","-888888888.0","100.0","38.0","0.0","5.1","(X)","(X)","(X)","(X)","(X)","-888888888.0","(X)","-888888888.0","11.8","6.6","(X)","(X)","(X)","(X)","(X)","-888888888.0","(X)","-888888888.0","98.2","2.8","97.0","4.6","100.0","34.9","100.0","25.7","100.0","38.0","1.8","2.8","3.0","4.6","0.0","34.9","0.0","25.7","0.0","38.0","0.0","5.1","0.0","8.1","0.0","34.9","0.0","25.7","0.0","38.0","90.5","6.6","95.1","5.6","57.5","42.6","90.2","15.6","100.0","38.0","9.5","6.6","4.9","5.6","42.5","42.6","9.8","15.6","0.0","38.0",
"1400000US06111009100","Census Tract 91, Ventura County, California","1228","81","573","108","126","88","237","90","292","110","3.67","0.34","5.17","0.41","3.37","0.64","3.48","0.58","-","-222222222.00","936","98","573","108","126","88","237","90","(X)","-888888888","4.37","0.34","5.10","0.39","2.94","0.43","3.34","0.57","(X)","-888888888","576","110","413","94","60","70","103","73","(X)","-888888888","2.1","3.9","2.9","5.4","0.0","42.5","0.0","31.1","(X)","-888888888.0","13.5","9.2","12.1","10.7","0.0","42.5","27.2","29.7","(X)","-888888888.0","84.4","10.1","85.0","11.8","100.0","42.5","72.8","29.7","(X)","(X)","1228","81","573","108","126","88","237","90","292","110","55.0","8.2","77.5","7.6","47.6","39.2","72.2","20.2","0.0","12.8","40.7","8.7","23.9","12.2","9.5","15.1","45.1","20.1","83.6","14.8","23.8","8.2","(X)","(X)","(X)","(X)","(X)","-888888888.0","100.0","12.8","17.2","7.4","(X)","(X)","(X)","(X)","(X)","-888888888.0","72.3","18.8","0.0","3.2","(X)","(X)","(X)","(X)","(X)","-888888888.0","(X)","-888888888.0","6.7","6.2","(X)","(X)","(X)","(X)","(X)","-888888888.0","(X)","-888888888.0","58.8","9.5","69.1","11.7","89.7","18.2","32.1","21.5","46.9","19.4","19.7","8.4","20.2","11.0","0.0","26.7","30.4","24.0","18.5","18.6","21.5","5.8","10.6","7.4","10.3","18.2","37.6","17.2","34.6","15.9","28.5","7.1","22.0","9.6","27.8","28.6","20.3","14.5","48.3","20.8","71.5","7.1","78.0","9.6","72.2","28.6","79.7","14.5","51.7","20.8",
"1400000US06111980000","Census Tract 9800, Ventura County, California","0","132","0","132","0","132","0","132","0","132","-","**","-","**","-","**","-","-222222222.00","-","-222222222.00","0","132","0","132","0","132","0","132","(X)","-888888888","-","-222222222.00","-","**","-","**","-","-222222222.00","(X)","-888888888","0","132","0","132","0","132","0","132","(X)","-888888888","-","-222222222.0","-","**","-","**","-","-222222222.0","(X)","-888888888.0","-","-222222222.0","-","**","-","**","-","-222222222.0","(X)","-888888888.0","-","-222222222.0","-","**","-","**","-","-222222222.0","(X)","(X)","0","132","0","132","0","132","0","132","0","132","-","**","-","**","-","**","-","**","-","-222222222.0","-","-222222222.0","-","**","-","-222222222.0","-","-222222222.0","-","-222222222.0","-","**","(X)","(X)","(X)","(X)","(X)","-888888888.0","-","-222222222.0","-","-222222222.0","(X)","(X)","(X)","(X)","(X)","-888888888.0","-","-222222222.0","-","**","(X)","(X)","(X)","(X)","(X)","-888888888.0","(X)","-888888888.0","-","-222222222.0","(X)","(X)","(X)","(X)","(X)","-888888888.0","(X)","-888888888.0","-","-222222222.0","-","**","-","**","-","-222222222.0","-","-222222222.0","-","-222222222.0","-","**","-","**","-","-222222222.0","-","-222222222.0","-","-222222222.0","-","**","-","**","-","-222222222.0","-","-222222222.0","-","-222222222.0","-","**","-","**","-","-222222222.0","-","**","-","**","-","-222222222.0","-","**","-","-222222222.0","-","-222222222.0",
"1400000US06111990100","Census Tract 9901, Ventura County, California","0","132","0","132","0","132","0","132","0","132","-","**","-","**","-","**","-","-222222222.00","-","-222222222.00","0","132","0","132","0","132","0","132","(X)","-888888888","-","-222222222.00","-","**","-","**","-","-222222222.00","(X)","-888888888","0","132","0","132","0","132","0","132","(X)","-888888888","-","-222222222.0","-","**","-","**","-","-222222222.0","(X)","-888888888.0","-","-222222222.0","-","**","-","**","-","-222222222.0","(X)","-888888888.0","-","-222222222.0","-","**","-","**","-","-222222222.0","(X)","(X)","0","132","0","132","0","132","0","132","0","132","-","**","-","**","-","**","-","**","-","-222222222.0","-","-222222222.0","-","**","-","-222222222.0","-","-222222222.0","-","-222222222.0","-","**","(X)","(X)","(X)","(X)","(X)","-888888888.0","-","-222222222.0","-","-222222222.0","(X)","(X)","(X)","(X)","(X)","-888888888.0","-","-222222222.0","-","**","(X)","(X)","(X)","(X)","(X)","-888888888.0","(X)","-888888888.0","-","-222222222.0","(X)","(X)","(X)","(X)","(X)","-888888888.0","(X)","-888888888.0","-","-222222222.0","-","**","-","**","-","-222222222.0","-","-222222222.0","-","-222222222.0","-","**","-","**","-","-222222222.0","-","-222222222.0","-","-222222222.0","-","**","-","**","-","-222222222.0","-","-222222222.0","-","-222222222.0","-","**","-","**","-","-222222222.0","-","**","-","**","-","-222222222.0","-","**","-","-222222222.0","-","-222222222.0",
