"GEO_ID","NAME","S1101_C01_001E","S1101_C01_001M","S1101_C02_001E","S1101_C02_001M","S1101_C03_001E","S1101_C03_001M","S1101_C04_001E","S1101_C04_001M","S1101_C05_001E","S1101_C05_001M","S1101_C01_002E","S1101_C01_002M","S1101_C02_002E","S1101_C02_002M","S1101_C03_002E","S1101_C03_002M","S1101_C04_002E","S1101_C04_002M","S1101_C05_002E","S1101_C05_002M","S1101_C01_003E","S1101_C01_003M","S1101_C02_003E","S1101_C02_003M","S1101_C03_003E","S1101_C03_003M","S1101_C04_003E","S1101_C04_003M","S1101_C05_003E","S1101_C05_003M","S1101_C01_004E","S1101_C01_004M","S1101_C02_004E","S1101_C02_004M","S1101_C03_004E","S1101_C03_004M","S1101_C04_004E","S1101_C04_004M","S1101_C05_004E","S1101_C05_004M","S1101_C01_005E","S1101_C01_005M","S1101_C02_005E","S1101_C02_005M","S1101_C03_005E","S1101_C03_005M","S1101_C04_005E","S1101_C04_005M","S1101_C05_005E","S1101_C05_005M","S1101_C01_006E","S1101_C01_006M","S1101_C02_006E","S1101_C02_006M","S1101_C03_006E","S1101_C03_006M","S1101_C04_006E","S1101_C04_006M","S1101_C05_006E","S1101_C05_006M","S1101_C01_007E","S1101_C01_007M","S1101_C02_007E","S1101_C02_007M","S1101_C03_007E","S1101_C03_007M","S1101_C04_007E","S1101_C04_007M","S1101_C05_007E","S1101_C05_007M","S1101_C01_008E","S1101_C01_008M","S1101_C02_008E","S1101_C02_008M","S1101_C03_008E","S1101_C03_008M","S1101_C04_008E","S1101_C04_008M","S1101_C05_008E","S1101_C05_008M","S1101_C01_009E","S1101_C01_009M","S1101_C02_009E","S1101_C02_009M","S1101_C03_009E","S1101_C03_009M","S1101_C04_009E","S1101_C04_009M","S1101_C05_009E","S1101_C05_009M","S1101_C01_010E","S1101_C01_010M","S1101_C02_010E","S1101_C02_010M","S1101_C03_010E","S1101_C03_010M","S1101_C04_010E","S1101_C04_010M","S1101_C05_010E","S1101_C05_010M","S1101_C01_011E","S1101_C01_011M","S1101_C02_011E","S1101_C02_011M","S1101_C03_011E","S1101_C03_011M","S1101_C04_011E","S1101_C04_011M","S1101_C05_011E","S1101_C05_011M","S1101_C01_012E","S1101_C01_012M","S1101_C02_012E","S1101_C02_012M","S1101_C03_012E","S1101_C03_012M","S1101_C04_012E","S1101_C04_012M","S1101_C05_012E","S1101_C05_012M","S1101_C01_013E","S1101_C01_013M","S1101_C02_013E","S1101_C02_013M","S1101_C03_013E","S1101_C03_013M","S1101_C04_013E","S1101_C04_013M","S1101_C05_013E","S1101_C05_013M","S1101_C01_014E","S1101_C01_014M","S1101_C02_014E","S1101_C02_014M","S1101_C03_014E","S1101_C03_014M","S1101_C04_014E","S1101_C04_014M","S1101_C05_014E","S1101_C05_014M","S1101_C01_015E","S1101_C01_015M","S1101_C02_015E","S1101_C02_015M","S1101_C03_015E","S1101_C03_015M","S1101_C04_015E","S1101_C04_015M","S1101_C05_015E","S1101_C05_015M","S1101_C01_016E","S1101_C01_016M","S1101_C02_016E","S1101_C02_016M","S1101_C03_016E","S1101_C03_016M","S1101_C04_016E","S1101_C04_016M","S1101_C05_016E","S1101_C05_016M","S1101_C01_017E","S1101_C01_017M","S1101_C02_017E","S1101_C02_017M","S1101_C03_017E","S1101_C03_017M","S1101_C04_017E","S1101_C04_017M","S1101_C05_017E","S1101_C05_017M","S1101_C01_018E","S1101_C01_018M","S1101_C02_018E","S1101_C02_018M","S1101_C03_018E","S1101_C03_018M","S1101_C04_018E","S1101_C04_018M","S1101_C05_018E","S1101_C05_018M","S1101_C01_019E","S1101_C01_019M","S1101_C02_019E","S1101_C02_019M","S1101_C03_019E","S1101_C03_019M","S1101_C04_019E","S1101_C04_019M","S1101_C05_019E","S1101_C05_019M","S1101_C01_020E","S1101_C01_020M","S1101_C02_020E","S1101_C02_020M","S1101_C03_020E","S1101_C03_020M","S1101_C04_020E","S1101_C04_020M","S1101_C05_020E","S1101_C05_020M",
"Geography","Geographic Area Name","Total!!Estimate!!Total households","Total!!Margin of Error!!Total households","Married-couple family household!!Estimate!!Total households","Married-couple family household!!Margin of Error!!Total households","Male householder, no wife present, family household!!Estimate!!Total households","Male householder, no wife present, family household!!Margin of Error!!Total households","Female householder, no husband present, family household!!Estimate!!Total households","Female householder, no husband present, family household!!Margin of Error!!Total households","Nonfamily household!!Estimate!!Total households","Nonfamily household!!Margin of Error!!Total households","Total!!Estimate!!Average household size","Total!!Margin of Error!!Average household size","Married-couple family household!!Estimate!!Average household size","Married-couple family household!!Margin of Error!!Average household size","Male householder, no wife present, family household!!Estimate!!Average household size","Male householder, no wife present, family household!!Margin of Error!!Average household size","Female householder, no husband present, family household!!Estimate!!Average household size","Female householder, no husband present, family household!!Margin of Error!!Average household size","Nonfamily household!!Estimate!!Average household size","Nonfamily household!!Margin of Error!!Average household size","Total!!Estimate!!FAMILIES!!Total families","Total!!Margin of Error!!FAMILIES!!Total families","Married-couple family household!!Estimate!!FAMILIES!!Total families","Married-couple family household!!Margin of Error!!FAMILIES!!Total families","Male householder, no wife present, family household!!Estimate!!FAMILIES!!Total families","Male householder, no wife present, family household!!Margin of Error!!FAMILIES!!Total families","Female householder, no husband present, family household!!Estimate!!FAMILIES!!Total families","Female householder, no husband present, family household!!Margin of Error!!FAMILIES!!Total families","Nonfamily household!!Estimate!!FAMILIES!!Total families","Nonfamily household!!Margin of Error!!FAMILIES!!Total families","Total!!Estimate!!FAMILIES!!Average family size","Total!!Margin of Error!!FAMILIES!!Average family size","Married-couple family household!!Estimate!!FAMILIES!!Average family size","Married-couple family household!!Margin of Error!!FAMILIES!!Average family size","Male householder, no wife present, family household!!Estimate!!FAMILIES!!Average family size","Male householder, no wife present, family household!!Margin of Error!!FAMILIES!!Average family size","Female householder, no husband present, family household!!Estimate!!FAMILIES!!Average family size","Female householder, no husband present, family household!!Margin of Error!!FAMILIES!!Average family size","Nonfamily household!!Estimate!!FAMILIES!!Average family size","Nonfamily household!!Margin of Error!!FAMILIES!!Average family size","Total!!Estimate!!AGE OF OWN CHILDREN!!Households with own children of the householder under 18 years","Total!!Margin of Error!!AGE OF OWN CHILDREN!!Households with own children of the householder under 18 years","Married-couple family household!!Estimate!!AGE OF OWN CHILDREN!!Households with own children of the householder under 18 years","Married-couple family household!!Margin of Error!!AGE OF OWN CHILDREN!!Households with own children of the householder under 18 years","Male householder, no wife present, family household!!Estimate!!AGE OF OWN CHILDREN!!Households with own children of the householder under 18 years","Male householder, no wife present, family household!!Margin of Error!!AGE OF OWN CHILDREN!!Households with own children of the householder under 18 years","Female householder, no husband present, family household!!Estimate!!AGE OF OWN CHILDREN!!Households with own children of the householder under 18 years","Female householder, no husband present, family household!!Margin of Error!!AGE OF OWN CHILDREN!!Households with own children of the householder under 18 years","Nonfamily household!!Estimate!!AGE OF OWN CHILDREN!!Households with own children of the householder under 18 years","Nonfamily household!!Margin of Error!!AGE OF OWN CHILDREN!!Households with own children of the householder under 18 years","Total!!Estimate!!AGE OF OWN CHILDREN!!Households with own children of the householder under 18 years!!Under 6 years only","Total!!Margin of Error!!AGE OF OWN CHILDREN!!Households with own children of the householder under 18 years!!Under 6 years only","Married-couple family household!!Estimate!!AGE OF OWN CHILDREN!!Households with own children of the householder under 18 years!!Under 6 years only","Married-couple family household!!Margin of Error!!AGE OF OWN CHILDREN!!Households with own children of the householder under 18 years!!Under 6 years only","Male householder, no wife present, family household!!Estimate!!AGE OF OWN CHILDREN!!Households with own children of the householder under 18 years!!Under 6 years only","Male householder, no wife present, family household!!Margin of Error!!AGE OF OWN CHILDREN!!Households with own children of the householder under 18 years!!Under 6 years only","Female householder, no husband present, family household!!Estimate!!AGE OF OWN CHILDREN!!Households with own children of the householder under 18 years!!Under 6 years only","Female householder, no husband present, family household!!Margin of Error!!AGE OF OWN CHILDREN!!Households with own children of the householder under 18 years!!Under 6 years only","Nonfamily household!!Estimate!!AGE OF OWN CHILDREN!!Households with own children of the householder under 18 years!!Under 6 years only","Nonfamily household!!Margin of Error!!AGE OF OWN CHILDREN!!Households with own children of the householder under 18 years!!Under 6 years only","Total!!Estimate!!AGE OF OWN CHILDREN!!Households with own children of the householder under 18 years!!Under 6 years and 6 to 17 years","Total!!Margin of Error!!AGE OF OWN CHILDREN!!Households with own children of the householder under 18 years!!Under 6 years and 6 to 17 years","Married-couple family household!!Estimate!!AGE OF OWN CHILDREN!!Households with own children of the householder under 18 years!!Under 6 years and 6 to 17 years","Married-couple family household!!Margin of Error!!AGE OF OWN CHILDREN!!Households with own children of the householder under 18 years!!Under 6 years and 6 to 17 years","Male householder, no wife present, family household!!Estimate!!AGE OF OWN CHILDREN!!Households with own children of the householder under 18 years!!Under 6 years and 6 to 17 years","Male householder, no wife present, family household!!Margin of Error!!AGE OF OWN CHILDREN!!Households with own children of the householder under 18 years!!Under 6 years and 6 to 17 years","Female householder, no husband present, family household!!Estimate!!AGE OF OWN CHILDREN!!Households with own children of the householder under 18 years!!Under 6 years and 6 to 17 years","Female householder, no husband present, family household!!Margin of Error!!AGE OF OWN CHILDREN!!Households with own children of the householder under 18 years!!Under 6 years and 6 to 17 years","Nonfamily household!!Estimate!!AGE OF OWN CHILDREN!!Households with own children of the householder under 18 years!!Under 6 years and 6 to 17 years","Nonfamily household!!Margin of Error!!AGE OF OWN CHILDREN!!Households with own children of the householder under 18 years!!Under 6 years and 6 to 17 years","Total!!Estimate!!AGE OF OWN CHILDREN!!Households with own children of the householder under 18 years!!6 to 17 years only","Total!!Margin of Error!!AGE OF OWN CHILDREN!!Households with own children of the householder under 18 years!!6 to 17 years only","Married-couple family household!!Estimate!!AGE OF OWN CHILDREN!!Households with own children of the householder under 18 years!!6 to 17 years only","Married-couple family household!!Margin of Error!!AGE OF OWN CHILDREN!!Households with own children of the householder under 18 years!!6 to 17 years only","Male householder, no wife present, family household!!Estimate!!AGE OF OWN CHILDREN!!Households with own children of the householder under 18 years!!6 to 17 years only","Male householder, no wife present, family household!!Margin of Error!!AGE OF OWN CHILDREN!!Households with own children of the householder under 18 years!!6 to 17 years only","Female householder, no husband present, family household!!Estimate!!AGE OF OWN CHILDREN!!Households with own children of the householder under 18 years!!6 to 17 years only","Female householder, no husband present, family household!!Margin of Error!!AGE OF OWN CHILDREN!!Households with own children of the householder under 18 years!!6 to 17 years only","Nonfamily household!!Estimate!!AGE OF OWN CHILDREN!!Households with own children of the householder under 18 years!!6 to 17 years only","Nonfamily household!!Margin of Error!!AGE OF OWN CHILDREN!!Households with own children of the householder under 18 years!!6 to 17 years only","Total!!Estimate!!Total households","Total!!Margin of Error!!Total households","Married-couple family household!!Estimate!!Total households","Married-couple family household!!Margin of Error!!Total households","Male householder, no wife present, family household!!Estimate!!Total households","Male householder, no wife present, family household!!Margin of Error!!Total households","Female householder, no husband present, family household!!Estimate!!Total households","Female householder, no husband present, family household!!Margin of Error!!Total households","Nonfamily household!!Estimate!!Total households","Nonfamily household!!Margin of Error!!Total households","Total!!Estimate!!Total households!!SELECTED HOUSEHOLDS BY TYPE!!Households with one or more people under 18 years","Total!!Margin of Error!!Total households!!SELECTED HOUSEHOLDS BY TYPE!!Households with one or more people under 18 years","Married-couple family household!!Estimate!!Total households!!SELECTED HOUSEHOLDS BY TYPE!!Households with one or more people under 18 years","Married-couple family household!!Margin of Error!!Total households!!SELECTED HOUSEHOLDS BY TYPE!!Households with one or more people under 18 years","Male householder, no wife present, family household!!Estimate!!Total households!!SELECTED HOUSEHOLDS BY TYPE!!Households with one or more people under 18 years","Male householder, no wife present, family household!!Margin of Error!!Total households!!SELECTED HOUSEHOLDS BY TYPE!!Households with one or more people under 18 years","Female householder, no husband present, family household!!Estimate!!Total households!!SELECTED HOUSEHOLDS BY TYPE!!Households with one or more people under 18 years","Female householder, no husband present, family household!!Margin of Error!!Total households!!SELECTED HOUSEHOLDS BY TYPE!!Households with one or more people under 18 years","Nonfamily household!!Estimate!!Total households!!SELECTED HOUSEHOLDS BY TYPE!!Households with one or more people under 18 years","Nonfamily household!!Margin of Error!!Total households!!SELECTED HOUSEHOLDS BY TYPE!!Households with one or more people under 18 years","Total!!Estimate!!Total households!!SELECTED HOUSEHOLDS BY TYPE!!Households with one or more people 60 years and over","Total!!Margin of Error!!Total households!!SELECTED HOUSEHOLDS BY TYPE!!Households with one or more people 60 years and over","Married-couple family household!!Estimate!!Total households!!SELECTED HOUSEHOLDS BY TYPE!!Households with one or more people 60 years and over","Married-couple family household!!Margin of Error!!Total households!!SELECTED HOUSEHOLDS BY TYPE!!Households with one or more people 60 years and over","Male householder, no wife present, family household!!Estimate!!Total households!!SELECTED HOUSEHOLDS BY TYPE!!Households with one or more people 60 years and over","Male householder, no wife present, family household!!Margin of Error!!Total households!!SELECTED HOUSEHOLDS BY TYPE!!Households with one or more people 60 years and over","Female householder, no husband present, family household!!Estimate!!Total households!!SELECTED HOUSEHOLDS BY TYPE!!Households with one or more people 60 years and over","Female householder, no husband present, family household!!Margin of Error!!Total households!!SELECTED HOUSEHOLDS BY TYPE!!Households with one or more people 60 years and over","Nonfamily household!!Estimate!!Total households!!SELECTED HOUSEHOLDS BY TYPE!!Households with one or more people 60 years and over","Nonfamily household!!Margin of Error!!Total households!!SELECTED HOUSEHOLDS BY TYPE!!Households with one or more people 60 years and over","Total!!Estimate!!Total households!!SELECTED HOUSEHOLDS BY TYPE!!Householder living alone","Total!!Margin of Error!!Total households!!SELECTED HOUSEHOLDS BY TYPE!!Householder living alone","Married-couple family household!!Estimate!!Total households!!SELECTED HOUSEHOLDS BY TYPE!!Householder living alone","Married-couple family household!!Margin of Error!!Total households!!SELECTED HOUSEHOLDS BY TYPE!!Householder living alone","Male householder, no wife present, family household!!Estimate!!Total households!!SELECTED HOUSEHOLDS BY TYPE!!Householder living alone","Male householder, no wife present, family household!!Margin of Error!!Total households!!SELECTED HOUSEHOLDS BY TYPE!!Householder living alone","Female householder, no husband present, family household!!Estimate!!Total households!!SELECTED HOUSEHOLDS BY TYPE!!Householder living alone","Female householder, no husband present, family household!!Margin of Error!!Total households!!SELECTED HOUSEHOLDS BY TYPE!!Householder living alone","Nonfamily household!!Estimate!!Total households!!SELECTED HOUSEHOLDS BY TYPE!!Householder living alone","Nonfamily household!!Margin of Error!!Total households!!SELECTED HOUSEHOLDS BY TYPE!!Householder living alone","Total!!Estimate!!Total households!!SELECTED HOUSEHOLDS BY TYPE!!Householder living alone!!65 years and over","Total!!Margin of Error!!Total households!!SELECTED HOUSEHOLDS BY TYPE!!Householder living alone!!65 years and over","Married-couple family household!!Estimate!!Total households!!SELECTED HOUSEHOLDS BY TYPE!!Householder living alone!!65 years and over","Married-couple family household!!Margin of Error!!Total households!!SELECTED HOUSEHOLDS BY TYPE!!Householder living alone!!65 years and over","Male householder, no wife present, family household!!Estimate!!Total households!!SELECTED HOUSEHOLDS BY TYPE!!Householder living alone!!65 years and over","Male householder, no wife present, family household!!Margin of Error!!Total households!!SELECTED HOUSEHOLDS BY TYPE!!Householder living alone!!65 years and over","Female householder, no husband present, family household!!Estimate!!Total households!!SELECTED HOUSEHOLDS BY TYPE!!Householder living alone!!65 years and over","Female householder, no husband present, family household!!Margin of Error!!Total households!!SELECTED HOUSEHOLDS BY TYPE!!Householder living alone!!65 years and over","Nonfamily household!!Estimate!!Total households!!SELECTED HOUSEHOLDS BY TYPE!!Householder living alone!!65 years and over","Nonfamily household!!Margin of Error!!Total households!!SELECTED HOUSEHOLDS BY TYPE!!Householder living alone!!65 years and over","Total!!Estimate!!UNMARRIED-PARTNER HOUSEHOLDS!!Same sex","Total!!Margin of Error!!UNMARRIED-PARTNER HOUSEHOLDS!!Same sex","Married-couple family household!!Estimate!!UNMARRIED-PARTNER HOUSEHOLDS!!Same sex","Married-couple family household!!Margin of Error!!UNMARRIED-PARTNER HOUSEHOLDS!!Same sex","Male householder, no wife present, family household!!Estimate!!UNMARRIED-PARTNER HOUSEHOLDS!!Same sex","Male householder, no wife present, family household!!Margin of Error!!UNMARRIED-PARTNER HOUSEHOLDS!!Same sex","Female householder, no husband present, family household!!Estimate!!UNMARRIED-PARTNER HOUSEHOLDS!!Same sex","Female householder, no husband present, family household!!Margin of Error!!UNMARRIED-PARTNER HOUSEHOLDS!!Same sex","Nonfamily household!!Estimate!!UNMARRIED-PARTNER HOUSEHOLDS!!Same sex","Nonfamily household!!Margin of Error!!UNMARRIED-PARTNER HOUSEHOLDS!!Same sex","Total!!Estimate!!UNMARRIED-PARTNER HOUSEHOLDS!!Opposite sex","Total!!Margin of Error!!UNMARRIED-PARTNER HOUSEHOLDS!!Opposite sex","Married-couple family household!!Estimate!!UNMARRIED-PARTNER HOUSEHOLDS!!Opposite sex","Married-couple family household!!Margin of Error!!UNMARRIED-PARTNER HOUSEHOLDS!!Opposite sex","Male householder, no wife present, family household!!Estimate!!UNMARRIED-PARTNER HOUSEHOLDS!!Opposite sex","Male householder, no wife present, family household!!Margin of Error!!UNMARRIED-PARTNER HOUSEHOLDS!!Opposite sex","Female householder, no husband present, family household!!Estimate!!UNMARRIED-PARTNER HOUSEHOLDS!!Opposite sex","Female householder, no husband present, family household!!Margin of Error!!UNMARRIED-PARTNER HOUSEHOLDS!!Opposite sex","Nonfamily household!!Estimate!!UNMARRIED-PARTNER HOUSEHOLDS!!Opposite sex","Nonfamily household!!Margin of Error!!UNMARRIED-PARTNER HOUSEHOLDS!!Opposite sex","Total!!Estimate!!UNITS IN STRUCTURE!!1-unit structures","Total!!Margin of Error!!UNITS IN STRUCTURE!!1-unit structures","Married-couple family household!!Estimate!!UNITS IN STRUCTURE!!1-unit structures","Married-couple family household!!Margin of Error!!UNITS IN STRUCTURE!!1-unit structures","Male householder, no wife present, family household!!Estimate!!UNITS IN STRUCTURE!!1-unit structures","Male householder, no wife present, family household!!Margin of Error!!UNITS IN STRUCTURE!!1-unit structures","Female householder, no husband present, family household!!Estimate!!UNITS IN STRUCTURE!!1-unit structures","Female householder, no husband present, family household!!Margin of Error!!UNITS IN STRUCTURE!!1-unit structures","Nonfamily household!!Estimate!!UNITS IN STRUCTURE!!1-unit structures","Nonfamily household!!Margin of Error!!UNITS IN STRUCTURE!!1-unit structures","Total!!Estimate!!UNITS IN STRUCTURE!!2-or-more-unit structures","Total!!Margin of Error!!UNITS IN STRUCTURE!!2-or-more-unit structures","Married-couple family household!!Estimate!!UNITS IN STRUCTURE!!2-or-more-unit structures","Married-couple family household!!Margin of Error!!UNITS IN STRUCTURE!!2-or-more-unit structures","Male householder, no wife present, family household!!Estimate!!UNITS IN STRUCTURE!!2-or-more-unit structures","Male householder, no wife present, family household!!Margin of Error!!UNITS IN STRUCTURE!!2-or-more-unit structures","Female householder, no husband present, family household!!Estimate!!UNITS IN STRUCTURE!!2-or-more-unit structures","Female householder, no husband present, family household!!Margin of Error!!UNITS IN STRUCTURE!!2-or-more-unit structures","Nonfamily household!!Estimate!!UNITS IN STRUCTURE!!2-or-more-unit structures","Nonfamily household!!Margin of Error!!UNITS IN STRUCTURE!!2-or-more-unit structures","Total!!Estimate!!UNITS IN STRUCTURE!!Mobile homes and all other types of units","Total!!Margin of Error!!UNITS IN STRUCTURE!!Mobile homes and all other types of units","Married-couple family household!!Estimate!!UNITS IN STRUCTURE!!Mobile homes and all other types of units","Married-couple family household!!Margin of Error!!UNITS IN STRUCTURE!!Mobile homes and all other types of units","Male householder, no wife present, family household!!Estimate!!UNITS IN STRUCTURE!!Mobile homes and all other types of units","Male householder, no wife present, family household!!Margin of Error!!UNITS IN STRUCTURE!!Mobile homes and all other types of units","Female householder, no husband present, family household!!Estimate!!UNITS IN STRUCTURE!!Mobile homes and all other types of units","Female householder, no husband present, family household!!Margin of Error!!UNITS IN STRUCTURE!!Mobile homes and all other types of units","Nonfamily household!!Estimate!!UNITS IN STRUCTURE!!Mobile homes and all other types of units","Nonfamily household!!Margin of Error!!UNITS IN STRUCTURE!!Mobile homes and all other types of units","Total!!Estimate!!HOUSING TENURE!!Owner-occupied housing units","Total!!Margin of Error!!HOUSING TENURE!!Owner-occupied housing units","Married-couple family household!!Estimate!!HOUSING TENURE!!Owner-occupied housing units","Married-couple family household!!Margin of Error!!HOUSING TENURE!!Owner-occupied housing units","Male householder, no wife present, family household!!Estimate!!HOUSING TENURE!!Owner-occupied housing units","Male householder, no wife present, family household!!Margin of Error!!HOUSING TENURE!!Owner-occupied housing units","Female householder, no husband present, family household!!Estimate!!HOUSING TENURE!!Owner-occupied housing units","Female householder, no husband present, family household!!Margin of Error!!HOUSING TENURE!!Owner-occupied housing units","Nonfamily household!!Estimate!!HOUSING TENURE!!Owner-occupied housing units","Nonfamily household!!Margin of Error!!HOUSING TENURE!!Owner-occupied housing units","Total!!Estimate!!HOUSING TENURE!!Renter-occupied housing units","Total!!Margin of Error!!HOUSING TENURE!!Renter-occupied housing units","Married-couple family household!!Estimate!!HOUSING TENURE!!Renter-occupied housing units","Married-couple family household!!Margin of Error!!HOUSING TENURE!!Renter-occupied housing units","Male householder, no wife present, family household!!Estimate!!HOUSING TENURE!!Renter-occupied housing units","Male householder, no wife present, family household!!Margin of Error!!HOUSING TENURE!!Renter-occupied housing units","Female householder, no husband present, family household!!Estimate!!HOUSING TENURE!!Renter-occupied housing units","Female householder, no husband present, family household!!Margin of Error!!HOUSING TENURE!!Renter-occupied housing units","Nonfamily household!!Estimate!!HOUSING TENURE!!Renter-occupied housing units","Nonfamily household!!Margin of Error!!HOUSING TENURE!!Renter-occupied housing units",
"1400000US06111000100","Census Tract 1, Ventura County, California","301","49","122","31","21","23","14","13","144","42","2.18","0.23","2.99","0.37","3.81","1.00","2.36","0.29","1.23","0.15","157","38","122","31","21","23","14","13","(X)","(X)","2.95","0.32","2.93","0.35","3.48","0.81","2.36","0.29","(X)","(X)","34","6","34","6","0","12","0","12","(X)","(X)","0.0","50.9","0.0","50.9","-","**","-","**","(X)","(X)","50.0","48.4","50.0","48.4","-","**","-","**","(X)","(X)","50.0","48.4","50.0","48.4","-","**","-","**","(X)","(X)","301","49","122","31","21","23","14","13","144","42","11.3","2.4","27.9","7.1","0.0","64.7","0.0","79.3","0.0","20.0","52.2","12.8","57.4","15.6","42.9","55.1","100.0","79.3","44.4","19.1","39.9","9.7","(X)","(X)","(X)","(X)","(X)","(X)","83.3","9.6","9.3","5.3","(X)","(X)","(X)","(X)","(X)","(X)","19.4","11.2","0.0","10.2","(X)","(X)","(X)","(X)","(X)","(X)","(X)","(X)","3.3","4.0","(X)","(X)","(X)","(X)","(X)","(X)","(X)","(X)","92.0","6.5","92.6","7.5","100.0","64.7","64.3","47.5","93.1","11.0","0.0","10.2","0.0","23.1","0.0","64.7","0.0","79.3","0.0","20.0","8.0","6.5","7.4","7.5","0.0","64.7","35.7","47.5","6.9","11.0","77.4","12.0","76.2","16.9","100.0","64.7","100.0","79.3","72.9","20.1","22.6","12.0","23.8","16.9","0.0","64.7","0.0","79.3","27.1","20.1",
"1400000US06111000200","Census Tract 2, Ventura County, California","752","41","427","64","60","38","119","40","146","42","3.48","0.33","4.08","0.42","4.07","1.02","3.98","0.83","1.07","0.06","606","53","427","64","60","38","119","40","(X)","(X)","4.01","0.36","4.08","0.42","3.88","0.97","3.86","0.81","(X)","(X)","260","60","190","50","27","24","43","29","(X)","(X)","13.1","8.7","8.4","6.8","0.0","57.1","41.9","36.2","(X)","(X)","20.0","11.5","16.8","12.6","40.7","51.0","20.9","30.6","(X)","(X)","66.9","14.0","74.7","13.5","59.3","51.0","37.2","36.0","(X)","(X)","752","41","427","64","60","38","119","40","146","42","47.5","7.6","58.3","11.2","45.0","30.6","68.1","20.4","0.0","19.8","44.7","8.1","44.3","11.1","40.0","32.4","34.5","21.3","56.2","19.3","18.2","5.4","(X)","(X)","(X)","(X)","(X)","(X)","93.8","5.5","8.2","4.4","(X)","(X)","(X)","(X)","(X)","(X)","42.5","20.8","0.0","4.2","(X)","(X)","(X)","(X)","(X)","(X)","(X)","(X)","3.7","3.0","(X)","(X)","(X)","(X)","(X)","(X)","(X)","(X)","75.0","6.9","76.8","8.2","50.0","34.9","68.1","18.3","85.6","13.6","21.1","6.6","20.6","8.2","35.0","27.9","24.4","19.6","14.4","13.6","3.9","3.2","2.6","2.6","15.0","23.6","7.6","12.4","0.0","19.8","56.8","7.6","57.4","9.8","51.7","29.9","40.3","22.0","70.5","15.4","43.2","7.6","42.6","9.8","48.3","29.9","59.7","22.0","29.5","15.4",
"1400000US06111000302","Census Tract 3.02, Ventura County, California","2340","133","1265","221","196","112","366","131","513","169","3.37","0.26","3.99","0.38","4.19","1.27","4.07","0.67","1.03","0.05","1827","171","1265","221","196","112","366","131","(X)","(X)","3.95","0.29","3.99","0.38","4.12","1.27","3.70","0.52","(X)","(X)","922","132","568","153","132","99","222","111","(X)","(X)","21.9","12.8","33.5","19.7","9.1","16.3","0.0","13.6","(X)","(X)","28.4","12.2","17.4","12.2","25.8","35.9","58.1","29.0","(X)","(X)","49.7","13.3","49.1","17.5","65.2","36.2","41.9","29.0","(X)","(X)","2340","133","1265","221","196","112","366","131","513","169","44.8","6.3","51.1","11.3","78.1","23.2","68.0","20.3","0.0","6.1","48.2","7.3","42.1","11.4","22.4","25.3","32.0","20.3","84.6","13.3","21.4","7.0","(X)","(X)","(X)","(X)","(X)","(X)","97.7","4.1","12.0","3.9","(X)","(X)","(X)","(X)","(X)","(X)","54.8","17.1","0.0","1.4","(X)","(X)","(X)","(X)","(X)","(X)","(X)","(X)","2.3","1.8","(X)","(X)","(X)","(X)","(X)","(X)","(X)","(X)","73.6","5.6","71.8","9.5","52.0","31.2","96.4","6.6","70.2","15.4","15.4","5.0","13.5","7.7","41.8","31.8","3.6","6.6","18.5","10.4","10.9","3.2","14.7","5.9","6.1","10.0","0.0","8.5","11.3","11.2","59.0","8.4","68.7","10.2","27.0","28.3","42.6","22.9","59.1","18.5","41.0","8.4","31.3","10.2","73.0","28.3","57.4","22.9","40.9","18.5",
"1400000US06111000303","Census Tract 3.03, Ventura County, California","1382","80","940","115","41","40","155","67","246","73","3.45","0.23","3.79","0.32","3.88","2.94","4.76","1.00","1.24","0.20","1136","96","940","115","41","40","155","67","(X)","(X)","3.82","0.27","3.78","0.32","3.34","2.96","4.17","0.74","(X)","(X)","513","94","403","109","7","14","103","56","(X)","(X)","13.3","10.4","16.9","12.9","0.0","100.0","0.0","26.5","(X)","(X)","23.6","15.0","15.9","14.0","100.0","100.0","48.5","37.7","(X)","(X)","63.2","15.3","67.2","15.5","0.0","100.0","51.5","37.7","(X)","(X)","1382","80","940","115","41","40","155","67","246","73","41.9","5.9","45.7","8.2","46.3","53.7","83.9","19.4","0.0","12.4","42.3","5.9","40.1","8.3","0.0","46.3","35.5","22.7","62.2","21.3","14.8","4.8","(X)","(X)","(X)","(X)","(X)","(X)","82.9","14.8","8.1","3.5","(X)","(X)","(X)","(X)","(X)","(X)","45.5","19.2","0.0","2.3","(X)","(X)","(X)","(X)","(X)","(X)","(X)","(X)","7.2","5.3","(X)","(X)","(X)","(X)","(X)","(X)","(X)","(X)","95.5","3.5","98.1","3.0","100.0","46.3","96.1","6.6","84.6","14.9","4.1","3.3","1.9","3.0","0.0","46.3","0.0","18.8","15.4","14.9","0.4","0.8","0.0","3.4","0.0","46.3","3.9","6.6","0.0","12.4","82.4","5.6","92.8","5.3","78.0","78.0","74.2","16.7","48.8","18.1","17.6","5.6","7.2","5.3","22.0","78.0","25.8","16.7","51.2","18.1",
"1400000US06111000304","Census Tract 3.04, Ventura County, California","1173","86","622","102","210","109","183","103","158","71","3.57","0.37","4.27","0.56","3.42","0.86","3.25","0.37","1.36","0.33","1015","107","622","102","210","109","183","103","(X)","(X)","3.61","0.39","4.22","0.52","2.77","0.50","2.52","0.39","(X)","(X)","484","106","281","85","58","60","145","100","(X)","(X)","9.7","6.8","13.2","10.3","0.0","38.9","6.9","14.2","(X)","(X)","10.5","6.8","11.7","9.8","17.2","39.1","5.5","9.6","(X)","(X)","79.8","9.4","75.1","14.3","82.8","39.1","87.6","15.3","(X)","(X)","1173","86","622","102","210","109","183","103","158","71","48.3","8.7","53.1","11.1","40.0","27.5","83.6","17.2","0.0","18.5","33.2","6.1","37.5","8.3","16.7","14.4","17.5","19.0","57.0","23.8","10.6","5.6","(X)","(X)","(X)","(X)","(X)","(X)","78.5","19.7","6.1","3.3","(X)","(X)","(X)","(X)","(X)","(X)","45.6","24.3","0.0","2.7","(X)","(X)","(X)","(X)","(X)","(X)","(X)","(X)","9.9","6.4","(X)","(X)","(X)","(X)","(X)","(X)","(X)","(X)","85.5","7.9","95.2","4.3","79.5","25.0","74.9","27.8","67.7","24.6","13.0","7.9","4.8","4.3","20.5","25.0","25.1","27.8","21.5","25.4","1.4","1.1","0.0","5.1","0.0","14.3","0.0","16.2","10.8","9.6","64.3","8.4","74.1","11.3","54.8","27.3","47.0","26.0","58.2","25.7","35.7","8.4","25.9","11.3","45.2","27.3","53.0","26.0","41.8","25.7",
"1400000US06111000400","Census Tract 4, Ventura County, California","1783","98","1171","134","96","48","138","68","378","103","3.66","0.24","4.34","0.25","4.29","1.28","2.91","0.65","1.65","0.59","1405","114","1171","134","96","48","138","68","(X)","(X)","4.13","0.23","4.33","0.25","4.05","1.31","2.49","0.55","(X)","(X)","652","114","548","106","32","32","72","68","(X)","(X)","6.6","4.6","5.1","4.4","46.9","47.2","0.0","34.4","(X)","(X)","29.8","13.7","35.4","16.2","0.0","52.4","0.0","34.4","(X)","(X)","63.7","13.4","59.5","15.4","53.1","47.2","100.0","34.4","(X)","(X)","1783","98","1171","134","96","48","138","68","378","103","45.1","6.7","56.4","8.2","52.1","26.2","60.9","27.6","2.9","4.1","38.7","5.4","33.8","6.3","26.0","24.2","34.1","21.4","58.7","13.3","16.8","5.2","(X)","(X)","(X)","(X)","(X)","(X)","79.4","13.5","8.4","3.3","(X)","(X)","(X)","(X)","(X)","(X)","39.7","11.4","0.0","1.8","(X)","(X)","(X)","(X)","(X)","(X)","(X)","(X)","3.8","3.1","(X)","(X)","(X)","(X)","(X)","(X)","(X)","(X)","86.7","5.1","85.9","7.3","92.7","11.2","100.0","20.8","82.8","12.0","7.9","4.7","9.7","6.3","0.0","28.0","0.0","20.8","6.9","10.3","5.4","1.8","4.4","3.4","7.3","11.2","0.0","20.8","10.3","6.3","66.1","6.8","68.5","9.3","81.3","23.8","47.1","29.7","61.9","13.9","33.9","6.8","31.5","9.3","18.8","23.8","52.9","29.7","38.1","13.9",
"1400000US06111000500","Census Tract 5, Ventura County, California","572","65","242","59","25","19","68","35","237","52","2.83","0.31","3.87","0.57","3.72","0.93","4.09","0.77","1.30","0.18","335","63","242","59","25","19","68","35","(X)","(X)","3.67","0.43","3.71","0.54","3.08","0.62","3.72","0.84","(X)","(X)","170","51","118","43","15","15","37","34","(X)","(X)","0.0","17.3","0.0","23.7","0.0","76.6","0.0","48.8","(X)","(X)","36.5","15.3","39.8","17.4","100.0","76.6","0.0","48.8","(X)","(X)","63.5","15.3","60.2","17.4","0.0","76.6","100.0","48.8","(X)","(X)","572","65","242","59","25","19","68","35","237","52","31.8","8.0","52.1","12.9","60.0","35.7","54.4","33.4","1.7","2.6","48.1","7.4","41.7","11.9","40.0","35.7","23.5","18.0","62.4","14.4","32.9","9.1","(X)","(X)","(X)","(X)","(X)","(X)","79.3","12.8","15.2","6.6","(X)","(X)","(X)","(X)","(X)","(X)","36.7","14.9","0.7","1.1","(X)","(X)","(X)","(X)","(X)","(X)","(X)","(X)","4.7","4.2","(X)","(X)","(X)","(X)","(X)","(X)","(X)","(X)","50.7","8.2","59.9","12.7","60.0","35.7","88.2","13.2","29.5","13.5","12.6","6.9","11.2","10.6","0.0","59.3","5.9","11.3","17.3","13.5","36.7","7.8","28.9","12.1","40.0","35.7","5.9","8.2","53.2","16.5","58.0","9.6","56.6","16.0","40.0","35.7","39.7","31.3","66.7","14.6","42.0","9.6","43.4","16.0","60.0","35.7","60.3","31.3","33.3","14.6",
"1400000US06111000600","Census Tract 6, Ventura County, California","1933","89","718","135","240","111","427","107","548","109","3.35","0.22","4.29","0.30","3.56","0.70","4.32","0.59","1.26","0.18","1385","123","718","135","240","111","427","107","(X)","(X)","3.96","0.23","4.25","0.29","3.18","0.60","3.90","0.49","(X)","(X)","870","111","407","100","158","88","305","102","(X)","(X)","19.4","8.4","20.6","12.5","32.9","22.5","10.8","13.0","(X)","(X)","41.7","11.6","36.9","15.6","29.1","23.1","54.8","19.9","(X)","(X)","38.9","11.3","42.5","13.6","38.0","28.1","34.4","19.4","(X)","(X)","1933","89","718","135","240","111","427","107","548","109","49.6","6.0","64.5","9.8","65.8","20.0","79.2","10.8","0.0","5.8","29.3","5.7","20.8","8.2","14.2","10.5","16.6","9.1","57.1","13.4","22.6","5.1","(X)","(X)","(X)","(X)","(X)","(X)","79.7","13.9","9.8","3.4","(X)","(X)","(X)","(X)","(X)","(X)","34.7","12.2","0.0","1.7","(X)","(X)","(X)","(X)","(X)","(X)","(X)","(X)","12.0","4.5","(X)","(X)","(X)","(X)","(X)","(X)","(X)","(X)","56.3","6.0","60.3","10.6","50.4","21.5","65.1","12.4","46.7","12.1","42.7","5.9","36.9","10.5","49.6","21.5","34.9","12.4","53.3","12.1","1.0","1.6","2.8","4.3","0.0","12.6","0.0","7.3","0.0","5.8","22.4","4.4","29.1","9.5","21.3","17.8","18.5","10.8","17.2","10.8","77.6","4.4","70.9","9.5","78.8","17.8","81.5","10.8","82.8","10.8",
"1400000US06111000701","Census Tract 7.01, Ventura County, California","1863","93","895","153","138","76","411","119","419","105","3.59","0.22","4.31","0.36","5.01","1.94","3.96","0.49","1.26","0.31","1444","125","895","153","138","76","411","119","(X)","(X)","4.08","0.29","4.22","0.36","4.52","1.84","3.63","0.47","(X)","(X)","789","153","469","143","90","65","230","91","(X)","(X)","23.3","11.1","18.1","13.3","71.1","34.4","15.2","14.7","(X)","(X)","15.1","7.8","18.8","11.6","0.0","29.4","13.5","15.4","(X)","(X)","61.6","11.0","63.1","14.9","28.9","34.4","71.3","18.8","(X)","(X)","1863","93","895","153","138","76","411","119","419","105","53.0","7.5","62.9","11.0","82.6","25.4","75.4","14.9","0.0","7.5","34.5","6.7","33.5","11.8","23.9","24.1","33.6","16.0","41.1","16.3","19.9","5.4","(X)","(X)","(X)","(X)","(X)","(X)","88.3","10.5","5.0","3.1","(X)","(X)","(X)","(X)","(X)","(X)","22.4","12.8","0.5","0.8","(X)","(X)","(X)","(X)","(X)","(X)","(X)","(X)","10.6","4.8","(X)","(X)","(X)","(X)","(X)","(X)","(X)","(X)","43.6","6.6","47.6","8.9","50.0","29.1","30.7","14.9","45.8","17.2","46.2","7.3","39.1","10.1","43.5","24.3","60.1","16.2","48.7","17.2","10.1","4.1","13.3","7.4","6.5","11.4","9.2","10.8","5.5","5.0","51.3","8.3","69.4","10.8","43.5","30.8","37.0","16.3","29.1","13.0","48.7","8.3","30.6","10.8","56.5","30.8","63.0","16.3","70.9","13.0",
"1400000US06111000702","Census Tract 7.02, Ventura County, California","925","44","586","78","50","34","135","54","154","53","3.76","0.27","4.02","0.35","4.70","1.03","4.39","0.80","1.94","0.73","771","65","586","78","50","34","135","54","(X)","(X)","4.02","0.26","3.98","0.34","4.56","1.04","4.00","0.69","(X)","(X)","310","65","234","57","15","16","61","32","(X)","(X)","18.4","9.5","16.2","9.2","0.0","76.6","31.1","32.6","(X)","(X)","19.7","12.0","23.1","14.6","0.0","76.6","11.5","17.2","(X)","(X)","61.9","15.0","60.7","16.8","100.0","76.6","57.4","33.1","(X)","(X)","925","44","586","78","50","34","135","54","154","53","45.2","7.1","48.0","8.0","70.0","32.5","65.2","18.0","9.1","13.8","41.9","5.8","35.3","6.8","50.0","36.6","47.4","19.1","59.7","20.0","11.4","4.5","(X)","(X)","(X)","(X)","(X)","(X)","68.2","19.7","5.8","2.9","(X)","(X)","(X)","(X)","(X)","(X)","35.1","16.7","0.0","3.4","(X)","(X)","(X)","(X)","(X)","(X)","(X)","(X)","6.3","3.9","(X)","(X)","(X)","(X)","(X)","(X)","(X)","(X)","90.4","5.0","93.7","4.6","90.0","17.9","90.4","14.3","77.9","19.3","8.2","4.7","6.3","4.6","10.0","17.9","0.0","21.2","22.1","19.3","1.4","2.3","0.0","5.4","0.0","41.9","9.6","14.3","0.0","18.9","72.8","7.3","79.4","6.5","34.0","33.8","53.3","20.3","77.3","15.0","27.2","7.3","20.6","6.5","66.0","33.8","46.7","20.3","22.7","15.0",
"1400000US06111000800","Census Tract 8, Ventura County, California","2589","126","1582","211","121","77","320","137","566","138","3.07","0.22","3.59","0.26","4.50","0.74","3.17","0.48","1.22","0.13","2023","161","1582","211","121","77","320","137","(X)","(X)","3.46","0.21","3.56","0.25","3.24","1.00","3.06","0.41","(X)","(X)","783","146","592","134","73","71","118","82","(X)","(X)","20.6","9.5","24.2","11.3","24.7","39.6","0.0","23.7","(X)","(X)","31.8","11.3","27.0","10.7","8.2","14.9","70.3","30.8","(X)","(X)","47.6","12.1","48.8","13.6","67.1","47.1","29.7","30.8","(X)","(X)","2589","126","1582","211","121","77","320","137","566","138","35.0","5.5","40.3","5.9","85.1","15.0","51.9","23.2","0.0","5.6","38.1","6.2","33.5","6.8","18.2","19.4","38.8","20.7","54.9","16.7","18.0","5.0","(X)","(X)","(X)","(X)","(X)","(X)","82.3","11.2","9.5","4.2","(X)","(X)","(X)","(X)","(X)","(X)","43.3","16.5","0.0","1.2","(X)","(X)","(X)","(X)","(X)","(X)","(X)","(X)","4.3","2.9","(X)","(X)","(X)","(X)","(X)","(X)","(X)","(X)","83.0","4.9","90.5","4.4","59.5","38.2","76.6","13.0","70.7","14.8","8.1","4.1","1.5","1.6","33.1","40.4","11.6","10.3","19.4","14.6","8.9","3.1","8.1","4.1","7.4","10.1","11.9","11.6","9.9","7.1","65.2","6.7","74.1","7.1","16.5","15.7","35.9","20.4","67.3","14.7","34.8","6.7","25.9","7.1","83.5","15.7","64.1","20.4","32.7","14.7",
"1400000US06111000901","Census Tract 9.01, Ventura County, California","1062","103","480","97","44","43","96","63","442","104","2.28","0.31","2.86","0.28","2.95","0.41","4.51","1.79","1.10","0.08","620","83","480","97","44","43","96","63","(X)","(X)","2.95","0.45","2.76","0.27","2.61","0.46","4.09","2.16","(X)","(X)","200","66","114","33","29","34","57","60","(X)","(X)","8.0","6.7","14.0","11.2","0.0","55.1","0.0","39.3","(X)","(X)","23.0","23.4","10.5","14.6","0.0","55.1","59.6","59.6","(X)","(X)","69.0","22.9","75.4","18.0","100.0","55.1","40.4","59.6","(X)","(X)","1062","103","480","97","44","43","96","63","442","104","19.9","6.6","26.0","8.0","65.9","47.0","59.4","34.9","0.0","7.1","62.8","7.9","53.3","11.8","45.5","51.6","17.7","21.1","84.6","11.3","38.3","7.4","(X)","(X)","(X)","(X)","(X)","(X)","92.1","6.1","24.5","5.5","(X)","(X)","(X)","(X)","(X)","(X)","58.8","12.3","1.0","1.6","(X)","(X)","(X)","(X)","(X)","(X)","(X)","(X)","2.3","2.6","(X)","(X)","(X)","(X)","(X)","(X)","(X)","(X)","71.5","7.3","89.0","7.9","100.0","44.7","100.0","28.0","43.4","12.1","27.5","6.8","8.8","6.8","0.0","44.7","0.0","28.0","56.6","12.1","1.0","1.6","2.3","3.7","0.0","44.7","0.0","28.0","0.0","7.1","58.7","8.4","82.3","8.9","79.5","32.9","29.2","28.4","37.3","11.4","41.3","8.4","17.7","8.9","20.5","32.9","70.8","28.4","62.7","11.4",
"1400000US06111000902","Census Tract 9.02, Ventura County, California","805","82","418","55","20","17","76","36","291","63","2.51","0.20","3.06","0.29","3.15","0.74","2.95","0.60","1.55","0.36","514","63","418","55","20","17","76","36","(X)","(X)","2.87","0.23","2.97","0.26","3.15","0.74","2.25","0.20","(X)","(X)","138","36","112","34","5","8","21","17","(X)","(X)","6.5","7.7","8.0","9.5","0.0","100.0","0.0","64.7","(X)","(X)","15.2","11.8","18.8","14.8","0.0","100.0","0.0","64.7","(X)","(X)","78.3","14.3","73.2","17.8","100.0","100.0","100.0","64.7","(X)","(X)","805","82","418","55","20","17","76","36","291","63","22.1","5.1","28.0","8.0","50.0","39.5","44.7","25.0","5.8","9.2","53.0","6.6","61.0","9.3","50.0","39.5","13.2","13.6","52.2","13.7","26.6","5.3","(X)","(X)","(X)","(X)","(X)","(X)","73.5","10.4","16.3","4.5","(X)","(X)","(X)","(X)","(X)","(X)","45.0","12.3","0.0","4.0","(X)","(X)","(X)","(X)","(X)","(X)","(X)","(X)","9.3","5.3","(X)","(X)","(X)","(X)","(X)","(X)","(X)","(X)","83.6","4.8","93.3","6.3","75.0","36.8","82.9","20.6","70.4","9.4","14.9","4.6","5.7","6.1","25.0","36.8","6.6","10.9","29.6","9.4","1.5","1.9","1.0","1.4","0.0","66.3","10.5","17.5","0.0","10.6","64.1","6.3","82.5","9.4","50.0","40.8","38.2","22.0","45.4","10.3","35.9","6.3","17.5","9.4","50.0","40.8","61.8","22.0","54.6","10.3",
"1400000US06111000903","Census Tract 9.03, Ventura County, California","1985","181","1016","160","44","40","256","93","669","157","2.68","0.20","3.13","0.20","3.82","2.07","3.64","0.58","1.56","0.36","1316","174","1016","160","44","40","256","93","(X)","(X)","3.15","0.19","3.11","0.20","3.41","1.47","3.26","0.58","(X)","(X)","530","142","425","122","30","34","75","65","(X)","(X)","7.2","6.8","8.9","8.3","0.0","54.1","0.0","33.5","(X)","(X)","25.1","13.5","24.5","14.4","0.0","54.1","38.7","47.4","(X)","(X)","67.7","13.7","66.6","15.2","100.0","54.1","61.3","47.4","(X)","(X)","1985","181","1016","160","44","40","256","93","669","157","31.2","6.7","44.1","10.0","100.0","44.7","44.5","24.6","2.1","3.5","44.2","6.8","41.3","9.9","65.9","47.6","37.5","21.6","49.6","15.7","27.5","6.5","(X)","(X)","(X)","(X)","(X)","(X)","81.6","11.6","12.0","5.0","(X)","(X)","(X)","(X)","(X)","(X)","35.6","14.4","0.0","1.6","(X)","(X)","(X)","(X)","(X)","(X)","(X)","(X)","3.4","3.4","(X)","(X)","(X)","(X)","(X)","(X)","(X)","(X)","84.6","6.5","84.2","9.3","100.0","44.7","95.3","8.5","80.3","13.7","13.4","6.1","15.8","9.3","0.0","44.7","4.7","8.5","13.9","11.5","2.0","3.1","0.0","3.1","0.0","44.7","0.0","11.9","5.8","9.2","58.3","8.3","76.1","9.6","0.0","44.7","50.0","21.7","38.4","14.9","41.7","8.3","23.9","9.6","100.0","44.7","50.0","21.7","61.6","14.9",
"1400000US06111001001","Census Tract 10.01, Ventura County, California","1027","80","636","103","30","32","64","51","297","70","2.63","0.20","3.08","0.33","3.23","0.40","4.36","1.19","1.22","0.17","730","94","636","103","30","32","64","51","(X)","(X)","3.09","0.30","3.08","0.33","2.53","0.58","3.41","0.98","(X)","(X)","291","64","244","58","0","12","47","47","(X)","(X)","28.2","17.9","20.5","14.8","-","**","68.1","40.5","(X)","(X)","18.2","13.4","21.7","15.6","-","**","0.0","43.3","(X)","(X)","53.6","18.6","57.8","18.3","-","**","31.9","40.5","(X)","(X)","1027","80","636","103","30","32","64","51","297","70","29.5","5.6","38.4","7.6","0.0","54.1","92.2","15.0","0.0","10.4","51.1","8.2","50.2","10.0","0.0","54.1","26.6","35.8","63.6","14.8","23.5","6.7","(X)","(X)","(X)","(X)","(X)","(X)","81.1","14.7","8.9","4.5","(X)","(X)","(X)","(X)","(X)","(X)","30.6","14.0","0.0","3.1","(X)","(X)","(X)","(X)","(X)","(X)","(X)","(X)","8.5","6.3","(X)","(X)","(X)","(X)","(X)","(X)","(X)","(X)","77.6","7.4","92.0","6.8","73.3","55.0","76.6","31.7","47.5","16.3","4.0","3.5","2.0","3.1","0.0","54.1","0.0","37.0","9.4","9.3","18.4","6.3","6.0","5.8","26.7","55.0","23.4","31.7","43.1","15.1","68.0","9.0","78.0","10.4","100.0","54.1","21.9","32.4","53.2","15.9","32.0","9.0","22.0","10.4","0.0","54.1","78.1","32.4","46.8","15.9",
"1400000US06111001002","Census Tract 10.02, Ventura County, California","2473","172","1183","171","55","80","286","136","949","201","2.57","0.21","3.11","0.30","3.35","0.83","3.23","0.72","1.64","0.37","1524","199","1183","171","55","80","286","136","(X)","(X)","3.07","0.26","3.05","0.28","3.35","0.83","3.07","0.69","(X)","(X)","396","112","318","105","0","17","78","52","(X)","(X)","5.3","6.4","6.6","7.9","-","**","0.0","32.7","(X)","(X)","36.9","16.9","45.9","18.5","-","**","0.0","32.7","(X)","(X)","57.8","17.7","47.5","18.7","-","**","100.0","32.7","(X)","(X)","2473","172","1183","171","55","80","286","136","949","201","17.8","4.9","30.5","8.8","0.0","40.0","27.3","20.2","0.0","3.4","53.0","6.2","52.7","8.8","85.5","51.6","25.9","17.7","59.6","13.0","29.7","6.6","(X)","(X)","(X)","(X)","(X)","(X)","77.3","10.5","17.5","5.6","(X)","(X)","(X)","(X)","(X)","(X)","45.6","12.8","0.0","1.3","(X)","(X)","(X)","(X)","(X)","(X)","(X)","(X)","1.9","1.8","(X)","(X)","(X)","(X)","(X)","(X)","(X)","(X)","77.7","5.9","88.2","6.8","85.5","51.6","94.4","9.4","59.2","12.3","4.1","3.5","1.4","2.4","14.5","51.6","5.6","9.4","6.4","7.8","18.2","5.2","10.4","6.3","0.0","40.0","0.0","10.7","34.4","11.9","67.9","7.2","74.7","9.8","0.0","40.0","55.2","24.5","67.0","12.9","32.1","7.2","25.3","9.8","100.0","40.0","44.8","24.5","33.0","12.9",
"1400000US06111001101","Census Tract 11.01, Ventura County, California","1758","86","1024","135","51","36","104","51","579","123","2.83","0.19","3.54","0.29","4.14","1.13","3.91","0.92","1.25","0.13","1179","127","1024","135","51","36","104","51","(X)","(X)","3.46","0.24","3.47","0.29","3.18","0.90","3.48","0.91","(X)","(X)","395","78","324","80","51","36","20","26","(X)","(X)","14.9","10.2","11.4","10.2","25.5","31.8","45.0","55.0","(X)","(X)","20.3","12.1","15.4","12.5","37.3","41.8","55.0","55.0","(X)","(X)","64.8","12.5","73.1","14.0","37.3","37.2","0.0","66.3","(X)","(X)","1758","86","1024","135","51","36","104","51","579","123","26.6","4.8","36.8","8.1","100.0","41.5","29.8","23.8","1.6","2.3","41.8","5.0","39.6","6.5","0.0","41.5","38.5","24.1","49.9","10.8","26.7","6.4","(X)","(X)","(X)","(X)","(X)","(X)","81.2","8.7","13.4","3.8","(X)","(X)","(X)","(X)","(X)","(X)","40.6","9.6","0.9","1.0","(X)","(X)","(X)","(X)","(X)","(X)","(X)","(X)","6.4","2.4","(X)","(X)","(X)","(X)","(X)","(X)","(X)","(X)","85.2","4.8","94.0","4.0","100.0","41.5","73.1","23.9","70.3","11.5","4.1","3.2","0.7","1.1","0.0","41.5","0.0","26.3","11.2","9.1","10.8","3.6","5.3","3.8","0.0","41.5","26.9","23.9","18.5","8.3","78.7","5.0","86.5","6.4","37.3","37.2","78.8","21.1","68.6","11.6","21.3","5.0","13.5","6.4","62.7","37.2","21.2","21.1","31.4","11.6",
"1400000US06111001102","Census Tract 11.02, Ventura County, California","1371","75","820","107","56","55","50","36","445","111","2.78","0.22","3.39","0.29","3.14","0.51","4.56","0.93","1.40","0.25","926","104","820","107","56","55","50","36","(X)","(X)","3.34","0.26","3.38","0.29","3.02","0.45","3.02","0.56","(X)","(X)","288","83","271","83","6","10","11","18","(X)","(X)","9.4","9.1","5.9","6.8","0.0","100.0","100.0","89.4","(X)","(X)","21.9","16.2","21.0","17.0","100.0","100.0","0.0","89.4","(X)","(X)","68.8","16.9","73.1","17.3","0.0","100.0","0.0","89.4","(X)","(X)","1371","75","820","107","56","55","50","36","445","111","27.3","6.1","41.3","8.4","10.7","22.6","58.0","37.0","0.0","7.0","52.6","5.8","45.6","8.5","14.3","26.8","50.0","36.6","70.6","13.5","25.6","7.5","(X)","(X)","(X)","(X)","(X)","(X)","78.9","11.3","16.0","6.0","(X)","(X)","(X)","(X)","(X)","(X)","49.4","15.8","0.7","1.0","(X)","(X)","(X)","(X)","(X)","(X)","(X)","(X)","5.8","3.1","(X)","(X)","(X)","(X)","(X)","(X)","(X)","(X)","91.9","4.9","98.7","2.0","89.3","22.6","58.0","37.0","83.6","14.2","2.6","1.8","1.3","2.0","0.0","39.6","28.0","31.2","2.5","4.0","5.5","4.7","0.0","3.9","10.7","22.6","14.0","23.1","13.9","14.0","77.5","7.3","84.3","7.7","100.0","39.6","64.0","33.6","63.8","14.7","22.5","7.3","15.7","7.7","0.0","39.6","36.0","33.6","36.2","14.7",
"1400000US06111001201","Census Tract 12.01, Ventura County, California","1790","81","803","87","142","78","151","65","694","108","2.61","0.15","3.45","0.26","3.65","0.45","3.11","0.83","1.32","0.23","1096","107","803","87","142","78","151","65","(X)","(X)","3.28","0.22","3.42","0.26","2.85","0.43","2.92","0.67","(X)","(X)","562","83","376","78","80","69","106","56","(X)","(X)","21.2","13.9","5.9","5.2","90.0","17.1","23.6","33.8","(X)","(X)","18.0","11.3","25.0","15.7","0.0","32.1","6.6","10.7","(X)","(X)","60.9","14.2","69.1","15.4","10.0","17.1","69.8","34.1","(X)","(X)","1790","81","803","87","142","78","151","65","694","108","32.8","4.5","48.4","7.9","64.8","23.8","70.2","25.3","0.0","4.6","49.0","5.5","34.0","9.2","51.4","32.3","7.9","13.0","74.8","9.6","32.4","5.4","(X)","(X)","(X)","(X)","(X)","(X)","83.6","9.0","26.5","4.6","(X)","(X)","(X)","(X)","(X)","(X)","68.4","9.5","0.2","0.5","(X)","(X)","(X)","(X)","(X)","(X)","(X)","(X)","9.0","4.5","(X)","(X)","(X)","(X)","(X)","(X)","(X)","(X)","45.2","4.5","77.2","8.6","27.5","20.7","22.5","20.8","16.7","6.0","44.1","4.9","21.0","8.8","56.3","26.7","72.2","23.0","62.1","8.5","10.7","2.9","1.7","1.4","16.2","16.6","5.3","9.1","21.2","7.6","48.0","4.9","64.4","9.4","43.7","26.7","20.5","19.4","35.9","8.3","52.0","4.9","35.6","9.4","56.3","26.7","79.5","19.4","64.1","8.3",
"1400000US06111001202","Census Tract 12.02, Ventura County, California","2402","79","1635","161","102","73","170","88","495","128","2.73","0.15","3.18","0.15","2.82","1.02","3.27","0.76","1.06","0.07","1907","147","1635","161","102","73","170","88","(X)","(X)","3.13","0.15","3.18","0.15","2.41","0.64","3.04","0.75","(X)","(X)","781","114","634","94","62","56","85","62","(X)","(X)","22.0","10.0","20.7","10.8","0.0","37.6","48.2","40.1","(X)","(X)","15.5","10.6","16.4","12.1","27.4","41.2","0.0","30.7","(X)","(X)","62.5","11.6","62.9","12.9","72.6","41.2","51.8","40.1","(X)","(X)","2402","79","1635","161","102","73","170","88","495","128","33.0","4.7","38.8","5.9","60.8","38.1","56.5","25.9","0.0","6.4","44.2","5.5","36.9","7.2","39.2","38.1","31.2","24.2","73.5","17.2","19.4","5.4","(X)","(X)","(X)","(X)","(X)","(X)","93.9","6.5","11.4","4.3","(X)","(X)","(X)","(X)","(X)","(X)","55.4","17.4","0.0","1.3","(X)","(X)","(X)","(X)","(X)","(X)","(X)","(X)","3.1","2.5","(X)","(X)","(X)","(X)","(X)","(X)","(X)","(X)","97.7","2.3","98.3","1.9","100.0","26.7","83.5","24.1","100.0","6.4","2.3","2.3","1.7","1.9","0.0","26.7","16.5","24.1","0.0","6.4","0.0","1.3","0.0","2.0","0.0","26.7","0.0","17.3","0.0","6.4","78.1","6.0","78.0","8.1","71.6","32.1","45.9","24.3","90.7","10.7","21.9","6.0","22.0","8.1","28.4","32.1","54.1","24.3","9.3","10.7",
"1400000US06111001204","Census Tract 12.04, Ventura County, California","813","52","338","62","103","48","166","48","206","56","3.54","0.28","4.15","0.48","4.25","0.91","4.00","0.63","1.80","0.24","607","67","338","62","103","48","166","48","(X)","(X)","3.79","0.28","4.07","0.47","3.31","0.75","3.52","0.51","(X)","(X)","185","52","116","50","31","30","38","29","(X)","(X)","24.9","15.5","24.1","18.9","58.1","53.8","0.0","48.1","(X)","(X)","22.2","16.5","33.6","23.2","0.0","53.3","5.3","12.6","(X)","(X)","53.0","19.7","42.2","23.8","41.9","53.8","94.7","12.6","(X)","(X)","813","52","338","62","103","48","166","48","206","56","34.9","7.3","44.1","13.2","64.1","25.4","35.5","16.8","4.9","5.7","41.1","5.8","32.5","9.7","41.7","22.3","48.8","16.7","48.5","15.1","11.4","3.9","(X)","(X)","(X)","(X)","(X)","(X)","45.1","14.9","6.5","2.8","(X)","(X)","(X)","(X)","(X)","(X)","25.7","11.0","0.5","0.7","(X)","(X)","(X)","(X)","(X)","(X)","(X)","(X)","12.3","6.9","(X)","(X)","(X)","(X)","(X)","(X)","(X)","(X)","74.8","5.7","83.1","10.8","64.1","21.8","62.0","18.4","76.7","11.2","1.1","1.2","1.8","2.4","0.0","26.5","1.8","3.1","0.0","14.6","24.1","5.7","15.1","10.6","35.9","21.8","36.1","17.5","23.3","11.2","75.6","7.2","79.0","11.8","82.5","19.5","68.7","16.5","72.3","12.9","24.4","7.2","21.0","11.8","17.5","19.5","31.3","16.5","27.7","12.9",
"1400000US06111001206","Census Tract 12.06, Ventura County, California","341","57","207","54","17","14","6","9","111","37","2.43","0.40","3.03","0.53","3.29","1.36","2.00","0.44","1.21","0.13","230","54","207","54","17","14","6","9","(X)","(X)","3.02","0.49","3.03","0.53","3.29","1.36","2.00","0.44","(X)","(X)","90","44","74","42","10","10","6","9","(X)","(X)","13.3","15.7","16.2","20.7","0.0","93.8","0.0","100.0","(X)","(X)","15.6","12.3","18.9","16.2","0.0","93.8","0.0","100.0","(X)","(X)","71.1","15.8","64.9","24.0","100.0","93.8","100.0","100.0","(X)","(X)","341","57","207","54","17","14","6","9","111","37","26.4","11.2","35.7","16.2","58.8","50.7","100.0","100.0","0.0","25.0","54.0","12.6","45.9","13.5","41.2","50.7","0.0","100.0","73.9","19.3","27.3","10.1","(X)","(X)","(X)","(X)","(X)","(X)","83.8","9.7","13.5","7.5","(X)","(X)","(X)","(X)","(X)","(X)","41.4","19.2","0.0","9.1","(X)","(X)","(X)","(X)","(X)","(X)","(X)","(X)","0.0","9.1","(X)","(X)","(X)","(X)","(X)","(X)","(X)","(X)","83.6","10.5","88.9","13.9","58.8","50.7","100.0","100.0","76.6","17.1","8.5","8.7","11.1","13.9","0.0","71.9","0.0","100.0","5.4","8.0","7.9","6.2","0.0","14.5","41.2","50.7","0.0","100.0","18.0","17.2","71.0","10.1","76.8","14.3","58.8","56.2","100.0","100.0","60.4","18.7","29.0","10.1","23.2","14.3","41.2","56.2","0.0","100.0","39.6","18.7",
"1400000US06111001301","Census Tract 13.01, Ventura County, California","2703","70","1380","212","84","65","367","152","872","157","3.14","0.19","3.71","0.40","3.21","1.32","4.77","1.17","1.54","0.28","1831","167","1380","212","84","65","367","152","(X)","(X)","3.84","0.27","3.71","0.40","3.21","1.32","4.47","1.25","(X)","(X)","839","163","656","146","41","52","142","96","(X)","(X)","6.1","6.3","7.8","7.8","0.0","46.3","0.0","20.3","(X)","(X)","13.1","8.8","12.8","10.2","63.4","59.1","0.0","20.3","(X)","(X)","80.8","10.3","79.4","11.8","36.6","59.1","100.0","20.3","(X)","(X)","2703","70","1380","212","84","65","367","152","872","157","39.5","4.5","53.6","9.6","48.8","42.8","72.5","16.5","2.4","4.0","33.3","5.9","37.0","8.5","39.3","37.3","25.6","15.7","30.2","12.3","21.4","6.2","(X)","(X)","(X)","(X)","(X)","(X)","66.3","13.7","7.1","3.8","(X)","(X)","(X)","(X)","(X)","(X)","22.0","11.7","0.0","1.2","(X)","(X)","(X)","(X)","(X)","(X)","(X)","(X)","6.8","3.7","(X)","(X)","(X)","(X)","(X)","(X)","(X)","(X)","70.9","5.1","85.5","6.3","100.0","31.0","54.2","25.3","51.9","13.8","27.8","4.9","14.5","6.3","0.0","31.0","36.0","25.4","48.1","13.8","1.3","2.0","0.0","2.3","0.0","31.0","9.8","13.9","0.0","3.7","53.8","5.9","70.5","10.6","100.0","31.0","28.6","16.0","33.6","9.4","46.2","5.9","29.5","10.6","0.0","31.0","71.4","16.0","66.4","9.4",
"1400000US06111001302","Census Tract 13.02, Ventura County, California","775","38","282","58","25","27","118","44","350","56","2.82","0.25","3.82","0.48","3.40","0.56","4.64","1.00","1.36","0.22","425","64","282","58","25","27","118","44","(X)","(X)","3.77","0.35","3.66","0.48","2.72","0.92","4.28","0.93","(X)","(X)","129","47","66","44","13","18","50","31","(X)","(X)","12.4","11.6","16.7","19.9","0.0","82.3","10.0","17.0","(X)","(X)","40.3","22.3","43.9","31.3","0.0","82.3","46.0","33.7","(X)","(X)","47.3","22.6","39.4","31.6","100.0","82.2","44.0","37.1","(X)","(X)","775","38","282","58","25","27","118","44","350","56","17.7","6.0","23.4","13.1","52.0","52.0","49.2","20.8","0.0","8.9","69.9","6.7","57.4","12.9","100.0","59.3","51.7","23.7","84.0","8.4","35.7","6.8","(X)","(X)","(X)","(X)","(X)","(X)","79.1","11.2","30.6","6.3","(X)","(X)","(X)","(X)","(X)","(X)","67.7","11.9","1.2","2.0","(X)","(X)","(X)","(X)","(X)","(X)","(X)","(X)","5.5","3.0","(X)","(X)","(X)","(X)","(X)","(X)","(X)","(X)","41.5","8.5","53.9","13.1","52.0","52.0","68.6","18.7","21.7","11.3","9.5","5.8","8.9","9.3","48.0","52.0","0.0","23.7","10.6","6.4","48.9","7.2","37.2","11.3","0.0","59.3","31.4","18.7","67.7","11.6","80.0","6.7","84.0","11.2","52.0","52.0","55.1","23.6","87.1","6.2","20.0","6.7","16.0","11.2","48.0","52.0","44.9","23.6","12.9","6.2",
"1400000US06111001401","Census Tract 14.01, Ventura County, California","1398","59","787","80","176","66","123","45","312","68","2.87","0.16","3.40","0.24","3.50","0.84","2.93","0.41","1.14","0.12","1086","73","787","80","176","66","123","45","(X)","(X)","3.29","0.18","3.40","0.24","3.06","0.65","2.86","0.43","(X)","(X)","485","75","332","55","100","57","53","38","(X)","(X)","22.7","9.1","25.0","10.9","27.0","32.4","0.0","40.7","(X)","(X)","21.2","9.9","31.0","14.5","0.0","27.2","0.0","40.7","(X)","(X)","56.1","12.3","44.0","16.2","73.0","32.4","100.0","40.7","(X)","(X)","1398","59","787","80","176","66","123","45","312","68","36.2","5.2","42.2","6.6","56.8","26.0","60.2","22.1","0.0","9.9","43.7","5.2","38.8","7.6","6.3","11.1","39.0","23.6","79.2","10.2","19.7","4.4","(X)","(X)","(X)","(X)","(X)","(X)","88.1","9.7","10.7","3.6","(X)","(X)","(X)","(X)","(X)","(X)","48.1","15.2","0.0","2.3","(X)","(X)","(X)","(X)","(X)","(X)","(X)","(X)","4.3","3.4","(X)","(X)","(X)","(X)","(X)","(X)","(X)","(X)","90.3","3.4","96.7","3.9","100.0","16.8","100.0","22.9","64.7","10.8","9.7","3.4","3.3","3.9","0.0","16.8","0.0","22.9","35.3","10.8","0.0","2.3","0.0","4.0","0.0","16.8","0.0","22.9","0.0","9.9","70.7","6.0","85.8","7.4","36.4","24.6","68.3","24.0","52.9","13.5","29.3","6.0","14.2","7.4","63.6","24.6","31.7","24.0","47.1","13.5",
"1400000US06111001402","Census Tract 14.02, Ventura County, California","2052","121","1178","147","44","45","209","98","621","119","2.59","0.17","3.19","0.26","3.64","0.68","3.14","0.73","1.21","0.14","1431","123","1178","147","44","45","209","98","(X)","(X)","3.12","0.23","3.13","0.25","2.59","0.64","3.14","0.73","(X)","(X)","519","122","377","107","44","45","98","66","(X)","(X)","30.6","13.1","34.7","15.9","63.6","45.9","0.0","27.6","(X)","(X)","21.0","12.8","18.8","15.0","0.0","44.7","38.8","35.2","(X)","(X)","48.4","15.5","46.4","17.0","36.4","45.9","61.2","35.2","(X)","(X)","2052","121","1178","147","44","45","209","98","621","119","28.6","6.5","36.2","8.4","100.0","44.7","55.0","34.8","0.0","5.1","40.8","5.6","39.2","7.6","0.0","44.7","13.9","16.3","55.7","13.9","24.6","5.6","(X)","(X)","(X)","(X)","(X)","(X)","81.2","13.0","12.6","4.4","(X)","(X)","(X)","(X)","(X)","(X)","41.5","12.9","0.7","1.1","(X)","(X)","(X)","(X)","(X)","(X)","(X)","(X)","5.7","4.1","(X)","(X)","(X)","(X)","(X)","(X)","(X)","(X)","68.2","7.2","90.0","5.6","100.0","44.7","43.1","32.2","33.2","10.6","31.2","7.2","10.0","5.6","0.0","44.7","56.9","32.2","64.9","10.6","0.6","0.9","0.0","2.7","0.0","44.7","0.0","14.4","1.9","3.0","61.3","6.2","81.9","7.8","36.4","45.9","33.5","29.2","33.2","11.3","38.7","6.2","18.1","7.8","63.6","45.9","66.5","29.2","66.8","11.3",
"1400000US06111001502","Census Tract 15.02, Ventura County, California","3693","146","1381","222","160","115","586","185","1566","250","2.41","0.16","3.43","0.31","3.28","0.70","2.82","0.40","1.26","0.10","2127","251","1381","222","160","115","586","185","(X)","(X)","3.12","0.22","3.32","0.27","2.64","0.56","2.76","0.41","(X)","(X)","1172","249","776","216","70","72","326","142","(X)","(X)","21.2","11.6","26.4","15.1","15.7","33.0","10.1","11.7","(X)","(X)","20.5","9.1","25.6","14.6","30.0","47.1","6.1","10.6","(X)","(X)","58.3","12.7","47.9","16.3","54.3","54.3","83.7","15.1","(X)","(X)","3693","146","1381","222","160","115","586","185","1566","250","34.8","6.1","59.4","9.6","76.3","23.5","55.6","17.4","1.0","1.6","30.4","4.3","20.5","7.5","14.4","22.1","30.7","15.8","40.5","9.3","33.6","5.9","(X)","(X)","(X)","(X)","(X)","(X)","79.3","8.1","11.1","3.0","(X)","(X)","(X)","(X)","(X)","(X)","26.2","7.3","0.0","0.9","(X)","(X)","(X)","(X)","(X)","(X)","(X)","(X)","6.8","3.5","(X)","(X)","(X)","(X)","(X)","(X)","(X)","(X)","29.8","5.5","34.5","8.5","38.1","45.3","36.9","18.7","22.2","6.7","52.7","6.0","51.7","8.6","29.4","34.4","40.8","16.5","60.4","9.4","17.5","4.1","13.8","5.8","32.5","40.5","22.4","13.2","17.4","7.1","46.1","5.9","46.8","9.7","38.1","45.3","52.9","15.3","43.9","9.5","53.9","5.9","53.2","9.7","61.9","45.3","47.1","15.3","56.1","9.5",
"1400000US06111001503","Census Tract 15.03, Ventura County, California","1793","116","676","109","103","66","245","99","769","140","2.50","0.20","3.54","0.35","3.79","1.07","3.15","0.56","1.21","0.11","1024","134","676","109","103","66","245","99","(X)","(X)","3.43","0.28","3.51","0.35","3.67","1.02","3.09","0.50","(X)","(X)","554","103","356","89","22","26","176","92","(X)","(X)","35.6","15.7","27.8","17.3","59.1","59.1","48.3","30.6","(X)","(X)","12.6","9.9","16.6","14.2","0.0","63.2","6.3","11.6","(X)","(X)","51.8","16.6","55.6","18.9","40.9","59.1","45.5","29.8","(X)","(X)","1793","116","676","109","103","66","245","99","769","140","32.1","5.6","54.4","9.1","30.1","27.9","71.8","17.4","0.0","4.1","31.1","5.8","25.6","7.5","13.6","15.7","20.4","16.8","41.6","10.6","34.9","6.4","(X)","(X)","(X)","(X)","(X)","(X)","81.4","9.8","12.3","3.5","(X)","(X)","(X)","(X)","(X)","(X)","28.7","8.3","1.8","2.1","(X)","(X)","(X)","(X)","(X)","(X)","(X)","(X)","4.1","3.3","(X)","(X)","(X)","(X)","(X)","(X)","(X)","(X)","41.9","6.4","66.1","8.7","42.7","32.8","17.6","16.3","28.2","9.3","49.5","6.6","30.8","8.9","57.3","32.8","77.1","17.5","56.0","9.8","8.6","1.9","3.1","2.8","0.0","26.5","5.3","6.2","15.7","5.3","36.5","6.6","48.8","11.2","14.6","17.5","18.4","16.1","34.3","9.6","63.5","6.6","51.2","11.2","85.4","17.5","81.6","16.1","65.7","9.6",
"1400000US06111001506","Census Tract 15.06, Ventura County, California","1750","69","897","123","137","72","251","86","465","99","2.96","0.16","3.44","0.25","3.66","0.54","3.93","0.53","1.32","0.22","1285","117","897","123","137","72","251","86","(X)","(X)","3.30","0.19","3.37","0.24","3.28","0.45","3.06","0.52","(X)","(X)","483","72","357","85","43","47","83","46","(X)","(X)","23.2","12.5","15.1","10.8","60.5","50.2","38.6","36.8","(X)","(X)","20.1","8.3","20.2","11.4","0.0","45.2","30.1","32.2","(X)","(X)","56.7","15.1","64.7","14.1","39.5","50.2","31.3","29.2","(X)","(X)","1750","69","897","123","137","72","251","86","465","99","32.2","5.2","40.4","6.9","48.9","28.1","41.4","14.5","6.7","9.7","46.9","5.5","40.4","6.2","44.5","25.6","43.0","19.4","62.2","13.7","20.6","5.3","(X)","(X)","(X)","(X)","(X)","(X)","77.4","13.9","11.0","3.8","(X)","(X)","(X)","(X)","(X)","(X)","41.5","12.8","1.8","2.6","(X)","(X)","(X)","(X)","(X)","(X)","(X)","(X)","8.8","4.2","(X)","(X)","(X)","(X)","(X)","(X)","(X)","(X)","89.0","5.0","97.8","1.7","66.4","26.2","84.5","15.7","81.3","13.6","8.7","4.9","0.0","3.6","33.6","26.2","15.5","15.7","14.6","13.5","2.2","1.3","2.2","1.7","0.0","20.9","0.0","12.1","4.1","3.6","76.9","5.7","74.8","9.0","56.9","26.6","66.9","17.7","92.0","8.5","23.1","5.7","25.2","9.0","43.1","26.6","33.1","17.7","8.0","8.5",
"1400000US06111001507","Census Tract 15.07, Ventura County, California","1478","89","727","101","85","60","189","77","477","97","2.90","0.22","3.68","0.32","3.76","1.71","3.41","0.93","1.36","0.24","1001","103","727","101","85","60","189","77","(X)","(X)","3.47","0.25","3.64","0.32","3.45","1.86","2.84","0.41","(X)","(X)","470","96","338","70","24","40","108","65","(X)","(X)","18.5","13.7","24.3","18.4","0.0","60.5","4.6","7.6","(X)","(X)","13.6","9.2","18.9","13.0","0.0","60.5","0.0","25.5","(X)","(X)","67.9","14.2","56.8","18.5","100.0","60.5","95.4","7.6","(X)","(X)","1478","89","727","101","85","60","189","77","477","97","35.3","6.0","48.7","8.8","69.4","36.6","57.1","22.6","0.0","6.6","34.2","4.8","22.8","7.5","15.3","23.7","33.3","22.5","55.1","13.2","26.3","5.7","(X)","(X)","(X)","(X)","(X)","(X)","81.3","11.2","14.7","4.3","(X)","(X)","(X)","(X)","(X)","(X)","45.5","13.6","0.0","2.2","(X)","(X)","(X)","(X)","(X)","(X)","(X)","(X)","3.6","2.8","(X)","(X)","(X)","(X)","(X)","(X)","(X)","(X)","74.1","5.7","82.3","9.1","30.6","36.6","73.5","16.7","69.6","11.1","25.9","5.7","17.7","9.1","69.4","36.6","26.5","16.7","30.4","11.1","0.0","2.2","0.0","4.4","0.0","30.7","0.0","15.7","0.0","6.6","55.8","6.5","67.1","10.9","0.0","30.7","40.2","19.2","54.7","13.4","44.2","6.5","32.9","10.9","100.0","30.7","59.8","19.2","45.3","13.4",
"1400000US06111001601","Census Tract 16.01, Ventura County, California","518","23","238","50","33","25","13","16","234","40","2.48","0.19","3.47","0.26","3.79","1.14","3.23","1.07","1.26","0.13","284","39","238","50","33","25","13","16","(X)","(X)","3.43","0.29","3.44","0.26","3.64","1.31","2.77","1.06","(X)","(X)","153","35","119","32","29","25","5","10","(X)","(X)","24.2","16.7","25.2","19.7","24.1","36.1","0.0","100.0","(X)","(X)","5.9","9.0","7.6","12.1","0.0","55.1","0.0","100.0","(X)","(X)","69.9","18.5","67.2","23.0","75.9","36.1","100.0","100.0","(X)","(X)","518","23","238","50","33","25","13","16","234","40","33.2","6.8","55.9","11.1","87.9","21.8","38.5","59.2","2.1","3.3","30.9","7.8","23.9","10.7","0.0","51.6","0.0","82.3","44.0","13.4","36.7","7.0","(X)","(X)","(X)","(X)","(X)","(X)","81.2","9.1","16.4","6.5","(X)","(X)","(X)","(X)","(X)","(X)","36.3","13.4","0.0","6.1","(X)","(X)","(X)","(X)","(X)","(X)","(X)","(X)","9.7","5.0","(X)","(X)","(X)","(X)","(X)","(X)","(X)","(X)","34.4","7.3","52.1","13.0","0.0","51.6","23.1","41.1","21.8","10.3","64.5","7.5","47.9","13.0","100.0","51.6","76.9","41.1","75.6","10.3","1.2","1.6","0.0","12.7","0.0","51.6","0.0","82.3","2.6","3.5","22.8","7.5","33.6","14.8","0.0","51.6","0.0","82.3","16.2","10.6","77.2","7.5","66.4","14.8","100.0","51.6","100.0","82.2","83.8","10.6",
"1400000US06111001602","Census Tract 16.02, Ventura County, California","923","32","435","60","37","25","112","46","339","57","2.45","0.16","3.16","0.20","4.05","1.17","3.06","0.53","1.15","0.10","584","62","435","60","37","25","112","46","(X)","(X)","2.97","0.17","3.01","0.19","3.43","1.14","2.66","0.28","(X)","(X)","187","40","136","35","14","16","37","23","(X)","(X)","35.8","13.2","39.0","17.3","42.9","57.1","21.6","31.1","(X)","(X)","20.9","12.2","28.7","15.3","0.0","79.3","0.0","48.8","(X)","(X)","43.3","15.9","32.4","17.0","57.1","57.1","78.4","31.1","(X)","(X)","923","32","435","60","37","25","112","46","339","57","20.3","4.2","31.3","6.8","37.8","34.1","33.0","19.1","0.0","9.1","56.7","4.5","55.9","8.0","37.8","33.4","45.5","20.1","63.4","10.4","32.1","5.7","(X)","(X)","(X)","(X)","(X)","(X)","87.3","9.3","19.7","4.8","(X)","(X)","(X)","(X)","(X)","(X)","53.7","11.0","0.0","3.5","(X)","(X)","(X)","(X)","(X)","(X)","(X)","(X)","4.8","3.3","(X)","(X)","(X)","(X)","(X)","(X)","(X)","(X)","70.1","5.3","85.1","6.4","86.5","20.5","49.1","22.8","56.0","10.8","12.6","4.3","4.8","3.8","13.5","20.5","33.9","23.5","15.3","8.8","17.3","4.0","10.1","5.0","0.0","48.8","17.0","18.9","28.6","9.1","83.4","4.4","83.9","7.5","86.5","20.5","50.9","20.7","93.2","5.7","16.6","4.4","16.1","7.5","13.5","20.5","49.1","20.7","6.8","5.7",
"1400000US06111001700","Census Tract 17, Ventura County, California","1254","68","956","70","17","20","37","29","244","63","2.71","0.16","3.01","0.19","3.35","0.89","4.59","1.24","1.23","0.15","1010","71","956","70","17","20","37","29","(X)","(X)","3.02","0.17","2.99","0.19","3.18","0.95","3.76","1.21","(X)","(X)","296","54","288","54","4","6","4","8","(X)","(X)","11.1","11.4","10.1","11.4","100.0","100.0","0.0","100.0","(X)","(X)","33.8","16.2","33.3","16.4","0.0","100.0","100.0","100.0","(X)","(X)","55.1","14.7","56.6","14.8","0.0","100.0","0.0","100.0","(X)","(X)","1254","68","956","70","17","20","37","29","244","63","25.5","4.2","31.9","5.7","23.5","46.7","29.7","29.2","0.0","12.5","60.5","6.0","56.0","7.0","76.5","46.7","89.2","22.2","73.0","14.9","15.8","4.4","(X)","(X)","(X)","(X)","(X)","(X)","81.1","12.4","10.6","3.2","(X)","(X)","(X)","(X)","(X)","(X)","54.5","12.3","0.7","1.2","(X)","(X)","(X)","(X)","(X)","(X)","(X)","(X)","2.6","2.0","(X)","(X)","(X)","(X)","(X)","(X)","(X)","(X)","100.0","2.6","100.0","3.3","100.0","71.9","100.0","48.8","100.0","12.5","0.0","2.6","0.0","3.3","0.0","71.9","0.0","48.8","0.0","12.5","0.0","2.6","0.0","3.3","0.0","71.9","0.0","48.8","0.0","12.5","89.2","4.0","90.5","4.4","23.5","46.7","100.0","48.8","87.3","9.4","10.8","4.0","9.5","4.4","76.5","46.7","0.0","48.8","12.7","9.4",
"1400000US06111001800","Census Tract 18, Ventura County, California","1530","73","1025","95","35","33","81","52","389","81","2.91","0.23","3.47","0.27","2.69","0.48","3.70","1.27","1.30","0.18","1141","74","1025","95","35","33","81","52","(X)","(X)","3.40","0.25","3.41","0.23","2.69","0.48","3.59","1.31","(X)","(X)","387","60","359","59","11","18","17","27","(X)","(X)","10.3","9.8","11.1","10.5","0.0","89.4","0.0","71.9","(X)","(X)","20.7","14.8","19.2","15.5","100.0","89.4","0.0","71.9","(X)","(X)","69.0","15.9","69.6","16.8","0.0","89.4","100.0","71.9","(X)","(X)","1530","73","1025","95","35","33","81","52","389","81","29.5","3.3","41.3","5.5","31.4","36.7","21.0","26.3","0.0","8.0","64.1","4.7","61.3","5.7","51.4","39.8","79.0","26.3","69.4","11.0","19.8","4.6","(X)","(X)","(X)","(X)","(X)","(X)","77.9","12.9","12.2","3.9","(X)","(X)","(X)","(X)","(X)","(X)","48.1","12.5","0.0","2.1","(X)","(X)","(X)","(X)","(X)","(X)","(X)","(X)","4.4","3.4","(X)","(X)","(X)","(X)","(X)","(X)","(X)","(X)","90.0","3.4","93.8","3.9","82.9","30.3","100.0","31.8","78.7","9.7","5.8","2.4","3.4","2.4","17.1","30.3","0.0","31.8","12.1","7.9","4.2","2.3","2.8","3.1","0.0","50.1","0.0","31.8","9.3","6.0","85.7","4.7","89.0","5.3","82.9","30.3","100.0","31.8","74.3","10.9","14.3","4.7","11.0","5.3","17.1","30.3","0.0","31.8","25.7","10.9",
"1400000US06111001900","Census Tract 19, Ventura County, California","1674","70","664","89","49","46","191","74","770","105","2.30","0.14","3.27","0.23","2.69","0.71","3.03","0.38","1.27","0.12","904","99","664","89","49","46","191","74","(X)","(X)","3.02","0.21","3.19","0.24","2.69","0.71","2.53","0.38","(X)","(X)","397","88","280","72","18","30","99","66","(X)","(X)","35.5","13.5","40.4","15.9","100.0","69.9","10.1","19.9","(X)","(X)","14.1","9.6","20.0","13.0","0.0","69.9","0.0","27.4","(X)","(X)","50.4","12.9","39.6","14.3","0.0","69.9","89.9","19.9","(X)","(X)","1674","70","664","89","49","46","191","74","770","105","29.1","4.3","47.3","8.3","79.6","34.3","70.2","23.3","0.0","4.1","42.5","6.0","33.6","8.0","63.3","49.1","31.4","25.0","51.6","10.3","36.4","6.1","(X)","(X)","(X)","(X)","(X)","(X)","79.1","8.5","13.3","4.5","(X)","(X)","(X)","(X)","(X)","(X)","28.8","9.0","0.8","1.2","(X)","(X)","(X)","(X)","(X)","(X)","(X)","(X)","3.6","2.2","(X)","(X)","(X)","(X)","(X)","(X)","(X)","(X)","73.2","5.0","94.1","4.5","100.0","42.4","68.6","23.0","54.7","9.7","26.8","5.0","5.9","4.5","0.0","42.4","31.4","23.0","45.3","9.7","0.0","1.9","0.0","4.8","0.0","42.4","0.0","15.6","0.0","4.1","53.2","6.4","70.0","10.5","42.9","51.7","38.7","24.7","42.9","10.5","46.8","6.4","30.0","10.5","57.1","51.7","61.3","24.7","57.1","10.5",
"1400000US06111002000","Census Tract 20, Ventura County, California","1089","65","569","77","35","31","140","60","345","77","2.47","0.16","3.08","0.26","2.37","0.24","3.01","0.46","1.24","0.14","744","79","569","77","35","31","140","60","(X)","(X)","3.03","0.20","3.08","0.26","2.37","0.24","3.01","0.46","(X)","(X)","291","63","223","58","0","12","68","42","(X)","(X)","7.2","10.0","9.4","12.8","-","**","0.0","35.7","(X)","(X)","7.6","9.0","9.9","11.7","-","**","0.0","35.7","(X)","(X)","85.2","11.7","80.7","14.9","-","**","100.0","35.7","(X)","(X)","1089","65","569","77","35","31","140","60","345","77","27.5","5.3","39.2","7.9","0.0","50.1","48.6","24.5","2.6","4.1","44.4","7.6","45.9","8.4","20.0","42.0","50.0","27.4","42.3","15.4","24.9","6.7","(X)","(X)","(X)","(X)","(X)","(X)","78.6","12.2","6.8","3.6","(X)","(X)","(X)","(X)","(X)","(X)","21.4","10.6","0.0","2.9","(X)","(X)","(X)","(X)","(X)","(X)","(X)","(X)","6.0","3.8","(X)","(X)","(X)","(X)","(X)","(X)","(X)","(X)","78.8","5.2","88.4","7.2","77.1","35.8","86.4","18.3","60.0","13.0","21.2","5.2","11.6","7.2","22.9","35.8","13.6","18.3","40.0","13.0","0.0","2.9","0.0","5.5","0.0","50.1","0.0","20.5","0.0","9.0","69.1","5.8","80.7","7.9","77.1","35.8","76.4","19.9","46.1","15.2","30.9","5.8","19.3","7.9","22.9","35.8","23.6","19.9","53.9","15.2",
"1400000US06111002102","Census Tract 21.02, Ventura County, California","991","78","173","55","48","33","63","45","707","84","1.62","0.11","2.50","0.33","2.56","0.51","2.32","0.14","1.27","0.10","284","53","173","55","48","33","63","45","(X)","(X)","2.40","0.21","2.39","0.31","2.56","0.51","2.32","0.14","(X)","(X)","73","25","25","20","48","33","0","12","(X)","(X)","20.5","30.5","60.0","60.0","0.0","42.8","-","**","(X)","(X)","13.7","21.3","40.0","60.0","0.0","42.8","-","**","(X)","(X)","65.8","31.0","0.0","59.3","100.0","42.8","-","**","(X)","(X)","991","78","173","55","48","33","63","45","707","84","7.4","2.5","14.5","11.4","100.0","42.8","0.0","37.3","0.0","4.5","32.0","7.7","46.2","19.6","0.0","42.8","76.2","27.4","26.7","8.9","54.1","7.9","(X)","(X)","(X)","(X)","(X)","(X)","75.8","9.0","13.7","5.8","(X)","(X)","(X)","(X)","(X)","(X)","19.2","8.4","0.0","3.2","(X)","(X)","(X)","(X)","(X)","(X)","(X)","(X)","10.8","6.0","(X)","(X)","(X)","(X)","(X)","(X)","(X)","(X)","35.7","7.9","73.4","18.0","25.0","39.3","27.0","29.0","28.0","9.4","63.7","7.8","26.6","18.0","75.0","39.3","63.5","36.8","72.0","9.4","0.6","1.2","0.0","17.0","0.0","42.8","9.5","21.5","0.0","4.5","22.6","5.9","49.7","20.3","25.0","39.3","14.3","21.9","16.5","6.6","77.4","5.9","50.3","20.3","75.0","39.3","85.7","21.9","83.5","6.6",
"1400000US06111002200","Census Tract 22, Ventura County, California","2077","95","949","186","193","101","402","139","533","134","3.09","0.20","3.73","0.38","2.96","0.65","4.09","0.82","1.24","0.15","1544","139","949","186","193","101","402","139","(X)","(X)","3.47","0.23","3.66","0.35","2.72","0.41","3.38","0.47","(X)","(X)","780","129","398","148","164","105","218","121","(X)","(X)","31.7","16.7","45.2","22.2","34.8","45.5","4.6","7.9","(X)","(X)","37.2","17.2","29.1","21.8","0.0","17.9","79.8","20.6","(X)","(X)","31.2","14.4","25.6","15.7","65.2","45.5","15.6","18.1","(X)","(X)","2077","95","949","186","193","101","402","139","533","134","44.9","5.7","52.9","10.9","85.0","18.8","66.4","20.9","0.0","5.9","30.4","6.3","27.5","9.7","19.7","21.4","33.3","21.1","37.3","16.3","20.5","5.8","(X)","(X)","(X)","(X)","(X)","(X)","79.7","12.8","4.8","2.6","(X)","(X)","(X)","(X)","(X)","(X)","18.6","9.8","0.0","1.6","(X)","(X)","(X)","(X)","(X)","(X)","(X)","(X)","12.6","6.6","(X)","(X)","(X)","(X)","(X)","(X)","(X)","(X)","72.2","7.6","86.8","10.0","13.0","16.3","81.1","15.9","60.8","15.4","27.0","7.6","11.4","9.8","87.0","16.3","18.9","15.9","39.2","15.4","0.8","1.3","1.8","2.8","0.0","15.4","0.0","7.8","0.0","5.9","44.6","8.0","58.1","12.7","13.0","15.1","48.0","23.9","29.6","14.2","55.4","8.0","41.9","12.7","87.0","15.1","52.0","23.9","70.4","14.2",
"1400000US06111002300","Census Tract 23, Ventura County, California","2090","98","1217","150","36","46","313","116","524","144","3.53","0.59","4.43","0.94","3.64","1.52","3.39","0.76","1.51","0.32","1566","155","1217","150","36","46","313","116","(X)","(X)","4.04","0.74","4.34","0.94","3.03","1.27","2.99","0.75","(X)","(X)","905","190","746","175","21","35","138","77","(X)","(X)","14.7","10.1","15.5","12.0","0.0","64.7","12.3","17.8","(X)","(X)","32.9","13.6","37.1","16.5","100.0","64.7","0.0","20.8","(X)","(X)","52.4","14.0","47.3","16.8","0.0","64.7","87.7","17.8","(X)","(X)","2090","98","1217","150","36","46","313","116","524","144","49.1","9.1","68.9","11.2","58.3","58.3","53.7","23.0","0.0","6.0","20.4","6.7","22.4","9.0","0.0","49.4","24.6","19.1","14.9","10.9","17.8","6.4","(X)","(X)","(X)","(X)","(X)","(X)","71.0","14.0","2.3","2.3","(X)","(X)","(X)","(X)","(X)","(X)","9.4","8.4","1.0","1.7","(X)","(X)","(X)","(X)","(X)","(X)","(X)","(X)","3.9","3.0","(X)","(X)","(X)","(X)","(X)","(X)","(X)","(X)","73.4","7.3","83.2","10.6","69.4","69.4","42.8","20.9","69.3","14.2","26.1","7.3","16.8","10.6","30.6","69.4","57.2","20.9","28.6","14.0","0.5","0.8","0.0","2.6","0.0","49.4","0.0","9.9","2.1","3.1","46.6","7.1","52.9","11.0","0.0","49.4","30.0","17.4","44.8","18.3","53.4","7.1","47.1","11.0","100.0","49.4","70.0","17.4","55.2","18.3",
"1400000US06111002400","Census Tract 24, Ventura County, California","1357","105","289","83","40","31","142","76","886","135","1.85","0.18","2.66","0.33","2.53","0.45","3.18","0.66","1.33","0.19","471","108","289","83","40","31","142","76","(X)","(X)","2.59","0.24","2.62","0.33","2.53","0.45","2.56","0.36","(X)","(X)","159","69","51","32","9","15","99","68","(X)","(X)","18.2","15.5","56.9","34.7","0.0","98.9","0.0","27.4","(X)","(X)","0.0","18.4","0.0","41.5","0.0","98.9","0.0","27.4","(X)","(X)","81.8","15.5","43.1","34.7","100.0","98.9","100.0","27.4","(X)","(X)","1357","105","289","83","40","31","142","76","886","135","12.2","5.1","17.6","10.4","40.0","43.6","69.7","20.2","0.0","3.6","36.0","7.4","41.5","19.9","60.0","43.6","26.8","19.7","34.7","8.6","52.0","8.4","(X)","(X)","(X)","(X)","(X)","(X)","79.7","8.0","13.8","5.0","(X)","(X)","(X)","(X)","(X)","(X)","21.1","7.7","0.0","2.4","(X)","(X)","(X)","(X)","(X)","(X)","(X)","(X)","6.7","4.0","(X)","(X)","(X)","(X)","(X)","(X)","(X)","(X)","17.6","7.4","27.3","18.7","37.5","52.0","23.9","19.5","12.5","6.4","81.9","7.4","70.2","18.9","62.5","52.0","76.1","19.5","87.5","6.4","0.5","0.8","2.4","3.8","0.0","46.9","0.0","20.3","0.0","3.6","5.7","2.6","10.0","8.6","0.0","46.9","8.5","11.3","4.2","3.2","94.3","2.6","90.0","8.6","100.0","46.9","91.5","11.3","95.8","3.2",
"1400000US06111002500","Census Tract 25, Ventura County, California","2161","167","1019","193","162","106","140","83","840","185","2.25","0.15","2.73","0.20","3.86","0.81","2.85","0.39","1.27","0.15","1321","196","1019","193","162","106","140","83","(X)","(X)","2.83","0.20","2.73","0.20","3.77","0.85","2.54","0.35","(X)","(X)","352","75","281","80","17","27","54","52","(X)","(X)","21.0","12.3","26.3","14.2","0.0","71.9","0.0","40.4","(X)","(X)","3.7","5.4","4.6","6.7","0.0","71.9","0.0","40.4","(X)","(X)","75.3","12.5","69.0","13.9","100.0","71.9","100.0","40.4","(X)","(X)","2161","167","1019","193","162","106","140","83","840","185","18.2","3.6","29.6","9.0","22.8","23.1","38.6","29.4","0.0","3.8","47.7","6.8","43.6","10.0","70.4","25.7","61.4","29.4","46.0","12.0","31.2","7.1","(X)","(X)","(X)","(X)","(X)","(X)","80.2","10.3","11.9","3.9","(X)","(X)","(X)","(X)","(X)","(X)","30.7","10.6","0.0","1.5","(X)","(X)","(X)","(X)","(X)","(X)","(X)","(X)","5.2","3.2","(X)","(X)","(X)","(X)","(X)","(X)","(X)","(X)","65.9","7.1","73.1","9.1","77.2","23.1","67.9","28.8","54.6","12.4","23.5","6.4","19.3","8.6","22.8","23.1","32.1","28.8","27.3","10.9","10.6","3.7","7.6","4.6","0.0","18.1","0.0","20.5","18.1","7.8","46.9","5.6","58.7","11.8","20.4","24.4","35.7","28.5","39.6","10.5","53.1","5.6","41.3","11.8","79.6","24.4","64.3","28.5","60.4","10.5",
"1400000US06111002600","Census Tract 26, Ventura County, California","1364","53","505","103","57","51","160","77","642","117","2.47","0.33","3.16","0.21","7.28","3.40","3.26","0.34","1.29","0.15","722","114","505","103","57","51","160","77","(X)","(X)","3.27","0.30","3.14","0.20","5.23","2.12","2.98","0.23","(X)","(X)","353","75","206","55","49","50","98","63","(X)","(X)","28.3","15.7","29.1","18.3","81.6","34.6","0.0","27.6","(X)","(X)","13.6","8.6","23.3","13.8","0.0","42.4","0.0","27.6","(X)","(X)","58.1","15.3","47.6","19.4","18.4","34.6","100.0","27.6","(X)","(X)","1364","53","505","103","57","51","160","77","642","117","25.9","5.5","40.8","8.4","86.0","21.8","61.3","24.0","0.0","4.9","23.0","5.2","32.1","8.5","14.0","21.8","22.5","21.3","16.8","6.2","37.9","8.2","(X)","(X)","(X)","(X)","(X)","(X)","80.5","9.0","1.8","1.7","(X)","(X)","(X)","(X)","(X)","(X)","3.7","3.4","0.0","2.4","(X)","(X)","(X)","(X)","(X)","(X)","(X)","(X)","8.1","4.7","(X)","(X)","(X)","(X)","(X)","(X)","(X)","(X)","72.4","6.4","94.9","6.1","36.8","43.7","76.3","22.0","56.9","10.3","27.6","6.4","5.1","6.1","63.2","43.7","23.8","22.0","43.1","10.3","0.0","2.4","0.0","6.2","0.0","39.3","0.0","18.3","0.0","4.9","35.7","6.7","55.4","9.4","21.1","31.7","33.8","25.5","22.0","9.4","64.3","6.7","44.6","9.4","78.9","31.7","66.3","25.5","78.0","9.4",
"1400000US06111002700","Census Tract 27, Ventura County, California","1627","96","604","92","47","30","260","73","716","118","2.48","0.14","3.45","0.23","2.36","0.34","3.40","0.35","1.34","0.18","911","91","604","92","47","30","260","73","(X)","(X)","3.19","0.18","3.41","0.23","2.36","0.34","2.82","0.33","(X)","(X)","418","63","321","66","29","28","68","39","(X)","(X)","42.3","14.6","49.8","18.8","0.0","55.1","25.0","26.5","(X)","(X)","5.5","6.5","4.0","6.5","0.0","55.1","14.7","22.2","(X)","(X)","52.2","16.1","46.1","20.3","100.0","55.1","60.3","29.7","(X)","(X)","1627","96","604","92","47","30","260","73","716","118","28.3","4.0","54.5","9.6","61.7","39.1","35.8","15.7","1.3","2.0","47.4","5.8","31.8","9.4","38.3","39.1","36.5","16.0","65.2","9.5","35.1","5.8","(X)","(X)","(X)","(X)","(X)","(X)","79.7","9.3","21.6","4.9","(X)","(X)","(X)","(X)","(X)","(X)","49.2","10.3","1.8","1.6","(X)","(X)","(X)","(X)","(X)","(X)","(X)","(X)","5.7","3.6","(X)","(X)","(X)","(X)","(X)","(X)","(X)","(X)","54.5","5.5","73.7","9.3","40.4","33.7","68.8","15.3","33.9","9.6","45.5","5.5","26.3","9.3","59.6","33.7","31.2","15.3","66.1","9.6","0.0","2.0","0.0","5.2","0.0","43.3","0.0","11.7","0.0","4.4","45.2","5.8","63.9","10.7","25.5","33.9","41.5","16.1","32.1","8.8","54.8","5.8","36.1","10.7","74.5","33.9","58.5","16.1","67.9","8.8",
"1400000US06111002800","Census Tract 28, Ventura County, California","2506","96","1009","147","152","96","513","141","832","182","2.59","0.18","3.25","0.24","2.84","0.47","3.49","0.41","1.18","0.11","1674","165","1009","147","152","96","513","141","(X)","(X)","3.17","0.19","3.16","0.24","2.51","0.42","3.37","0.41","(X)","(X)","717","148","364","132","78","66","275","108","(X)","(X)","30.1","13.5","46.2","22.2","61.5","44.8","0.0","11.1","(X)","(X)","25.1","10.7","16.2","13.7","0.0","32.7","44.0","22.9","(X)","(X)","44.8","12.9","37.6","20.4","38.5","44.8","56.0","22.9","(X)","(X)","2506","96","1009","147","152","96","513","141","832","182","32.8","6.3","40.6","10.7","59.2","31.4","62.6","13.5","0.0","3.8","34.5","5.2","38.1","10.1","9.2","15.1","25.7","11.7","40.3","11.9","27.7","6.6","(X)","(X)","(X)","(X)","(X)","(X)","83.4","10.7","10.4","4.5","(X)","(X)","(X)","(X)","(X)","(X)","31.3","11.3","0.0","1.3","(X)","(X)","(X)","(X)","(X)","(X)","(X)","(X)","5.5","3.9","(X)","(X)","(X)","(X)","(X)","(X)","(X)","(X)","68.8","6.3","91.9","7.2","51.3","31.9","65.5","19.5","46.2","10.9","28.8","6.0","6.5","7.0","39.5","32.0","31.4","18.7","52.2","11.1","2.4","1.6","1.6","2.4","9.2","15.1","3.1","4.7","1.7","2.7","48.1","5.7","66.2","11.5","17.8","20.4","36.3","15.9","39.1","11.0","51.9","5.7","33.8","11.5","82.2","20.4","63.7","15.9","60.9","11.0",
"1400000US06111002901","Census Tract 29.01, Ventura County, California","1774","68","1199","125","110","72","209","88","256","80","3.30","0.25","3.54","0.30","5.81","1.72","3.26","0.35","1.12","0.09","1518","103","1199","125","110","72","209","88","(X)","(X)","3.50","0.26","3.48","0.30","4.98","1.09","2.88","0.37","(X)","(X)","640","112","457","111","15","23","168","82","(X)","(X)","8.4","8.7","9.2","11.2","0.0","76.6","7.1","12.2","(X)","(X)","10.6","7.8","14.9","11.0","0.0","76.6","0.0","17.5","(X)","(X)","80.9","11.0","75.9","14.2","100.0","76.6","92.9","12.2","(X)","(X)","1774","68","1199","125","110","72","209","88","256","80","43.1","5.6","43.0","7.8","73.6","29.1","80.4","15.2","0.0","11.9","47.0","5.6","42.8","6.1","77.3","28.6","22.5","16.8","73.8","12.0","12.6","4.1","(X)","(X)","(X)","(X)","(X)","(X)","87.1","10.2","8.8","3.4","(X)","(X)","(X)","(X)","(X)","(X)","60.9","14.6","0.0","1.8","(X)","(X)","(X)","(X)","(X)","(X)","(X)","(X)","5.2","3.9","(X)","(X)","(X)","(X)","(X)","(X)","(X)","(X)","89.3","3.8","96.4","3.0","73.6","31.7","43.5","25.1","100.0","11.9","10.7","3.8","3.6","3.0","26.4","31.7","56.5","25.1","0.0","11.9","0.0","1.8","0.0","2.7","0.0","25.2","0.0","14.4","0.0","11.9","76.2","5.7","83.9","6.6","48.2","35.8","28.2","18.9","91.4","10.2","23.8","5.7","16.1","6.6","51.8","35.8","71.8","18.9","8.6","10.2",
"1400000US06111002905","Census Tract 29.05, Ventura County, California","1615","78","846","104","127","83","311","90","331","86","3.34","0.19","3.73","0.24","4.34","1.01","3.91","0.47","1.42","0.28","1284","95","846","104","127","83","311","90","(X)","(X)","3.69","0.20","3.65","0.25","4.05","0.76","3.67","0.47","(X)","(X)","549","102","345","86","43","45","161","81","(X)","(X)","15.8","8.9","20.3","15.3","0.0","45.2","10.6","15.3","(X)","(X)","17.7","10.3","26.4","13.4","14.0","30.1","0.0","18.2","(X)","(X)","66.5","10.7","53.3","14.2","86.0","30.1","89.4","15.3","(X)","(X)","1615","78","846","104","127","83","311","90","331","86","39.1","6.3","47.0","7.4","33.9","30.1","61.1","18.2","0.0","9.3","45.3","4.4","44.9","7.4","28.3","31.9","41.5","16.0","56.2","15.1","17.0","5.0","(X)","(X)","(X)","(X)","(X)","(X)","83.1","10.1","7.3","4.1","(X)","(X)","(X)","(X)","(X)","(X)","35.6","15.6","0.0","2.0","(X)","(X)","(X)","(X)","(X)","(X)","(X)","(X)","4.7","3.2","(X)","(X)","(X)","(X)","(X)","(X)","(X)","(X)","88.7","4.3","90.9","6.4","100.0","22.3","89.7","8.7","77.6","12.1","11.3","4.3","9.1","6.4","0.0","22.3","10.3","8.7","22.4","12.1","0.0","2.0","0.0","3.8","0.0","22.3","0.0","9.9","0.0","9.3","70.2","6.5","74.8","8.2","59.8","35.4","54.3","19.9","77.3","12.3","29.8","6.5","25.2","8.2","40.2","35.4","45.7","19.9","22.7","12.3",
"1400000US06111003010","Census Tract 30.10, Ventura County, California","982","50","440","82","102","51","215","59","225","60","3.34","0.31","4.03","0.56","3.09","0.45","3.89","0.82","1.60","0.41","757","60","440","82","102","51","215","59","(X)","(X)","3.74","0.37","3.99","0.55","2.81","0.39","3.69","0.80","(X)","(X)","383","57","206","55","61","35","116","49","(X)","(X)","21.1","12.1","23.8","12.8","6.6","9.7","24.1","27.9","(X)","(X)","22.7","10.6","34.5","16.9","26.2","38.1","0.0","24.1","(X)","(X)","56.1","15.3","41.7","16.5","67.2","37.6","75.9","27.9","(X)","(X)","982","50","440","82","102","51","215","59","225","60","44.9","5.8","49.3","9.4","70.6","24.1","67.4","17.4","3.1","4.7","25.9","5.8","18.2","6.3","13.7","15.9","26.0","14.1","46.2","12.1","17.1","5.1","(X)","(X)","(X)","(X)","(X)","(X)","74.7","11.7","4.7","2.8","(X)","(X)","(X)","(X)","(X)","(X)","20.4","10.6","0.0","3.3","(X)","(X)","(X)","(X)","(X)","(X)","(X)","(X)","6.9","4.6","(X)","(X)","(X)","(X)","(X)","(X)","(X)","(X)","54.8","5.6","60.7","10.6","25.5","19.8","43.7","19.4","67.1","12.9","44.9","5.5","39.3","10.6","74.5","19.8","54.9","18.9","32.9","12.9","0.3","0.5","0.0","7.1","0.0","26.7","1.4","2.3","0.0","13.4","49.9","5.9","51.8","9.7","52.9","23.9","46.0","18.6","48.4","13.4","50.1","5.9","48.2","9.7","47.1","23.9","54.0","18.6","51.6","13.4",
"1400000US06111003011","Census Tract 30.11, Ventura County, California","1580","64","693","117","95","70","432","105","360","119","3.65","0.34","4.63","0.55","3.21","0.27","4.24","0.62","1.18","0.17","1220","117","693","117","95","70","432","105","(X)","(X)","4.18","0.38","4.56","0.55","2.58","0.32","3.93","0.58","(X)","(X)","679","118","429","119","5","10","245","86","(X)","(X)","18.4","11.3","17.0","10.1","0.0","100.0","21.2","22.6","(X)","(X)","40.9","15.3","44.1","17.2","0.0","100.0","36.3","23.8","(X)","(X)","40.6","10.9","38.9","16.0","100.0","100.0","42.4","21.1","(X)","(X)","1580","64","693","117","95","70","432","105","360","119","51.3","7.0","68.4","10.3","15.8","19.8","74.3","13.3","0.0","8.6","29.9","6.3","36.1","9.1","33.7","29.8","14.6","9.5","35.6","15.5","19.4","7.3","(X)","(X)","(X)","(X)","(X)","(X)","85.3","14.2","7.7","4.1","(X)","(X)","(X)","(X)","(X)","(X)","33.6","15.5","0.0","2.0","(X)","(X)","(X)","(X)","(X)","(X)","(X)","(X)","9.7","5.8","(X)","(X)","(X)","(X)","(X)","(X)","(X)","(X)","51.1","6.9","53.7","11.7","46.3","32.8","45.4","15.0","54.2","18.8","48.9","6.9","46.3","11.7","53.7","32.8","54.6","15.0","45.8","18.8","0.0","2.0","0.0","4.6","0.0","28.3","0.0","7.2","0.0","8.6","36.2","6.8","47.2","10.9","15.8","19.8","20.4","13.4","39.4","17.8","63.8","6.8","52.8","10.9","84.2","19.8","79.6","13.4","60.6","17.8",
"1400000US06111003012","Census Tract 30.12, Ventura County, California","148","95","135","100","13","19","0","12","0","12","4.32","0.89","4.51","0.86","2.31","0.51","-","**","-","**","148","95","135","100","13","19","0","12","(X)","(X)","4.23","0.89","4.41","0.84","2.31","0.51","-","**","(X)","(X)","122","99","122","99","0","12","0","12","(X)","(X)","42.6","43.3","42.6","43.3","-","**","-","**","(X)","(X)","42.6","42.4","42.6","42.4","-","**","-","**","(X)","(X)","14.8","20.6","14.8","20.6","-","**","-","**","(X)","(X)","148","95","135","100","13","19","0","12","0","12","82.4","23.8","90.4","17.6","0.0","82.3","-","**","-","**","5.4","7.7","5.9","9.0","0.0","82.3","-","**","-","**","0.0","19.6","(X)","(X)","(X)","(X)","(X)","(X)","-","**","0.0","19.6","(X)","(X)","(X)","(X)","(X)","(X)","-","**","0.0","19.6","(X)","(X)","(X)","(X)","(X)","(X)","(X)","(X)","0.0","19.6","(X)","(X)","(X)","(X)","(X)","(X)","(X)","(X)","27.7","25.6","30.4","30.2","0.0","82.3","-","**","-","**","63.5","27.9","60.0","34.2","100.0","82.2","-","**","-","**","8.8","15.7","9.6","17.6","0.0","82.3","-","**","-","**","18.9","15.6","20.7","18.9","0.0","82.3","-","**","-","**","81.1","15.6","79.3","18.9","100.0","82.2","-","**","-","**",
"1400000US06111003013","Census Tract 30.13, Ventura County, California","1598","80","930","130","171","100","166","84","331","90","3.31","0.40","3.89","0.57","3.83","0.91","3.67","0.87","1.25","0.19","1267","110","930","130","171","100","166","84","(X)","(X)","3.72","0.43","3.83","0.53","3.26","0.92","3.60","0.88","(X)","(X)","629","123","460","101","91","78","78","56","(X)","(X)","24.8","13.4","26.7","15.9","36.3","46.9","0.0","32.7","(X)","(X)","19.2","13.2","17.6","13.6","0.0","29.2","51.3","37.9","(X)","(X)","56.0","15.0","55.7","17.8","63.7","46.9","48.7","37.9","(X)","(X)","1598","80","930","130","171","100","166","84","331","90","46.3","8.0","54.6","11.6","70.8","25.3","66.9","24.5","0.0","9.3","31.0","7.3","31.8","10.0","19.3","22.0","34.3","23.7","32.9","14.6","17.1","5.8","(X)","(X)","(X)","(X)","(X)","(X)","82.8","11.7","3.9","2.8","(X)","(X)","(X)","(X)","(X)","(X)","18.7","11.8","1.2","1.4","(X)","(X)","(X)","(X)","(X)","(X)","(X)","(X)","6.6","4.3","(X)","(X)","(X)","(X)","(X)","(X)","(X)","(X)","38.4","4.8","48.0","9.3","19.9","21.2","16.3","13.8","32.3","14.1","50.0","6.4","43.3","10.9","80.1","21.2","63.3","22.1","46.5","15.4","11.6","4.4","8.7","6.2","0.0","17.2","20.5","16.9","21.1","12.4","44.6","5.6","47.4","9.0","19.9","21.2","36.7","22.1","53.5","15.4","55.4","5.6","52.6","9.0","80.1","21.2","63.3","22.1","46.5","15.4",
"1400000US06111003100","Census Tract 31, Ventura County, California","3451","120","2278","256","152","115","658","199","363","158","4.41","0.34","4.82","0.46","4.06","0.63","4.71","0.79","1.49","0.39","3088","208","2278","256","152","115","658","199","(X)","(X)","4.53","0.36","4.67","0.44","3.82","0.75","4.17","0.80","(X)","(X)","1559","204","1081","196","76","88","402","146","(X)","(X)","10.8","6.3","10.9","6.9","51.3","51.3","2.7","4.5","(X)","(X)","18.9","7.7","23.9","10.0","0.0","33.2","9.0","9.8","(X)","(X)","70.4","9.5","65.2","11.4","48.7","51.3","88.3","11.0","(X)","(X)","3451","120","2278","256","152","115","658","199","363","158","53.5","6.3","57.1","7.1","57.9","37.0","69.6","14.8","0.0","8.6","33.0","5.0","34.9","6.0","15.8","22.1","26.1","14.2","41.0","20.1","7.9","4.0","(X)","(X)","(X)","(X)","(X)","(X)","75.2","21.4","3.1","2.2","(X)","(X)","(X)","(X)","(X)","(X)","29.5","19.1","0.0","0.9","(X)","(X)","(X)","(X)","(X)","(X)","(X)","(X)","6.1","3.1","(X)","(X)","(X)","(X)","(X)","(X)","(X)","(X)","97.3","1.5","97.1","1.7","100.0","19.1","100.0","4.8","92.6","9.4","1.5","0.9","1.8","1.2","0.0","19.1","0.0","4.8","3.0","5.0","1.2","1.2","1.1","1.3","0.0","19.1","0.0","4.8","4.4","8.0","82.5","4.6","86.2","5.1","74.3","35.7","69.3","16.1","86.8","15.9","17.5","4.6","13.8","5.1","25.7","35.7","30.7","16.1","13.2","15.9",
"1400000US06111003201","Census Tract 32.01, Ventura County, California","758","46","350","68","97","50","237","67","74","41","5.60","0.52","5.69","0.64","6.94","2.70","5.82","0.93","2.73","1.34","684","52","350","68","97","50","237","67","(X)","(X)","4.84","0.49","5.33","0.61","3.73","0.73","4.57","0.77","(X)","(X)","428","65","236","71","57","39","135","58","(X)","(X)","16.1","9.6","1.3","2.3","28.1","38.9","37.0","22.0","(X)","(X)","29.4","11.8","44.1","15.7","0.0","39.3","16.3","18.5","(X)","(X)","54.4","12.2","54.7","15.4","71.9","38.9","46.7","25.0","(X)","(X)","758","46","350","68","97","50","237","67","74","41","67.2","7.9","76.0","10.3","76.3","19.8","71.3","12.8","0.0","33.8","25.6","6.2","15.7","7.2","17.5","13.4","35.4","15.9","51.4","26.2","5.5","4.1","(X)","(X)","(X)","(X)","(X)","(X)","56.8","26.0","3.4","3.0","(X)","(X)","(X)","(X)","(X)","(X)","35.1","25.4","0.0","4.2","(X)","(X)","(X)","(X)","(X)","(X)","(X)","(X)","11.9","6.0","(X)","(X)","(X)","(X)","(X)","(X)","(X)","(X)","80.5","7.1","81.4","9.9","100.0","27.8","76.4","14.2","63.5","26.4","17.7","6.9","14.6","7.9","0.0","27.8","23.6","14.2","36.5","26.4","1.8","2.9","4.0","6.1","0.0","27.8","0.0","12.8","0.0","33.8","28.2","6.3","32.0","10.1","24.7","18.0","19.8","10.2","41.9","25.8","71.8","6.3","68.0","10.1","75.3","18.0","80.2","10.2","58.1","25.8",
"1400000US06111003300","Census Tract 33, Ventura County, California","2219","120","1143","185","182","77","566","155","328","118","3.94","0.32","4.73","0.60","3.60","0.43","3.95","0.59","1.38","0.38","1891","153","1143","185","182","77","566","155","(X)","(X)","4.03","0.28","4.29","0.37","3.34","0.40","3.72","0.60","(X)","(X)","931","197","620","147","70","74","241","124","(X)","(X)","13.4","8.1","17.7","10.4","21.4","38.6","0.0","12.6","(X)","(X)","28.0","10.5","37.7","14.0","21.4","40.3","5.0","8.8","(X)","(X)","58.5","12.7","44.5","15.6","57.1","56.2","95.0","8.8","(X)","(X)","2219","120","1143","185","182","77","566","155","328","118","48.2","7.6","59.7","7.7","38.5","35.0","56.2","17.0","0.0","9.4","31.0","4.5","28.5","7.2","25.8","19.0","26.1","12.5","50.6","18.4","12.1","4.2","(X)","(X)","(X)","(X)","(X)","(X)","81.7","16.4","5.7","2.6","(X)","(X)","(X)","(X)","(X)","(X)","38.7","16.3","0.0","1.5","(X)","(X)","(X)","(X)","(X)","(X)","(X)","(X)","5.3","4.4","(X)","(X)","(X)","(X)","(X)","(X)","(X)","(X)","59.2","6.2","73.5","9.7","42.3","26.3","39.9","15.1","52.1","18.3","40.8","6.2","26.5","9.7","57.7","26.3","60.1","15.1","47.9","18.3","0.0","1.5","0.0","2.8","0.0","16.3","0.0","5.6","0.0","9.4","52.5","7.9","67.7","12.0","42.3","26.3","29.2","13.2","45.1","19.0","47.5","7.9","32.3","12.0","57.7","26.3","70.8","13.2","54.9","19.0",
"1400000US06111003605","Census Tract 36.05, Ventura County, California","2830","114","1417","202","233","105","456","150","724","182","3.22","0.24","3.54","0.31","4.06","1.08","4.12","0.76","1.76","0.35","2106","198","1417","202","233","105","456","150","(X)","(X)","3.43","0.21","3.53","0.31","3.24","0.48","3.23","0.43","(X)","(X)","1114","178","692","174","115","74","307","136","(X)","(X)","22.7","8.6","29.9","12.7","7.8","14.0","12.1","14.8","(X)","(X)","11.0","6.1","11.7","8.8","35.7","32.1","0.0","10.0","(X)","(X)","66.3","9.4","58.4","14.2","56.5","33.2","87.9","14.8","(X)","(X)","2830","114","1417","202","233","105","456","150","724","182","45.2","6.3","50.7","10.0","63.5","22.3","84.0","10.6","4.0","6.5","38.0","4.6","30.2","7.3","33.9","20.1","33.6","15.8","57.2","13.8","15.8","5.3","(X)","(X)","(X)","(X)","(X)","(X)","61.9","13.8","7.6","3.6","(X)","(X)","(X)","(X)","(X)","(X)","29.6","13.1","1.6","2.0","(X)","(X)","(X)","(X)","(X)","(X)","(X)","(X)","6.5","3.3","(X)","(X)","(X)","(X)","(X)","(X)","(X)","(X)","78.7","6.1","88.6","6.7","82.0","16.1","66.7","17.7","65.7","14.1","20.7","6.0","10.2","6.4","18.0","16.1","33.3","17.7","34.3","14.1","0.6","0.9","1.2","2.0","0.0","13.0","0.0","6.9","0.0","4.4","56.9","6.2","68.7","10.0","34.8","22.7","52.9","18.6","43.4","14.1","43.1","6.2","31.3","10.0","65.2","22.7","47.1","18.6","56.6","14.1",
"1400000US06111003608","Census Tract 36.08, Ventura County, California","1007","41","659","73","63","39","106","47","179","54","3.86","0.31","4.48","0.39","3.73","1.39","4.01","0.64","1.55","0.24","828","58","659","73","63","39","106","47","(X)","(X)","4.24","0.36","4.46","0.39","3.00","0.71","3.60","0.60","(X)","(X)","437","78","382","78","33","29","22","16","(X)","(X)","21.1","10.3","21.5","11.7","30.3","40.0","0.0","63.2","(X)","(X)","14.6","8.1","16.8","8.9","0.0","51.6","0.0","63.2","(X)","(X)","64.3","12.1","61.8","12.6","69.7","40.0","100.0","63.2","(X)","(X)","1007","41","659","73","63","39","106","47","179","54","51.7","7.8","65.7","8.2","52.4","34.1","48.1","24.5","2.2","4.4","31.5","4.8","33.4","7.1","20.6","26.1","23.6","17.7","33.0","13.8","10.5","3.7","(X)","(X)","(X)","(X)","(X)","(X)","59.2","17.5","2.9","1.6","(X)","(X)","(X)","(X)","(X)","(X)","16.2","9.2","0.3","0.5","(X)","(X)","(X)","(X)","(X)","(X)","(X)","(X)","6.9","3.7","(X)","(X)","(X)","(X)","(X)","(X)","(X)","(X)","82.8","4.2","85.1","6.5","68.3","32.0","84.0","17.1","78.8","12.5","17.2","4.2","14.9","6.5","31.7","32.0","16.0","17.1","21.2","12.5","0.0","3.2","0.0","4.8","0.0","37.3","0.0","25.9","0.0","16.5","60.9","4.6","69.2","7.0","15.9","17.8","41.5","19.3","57.5","17.6","39.1","4.6","30.8","7.0","84.1","17.8","58.5","19.3","42.5","17.6",
"1400000US06111003609","Census Tract 36.09, Ventura County, California","3009","198","1309","191","80","67","175","90","1445","227","1.96","0.12","2.35","0.17","2.75","0.54","3.27","0.57","1.41","0.20","1564","195","1309","191","80","67","175","90","(X)","(X)","2.42","0.17","2.35","0.17","2.54","0.31","2.91","0.69","(X)","(X)","230","99","110","60","48","50","72","64","(X)","(X)","48.7","23.5","51.8","34.3","0.0","42.8","76.4","35.3","(X)","(X)","6.5","10.1","13.6","20.3","0.0","42.8","0.0","34.4","(X)","(X)","44.8","22.5","34.5","31.1","100.0","42.8","23.6","35.3","(X)","(X)","3009","198","1309","191","80","67","175","90","1445","227","9.0","3.6","8.4","4.3","60.0","34.3","64.0","27.3","0.0","2.2","48.9","5.8","59.1","8.5","40.0","34.3","29.7","22.4","42.6","9.9","34.2","6.2","(X)","(X)","(X)","(X)","(X)","(X)","71.2","11.8","15.0","4.3","(X)","(X)","(X)","(X)","(X)","(X)","31.2","8.6","2.0","2.1","(X)","(X)","(X)","(X)","(X)","(X)","(X)","(X)","6.2","3.0","(X)","(X)","(X)","(X)","(X)","(X)","(X)","(X)","60.4","5.3","70.3","9.1","100.0","32.1","77.1","20.4","47.2","10.0","30.8","5.3","25.7","8.7","0.0","32.1","18.3","19.9","38.6","11.0","8.8","2.7","4.0","3.2","0.0","32.1","4.6","7.2","14.2","6.1","59.4","6.1","64.6","8.0","58.8","37.5","36.6","24.8","57.6","10.2","40.6","6.1","35.4","8.0","41.3","37.5","63.4","24.8","42.4","10.2",
"1400000US06111003612","Census Tract 36.12, Ventura County, California","1959","194","742","173","121","74","214","114","882","186","2.34","0.21","2.79","0.33","3.59","0.39","3.70","0.93","1.47","0.22","1077","170","742","173","121","74","214","114","(X)","(X)","2.92","0.26","2.79","0.33","2.38","0.17","3.70","0.93","(X)","(X)","303","148","172","114","0","12","131","101","(X)","(X)","12.2","16.1","21.5","25.8","-","**","0.0","21.7","(X)","(X)","28.1","24.3","17.4","23.0","-","**","42.0","47.2","(X)","(X)","59.7","25.3","61.0","27.7","-","**","58.0","47.2","(X)","(X)","1959","194","742","173","121","74","214","114","882","186","17.8","6.1","23.2","12.1","0.0","23.3","82.7","18.7","0.0","3.6","33.3","5.9","53.0","11.1","0.0","23.3","31.8","30.1","21.7","9.9","29.7","7.7","(X)","(X)","(X)","(X)","(X)","(X)","66.0","12.8","2.8","1.9","(X)","(X)","(X)","(X)","(X)","(X)","6.1","4.3","1.0","1.6","(X)","(X)","(X)","(X)","(X)","(X)","(X)","(X)","9.3","5.8","(X)","(X)","(X)","(X)","(X)","(X)","(X)","(X)","63.9","7.9","82.2","9.5","26.4","37.0","35.5","31.1","60.4","13.8","36.1","7.9","17.8","9.5","73.6","37.0","64.5","31.1","39.6","13.8","0.0","1.6","0.0","4.3","0.0","23.3","0.0","14.1","0.0","3.6","40.4","7.3","69.5","11.7","0.0","23.3","31.8","30.1","23.5","11.5","59.6","7.3","30.5","11.7","100.0","23.3","68.2","30.1","76.5","11.5",
"1400000US06111003700","Census Tract 37, Ventura County, California","1203","79","747","105","137","61","251","80","68","37","5.66","0.44","6.03","0.49","5.09","1.62","5.94","1.16","1.81","0.98","1135","85","747","105","137","61","251","80","(X)","(X)","5.41","0.39","5.67","0.51","4.63","1.63","5.09","0.82","(X)","(X)","654","87","512","92","24","30","118","58","(X)","(X)","11.3","8.1","6.8","6.7","70.8","53.4","18.6","26.4","(X)","(X)","28.6","12.3","24.0","13.8","0.0","60.5","54.2","29.1","(X)","(X)","60.1","12.7","69.1","15.8","29.2","53.4","27.1","24.1","(X)","(X)","1203","79","747","105","137","61","251","80","68","37","65.9","5.8","79.8","6.1","34.3","23.5","59.8","16.3","0.0","35.7","38.2","5.9","29.2","7.8","77.4","21.2","45.8","16.6","30.9","24.1","4.2","2.7","(X)","(X)","(X)","(X)","(X)","(X)","75.0","25.3","1.2","1.2","(X)","(X)","(X)","(X)","(X)","(X)","20.6","19.9","0.7","1.0","(X)","(X)","(X)","(X)","(X)","(X)","(X)","(X)","5.0","4.3","(X)","(X)","(X)","(X)","(X)","(X)","(X)","(X)","92.3","3.8","92.9","4.7","94.9","7.9","95.6","5.7","67.6","32.6","7.7","3.8","7.1","4.7","5.1","7.9","4.4","5.7","32.4","32.6","0.0","2.7","0.0","4.3","0.0","20.9","0.0","12.1","0.0","35.7","60.3","8.9","62.4","11.3","47.4","22.3","61.0","19.3","61.8","33.8","39.7","8.9","37.6","11.3","52.6","22.3","39.0","19.3","38.2","33.8",
"1400000US06111003801","Census Tract 38.01, Ventura County, California","1136","68","651","96","210","97","104","65","171","74","4.41","0.55","5.33","0.64","4.38","1.15","4.03","1.12","1.19","0.22","965","83","651","96","210","97","104","65","(X)","(X)","4.61","0.49","5.06","0.57","3.60","0.68","3.87","1.05","(X)","(X)","509","99","355","95","132","91","22","33","(X)","(X)","5.9","7.5","2.0","3.3","17.4","27.5","0.0","63.2","(X)","(X)","27.7","14.7","39.7","18.6","0.0","21.6","0.0","63.2","(X)","(X)","66.4","15.5","58.3","18.9","82.6","27.5","100.0","63.2","(X)","(X)","1136","68","651","96","210","97","104","65","171","74","57.7","6.8","72.8","9.2","71.9","24.7","29.8","23.9","0.0","17.2","39.3","10.1","45.2","12.4","16.7","18.9","29.8","26.7","50.9","31.7","12.9","6.2","(X)","(X)","(X)","(X)","(X)","(X)","86.0","17.9","7.0","5.9","(X)","(X)","(X)","(X)","(X)","(X)","46.2","31.5","0.0","2.8","(X)","(X)","(X)","(X)","(X)","(X)","(X)","(X)","7.0","5.4","(X)","(X)","(X)","(X)","(X)","(X)","(X)","(X)","72.9","8.4","72.7","10.8","65.2","27.7","93.3","11.6","70.8","23.3","27.1","8.4","27.3","10.8","34.8","27.7","6.7","11.6","29.2","23.3","0.0","2.8","0.0","4.9","0.0","14.3","0.0","26.3","0.0","17.2","46.0","11.7","44.5","15.1","56.2","25.3","43.3","30.0","40.9","28.2","54.0","11.7","55.5","15.1","43.8","25.3","56.7","30.0","59.1","28.2",
"1400000US06111003802","Census Tract 38.02, Ventura County, California","556","31","316","63","40","36","134","51","66","31","4.87","0.48","5.59","0.83","4.73","0.78","4.45","0.89","2.35","1.24","490","39","316","63","40","36","134","51","(X)","(X)","4.88","0.52","5.49","0.79","3.75","0.75","3.76","0.65","(X)","(X)","307","56","198","59","22","27","87","46","(X)","(X)","10.7","8.2","11.6","11.4","0.0","63.2","11.5","15.6","(X)","(X)","22.5","12.2","15.7","13.5","27.3","55.4","36.8","30.1","(X)","(X)","66.8","11.6","72.7","15.9","72.7","55.4","51.7","28.9","(X)","(X)","556","31","316","63","40","36","134","51","66","31","66.9","8.9","74.1","11.1","55.0","45.2","77.6","24.3","18.2","24.6","23.2","5.7","22.2","8.0","15.0","27.9","9.0","8.5","62.1","34.4","7.4","4.5","(X)","(X)","(X)","(X)","(X)","(X)","62.1","34.4","7.4","4.5","(X)","(X)","(X)","(X)","(X)","(X)","62.1","34.4","0.0","5.7","(X)","(X)","(X)","(X)","(X)","(X)","(X)","(X)","14.4","7.9","(X)","(X)","(X)","(X)","(X)","(X)","(X)","(X)","56.3","8.8","71.5","11.2","0.0","46.9","47.8","20.2","34.8","21.7","41.0","8.3","28.5","11.2","100.0","46.9","50.0","20.9","47.0","24.9","2.7","3.4","0.0","9.8","0.0","46.9","2.2","4.4","18.2","24.6","35.6","7.8","49.4","12.9","0.0","46.9","14.2","12.1","34.8","21.7","64.4","7.8","50.6","12.9","100.0","46.9","85.8","12.1","65.2","21.7",
"1400000US06111003900","Census Tract 39, Ventura County, California","1460","92","704","128","162","76","496","139","98","46","5.05","0.45","5.42","0.71","5.23","1.37","5.22","0.90","1.16","0.27","1362","96","704","128","162","76","496","139","(X)","(X)","4.82","0.45","5.21","0.67","4.83","1.51","4.27","0.79","(X)","(X)","795","109","394","113","37","37","364","132","(X)","(X)","16.2","8.6","3.6","4.0","67.6","50.2","24.7","17.1","(X)","(X)","31.6","12.0","33.0","16.7","0.0","48.8","33.2","21.8","(X)","(X)","52.2","12.0","63.5","16.8","32.4","50.2","42.0","19.4","(X)","(X)","1460","92","704","128","162","76","496","139","98","46","63.8","5.7","64.3","8.9","50.0","22.2","80.2","10.5","0.0","27.6","29.2","6.6","35.9","10.3","36.4","25.6","17.1","10.8","30.6","22.8","6.3","3.1","(X)","(X)","(X)","(X)","(X)","(X)","93.9","10.4","0.9","1.0","(X)","(X)","(X)","(X)","(X)","(X)","13.3","15.3","0.3","0.7","(X)","(X)","(X)","(X)","(X)","(X)","(X)","(X)","11.8","6.3","(X)","(X)","(X)","(X)","(X)","(X)","(X)","(X)","77.3","5.7","81.1","9.9","86.4","20.0","73.6","13.6","53.1","26.5","20.5","5.2","14.3","9.5","13.6","20.0","26.4","13.6","46.9","26.5","2.2","2.8","4.5","5.9","0.0","18.1","0.0","6.3","0.0","27.6","53.0","7.0","61.1","11.4","86.4","20.0","30.2","14.5","55.1","31.2","47.0","7.0","38.9","11.4","13.6","20.0","69.8","14.5","44.9","31.2",
"1400000US06111004000","Census Tract 40, Ventura County, California","1409","63","839","136","43","46","337","94","190","70","4.96","0.54","4.93","0.56","6.16","1.55","5.54","0.54","3.78","2.73","1219","93","839","136","43","46","337","94","(X)","(X)","4.65","0.43","4.54","0.54","5.37","1.30","4.82","0.56","(X)","(X)","700","105","454","116","34","44","212","86","(X)","(X)","23.3","11.9","16.7","12.4","23.5","52.6","37.3","25.8","(X)","(X)","22.1","11.8","20.9","14.6","76.5","52.6","16.0","17.3","(X)","(X)","54.6","15.1","62.3","16.6","0.0","50.9","46.7","30.1","(X)","(X)","1409","63","839","136","43","46","337","94","190","70","62.0","7.0","61.5","9.5","79.1","37.8","86.6","9.5","16.3","22.5","41.4","7.0","39.8","10.5","20.9","37.8","31.5","21.6","70.5","20.8","7.9","3.1","(X)","(X)","(X)","(X)","(X)","(X)","58.9","21.9","5.0","2.7","(X)","(X)","(X)","(X)","(X)","(X)","37.4","19.4","0.0","2.3","(X)","(X)","(X)","(X)","(X)","(X)","(X)","(X)","10.8","6.3","(X)","(X)","(X)","(X)","(X)","(X)","(X)","(X)","79.8","5.8","83.9","7.5","39.5","54.9","80.4","11.6","70.0","17.9","10.3","5.1","8.1","6.7","60.5","54.9","15.1","11.2","0.0","15.7","9.9","3.5","8.0","5.1","0.0","45.2","4.5","5.0","30.0","17.9","66.1","9.3","67.7","11.2","39.5","54.9","65.0","18.0","67.4","25.2","33.9","9.3","32.3","11.2","60.5","54.9","35.0","18.0","32.6","25.2",
"1400000US06111004101","Census Tract 41.01, Ventura County, California","1340","77","786","120","122","62","316","103","116","63","5.27","0.35","5.72","0.45","6.07","1.28","5.04","0.70","1.97","0.75","1224","91","786","120","122","62","316","103","(X)","(X)","5.21","0.31","5.52","0.41","4.66","0.90","4.66","0.73","(X)","(X)","724","112","531","111","30","26","163","80","(X)","(X)","22.0","10.1","13.7","12.0","100.0","54.1","34.4","26.4","(X)","(X)","30.4","10.9","38.0","14.0","0.0","54.1","11.0","15.8","(X)","(X)","47.7","13.0","48.2","14.2","0.0","54.1","54.6","26.8","(X)","(X)","1340","77","786","120","122","62","316","103","116","63","71.6","6.6","81.6","8.0","51.6","21.8","72.8","13.9","21.6","29.2","38.1","6.7","33.8","8.4","46.7","27.6","44.9","17.7","39.7","27.6","5.1","2.8","(X)","(X)","(X)","(X)","(X)","(X)","58.6","31.8","3.4","2.1","(X)","(X)","(X)","(X)","(X)","(X)","39.7","27.6","0.0","2.4","(X)","(X)","(X)","(X)","(X)","(X)","(X)","(X)","7.3","4.9","(X)","(X)","(X)","(X)","(X)","(X)","(X)","(X)","77.8","5.5","78.4","9.0","73.0","26.1","79.1","15.9","75.0","21.9","22.2","5.5","21.6","9.0","27.0","26.1","20.9","15.9","25.0","21.9","0.0","2.4","0.0","4.0","0.0","23.1","0.0","9.8","0.0","24.1","61.1","7.3","62.6","12.0","46.7","27.6","73.1","15.7","33.6","18.7","38.9","7.3","37.4","12.0","53.3","27.6","26.9","15.7","66.4","18.7",
"1400000US06111004200","Census Tract 42, Ventura County, California","1221","90","772","96","120","65","177","67","152","66","4.57","0.46","4.76","0.48","4.73","0.83","5.87","1.85","1.97","0.95","1069","99","772","96","120","65","177","67","(X)","(X)","4.49","0.36","4.55","0.47","4.25","0.71","4.40","0.85","(X)","(X)","476","86","396","91","17","19","63","48","(X)","(X)","20.4","12.5","19.9","13.8","52.9","52.9","14.3","23.9","(X)","(X)","13.0","10.4","13.6","11.1","47.1","52.9","0.0","37.3","(X)","(X)","66.6","13.6","66.4","13.8","0.0","71.9","85.7","23.9","(X)","(X)","1221","90","772","96","120","65","177","67","152","66","51.9","7.2","61.1","8.4","43.3","27.9","62.1","18.1","0.0","19.1","39.8","6.4","36.5","7.4","60.8","23.9","42.4","22.4","36.8","17.8","9.8","4.9","(X)","(X)","(X)","(X)","(X)","(X)","78.9","18.0","3.2","2.3","(X)","(X)","(X)","(X)","(X)","(X)","25.7","17.6","0.0","2.6","(X)","(X)","(X)","(X)","(X)","(X)","(X)","(X)","4.7","3.8","(X)","(X)","(X)","(X)","(X)","(X)","(X)","(X)","96.9","3.1","98.1","3.2","87.5","18.6","100.0","16.7","94.7","7.9","1.9","2.1","0.0","4.1","12.5","18.6","0.0","16.7","5.3","7.9","1.2","2.0","1.9","3.2","0.0","23.4","0.0","16.7","0.0","19.1","81.1","6.6","79.9","9.1","75.8","24.5","78.0","14.9","94.7","7.9","18.9","6.6","20.1","9.1","24.2","24.5","22.0","14.9","5.3","7.9",
"1400000US06111004304","Census Tract 43.04, Ventura County, California","2433","164","1132","178","143","89","365","123","793","161","2.79","0.24","3.73","0.38","2.79","0.65","3.34","0.50","1.18","0.12","1640","166","1132","178","143","89","365","123","(X)","(X)","3.44","0.30","3.68","0.38","2.63","0.60","3.04","0.35","(X)","(X)","752","150","569","130","27","30","156","99","(X)","(X)","9.3","8.4","10.2","10.8","0.0","57.1","7.7","12.3","(X)","(X)","37.0","15.3","38.3","19.9","40.7","57.5","31.4","31.8","(X)","(X)","53.7","14.1","51.5","18.1","59.3","57.5","60.9","30.9","(X)","(X)","2433","164","1132","178","143","89","365","123","793","161","31.2","6.3","50.3","9.6","18.9","20.9","44.9","23.6","0.0","4.0","39.6","5.8","30.4","9.0","33.6","27.1","31.0","19.4","57.8","12.4","27.7","5.9","(X)","(X)","(X)","(X)","(X)","(X)","85.1","10.0","14.3","4.6","(X)","(X)","(X)","(X)","(X)","(X)","43.8","13.2","1.4","2.2","(X)","(X)","(X)","(X)","(X)","(X)","(X)","(X)","3.3","2.5","(X)","(X)","(X)","(X)","(X)","(X)","(X)","(X)","63.0","7.1","61.7","12.3","63.6","35.2","59.2","20.9","66.6","11.0","36.5","7.2","37.3","12.2","36.4","35.2","40.8","20.9","33.4","11.0","0.5","0.7","1.0","1.5","0.0","20.2","0.0","8.5","0.0","4.0","44.7","7.2","44.8","11.6","25.2","25.9","22.2","13.9","58.5","11.2","55.3","7.2","55.2","11.6","74.8","25.9","77.8","13.9","41.5","11.2",
"1400000US06111004305","Census Tract 43.05, Ventura County, California","400","69","322","67","16","19","25","26","37","22","3.07","0.28","3.38","0.25","2.94","1.63","2.28","0.44","-","**","363","75","322","67","16","19","25","26","(X)","(X)","3.27","0.27","3.38","0.25","2.69","1.15","2.28","0.44","(X)","(X)","267","66","232","61","16","19","19","24","(X)","(X)","49.4","13.0","50.4","13.8","0.0","74.1","78.9","54.4","(X)","(X)","21.7","11.2","23.3","12.2","0.0","74.1","21.1","54.4","(X)","(X)","28.8","12.7","26.3","13.1","100.0","74.1","0.0","68.0","(X)","(X)","400","69","322","67","16","19","25","26","37","22","66.8","8.9","72.0","9.6","100.0","74.1","76.0","37.5","0.0","48.8","2.3","2.5","0.9","1.8","0.0","74.1","24.0","37.5","0.0","48.8","9.3","5.7","(X)","(X)","(X)","(X)","(X)","(X)","100.0","48.8","0.0","7.8","(X)","(X)","(X)","(X)","(X)","(X)","0.0","48.8","0.0","7.8","(X)","(X)","(X)","(X)","(X)","(X)","(X)","(X)","1.0","0.3","(X)","(X)","(X)","(X)","(X)","(X)","(X)","(X)","76.0","8.9","79.8","9.6","75.0","44.8","76.0","37.5","43.2","24.9","24.0","8.9","20.2","9.6","25.0","44.8","24.0","37.5","56.8","24.9","0.0","7.8","0.0","9.6","0.0","74.1","0.0","59.3","0.0","48.8","0.0","7.8","0.0","9.6","0.0","74.1","0.0","59.3","0.0","48.8","100.0","7.8","100.0","9.6","100.0","74.1","100.0","59.3","100.0","48.8",
"1400000US06111004400","Census Tract 44, Ventura County, California","2672","157","950","174","121","91","651","154","950","203","2.86","0.22","3.77","0.46","4.44","2.40","3.41","0.42","1.37","0.16","1722","189","950","174","121","91","651","154","(X)","(X)","3.50","0.27","3.77","0.46","3.55","2.30","3.11","0.36","(X)","(X)","797","146","401","127","41","47","355","163","(X)","(X)","16.7","9.7","7.2","7.6","0.0","46.3","29.3","19.3","(X)","(X)","21.5","14.4","27.4","20.9","0.0","46.3","17.2","17.3","(X)","(X)","61.9","15.9","65.3","21.5","100.0","46.3","53.5","21.2","(X)","(X)","2672","157","950","174","121","91","651","154","950","203","34.1","6.2","43.8","10.7","80.2","28.5","61.3","18.9","0.0","3.4","37.4","6.2","41.8","13.7","24.0","29.3","20.9","12.2","46.1","10.4","27.8","5.9","(X)","(X)","(X)","(X)","(X)","(X)","78.1","8.6","12.0","4.1","(X)","(X)","(X)","(X)","(X)","(X)","33.7","10.5","0.0","1.2","(X)","(X)","(X)","(X)","(X)","(X)","(X)","(X)","5.1","3.0","(X)","(X)","(X)","(X)","(X)","(X)","(X)","(X)","61.6","6.4","73.5","8.9","67.8","33.3","71.9","13.2","41.8","10.5","37.9","6.3","26.5","8.9","32.2","33.3","28.1","13.2","56.6","10.3","0.6","0.9","0.0","3.4","0.0","23.3","0.0","4.9","1.6","2.4","40.3","6.7","39.4","12.2","52.9","39.6","38.1","15.7","41.3","11.0","59.7","6.7","60.6","12.2","47.1","39.6","61.9","15.7","58.7","11.0",
"1400000US06111004503","Census Tract 45.03, Ventura County, California","982","73","586","108","96","71","182","93","118","60","4.54","0.49","4.71","0.51","4.69","1.22","6.00","1.09","1.30","0.32","864","79","586","108","96","71","182","93","(X)","(X)","4.71","0.45","4.69","0.51","4.28","1.38","4.97","1.13","(X)","(X)","506","82","351","89","39","38","116","67","(X)","(X)","24.1","12.0","26.2","14.0","76.9","42.3","0.0","24.1","(X)","(X)","30.4","13.0","31.3","15.8","23.1","42.3","30.2","31.9","(X)","(X)","45.5","14.1","42.5","14.2","0.0","47.5","69.8","31.9","(X)","(X)","982","73","586","108","96","71","182","93","118","60","63.8","9.7","73.9","11.9","40.6","35.4","85.2","16.0","0.0","23.7","16.9","7.3","17.6","8.7","40.6","38.5","5.5","9.7","11.9","23.6","9.3","5.3","(X)","(X)","(X)","(X)","(X)","(X)","77.1","24.3","1.4","2.6","(X)","(X)","(X)","(X)","(X)","(X)","11.9","23.6","0.0","3.3","(X)","(X)","(X)","(X)","(X)","(X)","(X)","(X)","9.9","6.3","(X)","(X)","(X)","(X)","(X)","(X)","(X)","(X)","51.8","9.1","52.6","11.6","68.8","33.3","47.3","27.5","41.5","28.8","26.5","7.8","24.7","11.6","13.5","22.0","45.1","25.2","16.9","18.2","21.7","5.8","22.7","8.9","17.7","27.8","7.7","12.1","41.5","26.7","47.7","9.0","58.4","11.7","56.3","32.3","5.5","9.7","52.5","29.3","52.3","9.0","41.6","11.7","43.8","32.3","94.5","9.7","47.5","29.3",
"1400000US06111004504","Census Tract 45.04, Ventura County, California","1156","74","618","114","108","43","307","87","123","56","4.52","0.36","4.81","0.47","5.60","1.26","4.90","0.78","1.23","0.20","1033","70","618","114","108","43","307","87","(X)","(X)","4.58","0.38","4.73","0.48","4.67","1.47","4.24","0.71","(X)","(X)","474","92","317","93","29","25","128","58","(X)","(X)","12.0","9.4","3.8","5.9","0.0","55.1","35.2","28.3","(X)","(X)","37.6","12.5","42.0","15.7","0.0","55.1","35.2","28.5","(X)","(X)","50.4","13.6","54.3","15.5","100.0","55.1","29.7","23.6","(X)","(X)","1156","74","618","114","108","43","307","87","123","56","52.1","8.0","58.6","10.7","68.5","23.1","54.1","16.5","0.0","22.9","30.8","5.9","31.4","8.6","5.6","9.2","27.4","13.5","58.5","24.0","8.7","4.4","(X)","(X)","(X)","(X)","(X)","(X)","81.3","16.5","6.2","3.3","(X)","(X)","(X)","(X)","(X)","(X)","58.5","24.0","0.8","1.2","(X)","(X)","(X)","(X)","(X)","(X)","(X)","(X)","8.5","4.4","(X)","(X)","(X)","(X)","(X)","(X)","(X)","(X)","75.2","6.5","87.4","8.0","92.6","11.6","52.8","17.8","54.5","22.0","24.8","6.5","12.6","8.0","7.4","11.6","47.2","17.8","45.5","22.0","0.0","2.8","0.0","5.1","0.0","25.5","0.0","10.0","0.0","22.9","42.0","7.2","45.8","12.3","49.1","28.3","31.3","14.5","43.9","22.7","58.0","7.2","54.2","12.3","50.9","28.3","68.7","14.5","56.1","22.7",
"1400000US06111004505","Census Tract 45.05, Ventura County, California","447","40","237","47","26","23","117","39","67","32","4.97","0.56","5.32","0.69","10.04","1.64","4.93","1.35","1.82","0.67","380","37","237","47","26","23","117","39","(X)","(X)","4.95","0.42","5.11","0.62","9.65","1.59","3.58","0.57","(X)","(X)","223","47","144","43","11","17","68","31","(X)","(X)","24.2","13.1","15.3","11.7","100.0","89.4","30.9","29.3","(X)","(X)","7.2","7.1","0.0","20.0","0.0","89.4","23.5","23.6","(X)","(X)","68.6","15.0","84.7","11.7","0.0","89.4","45.6","32.3","(X)","(X)","447","40","237","47","26","23","117","39","67","32","65.8","8.0","69.6","11.3","100.0","58.2","80.3","12.0","13.4","18.3","40.7","8.6","46.4","12.5","57.7","46.1","38.5","19.8","17.9","16.4","10.3","4.7","(X)","(X)","(X)","(X)","(X)","(X)","68.7","24.4","1.1","1.6","(X)","(X)","(X)","(X)","(X)","(X)","7.5","10.1","0.0","7.0","(X)","(X)","(X)","(X)","(X)","(X)","(X)","(X)","7.4","5.5","(X)","(X)","(X)","(X)","(X)","(X)","(X)","(X)","70.7","7.1","77.2","12.0","100.0","58.2","69.2","16.4","38.8","25.9","28.2","7.3","22.8","12.0","0.0","58.2","26.5","16.3","61.2","25.9","1.1","1.9","0.0","12.8","0.0","58.2","4.3","7.2","0.0","36.0","47.4","9.1","63.3","14.6","57.7","46.1","24.8","15.8","26.9","24.3","52.6","9.1","36.7","14.6","42.3","46.1","75.2","15.8","73.1","24.3",
"1400000US06111004506","Census Tract 45.06, Ventura County, California","1456","59","682","122","250","86","344","102","180","73","5.26","0.47","5.69","0.96","5.75","0.93","5.21","0.66","3.06","1.33","1276","79","682","122","250","86","344","102","(X)","(X)","5.10","0.57","5.59","0.91","4.64","0.95","4.46","0.57","(X)","(X)","860","97","466","115","129","64","265","96","(X)","(X)","12.0","6.7","9.0","7.6","10.9","18.3","17.7","15.2","(X)","(X)","50.0","8.8","42.9","12.8","45.7","29.9","64.5","17.3","(X)","(X)","38.0","9.2","48.1","12.9","43.4","27.6","17.7","15.2","(X)","(X)","1456","59","682","122","250","86","344","102","180","73","69.2","7.5","75.1","11.5","79.2","16.7","86.3","10.3","0.0","16.5","16.6","5.2","21.8","8.8","4.8","7.8","15.4","12.1","15.0","14.2","7.2","4.0","(X)","(X)","(X)","(X)","(X)","(X)","58.3","21.7","0.5","0.7","(X)","(X)","(X)","(X)","(X)","(X)","3.9","5.7","0.0","2.2","(X)","(X)","(X)","(X)","(X)","(X)","(X)","(X)","15.5","5.9","(X)","(X)","(X)","(X)","(X)","(X)","(X)","(X)","26.0","5.5","31.5","11.7","14.0","11.7","29.4","14.5","15.0","14.0","73.1","5.5","66.4","11.0","86.0","11.7","70.6","14.5","85.0","14.0","1.0","1.6","2.1","3.4","0.0","12.2","0.0","9.0","0.0","16.5","17.0","4.3","25.1","11.1","4.4","6.3","13.1","10.7","11.1","14.7","83.0","4.3","74.9","11.1","95.6","6.3","86.9","10.7","88.9","14.7",
"1400000US06111004600","Census Tract 46, Ventura County, California","520","57","451","56","6","9","59","32","4","6","3.36","0.22","3.37","0.25","4.00","1.33","3.32","0.38","2.25","0.99","516","56","451","56","6","9","59","32","(X)","(X)","3.34","0.22","3.37","0.25","4.00","1.33","3.07","0.38","(X)","(X)","378","56","323","55","6","9","49","28","(X)","(X)","55.3","11.4","59.1","12.5","0.0","100.0","36.7","33.4","(X)","(X)","19.8","9.6","15.2","9.3","0.0","100.0","53.1","36.7","(X)","(X)","24.9","9.8","25.7","10.9","100.0","100.0","10.2","16.0","(X)","(X)","520","57","451","56","6","9","59","32","4","6","74.6","7.8","71.6","8.8","100.0","100.0","100.0","38.6","0.0","100.0","2.1","2.8","2.4","3.2","0.0","100.0","0.0","38.6","0.0","100.0","0.0","6.1","(X)","(X)","(X)","(X)","(X)","(X)","0.0","100.0","0.0","6.1","(X)","(X)","(X)","(X)","(X)","(X)","0.0","100.0","0.0","6.1","(X)","(X)","(X)","(X)","(X)","(X)","(X)","(X)","1.2","1.7","(X)","(X)","(X)","(X)","(X)","(X)","(X)","(X)","96.3","4.2","95.8","4.8","100.0","100.0","100.0","38.6","100.0","100.0","3.7","4.2","4.2","4.8","0.0","100.0","0.0","38.6","0.0","100.0","0.0","6.1","0.0","6.9","0.0","100.0","0.0","38.6","0.0","100.0","0.0","6.1","0.0","6.9","0.0","100.0","0.0","38.6","0.0","100.0","100.0","6.1","100.0","6.9","100.0","100.0","100.0","38.6","100.0","100.0",
"1400000US06111004704","Census Tract 47.04, Ventura County, California","421","25","181","48","67","46","69","35","104","40","3.70","0.32","4.76","0.57","2.97","0.74","4.41","0.74","1.86","0.42","317","40","181","48","67","46","69","35","(X)","(X)","4.06","0.42","4.71","0.57","2.97","0.74","3.42","0.69","(X)","(X)","139","39","113","42","7","11","19","17","(X)","(X)","0.0","20.7","0.0","24.6","0.0","100.0","0.0","68.0","(X)","(X)","40.3","16.9","38.9","19.9","0.0","100.0","63.2","50.5","(X)","(X)","59.7","16.9","61.1","19.9","100.0","100.0","36.8","50.5","(X)","(X)","421","25","181","48","67","46","69","35","104","40","51.3","9.5","71.3","15.0","43.3","30.1","52.2","28.4","21.2","20.3","49.9","7.5","48.6","17.9","28.4","34.6","66.7","24.4","54.8","19.8","12.1","6.0","(X)","(X)","(X)","(X)","(X)","(X)","49.0","21.3","5.9","4.9","(X)","(X)","(X)","(X)","(X)","(X)","24.0","18.5","0.0","7.4","(X)","(X)","(X)","(X)","(X)","(X)","(X)","(X)","11.9","8.3","(X)","(X)","(X)","(X)","(X)","(X)","(X)","(X)","29.7","7.7","35.4","12.9","49.3","32.9","20.3","24.0","13.5","13.1","0.7","1.3","0.0","16.4","0.0","36.0","0.0","35.4","2.9","5.9","69.6","7.6","64.6","12.9","50.7","32.9","79.7","24.0","83.7","12.6","67.0","9.5","55.8","15.4","100.0","36.0","46.4","26.7","78.8","18.4","33.0","9.5","44.2","15.4","0.0","36.0","53.6","26.7","21.2","18.4",
"1400000US06111004710","Census Tract 47.10, Ventura County, California","1257","86","717","130","119","79","101","65","320","85","3.76","0.34","4.21","0.47","5.88","1.54","6.28","2.48","1.18","0.14","937","101","717","130","119","79","101","65","(X)","(X)","4.41","0.43","4.14","0.47","4.85","1.52","5.81","2.16","(X)","(X)","467","109","306","111","83","80","78","61","(X)","(X)","10.3","8.8","7.5","9.1","30.1","35.9","0.0","32.7","(X)","(X)","35.1","17.8","34.3","19.7","38.6","39.7","34.6","41.3","(X)","(X)","54.6","19.0","58.2","19.3","31.3","31.3","65.4","41.3","(X)","(X)","1257","86","717","130","119","79","101","65","320","85","44.0","7.0","48.1","12.2","94.1","10.9","95.0","9.3","0.0","9.6","35.2","7.7","25.7","9.6","27.7","33.8","5.0","9.3","69.1","13.5","21.7","6.2","(X)","(X)","(X)","(X)","(X)","(X)","85.3","11.7","13.0","5.0","(X)","(X)","(X)","(X)","(X)","(X)","50.9","16.2","0.0","2.5","(X)","(X)","(X)","(X)","(X)","(X)","(X)","(X)","8.8","5.7","(X)","(X)","(X)","(X)","(X)","(X)","(X)","(X)","40.0","8.7","46.7","13.1","65.5","23.9","24.8","34.9","20.3","10.4","19.6","7.2","22.3","10.9","12.6","15.9","52.5","37.2","5.6","8.7","40.4","9.1","31.0","12.9","21.8","21.7","22.8","26.1","74.1","11.6","71.0","7.6","71.8","10.9","66.4","30.6","55.4","35.9","75.9","17.4","29.0","7.6","28.2","10.9","33.6","30.6","44.6","35.9","24.1","17.4",
"1400000US06111004711","Census Tract 47.11, Ventura County, California","782","46","500","63","31","30","129","53","122","44","4.51","0.46","4.79","0.41","10.58","4.84","4.93","0.90","1.35","0.29","660","60","500","63","31","30","129","53","(X)","(X)","4.80","0.41","4.66","0.42","8.65","3.68","4.40","0.82","(X)","(X)","286","56","222","55","28","29","36","25","(X)","(X)","16.4","11.0","12.2","10.7","42.9","57.1","22.2","31.1","(X)","(X)","31.1","16.4","29.7","17.4","0.0","56.0","63.9","34.8","(X)","(X)","52.4","17.8","58.1","19.7","57.1","57.1","13.9","24.7","(X)","(X)","782","46","500","63","31","30","129","53","122","44","46.2","6.3","51.4","7.9","90.3","20.7","58.9","19.8","0.0","23.1","46.5","8.2","44.2","9.7","61.3","52.5","22.5","13.4","77.9","20.3","13.3","5.6","(X)","(X)","(X)","(X)","(X)","(X)","85.2","13.5","9.8","5.1","(X)","(X)","(X)","(X)","(X)","(X)","63.1","22.0","0.0","4.1","(X)","(X)","(X)","(X)","(X)","(X)","(X)","(X)","1.7","1.8","(X)","(X)","(X)","(X)","(X)","(X)","(X)","(X)","68.3","7.0","70.2","10.5","100.0","53.3","53.5","19.8","68.0","20.8","30.9","6.7","29.8","10.5","0.0","53.3","46.5","19.8","27.0","19.9","0.8","1.1","0.0","6.3","0.0","53.3","0.0","22.0","4.9","7.7","54.0","6.8","56.0","9.7","61.3","52.5","35.7","19.8","63.1","19.7","46.0","6.8","44.0","9.7","38.7","52.5","64.3","19.8","36.9","19.7",
"1400000US06111004715","Census Tract 47.15, Ventura County, California","1232","49","789","93","120","64","163","63","160","52","4.28","0.26","4.67","0.48","5.23","1.56","4.64","1.44","1.29","0.21","1072","61","789","93","120","64","163","63","(X)","(X)","4.59","0.30","4.52","0.47","5.23","1.56","4.44","1.44","(X)","(X)","490","71","406","80","9","15","75","49","(X)","(X)","9.8","7.2","11.8","8.7","0.0","98.9","0.0","33.5","(X)","(X)","40.2","12.0","34.5","14.0","100.0","98.9","64.0","34.4","(X)","(X)","50.0","12.2","53.7","14.3","0.0","98.9","36.0","34.4","(X)","(X)","1232","49","789","93","120","64","163","63","160","52","47.2","5.5","54.9","8.7","60.8","26.6","46.0","21.7","0.0","18.3","42.7","7.2","37.1","9.5","39.2","26.6","41.1","19.5","74.4","17.2","10.7","3.9","(X)","(X)","(X)","(X)","(X)","(X)","82.5","11.8","3.7","2.3","(X)","(X)","(X)","(X)","(X)","(X)","28.8","17.8","0.0","2.6","(X)","(X)","(X)","(X)","(X)","(X)","(X)","(X)","1.8","2.5","(X)","(X)","(X)","(X)","(X)","(X)","(X)","(X)","51.9","6.8","54.2","10.5","42.5","28.1","70.6","20.5","28.1","15.1","20.4","5.4","18.1","7.4","21.7","25.2","11.0","16.5","40.0","26.4","27.8","5.8","27.6","9.3","35.8","29.2","18.4","15.5","31.9","21.2","60.8","7.2","65.8","8.6","39.2","26.6","44.8","19.4","68.8","25.1","39.2","7.2","34.2","8.6","60.8","26.6","55.2","19.4","31.3","25.1",
"1400000US06111004716","Census Tract 47.16, Ventura County, California","902","38","627","54","84","45","127","43","64","37","5.29","0.37","5.76","0.44","4.75","1.02","5.27","0.96","1.52","0.51","838","54","627","54","84","45","127","43","(X)","(X)","5.24","0.36","5.55","0.42","3.98","0.71","4.54","0.64","(X)","(X)","435","65","359","54","10","12","66","34","(X)","(X)","11.5","7.8","13.9","9.5","0.0","93.8","0.0","36.3","(X)","(X)","29.7","9.8","27.9","11.1","60.0","56.8","34.8","27.2","(X)","(X)","58.9","9.8","58.2","10.6","40.0","56.8","65.2","27.2","(X)","(X)","902","38","627","54","84","45","127","43","64","37","65.4","6.3","73.0","5.9","40.5","29.3","67.7","17.4","18.8","28.2","35.6","6.4","35.2","7.7","15.5","18.6","56.7","18.0","23.4","18.4","4.9","3.1","(X)","(X)","(X)","(X)","(X)","(X)","68.8","27.5","1.3","1.1","(X)","(X)","(X)","(X)","(X)","(X)","18.8","17.5","0.0","3.5","(X)","(X)","(X)","(X)","(X)","(X)","(X)","(X)","4.9","3.6","(X)","(X)","(X)","(X)","(X)","(X)","(X)","(X)","74.8","5.7","85.6","5.9","47.6","24.0","52.8","17.7","48.4","29.2","7.9","3.6","4.3","4.1","16.7","18.7","14.2","15.4","18.8","28.2","17.3","4.8","10.0","4.3","35.7","20.9","33.1","18.6","32.8","28.4","71.6","7.0","76.4","8.0","75.0","22.8","48.8","18.6","65.6","32.6","28.4","7.0","23.6","8.0","25.0","22.8","51.2","18.6","34.4","32.6",
"1400000US06111004717","Census Tract 47.17, Ventura County, California","719","46","484","59","66","36","133","51","36","22","6.06","0.61","6.45","0.83","6.18","1.12","5.84","1.67","1.53","0.71","683","45","484","59","66","36","133","51","(X)","(X)","5.67","0.57","5.91","0.71","5.50","0.90","4.90","1.44","(X)","(X)","282","59","227","52","29","22","26","27","(X)","(X)","6.7","8.4","1.3","2.5","0.0","55.1","61.5","56.3","(X)","(X)","26.2","12.5","32.6","14.5","0.0","55.1","0.0","58.2","(X)","(X)","67.0","12.4","66.1","14.7","100.0","55.1","38.5","56.3","(X)","(X)","719","46","484","59","66","36","133","51","36","22","60.8","7.8","65.5","10.1","62.1","30.0","59.4","22.3","0.0","49.4","38.8","7.8","37.6","10.0","48.5","27.8","21.8","18.2","100.0","49.4","3.2","2.5","(X)","(X)","(X)","(X)","(X)","(X)","63.9","31.8","3.2","2.5","(X)","(X)","(X)","(X)","(X)","(X)","63.9","31.8","0.0","4.4","(X)","(X)","(X)","(X)","(X)","(X)","(X)","(X)","7.2","4.9","(X)","(X)","(X)","(X)","(X)","(X)","(X)","(X)","86.8","5.8","87.8","7.6","81.8","20.6","82.0","18.9","100.0","49.4","13.2","5.8","12.2","7.6","18.2","20.6","18.0","18.9","0.0","49.4","0.0","4.4","0.0","6.5","0.0","36.3","0.0","21.5","0.0","49.4","69.4","8.1","69.2","10.0","77.3","23.0","57.9","20.9","100.0","49.4","30.6","8.1","30.8","10.0","22.7","23.0","42.1","20.9","0.0","49.4",
"1400000US06111004901","Census Tract 49.01, Ventura County, California","1773","55","1058","137","130","93","313","112","272","94","4.06","0.22","4.36","0.26","4.56","0.80","4.49","0.56","2.19","0.72","1501","111","1058","137","130","93","313","112","(X)","(X)","4.25","0.23","4.23","0.26","4.33","0.82","4.28","0.55","(X)","(X)","836","122","615","111","23","21","198","81","(X)","(X)","25.6","9.4","27.6","10.5","73.9","43.1","13.6","16.7","(X)","(X)","21.7","7.3","19.5","8.2","0.0","61.8","30.8","19.9","(X)","(X)","52.8","11.5","52.8","12.6","26.1","43.1","55.6","21.2","(X)","(X)","1773","55","1058","137","130","93","313","112","272","94","55.8","6.5","63.1","6.9","39.2","28.6","78.0","14.4","9.6","11.7","18.4","4.1","18.9","4.6","34.6","27.3","16.0","12.6","11.4","9.0","8.7","3.8","(X)","(X)","(X)","(X)","(X)","(X)","57.0","16.2","0.0","1.8","(X)","(X)","(X)","(X)","(X)","(X)","0.0","11.2","0.5","0.9","(X)","(X)","(X)","(X)","(X)","(X)","(X)","(X)","3.8","2.0","(X)","(X)","(X)","(X)","(X)","(X)","(X)","(X)","70.4","5.8","79.0","6.8","90.8","12.3","56.2","17.8","43.4","16.9","29.6","5.8","21.0","6.8","9.2","12.3","43.8","17.8","56.6","16.9","0.0","1.8","0.0","3.0","0.0","21.9","0.0","9.9","0.0","11.2","51.4","6.5","64.0","8.2","64.6","34.9","29.4","15.2","21.3","11.0","48.6","6.5","36.0","8.2","35.4","34.9","70.6","15.2","78.7","11.0",
"1400000US06111004902","Census Tract 49.02, Ventura County, California","1112","104","567","131","91","62","293","90","161","66","4.44","0.34","4.51","0.40","5.62","1.80","5.59","0.85","1.46","0.32","951","95","567","131","91","62","293","90","(X)","(X)","4.67","0.32","4.45","0.41","4.22","0.66","5.24","0.82","(X)","(X)","482","82","309","104","41","42","132","73","(X)","(X)","17.8","11.5","25.2","17.3","0.0","46.3","6.1","9.7","(X)","(X)","27.2","14.0","14.6","14.0","0.0","46.3","65.2","30.0","(X)","(X)","55.0","15.3","60.2","18.8","100.0","46.3","28.8","28.8","(X)","(X)","1112","104","567","131","91","62","293","90","161","66","55.8","6.1","66.8","10.9","60.4","33.0","61.4","16.0","4.3","7.0","42.2","6.6","43.6","14.3","46.2","35.0","29.0","13.7","59.0","24.3","9.2","4.7","(X)","(X)","(X)","(X)","(X)","(X)","63.4","29.8","6.7","3.4","(X)","(X)","(X)","(X)","(X)","(X)","46.0","22.0","0.0","2.9","(X)","(X)","(X)","(X)","(X)","(X)","(X)","(X)","10.3","7.0","(X)","(X)","(X)","(X)","(X)","(X)","(X)","(X)","57.7","8.4","66.5","11.8","91.2","14.4","54.9","17.7","13.0","14.7","42.3","8.4","33.5","11.8","8.8","14.4","45.1","17.7","87.0","14.7","0.0","2.9","0.0","5.6","0.0","29.2","0.0","10.5","0.0","18.2","44.3","8.3","52.2","14.9","64.8","35.3","39.9","18.0","13.0","14.7","55.7","8.3","47.8","14.9","35.2","35.3","60.1","18.0","87.0","14.7",
"1400000US06111005002","Census Tract 50.02, Ventura County, California","712","35","300","60","83","46","153","57","176","58","4.20","0.44","4.59","0.55","4.87","1.40","5.53","0.87","2.05","1.08","536","62","300","60","83","46","153","57","(X)","(X)","4.40","0.41","4.43","0.56","4.25","1.45","4.44","0.63","(X)","(X)","339","55","201","53","41","36","97","46","(X)","(X)","30.1","12.1","32.3","16.5","26.8","38.8","26.8","24.6","(X)","(X)","15.6","10.3","16.9","13.8","0.0","46.3","19.6","19.6","(X)","(X)","54.3","13.8","50.7","19.0","73.2","38.8","53.6","26.2","(X)","(X)","712","35","300","60","83","46","153","57","176","58","59.3","7.2","70.0","10.2","73.5","24.9","83.7","13.5","13.1","14.8","29.8","7.2","30.7","11.3","6.0","10.1","22.9","18.8","45.5","18.9","15.4","5.9","(X)","(X)","(X)","(X)","(X)","(X)","62.5","21.1","7.4","4.3","(X)","(X)","(X)","(X)","(X)","(X)","30.1","16.5","0.0","4.5","(X)","(X)","(X)","(X)","(X)","(X)","(X)","(X)","13.8","7.0","(X)","(X)","(X)","(X)","(X)","(X)","(X)","(X)","64.5","7.8","64.3","12.7","61.4","27.7","67.3","16.5","63.6","19.4","13.3","6.7","15.3","11.5","32.5","27.9","5.9","6.9","7.4","8.6","22.2","7.0","20.3","10.9","6.0","10.1","26.8","16.2","29.0","18.0","36.9","8.3","51.0","13.4","19.3","21.2","20.9","16.1","35.2","20.9","63.1","8.3","49.0","13.4","80.7","21.2","79.1","16.1","64.8","20.9",
"1400000US06111005003","Census Tract 50.03, Ventura County, California","1881","83","1233","131","140","77","273","83","235","84","4.37","0.27","4.62","0.36","4.89","1.17","5.24","1.01","1.69","0.73","1646","124","1233","131","140","77","273","83","(X)","(X)","4.39","0.25","4.40","0.32","4.00","1.05","4.58","0.78","(X)","(X)","885","124","662","131","84","68","139","65","(X)","(X)","16.4","8.2","12.8","8.4","20.2","29.9","30.9","25.0","(X)","(X)","21.1","9.7","16.8","11.1","17.9","26.0","43.9","28.4","(X)","(X)","62.5","12.1","70.4","12.9","61.9","44.1","25.2","18.3","(X)","(X)","1881","83","1233","131","140","77","273","83","235","84","54.4","6.2","59.4","8.2","78.6","19.2","66.3","16.9","0.0","12.9","32.2","5.8","29.0","7.5","15.0","15.5","34.8","16.8","55.7","20.0","9.6","3.9","(X)","(X)","(X)","(X)","(X)","(X)","77.0","19.5","6.4","3.5","(X)","(X)","(X)","(X)","(X)","(X)","51.1","20.9","0.2","0.5","(X)","(X)","(X)","(X)","(X)","(X)","(X)","(X)","6.6","3.5","(X)","(X)","(X)","(X)","(X)","(X)","(X)","(X)","75.1","5.7","71.9","7.1","72.9","21.8","84.2","15.4","82.6","18.9","9.9","4.5","9.9","5.1","16.4","17.6","0.0","11.2","17.4","18.9","15.0","4.7","18.2","6.1","10.7","16.1","15.8","15.4","0.0","12.9","53.6","7.3","58.4","8.6","20.0","20.0","40.7","18.7","63.4","21.5","46.4","7.3","41.6","8.6","80.0","20.0","59.3","18.7","36.6","21.5",
"1400000US06111005004","Census Tract 50.04, Ventura County, California","2325","120","1090","139","189","105","490","149","556","132","3.29","0.21","4.02","0.35","2.87","0.55","3.74","0.45","1.58","0.29","1769","146","1090","139","189","105","490","149","(X)","(X)","3.69","0.24","3.97","0.34","2.61","0.31","3.48","0.44","(X)","(X)","1020","151","661","105","70","67","289","127","(X)","(X)","25.2","9.8","33.7","13.4","0.0","35.1","11.8","14.2","(X)","(X)","20.9","8.4","22.7","9.5","0.0","35.1","21.8","20.2","(X)","(X)","53.9","11.7","43.6","14.6","100.0","35.1","66.4","23.2","(X)","(X)","2325","120","1090","139","189","105","490","149","556","132","46.8","6.6","61.7","7.8","50.3","33.5","63.7","17.5","1.4","2.5","17.5","5.2","18.6","5.3","45.5","34.6","9.2","10.7","12.9","9.2","16.9","5.3","(X)","(X)","(X)","(X)","(X)","(X)","70.9","11.9","1.5","1.6","(X)","(X)","(X)","(X)","(X)","(X)","6.3","6.5","1.3","1.5","(X)","(X)","(X)","(X)","(X)","(X)","(X)","(X)","8.6","4.0","(X)","(X)","(X)","(X)","(X)","(X)","(X)","(X)","45.6","4.4","66.5","9.5","13.8","18.6","22.9","14.6","35.4","12.0","54.4","4.4","33.5","9.5","86.2","18.6","77.1","14.6","64.6","12.0","0.0","1.4","0.0","2.9","0.0","15.7","0.0","6.4","0.0","5.7","40.5","4.8","58.9","7.4","4.2","7.3","20.4","14.0","34.4","11.8","59.5","4.8","41.1","7.4","95.8","7.3","79.6","14.0","65.6","11.8",
"1400000US06111005100","Census Tract 51, Ventura County, California","1076","58","725","82","111","56","62","34","178","54","3.21","0.26","3.45","0.38","3.78","0.93","4.23","1.07","1.53","0.34","898","73","725","82","111","56","62","34","(X)","(X)","3.48","0.30","3.42","0.38","3.72","0.92","3.76","0.80","(X)","(X)","293","67","239","65","44","38","10","12","(X)","(X)","8.9","8.1","10.9","9.8","0.0","44.7","0.0","93.8","(X)","(X)","12.3","10.8","15.1","12.7","0.0","44.7","0.0","93.8","(X)","(X)","78.8","12.7","74.1","14.8","100.0","44.7","100.0","93.8","(X)","(X)","1076","58","725","82","111","56","62","34","178","54","31.6","5.3","36.0","7.6","39.6","29.8","56.5","26.2","0.0","16.6","55.9","8.0","53.4","10.2","40.5","29.0","83.9","17.4","65.7","16.2","12.5","4.2","(X)","(X)","(X)","(X)","(X)","(X)","75.3","14.8","6.6","2.9","(X)","(X)","(X)","(X)","(X)","(X)","39.9","16.4","0.7","1.0","(X)","(X)","(X)","(X)","(X)","(X)","(X)","(X)","0.9","1.0","(X)","(X)","(X)","(X)","(X)","(X)","(X)","(X)","89.2","3.9","87.2","5.2","94.6","8.0","91.9","12.7","93.3","6.8","2.4","1.9","2.2","2.3","0.0","25.0","8.1","12.7","2.8","4.2","8.4","4.0","10.6","5.4","5.4","8.0","0.0","37.6","3.9","5.7","64.6","6.3","69.8","7.1","45.9","27.2","75.8","20.5","51.1","14.8","35.4","6.3","30.2","7.1","54.1","27.2","24.2","20.5","48.9","14.8",
"1400000US06111005202","Census Tract 52.02, Ventura County, California","1120","54","527","77","19","18","119","52","455","83","2.53","0.26","3.20","0.30","3.47","1.65","4.08","1.14","1.30","0.17","665","78","527","77","19","18","119","52","(X)","(X)","3.29","0.35","3.17","0.28","3.16","1.63","3.86","1.15","(X)","(X)","237","62","177","45","11","13","49","36","(X)","(X)","36.7","14.0","45.8","17.9","54.5","54.5","0.0","42.4","(X)","(X)","19.4","12.0","15.3","14.5","0.0","89.4","38.8","35.8","(X)","(X)","43.9","13.3","39.0","16.8","45.5","54.5","61.2","35.8","(X)","(X)","1120","54","527","77","19","18","119","52","455","83","25.8","6.8","43.5","10.1","57.9","54.7","41.2","24.7","0.0","6.9","48.7","6.2","45.7","9.0","0.0","68.0","31.9","24.4","58.5","11.3","33.6","6.8","(X)","(X)","(X)","(X)","(X)","(X)","82.6","8.7","18.4","5.0","(X)","(X)","(X)","(X)","(X)","(X)","45.3","10.7","0.0","2.9","(X)","(X)","(X)","(X)","(X)","(X)","(X)","(X)","5.6","3.5","(X)","(X)","(X)","(X)","(X)","(X)","(X)","(X)","82.1","4.4","91.5","4.7","68.4","48.4","74.8","20.7","73.6","8.5","16.8","4.3","6.1","3.6","31.6","48.4","25.2","20.7","26.4","8.5","1.2","1.7","2.5","3.6","0.0","68.0","0.0","23.6","0.0","6.9","65.4","6.5","71.5","10.3","31.6","48.4","75.6","17.0","56.9","10.8","34.6","6.5","28.5","10.3","68.4","48.4","24.4","17.0","43.1","10.8",
"1400000US06111005203","Census Tract 52.03, Ventura County, California","1860","86","1249","117","79","41","138","62","394","110","3.06","0.17","3.53","0.20","4.01","1.56","2.85","0.34","1.46","0.29","1466","107","1249","117","79","41","138","62","(X)","(X)","3.40","0.18","3.46","0.20","3.63","1.32","2.67","0.31","(X)","(X)","500","79","437","87","29","31","34","39","(X)","(X)","11.4","7.5","13.0","8.5","0.0","55.1","0.0","50.9","(X)","(X)","31.4","12.4","31.1","12.4","72.4","49.1","0.0","50.9","(X)","(X)","57.2","13.9","55.8","14.2","27.6","49.1","100.0","50.9","(X)","(X)","1860","86","1249","117","79","41","138","62","394","110","29.9","4.4","36.7","5.6","36.7","31.5","29.7","24.6","7.1","9.8","49.9","5.6","51.4","6.5","48.1","30.2","57.2","25.0","42.9","14.5","16.0","4.4","(X)","(X)","(X)","(X)","(X)","(X)","75.4","14.2","8.3","2.9","(X)","(X)","(X)","(X)","(X)","(X)","39.3","13.1","0.0","1.7","(X)","(X)","(X)","(X)","(X)","(X)","(X)","(X)","4.3","3.1","(X)","(X)","(X)","(X)","(X)","(X)","(X)","(X)","97.5","2.0","98.6","1.5","100.0","32.4","100.0","20.8","92.4","8.0","2.5","2.0","1.4","1.5","0.0","32.4","0.0","20.8","7.6","8.0","0.0","1.7","0.0","2.6","0.0","32.4","0.0","20.8","0.0","7.9","69.6","6.0","77.3","7.2","75.9","24.7","75.4","24.6","41.9","13.7","30.4","6.0","22.7","7.2","24.1","24.7","24.6","24.6","58.1","13.7",
"1400000US06111005204","Census Tract 52.04, Ventura County, California","1255","37","856","88","40","34","47","29","312","85","2.79","0.19","3.24","0.22","2.68","0.57","3.85","0.93","1.42","0.25","943","83","856","88","40","34","47","29","(X)","(X)","3.20","0.20","3.23","0.22","2.33","0.48","3.26","0.75","(X)","(X)","332","79","265","79","40","34","27","21","(X)","(X)","19.3","8.8","15.5","11.1","0.0","46.9","85.2","28.1","(X)","(X)","12.3","9.6","15.5","11.4","0.0","46.9","0.0","57.1","(X)","(X)","68.4","12.3","69.1","14.8","100.0","46.9","14.8","28.1","(X)","(X)","1255","37","856","88","40","34","47","29","312","85","28.6","5.7","33.3","7.4","100.0","46.9","57.4","31.0","2.2","3.3","57.5","5.5","57.1","7.4","0.0","46.9","31.9","30.8","69.6","13.4","19.2","6.3","(X)","(X)","(X)","(X)","(X)","(X)","77.2","13.0","11.9","4.8","(X)","(X)","(X)","(X)","(X)","(X)","47.8","16.0","0.3","0.6","(X)","(X)","(X)","(X)","(X)","(X)","(X)","(X)","5.5","2.9","(X)","(X)","(X)","(X)","(X)","(X)","(X)","(X)","98.2","2.1","100.0","3.7","100.0","46.9","85.1","22.2","95.2","7.6","1.8","2.1","0.0","3.7","0.0","46.9","14.9","22.2","4.8","7.6","0.0","2.6","0.0","3.7","0.0","46.9","0.0","43.3","0.0","9.9","92.4","3.4","93.7","4.6","100.0","46.9","42.6","31.0","95.2","7.6","7.6","3.4","6.3","4.6","0.0","46.9","57.4","31.0","4.8","7.6",
"1400000US06111005205","Census Tract 52.05, Ventura County, California","2254","91","1348","147","74","53","271","120","561","137","2.61","0.22","2.82","0.22","2.65","0.44","4.37","1.02","1.23","0.17","1693","132","1348","147","74","53","271","120","(X)","(X)","2.92","0.20","2.78","0.20","2.34","0.28","3.76","0.67","(X)","(X)","489","127","363","104","21","25","105","90","(X)","(X)","36.2","18.1","47.1","22.1","28.6","55.3","0.0","26.1","(X)","(X)","2.5","4.3","3.3","5.5","0.0","64.7","0.0","26.1","(X)","(X)","61.3","18.3","49.6","21.2","71.4","55.3","100.0","26.1","(X)","(X)","2254","91","1348","147","74","53","271","120","561","137","23.6","5.6","29.3","6.9","28.4","30.5","43.2","23.6","0.0","5.6","52.4","5.2","55.2","7.1","9.5","15.9","56.1","23.1","49.6","14.8","20.7","5.3","(X)","(X)","(X)","(X)","(X)","(X)","83.1","12.6","9.8","3.9","(X)","(X)","(X)","(X)","(X)","(X)","39.4","14.5","0.1","0.3","(X)","(X)","(X)","(X)","(X)","(X)","(X)","(X)","2.2","2.0","(X)","(X)","(X)","(X)","(X)","(X)","(X)","(X)","79.8","5.0","86.6","6.3","78.4","35.2","78.6","24.0","64.3","13.6","13.9","4.9","5.5","5.5","21.6","35.2","17.7","23.9","31.4","13.8","6.3","2.3","7.9","4.4","0.0","33.8","3.7","6.3","4.3","4.8","74.0","6.5","83.1","8.1","68.9","36.7","67.9","22.0","55.8","13.5","26.0","6.5","16.9","8.1","31.1","36.7","32.1","22.0","44.2","13.5",
"1400000US06111005303","Census Tract 53.03, Ventura County, California","3259","118","1970","191","234","116","208","98","847","164","2.94","0.17","3.59","0.20","3.35","1.00","2.85","0.45","1.32","0.15","2412","165","1970","191","234","116","208","98","(X)","(X)","3.45","0.19","3.59","0.20","2.91","0.87","2.69","0.48","(X)","(X)","1240","168","1006","175","135","93","99","71","(X)","(X)","16.1","7.5","19.9","9.1","0.0","21.2","0.0","27.4","(X)","(X)","11.9","6.3","9.9","6.1","22.2","35.3","17.2","26.1","(X)","(X)","72.0","8.2","70.2","8.4","77.8","35.3","82.8","26.1","(X)","(X)","3259","118","1970","191","234","116","208","98","847","164","39.8","4.9","51.9","7.7","63.7","31.7","51.9","24.0","1.9","3.0","30.7","4.4","27.6","5.8","20.5","29.6","30.3","19.5","41.0","11.5","20.6","4.9","(X)","(X)","(X)","(X)","(X)","(X)","79.2","10.5","6.0","2.3","(X)","(X)","(X)","(X)","(X)","(X)","23.0","8.4","0.0","1.0","(X)","(X)","(X)","(X)","(X)","(X)","(X)","(X)","5.3","3.2","(X)","(X)","(X)","(X)","(X)","(X)","(X)","(X)","84.5","3.1","89.7","3.8","82.9","21.7","74.0","21.9","75.2","9.2","10.3","2.4","8.4","3.8","17.1","21.7","22.1","21.2","9.9","6.7","5.2","1.6","1.8","1.5","0.0","12.9","3.8","6.9","14.9","6.7","70.7","6.0","74.8","7.5","45.7","33.5","65.4","22.2","69.4","12.0","29.3","6.0","25.2","7.5","54.3","33.5","34.6","22.2","30.6","12.0",
"1400000US06111005304","Census Tract 53.04, Ventura County, California","2714","167","940","155","18","29","201","92","1555","221","1.88","0.13","2.87","0.28","2.11","0.24","2.75","0.34","1.17","0.10","1159","171","940","155","18","29","201","92","(X)","(X)","2.75","0.22","2.78","0.26","2.11","0.24","2.66","0.34","(X)","(X)","169","84","113","65","0","17","56","54","(X)","(X)","40.8","25.3","44.2","30.9","-","**","33.9","49.9","(X)","(X)","0.0","17.4","0.0","24.6","-","**","0.0","39.6","(X)","(X)","59.2","25.3","55.8","30.9","-","**","66.1","49.9","(X)","(X)","2714","167","940","155","18","29","201","92","1555","221","10.1","4.2","21.9","8.7","0.0","69.9","34.3","23.0","0.0","2.1","78.7","4.7","76.9","9.2","100.0","69.9","62.7","21.1","81.5","8.5","50.7","5.6","(X)","(X)","(X)","(X)","(X)","(X)","88.6","5.4","41.9","6.1","(X)","(X)","(X)","(X)","(X)","(X)","73.2","8.6","0.5","0.8","(X)","(X)","(X)","(X)","(X)","(X)","(X)","(X)","3.5","2.2","(X)","(X)","(X)","(X)","(X)","(X)","(X)","(X)","88.3","5.4","92.8","8.6","100.0","69.9","88.1","13.1","85.5","6.9","11.2","5.3","7.2","8.6","0.0","69.9","11.9","13.1","13.7","6.7","0.4","0.7","0.0","3.4","0.0","69.9","0.0","14.9","0.8","1.3","73.5","6.6","76.2","10.0","100.0","69.9","66.2","20.3","72.5","9.3","26.5","6.6","23.8","10.0","0.0","69.9","33.8","20.3","27.5","9.3",
"1400000US06111005305","Census Tract 53.05, Ventura County, California","1811","91","1524","108","44","43","71","48","172","62","3.09","0.16","3.27","0.16","4.02","0.47","3.25","0.73","1.19","0.13","1639","95","1524","108","44","43","71","48","(X)","(X)","3.18","0.15","3.19","0.15","2.86","0.82","3.25","0.73","(X)","(X)","535","95","515","95","0","17","20","22","(X)","(X)","13.1","9.6","13.6","9.8","-","**","0.0","66.3","(X)","(X)","9.7","6.5","10.1","6.8","-","**","0.0","66.3","(X)","(X)","77.2","11.0","76.3","11.3","-","**","100.0","66.3","(X)","(X)","1811","91","1524","108","44","43","71","48","172","62","32.0","4.5","35.1","5.3","54.5","54.5","28.2","31.0","0.0","17.1","47.3","4.2","44.7","4.8","45.5","54.5","15.5","24.7","83.7","16.1","8.0","3.1","(X)","(X)","(X)","(X)","(X)","(X)","84.3","10.5","4.9","2.4","(X)","(X)","(X)","(X)","(X)","(X)","51.2","19.6","0.0","1.8","(X)","(X)","(X)","(X)","(X)","(X)","(X)","(X)","1.9","2.2","(X)","(X)","(X)","(X)","(X)","(X)","(X)","(X)","100.0","1.8","100.0","2.1","100.0","44.7","100.0","34.8","100.0","17.1","0.0","1.8","0.0","2.1","0.0","44.7","0.0","34.8","0.0","17.1","0.0","1.8","0.0","2.1","0.0","44.7","0.0","34.8","0.0","17.1","97.3","2.2","99.1","1.0","45.5","54.5","100.0","34.8","94.2","7.6","2.7","2.2","0.9","1.0","54.5","54.5","0.0","34.8","5.8","7.6",
"1400000US06111005306","Census Tract 53.06, Ventura County, California","1640","74","1079","99","49","36","155","69","357","86","2.98","0.14","3.48","0.20","3.18","0.45","2.87","0.40","1.48","0.35","1283","88","1079","99","49","36","155","69","(X)","(X)","3.30","0.17","3.41","0.19","2.82","0.40","2.68","0.34","(X)","(X)","487","68","442","75","35","32","10","16","(X)","(X)","7.2","5.6","7.9","6.2","0.0","50.1","0.0","93.8","(X)","(X)","24.4","10.5","26.9","11.5","0.0","50.1","0.0","93.8","(X)","(X)","68.4","11.3","65.2","12.3","100.0","50.1","100.0","93.8","(X)","(X)","1640","74","1079","99","49","36","155","69","357","86","34.8","4.7","43.9","6.6","71.4","32.5","39.4","21.7","0.0","8.7","40.3","4.5","40.9","6.1","12.2","21.9","23.9","17.1","49.6","16.3","16.8","4.0","(X)","(X)","(X)","(X)","(X)","(X)","77.0","10.8","9.3","3.8","(X)","(X)","(X)","(X)","(X)","(X)","42.9","15.2","1.5","1.4","(X)","(X)","(X)","(X)","(X)","(X)","(X)","(X)","3.5","2.1","(X)","(X)","(X)","(X)","(X)","(X)","(X)","(X)","95.9","2.2","98.4","1.8","100.0","42.4","84.5","21.1","92.7","6.9","4.1","2.2","1.6","1.8","0.0","42.4","15.5","21.1","7.3","6.9","0.0","2.0","0.0","3.0","0.0","42.4","0.0","18.8","0.0","8.7","84.1","4.5","87.2","4.7","49.0","38.9","74.2","22.5","84.0","11.2","15.9","4.5","12.8","4.7","51.0","38.9","25.8","22.5","16.0","11.2",
"1400000US06111005401","Census Tract 54.01, Ventura County, California","1310","44","1000","80","66","47","76","41","168","60","3.12","0.20","3.35","0.23","3.08","1.19","3.30","0.74","1.70","0.37","1142","67","1000","80","66","47","76","41","(X)","(X)","3.30","0.21","3.34","0.23","2.95","1.22","3.12","0.60","(X)","(X)","434","63","388","67","17","25","29","31","(X)","(X)","9.0","10.6","10.1","12.0","0.0","71.9","0.0","55.1","(X)","(X)","19.1","11.5","21.4","12.5","0.0","71.9","0.0","55.1","(X)","(X)","71.9","16.0","68.6","17.8","100.0","71.9","100.0","55.1","(X)","(X)","1310","44","1000","80","66","47","76","41","168","60","38.0","5.2","43.3","6.1","25.8","40.1","51.3","29.5","5.4","9.0","47.2","4.4","46.4","5.6","22.7","34.1","52.6","26.2","58.9","18.7","6.8","4.4","(X)","(X)","(X)","(X)","(X)","(X)","53.0","21.7","3.8","2.9","(X)","(X)","(X)","(X)","(X)","(X)","29.8","18.2","0.5","0.8","(X)","(X)","(X)","(X)","(X)","(X)","(X)","(X)","4.4","2.5","(X)","(X)","(X)","(X)","(X)","(X)","(X)","(X)","94.8","2.6","96.9","2.4","100.0","36.3","90.8","14.8","82.1","14.7","5.2","2.6","3.1","2.4","0.0","36.3","9.2","14.8","17.9","14.7","0.0","2.4","0.0","3.2","0.0","36.3","0.0","33.2","0.0","17.5","84.7","5.8","86.1","6.4","74.2","40.1","71.1","27.3","86.3","14.2","15.3","5.8","13.9","6.4","25.8","40.1","28.9","27.3","13.7","14.2",
"1400000US06111005403","Census Tract 54.03, Ventura County, California","954","44","388","74","33","29","138","54","395","57","2.73","0.27","3.94","0.41","6.33","2.40","3.05","0.36","1.14","0.15","559","68","388","74","33","29","138","54","(X)","(X)","3.65","0.35","3.84","0.43","4.94","1.68","2.81","0.32","(X)","(X)","264","68","189","67","16","18","59","34","(X)","(X)","22.7","11.9","15.9","12.5","43.8","52.1","39.0","26.8","(X)","(X)","22.7","11.0","31.7","15.0","0.0","74.1","0.0","38.6","(X)","(X)","54.5","14.4","52.4","17.1","56.3","52.1","61.0","26.8","(X)","(X)","954","44","388","74","33","29","138","54","395","57","31.3","7.1","52.3","13.2","84.8","25.0","46.4","21.0","1.0","2.0","44.9","6.2","26.3","9.6","0.0","51.6","37.0","18.7","69.6","9.3","38.7","6.4","(X)","(X)","(X)","(X)","(X)","(X)","93.4","6.3","25.2","4.8","(X)","(X)","(X)","(X)","(X)","(X)","60.8","9.2","0.0","3.3","(X)","(X)","(X)","(X)","(X)","(X)","(X)","(X)","4.1","3.2","(X)","(X)","(X)","(X)","(X)","(X)","(X)","(X)","62.1","5.6","83.2","10.1","78.8","29.0","75.4","17.8","35.2","9.4","37.9","5.6","16.8","10.1","21.2","29.0","24.6","17.8","64.8","9.4","0.0","3.3","0.0","8.0","0.0","51.6","0.0","20.8","0.0","7.9","39.3","6.4","58.5","10.3","42.4","41.2","52.2","18.7","15.7","7.7","60.7","6.4","41.5","10.3","57.6","41.2","47.8","18.7","84.3","7.7",
"1400000US06111005404","Census Tract 54.04, Ventura County, California","1156","57","753","84","76","52","154","68","173","57","3.28","0.20","3.62","0.25","3.68","0.93","3.60","0.83","1.35","0.29","983","63","753","84","76","52","154","68","(X)","(X)","3.49","0.22","3.54","0.24","3.14","0.55","3.38","0.71","(X)","(X)","369","58","261","76","38","44","70","52","(X)","(X)","8.4","7.5","11.9","10.6","0.0","48.1","0.0","35.1","(X)","(X)","25.7","15.3","18.0","15.7","26.3","54.0","54.3","42.8","(X)","(X)","65.9","15.6","70.1","16.0","73.7","54.0","45.7","42.8","(X)","(X)","1156","57","753","84","76","52","154","68","173","57","34.9","5.1","39.2","8.0","50.0","38.4","45.5","25.6","0.0","17.0","37.6","5.6","36.4","7.7","21.1","26.0","27.3","19.5","59.5","18.7","12.3","4.5","(X)","(X)","(X)","(X)","(X)","(X)","82.1","14.3","7.0","3.4","(X)","(X)","(X)","(X)","(X)","(X)","46.8","18.3","0.0","2.8","(X)","(X)","(X)","(X)","(X)","(X)","(X)","(X)","3.5","3.4","(X)","(X)","(X)","(X)","(X)","(X)","(X)","(X)","100.0","2.8","100.0","4.2","100.0","33.2","100.0","18.9","100.0","17.0","0.0","2.8","0.0","4.2","0.0","33.2","0.0","18.9","0.0","17.0","0.0","2.8","0.0","4.2","0.0","33.2","0.0","18.9","0.0","17.0","83.7","6.4","89.6","6.2","71.1","31.4","63.0","25.0","81.5","17.1","16.3","6.4","10.4","6.2","28.9","31.4","37.0","25.0","18.5","17.1",
"1400000US06111005502","Census Tract 55.02, Ventura County, California","2071","124","606","137","164","85","275","139","1026","174","2.54","0.26","3.53","0.49","3.64","0.49","3.61","1.00","1.50","0.18","1045","145","606","137","164","85","275","139","(X)","(X)","3.35","0.37","3.44","0.49","2.99","0.67","3.37","0.85","(X)","(X)","574","143","245","108","122","87","207","122","(X)","(X)","27.5","15.6","34.3","27.1","45.9","38.8","8.7","14.0","(X)","(X)","29.1","16.2","22.9","16.1","10.7","19.7","47.3","25.6","(X)","(X)","43.4","16.7","42.9","23.3","43.4","39.7","44.0","23.0","(X)","(X)","2071","124","606","137","164","85","275","139","1026","174","30.9","7.4","42.1","15.6","74.4","39.1","90.2","12.3","1.4","2.2","16.6","6.1","19.8","12.2","0.0","17.9","4.0","6.6","20.7","9.0","30.8","7.5","(X)","(X)","(X)","(X)","(X)","(X)","62.1","12.8","6.4","3.7","(X)","(X)","(X)","(X)","(X)","(X)","13.0","7.2","0.0","1.6","(X)","(X)","(X)","(X)","(X)","(X)","(X)","(X)","12.5","5.9","(X)","(X)","(X)","(X)","(X)","(X)","(X)","(X)","34.4","5.7","59.9","14.6","7.3","11.9","37.1","20.4","23.0","8.6","65.6","5.7","40.1","14.6","92.7","11.9","62.9","20.4","77.0","8.6","0.0","1.6","0.0","5.2","0.0","17.9","0.0","11.1","0.0","3.1","18.4","4.1","26.7","11.7","7.3","11.9","14.2","11.0","16.5","7.7","81.6","4.1","73.3","11.7","92.7","11.9","85.8","11.0","83.5","7.7",
"1400000US06111005503","Census Tract 55.03, Ventura County, California","1318","70","857","88","26","20","116","59","319","82","3.15","0.21","3.84","0.27","3.96","2.03","3.37","0.62","1.15","0.12","999","79","857","88","26","20","116","59","(X)","(X)","3.72","0.25","3.81","0.27","3.23","1.78","3.15","0.52","(X)","(X)","538","73","455","76","26","20","57","54","(X)","(X)","33.5","13.6","28.8","12.4","0.0","58.2","86.0","27.1","(X)","(X)","28.3","13.1","31.4","14.5","34.6","51.4","0.0","39.3","(X)","(X)","38.3","12.8","39.8","14.1","65.4","51.4","14.0","27.1","(X)","(X)","1318","70","857","88","26","20","116","59","319","82","47.5","5.9","61.1","6.8","100.0","58.2","61.2","26.1","1.6","3.1","48.1","6.2","34.8","7.4","0.0","58.2","38.8","25.4","91.2","7.6","21.8","5.4","(X)","(X)","(X)","(X)","(X)","(X)","90.0","7.8","20.6","5.5","(X)","(X)","(X)","(X)","(X)","(X)","85.0","9.7","0.0","2.4","(X)","(X)","(X)","(X)","(X)","(X)","(X)","(X)","4.4","3.1","(X)","(X)","(X)","(X)","(X)","(X)","(X)","(X)","80.7","6.4","97.4","3.1","100.0","58.2","69.8","32.7","37.9","13.3","19.3","6.4","2.6","3.1","0.0","58.2","30.2","32.7","62.1","13.3","0.0","2.4","0.0","3.7","0.0","58.2","0.0","24.1","0.0","9.7","51.4","5.4","56.1","8.1","65.4","51.4","63.8","33.4","32.9","12.3","48.6","5.4","43.9","8.1","34.6","51.4","36.2","33.4","67.1","12.3",
"1400000US06111005504","Census Tract 55.04, Ventura County, California","1552","44","957","110","20","20","144","65","431","90","2.80","0.20","3.38","0.25","3.10","0.75","3.72","0.42","1.19","0.17","1121","81","957","110","20","20","144","65","(X)","(X)","3.38","0.21","3.36","0.24","3.10","0.75","3.53","0.48","(X)","(X)","446","76","382","89","7","13","57","53","(X)","(X)","16.4","10.3","19.1","11.8","0.0","100.0","0.0","39.3","(X)","(X)","23.8","13.1","21.7","14.2","0.0","100.0","40.4","49.5","(X)","(X)","59.9","15.0","59.2","15.0","100.0","100.0","59.6","49.5","(X)","(X)","1552","44","957","110","20","20","144","65","431","90","32.0","5.1","43.8","7.6","35.0","48.1","48.6","29.0","0.0","7.3","48.6","6.3","42.2","7.3","65.0","48.1","50.0","27.0","61.5","13.6","25.6","4.9","(X)","(X)","(X)","(X)","(X)","(X)","92.1","6.4","14.0","4.2","(X)","(X)","(X)","(X)","(X)","(X)","50.6","13.2","0.0","2.1","(X)","(X)","(X)","(X)","(X)","(X)","(X)","(X)","0.9","1.2","(X)","(X)","(X)","(X)","(X)","(X)","(X)","(X)","86.0","4.6","94.8","3.7","100.0","66.3","94.4","9.3","63.1","13.3","12.9","4.4","5.2","3.7","0.0","66.3","5.6","9.3","32.9","13.0","1.1","1.7","0.0","3.3","0.0","66.3","0.0","20.0","3.9","6.1","74.2","5.2","77.5","8.1","75.0","40.0","94.4","9.3","60.1","13.6","25.8","5.2","22.5","8.1","25.0","40.0","5.6","9.3","39.9","13.6",
"1400000US06111005600","Census Tract 56, Ventura County, California","3827","145","1876","232","137","65","401","139","1413","241","2.41","0.19","3.26","0.25","2.50","0.42","2.57","0.26","1.23","0.11","2414","194","1876","232","137","65","401","139","(X)","(X)","3.02","0.18","3.19","0.23","2.28","0.29","2.44","0.23","(X)","(X)","980","194","785","178","45","41","150","94","(X)","(X)","28.8","11.2","26.2","13.5","68.9","43.4","30.0","30.4","(X)","(X)","19.2","11.5","23.9","14.5","0.0","44.2","0.0","19.3","(X)","(X)","52.0","11.5","49.8","13.5","31.1","43.4","70.0","30.4","(X)","(X)","3827","145","1876","232","137","65","401","139","1413","241","27.6","5.0","43.3","6.8","62.0","35.2","37.4","21.6","0.6","1.1","36.4","5.0","30.8","6.3","67.2","24.8","23.4","13.7","44.6","11.4","32.0","5.7","(X)","(X)","(X)","(X)","(X)","(X)","86.7","6.7","10.3","3.4","(X)","(X)","(X)","(X)","(X)","(X)","27.8","8.3","0.3","0.5","(X)","(X)","(X)","(X)","(X)","(X)","(X)","(X)","3.6","2.4","(X)","(X)","(X)","(X)","(X)","(X)","(X)","(X)","67.0","5.2","80.5","5.9","51.1","32.7","58.9","20.4","53.0","11.2","17.3","3.7","8.7","3.9","0.0","20.9","25.2","15.6","28.0","9.7","15.7","3.5","10.8","4.1","48.9","32.7","16.0","15.6","19.0","7.0","66.2","5.8","71.6","7.4","77.4","23.0","71.8","16.4","56.3","12.0","33.8","5.8","28.4","7.4","22.6","23.0","28.2","16.4","43.7","12.0",
"1400000US06111005700","Census Tract 57, Ventura County, California","580","40","313","46","0","12","70","34","197","52","2.61","0.23","3.46","0.32","-","**","2.60","0.40","1.26","0.17","383","49","313","46","0","12","70","34","(X)","(X)","3.09","0.15","3.21","0.19","-","**","2.54","0.36","(X)","(X)","233","45","201","39","0","12","32","21","(X)","(X)","40.3","9.5","46.8","10.6","-","**","0.0","52.4","(X)","(X)","15.5","11.0","15.9","11.8","-","**","12.5","24.8","(X)","(X)","44.2","13.3","37.3","13.9","-","**","87.5","24.8","(X)","(X)","580","40","313","46","0","12","70","34","197","52","40.9","7.9","65.5","8.9","-","**","45.7","31.6","0.0","15.2","15.2","5.2","13.7","6.7","-","**","0.0","35.1","22.8","11.3","27.9","7.5","(X)","(X)","(X)","(X)","(X)","(X)","82.2","11.9","7.8","3.9","(X)","(X)","(X)","(X)","(X)","(X)","22.8","11.3","0.0","5.4","(X)","(X)","(X)","(X)","(X)","(X)","(X)","(X)","2.9","2.6","(X)","(X)","(X)","(X)","(X)","(X)","(X)","(X)","34.8","7.9","51.4","10.8","-","**","28.6","24.8","10.7","8.2","64.5","7.9","48.6","10.8","-","**","71.4","24.8","87.3","8.2","0.7","0.9","0.0","9.9","-","**","0.0","35.1","2.0","2.8","26.7","7.5","39.9","11.7","-","**","11.4","16.2","11.2","8.3","73.3","7.5","60.1","11.7","-","**","88.6","16.2","88.8","8.3",
"1400000US06111005801","Census Tract 58.01, Ventura County, California","1704","44","1358","84","37","24","127","63","182","71","3.13","0.14","3.37","0.16","2.97","0.64","2.73","0.35","1.66","0.42","1522","86","1358","84","37","24","127","63","(X)","(X)","3.31","0.15","3.37","0.16","2.97","0.64","2.73","0.35","(X)","(X)","736","74","679","72","25","18","32","26","(X)","(X)","9.2","4.7","9.0","5.0","0.0","59.3","21.9","33.2","(X)","(X)","19.8","7.2","21.5","7.7","0.0","59.3","0.0","52.4","(X)","(X)","70.9","7.1","69.5","7.6","100.0","59.3","78.1","33.2","(X)","(X)","1704","44","1358","84","37","24","127","63","182","71","44.2","4.3","50.7","5.1","67.6","29.9","25.2","18.5","4.4","7.8","36.7","4.7","38.7","4.8","21.6","29.6","16.5","15.3","39.0","22.4","7.0","3.5","(X)","(X)","(X)","(X)","(X)","(X)","65.9","19.2","3.6","3.0","(X)","(X)","(X)","(X)","(X)","(X)","33.5","22.6","0.0","1.9","(X)","(X)","(X)","(X)","(X)","(X)","(X)","(X)","1.4","1.4","(X)","(X)","(X)","(X)","(X)","(X)","(X)","(X)","100.0","1.9","100.0","2.4","100.0","48.8","100.0","22.3","100.0","16.3","0.0","1.9","0.0","2.4","0.0","48.8","0.0","22.3","0.0","16.3","0.0","1.9","0.0","2.4","0.0","48.8","0.0","22.3","0.0","16.3","84.9","5.5","85.0","6.4","62.2","41.5","82.7","22.2","90.7","13.8","15.1","5.5","15.0","6.4","37.8","41.5","17.3","22.2","9.3","13.8",
"1400000US06111005802","Census Tract 58.02, Ventura County, California","3013","94","2171","176","39","48","258","106","545","122","3.21","0.14","3.65","0.18","5.08","1.75","2.96","0.34","1.45","0.37","2468","148","2171","176","39","48","258","106","(X)","(X)","3.56","0.17","3.64","0.18","3.10","0.24","2.96","0.34","(X)","(X)","1381","142","1177","172","39","48","165","89","(X)","(X)","12.7","8.8","15.0","10.1","0.0","47.5","0.0","17.8","(X)","(X)","17.2","7.4","20.2","8.7","0.0","47.5","0.0","17.8","(X)","(X)","70.0","9.5","64.8","10.4","100.0","47.5","100.0","17.8","(X)","(X)","3013","94","2171","176","39","48","258","106","545","122","48.3","4.3","57.7","5.4","100.0","47.5","64.0","20.1","0.0","5.8","39.0","5.6","34.4","5.5","0.0","47.5","37.6","24.2","60.7","18.8","14.4","3.7","(X)","(X)","(X)","(X)","(X)","(X)","79.4","15.4","7.6","2.5","(X)","(X)","(X)","(X)","(X)","(X)","41.8","13.8","0.0","1.1","(X)","(X)","(X)","(X)","(X)","(X)","(X)","(X)","3.9","3.1","(X)","(X)","(X)","(X)","(X)","(X)","(X)","(X)","90.1","3.0","94.7","3.7","100.0","47.5","78.7","18.7","76.3","10.1","2.0","1.6","0.7","1.2","0.0","47.5","0.0","11.8","8.3","6.2","7.9","2.7","4.5","3.5","0.0","47.5","21.3","18.7","15.4","8.7","93.8","3.1","95.6","2.6","100.0","47.5","95.0","8.9","85.3","13.9","6.2","3.1","4.4","2.6","0.0","47.5","5.0","8.9","14.7","13.9",
"1400000US06111005901","Census Tract 59.01, Ventura County, California","2304","46","1688","125","68","61","148","77","400","120","3.06","0.16","3.41","0.22","2.69","0.80","3.96","0.91","1.34","0.24","1904","124","1688","125","68","61","148","77","(X)","(X)","3.35","0.20","3.39","0.21","2.69","0.80","3.09","0.33","(X)","(X)","734","132","687","137","47","54","0","17","(X)","(X)","10.8","8.9","11.5","9.4","0.0","43.3","-","**","(X)","(X)","15.9","11.7","17.0","12.2","0.0","43.3","-","**","(X)","(X)","73.3","13.5","71.5","13.8","100.0","43.3","-","**","(X)","(X)","2304","46","1688","125","68","61","148","77","400","120","34.8","5.8","44.7","6.8","69.1","44.2","0.0","19.6","0.0","7.8","48.0","6.6","45.3","8.4","30.9","44.2","69.6","26.9","54.5","20.6","11.8","4.7","(X)","(X)","(X)","(X)","(X)","(X)","68.0","22.5","5.0","3.3","(X)","(X)","(X)","(X)","(X)","(X)","29.0","18.4","0.5","1.0","(X)","(X)","(X)","(X)","(X)","(X)","(X)","(X)","5.5","4.3","(X)","(X)","(X)","(X)","(X)","(X)","(X)","(X)","100.0","1.4","100.0","1.9","100.0","35.7","100.0","19.6","100.0","7.8","0.0","1.4","0.0","1.9","0.0","35.7","0.0","19.6","0.0","7.8","0.0","1.4","0.0","1.9","0.0","35.7","0.0","19.6","0.0","7.8","86.2","5.6","86.9","6.9","100.0","35.7","78.4","17.7","83.5","18.6","13.8","5.6","13.1","6.9","0.0","35.7","21.6","17.7","16.5","18.6",
"1400000US06111005906","Census Tract 59.06, Ventura County, California","2459","114","1577","162","110","102","117","64","655","167","2.62","0.12","3.16","0.13","2.26","0.34","2.89","0.43","1.32","0.17","1804","142","1577","162","110","102","117","64","(X)","(X)","3.05","0.11","3.14","0.13","2.15","0.14","2.74","0.41","(X)","(X)","870","130","764","116","62","91","44","47","(X)","(X)","15.5","9.0","17.7","9.9","0.0","37.6","0.0","44.7","(X)","(X)","15.7","8.8","16.6","9.7","0.0","37.6","22.7","36.6","(X)","(X)","68.7","12.7","65.7","13.6","100.0","37.6","77.3","36.6","(X)","(X)","2459","114","1577","162","110","102","117","64","655","167","35.8","5.4","49.1","6.3","56.4","52.6","37.6","33.6","0.0","4.8","40.8","6.6","43.1","7.9","79.1","40.9","39.3","30.7","29.3","13.5","19.9","5.7","(X)","(X)","(X)","(X)","(X)","(X)","74.8","13.6","4.1","2.9","(X)","(X)","(X)","(X)","(X)","(X)","15.3","9.7","0.0","1.3","(X)","(X)","(X)","(X)","(X)","(X)","(X)","(X)","3.7","3.1","(X)","(X)","(X)","(X)","(X)","(X)","(X)","(X)","74.9","4.2","89.0","5.0","100.0","25.2","60.7","26.5","39.5","14.5","25.1","4.2","11.0","5.0","0.0","25.2","39.3","26.5","60.5","14.5","0.0","1.3","0.0","2.0","0.0","25.2","0.0","23.9","0.0","4.8","67.8","4.3","82.0","5.8","100.0","25.2","52.1","25.9","31.0","11.9","32.2","4.3","18.0","5.8","0.0","25.2","47.9","25.9","69.0","11.9",
"1400000US06111005907","Census Tract 59.07, Ventura County, California","1775","71","805","110","84","48","153","76","733","122","2.07","0.15","2.72","0.20","3.07","0.79","2.56","0.28","1.13","0.08","1042","126","805","110","84","48","153","76","(X)","(X)","2.70","0.17","2.72","0.20","2.80","0.39","2.56","0.28","(X)","(X)","296","104","190","74","29","21","77","60","(X)","(X)","30.1","15.6","46.8","20.8","0.0","55.1","0.0","32.9","(X)","(X)","7.1","7.8","5.8","8.9","34.5","55.1","0.0","32.9","(X)","(X)","62.8","17.0","47.4","20.7","65.5","55.1","100.0","32.9","(X)","(X)","1775","71","805","110","84","48","153","76","733","122","16.7","5.6","23.6","8.3","34.5","34.0","50.3","23.7","0.0","4.3","65.1","6.0","63.0","8.5","39.3","34.9","37.3","24.1","76.3","9.5","36.6","6.5","(X)","(X)","(X)","(X)","(X)","(X)","88.7","7.7","25.9","5.3","(X)","(X)","(X)","(X)","(X)","(X)","62.6","9.5","0.0","1.8","(X)","(X)","(X)","(X)","(X)","(X)","(X)","(X)","3.9","3.3","(X)","(X)","(X)","(X)","(X)","(X)","(X)","(X)","85.5","5.6","92.7","6.0","89.3","15.5","73.9","29.7","79.5","10.5","14.5","5.6","7.3","6.0","10.7","15.5","26.1","29.7","20.5","10.5","0.0","1.8","0.0","4.0","0.0","31.0","0.0","19.0","0.0","4.3","78.5","5.5","79.0","9.0","77.4","27.8","71.2","30.4","79.5","9.3","21.5","5.5","21.0","9.0","22.6","27.8","28.8","30.4","20.5","9.3",
"1400000US06111005908","Census Tract 59.08, Ventura County, California","934","64","582","83","79","43","55","26","218","61","3.02","0.29","3.45","0.38","3.65","0.61","4.15","1.26","1.36","0.19","716","83","582","83","79","43","55","26","(X)","(X)","3.44","0.33","3.45","0.38","3.05","0.58","3.89","1.21","(X)","(X)","321","77","275","75","24","25","22","19","(X)","(X)","17.4","10.8","18.5","11.9","20.8","35.7","0.0","63.2","(X)","(X)","25.5","13.2","29.8","14.8","0.0","60.5","0.0","63.2","(X)","(X)","57.0","14.5","51.6","15.2","79.2","35.7","100.0","63.2","(X)","(X)","934","64","582","83","79","43","55","26","218","61","35.9","7.5","47.3","10.5","36.7","27.3","40.0","24.3","4.1","4.7","42.7","6.8","39.7","8.3","82.3","17.2","56.4","22.5","33.0","15.1","17.9","6.7","(X)","(X)","(X)","(X)","(X)","(X)","76.6","12.6","4.8","3.0","(X)","(X)","(X)","(X)","(X)","(X)","20.6","11.9","0.0","3.4","(X)","(X)","(X)","(X)","(X)","(X)","(X)","(X)","3.1","2.7","(X)","(X)","(X)","(X)","(X)","(X)","(X)","(X)","93.8","3.0","97.3","2.1","74.7","28.2","92.7","12.8","91.7","6.6","5.8","3.0","2.7","2.1","25.3","28.2","7.3","12.8","6.4","5.8","0.4","0.7","0.0","5.4","0.0","32.4","0.0","40.0","1.8","3.2","70.0","7.4","73.0","10.0","44.3","28.3","69.1","22.3","71.6","14.4","30.0","7.4","27.0","10.0","55.7","28.3","30.9","22.3","28.4","14.4",
"1400000US06111005909","Census Tract 59.09, Ventura County, California","1482","60","777","111","52","32","165","78","488","113","2.46","0.18","3.00","0.23","3.75","1.58","2.95","0.58","1.29","0.15","994","111","777","111","52","32","165","78","(X)","(X)","2.95","0.20","2.98","0.22","3.75","1.58","2.54","0.46","(X)","(X)","318","68","252","67","16","18","50","39","(X)","(X)","21.4","11.9","21.0","14.3","0.0","74.1","30.0","38.1","(X)","(X)","4.4","7.6","0.0","12.1","0.0","74.1","28.0","39.7","(X)","(X)","74.2","14.3","79.0","14.3","100.0","74.1","42.0","41.8","(X)","(X)","1482","60","777","111","52","32","165","78","488","113","22.5","4.7","33.2","8.7","50.0","32.4","30.3","23.4","0.0","6.4","50.7","6.4","45.3","8.6","69.2","33.9","43.6","26.2","59.6","13.3","25.8","6.7","(X)","(X)","(X)","(X)","(X)","(X)","78.5","10.6","13.8","4.2","(X)","(X)","(X)","(X)","(X)","(X)","42.0","11.7","0.0","2.2","(X)","(X)","(X)","(X)","(X)","(X)","(X)","(X)","2.4","1.9","(X)","(X)","(X)","(X)","(X)","(X)","(X)","(X)","72.1","5.5","75.3","8.6","65.4","37.8","81.2","17.7","64.5","9.9","4.5","2.9","4.6","4.4","0.0","41.1","6.7","10.0","3.9","4.2","23.5","5.1","20.1","8.7","34.6","37.8","12.1","15.3","31.6","9.6","79.2","6.7","91.0","6.4","100.0","41.1","53.9","28.6","66.8","13.7","20.8","6.7","9.0","6.4","0.0","41.1","46.1","28.6","33.2","13.7",
"1400000US06111005910","Census Tract 59.10, Ventura County, California","609","29","504","47","16","24","11","11","78","43","2.88","0.18","3.03","0.17","5.19","0.65","3.64","2.64","1.37","0.41","531","46","504","47","16","24","11","11","(X)","(X)","3.07","0.18","3.01","0.17","5.19","0.65","2.55","0.88","(X)","(X)","204","34","184","33","16","24","4","6","(X)","(X)","19.6","14.0","21.7","15.5","0.0","74.1","0.0","100.0","(X)","(X)","9.3","6.7","10.3","7.4","0.0","74.1","0.0","100.0","(X)","(X)","71.1","15.1","67.9","16.5","100.0","74.1","100.0","100.0","(X)","(X)","609","29","504","47","16","24","11","11","78","43","34.2","5.5","37.3","6.4","100.0","74.1","36.4","55.9","0.0","32.7","42.5","7.1","47.4","6.6","0.0","74.1","63.6","55.9","16.7","19.5","9.9","6.5","(X)","(X)","(X)","(X)","(X)","(X)","76.9","22.0","1.0","1.4","(X)","(X)","(X)","(X)","(X)","(X)","7.7","11.9","0.5","0.9","(X)","(X)","(X)","(X)","(X)","(X)","(X)","(X)","1.8","2.0","(X)","(X)","(X)","(X)","(X)","(X)","(X)","(X)","99.0","1.3","98.8","1.6","100.0","74.1","100.0","89.4","100.0","32.7","0.0","5.2","0.0","6.2","0.0","74.1","0.0","89.4","0.0","32.7","1.0","1.3","1.2","1.6","0.0","74.1","0.0","89.4","0.0","32.7","89.5","5.3","91.9","5.6","100.0","74.1","0.0","89.4","84.6","16.0","10.5","5.3","8.1","5.6","0.0","74.1","100.0","89.4","15.4","16.0",
"1400000US06111005911","Census Tract 59.11, Ventura County, California","1497","90","705","108","41","45","126","65","625","97","2.55","0.22","3.03","0.22","3.61","0.37","4.05","0.98","1.64","0.42","872","106","705","108","41","45","126","65","(X)","(X)","3.09","0.23","2.99","0.22","2.37","0.34","3.85","0.99","(X)","(X)","377","69","241","74","41","45","95","56","(X)","(X)","23.1","16.7","6.6","9.8","87.8","25.9","36.8","45.2","(X)","(X)","6.4","6.9","5.8","8.4","0.0","46.3","10.5","16.9","(X)","(X)","70.6","16.9","87.6","12.4","12.2","25.9","52.6","43.6","(X)","(X)","1497","90","705","108","41","45","126","65","625","97","25.9","4.7","34.2","8.7","100.0","46.3","84.1","17.0","0.0","5.1","39.0","6.0","38.9","8.9","0.0","46.3","18.3","18.3","45.9","10.1","30.7","6.8","(X)","(X)","(X)","(X)","(X)","(X)","73.4","12.7","14.0","4.4","(X)","(X)","(X)","(X)","(X)","(X)","33.6","9.3","0.0","2.1","(X)","(X)","(X)","(X)","(X)","(X)","(X)","(X)","4.5","2.6","(X)","(X)","(X)","(X)","(X)","(X)","(X)","(X)","72.3","6.3","82.8","8.8","100.0","46.3","52.4","32.7","62.6","10.6","27.7","6.3","17.2","8.8","0.0","46.3","47.6","32.7","37.4","10.6","0.0","2.1","0.0","4.5","0.0","46.3","0.0","22.5","0.0","5.1","63.2","5.9","82.6","8.5","100.0","46.3","15.1","16.6","48.6","11.5","36.8","5.9","17.4","8.5","0.0","46.3","84.9","16.6","51.4","11.5",
"1400000US06111006000","Census Tract 60, Ventura County, California","1532","53","980","110","39","32","95","41","418","119","2.96","0.20","3.63","0.21","3.56","0.77","3.15","0.56","1.29","0.25","1114","113","980","110","39","32","95","41","(X)","(X)","3.48","0.18","3.51","0.20","3.56","0.77","3.15","0.56","(X)","(X)","457","71","400","68","10","16","47","30","(X)","(X)","20.6","8.9","23.5","10.2","0.0","93.8","0.0","43.3","(X)","(X)","17.3","9.8","19.8","11.2","0.0","93.8","0.0","43.3","(X)","(X)","62.1","12.5","56.8","14.3","100.0","93.8","100.0","43.3","(X)","(X)","1532","53","980","110","39","32","95","41","418","119","33.7","5.1","43.2","6.6","48.7","42.4","68.4","22.3","2.4","4.0","41.0","7.0","36.4","7.2","74.4","38.2","45.3","22.6","47.6","17.5","23.6","7.5","(X)","(X)","(X)","(X)","(X)","(X)","86.6","9.5","10.0","4.8","(X)","(X)","(X)","(X)","(X)","(X)","36.6","16.0","0.0","2.1","(X)","(X)","(X)","(X)","(X)","(X)","(X)","(X)","2.5","2.0","(X)","(X)","(X)","(X)","(X)","(X)","(X)","(X)","100.0","2.1","100.0","3.3","100.0","47.5","100.0","28.3","100.0","7.5","0.0","2.1","0.0","3.3","0.0","47.5","0.0","28.3","0.0","7.5","0.0","2.1","0.0","3.3","0.0","47.5","0.0","28.3","0.0","7.5","85.1","5.4","91.0","4.2","74.4","38.2","68.4","24.9","76.1","15.6","14.9","5.4","9.0","4.2","25.6","38.2","31.6","24.9","23.9","15.6",
"1400000US06111006100","Census Tract 61, Ventura County, California","2810","84","1812","203","163","110","242","129","593","160","3.07","0.21","3.41","0.22","4.18","1.59","4.25","0.79","1.27","0.21","2217","172","1812","203","163","110","242","129","(X)","(X)","3.34","0.18","3.37","0.21","3.23","1.15","3.21","0.54","(X)","(X)","1235","201","951","214","74","89","210","128","(X)","(X)","18.5","8.0","15.0","7.7","31.1","57.4","30.0","25.9","(X)","(X)","33.0","12.6","36.2","14.0","0.0","33.8","30.0","38.7","(X)","(X)","48.5","11.7","48.8","12.1","68.9","57.4","40.0","34.7","(X)","(X)","2810","84","1812","203","163","110","242","129","593","160","45.3","7.1","53.1","9.0","61.3","33.8","86.8","15.7","0.0","5.3","23.0","4.2","26.1","5.8","12.3","19.7","10.3","13.3","21.8","11.2","17.2","5.4","(X)","(X)","(X)","(X)","(X)","(X)","81.5","13.6","2.5","1.5","(X)","(X)","(X)","(X)","(X)","(X)","11.6","7.3","0.0","1.1","(X)","(X)","(X)","(X)","(X)","(X)","(X)","(X)","10.6","5.4","(X)","(X)","(X)","(X)","(X)","(X)","(X)","(X)","51.9","6.3","64.2","8.2","28.8","30.7","31.4","24.3","29.0","13.8","46.9","6.0","35.8","8.2","71.2","30.7","54.1","26.4","71.0","13.8","1.2","1.8","0.0","1.8","0.0","18.0","14.5","20.5","0.0","5.3","40.4","5.9","47.3","8.5","38.7","33.8","13.2","15.7","30.9","13.7","59.6","5.9","52.7","8.5","61.3","33.8","86.8","15.7","69.1","13.7",
"1400000US06111006200","Census Tract 62, Ventura County, California","1042","66","713","107","28","27","128","67","173","75","2.79","0.22","3.07","0.21","4.43","2.29","3.14","0.31","1.15","0.20","869","85","713","107","28","27","128","67","(X)","(X)","3.01","0.22","3.04","0.21","3.75","2.09","2.67","0.51","(X)","(X)","311","52","234","62","12","18","65","47","(X)","(X)","8.4","10.5","11.1","12.7","0.0","85.6","0.0","36.7","(X)","(X)","6.4","6.9","8.5","8.8","0.0","85.6","0.0","36.7","(X)","(X)","85.2","12.8","80.3","14.6","100.0","85.6","100.0","36.7","(X)","(X)","1042","66","713","107","28","27","128","67","173","75","31.3","4.7","34.9","7.2","42.9","50.8","50.8","27.1","0.0","17.0","56.4","5.1","51.3","6.9","57.1","50.8","49.2","29.4","82.7","20.1","14.8","6.3","(X)","(X)","(X)","(X)","(X)","(X)","89.0","14.6","9.0","5.7","(X)","(X)","(X)","(X)","(X)","(X)","54.3","25.0","0.0","3.1","(X)","(X)","(X)","(X)","(X)","(X)","(X)","(X)","6.2","5.3","(X)","(X)","(X)","(X)","(X)","(X)","(X)","(X)","100.0","3.1","100.0","4.5","100.0","56.0","100.0","22.2","100.0","17.0","0.0","3.1","0.0","4.5","0.0","56.0","0.0","22.2","0.0","17.0","0.0","3.1","0.0","4.5","0.0","56.0","0.0","22.2","0.0","17.0","95.4","3.9","97.6","2.8","100.0","56.0","100.0","22.2","82.1","19.3","4.6","3.9","2.4","2.8","0.0","56.0","0.0","22.2","17.9","19.3",
"1400000US06111006301","Census Tract 63.01, Ventura County, California","2606","110","1576","129","39","58","96","65","895","143","2.42","0.14","3.04","0.15","1.97","0.13","2.91","0.59","1.29","0.16","1711","143","1576","129","39","58","96","65","(X)","(X)","3.01","0.14","3.04","0.15","1.97","0.13","2.91","0.59","(X)","(X)","574","90","522","81","39","58","13","22","(X)","(X)","15.5","10.3","17.0","11.1","0.0","47.5","0.0","82.3","(X)","(X)","18.1","11.6","19.9","12.0","0.0","47.5","0.0","82.3","(X)","(X)","66.4","16.5","63.0","16.8","100.0","47.5","100.0","82.2","(X)","(X)","2606","110","1576","129","39","58","96","65","895","143","23.2","3.7","33.9","4.9","100.0","47.5","13.5","22.9","1.9","3.0","54.2","5.1","50.6","5.5","0.0","47.5","86.5","22.9","59.6","13.3","27.8","5.7","(X)","(X)","(X)","(X)","(X)","(X)","80.9","9.9","16.4","5.2","(X)","(X)","(X)","(X)","(X)","(X)","47.8","13.6","0.0","1.2","(X)","(X)","(X)","(X)","(X)","(X)","(X)","(X)","4.4","3.1","(X)","(X)","(X)","(X)","(X)","(X)","(X)","(X)","76.1","5.1","79.6","8.6","100.0","47.5","69.8","28.5","69.7","9.9","23.9","5.1","20.4","8.6","0.0","47.5","30.2","28.5","30.3","9.9","0.0","1.2","0.0","2.0","0.0","47.5","0.0","28.0","0.0","3.6","66.6","5.9","72.1","8.0","0.0","47.5","84.4","23.7","57.9","11.6","33.4","5.9","27.9","8.0","100.0","47.5","15.6","23.7","42.1","11.6",
"1400000US06111006302","Census Tract 63.02, Ventura County, California","820","20","568","54","2","9","80","41","170","47","2.82","0.21","3.02","0.18","4.50","4.51","4.74","1.16","1.25","0.21","650","51","568","54","2","9","80","41","(X)","(X)","3.10","0.24","2.99","0.18","3.00","2.93","3.89","1.66","(X)","(X)","231","49","176","34","0","12","55","42","(X)","(X)","13.0","8.2","17.0","10.1","-","**","0.0","40.0","(X)","(X)","19.9","12.9","13.6","10.0","-","**","40.0","47.6","(X)","(X)","67.1","13.8","69.3","11.9","-","**","60.0","47.6","(X)","(X)","820","20","568","54","2","9","80","41","170","47","31.0","6.6","34.0","6.8","0.0","100.0","76.3","20.0","0.0","17.3","48.3","5.4","47.7","6.8","0.0","100.0","33.8","26.6","57.6","15.0","17.8","5.3","(X)","(X)","(X)","(X)","(X)","(X)","85.9","11.0","9.4","3.6","(X)","(X)","(X)","(X)","(X)","(X)","45.3","14.5","0.0","3.9","(X)","(X)","(X)","(X)","(X)","(X)","(X)","(X)","3.9","4.4","(X)","(X)","(X)","(X)","(X)","(X)","(X)","(X)","77.9","4.9","81.5","7.3","100.0","100.0","61.3","33.7","73.5","12.9","22.1","4.9","18.5","7.3","0.0","100.0","38.8","33.7","26.5","12.9","0.0","3.9","0.0","5.6","0.0","100.0","0.0","32.1","0.0","17.3","67.4","5.3","73.1","7.5","0.0","100.0","38.8","27.5","62.9","14.6","32.6","5.3","26.9","7.5","100.0","100.0","61.3","27.5","37.1","14.6",
"1400000US06111006400","Census Tract 64, Ventura County, California","2492","71","1525","188","124","78","315","157","528","147","2.94","0.26","3.29","0.26","3.47","0.59","3.62","0.96","1.38","0.28","1964","154","1525","188","124","78","315","157","(X)","(X)","3.23","0.21","3.18","0.19","3.40","0.58","3.41","0.96","(X)","(X)","714","144","541","113","37","50","136","99","(X)","(X)","15.0","9.5","17.4","10.9","0.0","48.8","9.6","18.4","(X)","(X)","23.9","13.0","31.6","16.1","0.0","48.8","0.0","21.1","(X)","(X)","61.1","14.0","51.0","16.0","100.0","48.8","90.4","18.4","(X)","(X)","2492","71","1525","188","124","78","315","157","528","147","32.0","5.9","37.0","7.2","43.5","33.2","56.8","25.1","0.0","6.0","50.1","7.9","44.9","7.8","70.2","32.9","39.7","26.6","66.5","15.7","17.4","5.3","(X)","(X)","(X)","(X)","(X)","(X)","82.0","11.1","6.9","3.0","(X)","(X)","(X)","(X)","(X)","(X)","32.4","12.3","0.4","0.6","(X)","(X)","(X)","(X)","(X)","(X)","(X)","(X)","3.7","2.8","(X)","(X)","(X)","(X)","(X)","(X)","(X)","(X)","99.0","1.6","100.0","2.1","79.0","29.7","100.0","9.8","100.0","6.0","0.0","1.3","0.0","2.1","0.0","22.8","0.0","9.8","0.0","6.0","1.0","1.6","0.0","2.1","21.0","29.7","0.0","9.8","0.0","6.0","81.9","5.9","86.0","7.8","70.2","32.9","67.6","27.6","81.1","13.4","18.1","5.9","14.0","7.8","29.8","32.9","32.4","27.6","18.9","13.4",
"1400000US06111006500","Census Tract 65, Ventura County, California","1019","61","563","98","50","31","107","62","299","80","3.48","0.25","4.04","0.36","5.72","1.44","4.36","1.05","1.73","0.38","720","84","563","98","50","31","107","62","(X)","(X)","3.98","0.29","3.94","0.32","4.52","1.12","3.92","0.88","(X)","(X)","324","53","249","54","26","22","49","43","(X)","(X)","15.7","11.2","20.5","14.0","0.0","58.2","0.0","42.4","(X)","(X)","33.6","16.1","27.3","16.9","69.2","40.0","46.9","42.9","(X)","(X)","50.6","17.7","52.2","22.6","30.8","40.0","53.1","42.9","(X)","(X)","1019","61","563","98","50","31","107","62","299","80","37.0","4.4","53.6","9.0","52.0","32.6","45.8","27.0","0.0","10.3","30.9","5.2","25.8","7.4","50.0","37.8","41.1","28.6","33.8","14.9","16.4","5.5","(X)","(X)","(X)","(X)","(X)","(X)","55.9","17.1","9.4","4.6","(X)","(X)","(X)","(X)","(X)","(X)","32.1","14.6","0.0","3.1","(X)","(X)","(X)","(X)","(X)","(X)","(X)","(X)","10.9","5.7","(X)","(X)","(X)","(X)","(X)","(X)","(X)","(X)","86.3","6.0","96.6","3.7","88.0","18.1","62.6","24.9","74.9","14.4","13.7","6.0","3.4","3.7","12.0","18.1","37.4","24.9","25.1","14.4","0.0","3.1","0.0","5.6","0.0","41.9","0.0","25.7","0.0","10.3","72.4","8.3","89.5","5.9","48.0","32.1","62.6","24.9","47.8","17.3","27.6","8.3","10.5","5.9","52.0","32.1","37.4","24.9","52.2","17.3",
"1400000US06111006600","Census Tract 66, Ventura County, California","1364","34","926","82","13","21","129","54","296","54","3.13","0.19","3.44","0.27","3.54","0.48","4.47","1.56","1.56","0.44","1068","60","926","82","13","21","129","54","(X)","(X)","3.48","0.21","3.40","0.23","3.54","0.48","4.05","1.37","(X)","(X)","420","68","368","75","0","12","52","33","(X)","(X)","20.0","10.0","21.5","11.3","-","**","9.6","17.8","(X)","(X)","10.2","7.4","6.5","5.8","-","**","36.5","36.2","(X)","(X)","69.8","12.0","72.0","12.0","-","**","53.8","38.0","(X)","(X)","1364","34","926","82","13","21","129","54","296","54","32.2","5.1","41.1","6.9","0.0","82.3","45.0","22.9","0.0","10.4","56.6","6.8","47.7","8.1","100.0","82.2","74.4","18.2","74.7","17.2","16.2","4.5","(X)","(X)","(X)","(X)","(X)","(X)","74.7","18.9","12.5","4.1","(X)","(X)","(X)","(X)","(X)","(X)","57.4","17.0","0.0","2.4","(X)","(X)","(X)","(X)","(X)","(X)","(X)","(X)","2.1","2.1","(X)","(X)","(X)","(X)","(X)","(X)","(X)","(X)","98.1","2.8","100.0","3.4","100.0","82.2","100.0","22.0","91.2","12.9","1.9","2.8","0.0","3.4","0.0","82.3","0.0","22.0","8.8","12.9","0.0","2.4","0.0","3.4","0.0","82.3","0.0","22.0","0.0","10.4","88.3","5.4","92.1","5.8","100.0","82.2","87.6","14.7","76.4","17.9","11.7","5.4","7.9","5.8","0.0","82.3","12.4","14.7","23.6","17.9",
"1400000US06111006700","Census Tract 67, Ventura County, California","1150","36","686","80","65","57","66","45","333","79","2.69","0.18","3.27","0.32","3.57","0.94","3.45","1.18","1.17","0.14","817","81","686","80","65","57","66","45","(X)","(X)","3.11","0.20","3.11","0.24","3.57","0.94","2.62","0.38","(X)","(X)","308","66","254","60","36","46","18","20","(X)","(X)","13.6","9.6","16.5","11.7","0.0","49.4","0.0","69.9","(X)","(X)","12.3","16.3","15.0","20.0","0.0","49.4","0.0","69.9","(X)","(X)","74.0","15.3","68.5","19.0","100.0","49.4","100.0","69.9","(X)","(X)","1150","36","686","80","65","57","66","45","333","79","27.7","5.5","38.5","7.8","55.4","43.5","27.3","27.6","0.0","9.3","44.3","5.6","49.6","8.2","7.7","19.0","21.2","30.3","45.0","14.4","26.5","6.7","(X)","(X)","(X)","(X)","(X)","(X)","91.6","6.9","8.4","4.6","(X)","(X)","(X)","(X)","(X)","(X)","29.1","14.1","0.5","0.9","(X)","(X)","(X)","(X)","(X)","(X)","(X)","(X)","0.0","2.8","(X)","(X)","(X)","(X)","(X)","(X)","(X)","(X)","83.7","4.9","96.8","3.1","100.0","36.7","84.8","22.6","53.2","15.0","16.3","4.9","3.2","3.1","0.0","36.7","15.2","22.6","46.8","15.0","0.0","2.8","0.0","4.6","0.0","36.7","0.0","36.3","0.0","9.3","72.1","6.5","85.7","8.8","63.1","37.9","51.5","32.5","49.8","14.4","27.9","6.5","14.3","8.8","36.9","37.9","48.5","32.5","50.2","14.4",
"1400000US06111006800","Census Tract 68, Ventura County, California","1197","83","612","101","40","37","181","67","364","103","3.14","0.24","3.98","0.31","5.50","3.36","3.06","0.47","1.52","0.36","833","112","612","101","40","37","181","67","(X)","(X)","3.70","0.28","3.88","0.31","5.00","3.04","2.84","0.41","(X)","(X)","335","63","238","65","31","31","66","42","(X)","(X)","3.3","5.5","4.6","7.8","0.0","53.3","0.0","36.3","(X)","(X)","16.1","14.1","22.7","19.2","0.0","53.3","0.0","36.3","(X)","(X)","80.6","14.4","72.7","19.6","100.0","53.3","100.0","36.3","(X)","(X)","1197","83","612","101","40","37","181","67","364","103","32.8","5.4","45.3","9.3","77.5","36.8","42.0","18.9","2.5","3.6","33.9","6.4","33.3","9.9","0.0","46.9","28.7","16.1","41.2","14.4","20.5","7.1","(X)","(X)","(X)","(X)","(X)","(X)","67.3","16.5","8.7","3.6","(X)","(X)","(X)","(X)","(X)","(X)","28.6","11.8","0.0","2.7","(X)","(X)","(X)","(X)","(X)","(X)","(X)","(X)","8.4","5.9","(X)","(X)","(X)","(X)","(X)","(X)","(X)","(X)","89.2","5.5","96.7","3.2","75.0","36.2","92.3","9.8","76.6","15.7","9.9","5.2","1.6","2.4","25.0","36.2","7.7","9.8","23.4","15.7","0.8","1.2","1.6","2.3","0.0","46.9","0.0","16.4","0.0","8.5","68.6","7.7","80.1","9.1","75.0","36.2","64.1","23.3","50.8","14.7","31.4","7.7","19.9","9.1","25.0","36.2","35.9","23.3","49.2","14.7",
"1400000US06111006900","Census Tract 69, Ventura County, California","1755","79","621","112","56","67","203","79","875","111","2.25","0.14","3.17","0.38","4.25","1.53","3.19","0.51","1.25","0.13","880","107","621","112","56","67","203","79","(X)","(X)","3.11","0.23","3.13","0.38","3.70","1.04","2.89","0.49","(X)","(X)","355","86","218","66","50","66","87","64","(X)","(X)","11.0","8.0","10.1","11.5","0.0","41.9","19.5","24.8","(X)","(X)","29.3","15.3","28.9","18.1","82.0","38.4","0.0","30.2","(X)","(X)","59.7","16.8","61.0","18.6","18.0","38.4","80.5","24.8","(X)","(X)","1755","79","621","112","56","67","203","79","875","111","21.4","5.0","35.1","9.5","89.3","28.2","46.3","25.0","1.5","1.9","46.3","6.2","45.7","10.8","16.1","31.4","21.7","16.8","54.3","9.3","41.9","5.2","(X)","(X)","(X)","(X)","(X)","(X)","84.0","6.5","21.9","4.4","(X)","(X)","(X)","(X)","(X)","(X)","43.9","8.6","0.6","1.0","(X)","(X)","(X)","(X)","(X)","(X)","(X)","(X)","7.9","4.8","(X)","(X)","(X)","(X)","(X)","(X)","(X)","(X)","37.9","5.2","55.4","11.9","41.1","55.6","52.2","25.2","22.1","6.2","60.5","5.3","44.6","11.9","58.9","55.6","47.8","25.2","74.7","8.2","1.6","2.4","0.0","5.1","0.0","39.6","0.0","14.8","3.2","4.9","38.2","5.2","49.1","11.2","30.4","43.7","46.3","26.1","29.1","6.9","61.8","5.2","50.9","11.2","69.6","43.7","53.7","26.1","70.9","6.9",
"1400000US06111007000","Census Tract 70, Ventura County, California","1593","75","527","113","125","70","198","74","743","121","2.50","0.21","3.48","0.32","5.20","1.30","3.12","0.38","1.18","0.08","850","115","527","113","125","70","198","74","(X)","(X)","3.42","0.27","3.46","0.32","4.02","1.22","2.93","0.34","(X)","(X)","398","89","244","82","45","49","109","54","(X)","(X)","27.6","13.8","21.7","15.5","0.0","44.2","52.3","28.8","(X)","(X)","16.1","10.9","20.9","15.5","0.0","44.2","11.9","15.8","(X)","(X)","56.3","14.2","57.4","20.6","100.0","44.2","35.8","26.1","(X)","(X)","1593","75","527","113","125","70","198","74","743","121","30.3","5.5","47.8","10.5","84.8","15.6","62.6","23.4","0.0","4.3","45.8","6.2","31.9","11.1","31.2","31.0","22.2","13.2","64.3","10.1","38.9","6.8","(X)","(X)","(X)","(X)","(X)","(X)","83.4","7.4","22.1","5.7","(X)","(X)","(X)","(X)","(X)","(X)","47.4","10.7","0.0","2.0","(X)","(X)","(X)","(X)","(X)","(X)","(X)","(X)","7.7","3.8","(X)","(X)","(X)","(X)","(X)","(X)","(X)","(X)","37.1","4.8","65.5","10.5","67.2","25.8","25.3","17.6","15.1","6.1","62.9","4.8","34.5","10.5","32.8","25.8","74.7","17.6","84.9","6.1","0.0","2.0","0.0","6.0","0.0","22.6","0.0","15.1","0.0","4.3","21.1","4.1","41.6","10.4","13.6","14.8","6.1","7.1","11.8","5.1","78.9","4.1","58.4","10.4","86.4","14.8","93.9","7.1","88.2","5.1",
"1400000US06111007100","Census Tract 71, Ventura County, California","2682","160","594","160","167","126","485","149","1436","188","2.28","0.20","3.28","0.43","2.83","0.94","3.84","0.70","1.27","0.14","1246","134","594","160","167","126","485","149","(X)","(X)","3.15","0.29","3.22","0.39","2.68","0.74","3.23","0.51","(X)","(X)","635","162","262","125","39","52","334","154","(X)","(X)","26.9","18.6","12.6","13.3","0.0","47.5","41.3","30.3","(X)","(X)","18.9","10.9","39.3","20.6","0.0","47.5","5.1","8.3","(X)","(X)","54.2","19.6","48.1","23.2","100.0","47.5","53.6","30.4","(X)","(X)","2682","160","594","160","167","126","485","149","1436","188","26.7","5.4","45.3","14.1","58.7","32.6","71.8","17.9","0.0","2.2","31.6","6.1","35.4","12.1","19.2","24.4","26.8","12.6","33.1","9.1","43.7","5.5","(X)","(X)","(X)","(X)","(X)","(X)","81.5","7.1","12.6","4.6","(X)","(X)","(X)","(X)","(X)","(X)","23.6","8.4","0.0","1.2","(X)","(X)","(X)","(X)","(X)","(X)","(X)","(X)","7.9","3.4","(X)","(X)","(X)","(X)","(X)","(X)","(X)","(X)","28.0","6.6","29.8","12.6","53.9","35.7","34.4","16.3","22.1","9.7","62.3","7.3","64.8","13.4","46.1","35.7","63.5","15.8","62.7","11.3","9.7","3.7","5.4","5.0","0.0","17.6","2.1","3.6","15.3","6.8","34.1","6.1","33.8","14.0","26.3","26.5","18.6","14.5","40.3","10.2","65.9","6.1","66.2","14.0","73.7","26.5","81.4","14.5","59.7","10.2",
"1400000US06111007201","Census Tract 72.01, Ventura County, California","1201","47","786","94","30","22","121","60","264","80","2.95","0.17","3.40","0.18","2.83","1.12","3.24","0.68","1.50","0.19","937","94","786","94","30","22","121","60","(X)","(X)","3.28","0.17","3.34","0.17","2.77","0.88","2.95","0.63","(X)","(X)","361","70","309","64","14","17","38","42","(X)","(X)","19.1","10.4","22.3","12.3","0.0","79.3","0.0","48.1","(X)","(X)","13.0","11.2","14.2","11.8","21.4","68.6","0.0","48.1","(X)","(X)","67.9","13.6","63.4","14.8","78.6","68.6","100.0","48.1","(X)","(X)","1201","47","786","94","30","22","121","60","264","80","35.3","5.8","45.0","6.3","46.7","45.0","46.3","26.6","0.0","11.6","42.6","4.7","37.3","6.6","53.3","45.0","43.0","27.9","57.2","18.6","12.5","4.9","(X)","(X)","(X)","(X)","(X)","(X)","56.8","16.0","4.3","3.1","(X)","(X)","(X)","(X)","(X)","(X)","19.7","13.6","0.0","2.7","(X)","(X)","(X)","(X)","(X)","(X)","(X)","(X)","5.9","4.2","(X)","(X)","(X)","(X)","(X)","(X)","(X)","(X)","100.0","2.7","100.0","4.0","100.0","54.1","100.0","23.3","100.0","11.6","0.0","2.7","0.0","4.0","0.0","54.1","0.0","23.3","0.0","11.6","0.0","2.7","0.0","4.0","0.0","54.1","0.0","23.3","0.0","11.6","92.2","3.9","96.6","3.3","100.0","54.1","71.9","20.4","87.5","12.6","7.8","3.9","3.4","3.3","0.0","54.1","28.1","20.4","12.5","12.6",
"1400000US06111007202","Census Tract 72.02, Ventura County, California","1587","73","965","116","35","36","170","66","417","90","2.67","0.15","3.12","0.18","2.40","0.30","3.49","0.70","1.31","0.18","1170","104","965","116","35","36","170","66","(X)","(X)","3.08","0.16","3.10","0.18","2.20","0.21","3.10","0.45","(X)","(X)","363","81","310","73","8","12","45","32","(X)","(X)","7.4","6.1","8.7","7.1","0.0","100.0","0.0","44.2","(X)","(X)","4.4","4.8","5.2","5.5","0.0","100.0","0.0","44.2","(X)","(X)","88.2","7.5","86.1","8.5","100.0","100.0","100.0","44.2","(X)","(X)","1587","73","965","116","35","36","170","66","417","90","24.5","4.7","32.1","6.4","22.9","35.7","36.5","18.1","2.2","3.2","58.7","5.9","53.1","6.9","22.9","41.0","55.9","22.9","75.8","10.4","20.5","4.8","(X)","(X)","(X)","(X)","(X)","(X)","77.9","12.9","13.7","3.8","(X)","(X)","(X)","(X)","(X)","(X)","52.3","13.1","0.5","0.7","(X)","(X)","(X)","(X)","(X)","(X)","(X)","(X)","4.2","2.7","(X)","(X)","(X)","(X)","(X)","(X)","(X)","(X)","98.3","1.9","99.2","1.2","100.0","50.1","100.0","17.3","95.4","7.1","1.7","1.9","0.8","1.2","0.0","50.1","0.0","17.3","4.6","7.1","0.0","2.0","0.0","3.3","0.0","50.1","0.0","17.3","0.0","7.5","83.2","5.0","86.0","5.8","100.0","50.1","64.7","20.5","83.0","9.3","16.8","5.0","14.0","5.8","0.0","50.1","35.3","20.5","17.0","9.3",
"1400000US06111007300","Census Tract 73, Ventura County, California","774","62","458","64","35","29","39","22","242","76","2.39","0.22","2.93","0.21","2.63","0.56","3.31","0.97","1.18","0.12","532","70","458","64","35","29","39","22","(X)","(X)","2.80","0.20","2.87","0.22","2.11","0.16","2.54","0.46","(X)","(X)","160","41","134","38","12","12","14","15","(X)","(X)","2.5","4.3","3.0","5.1","0.0","85.6","0.0","79.3","(X)","(X)","10.6","9.6","12.7","11.5","0.0","85.6","0.0","79.3","(X)","(X)","86.9","10.7","84.3","12.8","100.0","85.6","100.0","79.3","(X)","(X)","774","62","458","64","35","29","39","22","242","76","22.0","5.3","30.3","6.6","34.3","39.0","35.9","28.4","2.1","3.3","52.7","7.0","60.5","8.5","42.9","42.6","48.7","28.5","40.1","13.1","26.9","8.3","(X)","(X)","(X)","(X)","(X)","(X)","86.0","9.2","8.1","3.0","(X)","(X)","(X)","(X)","(X)","(X)","26.0","11.1","0.0","4.1","(X)","(X)","(X)","(X)","(X)","(X)","(X)","(X)","5.6","3.0","(X)","(X)","(X)","(X)","(X)","(X)","(X)","(X)","91.1","4.7","93.4","4.0","100.0","50.1","100.0","47.5","83.9","13.8","7.8","4.5","5.5","3.6","0.0","50.1","0.0","47.5","14.5","13.6","1.2","1.2","1.1","1.5","0.0","50.1","0.0","47.5","1.7","2.6","84.4","6.3","89.1","5.3","54.3","49.5","100.0","47.5","77.3","15.7","15.6","6.3","10.9","5.3","45.7","49.5","0.0","47.5","22.7","15.7",
"1400000US06111007402","Census Tract 74.02, Ventura County, California","2583","97","1628","172","57","52","64","48","834","175","2.44","0.17","3.13","0.19","2.49","0.55","2.80","0.34","1.05","0.05","1749","173","1628","172","57","52","64","48","(X)","(X)","3.10","0.18","3.13","0.19","2.49","0.55","2.80","0.34","(X)","(X)","679","153","562","154","53","48","64","48","(X)","(X)","9.9","11.4","11.9","13.6","0.0","40.7","0.0","37.0","(X)","(X)","15.2","12.4","18.3","15.1","0.0","40.7","0.0","37.0","(X)","(X)","75.0","14.5","69.8","17.3","100.0","40.7","100.0","37.0","(X)","(X)","2583","97","1628","172","57","52","64","48","834","175","27.4","5.6","36.1","7.3","100.0","39.3","100.0","37.0","0.0","3.8","50.0","6.0","56.4","7.9","31.6","42.3","0.0","37.0","42.6","12.6","31.0","6.7","(X)","(X)","(X)","(X)","(X)","(X)","96.2","4.4","9.8","3.8","(X)","(X)","(X)","(X)","(X)","(X)","30.3","10.2","0.0","1.2","(X)","(X)","(X)","(X)","(X)","(X)","(X)","(X)","0.7","1.1","(X)","(X)","(X)","(X)","(X)","(X)","(X)","(X)","82.5","5.0","94.2","6.0","100.0","39.3","76.6","39.1","58.9","10.2","17.5","5.0","5.8","6.0","0.0","39.3","23.4","39.1","41.1","10.2","0.0","1.2","0.0","2.0","0.0","39.3","0.0","37.0","0.0","3.8","82.3","6.1","87.7","7.4","100.0","39.3","23.4","39.1","75.3","10.9","17.7","6.1","12.3","7.4","0.0","39.3","76.6","39.1","24.7","10.9",
"1400000US06111007403","Census Tract 74.03, Ventura County, California","2183","81","1462","153","98","72","163","94","460","126","2.80","0.18","3.38","0.23","2.02","0.23","2.64","0.27","1.17","0.14","1723","143","1462","153","98","72","163","94","(X)","(X)","3.23","0.20","3.38","0.23","2.02","0.23","2.58","0.26","(X)","(X)","913","107","783","119","44","64","86","79","(X)","(X)","13.4","8.9","15.6","10.5","0.0","44.7","0.0","30.5","(X)","(X)","28.9","12.5","33.7","14.4","0.0","44.7","0.0","30.5","(X)","(X)","57.7","9.0","50.7","10.1","100.0","44.7","100.0","30.5","(X)","(X)","2183","81","1462","153","98","72","163","94","460","126","43.4","4.9","54.9","7.1","44.9","48.9","62.0","26.8","0.0","6.8","31.8","5.9","30.4","7.0","13.3","29.3","20.2","19.6","44.3","16.1","18.1","5.4","(X)","(X)","(X)","(X)","(X)","(X)","86.1","11.6","7.5","3.4","(X)","(X)","(X)","(X)","(X)","(X)","35.4","13.4","0.7","1.1","(X)","(X)","(X)","(X)","(X)","(X)","(X)","(X)","1.0","1.1","(X)","(X)","(X)","(X)","(X)","(X)","(X)","(X)","85.5","5.4","91.2","6.1","55.1","48.9","77.9","18.4","76.5","13.3","14.5","5.4","8.8","6.1","44.9","48.9","22.1","18.4","23.5","13.3","0.0","1.5","0.0","2.2","0.0","27.6","0.0","18.0","0.0","6.8","73.0","6.6","77.6","8.0","55.1","48.9","70.6","21.7","62.8","14.7","27.0","6.6","22.4","8.0","44.9","48.9","29.4","21.7","37.2","14.7",
"1400000US06111007405","Census Tract 74.05, Ventura County, California","2453","78","1398","210","77","74","227","97","751","163","2.64","0.20","3.32","0.24","4.14","0.99","2.82","0.45","1.16","0.13","1702","167","1398","210","77","74","227","97","(X)","(X)","3.20","0.22","3.32","0.24","2.82","0.61","2.59","0.39","(X)","(X)","972","130","717","151","77","74","178","87","(X)","(X)","8.3","5.9","8.2","6.9","28.6","32.8","0.0","16.6","(X)","(X)","20.1","11.6","27.2","13.8","0.0","32.9","0.0","16.6","(X)","(X)","71.6","11.9","64.6","13.6","71.4","32.8","100.0","16.6","(X)","(X)","2453","78","1398","210","77","74","227","97","751","163","40.9","5.3","52.2","8.5","100.0","32.9","86.8","15.2","0.0","4.2","35.3","5.9","35.8","9.2","28.6","32.8","18.1","16.5","40.5","15.5","27.3","6.2","(X)","(X)","(X)","(X)","(X)","(X)","89.2","9.2","9.3","4.5","(X)","(X)","(X)","(X)","(X)","(X)","30.5","13.7","0.4","0.7","(X)","(X)","(X)","(X)","(X)","(X)","(X)","(X)","2.7","3.0","(X)","(X)","(X)","(X)","(X)","(X)","(X)","(X)","73.8","6.9","88.1","7.4","64.9","39.6","85.0","15.6","44.9","15.4","26.2","6.9","11.9","7.4","35.1","39.6","15.0","15.6","55.1","15.4","0.0","1.3","0.0","2.3","0.0","32.9","0.0","13.3","0.0","4.2","64.5","8.1","73.5","10.5","46.8","39.7","49.3","24.1","54.1","15.1","35.5","8.1","26.5","10.5","53.2","39.7","50.7","24.1","45.9","15.1",
"1400000US06111007406","Census Tract 74.06, Ventura County, California","854","36","666","52","6","9","27","21","155","47","2.98","0.18","3.39","0.19","5.50","1.81","2.52","0.59","1.17","0.13","699","51","666","52","6","9","27","21","(X)","(X)","3.33","0.18","3.35","0.19","4.50","1.46","2.52","0.59","(X)","(X)","339","46","321","47","6","9","12","14","(X)","(X)","20.4","12.0","19.6","12.3","0.0","100.0","50.0","50.0","(X)","(X)","17.7","11.1","18.7","11.8","0.0","100.0","0.0","85.6","(X)","(X)","61.9","11.6","61.7","12.0","100.0","100.0","50.0","50.0","(X)","(X)","854","36","666","52","6","9","27","21","155","47","39.7","5.3","48.2","5.9","100.0","100.0","44.4","39.9","0.0","18.8","26.0","4.3","22.7","5.8","0.0","100.0","0.0","57.1","45.8","19.9","15.1","5.1","(X)","(X)","(X)","(X)","(X)","(X)","83.2","12.6","5.7","3.8","(X)","(X)","(X)","(X)","(X)","(X)","31.6","19.2","0.0","3.7","(X)","(X)","(X)","(X)","(X)","(X)","(X)","(X)","3.7","2.7","(X)","(X)","(X)","(X)","(X)","(X)","(X)","(X)","79.5","5.2","83.8","5.7","100.0","100.0","77.8","35.0","60.6","18.0","20.5","5.2","16.2","5.7","0.0","100.0","22.2","35.0","39.4","18.0","0.0","3.7","0.0","4.8","0.0","100.0","0.0","57.1","0.0","18.8","75.9","4.5","79.1","5.5","100.0","100.0","77.8","35.0","60.6","18.0","24.1","4.5","20.9","5.5","0.0","100.0","22.2","35.0","39.4","18.0",
"1400000US06111007505","Census Tract 75.05, Ventura County, California","1136","25","635","94","38","41","189","108","274","77","2.92","0.26","3.22","0.32","2.79","0.64","4.55","0.92","1.14","0.14","862","77","635","94","38","41","189","108","(X)","(X)","3.42","0.23","3.22","0.32","2.79","0.64","4.23","0.82","(X)","(X)","293","62","211","67","0","12","82","72","(X)","(X)","18.1","12.6","18.5","13.3","-","**","17.1","24.4","(X)","(X)","30.4","20.0","36.5","21.2","-","**","14.6","22.7","(X)","(X)","51.5","17.6","45.0","18.9","-","**","68.3","28.4","(X)","(X)","1136","25","635","94","38","41","189","108","274","77","28.9","5.0","34.3","9.4","47.4","51.2","48.7","25.0","0.0","11.2","44.5","7.1","31.0","10.2","52.6","51.2","64.0","26.0","61.3","16.1","21.7","6.7","(X)","(X)","(X)","(X)","(X)","(X)","90.1","10.6","11.2","5.1","(X)","(X)","(X)","(X)","(X)","(X)","46.4","17.6","0.0","2.8","(X)","(X)","(X)","(X)","(X)","(X)","(X)","(X)","0.0","2.8","(X)","(X)","(X)","(X)","(X)","(X)","(X)","(X)","90.5","4.3","100.0","5.0","100.0","48.1","79.9","19.4","74.5","14.7","9.5","4.3","0.0","5.0","0.0","48.1","20.1","19.4","25.5","14.7","0.0","2.8","0.0","5.0","0.0","48.1","0.0","15.7","0.0","11.2","82.4","6.8","89.9","6.8","100.0","48.1","63.0","26.6","75.9","16.1","17.6","6.8","10.1","6.8","0.0","48.1","37.0","26.6","24.1","16.1",
"1400000US06111007506","Census Tract 75.06, Ventura County, California","2485","62","1824","153","36","40","181","101","444","147","2.96","0.19","3.33","0.19","2.97","0.95","3.52","0.59","1.20","0.18","2041","140","1824","153","36","40","181","101","(X)","(X)","3.30","0.17","3.31","0.18","2.97","0.95","3.31","0.45","(X)","(X)","821","95","779","107","0","17","42","44","(X)","(X)","14.4","10.4","15.1","10.9","-","**","0.0","45.8","(X)","(X)","11.3","8.7","11.9","9.1","-","**","0.0","45.8","(X)","(X)","74.3","14.0","72.9","14.5","-","**","100.0","45.8","(X)","(X)","2485","62","1824","153","36","40","181","101","444","147","37.2","4.2","46.5","6.2","0.0","49.4","32.0","25.6","4.1","6.1","43.5","5.3","42.2","6.5","47.2","52.8","44.8","27.8","48.2","20.9","15.6","5.5","(X)","(X)","(X)","(X)","(X)","(X)","87.2","12.1","6.3","3.0","(X)","(X)","(X)","(X)","(X)","(X)","35.4","17.8","0.0","1.3","(X)","(X)","(X)","(X)","(X)","(X)","(X)","(X)","1.4","1.4","(X)","(X)","(X)","(X)","(X)","(X)","(X)","(X)","98.3","1.6","100.0","1.8","100.0","49.4","93.4","11.9","93.0","8.2","1.2","1.4","0.0","1.8","0.0","49.4","6.6","11.9","4.3","6.4","0.5","0.8","0.0","1.8","0.0","49.4","0.0","16.4","2.7","4.8","89.0","5.2","89.7","5.9","100.0","49.4","75.7","21.2","90.8","14.0","11.0","5.2","10.3","5.9","0.0","49.4","24.3","21.2","9.2","14.0",
"1400000US06111007507","Census Tract 75.07, Ventura County, California","2353","62","1765","148","47","65","244","141","297","98","2.99","0.19","3.21","0.19","4.53","0.31","3.43","0.66","1.10","0.08","2056","113","1765","148","47","65","244","141","(X)","(X)","3.20","0.20","3.20","0.19","3.30","0.20","3.17","0.76","(X)","(X)","811","140","753","142","0","17","58","66","(X)","(X)","14.5","7.8","15.7","8.2","-","**","0.0","38.9","(X)","(X)","17.6","9.1","19.0","9.7","-","**","0.0","38.9","(X)","(X)","67.8","11.2","65.3","11.7","-","**","100.0","38.9","(X)","(X)","2353","62","1765","148","47","65","244","141","297","98","42.2","6.0","44.7","6.5","100.0","43.3","64.3","28.0","0.0","10.4","42.4","5.2","39.4","6.2","0.0","43.3","46.3","30.1","63.6","17.4","11.4","4.1","(X)","(X)","(X)","(X)","(X)","(X)","90.2","8.6","6.8","3.2","(X)","(X)","(X)","(X)","(X)","(X)","53.9","18.4","0.0","1.4","(X)","(X)","(X)","(X)","(X)","(X)","(X)","(X)","3.1","2.8","(X)","(X)","(X)","(X)","(X)","(X)","(X)","(X)","96.9","2.1","97.4","2.5","100.0","43.3","94.7","9.6","95.3","7.3","2.3","2.0","1.6","2.0","0.0","43.3","5.3","9.6","4.7","7.3","0.8","1.1","1.0","1.5","0.0","43.3","0.0","12.5","0.0","10.4","95.5","2.5","94.8","3.1","100.0","43.3","94.7","9.6","100.0","10.4","4.5","2.5","5.2","3.1","0.0","43.3","5.3","9.6","0.0","10.4",
"1400000US06111007508","Census Tract 75.08, Ventura County, California","1438","65","592","87","108","65","241","83","497","95","2.51","0.19","3.12","0.30","3.36","0.55","3.15","0.42","1.30","0.15","941","95","592","87","108","65","241","83","(X)","(X)","2.97","0.20","3.06","0.28","2.73","0.36","2.86","0.38","(X)","(X)","351","73","191","53","68","56","92","46","(X)","(X)","11.4","8.4","7.3","8.1","25.0","35.2","9.8","15.8","(X)","(X)","21.9","15.1","12.6","14.1","51.5","48.6","19.6","22.6","(X)","(X)","66.7","16.1","80.1","16.8","23.5","30.1","70.7","23.9","(X)","(X)","1438","65","592","87","108","65","241","83","497","95","29.8","5.7","37.5","9.2","63.0","31.5","57.3","16.7","0.0","6.3","41.0","6.3","42.4","8.7","37.0","31.5","40.7","19.3","40.2","13.8","26.9","5.9","(X)","(X)","(X)","(X)","(X)","(X)","77.9","10.6","6.3","2.7","(X)","(X)","(X)","(X)","(X)","(X)","18.1","7.7","0.0","2.2","(X)","(X)","(X)","(X)","(X)","(X)","(X)","(X)","12.6","5.9","(X)","(X)","(X)","(X)","(X)","(X)","(X)","(X)","86.5","6.5","97.0","4.6","100.0","25.5","63.1","22.2","82.5","12.5","13.5","6.5","3.0","4.6","0.0","25.5","36.9","22.2","17.5","12.5","0.0","2.2","0.0","5.3","0.0","25.5","0.0","12.6","0.0","6.3","72.6","7.4","84.5","9.7","90.7","16.4","47.3","20.4","66.8","14.1","27.4","7.4","15.5","9.7","9.3","16.4","52.7","20.4","33.2","14.1",
"1400000US06111007509","Census Tract 75.09, Ventura County, California","1516","69","854","106","68","38","169","102","425","122","3.01","0.34","3.64","0.33","2.34","0.19","4.13","1.48","1.40","0.21","1091","121","854","106","68","38","169","102","(X)","(X)","3.58","0.32","3.64","0.33","2.34","0.19","3.74","1.22","(X)","(X)","531","108","384","78","28","25","119","96","(X)","(X)","10.2","6.2","11.2","7.5","0.0","56.0","9.2","17.5","(X)","(X)","6.0","5.1","8.3","7.0","0.0","56.0","0.0","23.6","(X)","(X)","83.8","7.5","80.5","9.4","100.0","56.0","90.8","17.5","(X)","(X)","1516","69","854","106","68","38","169","102","425","122","36.9","7.2","48.2","8.5","41.2","28.7","70.4","23.0","0.0","7.4","31.6","5.2","29.6","5.7","61.8","26.4","24.3","19.6","33.6","14.8","19.7","7.3","(X)","(X)","(X)","(X)","(X)","(X)","70.1","14.2","7.6","4.6","(X)","(X)","(X)","(X)","(X)","(X)","27.1","14.6","2.9","3.7","(X)","(X)","(X)","(X)","(X)","(X)","(X)","(X)","5.9","4.0","(X)","(X)","(X)","(X)","(X)","(X)","(X)","(X)","69.1","5.9","82.6","7.7","76.5","24.9","61.5","24.8","44.0","17.2","30.9","5.9","17.4","7.7","23.5","24.9","38.5","24.8","56.0","17.2","0.0","2.1","0.0","3.7","0.0","35.7","0.0","17.4","0.0","7.4","55.9","6.6","67.9","9.6","61.8","28.7","52.7","23.8","32.2","13.8","44.1","6.6","32.1","9.6","38.2","28.7","47.3","23.8","67.8","13.8",
"1400000US06111007510","Census Tract 75.10, Ventura County, California","2030","101","1710","131","56","47","42","42","222","101","3.02","0.17","3.28","0.16","2.66","0.86","2.48","0.50","1.14","0.15","1808","125","1710","131","56","47","42","42","(X)","(X)","3.22","0.15","3.25","0.15","2.66","0.86","2.48","0.50","(X)","(X)","875","144","844","140","31","37","0","17","(X)","(X)","13.6","7.1","12.0","6.4","58.1","58.1","-","**","(X)","(X)","19.2","8.7","19.9","9.1","0.0","53.3","-","**","(X)","(X)","67.2","9.2","68.1","8.9","41.9","58.1","-","**","(X)","(X)","2030","101","1710","131","56","47","42","42","222","101","44.6","6.3","51.1","6.5","55.4","43.0","0.0","45.8","0.0","13.6","40.8","6.9","44.9","7.6","0.0","39.6","42.9","53.4","19.4","18.4","9.5","4.6","(X)","(X)","(X)","(X)","(X)","(X)","86.9","15.4","0.7","1.2","(X)","(X)","(X)","(X)","(X)","(X)","6.8","11.3","0.0","1.6","(X)","(X)","(X)","(X)","(X)","(X)","(X)","(X)","1.4","1.7","(X)","(X)","(X)","(X)","(X)","(X)","(X)","(X)","99.5","0.9","99.4","1.1","100.0","39.6","100.0","45.8","100.0","13.6","0.5","0.9","0.6","1.1","0.0","39.6","0.0","45.8","0.0","13.6","0.0","1.6","0.0","1.9","0.0","39.6","0.0","45.8","0.0","13.6","92.4","4.2","93.7","3.4","100.0","39.6","64.3","50.4","86.0","21.6","7.6","4.2","6.3","3.4","0.0","39.6","35.7","50.4","14.0","21.6",
"1400000US06111007511","Census Tract 75.11, Ventura County, California","829","42","571","59","38","27","87","39","133","43","2.90","0.16","3.09","0.20","3.53","1.28","3.11","0.70","1.74","0.68","696","55","571","59","38","27","87","39","(X)","(X)","2.98","0.16","3.00","0.18","3.00","0.84","2.85","0.57","(X)","(X)","240","43","188","45","21","23","31","25","(X)","(X)","20.0","12.6","22.3","15.6","28.6","47.3","0.0","53.3","(X)","(X)","12.1","9.4","10.6","9.1","0.0","64.7","29.0","40.5","(X)","(X)","67.9","11.8","67.0","13.4","71.4","47.3","71.0","40.5","(X)","(X)","829","42","571","59","38","27","87","39","133","43","35.5","5.7","37.5","7.7","55.3","42.1","48.3","24.7","12.8","15.5","45.7","5.7","49.7","7.8","21.1","30.3","47.1","21.4","34.6","16.2","11.2","4.3","(X)","(X)","(X)","(X)","(X)","(X)","69.9","16.8","1.7","1.5","(X)","(X)","(X)","(X)","(X)","(X)","10.5","9.3","0.6","0.8","(X)","(X)","(X)","(X)","(X)","(X)","(X)","(X)","7.0","3.9","(X)","(X)","(X)","(X)","(X)","(X)","(X)","(X)","97.9","1.9","99.6","0.6","100.0","48.1","100.0","30.2","88.7","10.8","0.8","1.0","0.4","0.6","0.0","48.1","0.0","30.2","3.8","5.0","1.2","1.6","0.0","5.5","0.0","48.1","0.0","30.2","7.5","9.5","89.4","5.0","93.5","6.4","84.2","22.9","94.3","8.2","69.9","13.6","10.6","5.0","6.5","6.4","15.8","22.9","5.7","8.2","30.1","13.6",
"1400000US06111007512","Census Tract 75.12, Ventura County, California","1758","88","1092","114","108","69","216","73","342","104","3.04","0.18","3.39","0.20","4.08","0.65","3.46","0.85","1.32","0.18","1416","115","1092","114","108","69","216","73","(X)","(X)","3.32","0.18","3.36","0.20","3.48","0.62","3.07","0.51","(X)","(X)","566","91","399","77","49","45","118","56","(X)","(X)","18.9","9.0","16.5","9.3","0.0","42.4","34.7","37.6","(X)","(X)","9.0","5.5","8.8","6.8","32.7","43.3","0.0","23.7","(X)","(X)","72.1","9.0","74.7","9.6","67.3","43.3","65.3","37.6","(X)","(X)","1758","88","1092","114","108","69","216","73","342","104","32.8","4.9","36.5","5.8","55.6","21.9","54.6","17.4","0.0","9.1","24.2","4.2","27.8","5.7","46.3","23.7","17.6","12.4","9.6","8.4","12.7","4.5","(X)","(X)","(X)","(X)","(X)","(X)","65.2","19.9","0.9","0.9","(X)","(X)","(X)","(X)","(X)","(X)","4.4","4.8","0.0","1.8","(X)","(X)","(X)","(X)","(X)","(X)","(X)","(X)","10.6","5.1","(X)","(X)","(X)","(X)","(X)","(X)","(X)","(X)","84.2","3.7","92.5","3.9","77.8","29.1","64.4","20.4","72.5","14.7","13.3","3.2","4.5","2.6","22.2","29.1","35.6","20.4","24.3","12.1","2.5","2.3","3.0","3.3","0.0","25.5","0.0","13.9","3.2","5.6","75.5","4.6","87.9","4.8","69.4","27.1","43.5","22.2","58.2","16.2","24.5","4.6","12.1","4.8","30.6","27.1","56.5","22.2","41.8","16.2",
"1400000US06111007513","Census Tract 75.13, Ventura County, California","514","40","397","42","0","12","32","22","85","36","3.12","0.36","3.50","0.44","-","**","3.56","0.98","1.20","0.19","429","42","397","42","0","12","32","22","(X)","(X)","3.34","0.38","3.37","0.40","-","**","2.97","0.46","(X)","(X)","145","41","145","41","0","12","0","12","(X)","(X)","24.1","15.8","24.1","15.8","-","**","-","**","(X)","(X)","13.8","14.0","13.8","14.0","-","**","-","**","(X)","(X)","62.1","17.0","62.1","17.0","-","**","-","**","(X)","(X)","514","40","397","42","0","12","32","22","85","36","32.7","8.2","41.1","10.0","-","**","15.6","23.5","0.0","30.7","47.9","8.0","40.8","9.9","-","**","84.4","24.0","67.1","19.1","13.6","6.1","(X)","(X)","(X)","(X)","(X)","(X)","82.4","17.3","4.1","3.6","(X)","(X)","(X)","(X)","(X)","(X)","24.7","17.9","0.0","6.1","(X)","(X)","(X)","(X)","(X)","(X)","(X)","(X)","2.3","2.8","(X)","(X)","(X)","(X)","(X)","(X)","(X)","(X)","98.8","1.9","100.0","7.9","-","**","100.0","52.4","92.9","10.5","0.0","6.1","0.0","7.9","-","**","0.0","52.4","0.0","30.7","1.2","1.9","0.0","7.9","-","**","0.0","52.4","7.1","10.5","93.6","4.4","95.7","5.8","-","**","100.0","52.4","81.2","18.5","6.4","4.4","4.3","5.8","-","**","0.0","52.4","18.8","18.5",
"1400000US06111007514","Census Tract 75.14, Ventura County, California","2894","162","1344","177","74","75","298","122","1178","189","2.22","0.12","2.98","0.20","2.62","0.86","2.81","0.57","1.16","0.09","1716","176","1344","177","74","75","298","122","(X)","(X)","2.92","0.18","2.98","0.20","2.62","0.86","2.72","0.53","(X)","(X)","521","108","397","82","32","36","92","88","(X)","(X)","7.3","10.4","0.8","2.8","0.0","52.4","38.0","48.0","(X)","(X)","21.9","12.2","23.2","13.7","0.0","52.4","23.9","32.8","(X)","(X)","70.8","13.6","76.1","13.7","100.0","52.4","38.0","38.1","(X)","(X)","2894","162","1344","177","74","75","298","122","1178","189","21.0","4.6","33.0","7.7","43.2","55.5","44.6","27.4","0.0","2.7","45.4","5.4","35.6","10.0","56.8","55.5","25.8","19.1","60.7","9.3","34.2","5.6","(X)","(X)","(X)","(X)","(X)","(X)","84.0","8.6","22.0","5.4","(X)","(X)","(X)","(X)","(X)","(X)","54.2","10.4","0.5","0.8","(X)","(X)","(X)","(X)","(X)","(X)","(X)","(X)","6.3","4.2","(X)","(X)","(X)","(X)","(X)","(X)","(X)","(X)","58.3","5.8","77.3","7.0","100.0","33.8","66.4","24.2","32.0","9.4","41.2","5.9","22.7","7.0","0.0","33.8","33.6","24.2","66.7","9.6","0.5","0.8","0.0","2.4","0.0","33.8","0.0","10.3","1.3","2.0","51.7","5.5","69.6","9.0","100.0","33.8","33.2","22.5","33.0","9.9","48.3","5.5","30.4","9.0","0.0","33.8","66.8","22.5","67.0","9.9",
"1400000US06111007606","Census Tract 76.06, Ventura County, California","431","29","360","42","14","15","34","27","23","18","3.81","0.30","4.12","0.37","2.14","0.82","2.74","0.74","1.65","0.49","408","32","360","42","14","15","34","27","(X)","(X)","3.90","0.30","4.10","0.37","2.14","0.82","2.50","0.48","(X)","(X)","195","40","180","37","5","7","10","12","(X)","(X)","2.1","3.1","0.0","16.5","0.0","100.0","40.0","55.6","(X)","(X)","23.1","16.9","25.0","18.3","0.0","100.0","0.0","93.8","(X)","(X)","74.9","17.1","75.0","18.3","100.0","100.0","60.0","55.6","(X)","(X)","431","29","360","42","14","15","34","27","23","18","46.6","8.6","51.7","9.8","35.7","54.2","29.4","33.8","0.0","61.8","47.1","9.3","47.5","11.0","64.3","54.2","23.5","27.8","65.2","35.8","2.6","2.6","(X)","(X)","(X)","(X)","(X)","(X)","47.8","35.4","0.0","7.3","(X)","(X)","(X)","(X)","(X)","(X)","0.0","61.8","0.0","7.3","(X)","(X)","(X)","(X)","(X)","(X)","(X)","(X)","3.0","2.7","(X)","(X)","(X)","(X)","(X)","(X)","(X)","(X)","100.0","7.3","100.0","8.6","100.0","79.3","100.0","50.9","100.0","61.8","0.0","7.3","0.0","8.6","0.0","79.3","0.0","50.9","0.0","61.8","0.0","7.3","0.0","8.6","0.0","79.3","0.0","50.9","0.0","61.8","90.7","7.1","90.8","7.8","100.0","79.3","88.2","20.3","87.0","27.0","9.3","7.1","9.2","7.8","0.0","79.3","11.8","20.3","13.0","27.0",
"1400000US06111007607","Census Tract 76.07, Ventura County, California","1984","97","1694","134","63","60","50","48","177","72","3.15","0.17","3.38","0.18","2.71","0.98","3.18","1.36","1.08","0.12","1807","111","1694","134","63","60","50","48","(X)","(X)","3.28","0.17","3.34","0.17","2.54","0.63","2.22","0.15","(X)","(X)","612","138","591","142","11","18","10","17","(X)","(X)","17.0","13.0","15.7","13.2","100.0","89.4","0.0","93.8","(X)","(X)","10.3","8.6","10.7","9.0","0.0","89.4","0.0","93.8","(X)","(X)","72.7","15.5","73.6","15.9","0.0","89.4","100.0","93.8","(X)","(X)","1984","97","1694","134","63","60","50","48","177","72","30.8","6.7","34.9","7.4","17.5","33.8","20.0","36.4","0.0","16.7","38.5","5.5","37.6","6.4","27.0","41.9","46.0","53.1","49.2","24.0","8.3","3.5","(X)","(X)","(X)","(X)","(X)","(X)","92.7","12.1","3.7","2.9","(X)","(X)","(X)","(X)","(X)","(X)","41.8","25.8","0.0","1.6","(X)","(X)","(X)","(X)","(X)","(X)","(X)","(X)","1.2","1.4","(X)","(X)","(X)","(X)","(X)","(X)","(X)","(X)","99.3","1.1","100.0","1.9","100.0","37.3","100.0","41.9","92.7","11.6","0.7","1.1","0.0","1.9","0.0","37.3","0.0","41.9","7.3","11.6","0.0","1.6","0.0","1.9","0.0","37.3","0.0","41.9","0.0","16.7","89.3","4.1","89.5","4.6","100.0","37.3","80.0","36.4","85.9","16.3","10.7","4.1","10.5","4.6","0.0","37.3","20.0","36.4","14.1","16.3",
"1400000US06111007609","Census Tract 76.09, Ventura County, California","821","33","667","53","30","17","41","22","83","40","3.31","0.18","3.54","0.17","3.67","1.12","3.24","0.71","1.36","0.38","738","47","667","53","30","17","41","22","(X)","(X)","3.44","0.17","3.51","0.18","3.23","0.59","2.39","0.41","(X)","(X)","305","30","274","31","9","7","22","16","(X)","(X)","14.8","8.6","16.4","9.5","0.0","98.9","0.0","63.2","(X)","(X)","15.7","8.1","14.2","8.2","0.0","98.9","40.9","37.2","(X)","(X)","69.5","9.4","69.3","10.6","100.0","98.9","59.1","37.2","(X)","(X)","821","33","667","53","30","17","41","22","83","40","39.6","3.8","44.1","5.1","30.0","21.5","53.7","29.1","0.0","31.3","33.4","4.5","31.3","6.0","33.3","39.4","26.8","24.3","53.0","20.3","8.3","4.5","(X)","(X)","(X)","(X)","(X)","(X)","81.9","15.4","2.3","2.0","(X)","(X)","(X)","(X)","(X)","(X)","22.9","19.1","0.0","3.9","(X)","(X)","(X)","(X)","(X)","(X)","(X)","(X)","2.6","2.2","(X)","(X)","(X)","(X)","(X)","(X)","(X)","(X)","99.3","1.2","100.0","4.8","100.0","54.1","100.0","46.3","92.8","11.8","0.0","3.9","0.0","4.8","0.0","54.1","0.0","46.3","0.0","31.3","0.7","1.2","0.0","4.8","0.0","54.1","0.0","46.3","7.2","11.8","89.9","4.9","92.1","5.0","83.3","21.1","90.2","14.6","74.7","21.4","10.1","4.9","7.9","5.0","16.7","21.1","9.8","14.6","25.3","21.4",
"1400000US06111007610","Census Tract 76.10, Ventura County, California","1764","67","1290","124","105","63","96","52","273","84","2.98","0.13","3.40","0.15","3.00","0.55","2.65","0.34","1.13","0.11","1491","90","1290","124","105","63","96","52","(X)","(X)","3.27","0.13","3.37","0.14","2.57","0.42","2.65","0.34","(X)","(X)","619","80","555","75","54","49","10","16","(X)","(X)","9.2","5.9","10.3","6.3","0.0","40.4","0.0","93.8","(X)","(X)","22.0","10.3","24.5","11.1","0.0","40.4","0.0","93.8","(X)","(X)","68.8","11.1","65.2","11.4","100.0","40.4","100.0","93.8","(X)","(X)","1764","67","1290","124","105","63","96","52","273","84","38.9","4.6","46.8","5.4","61.9","25.1","17.7","23.0","0.0","11.2","35.3","5.3","33.0","4.2","31.4","25.0","42.7","24.9","45.1","17.8","13.5","4.4","(X)","(X)","(X)","(X)","(X)","(X)","87.2","9.6","3.9","2.2","(X)","(X)","(X)","(X)","(X)","(X)","25.3","14.5","0.0","1.8","(X)","(X)","(X)","(X)","(X)","(X)","(X)","(X)","3.5","2.9","(X)","(X)","(X)","(X)","(X)","(X)","(X)","(X)","97.6","2.9","96.7","3.8","100.0","26.1","100.0","28.0","100.0","11.2","2.4","2.9","3.3","3.8","0.0","26.1","0.0","28.0","0.0","11.2","0.0","1.8","0.0","2.5","0.0","26.1","0.0","28.0","0.0","11.2","84.7","4.7","87.4","4.7","73.3","25.3","77.1","25.2","79.1","18.8","15.3","4.7","12.6","4.7","26.7","25.3","22.9","25.2","20.9","18.8",
"1400000US06111007611","Census Tract 76.11, Ventura County, California","910","49","578","79","64","41","150","63","118","49","4.55","0.45","5.32","0.57","4.09","0.66","4.20","1.07","1.50","0.43","792","65","578","79","64","41","150","63","(X)","(X)","4.83","0.48","5.22","0.56","4.09","0.66","3.63","0.87","(X)","(X)","406","81","341","85","0","12","65","41","(X)","(X)","20.2","13.7","24.0","15.5","-","**","0.0","36.7","(X)","(X)","24.4","11.3","19.1","11.1","-","**","52.3","48.6","(X)","(X)","55.4","13.3","56.9","14.7","-","**","47.7","48.6","(X)","(X)","910","49","578","79","64","41","150","63","118","49","53.0","9.7","67.0","10.6","46.9","38.5","43.3","23.7","0.0","23.7","26.7","7.7","28.2","9.2","34.4","32.8","10.0","10.8","36.4","21.7","8.8","4.7","(X)","(X)","(X)","(X)","(X)","(X)","67.8","27.8","3.5","3.1","(X)","(X)","(X)","(X)","(X)","(X)","27.1","20.6","0.0","3.5","(X)","(X)","(X)","(X)","(X)","(X)","(X)","(X)","5.2","4.8","(X)","(X)","(X)","(X)","(X)","(X)","(X)","(X)","67.8","7.2","70.9","10.7","81.3","27.6","58.7","21.0","56.8","19.9","32.2","7.2","29.1","10.7","18.8","27.6","41.3","21.0","43.2","19.9","0.0","3.5","0.0","5.5","0.0","37.0","0.0","19.3","0.0","23.7","37.0","8.4","41.0","9.2","57.8","35.1","26.7","20.8","19.5","15.6","63.0","8.4","59.0","9.2","42.2","35.1","73.3","20.8","80.5","15.6",
"1400000US06111007612","Census Tract 76.12, Ventura County, California","1693","84","874","140","75","70","249","88","495","133","3.03","0.26","3.86","0.32","2.72","0.44","3.70","0.98","1.26","0.25","1198","126","874","140","75","70","249","88","(X)","(X)","3.62","0.21","3.73","0.29","2.72","0.44","3.53","0.96","(X)","(X)","647","129","415","115","32","50","200","89","(X)","(X)","19.0","9.8","18.1","12.1","0.0","52.4","24.0","20.7","(X)","(X)","23.5","11.7","29.9","15.0","0.0","52.4","14.0","21.0","(X)","(X)","57.5","13.3","52.0","16.8","100.0","52.4","62.0","22.4","(X)","(X)","1693","84","874","140","75","70","249","88","495","133","39.3","7.6","49.7","9.5","42.7","54.3","80.3","14.0","0.0","6.4","35.1","5.2","36.5","7.9","57.3","54.3","8.8","8.9","42.6","12.7","24.7","7.7","(X)","(X)","(X)","(X)","(X)","(X)","84.4","11.2","9.6","3.8","(X)","(X)","(X)","(X)","(X)","(X)","32.9","11.1","0.0","1.9","(X)","(X)","(X)","(X)","(X)","(X)","(X)","(X)","4.1","2.8","(X)","(X)","(X)","(X)","(X)","(X)","(X)","(X)","46.2","5.9","53.8","7.3","8.0","21.1","26.9","17.1","48.3","14.7","53.8","5.9","46.2","7.3","92.0","21.1","73.1","17.1","51.7","14.7","0.0","1.9","0.0","3.6","0.0","33.5","0.0","12.2","0.0","6.4","34.7","5.1","44.9","8.2","8.0","21.1","5.2","6.1","35.8","14.2","65.3","5.1","55.1","8.2","92.0","21.1","94.8","6.1","64.2","14.2",
"1400000US06111007613","Census Tract 76.13, Ventura County, California","1214","92","965","94","30","30","27","24","192","84","3.32","0.22","3.63","0.24","3.27","1.97","3.41","1.16","1.77","0.34","1022","98","965","94","30","30","27","24","(X)","(X)","3.56","0.22","3.60","0.22","2.77","1.05","3.04","0.82","(X)","(X)","487","87","470","87","0","12","17","17","(X)","(X)","12.7","8.6","13.2","8.9","-","**","0.0","71.9","(X)","(X)","15.8","9.7","14.9","10.0","-","**","41.2","47.6","(X)","(X)","71.5","12.1","71.9","12.6","-","**","58.8","47.6","(X)","(X)","1214","92","965","94","30","30","27","24","192","84","43.3","7.0","52.7","6.8","0.0","54.1","63.0","43.3","0.0","15.5","33.3","5.3","30.2","6.7","100.0","54.1","37.0","43.3","38.0","23.9","6.6","3.8","(X)","(X)","(X)","(X)","(X)","(X)","41.7","25.1","4.0","3.3","(X)","(X)","(X)","(X)","(X)","(X)","25.0","22.1","0.0","2.6","(X)","(X)","(X)","(X)","(X)","(X)","(X)","(X)","3.9","2.5","(X)","(X)","(X)","(X)","(X)","(X)","(X)","(X)","93.7","5.2","100.0","3.3","100.0","54.1","100.0","57.1","59.9","26.5","6.3","5.2","0.0","3.3","0.0","54.1","0.0","57.1","40.1","26.5","0.0","2.6","0.0","3.3","0.0","54.1","0.0","57.1","0.0","15.5","85.3","7.2","92.0","5.6","100.0","54.1","74.1","35.6","50.5","25.7","14.7","7.2","8.0","5.6","0.0","54.1","25.9","35.6","49.5","25.7",
"1400000US06111007614","Census Tract 76.14, Ventura County, California","2422","99","1599","227","163","107","248","130","412","139","3.18","0.21","3.54","0.31","3.93","0.50","3.40","0.71","1.38","0.31","2010","143","1599","227","163","107","248","130","(X)","(X)","3.46","0.25","3.54","0.31","3.13","0.59","3.12","0.70","(X)","(X)","794","132","646","164","105","93","43","50","(X)","(X)","21.3","14.8","13.0","10.4","81.0","38.0","0.0","45.2","(X)","(X)","13.1","10.5","16.1","12.4","0.0","26.1","0.0","45.2","(X)","(X)","65.6","15.9","70.9","14.6","19.0","38.0","100.0","45.2","(X)","(X)","2422","99","1599","227","163","107","248","130","412","139","36.7","5.5","44.0","8.2","64.4","29.6","32.7","26.8","0.0","7.6","30.5","4.4","30.6","7.0","12.3","24.0","32.7","27.0","36.2","18.6","14.4","5.2","(X)","(X)","(X)","(X)","(X)","(X)","84.5","13.9","5.7","3.6","(X)","(X)","(X)","(X)","(X)","(X)","33.7","18.0","0.0","1.3","(X)","(X)","(X)","(X)","(X)","(X)","(X)","(X)","4.0","3.8","(X)","(X)","(X)","(X)","(X)","(X)","(X)","(X)","85.6","5.2","89.6","6.1","100.0","18.0","71.8","24.4","72.6","14.6","6.1","3.5","5.3","5.2","0.0","18.0","0.0","12.3","15.0","10.4","8.3","3.6","5.1","3.3","0.0","18.0","28.2","24.4","12.4","12.7","77.6","7.0","77.7","9.1","95.7","10.4","73.0","25.7","72.6","17.4","22.4","7.0","22.3","9.1","4.3","10.4","27.0","25.7","27.4","17.4",
"1400000US06111007700","Census Tract 77, Ventura County, California","2018","76","1066","139","145","95","226","90","581","109","3.02","0.21","3.61","0.25","3.86","0.84","3.90","0.63","1.39","0.32","1437","120","1066","139","145","95","226","90","(X)","(X)","3.55","0.20","3.58","0.25","3.50","0.90","3.46","0.51","(X)","(X)","691","89","515","84","46","42","130","71","(X)","(X)","27.1","10.2","34.6","12.6","0.0","43.7","6.9","12.1","(X)","(X)","23.0","10.9","23.9","11.6","26.1","43.7","18.5","25.1","(X)","(X)","49.9","12.1","41.6","11.6","73.9","43.7","74.6","28.4","(X)","(X)","2018","76","1066","139","145","95","226","90","581","109","38.3","4.9","50.4","6.4","51.7","32.7","66.8","19.4","1.5","2.5","36.6","4.6","38.0","6.8","5.5","8.6","24.3","14.7","46.6","11.1","23.9","5.2","(X)","(X)","(X)","(X)","(X)","(X)","83.0","9.4","8.1","3.3","(X)","(X)","(X)","(X)","(X)","(X)","28.1","10.2","0.4","0.7","(X)","(X)","(X)","(X)","(X)","(X)","(X)","(X)","10.0","5.3","(X)","(X)","(X)","(X)","(X)","(X)","(X)","(X)","76.4","4.8","86.7","6.2","86.9","23.1","74.3","18.4","55.8","12.4","14.5","3.9","6.4","4.2","13.1","23.1","21.2","17.2","27.2","10.7","9.1","3.0","6.9","4.1","0.0","19.9","4.4","7.1","17.0","7.8","65.7","5.8","69.8","9.9","64.1","32.7","37.6","17.7","69.5","10.3","34.3","5.8","30.2","9.9","35.9","32.7","62.4","17.7","30.5","10.3",
"1400000US06111007800","Census Tract 78, Ventura County, California","1418","94","596","129","138","80","288","100","396","106","2.99","0.25","3.69","0.30","2.50","0.26","4.23","0.84","1.19","0.16","1022","121","596","129","138","80","288","100","(X)","(X)","3.57","0.30","3.61","0.30","2.44","0.25","4.03","0.86","(X)","(X)","566","131","328","108","42","44","196","83","(X)","(X)","42.0","15.9","55.2","20.1","19.0","30.8","25.0","19.0","(X)","(X)","18.4","12.2","23.8","19.1","0.0","45.8","13.3","16.1","(X)","(X)","39.6","15.3","21.0","14.4","81.0","30.8","61.7","23.1","(X)","(X)","1418","94","596","129","138","80","288","100","396","106","44.7","7.9","64.9","11.1","30.4","26.7","68.1","18.1","2.3","3.9","30.8","5.4","26.5","9.3","3.6","6.0","13.9","12.9","59.1","12.5","24.6","6.4","(X)","(X)","(X)","(X)","(X)","(X)","88.1","9.1","10.9","4.3","(X)","(X)","(X)","(X)","(X)","(X)","38.9","14.1","0.0","2.3","(X)","(X)","(X)","(X)","(X)","(X)","(X)","(X)","5.1","3.3","(X)","(X)","(X)","(X)","(X)","(X)","(X)","(X)","41.7","7.8","63.9","13.3","47.8","28.4","27.1","17.9","16.7","9.8","58.3","7.8","36.1","13.3","52.2","28.4","72.9","17.9","83.3","9.8","0.0","2.3","0.0","5.3","0.0","20.8","0.0","10.7","0.0","7.9","34.3","6.9","56.9","13.6","31.9","25.1","10.8","10.9","18.4","9.7","65.7","6.9","43.1","13.6","68.1","25.1","89.2","10.9","81.6","9.7",
"1400000US06111007901","Census Tract 79.01, Ventura County, California","1729","45","946","125","129","77","161","69","493","94","3.13","0.24","3.81","0.36","4.68","1.87","3.52","0.60","1.29","0.15","1236","104","946","125","129","77","161","69","(X)","(X)","3.78","0.30","3.77","0.36","4.29","1.92","3.42","0.59","(X)","(X)","647","104","511","106","59","51","77","56","(X)","(X)","32.0","12.8","38.0","14.9","0.0","38.6","16.9","21.6","(X)","(X)","13.4","7.2","15.5","8.9","13.6","26.4","0.0","32.9","(X)","(X)","54.6","12.4","46.6","13.8","86.4","26.4","83.1","21.6","(X)","(X)","1729","45","946","125","129","77","161","69","493","94","44.0","5.6","59.7","8.5","74.4","19.5","61.5","23.0","0.0","6.4","26.6","5.6","18.9","6.8","42.6","27.5","31.1","16.2","35.7","11.9","21.3","4.9","(X)","(X)","(X)","(X)","(X)","(X)","74.8","12.7","5.2","3.0","(X)","(X)","(X)","(X)","(X)","(X)","18.3","9.8","1.0","1.4","(X)","(X)","(X)","(X)","(X)","(X)","(X)","(X)","5.4","3.1","(X)","(X)","(X)","(X)","(X)","(X)","(X)","(X)","72.9","5.5","72.5","8.0","74.4","27.4","59.0","23.8","77.9","10.3","27.1","5.5","27.5","8.0","25.6","27.4","41.0","23.8","22.1","10.3","0.0","1.9","0.0","3.4","0.0","22.0","0.0","18.2","0.0","6.4","60.1","6.1","54.0","8.9","74.4","27.4","55.9","23.9","69.4","13.5","39.9","6.1","46.0","8.9","25.6","27.4","44.1","23.9","30.6","13.5",
"1400000US06111007903","Census Tract 79.03, Ventura County, California","1546","41","1258","62","0","12","70","41","218","73","3.08","0.21","3.34","0.19","-","**","3.27","1.07","1.55","0.71","1328","69","1258","62","0","12","70","41","(X)","(X)","3.28","0.18","3.31","0.18","-","**","2.87","0.54","(X)","(X)","587","66","578","65","0","12","9","13","(X)","(X)","21.1","9.3","21.5","9.5","-","**","0.0","98.9","(X)","(X)","12.8","6.2","13.0","6.3","-","**","0.0","98.9","(X)","(X)","66.1","10.6","65.6","10.8","-","**","100.0","98.9","(X)","(X)","1546","41","1258","62","0","12","70","41","218","73","38.4","4.3","46.5","4.6","-","**","12.9","19.6","0.0","13.8","34.0","5.3","31.0","5.8","-","**","22.9","24.8","55.0","20.7","12.0","4.6","(X)","(X)","(X)","(X)","(X)","(X)","85.3","13.0","6.9","2.9","(X)","(X)","(X)","(X)","(X)","(X)","48.6","18.3","0.5","0.8","(X)","(X)","(X)","(X)","(X)","(X)","(X)","(X)","0.5","0.8","(X)","(X)","(X)","(X)","(X)","(X)","(X)","(X)","97.2","2.6","98.6","1.7","-","**","100.0","35.1","88.5","14.0","1.6","2.0","0.0","2.5","-","**","0.0","35.1","11.5","14.0","1.2","1.4","1.4","1.7","-","**","0.0","35.1","0.0","13.8","92.8","3.0","93.2","3.5","-","**","100.0","35.1","88.5","11.6","7.2","3.0","6.8","3.5","-","**","0.0","35.1","11.5","11.6",
"1400000US06111007904","Census Tract 79.04, Ventura County, California","1752","39","1074","118","120","69","203","97","355","93","3.23","0.23","3.76","0.36","3.00","0.27","3.81","0.75","1.36","0.35","1397","94","1074","118","120","69","203","97","(X)","(X)","3.62","0.29","3.73","0.36","2.42","0.26","3.73","0.77","(X)","(X)","652","88","542","99","39","48","71","60","(X)","(X)","18.3","10.4","21.0","11.5","0.0","47.5","7.0","17.3","(X)","(X)","21.0","12.8","25.3","15.1","0.0","47.5","0.0","34.8","(X)","(X)","60.7","13.4","53.7","14.8","100.0","47.5","93.0","17.3","(X)","(X)","1752","39","1074","118","120","69","203","97","355","93","41.0","5.5","53.7","7.0","32.5","33.0","50.2","26.1","0.0","8.7","41.6","6.2","33.0","6.8","37.5","33.1","58.1","23.1","59.4","13.4","16.8","4.3","(X)","(X)","(X)","(X)","(X)","(X)","83.1","12.7","10.6","3.5","(X)","(X)","(X)","(X)","(X)","(X)","52.4","14.0","0.5","0.8","(X)","(X)","(X)","(X)","(X)","(X)","(X)","(X)","2.9","2.8","(X)","(X)","(X)","(X)","(X)","(X)","(X)","(X)","99.1","1.0","99.3","1.1","100.0","23.4","100.0","14.8","97.7","3.5","0.9","1.0","0.7","1.1","0.0","23.4","0.0","14.8","2.3","3.5","0.0","1.8","0.0","3.0","0.0","23.4","0.0","14.8","0.0","8.7","79.0","6.5","78.4","8.3","54.2","32.6","95.6","6.9","79.7","13.6","21.0","6.5","21.6","8.3","45.8","32.6","4.4","6.9","20.3","13.6",
"1400000US06111008001","Census Tract 80.01, Ventura County, California","970","34","510","67","88","46","193","62","179","47","3.63","0.22","3.81","0.31","5.34","1.03","4.09","0.89","1.77","0.38","791","54","510","67","88","46","193","62","(X)","(X)","3.80","0.25","3.75","0.29","4.13","0.95","3.76","0.80","(X)","(X)","369","52","206","52","60","38","103","49","(X)","(X)","15.4","6.9","24.3","11.5","0.0","38.3","6.8","10.5","(X)","(X)","18.2","10.9","14.1","12.5","36.7","27.6","15.5","22.5","(X)","(X)","66.4","13.0","61.7","14.6","63.3","27.6","77.7","24.7","(X)","(X)","970","34","510","67","88","46","193","62","179","47","45.7","4.9","51.2","7.9","89.8","11.4","53.4","16.9","0.0","16.5","37.3","5.5","43.1","8.0","19.3","18.7","36.8","15.8","30.2","13.9","9.8","4.0","(X)","(X)","(X)","(X)","(X)","(X)","53.1","19.4","3.4","2.0","(X)","(X)","(X)","(X)","(X)","(X)","18.4","9.9","0.0","3.3","(X)","(X)","(X)","(X)","(X)","(X)","(X)","(X)","13.3","5.6","(X)","(X)","(X)","(X)","(X)","(X)","(X)","(X)","90.5","3.7","95.7","3.1","80.7","21.9","94.3","6.1","76.5","15.3","8.8","3.4","2.9","2.6","19.3","21.9","5.7","6.1","23.5","15.3","0.7","1.0","1.4","1.9","0.0","29.9","0.0","15.4","0.0","16.5","76.1","7.0","90.2","6.6","43.2","24.2","60.6","18.2","68.7","16.5","23.9","7.0","9.8","6.6","56.8","24.2","39.4","18.2","31.3","16.5",
"1400000US06111008002","Census Tract 80.02, Ventura County, California","1576","35","938","120","77","58","255","99","306","91","3.35","0.25","3.83","0.36","4.21","0.76","3.66","0.47","1.41","0.29","1270","100","938","120","77","58","255","99","(X)","(X)","3.64","0.28","3.68","0.35","3.47","0.81","3.56","0.51","(X)","(X)","546","92","382","88","22","24","142","71","(X)","(X)","23.4","10.9","24.1","12.1","0.0","63.2","25.4","22.7","(X)","(X)","24.0","12.0","28.0","13.9","0.0","63.2","16.9","24.6","(X)","(X)","52.6","13.6","47.9","15.1","100.0","63.2","57.7","29.7","(X)","(X)","1576","35","938","120","77","58","255","99","306","91","40.7","7.0","48.5","9.5","45.5","39.4","59.2","16.0","0.0","10.1","30.8","7.0","33.4","9.6","0.0","32.9","26.7","12.0","34.0","17.0","14.2","5.5","(X)","(X)","(X)","(X)","(X)","(X)","73.2","15.8","2.5","2.0","(X)","(X)","(X)","(X)","(X)","(X)","13.1","10.6","0.0","2.0","(X)","(X)","(X)","(X)","(X)","(X)","(X)","(X)","5.1","3.3","(X)","(X)","(X)","(X)","(X)","(X)","(X)","(X)","84.4","5.2","91.5","6.9","88.3","20.2","71.8","17.5","72.2","14.8","15.6","5.2","8.5","6.9","11.7","20.2","28.2","17.5","27.8","14.8","0.0","2.0","0.0","3.4","0.0","32.9","0.0","11.9","0.0","10.1","63.7","6.4","75.7","10.0","22.1","25.2","46.7","17.3","51.6","17.8","36.3","6.4","24.3","10.0","77.9","25.2","53.3","17.3","48.4","17.8",
"1400000US06111008004","Census Tract 80.04, Ventura County, California","1429","87","1014","113","90","49","93","54","232","71","3.43","0.23","3.68","0.28","5.01","1.94","3.87","0.65","1.55","0.20","1197","91","1014","113","90","49","93","54","(X)","(X)","3.77","0.28","3.68","0.28","4.94","1.96","3.65","0.54","(X)","(X)","481","78","446","79","7","11","28","24","(X)","(X)","6.2","4.7","5.8","4.7","0.0","100.0","14.3","23.9","(X)","(X)","21.6","12.2","21.5","12.3","0.0","100.0","28.6","43.4","(X)","(X)","72.1","12.8","72.6","13.3","100.0","100.0","57.1","45.5","(X)","(X)","1429","87","1014","113","90","49","93","54","232","71","39.5","4.6","48.2","7.5","26.7","26.4","43.0","26.7","5.2","7.6","24.4","5.5","20.7","6.5","24.4","22.0","37.6","32.5","35.3","17.1","9.2","3.4","(X)","(X)","(X)","(X)","(X)","(X)","56.5","15.4","3.8","1.9","(X)","(X)","(X)","(X)","(X)","(X)","23.3","11.7","0.5","0.9","(X)","(X)","(X)","(X)","(X)","(X)","(X)","(X)","4.7","3.2","(X)","(X)","(X)","(X)","(X)","(X)","(X)","(X)","99.6","0.6","100.0","3.2","100.0","29.4","100.0","28.7","97.4","4.0","0.4","0.6","0.0","3.2","0.0","29.4","0.0","28.7","2.6","4.0","0.0","2.2","0.0","3.2","0.0","29.4","0.0","28.7","0.0","13.0","85.7","6.0","90.7","5.4","67.8","24.7","60.2","32.1","81.0","18.1","14.3","6.0","9.3","5.4","32.2","24.7","39.8","32.1","19.0","18.1",
"1400000US06111008005","Census Tract 80.05, Ventura County, California","737","43","468","62","60","33","110","36","99","41","3.53","0.26","3.97","0.40","3.65","1.11","3.72","0.71","1.18","0.16","638","56","468","62","60","33","110","36","(X)","(X)","3.73","0.27","3.92","0.40","3.10","0.97","3.25","0.44","(X)","(X)","300","42","228","48","27","20","45","28","(X)","(X)","14.0","7.5","16.2","8.9","0.0","57.1","11.1","19.2","(X)","(X)","21.7","10.8","19.7","11.5","29.6","44.5","26.7","29.9","(X)","(X)","64.3","11.9","64.0","12.8","70.4","44.5","62.2","33.2","(X)","(X)","737","43","468","62","60","33","110","36","99","41","44.2","5.5","49.8","7.8","51.7","25.1","56.4","22.0","0.0","27.4","34.3","5.6","34.2","8.1","11.7","16.6","27.3","18.2","56.6","18.9","11.7","5.4","(X)","(X)","(X)","(X)","(X)","(X)","86.9","12.8","3.7","2.1","(X)","(X)","(X)","(X)","(X)","(X)","27.3","14.0","0.0","4.3","(X)","(X)","(X)","(X)","(X)","(X)","(X)","(X)","7.6","4.0","(X)","(X)","(X)","(X)","(X)","(X)","(X)","(X)","98.4","1.7","99.1","1.6","86.7","16.8","100.0","25.2","100.0","27.4","1.1","1.5","0.0","6.7","13.3","16.8","0.0","25.2","0.0","27.4","0.5","1.0","0.9","1.6","0.0","38.3","0.0","25.2","0.0","27.4","77.3","5.9","85.7","7.1","46.7","28.3","50.0","22.1","86.9","14.2","22.7","5.9","14.3","7.1","53.3","28.3","50.0","22.1","13.1","14.2",
"1400000US06111008101","Census Tract 81.01, Ventura County, California","1103","57","615","90","81","45","113","49","294","85","2.97","0.31","3.42","0.41","4.37","1.32","3.63","0.77","1.38","0.27","809","87","615","90","81","45","113","49","(X)","(X)","3.47","0.36","3.41","0.41","4.19","1.36","3.31","0.61","(X)","(X)","317","62","246","53","0","12","71","42","(X)","(X)","30.0","13.6","28.9","14.0","-","**","33.8","35.2","(X)","(X)","14.2","10.1","18.3","12.6","-","**","0.0","34.8","(X)","(X)","55.8","14.4","52.8","17.2","-","**","66.2","35.2","(X)","(X)","1103","57","615","90","81","45","113","49","294","85","36.6","6.0","44.1","7.7","56.8","26.8","70.8","21.9","2.4","4.5","44.6","6.0","45.0","8.1","56.8","29.0","27.4","21.7","46.9","16.9","19.4","7.3","(X)","(X)","(X)","(X)","(X)","(X)","72.8","17.5","9.1","4.2","(X)","(X)","(X)","(X)","(X)","(X)","34.0","15.7","2.6","3.2","(X)","(X)","(X)","(X)","(X)","(X)","(X)","(X)","4.0","3.5","(X)","(X)","(X)","(X)","(X)","(X)","(X)","(X)","90.8","3.7","92.8","4.7","100.0","31.8","92.0","12.5","83.3","14.4","8.3","3.6","5.5","4.0","0.0","31.8","8.0","12.5","16.7","14.4","0.9","1.3","1.6","2.3","0.0","31.8","0.0","24.6","0.0","10.5","79.8","7.1","91.7","5.3","91.4","14.0","64.6","21.9","57.5","19.3","20.2","7.1","8.3","5.3","8.6","14.0","35.4","21.9","42.5","19.3",
"1400000US06111008201","Census Tract 82.01, Ventura County, California","1455","67","747","110","75","55","263","113","370","95","3.13","0.23","3.84","0.33","4.51","0.80","3.52","0.42","1.13","0.10","1085","98","747","110","75","55","263","113","(X)","(X)","3.61","0.26","3.82","0.33","2.67","0.56","3.27","0.41","(X)","(X)","542","111","355","76","23","22","164","112","(X)","(X)","16.1","7.8","22.8","10.3","26.1","37.5","0.0","17.9","(X)","(X)","20.1","9.9","28.5","14.1","0.0","61.8","4.9","9.5","(X)","(X)","63.8","11.6","48.7","12.8","73.9","37.5","95.1","9.5","(X)","(X)","1455","67","747","110","75","55","263","113","370","95","42.2","7.4","48.3","8.7","82.7","27.2","72.6","17.5","0.0","8.4","43.5","6.7","32.9","9.1","68.0","32.6","22.8","16.2","74.6","12.7","23.1","5.7","(X)","(X)","(X)","(X)","(X)","(X)","90.8","6.7","14.2","4.3","(X)","(X)","(X)","(X)","(X)","(X)","55.9","14.5","1.0","0.9","(X)","(X)","(X)","(X)","(X)","(X)","(X)","(X)","8.2","4.8","(X)","(X)","(X)","(X)","(X)","(X)","(X)","(X)","85.2","4.5","95.0","4.3","100.0","33.5","86.3","18.1","61.6","11.6","14.1","4.4","5.0","4.3","0.0","33.5","13.7","18.1","35.7","11.1","0.7","1.1","0.0","4.3","0.0","33.5","0.0","11.6","2.7","4.4","69.1","6.1","85.9","6.4","78.7","27.0","35.7","19.2","57.0","10.9","30.9","6.1","14.1","6.4","21.3","27.0","64.3","19.2","43.0","10.9",
"1400000US06111008202","Census Tract 82.02, Ventura County, California","1488","45","843","99","164","70","184","82","297","79","3.18","0.24","3.60","0.25","4.26","1.22","3.11","0.39","1.44","0.25","1191","73","843","99","164","70","184","82","(X)","(X)","3.34","0.20","3.52","0.24","3.33","0.48","2.52","0.40","(X)","(X)","524","91","359","80","49","43","116","71","(X)","(X)","27.7","12.0","26.5","15.8","57.1","40.1","19.0","30.2","(X)","(X)","14.7","9.0","18.7","11.9","20.4","37.6","0.0","24.1","(X)","(X)","57.6","13.4","54.9","16.3","22.4","28.3","81.0","30.2","(X)","(X)","1488","45","843","99","164","70","184","82","297","79","39.4","6.2","43.3","7.1","40.2","25.7","71.7","19.6","7.7","9.2","35.0","6.7","33.0","9.3","59.8","21.2","26.1","19.9","32.7","14.9","15.2","4.9","(X)","(X)","(X)","(X)","(X)","(X)","76.1","12.6","3.4","2.1","(X)","(X)","(X)","(X)","(X)","(X)","17.2","10.4","0.0","2.2","(X)","(X)","(X)","(X)","(X)","(X)","(X)","(X)","5.7","3.8","(X)","(X)","(X)","(X)","(X)","(X)","(X)","(X)","91.9","3.7","95.5","4.6","72.6","20.6","86.4","15.1","95.6","5.2","8.1","3.7","4.5","4.6","27.4","20.6","13.6","15.1","4.4","5.2","0.0","2.2","0.0","3.8","0.0","17.9","0.0","16.1","0.0","10.4","77.8","6.7","83.9","8.0","59.8","24.1","59.8","22.7","81.8","11.8","22.2","6.7","16.1","8.0","40.2","24.1","40.2","22.7","18.2","11.8",
"1400000US06111008302","Census Tract 83.02, Ventura County, California","2033","49","1129","119","106","61","222","80","576","118","2.77","0.17","3.32","0.23","3.03","0.78","3.27","0.64","1.45","0.17","1457","120","1129","119","106","61","222","80","(X)","(X)","3.20","0.22","3.29","0.23","2.61","0.81","3.04","0.58","(X)","(X)","524","96","372","85","72","54","80","45","(X)","(X)","13.4","9.6","14.5","11.4","12.5","21.1","8.8","14.7","(X)","(X)","42.7","13.4","51.3","18.0","16.7","25.3","26.3","34.9","(X)","(X)","43.9","13.9","34.1","16.4","70.8","34.5","65.0","34.2","(X)","(X)","2033","49","1129","119","106","61","222","80","576","118","28.2","6.1","35.5","8.2","77.4","22.1","40.5","17.4","0.0","5.5","46.4","4.8","44.1","7.0","23.6","24.5","48.2","18.2","54.3","10.5","18.8","4.2","(X)","(X)","(X)","(X)","(X)","(X)","66.3","11.6","13.6","3.6","(X)","(X)","(X)","(X)","(X)","(X)","48.1","10.8","0.4","0.7","(X)","(X)","(X)","(X)","(X)","(X)","(X)","(X)","8.5","3.8","(X)","(X)","(X)","(X)","(X)","(X)","(X)","(X)","76.6","5.5","83.3","7.5","75.5","22.5","70.7","17.5","66.1","10.9","22.9","5.5","16.7","7.5","24.5","22.5","29.3","17.5","32.3","10.4","0.4","0.8","0.0","2.8","0.0","25.9","0.0","13.6","1.6","2.9","66.4","6.0","74.3","8.4","45.3","29.2","59.0","21.9","57.6","10.9","33.6","6.0","25.7","8.4","54.7","29.2","41.0","21.9","42.4","10.9",
"1400000US06111008303","Census Tract 83.03, Ventura County, California","1336","84","510","92","93","57","269","106","464","98","2.66","0.22","3.59","0.38","3.13","0.27","3.07","0.47","1.30","0.14","872","102","510","92","93","57","269","106","(X)","(X)","3.21","0.28","3.56","0.38","2.70","0.30","2.73","0.34","(X)","(X)","410","103","217","63","64","55","129","69","(X)","(X)","25.6","12.9","20.7","13.1","40.6","49.5","26.4","30.0","(X)","(X)","6.3","5.9","7.8","7.5","0.0","37.0","7.0","11.4","(X)","(X)","68.0","12.3","71.4","13.6","59.4","49.5","66.7","28.6","(X)","(X)","1336","84","510","92","93","57","269","106","464","98","32.9","7.1","45.5","10.6","84.9","20.1","48.0","15.8","0.0","6.8","52.5","6.7","43.9","9.8","16.1","23.6","57.2","18.2","66.6","12.3","26.5","6.5","(X)","(X)","(X)","(X)","(X)","(X)","76.3","13.1","20.4","6.4","(X)","(X)","(X)","(X)","(X)","(X)","58.8","13.3","1.7","2.8","(X)","(X)","(X)","(X)","(X)","(X)","(X)","(X)","9.1","5.0","(X)","(X)","(X)","(X)","(X)","(X)","(X)","(X)","49.3","5.2","67.3","9.7","43.0","35.7","42.0","17.1","34.9","13.3","42.1","6.9","31.0","9.4","5.4","8.3","43.9","21.7","60.6","13.3","8.7","5.0","1.8","2.5","51.6","35.5","14.1","14.4","4.5","4.3","45.7","5.7","60.4","9.8","40.9","29.7","30.1","15.9","39.4","13.3","54.3","5.7","39.6","9.8","59.1","29.7","69.9","15.9","60.6","13.3",
"1400000US06111008304","Census Tract 83.04, Ventura County, California","2111","57","1277","160","128","85","74","50","632","154","2.69","0.17","3.26","0.22","3.08","0.78","3.70","0.97","1.34","0.17","1479","158","1277","160","128","85","74","50","(X)","(X)","3.23","0.20","3.25","0.22","2.96","0.76","3.39","0.66","(X)","(X)","709","144","667","146","13","21","29","28","(X)","(X)","26.8","13.9","28.5","14.8","0.0","82.3","0.0","55.1","(X)","(X)","11.0","7.1","11.7","7.6","0.0","82.3","0.0","55.1","(X)","(X)","62.2","12.2","59.8","13.3","100.0","82.2","100.0","55.1","(X)","(X)","2111","57","1277","160","128","85","74","50","632","154","34.8","6.8","54.2","8.8","10.2","17.6","39.2","33.5","0.0","5.0","32.1","6.1","25.3","8.6","33.6","30.4","68.9","30.0","41.3","13.6","22.0","6.6","(X)","(X)","(X)","(X)","(X)","(X)","73.4","12.6","7.8","3.5","(X)","(X)","(X)","(X)","(X)","(X)","25.9","10.6","0.0","1.5","(X)","(X)","(X)","(X)","(X)","(X)","(X)","(X)","5.7","4.0","(X)","(X)","(X)","(X)","(X)","(X)","(X)","(X)","71.2","5.9","83.2","8.2","66.4","33.7","31.1","35.8","52.7","13.4","11.6","5.5","6.3","6.0","11.7","20.1","0.0","33.8","23.6","13.3","17.2","4.0","10.5","6.0","21.9","26.8","68.9","35.8","23.7","10.0","80.9","6.6","88.4","6.7","67.2","40.1","83.8","23.5","68.0","15.3","19.1","6.6","11.6","6.7","32.8","40.1","16.2","23.5","32.0","15.3",
"1400000US06111008305","Census Tract 83.05, Ventura County, California","1210","58","958","108","63","54","64","43","125","55","3.14","0.15","3.29","0.18","3.57","0.38","3.09","1.18","1.74","0.49","1085","76","958","108","63","54","64","43","(X)","(X)","3.27","0.17","3.29","0.18","3.30","0.63","2.95","0.94","(X)","(X)","449","68","373","68","34","48","42","35","(X)","(X)","14.7","11.6","8.6","6.0","100.0","50.9","0.0","45.8","(X)","(X)","11.8","8.3","12.6","9.4","0.0","50.9","14.3","22.8","(X)","(X)","73.5","12.6","78.8","9.4","0.0","50.9","85.7","22.8","(X)","(X)","1210","58","958","108","63","54","64","43","125","55","39.3","5.4","40.7","5.4","54.0","50.8","81.3","30.9","0.0","22.6","47.9","7.1","52.0","7.6","0.0","37.3","15.6","23.4","56.8","25.4","5.3","2.7","(X)","(X)","(X)","(X)","(X)","(X)","51.2","27.3","2.4","1.8","(X)","(X)","(X)","(X)","(X)","(X)","23.2","17.9","0.7","1.0","(X)","(X)","(X)","(X)","(X)","(X)","(X)","(X)","5.0","4.1","(X)","(X)","(X)","(X)","(X)","(X)","(X)","(X)","100.0","2.6","100.0","3.3","100.0","37.3","100.0","37.0","100.0","22.6","0.0","2.6","0.0","3.3","0.0","37.3","0.0","37.0","0.0","22.6","0.0","2.6","0.0","3.3","0.0","37.3","0.0","37.0","0.0","22.6","92.7","4.8","93.8","4.3","100.0","37.3","100.0","37.0","76.8","28.3","7.3","4.8","6.2","4.3","0.0","37.3","0.0","37.0","23.2","28.3",
"1400000US06111008306","Census Tract 83.06, Ventura County, California","1564","28","740","116","74","56","271","107","479","103","2.54","0.17","3.25","0.23","2.22","0.34","2.83","0.43","1.32","0.25","1085","103","740","116","74","56","271","107","(X)","(X)","3.04","0.17","3.25","0.23","2.22","0.34","2.70","0.40","(X)","(X)","593","90","356","65","50","52","187","92","(X)","(X)","6.9","4.2","10.1","6.9","0.0","41.9","2.7","5.7","(X)","(X)","29.3","11.3","34.6","14.3","0.0","41.9","27.3","25.9","(X)","(X)","63.7","10.9","55.3","14.3","100.0","41.9","70.1","25.7","(X)","(X)","1564","28","740","116","74","56","271","107","479","103","37.9","5.8","48.1","6.6","67.6","32.1","69.0","19.5","0.0","6.6","30.4","5.3","34.3","7.1","8.1","15.2","11.4","13.3","38.6","11.3","24.6","6.7","(X)","(X)","(X)","(X)","(X)","(X)","80.2","12.4","7.9","3.6","(X)","(X)","(X)","(X)","(X)","(X)","25.9","11.6","0.0","2.1","(X)","(X)","(X)","(X)","(X)","(X)","(X)","(X)","4.5","3.0","(X)","(X)","(X)","(X)","(X)","(X)","(X)","(X)","53.2","6.4","75.5","8.8","25.7","32.6","15.1","14.5","44.5","12.4","46.8","6.4","24.5","8.8","74.3","32.6","84.9","14.5","55.5","12.4","0.0","2.1","0.0","4.3","0.0","33.8","0.0","11.3","0.0","6.6","46.7","6.0","59.2","9.1","24.3","28.4","19.2","14.4","46.3","11.4","53.3","6.0","40.8","9.1","75.7","28.4","80.8","14.4","53.7","11.4",
"1400000US06111008401","Census Tract 84.01, Ventura County, California","1861","78","858","118","138","73","263","94","602","119","2.87","0.16","3.55","0.25","3.43","0.50","3.49","0.67","1.50","0.22","1259","132","858","118","138","73","263","94","(X)","(X)","3.36","0.19","3.43","0.24","3.34","0.44","3.15","0.49","(X)","(X)","549","95","393","87","59","51","97","57","(X)","(X)","23.3","9.3","31.0","12.1","0.0","38.6","6.2","11.3","(X)","(X)","15.7","7.0","19.8","8.6","0.0","38.6","8.2","13.8","(X)","(X)","61.0","11.3","49.1","13.2","100.0","38.6","85.6","22.0","(X)","(X)","1861","78","858","118","138","73","263","94","602","119","34.8","5.4","47.7","8.2","77.5","25.3","46.4","15.6","1.5","2.3","42.0","4.6","40.0","7.5","20.3","22.3","23.6","18.2","57.8","11.0","22.4","5.2","(X)","(X)","(X)","(X)","(X)","(X)","69.1","11.6","12.8","3.9","(X)","(X)","(X)","(X)","(X)","(X)","39.7","9.6","0.0","1.7","(X)","(X)","(X)","(X)","(X)","(X)","(X)","(X)","6.4","3.7","(X)","(X)","(X)","(X)","(X)","(X)","(X)","(X)","75.4","5.0","81.5","9.4","77.5","19.0","80.2","12.1","64.3","9.5","24.6","5.0","18.5","9.4","22.5","19.0","19.8","12.1","35.7","9.5","0.0","1.7","0.0","3.7","0.0","20.8","0.0","11.6","0.0","5.3","67.1","5.5","81.5","8.9","64.5","29.5","61.6","17.5","49.7","9.7","32.9","5.5","18.5","8.9","35.5","29.5","38.4","17.5","50.3","9.7",
"1400000US06111008402","Census Tract 84.02, Ventura County, California","1634","67","1126","120","75","48","178","95","255","75","3.30","0.17","3.62","0.20","3.37","0.91","3.99","0.56","1.41","0.44","1379","83","1126","120","75","48","178","95","(X)","(X)","3.46","0.16","3.50","0.17","3.09","0.52","3.38","0.74","(X)","(X)","674","78","535","98","32","38","107","68","(X)","(X)","11.4","6.1","9.3","5.8","0.0","52.4","25.2","32.4","(X)","(X)","11.9","7.6","15.0","8.9","0.0","52.4","0.0","25.7","(X)","(X)","76.7","7.9","75.7","9.4","100.0","52.4","74.8","32.4","(X)","(X)","1634","67","1126","120","75","48","178","95","255","75","44.2","4.4","51.4","6.2","42.7","36.1","62.9","24.3","0.0","11.9","41.2","5.5","35.3","6.6","45.3","32.3","38.2","25.1","68.6","16.0","13.3","3.5","(X)","(X)","(X)","(X)","(X)","(X)","85.1","16.3","5.6","2.8","(X)","(X)","(X)","(X)","(X)","(X)","35.7","16.7","0.0","2.0","(X)","(X)","(X)","(X)","(X)","(X)","(X)","(X)","4.6","3.4","(X)","(X)","(X)","(X)","(X)","(X)","(X)","(X)","99.0","1.1","99.4","0.9","88.0","19.2","100.0","16.6","100.0","11.9","0.0","2.0","0.0","2.8","0.0","33.5","0.0","16.6","0.0","11.9","1.0","1.1","0.6","0.9","12.0","19.2","0.0","16.6","0.0","11.9","87.9","4.7","91.4","4.0","86.7","20.0","80.3","21.4","78.4","19.8","12.1","4.7","8.6","4.0","13.3","20.0","19.7","21.4","21.6","19.8",
"1400000US06111008500","Census Tract 85, Ventura County, California","3071","101","1788","192","159","110","287","124","837","214","2.74","0.17","3.39","0.23","2.49","0.63","2.81","0.34","1.38","0.34","2234","207","1788","192","159","110","287","124","(X)","(X)","3.24","0.20","3.39","0.23","2.49","0.63","2.73","0.33","(X)","(X)","833","151","654","143","130","110","49","57","(X)","(X)","17.6","10.2","22.5","12.9","0.0","21.9","0.0","42.4","(X)","(X)","10.3","9.1","13.1","11.2","0.0","21.9","0.0","42.4","(X)","(X)","72.0","11.9","64.4","14.4","100.0","21.9","100.0","42.4","(X)","(X)","3071","101","1788","192","159","110","287","124","837","214","29.0","4.5","39.8","7.2","81.8","24.6","17.1","18.7","0.0","3.8","41.5","5.2","39.4","5.9","56.6","38.7","73.9","21.4","32.0","12.6","23.8","6.1","(X)","(X)","(X)","(X)","(X)","(X)","87.5","9.3","4.9","2.9","(X)","(X)","(X)","(X)","(X)","(X)","17.8","10.1","0.9","1.1","(X)","(X)","(X)","(X)","(X)","(X)","(X)","(X)","0.0","1.1","(X)","(X)","(X)","(X)","(X)","(X)","(X)","(X)","80.7","4.3","94.8","3.8","0.0","18.4","62.7","20.1","72.2","11.4","19.3","4.3","5.2","3.8","100.0","18.4","37.3","20.1","27.8","11.4","0.0","1.1","0.0","1.8","0.0","18.4","0.0","10.7","0.0","3.8","70.9","4.5","87.8","6.0","0.0","18.4","56.8","21.1","53.2","15.0","29.1","4.5","12.2","6.0","100.0","18.4","43.2","21.1","46.8","15.0",
"1400000US06111008600","Census Tract 86, Ventura County, California","2145","119","836","197","215","120","507","160","587","140","3.73","0.31","4.64","0.55","4.03","0.84","4.41","0.45","1.75","0.43","1558","152","836","197","215","120","507","160","(X)","(X)","4.20","0.35","4.59","0.54","3.16","0.42","4.01","0.49","(X)","(X)","929","168","418","165","128","101","383","147","(X)","(X)","9.8","7.4","16.0","12.7","0.0","22.2","6.3","9.8","(X)","(X)","35.6","14.1","25.1","17.7","30.5","34.2","48.8","22.7","(X)","(X)","54.6","13.5","58.9","19.6","69.5","34.2","44.9","20.2","(X)","(X)","2145","119","836","197","215","120","507","160","587","140","55.4","6.5","65.2","11.9","74.0","22.8","90.9","8.1","4.1","6.9","30.7","6.6","39.7","11.6","28.8","25.2","6.7","7.8","39.4","14.2","16.2","5.3","(X)","(X)","(X)","(X)","(X)","(X)","59.1","16.8","6.8","2.7","(X)","(X)","(X)","(X)","(X)","(X)","24.9","9.5","0.0","1.5","(X)","(X)","(X)","(X)","(X)","(X)","(X)","(X)","13.2","6.4","(X)","(X)","(X)","(X)","(X)","(X)","(X)","(X)","37.9","7.9","48.7","11.7","27.4","21.1","31.0","16.9","32.5","15.3","59.6","7.6","51.3","11.7","72.6","21.1","69.0","16.9","58.6","15.3","2.4","3.0","0.0","3.8","0.0","14.0","0.0","6.2","8.9","11.3","25.8","6.8","32.2","10.2","22.3","19.6","10.5","11.2","31.3","14.8","74.2","6.8","67.8","10.2","77.7","19.6","89.5","11.2","68.7","14.8",
"1400000US06111008700","Census Tract 87, Ventura County, California","1876","76","744","100","225","93","291","88","616","107","3.32","0.25","4.93","0.56","3.74","0.71","3.33","0.50","1.21","0.14","1260","118","744","100","225","93","291","88","(X)","(X)","4.12","0.34","4.85","0.55","2.88","0.40","3.20","0.43","(X)","(X)","675","111","442","90","113","74","120","70","(X)","(X)","25.9","11.2","7.2","5.8","77.9","27.2","45.8","32.8","(X)","(X)","20.6","10.4","31.4","15.6","0.0","24.6","0.0","23.4","(X)","(X)","53.5","13.3","61.3","15.4","22.1","27.2","54.2","32.8","(X)","(X)","1876","76","744","100","225","93","291","88","616","107","41.3","5.7","66.5","9.3","53.3","21.4","54.6","18.0","0.0","5.1","40.4","5.6","27.2","8.4","35.1","19.8","37.1","14.2","59.9","13.1","28.1","5.1","(X)","(X)","(X)","(X)","(X)","(X)","85.6","9.0","12.4","3.8","(X)","(X)","(X)","(X)","(X)","(X)","37.8","11.4","0.0","1.7","(X)","(X)","(X)","(X)","(X)","(X)","(X)","(X)","7.9","4.4","(X)","(X)","(X)","(X)","(X)","(X)","(X)","(X)","56.4","6.1","76.3","9.9","23.1","16.8","61.2","18.0","42.2","11.3","41.7","6.1","18.8","9.1","76.9","16.8","38.8","18.0","57.8","11.3","1.9","2.1","4.8","5.2","0.0","13.4","0.0","10.6","0.0","5.1","31.8","4.8","46.9","10.3","14.2","12.5","27.1","14.4","22.2","8.9","68.2","4.8","53.1","10.3","85.8","12.5","72.9","14.4","77.8","8.9",
"1400000US06111008800","Census Tract 88, Ventura County, California","1394","66","829","117","122","64","212","90","231","86","3.87","0.28","4.23","0.40","4.02","1.16","3.95","0.68","2.41","0.72","1163","101","829","117","122","64","212","90","(X)","(X)","4.12","0.32","4.22","0.40","3.80","1.00","3.91","0.68","(X)","(X)","436","107","337","98","39","33","60","53","(X)","(X)","11.9","9.4","15.4","11.6","0.0","47.5","0.0","38.3","(X)","(X)","19.0","12.1","18.4","15.3","0.0","47.5","35.0","41.6","(X)","(X)","69.0","14.5","66.2","17.5","100.0","47.5","65.0","41.6","(X)","(X)","1394","66","829","117","122","64","212","90","231","86","47.1","6.5","51.0","9.7","39.3","30.9","69.8","22.9","16.5","20.1","47.7","6.8","47.0","8.4","59.0","26.3","44.8","25.7","46.8","20.8","7.0","3.7","(X)","(X)","(X)","(X)","(X)","(X)","42.4","20.2","4.7","3.0","(X)","(X)","(X)","(X)","(X)","(X)","28.1","15.7","0.6","1.0","(X)","(X)","(X)","(X)","(X)","(X)","(X)","(X)","6.9","4.4","(X)","(X)","(X)","(X)","(X)","(X)","(X)","(X)","95.0","4.3","98.9","1.9","100.0","23.1","75.5","24.3","96.1","6.2","5.0","4.3","1.1","1.9","0.0","23.1","24.5","24.3","3.9","6.2","0.0","2.3","0.0","3.8","0.0","23.1","0.0","14.2","0.0","13.1","76.5","7.0","89.9","6.3","32.0","22.6","67.5","24.4","60.2","18.5","23.5","7.0","10.1","6.3","68.0","22.6","32.5","24.4","39.8","18.5",
"1400000US06111008900","Census Tract 89, Ventura County, California","684","53","427","73","34","24","132","52","91","43","4.95","0.49","5.59","0.64","5.00","2.56","4.91","1.04","1.99","0.85","593","63","427","73","34","24","132","52","(X)","(X)","5.31","0.54","5.50","0.62","4.44","1.97","4.91","1.04","(X)","(X)","238","65","182","61","9","10","47","34","(X)","(X)","16.4","12.9","19.2","15.9","44.4","55.6","0.0","43.3","(X)","(X)","42.0","18.3","44.0","20.8","0.0","98.9","42.6","38.3","(X)","(X)","41.6","16.1","36.8","19.5","55.6","55.6","57.4","38.3","(X)","(X)","684","53","427","73","34","24","132","52","91","43","51.0","8.3","59.3","10.0","26.5","33.0","61.4","21.9","6.6","9.6","55.1","8.5","45.0","10.4","61.8","39.9","68.2","21.5","81.3","15.6","9.8","5.4","(X)","(X)","(X)","(X)","(X)","(X)","73.6","20.0","6.0","3.6","(X)","(X)","(X)","(X)","(X)","(X)","45.1","21.5","0.0","4.6","(X)","(X)","(X)","(X)","(X)","(X)","(X)","(X)","1.3","1.5","(X)","(X)","(X)","(X)","(X)","(X)","(X)","(X)","97.8","3.4","100.0","7.3","100.0","50.9","100.0","21.6","83.5","22.4","2.2","3.4","0.0","7.3","0.0","50.9","0.0","21.6","16.5","22.4","0.0","4.6","0.0","7.3","0.0","50.9","0.0","21.6","0.0","29.2","78.2","7.8","79.9","10.3","76.5","34.4","77.3","17.1","72.5","26.4","21.8","7.8","20.1","10.3","23.5","34.4","22.7","17.1","27.5","26.4",
"1400000US06111009100","Census Tract 91, Ventura County, California","1095","69","449","115","94","52","322","80","230","90","4.07","0.38","4.71","0.58","5.11","1.91","4.35","0.57","2.00","0.84","865","104","449","115","94","52","322","80","(X)","(X)","4.28","0.39","4.41","0.48","4.02","1.80","4.16","0.58","(X)","(X)","469","109","276","102","37","31","156","74","(X)","(X)","16.2","10.9","6.9","11.0","100.0","48.8","12.8","17.4","(X)","(X)","11.9","10.0","18.5","16.4","0.0","48.8","3.2","6.4","(X)","(X)","71.9","12.3","74.6","18.2","0.0","48.8","84.0","17.9","(X)","(X)","1095","69","449","115","94","52","322","80","230","90","53.5","8.4","68.4","12.5","39.4","29.8","68.6","15.0","9.1","13.4","35.7","7.3","26.3","11.6","60.6","29.8","40.1","16.0","37.8","22.6","14.5","6.5","(X)","(X)","(X)","(X)","(X)","(X)","69.1","17.9","6.3","4.5","(X)","(X)","(X)","(X)","(X)","(X)","30.0","19.0","2.0","3.4","(X)","(X)","(X)","(X)","(X)","(X)","(X)","(X)","6.5","5.7","(X)","(X)","(X)","(X)","(X)","(X)","(X)","(X)","51.0","9.6","31.2","13.5","91.5","13.2","78.3","15.2","34.8","16.9","26.9","9.3","35.0","13.4","0.0","28.5","21.7","15.2","29.6","20.4","22.1","7.2","33.9","15.5","8.5","13.2","0.0","9.6","35.7","18.4","40.1","8.7","47.0","13.2","19.1","21.2","31.1","15.9","47.8","22.9","59.9","8.7","53.0","13.2","80.9","21.2","68.9","15.9","52.2","22.9",
"1400000US06111980000","Census Tract 9800, Ventura County, California","0","12","0","12","0","12","0","12","0","12","-","**","-","**","-","**","-","**","-","**","0","12","0","12","0","12","0","12","(X)","(X)","-","**","-","**","-","**","-","**","(X)","(X)","0","12","0","12","0","12","0","12","(X)","(X)","-","**","-","**","-","**","-","**","(X)","(X)","-","**","-","**","-","**","-","**","(X)","(X)","-","**","-","**","-","**","-","**","(X)","(X)","0","12","0","12","0","12","0","12","0","12","-","**","-","**","-","**","-","**","-","**","-","**","-","**","-","**","-","**","-","**","-","**","(X)","(X)","(X)","(X)","(X)","(X)","-","**","-","**","(X)","(X)","(X)","(X)","(X)","(X)","-","**","-","**","(X)","(X)","(X)","(X)","(X)","(X)","(X)","(X)","-","**","(X)","(X)","(X)","(X)","(X)","(X)","(X)","(X)","-","**","-","**","-","**","-","**","-","**","-","**","-","**","-","**","-","**","-","**","-","**","-","**","-","**","-","**","-","**","-","**","-","**","-","**","-","**","-","**","-","**","-","**","-","**","-","**","-","**",
"1400000US06111990100","Census Tract 9901, Ventura County, California","0","12","0","12","0","12","0","12","0","12","-","**","-","**","-","**","-","**","-","**","0","12","0","12","0","12","0","12","(X)","(X)","-","**","-","**","-","**","-","**","(X)","(X)","0","12","0","12","0","12","0","12","(X)","(X)","-","**","-","**","-","**","-","**","(X)","(X)","-","**","-","**","-","**","-","**","(X)","(X)","-","**","-","**","-","**","-","**","(X)","(X)","0","12","0","12","0","12","0","12","0","12","-","**","-","**","-","**","-","**","-","**","-","**","-","**","-","**","-","**","-","**","-","**","(X)","(X)","(X)","(X)","(X)","(X)","-","**","-","**","(X)","(X)","(X)","(X)","(X)","(X)","-","**","-","**","(X)","(X)","(X)","(X)","(X)","(X)","(X)","(X)","-","**","(X)","(X)","(X)","(X)","(X)","(X)","(X)","(X)","-","**","-","**","-","**","-","**","-","**","-","**","-","**","-","**","-","**","-","**","-","**","-","**","-","**","-","**","-","**","-","**","-","**","-","**","-","**","-","**","-","**","-","**","-","**","-","**","-","**",
