"GEO_ID","NAME","S1501_C01_001E","S1501_C01_001M","S1501_C02_001E","S1501_C02_001M","S1501_C03_001E","S1501_C03_001M","S1501_C01_002E","S1501_C01_002M","S1501_C02_002E","S1501_C02_002M","S1501_C03_002E","S1501_C03_002M","S1501_C01_003E","S1501_C01_003M","S1501_C02_003E","S1501_C02_003M","S1501_C03_003E","S1501_C03_003M","S1501_C01_004E","S1501_C01_004M","S1501_C02_004E","S1501_C02_004M","S1501_C03_004E","S1501_C03_004M","S1501_C01_005E","S1501_C01_005M","S1501_C02_005E","S1501_C02_005M","S1501_C03_005E","S1501_C03_005M","S1501_C01_006E","S1501_C01_006M","S1501_C02_006E","S1501_C02_006M","S1501_C03_006E","S1501_C03_006M","S1501_C01_007E","S1501_C01_007M","S1501_C02_007E","S1501_C02_007M","S1501_C03_007E","S1501_C03_007M","S1501_C01_008E","S1501_C01_008M","S1501_C02_008E","S1501_C02_008M","S1501_C03_008E","S1501_C03_008M","S1501_C01_009E","S1501_C01_009M","S1501_C02_009E","S1501_C02_009M","S1501_C03_009E","S1501_C03_009M","S1501_C01_010E","S1501_C01_010M","S1501_C02_010E","S1501_C02_010M","S1501_C03_010E","S1501_C03_010M","S1501_C01_011E","S1501_C01_011M","S1501_C02_011E","S1501_C02_011M","S1501_C03_011E","S1501_C03_011M","S1501_C01_012E","S1501_C01_012M","S1501_C02_012E","S1501_C02_012M","S1501_C03_012E","S1501_C03_012M","S1501_C01_013E","S1501_C01_013M","S1501_C02_013E","S1501_C02_013M","S1501_C03_013E","S1501_C03_013M","S1501_C01_014E","S1501_C01_014M","S1501_C02_014E","S1501_C02_014M","S1501_C03_014E","S1501_C03_014M","S1501_C01_015E","S1501_C01_015M","S1501_C02_015E","S1501_C02_015M","S1501_C03_015E","S1501_C03_015M","S1501_C01_016E","S1501_C01_016M","S1501_C02_016E","S1501_C02_016M","S1501_C03_016E","S1501_C03_016M","S1501_C01_017E","S1501_C01_017M","S1501_C02_017E","S1501_C02_017M","S1501_C03_017E","S1501_C03_017M","S1501_C01_018E","S1501_C01_018M","S1501_C02_018E","S1501_C02_018M","S1501_C03_018E","S1501_C03_018M","S1501_C01_019E","S1501_C01_019M","S1501_C02_019E","S1501_C02_019M","S1501_C03_019E","S1501_C03_019M","S1501_C01_020E","S1501_C01_020M","S1501_C02_020E","S1501_C02_020M","S1501_C03_020E","S1501_C03_020M","S1501_C01_021E","S1501_C01_021M","S1501_C02_021E","S1501_C02_021M","S1501_C03_021E","S1501_C03_021M","S1501_C01_022E","S1501_C01_022M","S1501_C02_022E","S1501_C02_022M","S1501_C03_022E","S1501_C03_022M","S1501_C01_023E","S1501_C01_023M","S1501_C02_023E","S1501_C02_023M","S1501_C03_023E","S1501_C03_023M","S1501_C01_024E","S1501_C01_024M","S1501_C02_024E","S1501_C02_024M","S1501_C03_024E","S1501_C03_024M","S1501_C01_025E","S1501_C01_025M","S1501_C02_025E","S1501_C02_025M","S1501_C03_025E","S1501_C03_025M","S1501_C01_026E","S1501_C01_026M","S1501_C02_026E","S1501_C02_026M","S1501_C03_026E","S1501_C03_026M","S1501_C01_027E","S1501_C01_027M","S1501_C02_027E","S1501_C02_027M","S1501_C03_027E","S1501_C03_027M","S1501_C01_028E","S1501_C01_028M","S1501_C02_028E","S1501_C02_028M","S1501_C03_028E","S1501_C03_028M","S1501_C01_029E","S1501_C01_029M","S1501_C02_029E","S1501_C02_029M","S1501_C03_029E","S1501_C03_029M","S1501_C01_030E","S1501_C01_030M","S1501_C02_030E","S1501_C02_030M","S1501_C03_030E","S1501_C03_030M","S1501_C01_031E","S1501_C01_031M","S1501_C02_031E","S1501_C02_031M","S1501_C03_031E","S1501_C03_031M","S1501_C01_032E","S1501_C01_032M","S1501_C02_032E","S1501_C02_032M","S1501_C03_032E","S1501_C03_032M","S1501_C01_033E","S1501_C01_033M","S1501_C02_033E","S1501_C02_033M","S1501_C03_033E","S1501_C03_033M","S1501_C01_034E","S1501_C01_034M","S1501_C02_034E","S1501_C02_034M","S1501_C03_034E","S1501_C03_034M","S1501_C01_035E","S1501_C01_035M","S1501_C02_035E","S1501_C02_035M","S1501_C03_035E","S1501_C03_035M","S1501_C01_036E","S1501_C01_036M","S1501_C02_036E","S1501_C02_036M","S1501_C03_036E","S1501_C03_036M","S1501_C01_037E","S1501_C01_037M","S1501_C02_037E","S1501_C02_037M","S1501_C03_037E","S1501_C03_037M","S1501_C01_038E","S1501_C01_038M","S1501_C02_038E","S1501_C02_038M","S1501_C03_038E","S1501_C03_038M",
"Geography","Geographic Area Name","Total!!Estimate!!Population 18 to 24 years","Total!!Margin of Error!!Population 18 to 24 years","Male!!Estimate!!Population 18 to 24 years","Male!!Margin of Error!!Population 18 to 24 years","Female!!Estimate!!Population 18 to 24 years","Female!!Margin of Error!!Population 18 to 24 years","Total!!Estimate!!Less than high school graduate","Total!!Margin of Error!!Less than high school graduate","Male!!Estimate!!Less than high school graduate","Male!!Margin of Error!!Less than high school graduate","Female!!Estimate!!Less than high school graduate","Female!!Margin of Error!!Less than high school graduate","Total!!Estimate!!High school graduate (includes equivalency)","Total!!Margin of Error!!High school graduate (includes equivalency)","Male!!Estimate!!High school graduate (includes equivalency)","Male!!Margin of Error!!High school graduate (includes equivalency)","Female!!Estimate!!High school graduate (includes equivalency)","Female!!Margin of Error!!High school graduate (includes equivalency)","Total!!Estimate!!Some college or associate's degree","Total!!Margin of Error!!Some college or associate's degree","Male!!Estimate!!Some college or associate's degree","Male!!Margin of Error!!Some college or associate's degree","Female!!Estimate!!Some college or associate's degree","Female!!Margin of Error!!Some college or associate's degree","Total!!Estimate!!Bachelor's degree or higher","Total!!Margin of Error!!Bachelor's degree or higher","Male!!Estimate!!Bachelor's degree or higher","Male!!Margin of Error!!Bachelor's degree or higher","Female!!Estimate!!Bachelor's degree or higher","Female!!Margin of Error!!Bachelor's degree or higher","Total!!Estimate!!Population 25 years and over","Total!!Margin of Error!!Population 25 years and over","Male!!Estimate!!Population 25 years and over","Male!!Margin of Error!!Population 25 years and over","Female!!Estimate!!Population 25 years and over","Female!!Margin of Error!!Population 25 years and over","Total!!Estimate!!Less than 9th grade","Total!!Margin of Error!!Less than 9th grade","Male!!Estimate!!Less than 9th grade","Male!!Margin of Error!!Less than 9th grade","Female!!Estimate!!Less than 9th grade","Female!!Margin of Error!!Less than 9th grade","Total!!Estimate!!9th to 12th grade, no diploma","Total!!Margin of Error!!9th to 12th grade, no diploma","Male!!Estimate!!9th to 12th grade, no diploma","Male!!Margin of Error!!9th to 12th grade, no diploma","Female!!Estimate!!9th to 12th grade, no diploma","Female!!Margin of Error!!9th to 12th grade, no diploma","Total!!Estimate!!High school graduate (includes equivalency)","Total!!Margin of Error!!High school graduate (includes equivalency)","Male!!Estimate!!High school graduate (includes equivalency)","Male!!Margin of Error!!High school graduate (includes equivalency)","Female!!Estimate!!High school graduate (includes equivalency)","Female!!Margin of Error!!High school graduate (includes equivalency)","Total!!Estimate!!Some college, no degree","Total!!Margin of Error!!Some college, no degree","Male!!Estimate!!Some college, no degree","Male!!Margin of Error!!Some college, no degree","Female!!Estimate!!Some college, no degree","Female!!Margin of Error!!Some college, no degree","Total!!Estimate!!Associate's degree","Total!!Margin of Error!!Associate's degree","Male!!Estimate!!Associate's degree","Male!!Margin of Error!!Associate's degree","Female!!Estimate!!Associate's degree","Female!!Margin of Error!!Associate's degree","Total!!Estimate!!Bachelor's degree","Total!!Margin of Error!!Bachelor's degree","Male!!Estimate!!Bachelor's degree","Male!!Margin of Error!!Bachelor's degree","Female!!Estimate!!Bachelor's degree","Female!!Margin of Error!!Bachelor's degree","Total!!Estimate!!Graduate or professional degree","Total!!Margin of Error!!Graduate or professional degree","Male!!Estimate!!Graduate or professional degree","Male!!Margin of Error!!Graduate or professional degree","Female!!Estimate!!Graduate or professional degree","Female!!Margin of Error!!Graduate or professional degree","Total!!Estimate!!Percent high school graduate or higher","Total!!Margin of Error!!Percent high school graduate or higher","Male!!Estimate!!Percent high school graduate or higher","Male!!Margin of Error!!Percent high school graduate or higher","Female!!Estimate!!Percent high school graduate or higher","Female!!Margin of Error!!Percent high school graduate or higher","Total!!Estimate!!Percent bachelor's degree or higher","Total!!Margin of Error!!Percent bachelor's degree or higher","Male!!Estimate!!Percent bachelor's degree or higher","Male!!Margin of Error!!Percent bachelor's degree or higher","Female!!Estimate!!Percent bachelor's degree or higher","Female!!Margin of Error!!Percent bachelor's degree or higher","Total!!Estimate!!Population 25 to 34 years","Total!!Margin of Error!!Population 25 to 34 years","Male!!Estimate!!Population 25 to 34 years","Male!!Margin of Error!!Population 25 to 34 years","Female!!Estimate!!Population 25 to 34 years","Female!!Margin of Error!!Population 25 to 34 years","Total!!Estimate!!High school graduate or higher","Total!!Margin of Error!!High school graduate or higher","Male!!Estimate!!High school graduate or higher","Male!!Margin of Error!!High school graduate or higher","Female!!Estimate!!High school graduate or higher","Female!!Margin of Error!!High school graduate or higher","Total!!Estimate!!Bachelor's degree or higher","Total!!Margin of Error!!Bachelor's degree or higher","Male!!Estimate!!Bachelor's degree or higher","Male!!Margin of Error!!Bachelor's degree or higher","Female!!Estimate!!Bachelor's degree or higher","Female!!Margin of Error!!Bachelor's degree or higher","Total!!Estimate!!Population 35 to 44 years","Total!!Margin of Error!!Population 35 to 44 years","Male!!Estimate!!Population 35 to 44 years","Male!!Margin of Error!!Population 35 to 44 years","Female!!Estimate!!Population 35 to 44 years","Female!!Margin of Error!!Population 35 to 44 years","Total!!Estimate!!High school graduate or higher","Total!!Margin of Error!!High school graduate or higher","Male!!Estimate!!High school graduate or higher","Male!!Margin of Error!!High school graduate or higher","Female!!Estimate!!High school graduate or higher","Female!!Margin of Error!!High school graduate or higher","Total!!Estimate!!Bachelor's degree or higher","Total!!Margin of Error!!Bachelor's degree or higher","Male!!Estimate!!Bachelor's degree or higher","Male!!Margin of Error!!Bachelor's degree or higher","Female!!Estimate!!Bachelor's degree or higher","Female!!Margin of Error!!Bachelor's degree or higher","Total!!Estimate!!Population 45 to 64 years","Total!!Margin of Error!!Population 45 to 64 years","Male!!Estimate!!Population 45 to 64 years","Male!!Margin of Error!!Population 45 to 64 years","Female!!Estimate!!Population 45 to 64 years","Female!!Margin of Error!!Population 45 to 64 years","Total!!Estimate!!High school graduate or higher","Total!!Margin of Error!!High school graduate or higher","Male!!Estimate!!High school graduate or higher","Male!!Margin of Error!!High school graduate or higher","Female!!Estimate!!High school graduate or higher","Female!!Margin of Error!!High school graduate or higher","Total!!Estimate!!Bachelor's degree or higher","Total!!Margin of Error!!Bachelor's degree or higher","Male!!Estimate!!Bachelor's degree or higher","Male!!Margin of Error!!Bachelor's degree or higher","Female!!Estimate!!Bachelor's degree or higher","Female!!Margin of Error!!Bachelor's degree or higher","Total!!Estimate!!Population 65 years and over","Total!!Margin of Error!!Population 65 years and over","Male!!Estimate!!Population 65 years and over","Male!!Margin of Error!!Population 65 years and over","Female!!Estimate!!Population 65 years and over","Female!!Margin of Error!!Population 65 years and over","Total!!Estimate!!High school graduate or higher","Total!!Margin of Error!!High school graduate or higher","Male!!Estimate!!High school graduate or higher","Male!!Margin of Error!!High school graduate or higher","Female!!Estimate!!High school graduate or higher","Female!!Margin of Error!!High school graduate or higher","Total!!Estimate!!Bachelor's degree or higher","Total!!Margin of Error!!Bachelor's degree or higher","Male!!Estimate!!Bachelor's degree or higher","Male!!Margin of Error!!Bachelor's degree or higher","Female!!Estimate!!Bachelor's degree or higher","Female!!Margin of Error!!Bachelor's degree or higher","Total!!Estimate!!POVERTY RATE FOR THE POPULATION 25 YEARS AND OVER FOR WHOM POVERTY STATUS IS DETERMINED BY EDUCATIONAL ATTAINMENT LEVEL!!Less than high school graduate","Total!!Margin of Error!!POVERTY RATE FOR THE POPULATION 25 YEARS AND OVER FOR WHOM POVERTY STATUS IS DETERMINED BY EDUCATIONAL ATTAINMENT LEVEL!!Less than high school graduate","Male!!Estimate!!POVERTY RATE FOR THE POPULATION 25 YEARS AND OVER FOR WHOM POVERTY STATUS IS DETERMINED BY EDUCATIONAL ATTAINMENT LEVEL!!Less than high school graduate","Male!!Margin of Error!!POVERTY RATE FOR THE POPULATION 25 YEARS AND OVER FOR WHOM POVERTY STATUS IS DETERMINED BY EDUCATIONAL ATTAINMENT LEVEL!!Less than high school graduate","Female!!Estimate!!POVERTY RATE FOR THE POPULATION 25 YEARS AND OVER FOR WHOM POVERTY STATUS IS DETERMINED BY EDUCATIONAL ATTAINMENT LEVEL!!Less than high school graduate","Female!!Margin of Error!!POVERTY RATE FOR THE POPULATION 25 YEARS AND OVER FOR WHOM POVERTY STATUS IS DETERMINED BY EDUCATIONAL ATTAINMENT LEVEL!!Less than high school graduate","Total!!Estimate!!POVERTY RATE FOR THE POPULATION 25 YEARS AND OVER FOR WHOM POVERTY STATUS IS DETERMINED BY EDUCATIONAL ATTAINMENT LEVEL!!High school graduate (includes equivalency)","Total!!Margin of Error!!POVERTY RATE FOR THE POPULATION 25 YEARS AND OVER FOR WHOM POVERTY STATUS IS DETERMINED BY EDUCATIONAL ATTAINMENT LEVEL!!High school graduate (includes equivalency)","Male!!Estimate!!POVERTY RATE FOR THE POPULATION 25 YEARS AND OVER FOR WHOM POVERTY STATUS IS DETERMINED BY EDUCATIONAL ATTAINMENT LEVEL!!High school graduate (includes equivalency)","Male!!Margin of Error!!POVERTY RATE FOR THE POPULATION 25 YEARS AND OVER FOR WHOM POVERTY STATUS IS DETERMINED BY EDUCATIONAL ATTAINMENT LEVEL!!High school graduate (includes equivalency)","Female!!Estimate!!POVERTY RATE FOR THE POPULATION 25 YEARS AND OVER FOR WHOM POVERTY STATUS IS DETERMINED BY EDUCATIONAL ATTAINMENT LEVEL!!High school graduate (includes equivalency)","Female!!Margin of Error!!POVERTY RATE FOR THE POPULATION 25 YEARS AND OVER FOR WHOM POVERTY STATUS IS DETERMINED BY EDUCATIONAL ATTAINMENT LEVEL!!High school graduate (includes equivalency)","Total!!Estimate!!POVERTY RATE FOR THE POPULATION 25 YEARS AND OVER FOR WHOM POVERTY STATUS IS DETERMINED BY EDUCATIONAL ATTAINMENT LEVEL!!Some college or associate's degree","Total!!Margin of Error!!POVERTY RATE FOR THE POPULATION 25 YEARS AND OVER FOR WHOM POVERTY STATUS IS DETERMINED BY EDUCATIONAL ATTAINMENT LEVEL!!Some college or associate's degree","Male!!Estimate!!POVERTY RATE FOR THE POPULATION 25 YEARS AND OVER FOR WHOM POVERTY STATUS IS DETERMINED BY EDUCATIONAL ATTAINMENT LEVEL!!Some college or associate's degree","Male!!Margin of Error!!POVERTY RATE FOR THE POPULATION 25 YEARS AND OVER FOR WHOM POVERTY STATUS IS DETERMINED BY EDUCATIONAL ATTAINMENT LEVEL!!Some college or associate's degree","Female!!Estimate!!POVERTY RATE FOR THE POPULATION 25 YEARS AND OVER FOR WHOM POVERTY STATUS IS DETERMINED BY EDUCATIONAL ATTAINMENT LEVEL!!Some college or associate's degree","Female!!Margin of Error!!POVERTY RATE FOR THE POPULATION 25 YEARS AND OVER FOR WHOM POVERTY STATUS IS DETERMINED BY EDUCATIONAL ATTAINMENT LEVEL!!Some college or associate's degree","Total!!Estimate!!POVERTY RATE FOR THE POPULATION 25 YEARS AND OVER FOR WHOM POVERTY STATUS IS DETERMINED BY EDUCATIONAL ATTAINMENT LEVEL!!Bachelor's degree or higher","Total!!Margin of Error!!POVERTY RATE FOR THE POPULATION 25 YEARS AND OVER FOR WHOM POVERTY STATUS IS DETERMINED BY EDUCATIONAL ATTAINMENT LEVEL!!Bachelor's degree or higher","Male!!Estimate!!POVERTY RATE FOR THE POPULATION 25 YEARS AND OVER FOR WHOM POVERTY STATUS IS DETERMINED BY EDUCATIONAL ATTAINMENT LEVEL!!Bachelor's degree or higher","Male!!Margin of Error!!POVERTY RATE FOR THE POPULATION 25 YEARS AND OVER FOR WHOM POVERTY STATUS IS DETERMINED BY EDUCATIONAL ATTAINMENT LEVEL!!Bachelor's degree or higher","Female!!Estimate!!POVERTY RATE FOR THE POPULATION 25 YEARS AND OVER FOR WHOM POVERTY STATUS IS DETERMINED BY EDUCATIONAL ATTAINMENT LEVEL!!Bachelor's degree or higher","Female!!Margin of Error!!POVERTY RATE FOR THE POPULATION 25 YEARS AND OVER FOR WHOM POVERTY STATUS IS DETERMINED BY EDUCATIONAL ATTAINMENT LEVEL!!Bachelor's degree or higher","Total!!Estimate!!MEDIAN EARNINGS IN THE PAST 12 MONTHS (IN 2011 INFLATION-ADJUSTED DOLLARS)!!Population 25 years and over with earnings","Total!!Margin of Error!!MEDIAN EARNINGS IN THE PAST 12 MONTHS (IN 2011 INFLATION-ADJUSTED DOLLARS)!!Population 25 years and over with earnings","Male!!Estimate!!MEDIAN EARNINGS IN THE PAST 12 MONTHS (IN 2011 INFLATION-ADJUSTED DOLLARS)!!Population 25 years and over with earnings","Male!!Margin of Error!!MEDIAN EARNINGS IN THE PAST 12 MONTHS (IN 2011 INFLATION-ADJUSTED DOLLARS)!!Population 25 years and over with earnings","Female!!Estimate!!MEDIAN EARNINGS IN THE PAST 12 MONTHS (IN 2011 INFLATION-ADJUSTED DOLLARS)!!Population 25 years and over with earnings","Female!!Margin of Error!!MEDIAN EARNINGS IN THE PAST 12 MONTHS (IN 2011 INFLATION-ADJUSTED DOLLARS)!!Population 25 years and over with earnings","Total!!Estimate!!MEDIAN EARNINGS IN THE PAST 12 MONTHS (IN 2011 INFLATION-ADJUSTED DOLLARS)!!Less than high school graduate","Total!!Margin of Error!!MEDIAN EARNINGS IN THE PAST 12 MONTHS (IN 2011 INFLATION-ADJUSTED DOLLARS)!!Less than high school graduate","Male!!Estimate!!MEDIAN EARNINGS IN THE PAST 12 MONTHS (IN 2011 INFLATION-ADJUSTED DOLLARS)!!Less than high school graduate","Male!!Margin of Error!!MEDIAN EARNINGS IN THE PAST 12 MONTHS (IN 2011 INFLATION-ADJUSTED DOLLARS)!!Less than high school graduate","Female!!Estimate!!MEDIAN EARNINGS IN THE PAST 12 MONTHS (IN 2011 INFLATION-ADJUSTED DOLLARS)!!Less than high school graduate","Female!!Margin of Error!!MEDIAN EARNINGS IN THE PAST 12 MONTHS (IN 2011 INFLATION-ADJUSTED DOLLARS)!!Less than high school graduate","Total!!Estimate!!MEDIAN EARNINGS IN THE PAST 12 MONTHS (IN 2011 INFLATION-ADJUSTED DOLLARS)!!High school graduate (includes equivalency)","Total!!Margin of Error!!MEDIAN EARNINGS IN THE PAST 12 MONTHS (IN 2011 INFLATION-ADJUSTED DOLLARS)!!High school graduate (includes equivalency)","Male!!Estimate!!MEDIAN EARNINGS IN THE PAST 12 MONTHS (IN 2011 INFLATION-ADJUSTED DOLLARS)!!High school graduate (includes equivalency)","Male!!Margin of Error!!MEDIAN EARNINGS IN THE PAST 12 MONTHS (IN 2011 INFLATION-ADJUSTED DOLLARS)!!High school graduate (includes equivalency)","Female!!Estimate!!MEDIAN EARNINGS IN THE PAST 12 MONTHS (IN 2011 INFLATION-ADJUSTED DOLLARS)!!High school graduate (includes equivalency)","Female!!Margin of Error!!MEDIAN EARNINGS IN THE PAST 12 MONTHS (IN 2011 INFLATION-ADJUSTED DOLLARS)!!High school graduate (includes equivalency)","Total!!Estimate!!MEDIAN EARNINGS IN THE PAST 12 MONTHS (IN 2011 INFLATION-ADJUSTED DOLLARS)!!Some college or associate's degree","Total!!Margin of Error!!MEDIAN EARNINGS IN THE PAST 12 MONTHS (IN 2011 INFLATION-ADJUSTED DOLLARS)!!Some college or associate's degree","Male!!Estimate!!MEDIAN EARNINGS IN THE PAST 12 MONTHS (IN 2011 INFLATION-ADJUSTED DOLLARS)!!Some college or associate's degree","Male!!Margin of Error!!MEDIAN EARNINGS IN THE PAST 12 MONTHS (IN 2011 INFLATION-ADJUSTED DOLLARS)!!Some college or associate's degree","Female!!Estimate!!MEDIAN EARNINGS IN THE PAST 12 MONTHS (IN 2011 INFLATION-ADJUSTED DOLLARS)!!Some college or associate's degree","Female!!Margin of Error!!MEDIAN EARNINGS IN THE PAST 12 MONTHS (IN 2011 INFLATION-ADJUSTED DOLLARS)!!Some college or associate's degree","Total!!Estimate!!MEDIAN EARNINGS IN THE PAST 12 MONTHS (IN 2011 INFLATION-ADJUSTED DOLLARS)!!Bachelor's degree","Total!!Margin of Error!!MEDIAN EARNINGS IN THE PAST 12 MONTHS (IN 2011 INFLATION-ADJUSTED DOLLARS)!!Bachelor's degree","Male!!Estimate!!MEDIAN EARNINGS IN THE PAST 12 MONTHS (IN 2011 INFLATION-ADJUSTED DOLLARS)!!Bachelor's degree","Male!!Margin of Error!!MEDIAN EARNINGS IN THE PAST 12 MONTHS (IN 2011 INFLATION-ADJUSTED DOLLARS)!!Bachelor's degree","Female!!Estimate!!MEDIAN EARNINGS IN THE PAST 12 MONTHS (IN 2011 INFLATION-ADJUSTED DOLLARS)!!Bachelor's degree","Female!!Margin of Error!!MEDIAN EARNINGS IN THE PAST 12 MONTHS (IN 2011 INFLATION-ADJUSTED DOLLARS)!!Bachelor's degree","Total!!Estimate!!MEDIAN EARNINGS IN THE PAST 12 MONTHS (IN 2011 INFLATION-ADJUSTED DOLLARS)!!Graduate or professional degree","Total!!Margin of Error!!MEDIAN EARNINGS IN THE PAST 12 MONTHS (IN 2011 INFLATION-ADJUSTED DOLLARS)!!Graduate or professional degree","Male!!Estimate!!MEDIAN EARNINGS IN THE PAST 12 MONTHS (IN 2011 INFLATION-ADJUSTED DOLLARS)!!Graduate or professional degree","Male!!Margin of Error!!MEDIAN EARNINGS IN THE PAST 12 MONTHS (IN 2011 INFLATION-ADJUSTED DOLLARS)!!Graduate or professional degree","Female!!Estimate!!MEDIAN EARNINGS IN THE PAST 12 MONTHS (IN 2011 INFLATION-ADJUSTED DOLLARS)!!Graduate or professional degree","Female!!Margin of Error!!MEDIAN EARNINGS IN THE PAST 12 MONTHS (IN 2011 INFLATION-ADJUSTED DOLLARS)!!Graduate or professional degree","Total!!Estimate!!PERCENT IMPUTED!!Educational attainment","Total!!Margin of Error!!PERCENT IMPUTED!!Educational attainment","Male!!Estimate!!PERCENT IMPUTED!!Educational attainment","Male!!Margin of Error!!PERCENT IMPUTED!!Educational attainment","Female!!Estimate!!PERCENT IMPUTED!!Educational attainment","Female!!Margin of Error!!PERCENT IMPUTED!!Educational attainment",
"1400000US06111000100","Census Tract 1, Ventura County, California","46","67","21","32","25","35","6.5","21.9","0.0","69.5","12.0","35.1","0.0","47.0","0.0","69.5","0.0","63.7","93.5","21.9","100.0","69.5","88.0","35.1","0.0","47.0","0.0","69.5","0.0","63.7","540","106","285","71","255","76","1.5","2.3","1.1","2.2","2.0","3.6","7.6","6.3","10.5","9.3","4.3","6.5","25.7","9.7","22.8","12.7","29.0","15.9","28.5","10.5","29.1","11.7","27.8","20.9","3.1","3.9","4.6","7.0","1.6","2.5","23.0","11.6","22.8","12.9","23.1","15.0","10.6","6.9","9.1","8.1","12.2","12.2","90.9","6.3","88.4","9.6","93.7","7.2","33.5","12.6","31.9","11.4","35.3","19.4","52","46","41","44","11","18","100.0","44.2","100.0","49.7","100.0","96.0","48.1","27.3","61.0","26.9","0.0","96.0","53","40","40","36","13","19","94.3","12.9","92.5","17.0","100.0","88.4","47.2","41.2","30.0","43.9","100.0","88.4","335","93","149","53","186","74","91.0","8.3","87.9","12.7","93.5","8.9","31.3","15.9","28.9","13.6","33.3","24.4","100","62","55","38","45","34","84.0","18.1","78.2","30.1","91.1","21.7","26.0","31.2","20.0","30.3","33.3","35.4","63.3","30.7","78.8","29.0","31.3","61.6","8.6","12.9","9.2","15.2","8.1","12.6","17.5","17.0","27.1","25.2","5.3","10.3","9.4","12.1","2.2","4.8","16.7","23.4","26594","7880","36346","25757","8750","31016","4196","23095","4107","28183","-","**","37019","21972","45568","26713","26806","35956","19038","16735","25547","19906","6910","20428","62692","68792","51250","65365","62692","114404","68173","64314","87500","55516","4083","37180","0.7","(X)","(X)","(X)","(X)","(X)",
"1400000US06111000200","Census Tract 2, Ventura County, California","359","91","180","72","179","90","22.3","13.4","17.8","13.6","26.8","23.7","32.6","14.8","39.4","16.2","25.7","21.4","45.1","17.0","42.8","17.9","47.5","29.1","0.0","9.9","0.0","18.7","0.0","18.8","1387","164","707","111","680","102","27.5","7.6","29.0","8.9","26.0","9.4","16.2","6.7","14.1","8.2","18.4","9.3","19.0","6.7","24.9","11.1","12.9","6.3","19.8","7.7","19.9","9.9","19.7","8.8","8.4","6.0","5.5","5.2","11.5","10.6","5.0","4.3","2.0","3.1","8.2","6.9","3.9","3.7","4.5","5.2","3.2","3.4","56.2","7.6","56.9","10.4","55.6","11.2","8.9","6.0","6.5","5.7","11.5","7.1","435","108","200","76","235","66","71.7","14.4","78.5","15.7","66.0","20.2","5.5","8.0","0.0","17.0","10.2","14.3","286","90","156","65","130","50","62.6","21.9","55.1","28.8","71.5","22.7","16.4","14.3","21.2","20.9","10.8","16.1","516","106","277","80","239","64","46.3","11.3","43.0","16.1","50.2","14.9","7.8","4.8","0.0","12.6","16.7","9.8","150","76","74","40","76","59","33.3","18.2","54.1","28.0","13.2","19.1","8.7","12.7","17.6","25.9","0.0","36.4","19.4","11.1","16.7","11.5","22.2","13.7","10.6","8.8","11.4","12.3","9.1","8.2","4.8","5.9","5.0","6.9","4.7","8.4","7.3","13.8","0.0","47.0","11.5","20.0","25714","8384","33889","6575","21579","6280","17061","3537","19286","3766","13906","6474","32760","13015","45324","22661","20167","8316","36250","5088","36707","11187","28250","20012","57500","48066","-","**","-","**","52434","41933","-","**","71875","60135","2.2","(X)","(X)","(X)","(X)","(X)",
"1400000US06111000302","Census Tract 3.02, Ventura County, California","414","202","196","107","218","142","6.5","10.6","13.8","21.5","0.0","15.7","17.6","15.0","7.7","12.0","26.6","21.5","69.8","17.0","78.6","23.5","61.9","25.0","6.0","8.8","0.0","17.3","11.5","17.9","4227","339","2079","238","2148","207","15.4","6.0","14.9","6.5","15.9","6.7","9.4","3.8","8.9","4.1","9.9","5.4","28.1","7.1","26.6","8.4","29.7","8.5","22.0","4.7","23.8","7.3","20.3","6.3","3.5","1.7","3.9","2.6","3.1","2.3","11.0","4.2","16.4","8.8","5.8","4.0","10.6","4.7","5.6","3.3","15.4","8.4","75.2","6.7","76.2","8.3","74.2","7.2","21.6","8.3","22.0","9.0","21.2","8.6","973","270","446","178","527","194","79.0","9.8","88.8","9.9","70.8","16.9","23.8","13.4","27.1","17.2","21.1","16.9","1031","225","562","155","469","143","73.4","13.8","70.8","16.8","76.5","20.5","28.7","21.0","26.5","21.2","31.3","25.8","1363","215","677","165","686","113","77.0","10.9","69.9","13.8","84.1","11.2","19.4","10.8","17.1","11.8","21.7","11.7","860","150","394","113","466","118","70.1","12.4","80.7","14.8","61.2","18.0","14.1","8.5","18.3","12.8","10.5","9.3","15.6","11.7","9.3","10.0","21.1","16.0","5.3","8.5","6.2","10.2","4.6","7.2","2.3","3.5","0.0","6.3","5.0","7.3","0.0","4.0","0.0","7.9","0.0","7.9","31750","3703","34189","10674","27252","6314","26311","5835","32171","12502","25108","3304","26747","7814","50409","35801","25824","8915","26313","11849","23962","9139","32727","14972","53027","14087","54561","21080","47607","60066","36691","53912","34205","48202","37077","60900","4.8","(X)","(X)","(X)","(X)","(X)",
"1400000US06111000303","Census Tract 3.03, Ventura County, California","562","165","284","161","278","139","13.0","9.4","11.6","17.5","14.4","16.7","18.9","16.7","26.4","31.1","11.2","14.4","55.5","15.8","37.0","25.8","74.5","19.0","12.6","12.3","25.0","19.7","0.0","12.6","3128","208","1621","160","1507","183","18.1","6.0","20.7","8.5","15.3","7.3","13.5","5.7","15.0","7.3","11.8","8.8","17.6","7.2","18.0","8.4","17.3","9.8","29.3","8.7","26.5","12.5","32.3","8.5","8.5","3.6","6.9","4.8","10.2","5.4","6.5","3.8","6.7","6.1","6.2","4.7","6.6","3.3","6.2","4.5","7.0","5.8","68.4","8.3","64.3","10.0","72.9","9.8","13.0","4.9","12.9","6.6","13.1","6.7","608","290","365","188","243","167","86.0","12.8","86.3","16.1","85.6","21.4","17.9","12.9","18.1","17.4","17.7","18.9","953","157","556","116","397","100","55.4","11.4","41.4","14.6","75.1","18.4","10.5","7.2","4.7","6.0","18.6","15.0","1099","189","495","119","604","111","69.5","9.1","72.5","14.6","67.1","14.7","13.2","7.8","13.3","11.8","13.1","13.1","468","169","205","81","263","117","69.7","16.7","67.8","25.2","71.1","18.8","11.3","11.8","24.9","25.6","0.8","2.4","31.7","16.5","26.8","16.9","39.0","19.8","4.7","7.9","0.0","12.0","10.8","16.8","3.2","3.3","0.0","6.9","5.9","5.7","0.0","8.9","0.0","16.6","0.0","17.3","39342","4282","38049","4893","50259","13756","20680","3761","21996","5542","9722","6085","53814","16999","54068","12071","36618","73334","42563","10545","39714","18335","44656","12124","61688","31960","24868","78860","61813","46259","116250","57799","88194","89766","125588","23510","5.7","(X)","(X)","(X)","(X)","(X)",
"1400000US06111000304","Census Tract 3.04, Ventura County, California","401","187","168","89","233","173","23.2","17.1","18.5","18.6","26.6","28.7","17.5","17.5","22.0","31.2","14.2","14.9","51.1","27.7","59.5","32.8","45.1","38.7","8.2","9.0","0.0","19.9","14.2","14.8","2442","237","1278","179","1164","130","22.6","7.1","21.7","8.8","23.6","9.6","13.4","5.6","12.5","7.0","14.4","7.8","15.7","4.7","17.5","7.7","13.7","6.6","25.8","5.4","28.9","9.8","22.3","9.8","6.4","5.2","6.3","5.4","6.5","5.7","7.7","3.6","7.0","5.4","8.3","5.2","8.4","5.3","6.0","5.3","11.1","7.5","64.0","7.4","65.8","9.7","61.9","9.7","16.1","6.1","13.1","6.2","19.4","8.5","651","210","299","132","352","123","53.3","17.3","47.8","23.4","58.0","20.2","8.3","7.0","4.0","6.5","11.9","9.2","813","172","434","131","379","106","68.1","13.5","74.4","15.5","60.9","21.9","24.7","17.1","17.3","14.6","33.2","24.3","741","183","413","121","328","83","73.5","11.9","70.5","12.0","77.4","16.9","14.8","9.0","13.3","15.3","16.8","11.0","237","121","132","71","105","75","48.9","22.7","63.6","28.5","30.5","30.3","11.8","12.2","18.9","20.1","2.9","5.2","27.0","17.0","29.3","22.5","24.8","16.5","9.1","13.3","14.7","21.4","1.3","2.8","11.6","9.0","2.2","3.8","24.1","16.3","2.3","4.1","0.0","20.0","4.0","7.4","26803","6113","27165","7957","24074","13625","15938","5276","16920","11557","12113","12116","27400","21349","53030","64142","18693","4672","35259","10584","32125","18572","35592","20060","27321","18614","26548","21199","42500","32316","86458","51422","56991","72572","115042","114033","4.1","(X)","(X)","(X)","(X)","(X)",
"1400000US06111000400","Census Tract 4, Ventura County, California","1139","238","590","157","549","203","23.2","9.3","36.8","15.8","8.6","8.6","23.4","8.5","18.3","11.0","28.8","14.5","53.5","12.4","44.9","16.5","62.7","16.9","0.0","3.2","0.0","6.2","0.0","6.6","3704","334","1868","227","1836","189","29.5","6.3","35.8","8.6","23.0","6.5","11.6","4.5","6.4","4.6","16.8","5.6","15.5","3.3","16.6","4.2","14.4","5.2","24.0","4.5","24.4","6.9","23.6","6.3","5.8","2.4","4.5","2.9","7.1","3.5","7.7","3.1","6.6","3.4","8.7","4.1","6.0","2.3","5.7","2.5","6.4","3.8","59.0","6.2","57.8","8.1","60.2","7.1","13.7","3.7","12.3","4.0","15.1","5.1","842","242","353","143","489","149","60.9","12.2","71.4","19.3","53.4","14.9","6.5","5.6","4.2","7.6","8.2","7.3","836","173","452","142","384","92","46.4","16.0","46.5","17.4","46.4","20.0","5.4","4.4","5.1","4.9","5.7","5.5","1399","182","712","111","687","102","64.5","8.6","57.6","11.0","71.8","9.3","18.6","7.5","15.9","7.9","21.4","8.5","627","125","351","93","276","85","60.6","14.3","59.0","18.1","62.7","17.2","23.4","9.6","22.5","11.7","24.6","17.5","21.0","11.4","17.5","11.9","24.8","12.3","13.6","12.8","9.0","12.2","18.9","16.5","6.9","5.8","7.2","8.4","6.6","8.0","3.4","4.7","6.5","10.1","0.7","2.1","25946","3358","28922","4925","22544","4937","16532","7850","20299","8047","13112","6385","26351","6922","34722","15449","19231","5812","29360","7044","50500","26259","24375","6044","62933","17834","73490","15548","56750","16596","96000","20770","116875","62583","67330","22405","4.4","(X)","(X)","(X)","(X)","(X)",
"1400000US06111000500","Census Tract 5, Ventura County, California","396","145","332","146","64","51","40.7","16.7","48.5","21.4","0.0","39.8","31.8","8.5","22.3","10.0","81.3","19.6","27.5","13.6","29.2","16.4","18.8","19.6","0.0","9.0","0.0","10.7","0.0","39.8","1843","290","1099","229","744","114","22.6","7.8","18.1","6.8","29.3","13.6","24.9","7.0","33.4","8.2","12.4","7.1","24.5","7.0","23.6","6.7","25.8","11.4","17.0","5.4","12.8","5.2","23.1","9.1","4.7","2.4","2.7","2.1","7.5","4.9","3.4","2.2","4.8","3.4","1.3","2.1","2.9","2.7","4.5","4.7","0.5","0.9","52.5","6.1","48.5","6.9","58.3","11.9","6.3","3.7","9.4","6.3","1.9","2.4","422","128","308","106","114","59","47.2","17.8","39.9","16.6","66.7","30.5","1.7","3.8","2.3","5.2","0.0","27.4","585","212","387","174","198","86","55.4","15.0","53.0","15.5","60.1","25.0","4.6","4.4","6.5","5.8","1.0","2.3","478","134","247","80","231","79","51.0","14.4","49.8","15.8","52.4","24.4","8.8","6.9","13.0","10.7","4.3","6.9","358","140","157","76","201","76","55.9","13.6","52.2","32.1","58.7","23.2","11.5","12.7","24.8","30.5","1.0","2.8","11.2","11.6","13.5","11.8","9.0","12.4","3.9","5.1","3.5","6.6","4.2","7.3","10.5","7.6","0.0","27.2","15.8","11.0","0.0","38.1","0.0","42.6","0.0","85.1","23033","3491","21108","3355","26027","4016","20662","3691","15744","4214","25729","2690","25978","6519","26146","10665","25375","11079","33750","18084","45197","35092","26696","18885","92875","72031","94125","52859","-","**","13814","294","-","**","-","**","9.8","(X)","(X)","(X)","(X)","(X)",
"1400000US06111000600","Census Tract 6, Ventura County, California","623","182","336","122","287","98","19.9","12.7","36.9","23.3","0.0","12.2","34.2","12.5","29.5","19.8","39.7","17.9","39.6","13.3","24.1","17.2","57.8","18.2","6.3","6.9","9.5","12.0","2.4","3.9","3261","449","1620","311","1641","209","31.6","8.5","30.9","9.6","32.2","10.0","13.4","3.7","16.9","6.3","10.0","4.9","24.0","5.2","25.7","7.7","22.4","8.0","21.5","6.0","19.2","7.6","23.8","7.6","4.8","3.1","2.0","2.4","7.6","5.4","3.7","2.5","4.4","3.9","3.0","2.6","1.0","1.0","0.9","1.1","1.0","1.6","55.0","8.7","52.2","10.3","57.8","10.2","4.6","2.7","5.2","4.1","4.0","3.1","929","255","526","144","403","148","56.4","17.0","54.0","17.5","59.6","23.9","1.1","1.4","1.0","1.6","1.2","2.2","584","140","261","92","323","91","59.2","13.9","48.7","20.5","67.8","16.3","0.0","6.2","0.0","13.4","0.0","10.9","1025","248","558","173","467","125","58.3","16.3","57.5","19.6","59.3","17.8","10.3","7.1","14.3","11.4","5.6","6.2","723","152","275","135","448","113","45.1","12.8","41.5","18.8","47.3","15.9","4.8","5.6","0.0","12.7","7.8","9.1","18.6","10.6","14.7","13.6","22.9","10.4","39.2","14.5","33.6","16.7","45.5","21.4","16.2","11.3","10.2","14.9","20.2","16.0","21.2","29.3","37.6","44.3","0.0","39.2","19464","2760","20446","6365","18702","2115","18087","1307","18496","3216","17579","7058","17269","6197","20117","8530","9881","9923","27329","2955","53411","12073","22243","8365","31087","20594","28250","41095","31467","19662","82721","33134","63409","37099","-","**","12.5","(X)","(X)","(X)","(X)","(X)",
"1400000US06111000701","Census Tract 7.01, Ventura County, California","767","384","284","271","483","267","54.2","23.3","51.8","34.2","55.7","29.3","35.1","19.5","34.5","22.8","35.4","26.0","7.6","8.9","13.7","22.8","3.9","7.3","3.1","5.4","0.0","12.4","5.0","8.3","3265","306","1551","248","1714","185","24.7","7.2","29.7","11.0","20.1","7.5","10.9","4.9","10.3","7.7","11.5","4.9","36.2","8.1","39.0","11.4","33.7","9.2","16.4","5.7","13.3","6.3","19.1","8.3","4.9","2.6","2.5","2.9","7.1","4.3","5.4","3.4","5.0","4.3","5.8","3.8","1.5","1.7","0.2","0.4","2.7","3.2","64.4","7.9","60.0","13.0","68.4","8.2","7.0","3.8","5.2","4.5","8.5","4.9","919","316","476","248","443","153","73.1","20.2","60.3","32.6","86.9","12.7","6.2","7.1","0.0","7.6","12.9","14.2","717","204","407","140","310","125","73.1","13.5","70.5","18.8","76.5","19.3","11.7","8.4","10.6","12.8","13.2","12.6","1080","258","489","132","591","155","58.8","15.0","53.6","21.0","63.1","18.7","7.7","7.7","7.2","12.4","8.1","8.7","549","137","179","78","370","105","49.5","18.0","53.1","28.6","47.8","18.9","0.5","1.0","1.7","3.2","0.0","9.6","21.0","10.5","7.9","7.8","36.2","17.8","9.3","8.5","4.3","5.3","14.6","16.0","12.1","12.1","6.9","11.5","14.9","17.3","0.0","15.4","0.0","36.1","0.0","22.4","29378","3506","32771","9907","25115","6309","25040","6242","27276","2491","14097","9447","29307","5287","40308","14260","21591","10278","41932","15179","34816","16082","45600","21841","63636","27342","64738","36141","32471","69363","125720","144755","-","**","125720","144755","3.7","(X)","(X)","(X)","(X)","(X)",
"1400000US06111000702","Census Tract 7.02, Ventura County, California","471","205","331","183","140","82","13.4","13.1","11.8","15.3","17.1","25.3","23.1","15.8","27.8","22.5","12.1","19.5","63.5","19.1","60.4","26.5","70.7","30.2","0.0","7.6","0.0","10.7","0.0","23.2","2085","243","991","185","1094","195","22.4","8.1","36.5","14.8","9.7","6.0","10.1","4.7","6.6","4.3","13.3","7.1","23.0","7.9","29.3","12.9","17.3","10.6","23.0","7.9","7.3","5.4","37.3","12.6","11.1","6.2","11.4","6.5","10.8","7.3","7.3","5.7","7.5","6.4","7.2","7.0","3.1","2.4","1.5","1.9","4.5","4.4","67.5","8.5","56.9","14.6","77.1","9.6","10.4","6.8","9.0","6.7","11.7","8.3","635","256","337","183","298","121","67.2","19.7","56.1","37.3","79.9","18.6","3.6","5.7","0.0","10.5","7.7","11.4","434","181","199","113","235","120","76.0","17.1","57.8","25.5","91.5","13.4","9.7","10.7","12.1","18.8","7.7","10.4","673","196","300","134","373","143","72.2","16.3","66.0","23.2","77.2","18.0","20.4","14.1","16.7","17.0","23.3","16.8","343","130","155","85","188","105","47.8","16.4","40.0","27.2","54.3","18.3","4.4","5.8","9.7","13.7","0.0","18.0","16.8","11.4","12.6","16.8","23.9","21.4","3.8","6.2","6.2","10.5","0.0","17.9","6.9","10.7","0.0","18.2","9.3","14.3","0.0","15.8","0.0","32.9","0.0","25.0","36549","6258","36930","9389","35469","7389","26195","13017","35264","17129","13485","8805","36719","9414","36719","18163","36719","5232","39276","11049","41173","7415","34625","18354","50905","14813","50690","64756","65298","44955","64063","28854","-","**","63616","17542","3.2","(X)","(X)","(X)","(X)","(X)",
"1400000US06111000800","Census Tract 8, Ventura County, California","813","179","267","92","546","148","10.9","7.2","10.5","10.0","11.2","9.6","23.4","10.4","36.3","18.4","17.0","9.7","58.8","11.0","53.2","16.4","61.5","14.3","6.9","5.0","0.0","13.1","10.3","7.9","5082","378","2305","234","2777","259","14.5","4.0","16.4","4.9","12.9","4.1","6.1","2.8","5.3","3.0","6.7","3.5","24.5","4.3","26.1","6.3","23.3","5.3","26.7","4.0","23.0","5.1","29.7","5.4","7.7","2.4","8.4","4.0","7.1","3.0","13.5","4.6","12.1","4.3","14.7","6.6","7.0","3.0","8.7","4.1","5.6","3.5","79.4","4.7","78.2","5.1","80.4","5.4","20.5","5.5","20.8","6.5","20.3","7.1","978","269","529","173","449","140","83.2","9.1","84.5","10.0","81.7","11.5","25.6","16.6","26.5","21.7","24.5","13.0","898","207","346","90","552","155","70.8","14.5","60.7","17.6","77.2","15.5","20.3","11.6","9.2","7.0","27.2","17.3","2053","211","948","142","1105","171","83.9","4.9","80.7","6.9","86.6","5.9","20.0","6.9","24.2","9.5","16.4","9.0","1153","184","482","116","671","126","74.9","9.7","79.0","12.8","72.0","10.7","17.3","9.8","16.2","10.9","18.2","12.4","25.0","11.6","19.9","11.3","29.8","14.2","15.4","9.2","6.7","6.2","23.5","13.7","5.1","3.0","0.7","1.1","8.2","4.8","11.6","14.2","1.5","2.3","20.2","24.0","35541","4082","37656","5221","29648","7349","20867","2394","22792","4993","18988","4356","38750","11321","38839","11949","31250","24742","36714","2531","40875","14839","35925","4661","43705","19137","44018","19286","43393","27591","72979","33773","73052","26787","72917","60143","5.3","(X)","(X)","(X)","(X)","(X)",
"1400000US06111000901","Census Tract 9.01, Ventura County, California","168","72","75","57","93","49","8.9","12.5","0.0","36.7","16.1","21.0","38.7","30.7","20.0","30.8","53.8","29.8","52.4","33.8","80.0","30.8","30.1","31.5","0.0","19.9","0.0","36.7","0.0","31.9","2125","239","1090","189","1035","119","2.3","2.3","1.7","2.2","2.9","3.0","4.2","3.3","3.1","4.5","5.4","4.2","17.7","8.5","20.4","9.5","14.9","7.9","22.9","5.8","20.1","8.3","25.9","6.1","6.0","3.3","1.1","1.7","11.2","5.5","26.0","6.4","28.0","8.3","24.0","7.4","20.8","4.8","25.7","6.0","15.7","6.2","93.5","3.9","95.2","4.7","91.7","4.8","46.9","7.3","53.7","8.7","39.7","8.4","146","90","61","51","85","73","70.5","35.0","29.5","44.9","100.0","33.9","10.3","14.5","11.5","20.4","9.4","13.9","220","45","109","63","111","60","92.3","13.0","99.1","1.9","85.6","20.3","26.8","20.5","26.6","29.1","27.0","24.3","1011","158","556","95","455","95","96.6","3.0","99.3","1.2","93.4","6.4","55.0","9.6","59.7","12.8","49.2","12.6","748","115","364","78","384","86","94.1","5.0","98.9","1.9","89.6","8.1","48.9","12.4","59.6","18.8","38.8","13.0","15.0","20.6","4.4","8.6","21.3","29.3","7.8","9.3","4.1","7.8","13.7","17.0","4.8","4.4","2.7","5.0","6.1","6.4","2.5","2.6","1.7","2.7","3.6","4.6","43519","6059","45917","14193","31953","9265","35096","17274","38208","1918","19375","12129","43846","1090","50909","22166","21212","537","32031","17854","27350","41853","32500","25571","60703","41868","45500","62350","64063","37328","89000","50432","89438","84645","66625","112670","6.7","(X)","(X)","(X)","(X)","(X)",
"1400000US06111000902","Census Tract 9.02, Ventura County, California","170","74","106","64","64","54","29.4","21.2","47.2","29.5","0.0","39.8","45.3","23.1","52.8","29.5","32.8","43.7","20.6","22.1","0.0","29.0","54.7","45.6","4.7","8.3","0.0","29.0","12.5","23.2","1448","196","724","139","724","101","16.7","11.4","22.1","14.9","11.3","8.8","2.8","2.0","2.9","3.2","2.6","2.6","12.4","5.3","12.0","5.7","12.7","7.9","25.3","8.3","20.6","9.3","30.0","10.1","9.3","5.2","5.8","6.6","12.7","7.4","19.8","5.9","18.1","8.3","21.5","10.6","13.8","5.1","18.5","6.5","9.1","4.9","80.5","11.6","75.0","15.1","86.0","9.4","33.6","6.8","36.6","10.3","30.7","10.4","162","101","110","93","52","38","66.7","36.0","59.1","49.8","82.7","29.6","8.0","14.5","6.4","14.7","11.5","19.8","250","132","108","70","142","67","36.4","25.7","24.1","25.1","45.8","35.3","3.6","5.6","8.3","13.2","0.0","22.9","707","123","326","79","381","87","94.8","4.6","90.2","9.4","98.7","1.9","41.9","9.8","44.2","16.0","39.9","16.9","329","95","180","65","149","54","90.3","8.3","87.8","12.5","93.3","8.7","51.4","14.7","58.3","19.6","43.0","18.8","17.0","17.9","26.0","27.0","0.0","31.2","25.4","22.3","11.5","15.2","40.2","36.9","8.5","7.5","6.5","8.1","9.9","10.7","2.9","3.4","3.1","5.2","2.7","3.8","41750","23674","43570","6494","25875","15003","15387","11744","16856","31078","12955","6715","43561","1128","43911","2903","26528","21759","32083","22345","43583","13578","27137","16757","53994","30542","66587","43810","52988","65693","103750","18693","107639","64265","84722","49562","4.7","(X)","(X)","(X)","(X)","(X)",
"1400000US06111000903","Census Tract 9.03, Ventura County, California","341","104","130","79","211","77","12.0","12.0","20.8","17.7","6.6","14.9","28.4","18.2","30.8","21.8","27.0","22.5","56.9","25.1","48.5","31.0","62.1","26.6","2.6","4.0","0.0","24.7","4.3","6.3","3707","299","1686","190","2021","207","5.0","2.9","6.5","4.9","3.8","2.3","3.6","2.6","3.3","4.4","3.9","2.9","17.4","4.0","19.8","5.6","15.4","5.5","26.2","5.5","25.0","8.0","27.3","7.2","5.3","3.3","3.0","3.0","7.3","5.2","25.3","5.4","23.9","7.9","26.5","7.3","17.1","4.2","18.7","5.8","15.7","4.7","91.4","4.0","90.3","6.8","92.3","3.7","42.4","6.4","42.6","8.3","42.3","8.2","561","257","269","152","292","147","94.8","11.1","89.2","23.8","100.0","12.0","16.8","16.8","14.9","21.9","18.5","21.5","669","164","327","92","342","109","91.9","7.0","83.5","14.1","100.0","10.4","40.8","16.7","40.4","17.8","41.2","22.1","1659","245","765","163","894","144","90.5","5.0","95.0","5.3","86.6","7.2","57.0","7.8","56.7","12.9","57.2","11.7","818","166","325","86","493","122","90.3","8.1","86.8","18.0","92.7","6.8","31.8","10.3","34.5","15.6","30.0","12.9","0.0","12.0","0.0","23.8","0.0","21.2","5.2","5.6","6.3","9.1","3.9","5.9","10.5","7.9","4.9","11.1","14.3","12.0","4.8","3.5","3.5","3.8","6.0","5.3","41179","6173","53438","9013","36731","11111","23047","18782","24464","18756","4615","31051","41806","10429","50833","4170","37829","10656","38443","9146","52699","14430","23989","14497","41346","14462","62931","67624","40846","12514","87717","15297","109861","19290","75000","38114","2.7","(X)","(X)","(X)","(X)","(X)",
"1400000US06111001001","Census Tract 10.01, Ventura County, California","332","122","219","109","113","62","21.1","15.4","21.5","21.2","20.4","21.1","16.0","8.9","10.0","11.4","27.4","16.2","47.0","18.7","56.6","28.2","28.3","27.4","16.0","15.3","11.9","17.4","23.9","32.2","1745","228","896","189","849","152","4.3","3.4","4.7","3.9","3.9","3.8","5.1","3.0","2.0","2.6","8.4","5.9","21.5","6.6","28.2","13.2","14.5","7.4","35.8","7.0","29.8","9.8","42.0","12.1","6.2","3.7","5.1","4.6","7.3","6.2","18.8","8.7","24.9","10.9","12.4","8.1","8.3","4.9","5.2","3.6","11.5","7.3","90.6","4.8","93.3","4.5","87.8","6.9","27.1","8.7","30.1","11.0","23.9","9.3","164","86","85","85","79","55","89.6","12.9","100.0","33.9","78.5","32.6","45.7","25.4","52.9","51.5","38.0","23.0","284","116","34","35","250","108","85.9","12.3","64.7","48.2","88.8","10.5","15.8","17.0","23.5","41.6","14.8","16.1","956","181","613","136","343","107","93.4","4.9","97.2","2.7","86.6","12.2","29.4","11.7","30.7","13.8","27.1","14.9","341","106","164","84","177","75","87.1","10.4","81.1","18.8","92.7","10.8","21.1","14.5","17.7","22.8","24.3","19.7","28.6","30.0","48.1","40.4","17.2","25.1","14.5","15.6","21.1","22.4","0.0","27.4","12.7","10.6","12.1","12.5","13.1","13.2","2.6","4.7","0.0","13.5","5.9","10.2","40869","4524","52413","2507","29358","14651","19063","11844","6296","145","21397","22562","53015","33615","54136","2881","27939","12096","37946","6798","50700","39102","37159","12319","50330","14121","50931","15140","24844","54922","90735","52936","92132","267645","72841","210762","7.9","(X)","(X)","(X)","(X)","(X)",
"1400000US06111001002","Census Tract 10.02, Ventura County, California","441","114","149","80","292","104","20.9","12.4","29.5","24.9","16.4","16.2","47.2","17.6","52.3","26.3","44.5","23.0","28.1","16.6","18.1","19.7","33.2","19.6","3.9","5.9","0.0","22.0","5.8","9.0","4938","264","2431","182","2507","224","5.1","1.7","5.6","2.2","4.7","2.3","6.1","2.7","9.1","4.5","3.2","2.3","20.8","4.5","18.8","5.6","22.8","5.9","26.8","3.4","28.7","5.8","24.9","5.0","6.8","3.0","4.3","2.7","9.3","4.6","20.0","3.8","22.5","5.9","17.6","6.7","14.3","3.2","11.0","4.9","17.6","4.7","88.8","2.8","85.3","4.7","92.2","2.7","34.3","5.2","33.4","6.7","35.2","7.2","531","173","339","123","192","112","77.6","12.6","77.9","14.2","77.1","21.4","31.8","15.8","18.0","15.5","56.3","27.8","971","173","493","104","478","131","87.6","8.5","83.0","15.0","92.5","5.7","32.2","13.2","25.8","17.1","38.9","16.0","2186","227","1114","150","1072","162","90.6","4.3","89.9","5.7","91.3","4.8","37.1","7.7","39.6","11.3","34.5","11.2","1250","148","485","129","765","146","91.2","5.3","82.1","9.8","97.0","5.7","32.2","10.6","37.9","16.2","28.5","13.1","12.8","11.6","7.8","9.4","22.1","19.6","9.3","7.6","7.0","8.5","11.2","11.6","5.3","3.0","6.6","4.9","4.0","3.6","4.5","4.3","6.5","8.1","2.7","3.0","33614","8591","50436","12111","28973","6225","22417","12896","28622","10383","20583","5679","30038","12561","50362","22731","19205","6528","42024","15797","46713","17513","32458","23682","40938","11790","58750","26041","25536","26472","60135","34493","102344","82608","32234","32796","1.9","(X)","(X)","(X)","(X)","(X)",
"1400000US06111001101","Census Tract 11.01, Ventura County, California","545","181","367","177","178","91","20.9","16.0","19.9","23.8","23.0","17.1","15.4","12.3","18.5","18.0","9.0","11.8","58.9","16.7","58.0","25.1","60.7","20.5","4.8","5.7","3.5","6.6","7.3","11.1","3352","228","1674","152","1678","138","3.9","2.6","7.3","4.9","0.6","1.0","4.7","2.2","5.8","3.0","3.6","2.5","30.0","5.4","35.4","7.3","24.5","6.6","32.7","5.1","27.8","6.5","37.6","7.7","9.3","4.1","5.6","4.0","13.1","5.7","12.4","4.3","12.1","4.3","12.7","6.9","7.0","3.0","6.0","3.2","7.9","4.0","91.3","3.1","86.9","5.3","95.8","2.7","19.4","5.3","18.1","5.4","20.6","7.7","596","183","308","107","288","103","95.6","5.0","93.5","9.3","97.9","3.2","8.9","8.0","3.6","6.9","14.6","14.1","495","125","265","79","230","83","94.7","5.1","90.2","9.8","100.0","15.0","10.3","7.6","4.2","6.8","17.4","14.2","1597","165","791","115","806","92","89.9","4.9","83.4","9.7","96.2","3.7","23.6","8.3","19.6","7.9","27.5","12.6","664","72","310","67","354","55","88.6","9.3","86.5","11.6","90.4","9.3","25.3","11.4","40.6","15.7","11.9","9.7","10.7","11.9","9.1","13.9","15.5","22.7","12.1","5.2","11.5","7.4","12.9","8.6","8.4","4.8","7.3","10.4","9.2","4.4","6.0","5.4","9.9","8.6","2.6","4.0","35361","4517","41729","4294","29792","4306","28750","17285","33194","8746","13021","12810","30855","8872","37031","19098","21429","24675","37972","9453","42853","4842","30417","4452","56042","20080","100139","76608","34676","45781","73182","49337","87596","65197","73068","72796","2.5","(X)","(X)","(X)","(X)","(X)",
"1400000US06111001102","Census Tract 11.02, Ventura County, California","348","121","162","89","186","80","6.9","8.3","0.0","20.5","12.9","16.5","36.2","19.5","16.7","17.9","53.2","26.6","52.6","17.5","83.3","17.9","25.8","18.3","4.3","6.0","0.0","20.5","8.1","10.9","2454","184","1186","140","1268","150","3.0","2.4","0.8","1.3","5.0","4.5","4.1","3.0","6.3","4.5","2.0","3.9","15.6","5.0","20.2","7.9","11.4","5.5","28.7","5.6","29.7","9.5","27.8","8.7","6.9","2.5","4.0","3.4","9.6","4.2","26.4","6.3","19.7","7.3","32.6","10.1","15.3","3.5","19.3","7.0","11.6","4.7","93.0","3.5","92.9","4.6","93.0","5.6","41.7","6.8","39.0","8.9","44.2","10.3","308","155","143","101","165","98","92.9","9.6","87.4","16.7","97.6","10.9","28.6","22.1","16.8","20.2","38.8","31.1","358","117","160","57","198","82","90.8","12.2","91.3","15.5","90.4","20.3","52.5","15.7","31.9","29.3","69.2","18.4","1306","146","630","109","676","95","93.5","5.1","95.4","5.4","91.7","9.2","41.8","9.6","43.7","12.1","40.1","14.2","482","68","253","40","229","50","93.2","6.3","90.9","9.7","95.6","7.5","41.9","12.5","44.7","15.1","38.9","15.4","54.9","37.4","23.8","36.1","84.3","40.1","8.1","12.6","8.8","19.3","6.9","12.1","1.0","1.8","0.0","8.9","1.9","3.2","7.9","6.5","3.7","4.6","11.4","10.2","48919","10191","55968","21572","34479","11375","16458","20252","23333","22684","2,500-","***","39219","39489","31000","39860","103295","115001","40855","17550","51215","6020","25227","10994","63147","24785","85313","22253","22336","47238","54167","10699","71350","21138","50960","7158","3.5","(X)","(X)","(X)","(X)","(X)",
"1400000US06111001201","Census Tract 12.01, Ventura County, California","393","138","243","107","150","75","3.3","4.7","4.9","7.3","0.7","2.4","21.1","12.3","10.3","12.1","38.7","27.4","74.0","13.8","82.3","15.6","60.7","27.6","1.5","3.2","2.5","5.6","0.0","21.9","2789","234","1299","195","1490","114","2.2","1.6","1.9","1.7","2.3","2.0","8.7","4.0","11.1","6.3","6.6","5.4","21.8","5.0","21.5","7.4","22.0","6.5","37.4","5.5","33.9","11.6","40.3","7.5","8.0","3.1","10.2","4.9","6.1","3.7","14.5","4.2","14.1","5.5","14.9","5.8","7.5","3.6","7.2","4.9","7.7","4.8","89.1","4.4","87.0","5.7","91.0","6.3","22.0","5.0","21.3","8.7","22.6","5.7","483","187","240","124","243","91","79.5","11.5","67.1","21.1","91.8","13.7","28.6","17.6","17.9","20.1","39.1","20.0","446","115","247","73","199","70","92.2","8.1","87.4","13.3","98.0","4.4","24.7","12.5","6.5","10.0","47.2","21.4","1085","141","498","112","587","98","92.0","7.0","97.4","4.1","87.4","12.4","17.8","8.2","22.7","13.4","13.6","8.1","775","83","314","76","461","63","89.4","7.0","85.4","10.5","92.2","6.5","22.2","8.6","33.4","16.5","14.5","8.3","1.7","2.8","3.0","5.6","0.0","24.1","5.4","5.7","11.1","12.2","0.6","1.7","5.1","4.1","4.2","5.8","5.9","5.4","0.0","5.9","0.0","12.6","0.0","10.6","36053","6842","45700","19307","27273","16743","18309","1483","18320","1288","18289","9216","22019","3128","20125","22839","23989","11211","39375","4898","47200","18144","35134","8184","53359","15883","73203","21495","46944","36185","101181","23981","104904","63736","100313","54460","4.6","(X)","(X)","(X)","(X)","(X)",
"1400000US06111001202","Census Tract 12.02, Ventura County, California","350","95","209","94","141","78","17.7","14.2","19.1","18.1","15.6","24.0","4.3","6.0","0.5","2.3","9.9","15.5","69.4","16.9","80.4","18.2","53.2","34.2","8.6","9.8","0.0","16.4","21.3","26.1","4635","263","2344","222","2291","158","0.6","0.6","0.7","0.9","0.4","1.0","3.0","1.4","1.2","1.3","4.8","2.3","17.6","6.0","17.4","7.7","17.7","6.9","27.1","5.8","30.9","10.7","23.3","6.2","10.4","3.0","6.3","3.0","14.6","4.9","23.4","4.9","24.7","6.3","22.0","6.3","17.9","4.3","18.7","5.7","17.1","5.7","96.4","1.5","98.1","1.6","94.7","2.5","41.3","6.5","43.4","9.2","39.2","7.2","531","239","322","219","209","96","92.5","9.0","96.0","6.7","87.1","18.9","32.6","25.5","44.4","43.7","14.4","16.7","968","133","452","90","516","103","97.0","2.9","100.0","8.0","94.4","5.4","46.5","12.0","35.4","13.6","56.2","16.5","2116","156","1082","108","1034","118","99.1","1.2","99.5","1.0","98.5","2.3","47.7","8.0","49.0","10.1","46.3","11.0","1020","189","488","118","532","124","92.5","6.4","94.5","6.5","90.6","7.7","27.7","10.7","37.9","15.0","18.4","10.6","31.3","27.5","26.7","38.5","33.1","30.0","7.1","5.2","4.9","7.5","9.4","9.6","6.0","4.2","4.0","4.1","8.1","6.2","2.4","2.2","1.8","3.2","3.1","3.3","49286","7338","54963","21570","40076","14004","24643","1819","-","**","24643","1819","35132","20483","36711","22723","21859","18857","51017","13604","73793","34959","31493","24461","44583","15729","44167","26367","48077","35971","74105","3889","96176","33061","72284","18988","5.6","(X)","(X)","(X)","(X)","(X)",
"1400000US06111001204","Census Tract 12.04, Ventura County, California","390","109","214","91","176","51","8.7","6.2","12.1","10.2","4.5","7.2","44.6","15.1","60.3","23.4","25.6","15.7","41.3","13.6","27.6","21.6","58.0","19.7","5.4","6.5","0.0","16.0","11.9","13.3","1499","175","831","154","668","100","9.5","5.0","5.2","3.5","15.0","10.0","11.5","4.0","8.5","5.2","15.1","6.4","30.1","5.1","39.8","9.3","18.0","7.1","24.3","6.6","29.0","10.4","18.6","6.9","5.7","3.4","2.0","2.3","10.2","6.5","11.6","5.0","6.9","4.5","17.5","9.4","7.3","4.3","8.5","6.6","5.7","4.8","79.0","5.9","86.3","5.9","69.9","11.1","18.9","7.6","15.4","8.1","23.2","9.5","354","163","249","152","105","59","78.5","17.7","92.0","11.8","46.7","37.6","6.2","6.9","2.0","3.7","16.2","23.3","261","79","127","45","134","50","67.8","16.6","76.4","19.9","59.7","19.4","13.8","12.4","10.2","12.3","17.2","14.8","710","166","368","102","342","96","85.6","9.4","90.5","7.6","80.4","15.1","28.6","12.5","25.3","13.9","32.2","15.9","174","68","87","40","87","38","69.5","16.0","66.7","22.1","72.4","21.6","12.6","10.0","19.5","17.9","5.7","8.9","24.4","16.7","15.8","15.9","29.4","24.2","8.0","7.2","6.3","6.3","12.5","13.3","5.6","4.9","4.7","6.1","6.8","8.6","1.8","2.9","0.0","25.0","3.2","5.2","31382","6142","36250","10543","27121","8977","25733","7653","38125","15988","24750","13318","31250","3880","31815","7770","26563","21495","26701","11852","26127","5365","40625","23271","41786","17483","55000","13066","30962","25394","68750","200943","207875","238033","47083","40534","0.6","(X)","(X)","(X)","(X)","(X)",
"1400000US06111001206","Census Tract 12.06, Ventura County, California","31","32","0","95","31","32","0.0","57.2","-","**","0.0","57.2","38.7","53.2","-","**","38.7","53.2","61.3","53.2","-","**","61.3","53.2","0.0","57.2","-","**","0.0","57.2","646","97","333","62","313","64","2.6","3.1","3.9","5.4","1.3","1.9","7.0","4.6","12.3","9.2","1.3","2.2","15.2","6.5","23.1","10.9","6.7","6.8","29.6","8.7","15.9","10.5","44.1","14.2","7.0","4.9","2.4","3.9","11.8","7.5","17.8","8.3","17.7","10.5","17.9","11.8","20.9","9.8","24.6","11.7","16.9","14.9","90.4","5.5","83.8","10.3","97.4","3.1","38.7","11.9","42.3","14.0","34.8","16.5","64","35","36","25","28","24","46.9","34.4","16.7","38.5","85.7","23.7","9.4","17.1","0.0","53.1","21.4","34.1","84","42","32","25","52","22","96.4","6.9","90.6","18.1","100.0","44.2","45.2","35.5","59.4","42.4","36.5","33.2","302","69","171","41","131","45","95.4","5.7","94.2","9.2","96.9","5.1","38.4","11.2","46.2","19.8","28.2","19.9","196","59","94","38","102","40","94.4","7.8","88.3","16.9","100.0","29.8","45.9","24.6","45.7","24.4","46.1","33.2","32.3","33.3","22.2","27.7","100.0","100.0","10.2","15.8","13.0","18.0","0.0","69.5","9.3","5.5","0.0","40.8","12.6","6.6","0.0","13.9","0.0","23.1","0.0","28.4","36792","10252","36167","16903","37417","9510","22375","19404","22375","19404","-","**","27721","9322","27721","9322","-","**","36125","6510","36583","12926","35667","14977","48333","23834","61000","134235","43750","71458","128365","61925","129567","60854","49875","47399","4.6","(X)","(X)","(X)","(X)","(X)",
"1400000US06111001301","Census Tract 13.01, Ventura County, California","817","263","471","175","346","143","10.3","6.5","13.0","10.1","6.6","10.3","30.0","11.4","30.4","17.0","29.5","17.0","57.8","13.1","56.7","19.9","59.2","18.0","2.0","3.2","0.0","7.6","4.6","7.6","5008","290","2390","187","2618","252","6.6","2.6","5.7","4.5","7.3","3.9","11.0","3.8","7.6","4.4","14.2","5.5","22.8","4.7","29.8","7.2","16.3","5.6","27.7","5.5","23.9","6.3","31.2","6.9","7.5","2.5","7.4","4.5","7.5","2.9","16.8","4.1","18.7","5.8","15.0","4.8","7.6","2.5","6.8","3.4","8.4","3.8","82.4","4.8","86.7","5.4","78.5","6.0","24.4","5.1","25.6","6.5","23.4","5.8","1258","268","575","171","683","175","87.1","7.9","85.7","12.2","88.3","10.9","33.7","12.1","25.2","15.1","40.8","15.8","1258","210","635","144","623","165","82.8","9.5","90.4","9.8","75.0","17.0","18.5","9.4","20.6","12.6","16.4","11.3","1909","306","950","194","959","169","80.6","9.4","84.8","9.5","76.4","11.3","24.0","7.1","29.6","11.4","18.6","6.3","583","103","230","66","353","78","77.4","12.3","86.5","19.9","71.4","16.3","18.5","6.9","23.5","15.0","15.3","11.0","4.2","5.0","3.8","9.7","4.4","4.9","8.1","7.8","8.4","8.2","7.5","9.0","3.2","2.7","5.6","5.5","1.4","2.4","3.3","3.0","0.0","5.9","6.5","6.1","43156","3534","55096","4869","27426","8165","27794","14911","36700","47818","17414","24444","36115","7205","48309","17514","25798","2621","43736","8017","55383","6446","30341","12560","55545","13900","55256","15460","60592","24296","56696","18981","77656","40632","41563","23032","4.2","(X)","(X)","(X)","(X)","(X)",
"1400000US06111001302","Census Tract 13.02, Ventura County, California","74","67","38","40","36","33","28.4","36.0","42.1","49.7","13.9","29.4","39.2","39.9","26.3","42.4","52.8","45.4","32.4","42.1","31.6","44.9","33.3","44.3","0.0","36.9","0.0","51.7","0.0","53.1","1144","173","526","129","618","120","16.8","9.7","16.9","8.6","16.7","12.7","6.4","3.7","8.0","5.7","5.0","5.0","23.9","7.6","26.6","10.8","21.5","8.5","27.4","6.8","21.7","9.5","32.2","11.0","8.1","4.2","3.2","3.8","12.3","6.9","15.3","7.9","20.7","10.1","10.7","8.3","2.2","2.2","2.9","3.8","1.6","2.7","76.8","9.9","75.1","10.3","78.3","12.4","17.5","8.0","23.6","11.2","12.3","8.4","96","47","30","28","66","41","57.3","33.9","26.7","38.7","71.2","38.8","36.5","40.4","0.0","58.2","53.0","48.2","182","56","96","51","86","40","88.5","14.5","92.7","11.8","83.7","19.6","40.1","22.1","63.5","26.4","14.0","19.1","385","127","202","121","183","80","77.4","13.4","80.7","16.5","73.8","22.4","11.7","8.7","18.3","19.2","4.4","7.4","481","96","198","57","283","63","75.9","14.2","68.2","19.0","81.3","14.3","9.8","7.2","13.1","13.3","7.4","7.2","42.6","33.4","38.2","26.7","47.0","42.9","13.9","10.0","0.0","23.2","28.6","17.8","6.2","6.8","0.0","24.5","9.1","9.9","4.0","6.5","0.0","25.6","10.5","18.7","25865","10637","31016","18037","14918","17374","19063","30594","18393","49236","19583","18207","40069","26524","40313","23654","25750","27291","26369","13016","43036","22868","18750","18064","21858","23263","22917","34024","14179","20233","-","**","-","**","-","**","4.0","(X)","(X)","(X)","(X)","(X)",
"1400000US06111001401","Census Tract 14.01, Ventura County, California","445","134","259","112","186","74","16.2","13.6","27.8","20.4","0.0","18.2","23.1","11.9","20.5","15.7","26.9","19.9","55.3","14.5","47.1","18.2","66.7","22.7","5.4","8.9","4.6","8.0","6.5","11.0","2519","212","1115","159","1404","111","1.2","1.4","2.6","3.1","0.0","2.6","12.1","5.9","9.4","7.1","14.2","6.3","22.9","6.9","29.7","10.8","17.6","6.7","20.4","4.9","19.3","6.6","21.4","6.0","13.2","4.5","9.5","5.8","16.1","6.5","18.3","4.9","20.2","8.1","16.8","5.8","11.9","3.6","9.3","3.9","14.0","5.4","86.8","5.9","88.0","7.8","85.8","6.3","30.2","5.7","29.5","8.3","30.8","6.6","341","147","179","87","162","69","67.7","21.9","77.7","22.8","56.8","29.5","18.8","16.4","10.1","12.9","28.4","21.7","349","114","143","68","206","70","90.3","8.5","100.0","22.8","83.5","15.5","35.8","16.9","29.4","22.5","40.3","20.3","1260","202","608","124","652","117","89.0","6.9","88.3","11.8","89.7","9.2","31.3","6.7","33.6","10.7","29.3","8.8","569","110","185","65","384","83","91.0","6.5","87.6","14.2","92.7","6.7","31.1","13.0","35.1","22.1","29.2","14.0","34.8","17.2","11.2","16.7","50.8","25.0","14.7","12.6","21.8","19.5","5.3","7.9","9.7","6.1","7.2","7.4","11.2","9.5","0.0","4.8","0.0","10.8","0.0","8.3","44570","10967","57845","13463","35745","12245","16270","12889","30446","43292","10880","12124","28519","7966","31625","23914","16161","1782","41186","9037","56964","29985","37097","11394","67778","11749","70139","13701","66856","18162","65625","20697","79688","15917","36190","35342","3.2","(X)","(X)","(X)","(X)","(X)",
"1400000US06111001402","Census Tract 14.02, Ventura County, California","610","171","327","121","283","110","9.0","8.5","11.0","12.8","6.7","10.2","16.7","11.6","26.9","16.2","4.9","8.6","64.4","18.1","62.1","21.1","67.1","27.7","9.8","12.3","0.0","10.8","21.2","25.0","3863","238","1694","188","2169","163","0.9","1.2","0.1","0.3","1.4","2.1","7.5","3.9","10.2","6.0","5.4","4.3","14.0","3.9","10.9","4.7","16.5","6.1","30.4","7.1","31.5","9.2","29.6","8.6","14.2","4.5","16.8","7.6","12.2","4.6","22.4","5.4","19.2","5.9","24.9","7.4","10.6","3.7","11.4","5.9","10.1","4.6","91.7","4.0","89.7","6.0","93.2","4.7","33.0","5.6","30.6","7.3","34.9","7.3","557","179","287","124","270","120","95.3","5.6","93.7","10.9","97.0","6.0","46.1","17.0","32.4","24.0","60.7","22.7","719","183","315","100","404","130","88.6","10.8","74.6","22.1","99.5","1.0","25.6","11.1","9.5","11.0","38.1","19.6","1917","168","824","70","1093","137","97.2","3.3","98.1","2.6","96.5","5.4","34.9","7.1","36.7","10.2","33.6","8.7","670","151","268","98","402","90","76.1","17.2","77.6","20.8","75.1","17.9","24.6","12.5","34.7","17.1","17.9","16.1","22.0","23.3","19.0","20.2","25.7","38.6","2.6","4.0","0.0","18.3","3.9","6.0","3.4","2.5","2.4","2.9","4.3","4.1","1.2","1.8","0.0","7.0","2.0","3.1","44328","2648","64949","17952","41310","7313","16563","17898","17647","33835","-","**","43093","13521","43750","24178","34766","22721","42287","9700","51518","28936","36346","12321","56154","26037","83810","9516","42578","4116","57198","34077","150417","137332","50577","32996","3.2","(X)","(X)","(X)","(X)","(X)",
"1400000US06111001502","Census Tract 15.02, Ventura County, California","841","246","462","199","379","120","7.3","8.1","0.0","7.8","16.1","17.3","25.6","14.2","31.4","20.2","18.5","15.9","48.4","14.3","65.4","20.7","27.7","18.0","18.8","12.8","3.2","5.4","37.7","23.5","5742","397","2740","297","3002","288","5.4","2.5","4.4","2.7","6.3","3.6","5.8","2.1","5.6","3.7","5.9","2.4","20.2","4.0","22.8","5.7","17.8","5.2","29.6","5.0","27.8","7.0","31.2","7.1","7.7","3.2","9.2","4.2","6.3","3.6","20.8","5.3","16.1","4.7","25.1","7.1","10.5","2.8","14.1","4.5","7.2","3.2","88.8","3.7","90.0","4.3","87.7","4.0","31.4","5.6","30.3","5.8","32.4","7.3","1576","334","796","253","780","215","90.9","8.5","92.8","8.2","89.0","10.4","36.5","15.8","24.2","12.5","49.1","19.8","1208","242","537","140","671","176","87.3","11.0","85.5","12.9","88.7","11.9","34.7","11.1","39.5","15.3","30.8","16.4","1911","168","1036","126","875","126","96.7","2.9","96.6","4.6","96.7","3.1","32.2","7.8","30.9","8.9","33.8","11.1","1047","155","371","85","676","127","73.3","10.0","72.2","16.4","73.8","10.4","18.1","7.9","28.0","14.7","12.7","8.6","7.5","9.0","0.0","13.9","13.3","15.0","11.1","7.3","8.3","9.8","14.6","10.2","7.0","4.6","2.6","3.0","10.9","7.5","2.5","2.4","1.6","2.4","3.4","4.1","44156","4343","50636","10705","41184","5350","21782","11411","29896","21726","13929","8701","25199","12534","26900","18298","22721","24541","43871","5180","45368","10417","37477","17108","48722","6743","74917","24599","43948","5735","84286","16788","101458","19340","60938","20881","6.6","(X)","(X)","(X)","(X)","(X)",
"1400000US06111001503","Census Tract 15.03, Ventura County, California","429","114","273","75","156","90","43.6","12.3","64.5","14.6","7.1","11.9","14.0","9.9","9.2","7.3","22.4","24.4","42.4","13.9","26.4","13.8","70.5","25.2","0.0","8.4","0.0","12.8","0.0","21.2","3807","379","2137","283","1670","188","5.8","3.1","7.3","4.8","3.9","3.4","8.9","2.3","9.7","2.8","7.9","3.7","28.8","6.4","31.7","9.7","25.1","8.4","26.4","4.5","28.6","5.7","23.6","6.2","11.4","3.0","7.7","3.2","16.2","5.0","15.1","4.0","11.9","4.7","19.2","5.8","3.5","1.8","3.0","1.9","4.1","2.6","85.2","3.5","82.9","5.2","88.2","4.5","18.6","4.5","15.0","5.6","23.2","6.2","1018","265","613","184","405","136","80.1","8.4","73.2","13.4","90.4","8.1","22.2","8.7","14.5","11.1","33.8","14.7","1013","282","667","230","346","104","85.3","5.7","80.8","8.9","93.9","5.2","22.7","11.7","19.9","11.8","28.0","15.9","1084","157","613","96","471","107","91.2","5.2","88.1","7.7","95.3","6.2","12.2","6.7","11.7","6.8","12.7","9.5","692","75","244","57","448","80","83.4","9.4","100.0","14.2","74.3","13.4","17.3","8.0","10.7","9.9","21.0","10.5","22.5","17.4","9.2","17.0","30.9","24.5","5.2","4.4","4.0","4.1","6.8","8.7","6.7","4.5","5.7","5.9","7.7","6.3","1.3","2.4","0.0","12.0","2.3","4.1","36207","5674","32895","9865","40189","7901","12206","6075","13472","6823","-","**","41512","16927","40161","38262","53032","19735","36317","3953","36645","5521","35980","8469","43789","11900","62813","48098","39896","10772","56250","45543","53571","186502","58333","29810","2.7","(X)","(X)","(X)","(X)","(X)",
"1400000US06111001506","Census Tract 15.06, Ventura County, California","392","159","277","118","115","65","26.0","12.6","10.5","9.8","63.5","26.9","31.4","17.3","29.2","18.5","36.5","26.9","39.3","14.5","55.6","21.4","0.0","27.2","3.3","6.1","4.7","8.5","0.0","27.2","3285","187","1526","128","1759","162","0.6","0.7","0.5","0.8","0.6","1.0","8.2","3.9","11.2","6.0","5.5","3.0","20.8","4.4","18.0","7.1","23.1","6.8","30.2","6.4","30.5","7.7","29.9","7.9","6.2","3.2","6.2","3.9","6.3","3.8","20.3","6.1","22.5","6.9","18.4","7.0","13.8","3.6","11.1","4.0","16.1","5.5","91.3","3.8","88.3","6.0","93.9","2.9","34.1","6.0","33.6","7.8","34.5","6.6","489","144","234","99","255","104","85.5","10.3","74.4","20.9","95.7","7.9","25.6","19.3","15.0","16.1","35.3","26.3","784","152","377","90","407","102","94.8","4.3","89.9","9.2","99.3","1.0","28.6","12.3","21.0","11.7","35.6","17.8","1449","190","667","126","782","98","91.2","6.3","91.9","6.7","90.7","6.4","41.8","8.4","45.0","10.8","39.0","10.7","563","65","248","68","315","52","91.5","6.3","89.1","8.4","93.3","6.9","29.3","9.9","39.5","16.0","21.3","11.7","3.8","6.0","5.6","9.5","0.9","3.1","9.4","8.9","14.2","14.2","6.2","7.9","7.2","8.6","7.7","9.4","6.8","8.0","4.9","4.2","4.9","7.0","5.0","5.2","50354","10045","51929","14096","46375","12992","32159","15777","33295","20427","31023","20151","50125","15037","45982","24505","51150","15907","44583","5497","54191","37628","41400","17431","61983","14027","75491","13459","47375","33219","67429","10940","65000","26696","71731","16768","2.4","(X)","(X)","(X)","(X)","(X)",
"1400000US06111001507","Census Tract 15.07, Ventura County, California","664","257","465","215","199","87","11.0","10.4","2.4","4.4","31.2","29.8","27.0","13.1","26.5","19.9","28.1","24.2","60.7","15.4","71.2","20.9","36.2","22.6","1.4","2.4","0.0","7.7","4.5","7.3","2914","295","1609","223","1305","138","6.1","3.5","5.6","5.0","6.7","4.9","7.1","4.6","9.0","5.6","4.8","4.4","22.6","4.3","21.9","5.3","23.4","8.1","31.7","7.2","30.6","8.3","33.0","9.8","11.5","4.0","8.4","4.1","15.3","5.8","12.6","3.2","15.4","4.2","9.1","4.2","8.5","4.3","9.2","4.9","7.6","4.7","86.8","6.7","85.4","9.0","88.5","6.6","21.0","4.9","24.5","5.9","16.7","6.3","587","198","367","174","220","97","82.6","20.1","75.2","29.5","95.0","7.3","16.4","10.0","14.4","12.6","19.5","16.1","722","219","428","165","294","105","87.0","8.9","82.9","11.9","92.9","7.8","20.6","13.4","18.7","12.7","23.5","18.1","1181","210","609","140","572","107","89.3","6.0","95.2","4.8","83.0","11.3","19.6","6.1","28.1","11.1","10.5","6.8","424","153","205","81","219","83","85.1","12.4","79.5","25.7","90.4","10.9","32.3","14.4","44.4","22.0","21.0","13.4","14.0","17.1","18.3","27.1","7.3","10.8","6.1","5.1","2.8","4.8","9.8","8.8","4.8","4.3","1.4","2.4","8.1","7.7","4.9","5.7","4.8","5.3","5.0","7.5","39399","7755","51393","12806","32898","7278","19094","12267","27000","26389","15885","3267","37464","17511","36693","21463","45598","15048","38992","9227","55750","14153","32159","6578","56974","14783","56447","16989","64318","25121","48625","8481","51731","42286","5972","60128","6.8","(X)","(X)","(X)","(X)","(X)",
"1400000US06111001601","Census Tract 16.01, Ventura County, California","157","81","83","54","74","50","15.9","20.7","15.7","21.6","16.2","24.0","45.9","20.0","56.6","34.8","33.8","26.8","38.2","17.2","27.7","26.4","50.0","29.8","0.0","21.1","0.0","34.5","0.0","36.9","636","82","356","82","280","61","14.2","6.7","16.6","9.2","11.1","7.5","8.3","5.7","12.4","9.4","3.2","4.9","15.9","7.1","11.8","8.6","21.1","13.0","23.4","9.8","21.6","14.5","25.7","12.1","5.5","4.1","2.0","3.4","10.0","7.9","22.2","10.4","26.1","12.0","17.1","11.9","10.5","7.1","9.6","8.0","11.8","10.4","77.5","9.7","71.1","14.4","85.7","8.5","32.7","11.1","35.7","13.2","28.9","13.8","127","53","70","43","57","28","79.5","19.8","75.7","29.9","84.2","22.2","40.2","25.6","40.0","32.5","40.4","32.7","109","40","44","30","65","34","91.7","12.9","100.0","48.0","86.2","21.5","33.0","21.6","63.6","34.3","12.3","18.2","247","86","154","74","93","44","74.5","16.9","64.9","22.4","90.3","13.3","24.7","19.2","23.4","22.3","26.9","24.5","153","67","88","34","65","41","70.6","30.3","63.6","35.2","80.0","27.8","39.2","24.4","39.8","30.1","38.5","33.5","9.1","13.7","0.0","29.6","32.5","45.4","9.9","15.9","0.0","49.2","16.9","26.7","0.0","18.3","0.0","34.2","0.0","30.3","0.0","16.4","0.0","25.1","0.0","35.0","55030","9851","55227","15327","54531","10068","27778","3008","29028","2821","-","**","31250","40869","19375","9829","65000","28296","55284","16354","56136","11193","48125","14064","64732","33514","80781","21583","55250","1910","94583","35535","93194","66889","-","**","1.6","(X)","(X)","(X)","(X)","(X)",
"1400000US06111001602","Census Tract 16.02, Ventura County, California","226","70","157","59","69","44","9.3","9.6","5.7","9.5","17.4","22.5","21.2","14.8","18.5","15.9","27.5","23.2","65.5","18.1","70.1","22.1","55.1","24.4","4.0","6.3","5.7","9.0","0.0","38.3","1594","145","721","91","873","90","2.4","2.0","3.7","3.9","1.3","2.0","4.8","3.3","3.2","3.2","6.2","4.5","17.3","4.9","16.6","6.8","17.8","6.6","27.7","7.6","28.2","10.1","27.3","7.6","11.9","4.8","11.8","7.1","11.9","5.8","18.3","6.0","15.0","6.5","21.0","7.8","17.8","4.9","21.5","7.2","14.7","4.8","92.8","4.4","93.1","4.7","92.6","4.8","36.0","7.3","36.5","9.1","35.6","8.3","232","88","51","31","181","70","90.1","10.6","100.0","44.6","87.3","13.7","42.7","16.2","31.4","32.2","45.9","18.5","201","78","118","44","83","51","99.5","4.1","100.0","26.7","98.8","10.3","45.8","21.5","23.7","18.5","77.1","23.8","647","76","321","47","326","52","93.4","5.7","88.8","9.4","97.9","3.8","33.1","12.8","36.8","16.2","29.4","13.0","514","75","231","66","283","60","90.7","8.1","93.9","7.5","88.0","10.8","32.9","10.9","43.7","14.5","24.0","17.8","46.7","41.4","54.0","43.8","40.4","40.5","4.0","6.1","1.7","3.5","5.8","10.1","1.5","1.9","1.1","1.9","1.8","3.1","0.0","6.4","0.0","13.7","0.0","11.3","48804","18945","71471","19739","29881","8036","53438","46145","53594","31064","-","**","30938","17959","44886","40229","18333","2304","35988","4672","71406","34201","27835","6242","51734","13506","81188","12412","50161","12132","70278","20907","90000","25097","60313","9663","0.8","(X)","(X)","(X)","(X)","(X)",
"1400000US06111001700","Census Tract 17, Ventura County, California","182","133","86","58","96","114","5.5","8.7","11.6","19.6","0.0","31.2","24.7","24.6","45.3","24.2","6.3","18.8","69.8","26.7","43.0","26.5","93.8","18.8","0.0","18.5","0.0","33.7","0.0","31.2","2637","144","1329","126","1308","117","2.0","1.6","2.5","2.6","1.5","1.9","2.8","1.7","2.0","1.9","3.7","3.0","17.6","4.5","17.0","5.9","18.3","6.3","21.8","5.0","22.8","6.4","20.9","7.4","11.1","3.8","12.6","6.5","9.6","5.0","24.5","5.0","19.7","5.8","29.3","8.7","20.1","5.3","23.3","7.2","16.8","7.3","95.2","2.3","95.5","3.9","94.9","3.6","44.6","7.8","43.0","8.7","46.1","9.7","161","111","69","51","92","92","100.0","20.6","100.0","38.3","100.0","32.2","9.9","18.0","11.6","21.8","8.7","19.2","401","79","170","48","231","53","100.0","8.9","100.0","19.7","100.0","14.9","65.1","17.6","64.7","23.4","65.4","18.7","1265","95","685","58","580","65","93.6","3.5","95.0","5.0","91.9","6.7","49.2","10.7","45.3","13.5","54.0","12.5","810","114","405","75","405","87","94.3","3.7","93.6","6.0","95.1","5.9","34.0","8.6","35.6","10.4","32.3","12.2","8.7","13.7","0.0","41.1","16.4","25.1","8.8","7.6","0.0","15.2","17.2","14.6","9.0","7.0","10.4","9.3","7.3","9.8","0.9","1.3","0.0","6.3","1.7","2.6","58717","8872","81349","12326","32898","10767","4375","176699","-","**","2,500-","***","55135","5330","55507","3016","46518","117120","53333","22386","74554","30473","21404","4541","56058","15926","82232","30024","34858","26383","83911","18604","89779","43823","54875","20272","2.2","(X)","(X)","(X)","(X)","(X)",
"1400000US06111001800","Census Tract 18, Ventura County, California","322","130","179","89","143","75","15.2","11.0","27.4","19.8","0.0","22.8","46.6","25.2","26.8","27.2","71.3","24.1","29.2","22.2","39.7","28.1","16.1","18.2","9.0","8.6","6.1","10.1","12.6","16.1","3276","228","1633","161","1643","181","3.1","2.1","2.6","3.1","3.5","3.0","0.5","0.6","0.6","1.0","0.5","0.8","13.1","3.6","10.2","4.2","16.0","5.3","23.1","5.9","19.8","6.8","26.5","7.4","7.7","2.8","9.8","4.1","5.5","2.8","30.8","5.4","33.3","8.5","28.3","6.9","21.7","4.2","23.8","5.4","19.6","6.3","96.4","2.0","96.9","3.0","95.9","3.0","52.5","6.4","57.1","9.1","47.9","6.7","391","136","252","117","139","53","100.0","9.1","100.0","13.8","100.0","23.3","31.7","20.5","19.8","18.9","53.2","25.6","592","126","300","71","292","73","99.0","2.2","100.0","11.7","97.9","4.4","66.0","16.2","73.3","17.6","58.6","21.2","1441","135","711","74","730","97","97.2","3.6","98.9","2.5","95.5","6.4","55.1","8.4","58.4","10.4","51.9","11.6","852","106","370","71","482","103","91.7","5.9","88.4","12.3","94.2","4.8","48.1","10.8","66.8","14.8","33.8","16.9","12.4","16.0","15.7","37.0","9.7","23.7","6.8","7.4","0.0","20.0","11.4","12.7","1.8","2.3","2.5","4.3","1.2","1.9","2.6","2.1","2.6","3.2","2.6","2.5","47042","7196","64390","7342","40443","6472","-","**","-","**","-","**","26912","27453","14836","95047","27279","24123","37934","4515","40104","29704","35515","5993","51357","4523","82014","15967","23750","24188","73841","9216","72639","21320","74180","12589","4.5","(X)","(X)","(X)","(X)","(X)",
"1400000US06111001900","Census Tract 19, Ventura County, California","229","131","104","71","125","109","2.6","7.5","5.8","15.9","0.0","25.5","47.6","19.6","48.1","34.2","47.2","20.2","40.2","17.9","33.7","29.5","45.6","20.2","9.6","10.8","12.5","17.8","7.2","14.7","2742","194","1208","131","1534","150","2.9","3.2","1.7","2.2","3.8","5.2","4.8","3.3","3.1","2.7","6.1","5.2","13.3","4.0","13.6","7.0","13.2","4.4","29.1","6.2","26.6","8.6","31.2","7.6","5.5","2.1","5.5","3.5","5.5","2.5","28.6","5.5","26.7","7.1","30.1","8.1","15.8","3.9","22.8","7.8","10.2","4.2","92.3","4.4","95.2","3.4","90.1","6.8","44.3","6.3","49.5","9.1","40.3","8.2","364","116","144","71","220","83","87.4","15.0","95.8","7.6","81.8","23.3","29.9","15.9","16.0","16.9","39.1","20.8","511","103","245","66","266","69","100.0","7.1","100.0","14.2","100.0","13.1","51.7","10.2","55.1","15.4","48.5","16.2","1279","162","594","93","685","115","93.5","7.0","97.6","3.7","89.9","12.3","51.4","10.0","56.6","13.2","47.0","12.1","588","88","225","63","363","69","86.2","10.1","83.1","13.5","88.2","10.3","31.5","10.6","46.2","18.4","22.3","10.2","23.1","33.9","23.2","35.5","23.1","46.5","16.0","15.0","34.4","29.2","2.0","7.4","6.9","5.4","6.7","7.3","7.0","5.9","0.2","0.5","0.0","6.1","0.5","1.0","43929","11167","64393","17792","37255","7321","50417","50732","11827","5085","51136","631","34352","9042","17273","40059","37500","6712","44063","20965","64107","19082","33750","18175","40833","13684","84479","27836","32171","10670","68125","17469","77778","46649","66310","23864","6.0","(X)","(X)","(X)","(X)","(X)",
"1400000US06111002000","Census Tract 20, Ventura County, California","87","57","64","50","23","31","20.7","30.1","0.0","39.8","78.3","58.1","46.0","24.7","54.7","25.4","21.7","58.1","26.4","28.0","35.9","32.4","0.0","66.4","6.9","13.0","9.4","18.6","0.0","66.4","1921","156","987","98","934","127","0.7","1.1","1.4","2.2","0.0","3.9","3.0","2.3","3.9","3.1","2.1","3.3","16.8","5.7","7.2","4.2","26.9","9.7","15.2","5.4","15.2","8.1","15.2","7.3","7.0","3.2","6.8","5.7","7.2","4.3","27.7","6.6","29.4","10.5","26.0","7.7","29.6","9.2","36.2","11.9","22.6","9.3","96.3","2.6","94.7","3.7","97.9","3.3","57.3","8.9","65.6","10.8","48.6","11.7","221","107","121","69","100","60","90.5","13.6","91.7","13.8","89.0","25.1","37.1","21.7","33.1","26.1","42.0","32.5","287","92","107","75","180","87","97.2","4.5","92.5","14.4","100.0","18.7","60.3","21.2","74.8","34.3","51.7","23.1","946","104","510","79","436","67","98.0","2.5","98.0","3.5","97.9","3.3","62.6","11.5","71.0","12.3","52.8","14.7","467","91","249","46","218","92","94.9","5.6","90.4","10.1","100.0","15.7","54.4","17.6","66.3","16.8","40.8","25.8","15.3","33.4","0.0","44.2","55.0","55.0","14.9","14.9","16.9","25.9","14.3","15.1","2.1","3.9","4.1","7.7","0.0","16.4","5.4","3.5","4.9","4.5","5.9","7.6","62099","9881","88342","3143","38203","15164","63500","82308","63500","82308","-","**","43594","23979","64583","35348","26574","26966","57647","26941","59816","13461","32125","31056","82788","16520","88625","13408","42375","18646","102716","20973","106964","21822","38977","98687","2.6","(X)","(X)","(X)","(X)","(X)",
"1400000US06111002102","Census Tract 21.02, Ventura County, California","198","90","77","67","121","70","0.0","17.2","0.0","36.1","0.0","26.1","7.1","7.8","0.0","36.1","11.6","12.8","67.2","24.7","100.0","36.1","46.3","34.7","25.8","23.3","0.0","36.1","42.1","33.5","1237","145","613","127","624","131","3.4","3.8","2.6","3.1","4.2","6.8","0.6","1.1","1.3","2.1","0.0","5.8","9.1","6.1","5.4","4.8","12.7","12.1","24.0","7.7","29.0","11.0","19.1","10.8","17.8","9.0","15.2","10.6","20.4","13.2","24.6","7.4","23.8","10.3","25.3","10.7","20.5","9.0","22.7","10.7","18.4","11.1","96.0","3.9","96.1","3.6","95.8","6.8","45.1","9.8","46.5","12.3","43.8","14.8","345","118","162","87","183","86","100.0","10.3","100.0","20.5","100.0","18.4","40.0","16.1","45.7","25.5","35.0","21.9","175","99","111","61","64","53","100.0","19.2","100.0","28.0","100.0","39.8","46.3","29.7","47.7","31.4","43.8","39.0","470","110","228","76","242","66","98.3","2.8","96.5","5.7","100.0","14.3","44.9","15.1","45.6","19.2","44.2","24.8","247","77","112","47","135","78","83.0","17.2","85.7","17.4","80.7","27.8","51.8","21.7","48.2","27.7","54.8","32.8","52.0","52.0","0.0","65.0","100.0","62.5","25.9","35.9","0.0","55.5","36.7","49.6","14.3","10.8","16.6","17.7","11.8","12.1","4.3","6.7","2.5","4.1","6.2","13.1","49293","7180","65101","9130","29797","16890","-","**","-","**","-","**","30324","16678","35662","5140","21635","14686","33224","16630","50469","32477","28314","13298","62925","10269","80676","22173","50938","18327","80500","33103","116094","174201","75114","61333","3.6","(X)","(X)","(X)","(X)","(X)",
"1400000US06111002200","Census Tract 22, Ventura County, California","385","155","219","127","166","84","21.0","17.7","31.1","24.3","7.8","14.0","34.3","21.6","40.2","30.1","26.5","24.1","29.9","20.6","15.1","16.1","49.4","29.9","14.8","20.3","13.7","22.1","16.3","21.3","3990","304","1996","192","1994","206","10.7","4.2","7.3","4.2","14.1","5.4","15.0","6.3","16.0","8.5","14.0","8.0","21.7","5.6","22.5","7.9","20.9","6.4","18.4","4.7","22.9","6.8","13.8","5.9","12.2","3.8","8.7","4.9","15.6","6.1","13.6","4.3","15.8","5.9","11.4","4.8","8.3","3.3","6.7","3.7","10.0","5.4","74.3","7.3","76.7","9.2","71.8","8.9","22.0","5.6","22.5","6.9","21.4","7.1","841","204","390","162","451","121","68.5","16.1","76.2","17.9","61.9","23.8","8.3","6.5","12.1","13.0","5.1","5.2","984","195","579","140","405","135","75.2","11.3","76.0","11.7","74.1","22.8","24.5","9.3","24.5","11.8","24.4","14.5","1732","193","876","147","856","148","76.8","10.5","76.8","14.4","76.8","11.8","25.2","8.0","20.5","8.9","29.9","11.5","433","192","151","80","282","137","73.2","21.0","80.1","34.3","69.5","21.5","29.8","16.3","53.0","35.3","17.4","16.3","35.4","19.4","48.4","24.1","24.7","17.8","11.2","9.4","0.5","2.3","22.5","17.5","17.4","9.6","22.1","14.1","12.3","13.5","8.4","8.8","3.4","7.7","13.6","15.7","27527","4980","29708","7372","24587","5640","21266","6835","22047","4382","11887","8673","30542","4984","33287","7429","17389","18380","28450","6450","38452","19397","24786","6694","46492","21970","47298","42232","41667","28699","77132","20077","79375","69612","75469","16741","4.6","(X)","(X)","(X)","(X)","(X)",
"1400000US06111002300","Census Tract 23, Ventura County, California","801","214","399","185","402","154","22.6","14.6","28.3","24.5","16.9","18.1","38.5","16.1","16.5","24.9","60.2","20.1","35.7","15.5","55.1","26.2","16.4","14.2","3.2","3.8","0.0","9.0","6.5","7.7","4241","403","2333","339","1908","207","17.3","5.3","13.0","5.5","22.4","8.5","18.7","5.3","21.9","7.2","14.8","6.3","23.0","6.5","20.1","6.5","26.4","11.4","27.1","5.3","29.4","7.3","24.3","7.4","2.8","2.1","3.0","2.5","2.6","3.0","6.7","2.8","7.6","4.2","5.6","3.3","4.5","2.9","5.0","4.4","3.9","2.8","64.0","6.8","65.1","7.8","62.7","8.9","11.2","4.2","12.6","5.6","9.4","4.4","1372","412","859","276","513","194","70.8","14.2","75.7","15.6","62.8","19.9","9.2","7.8","10.5","10.2","7.0","8.9","1216","258","563","189","653","155","50.4","15.6","47.6","20.5","52.8","15.8","14.6","8.4","21.1","14.4","8.9","6.8","1308","240","703","177","605","109","70.1","11.5","71.7","14.2","68.3","13.1","10.6","6.7","7.5","6.9","14.2","9.4","345","91","208","77","137","80","62.0","19.3","46.6","24.1","85.4","23.1","9.0","10.1","14.9","16.9","0.0","23.6","31.1","12.4","29.5","12.8","32.9","15.3","18.8","11.8","16.4","16.1","21.0","20.3","21.4","10.6","18.8","14.1","25.3","13.0","16.1","17.9","25.9","26.9","0.0","18.7","24159","4198","25638","5540","20532","5858","19804","5187","23878","2558","11592","5108","15669","7637","21618","15242","14667","7796","39449","6482","37250","8487","41313","6076","42596","17577","22097","35392","56538","30235","22400","63931","11940","74008","32143","129240","6.9","(X)","(X)","(X)","(X)","(X)",
"1400000US06111002400","Census Tract 24, Ventura County, California","299","96","191","69","108","65","3.3","5.8","5.2","9.1","0.0","28.6","32.4","21.1","50.8","33.1","0.0","28.6","59.2","21.2","39.3","31.4","94.4","9.5","5.0","6.0","4.7","7.3","5.6","9.5","2014","198","1074","183","940","162","9.2","5.3","8.7","6.8","9.8","6.9","12.9","6.3","8.6","7.8","17.8","9.6","21.4","7.3","28.9","9.9","12.8","7.3","23.5","7.7","28.8","12.2","17.6","8.3","3.8","3.1","1.5","1.8","6.5","6.2","19.6","5.8","20.9","8.7","18.2","10.5","9.6","4.3","2.8","2.5","17.4","8.7","78.0","7.7","82.8","9.7","72.4","10.0","29.2","7.1","23.6","8.7","35.6","11.8","365","111","204","87","161","66","84.1","12.8","86.3","13.0","81.4","18.4","50.4","15.6","35.8","22.0","68.9","18.1","325","174","181","144","144","86","85.5","16.9","79.6","31.5","93.1","10.7","44.6","27.5","21.5","24.9","73.6","23.7","830","172","536","116","294","128","82.0","11.7","82.1","14.6","82.0","22.8","22.9","9.7","22.8","14.0","23.1","17.4","494","135","153","94","341","110","61.5","15.6","84.3","20.2","51.3","17.2","14.2","7.2","13.1","15.0","14.7","10.2","57.0","21.3","55.7","31.7","57.9","31.0","18.8","11.3","12.9","12.7","34.2","26.6","19.6","19.6","26.8","31.1","9.3","12.4","4.6","4.1","10.6","10.1","0.0","10.6","27689","9894","23871","7537","40491","14896","12118","14830","12143","16219","12031","23006","19033","3928","19043","6899","19018","47460","27083","13335","27083","22901","25000","21091","50081","12717","50040","20133","52656","33641","62639","13687","171250","131935","54750","22372","2.6","(X)","(X)","(X)","(X)","(X)",
"1400000US06111002500","Census Tract 25, Ventura County, California","313","179","91","80","222","161","24.3","24.4","50.5","50.5","13.5","18.5","0.0","11.3","0.0","32.4","0.0","15.5","56.2","18.8","29.7","40.3","67.1","19.3","19.5","16.1","19.8","32.2","19.4","21.3","3853","236","1725","226","2128","170","0.8","0.9","0.7","1.2","0.8","1.4","5.1","2.9","8.1","5.9","2.7","1.9","13.0","3.8","13.4","6.4","12.7","3.9","31.0","6.0","26.8","8.0","34.4","7.2","6.6","3.1","6.3","5.3","6.8","3.7","27.5","5.0","25.7","8.9","28.9","7.0","16.1","4.3","18.9","7.1","13.8","4.6","94.1","3.2","91.2","5.9","96.5","2.4","43.5","6.3","44.6","9.9","42.6","7.3","818","191","366","142","452","129","95.6","6.1","95.1","11.2","96.0","6.8","47.6","13.7","56.3","23.2","40.5","19.5","427","119","259","91","168","89","96.0","5.7","93.4","10.2","100.0","19.9","49.6","20.1","31.3","20.4","78.0","22.1","1481","164","676","119","805","120","93.7","6.9","88.8","12.6","97.9","3.7","47.5","10.6","47.3","17.3","47.6","10.6","1127","150","424","150","703","99","92.8","4.4","90.3","9.5","94.3","5.2","33.1","9.6","38.4","16.9","29.9","11.8","18.9","17.3","11.2","17.1","34.7","35.4","7.8","6.8","6.5","10.7","8.9","9.2","11.5","5.6","12.4","9.1","10.8","5.9","3.1","3.1","0.0","4.7","5.7","5.6","52142","4989","64298","11900","41188","3063","20329","31672","6339","21301","-","**","43229","25831","60000","26147","18068","17371","46319","13809","63258","12560","40965","1040","54750","18125","97708","28380","41042","25839","93700","30773","93025","50254","101055","40845","5.9","(X)","(X)","(X)","(X)","(X)",
"1400000US06111002600","Census Tract 26, Ventura County, California","317","139","158","84","159","83","17.4","16.1","5.1","7.8","29.6","26.4","26.2","17.7","40.5","31.6","11.9","13.9","52.7","18.6","46.8","29.3","58.5","25.6","3.8","5.2","7.6","10.4","0.0","20.8","2073","254","994","178","1079","157","7.6","4.1","8.7","4.7","6.6","5.5","4.3","2.7","3.4","3.5","5.1","4.1","20.8","5.5","27.8","7.7","14.4","6.9","19.0","5.3","17.5","6.9","20.4","7.5","13.9","4.5","14.6","6.7","13.3","6.6","17.9","6.2","15.9","6.4","19.8","8.7","16.4","4.4","12.2","5.6","20.4","7.4","88.1","5.5","87.9","5.9","88.3","6.6","34.4","7.6","28.1","8.9","40.2","10.2","363","115","188","94","175","69","93.9","8.7","93.6","15.0","94.3","9.5","34.2","17.0","13.8","15.0","56.0","19.6","698","146","358","99","340","89","90.4","10.8","91.1","11.1","89.7","11.7","27.4","11.3","26.0","14.1","28.8","15.2","777","142","367","94","410","100","84.0","10.6","85.6","11.3","82.7","13.4","43.2","11.0","37.3","12.4","48.5","16.4","235","89","81","55","154","83","86.0","15.3","71.6","33.8","93.5","10.7","26.4","17.4","28.4","30.6","25.3","20.2","27.2","20.6","29.2","25.2","25.4","23.0","7.7","6.2","8.3","8.0","6.5","10.4","10.0","8.9","13.5","15.5","6.9","9.1","7.6","7.0","2.2","3.4","11.1","11.2","36324","7433","39818","7762","30068","7888","25714","8127","26250","2655","-","**","23939","6871","27250","23769","22279","2415","32411","10397","39853","13068","27000","13209","42333","23345","70893","34163","40052","24103","70349","22373","103750","60614","57750","25029","2.6","(X)","(X)","(X)","(X)","(X)",
"1400000US06111002700","Census Tract 27, Ventura County, California","347","137","175","85","172","94","6.6","10.9","0.0","19.2","13.4","21.6","53.0","21.8","74.9","23.6","30.8","28.1","38.0","20.8","20.6","23.0","55.8","30.4","2.3","4.3","4.6","8.5","0.0","19.5","2907","240","1236","160","1671","188","5.1","3.0","5.6","5.4","4.8","3.8","4.6","2.4","8.5","5.1","1.8","1.7","22.8","4.6","30.2","7.7","17.4","6.4","33.4","6.0","26.5","7.7","38.5","9.2","6.0","2.6","2.8","2.3","8.4","3.9","15.5","5.1","14.5","6.7","16.3","5.4","12.5","3.7","12.0","5.8","12.8","4.6","90.2","4.3","85.9","7.5","93.4","4.1","28.0","6.2","26.5","8.2","29.1","6.6","657","203","267","148","390","121","89.6","7.3","74.5","20.8","100.0","9.2","11.1","7.5","9.4","10.1","12.3","8.9","376","103","222","68","154","75","100.0","9.5","100.0","15.5","100.0","21.4","23.4","12.8","14.4","12.9","36.4","24.9","1001","115","408","75","593","79","87.4","7.8","86.8","8.6","87.9","10.8","40.0","9.4","30.6","11.7","46.4","12.7","873","136","339","98","534","101","89.7","7.9","84.7","17.0","92.9","5.7","28.9","11.4","42.8","17.4","20.0","11.5","8.0","12.2","13.5","18.6","0.0","31.2","6.2","5.1","3.0","4.8","10.3","10.0","12.1","6.5","22.3","16.2","7.4","6.6","4.9","5.6","4.0","6.3","5.6","6.7","37928","7898","38175","10053","37734","10542","28438","11862","33056","8609","21641","21274","27530","5418","26799","14116","28214","13575","39023","13623","45602","16636","37864","19411","46726","10218","51125","29378","46190","13414","61250","13254","62273","20346","57750","18256","3.4","(X)","(X)","(X)","(X)","(X)",
"1400000US06111002800","Census Tract 28, Ventura County, California","558","222","380","171","178","98","15.6","13.6","18.4","18.4","9.6","16.3","38.2","16.4","42.1","25.8","29.8","30.2","44.4","18.0","39.5","23.1","55.1","32.5","1.8","3.2","0.0","9.4","5.6","9.9","4112","282","1816","253","2296","153","3.7","2.0","2.9","2.2","4.4","2.6","4.5","2.6","8.0","4.6","1.7","1.9","24.4","5.5","23.3","6.2","25.2","7.4","29.1","6.4","25.2","7.7","32.2","7.3","11.9","3.8","12.4","6.1","11.5","4.4","17.2","3.9","19.1","5.9","15.8","4.5","9.1","2.9","9.0","3.7","9.2","4.3","91.8","3.3","89.0","4.8","93.9","3.1","26.4","5.3","28.1","6.9","25.0","5.9","1096","249","546","164","550","154","97.4","3.2","94.9","6.2","100.0","6.6","26.6","9.8","26.6","12.8","26.5","10.9","901","173","392","127","509","101","90.0","10.0","84.4","19.1","94.3","6.9","28.0","10.7","24.0","12.7","31.0","15.0","1480","165","717","113","763","105","89.7","5.4","86.1","8.1","93.2","5.0","28.2","8.5","30.1","11.6","26.3","9.1","635","99","161","60","474","90","89.1","7.1","93.8","10.6","87.6","9.0","19.5","9.2","34.2","17.9","14.6","9.1","22.7","27.1","31.2","35.9","10.7","20.0","12.1","7.2","4.0","7.4","18.0","9.6","5.6","5.3","0.0","5.3","9.5","9.0","1.1","1.7","2.4","3.5","0.0","6.3","40790","2745","44410","10028","35292","6619","11088","5418","11000","7692","11339","10153","34021","5197","34063","10057","29750","21544","40972","3059","47458","14918","31875","5551","51000","12087","62045","17448","38013","30187","73929","8777","102857","52910","71357","6536","2.7","(X)","(X)","(X)","(X)","(X)",
"1400000US06111002901","Census Tract 29.01, Ventura County, California","538","213","251","136","287","142","20.4","13.8","21.5","21.8","19.5","25.7","32.0","16.6","39.8","32.1","25.1","20.9","46.3","23.7","38.6","27.6","53.0","26.4","1.3","2.2","0.0","13.8","2.4","4.3","3949","173","1901","137","2048","126","5.9","3.9","7.5","5.7","4.4","3.6","9.2","3.5","7.3","4.4","11.0","5.2","15.9","4.1","12.3","5.6","19.2","5.3","24.4","5.6","29.0","8.4","20.1","6.3","10.9","3.6","10.2","5.8","11.6","4.7","20.1","4.8","20.8","6.2","19.5","7.4","13.6","3.8","12.9","3.8","14.2","5.5","84.9","5.6","85.2","5.8","84.6","6.8","33.7","5.2","33.7","5.9","33.7","8.1","599","163","271","101","328","135","72.6","17.2","49.1","28.8","92.1","9.7","18.7","14.5","4.4","6.8","30.5","23.8","723","138","386","110","337","99","88.4","9.5","91.2","10.8","85.2","16.0","35.3","13.7","21.8","15.1","50.7","24.1","1805","164","865","101","940","123","87.4","6.8","88.6","8.6","86.4","9.7","40.1","8.8","39.1","13.3","41.0","12.0","822","78","379","70","443","84","85.0","8.9","97.1","4.2","74.7","14.7","29.3","8.1","54.6","11.4","7.7","5.7","9.0","10.4","9.9","12.4","8.2","9.6","1.3","3.0","0.0","14.8","2.0","4.7","1.3","1.7","0.0","4.9","2.8","3.5","0.0","2.8","0.0","5.7","0.0","5.3","57074","15220","64895","6176","42788","6504","30842","9408","30816","13233","35069","23857","43302","7348","53750","19708","32813","15351","53616","16609","67077","23843","38056","16512","79801","17790","81593","19115","77955","83049","103661","38721","75417","41595","106875","33290","2.1","(X)","(X)","(X)","(X)","(X)",
"1400000US06111002905","Census Tract 29.05, Ventura County, California","603","194","296","123","307","129","13.8","13.6","11.5","12.9","16.0","22.4","39.3","22.4","26.0","25.8","52.1","26.3","43.1","17.0","54.7","21.3","31.9","18.2","3.8","4.9","7.8","9.9","0.0","11.5","3968","363","1990","253","1978","235","13.8","4.3","13.8","4.9","13.7","5.2","9.1","3.4","13.4","5.8","4.8","2.8","19.2","5.3","15.9","7.8","22.5","6.9","23.1","5.7","24.4","7.4","21.8","6.5","7.2","2.4","6.0","3.2","8.3","4.3","17.4","5.0","16.1","7.5","18.7","6.4","10.2","2.8","10.4","4.1","10.1","4.6","77.1","4.4","72.8","6.7","81.5","5.4","27.6","5.8","26.4","9.2","28.8","6.4","857","230","414","180","443","145","89.0","7.6","83.6","16.1","94.1","6.3","24.9","14.8","19.8","19.9","29.6","16.5","694","232","342","132","352","131","62.7","16.7","48.0","18.5","77.0","21.2","24.2","11.1","18.1","12.6","30.1","20.7","1770","178","899","125","871","100","74.4","8.0","73.9","9.9","74.9","8.4","26.5","7.1","29.8","10.4","23.1","8.4","647","107","335","81","312","77","84.4","9.8","81.8","12.4","87.2","12.5","38.0","12.3","34.0","16.5","42.3","15.2","1.2","2.0","0.0","6.7","3.0","5.1","4.6","4.0","1.6","2.9","6.8","6.7","1.6","2.1","2.1","2.4","1.0","2.1","0.0","3.4","0.0","6.9","0.0","6.4","40909","4438","41513","4580","39896","7301","21014","5299","19875","12011","21042","2171","33494","13716","42949","27727","33045","11645","43009","2856","41904","4448","44214","3202","54795","5606","72353","18518","53170","35344","72269","19819","86111","24044","53375","25197","8.3","(X)","(X)","(X)","(X)","(X)",
"1400000US06111003010","Census Tract 30.10, Ventura County, California","331","176","176","104","155","95","12.1","16.0","1.7","2.0","23.9","32.4","20.2","14.7","31.3","32.1","7.7","15.9","62.5","20.9","57.4","33.8","68.4","34.6","5.1","8.9","9.7","15.4","0.0","21.3","1519","198","840","158","679","123","13.8","6.4","20.2","10.4","5.9","5.0","13.4","6.0","8.2","6.2","19.7","12.0","16.9","7.6","16.8","12.2","16.9","8.9","29.1","10.9","30.7","16.8","27.1","12.6","4.6","3.3","6.0","5.1","2.9","4.3","14.5","7.5","14.9","10.1","14.0","10.1","7.8","4.9","3.2","3.8","13.4","9.0","72.8","9.5","71.5","11.8","74.4","13.2","22.3","8.6","18.1","9.9","27.4","13.7","652","193","450","169","202","94","77.5","12.2","81.8","12.9","67.8","28.2","19.6","12.8","18.2","17.1","22.8","20.4","301","132","124","89","177","83","67.8","24.8","67.7","29.3","67.8","36.7","21.6","19.9","9.7","19.1","29.9","25.0","413","98","191","55","222","64","78.0","15.3","67.5","20.9","86.9","14.2","32.0","19.0","30.4","20.3","33.3","21.8","153","61","75","70","78","60","49.0","39.6","26.7","52.4","70.5","33.8","8.5","18.4","0.0","36.7","16.7","27.7","10.7","18.3","12.1","19.1","8.6","21.8","5.9","11.9","0.0","23.1","13.0","24.8","9.0","9.7","10.7","14.2","6.4","10.6","0.0","10.5","0.0","21.6","0.0","18.2","42643","10796","44495","10644","34967","7094","31525","6139","42545","26012","11625","43404","27321","26165","52778","52378","19665","20609","44395","7595","49661","9810","35403","9511","58241","26505","60189","56588","57870","21702","80263","53382","12750","21178","82039","15741","3.8","(X)","(X)","(X)","(X)","(X)",
"1400000US06111003011","Census Tract 30.11, Ventura County, California","604","217","249","128","355","138","37.1","21.1","54.2","28.9","25.1","18.5","29.6","18.6","33.3","25.8","27.0","22.2","28.0","22.6","12.4","18.6","38.9","27.6","5.3","8.9","0.0","13.9","9.0","14.5","2870","261","1416","217","1454","146","16.9","5.5","14.0","7.8","19.8","8.3","18.6","6.9","17.2","9.3","19.9","11.0","23.6","7.3","25.7","10.5","21.6","9.5","23.4","6.0","25.8","9.0","21.0","9.8","5.9","3.7","4.4","5.6","7.3","5.0","8.7","4.2","9.5","7.2","8.0","3.9","2.9","2.1","3.4","3.3","2.4","2.6","64.5","7.1","68.8","11.3","60.3","12.0","11.6","4.8","12.9","7.1","10.4","4.5","806","224","447","169","359","117","63.3","15.1","68.9","22.7","56.3","23.5","6.2","5.9","4.3","5.4","8.6","10.1","744","151","388","100","356","88","80.1","14.7","84.3","15.5","75.6","22.4","14.4","8.6","18.6","13.0","9.8","11.6","892","167","392","123","500","124","55.0","13.6","58.2","23.0","52.6","19.2","18.0","11.3","23.2","20.1","14.0","10.7","428","139","189","55","239","118","59.3","18.6","58.7","26.7","59.8","24.8","3.5","5.4","0.0","17.9","6.3","10.1","11.2","7.3","5.9","6.1","15.3","10.9","5.9","7.0","0.0","9.8","12.7","13.7","11.8","8.6","8.6","12.6","15.0","14.0","4.8","7.5","8.2","13.6","0.7","1.6","31184","5878","35465","6540","26832","11503","14045","9248","18667","16633","11696","8532","32206","8910","36141","1323","25582","8223","38268","5822","45188","19421","37500","6029","26296","28366","26019","51468","40375","67637","128636","30680","-","**","57188","194351","2.1","(X)","(X)","(X)","(X)","(X)",
"1400000US06111003012","Census Tract 30.12, Ventura County, California","0","95","0","95","0","95","-","**","-","**","-","**","-","**","-","**","-","**","-","**","-","**","-","**","-","**","-","**","-","**","165","83","85","49","80","44","38.2","23.4","61.2","31.9","13.8","18.5","21.8","23.4","9.4","16.1","35.0","33.4","18.8","15.1","12.9","19.8","25.0","20.0","21.2","12.7","16.5","20.3","26.3","22.2","0.0","20.2","0.0","33.9","0.0","35.3","0.0","20.2","0.0","33.9","0.0","35.3","0.0","20.2","0.0","33.9","0.0","35.3","40.0","15.1","29.4","27.8","51.3","21.9","0.0","20.2","0.0","33.9","0.0","35.3","36","44","14","22","22","24","61.1","26.6","0.0","85.1","100.0","67.9","0.0","53.1","0.0","85.1","0.0","67.9","22","29","14","19","8","13","0.0","67.9","0.0","85.1","0.0","100.0","0.0","67.9","0.0","85.1","0.0","100.0","79","50","57","32","22","24","45.6","30.8","43.9","31.2","50.0","50.0","0.0","35.6","0.0","42.2","0.0","67.9","28","26","0","95","28","26","28.6","43.1","-","**","28.6","43.1","0.0","60.2","-","**","0.0","60.2","6.1","13.7","10.0","22.2","0.0","51.0","0.0","57.2","0.0","96.0","0.0","71.2","0.0","53.8","0.0","85.1","0.0","69.5","-","**","-","**","-","**","19875","5474","23036","12328","16406","5784","22375","18839","30350","14459","-","**","-","**","-","**","-","**","9844","27519","-","**","-","**","-","**","-","**","-","**","-","**","-","**","-","**","4.2","(X)","(X)","(X)","(X)","(X)",
"1400000US06111003013","Census Tract 30.13, Ventura County, California","638","180","212","106","426","155","10.5","8.9","31.6","26.8","0.0","8.4","19.3","15.5","25.0","20.9","16.4","18.6","66.0","15.3","43.4","24.5","77.2","20.5","4.2","5.2","0.0","16.2","6.3","8.4","3216","223","1622","195","1594","179","4.8","2.7","2.7","2.4","7.0","5.0","16.1","5.7","19.2","8.2","13.0","6.7","19.8","6.2","21.1","8.3","18.5","7.0","25.0","6.0","20.5","7.4","29.5","8.6","15.5","4.5","13.2","5.3","17.9","7.5","13.3","4.5","18.4","6.7","8.1","4.2","5.5","3.5","4.9","4.7","6.1","5.2","79.1","6.0","78.1","7.9","80.1","7.1","18.8","6.5","23.2","7.5","14.2","7.0","702","228","389","144","313","131","69.5","15.9","59.6","25.8","81.8","17.2","15.4","11.7","16.7","14.2","13.7","13.8","720","181","263","110","457","111","77.2","13.2","77.9","18.8","76.8","15.3","13.2","11.7","6.5","10.4","17.1","16.8","1440","209","832","203","608","118","84.9","6.9","84.1","8.2","86.0","10.6","21.9","8.5","29.6","12.4","11.5","8.1","354","98","138","57","216","80","78.0","14.2","94.2","8.1","67.6","21.7","23.7","16.4","35.5","25.1","16.2","14.6","7.1","8.4","0.0","10.0","15.1","16.5","6.3","7.8","0.0","10.3","13.6","15.9","5.2","6.9","5.1","7.9","5.3","6.5","0.0","6.0","0.0","9.5","0.0","15.2","39718","3002","41789","12884","38302","4488","24658","17541","37917","23904","16842","14069","47522","13060","48384","28639","40952","53689","39645","5881","43750","12395","38380","2540","42721","17280","39196","47896","43382","22026","96250","42694","69000","4225","105764","10669","1.2","(X)","(X)","(X)","(X)","(X)",
"1400000US06111003100","Census Tract 31, Ventura County, California","2098","470","940","292","1158","281","27.8","12.0","22.0","19.3","32.5","17.3","20.0","8.0","30.7","17.0","11.3","7.9","50.7","13.7","43.9","18.2","56.2","16.4","1.5","1.9","3.3","4.3","0.0","3.2","9440","669","4539","502","4901","369","19.6","4.9","17.6","5.8","21.5","5.6","17.8","4.3","16.8","5.8","18.7","5.6","18.3","4.1","21.5","5.7","15.3","4.7","21.9","4.7","21.1","5.1","22.6","5.8","7.6","2.3","7.2","3.6","8.0","3.0","10.9","3.1","11.4","3.8","10.3","3.4","3.9","1.5","4.3","1.8","3.6","1.9","62.6","5.6","65.6","6.6","59.8","7.3","14.8","3.7","15.8","4.4","13.9","4.1","2279","529","1314","389","965","343","65.4","13.3","71.5","14.3","57.0","26.5","16.5","7.0","18.3","8.1","14.2","10.1","2476","422","1083","262","1393","242","77.3","8.9","77.7","10.6","77.0","9.7","12.7","6.4","12.7","8.2","12.7","6.9","3445","394","1535","234","1910","221","60.5","8.8","61.4","10.6","59.7","10.2","17.9","6.2","18.6","7.5","17.3","7.1","1240","237","607","195","633","149","34.0","12.9","41.7","17.0","26.7","12.2","7.2","5.3","8.4","6.9","6.0","6.6","17.6","9.6","17.4","14.8","17.7","8.4","6.2","5.8","3.5","4.3","9.7","10.8","4.3","3.6","1.1","2.0","7.0","6.9","0.0","2.6","0.0","5.1","0.0","5.3","30272","4408","34860","5173","22195","6542","15281","2115","25546","9105","13139","1971","28597","5180","26815","4884","35048","10803","38246","8242","51198","11850","27313","12684","52462","2965","54257","5112","41625","29374","73681","26329","77788","41222","68750","24802","6.2","(X)","(X)","(X)","(X)","(X)",
"1400000US06111003201","Census Tract 32.01, Ventura County, California","379","209","312","205","67","36","47.2","31.8","53.5","35.2","17.9","24.7","23.5","17.1","19.6","19.2","41.8","28.3","26.1","23.1","26.9","25.9","22.4","33.9","3.2","6.0","0.0","11.3","17.9","28.6","1869","441","1063","438","806","109","43.7","12.1","38.8","17.8","50.1","11.3","28.4","17.5","34.8","27.0","19.9","8.8","13.8","7.4","12.2","8.3","15.9","9.8","8.7","4.7","8.1","7.3","9.4","7.0","2.7","2.1","4.2","3.8","0.7","1.7","2.0","2.3","1.9","2.6","2.1","4.1","0.8","1.6","0.0","3.5","1.9","3.6","28.0","9.8","26.4","13.3","30.0","11.9","2.8","3.7","1.9","2.6","4.0","7.7","706","353","466","333","240","80","24.1","16.1","22.5","22.2","27.1","23.5","3.1","4.5","3.0","5.7","3.3","6.6","402","143","199","88","203","82","42.0","21.1","39.2","29.2","44.8","23.6","0.0","8.9","0.0","17.1","0.0","16.8","477","98","232","87","245","58","36.9","15.3","42.2","20.1","31.8","19.7","6.3","9.8","2.6","4.9","9.8","19.1","284","68","166","51","118","54","2.8","5.7","0.0","20.1","6.8","13.3","0.0","12.4","0.0","20.1","0.0","26.7","31.4","14.2","22.9","17.7","43.3","12.5","44.2","31.5","44.6","36.2","43.8","34.4","8.5","8.4","4.6","8.9","14.6","18.4","0.0","44.2","0.0","71.2","0.0","56.3","16664","1935","17434","6617","10481","4063","15623","3968","16559","2251","6755","2723","25214","10906","25922","4122","13375","6479","28321","4872","27083","12504","28643","5461","15662","27162","2,500-","***","16250","13366","-","**","-","**","-","**","5.1","(X)","(X)","(X)","(X)","(X)",
"1400000US06111003300","Census Tract 33, Ventura County, California","897","316","669","328","228","117","24.9","10.5","30.9","12.0","7.0","11.8","40.4","9.9","39.8","10.6","42.1","24.9","34.8","15.3","29.3","15.5","50.9","26.1","0.0","4.1","0.0","5.4","0.0","15.1","4764","431","2366","269","2398","273","17.4","6.8","13.1","6.7","21.6","8.0","9.9","4.3","9.5","5.1","10.4","5.5","25.8","6.3","29.0","8.5","22.6","7.1","21.4","5.4","19.7","6.5","23.1","7.6","9.3","3.5","8.3","4.1","10.4","5.5","9.3","3.2","10.4","4.5","8.3","4.3","6.8","3.2","10.1","4.6","3.6","2.8","72.7","8.9","77.4","7.9","68.0","10.7","16.2","4.4","20.5","6.3","11.9","5.4","1129","245","411","124","718","207","74.2","15.9","89.3","9.5","65.6","22.9","9.7","7.5","8.0","8.4","10.6","11.7","1092","209","673","162","419","106","68.9","14.3","70.6","18.2","66.1","18.0","14.6","8.3","21.8","13.3","2.9","5.0","1652","270","868","197","784","129","75.1","10.7","79.6","11.6","70.2","12.0","22.5","7.9","23.4","10.8","21.4","9.0","891","190","414","108","477","133","70.8","14.4","72.0","14.8","69.8","16.8","14.7","7.7","24.4","11.4","6.3","7.0","38.0","22.7","30.3","21.0","43.3","24.9","9.5","8.6","9.4","8.4","9.6","10.2","6.9","8.6","8.2","10.4","5.9","8.2","0.8","1.8","0.0","7.5","2.1","4.8","27941","3492","33016","6871","19680","9759","16013","12392","27824","14819","13058","7831","25456","7794","25990","8040","19797","13295","36583","7155","38292","8833","30795","15188","21111","22652","47083","51411","14375","16308","71250","39492","69750","18510","-","**","1.2","(X)","(X)","(X)","(X)","(X)",
"1400000US06111003605","Census Tract 36.05, Ventura County, California","820","304","593","238","227","128","29.5","16.5","40.8","22.4","0.0","15.2","25.6","10.6","16.2","13.5","50.2","27.9","38.4","16.1","41.0","17.3","31.7","26.4","6.5","5.0","2.0","3.6","18.1","17.6","5857","650","2894","380","2963","385","10.5","5.0","8.3","5.1","12.6","6.5","7.7","3.8","8.7","6.6","6.8","4.4","17.1","5.2","18.3","6.2","16.0","5.4","30.9","7.2","25.1","7.2","36.7","10.0","10.5","3.3","12.0","4.7","9.1","4.4","15.6","3.2","17.2","4.7","14.0","4.6","7.6","3.4","10.5","5.2","4.9","2.7","81.8","6.6","83.0","8.2","80.6","7.1","23.2","4.8","27.6","6.7","18.9","5.5","1512","603","742","375","770","276","79.2","10.2","78.6","17.1","79.9","11.0","14.8","9.5","18.1","11.0","11.7","10.3","1140","326","628","194","512","180","83.2","11.8","79.8","16.7","87.3","18.0","36.9","11.9","40.1","19.0","33.0","20.3","2474","311","1143","221","1331","207","79.0","10.1","82.0","11.6","76.5","11.5","22.3","6.5","25.6","8.9","19.4","7.6","731","207","381","171","350","124","94.4","5.8","100.0","9.4","88.3","11.9","22.3","9.5","31.8","19.7","12.0","10.3","15.0","14.6","17.9","18.9","12.5","13.9","1.8","3.1","0.0","6.8","3.8","6.5","5.3","4.7","0.0","3.4","9.5","8.4","3.1","3.1","1.6","2.7","5.2","6.4","34431","5759","50516","10945","27264","8780","18148","4775","21357","10229","17575","4435","33116","8395","58333","17741","22774","7948","34793","7854","43060","13102","33899","4619","51467","9075","80250","33632","36806","17688","90673","6257","93839","21275","65786","57051","4.5","(X)","(X)","(X)","(X)","(X)",
"1400000US06111003608","Census Tract 36.08, Ventura County, California","868","213","563","154","305","114","24.1","10.8","20.1","10.3","31.5","18.7","39.3","14.3","50.6","18.9","18.4","13.4","33.9","13.0","25.0","17.1","50.2","19.0","2.8","2.9","4.3","4.7","0.0","11.6","2364","202","1109","115","1255","124","21.6","5.7","14.8","7.4","27.6","6.3","8.0","3.7","10.9","5.3","5.3","3.5","22.8","5.8","25.6","9.4","20.4","6.5","21.2","4.9","21.3","5.7","21.0","6.6","10.7","5.6","9.5","5.7","11.7","6.6","9.2","3.6","10.3","4.8","8.3","4.3","6.6","3.6","7.7","5.6","5.6","3.6","70.4","6.5","74.3","8.5","67.0","6.7","15.8","4.6","17.9","6.8","13.9","5.1","611","134","301","88","310","94","83.8","11.4","87.4","10.4","80.3","15.8","23.7","11.0","23.6","16.5","23.9","13.8","619","160","296","87","323","93","56.4","13.8","55.1","18.4","57.6","15.4","11.0","7.6","7.4","8.9","14.2","9.2","835","138","383","79","452","81","75.6","10.4","84.6","12.6","67.9","13.2","14.3","5.5","20.4","9.9","9.1","6.8","299","62","129","30","170","54","57.9","14.6","57.4","21.7","58.2","23.3","13.7","9.4","21.7","17.4","7.6","9.7","13.4","10.4","6.3","7.5","18.4","13.9","7.4","7.4","14.1","14.0","0.0","13.6","2.9","3.4","2.6","3.8","3.2","5.2","3.8","5.3","0.0","17.1","8.0","10.8","33185","7078","38341","5155","26813","6474","18811","14441","35568","7146","10925","4665","27309","10970","26727","3356","35268","13715","38250","16922","51576","12853","28696","8417","57500","28732","56083","44992","59861","36344","47917","40788","43889","49890","49583","55778","1.9","(X)","(X)","(X)","(X)","(X)",
"1400000US06111003609","Census Tract 36.09, Ventura County, California","135","122","100","116","35","33","11.9","26.4","16.0","42.7","0.0","53.8","11.9","30.5","16.0","42.1","0.0","53.8","10.4","19.6","0.0","30.3","40.0","51.3","65.9","42.7","68.0","55.3","60.0","51.3","5088","431","2511","269","2577","294","1.7","1.7","0.4","0.7","2.9","3.2","1.6","1.3","1.8","1.5","1.4","1.6","15.3","3.0","11.8","4.8","18.8","4.7","27.7","4.1","33.5","5.8","22.0","5.3","8.5","3.0","5.4","3.6","11.4","4.8","23.5","4.3","20.9","5.7","26.0","5.9","21.7","3.8","26.2","5.5","17.4","6.7","96.7","2.3","97.8","1.7","95.6","3.7","45.2","4.6","47.1","6.7","43.4","6.7","571","220","322","125","249","134","98.8","3.3","100.0","11.0","97.2","7.9","31.2","13.7","14.3","12.7","53.0","21.2","799","244","412","124","387","162","100.0","4.6","100.0","8.7","100.0","9.2","45.8","16.7","51.7","18.9","39.5","20.1","2221","271","1114","185","1107","154","96.4","2.6","96.1","3.3","96.7","3.3","44.4","7.1","49.1","10.2","39.7","10.5","1497","158","663","140","834","150","94.5","5.7","98.2","2.8","91.6","9.2","51.5","7.6","56.9","11.6","47.2","10.6","20.8","28.8","12.7","29.8","24.8","33.8","20.4","10.1","35.1","20.4","11.3","9.2","5.2","3.4","4.9","4.7","5.5","4.9","3.3","2.4","5.2","4.2","1.3","2.1","55559","9678","70893","13399","47853","9443","46750","101766","97933","87600","-","**","38836","15175","39688","40437","37788","16505","40981","7644","41797","30114","40774","7548","59917","18812","103594","57238","50425","27043","87659","11821","88932","16361","82586","14804","2.9","(X)","(X)","(X)","(X)","(X)",
"1400000US06111003612","Census Tract 36.12, Ventura County, California","634","243","264","141","370","194","0.0","5.7","0.0","13.2","0.0","9.6","25.7","16.9","27.7","24.0","24.3","20.2","65.3","18.5","64.4","26.3","65.9","21.7","9.0","7.6","8.0","11.1","9.7","11.6","3113","347","1592","199","1521","251","0.0","1.2","0.0","2.3","0.0","2.4","5.7","6.2","1.6","2.0","10.0","12.4","15.2","5.9","17.7","9.0","12.6","6.7","29.3","7.6","29.6","9.4","28.9","9.7","9.1","4.7","9.2","5.9","8.9","5.1","20.6","6.2","24.7","8.3","16.3","6.4","20.1","6.8","17.1","7.2","23.3","9.1","94.3","6.2","98.4","2.0","90.0","12.4","40.7","8.6","41.8","10.8","39.6","9.7","670","216","421","163","249","128","100.0","5.4","100.0","8.5","100.0","13.9","43.1","18.9","52.0","20.7","28.1","22.7","544","178","300","113","244","103","91.7","7.7","91.3","10.8","92.2","13.4","28.9","13.5","19.3","16.2","40.6","22.2","1397","175","661","117","736","133","95.8","5.9","100.0","5.5","92.0","11.0","46.0","10.0","42.8","12.7","48.9","13.2","502","148","210","70","292","145","85.3","18.0","100.0","16.3","74.7","28.1","35.7","14.3","50.5","23.1","25.0","18.1","0.0","18.9","0.0","62.5","0.0","21.6","0.0","7.6","0.0","12.5","0.0","17.7","0.0","3.1","0.0","5.9","0.0","6.3","5.6","4.9","0.6","1.2","11.0","10.1","46683","18330","60043","20357","36712","10461","19301","9039","27031","41983","-","**","27122","13472","30257","12726","18750","31740","36168","15155","60597","7170","25234","11934","65213","28948","67697","18195","50000","30849","83293","12573","73780","18670","84543","10507","1.8","(X)","(X)","(X)","(X)","(X)",
"1400000US06111003700","Census Tract 37, Ventura County, California","755","190","458","142","297","115","26.9","12.5","34.1","17.9","15.8","15.9","33.1","12.3","23.4","12.9","48.1","19.1","38.8","14.9","42.6","21.5","33.0","14.0","1.2","1.8","0.0","7.9","3.0","4.6","3831","410","2102","286","1729","218","33.9","6.2","30.4","7.4","38.3","7.4","11.3","3.8","12.8","6.0","9.4","4.5","27.3","5.4","29.1","7.9","25.2","8.1","13.0","3.4","13.6","5.4","12.3","4.8","7.9","3.3","8.0","4.4","7.8","4.2","4.6","2.0","3.0","2.4","6.4","3.6","2.0","1.5","3.1","2.4","0.6","0.9","54.8","6.7","56.8","8.2","52.3","7.8","6.5","2.8","6.1","3.3","7.0","3.6","953","228","535","188","418","109","76.4","11.1","73.3","16.9","80.4","13.5","8.6","5.8","1.9","2.7","17.2","12.2","955","249","626","163","329","133","63.9","13.2","68.1","14.2","55.9","22.9","13.9","8.3","18.2","10.1","5.8","6.4","1302","222","645","133","657","128","33.9","8.5","28.4","10.5","39.4","10.8","1.0","1.5","0.0","5.6","2.0","3.0","621","162","296","95","325","94","51.2","12.6","65.2","18.3","38.5","15.5","3.5","3.5","1.7","2.8","5.2","6.2","15.9","6.7","17.2","8.3","14.4","8.3","6.8","7.0","4.1","5.8","10.6","11.0","2.9","3.6","5.1","6.6","0.0","10.2","5.2","8.6","0.0","24.8","10.7","16.4","22701","4380","27547","6079","17313","5754","17008","3016","20509","5722","13500","2443","21731","13609","24700","23330","11530","21322","35328","7630","36157","15330","32232","6443","47500","42271","29958","61187","49432","69015","68750","55652","90045","57862","-","**","8.5","(X)","(X)","(X)","(X)","(X)",
"1400000US06111003801","Census Tract 38.01, Ventura County, California","593","244","273","156","320","120","43.0","17.8","52.7","29.6","34.7","21.5","15.0","10.6","16.5","18.9","13.8","15.0","42.0","16.1","30.8","25.2","51.6","18.2","0.0","6.1","0.0","12.8","0.0","11.0","2797","355","1329","239","1468","201","47.1","9.6","47.7","11.6","46.6","10.2","20.0","5.4","24.0","7.3","16.3","6.2","17.6","5.7","13.1","6.5","21.6","6.9","8.5","3.6","6.9","3.9","9.9","5.0","5.0","3.1","6.0","3.3","4.1","3.9","0.9","1.2","1.4","1.6","0.5","1.0","0.9","1.0","0.9","1.3","1.0","1.6","32.9","8.6","28.3","9.4","37.1","9.9","1.9","1.6","2.3","2.1","1.5","2.0","809","238","402","184","407","137","42.5","14.7","33.1","15.9","51.8","20.4","1.2","2.2","2.5","4.2","0.0","8.8","636","202","328","108","308","125","26.3","15.7","31.1","19.0","21.1","18.6","0.0","5.7","0.0","10.8","0.0","11.4","923","201","469","118","454","118","30.2","11.7","21.5","11.6","39.2","15.1","2.8","3.1","2.6","3.7","3.1","5.1","429","144","130","69","299","94","30.3","15.2","30.8","24.5","30.1","15.3","3.7","6.3","6.2","10.5","2.7","4.7","15.9","8.5","15.9","8.8","15.8","9.9","26.5","16.8","16.1","22.6","32.2","17.5","12.5","10.0","7.6","11.7","16.6","14.5","0.0","44.2","0.0","58.2","0.0","67.9","20296","2446","25292","6800","17950","1702","18068","1846","20625","4423","17224","1181","27000","8768","32313","11143","25430","22371","35753","2721","34412","4065","36327","7662","-","**","-","**","-","**","-","**","-","**","-","**","7.4","(X)","(X)","(X)","(X)","(X)",
"1400000US06111003802","Census Tract 38.02, Ventura County, California","566","204","336","151","230","128","26.9","15.2","18.5","15.8","39.1","30.7","27.6","14.6","42.0","26.7","6.5","10.4","45.6","16.2","39.6","29.8","54.3","33.9","0.0","6.4","0.0","10.6","0.0","15.0","1727","310","894","213","833","137","48.1","13.6","48.8","17.1","47.3","13.9","16.3","6.3","18.0","9.9","14.5","8.7","22.4","11.2","24.4","13.7","20.3","11.5","7.6","4.9","5.6","5.6","9.7","7.0","1.2","1.4","0.6","1.2","1.9","2.7","3.9","3.2","2.1","2.5","5.8","6.0","0.5","0.8","0.6","1.2","0.5","1.1","35.6","13.5","33.2","16.0","38.2","14.2","4.4","3.5","2.7","2.7","6.2","6.3","318","160","178","92","140","93","39.9","29.0","27.5","30.8","55.7","36.8","9.1","14.5","0.0","18.9","20.7","30.2","516","211","324","148","192","93","43.4","21.9","39.2","25.1","50.5","27.2","2.7","3.9","4.3","6.2","0.0","17.7","670","188","288","121","382","101","26.6","19.6","32.6","23.8","22.0","18.7","0.4","0.9","1.0","2.0","0.0","9.3","223","164","104","84","119","87","38.6","24.8","26.0","25.3","49.6","28.1","13.5","11.6","6.7","10.0","19.3","19.2","22.4","20.3","18.0","21.0","27.7","21.5","19.0","19.9","32.7","28.7","0.0","21.1","10.8","17.3","4.3","21.8","14.0","22.9","6.6","21.6","21.1","59.6","0.0","49.2","17056","4143","20496","6329","16002","1816","17137","4934","20441","6101","15917","3974","16042","14663","30000","29884","14000","22440","25750","13545","15682","11590","26550","36018","15948","6898","43250","58318","15690","8901","18750","29261","18750","29261","-","**","6.0","(X)","(X)","(X)","(X)","(X)",
"1400000US06111003900","Census Tract 39, Ventura County, California","855","189","430","159","425","141","24.7","15.2","29.5","25.0","19.8","18.9","37.8","11.6","31.6","19.1","44.0","22.0","34.0","15.5","38.8","25.5","29.2","15.2","3.5","5.4","0.0","8.3","7.1","10.2","4087","411","2082","293","2005","212","28.1","4.8","24.2","7.1","32.2","8.0","18.6","4.6","20.4","8.3","16.7","6.6","21.8","4.6","25.9","8.0","17.6","5.0","16.1","3.3","17.5","5.3","14.5","4.7","6.2","3.9","5.1","6.6","7.4","4.8","6.2","2.1","5.5","2.7","7.0","2.8","3.0","1.7","1.3","1.3","4.7","3.1","53.3","6.1","55.4","8.3","51.2","8.4","9.2","2.5","6.9","3.1","11.7","3.8","1308","277","675","203","633","135","61.2","11.7","64.1","14.3","58.1","14.9","8.7","6.1","0.0","5.4","18.0","11.9","1058","288","532","183","526","153","41.9","12.1","32.3","15.8","51.5","15.8","14.7","8.2","11.7","9.5","17.7","9.6","1465","215","759","163","706","125","54.0","10.5","63.9","13.1","43.3","12.8","6.8","3.7","9.5","5.5","3.8","3.9","256","88","116","54","140","66","56.6","23.0","55.2","28.8","57.9","33.3","3.5","5.9","7.8","13.1","0.0","23.2","20.7","10.4","18.3","14.2","23.0","9.6","26.3","14.2","15.7","14.5","42.5","20.5","21.5","10.5","7.6","6.5","36.4","18.8","4.5","6.5","0.0","22.8","7.3","10.1","20926","3230","22267","7252","18008","3900","17118","1460","19046","3194","15973","1260","21406","11848","19359","6838","30298","8619","31419","4057","33696","4900","27708","6490","43725","8404","44500","28379","42950","23140","22202","17856","24861","118820","21190","18477","10.9","(X)","(X)","(X)","(X)","(X)",
"1400000US06111004000","Census Tract 40, Ventura County, California","772","211","418","129","354","136","28.0","15.2","31.8","15.5","23.4","18.5","39.0","13.8","37.1","15.0","41.2","18.6","28.1","17.7","24.4","16.5","32.5","21.7","4.9","5.6","6.7","7.0","2.8","4.8","3802","316","1871","203","1931","175","27.4","5.0","28.2","6.0","26.7","6.0","13.8","4.6","18.5","7.2","9.2","3.5","29.0","5.4","28.1","7.0","29.9","6.0","15.6","3.8","12.3","4.1","18.7","6.0","7.6","3.2","7.0","3.8","8.2","4.0","5.7","2.5","5.5","3.4","5.9","3.5","0.9","1.2","0.4","0.7","1.4","2.3","58.8","5.2","53.3","7.0","64.1","6.1","6.6","2.7","5.9","3.5","7.3","4.2","1149","293","626","181","523","152","66.3","10.6","60.5","12.6","73.2","14.7","7.9","5.5","8.6","7.8","7.1","8.9","662","130","364","105","298","90","67.5","9.5","60.7","14.9","75.8","16.7","7.3","4.2","4.9","5.6","10.1","7.4","1341","174","661","107","680","111","50.8","12.4","43.3","15.4","58.1","12.9","5.8","4.5","4.4","4.0","7.2","7.8","650","122","220","59","430","86","53.1","10.7","50.5","16.6","54.4","11.7","5.1","4.3","4.1","7.4","5.6","6.0","13.8","6.9","11.3","7.9","16.9","8.8","12.9","8.2","1.5","3.2","23.2","13.6","8.8","7.1","7.7","9.1","9.6","10.3","5.6","9.0","0.0","28.2","10.0","17.1","21563","2671","24321","2967","19176","2661","19355","2397","21551","4112","16980","1826","23321","3596","24821","4469","17656","6383","26071","8878","32393","14948","21385","6000","25391","18545","16635","15710","26875","37837","58380","26929","-","**","-","**","5.8","(X)","(X)","(X)","(X)","(X)",
"1400000US06111004101","Census Tract 41.01, Ventura County, California","701","226","369","150","332","125","44.2","16.9","36.0","20.4","53.3","20.0","26.0","9.9","24.4","17.0","27.7","16.7","29.8","14.2","39.6","24.1","19.0","11.8","0.0","5.2","0.0","9.7","0.0","10.7","3817","385","2152","307","1665","167","31.0","5.1","30.7","6.7","31.5","6.2","21.0","6.1","21.0","8.2","20.9","6.9","23.4","5.2","26.6","6.9","19.3","6.8","14.7","4.3","13.2","4.7","16.8","6.0","4.9","2.3","4.9","3.5","4.9","3.1","4.4","2.0","3.6","2.8","5.4","2.9","0.6","0.6","0.0","1.7","1.3","1.4","48.0","6.5","48.3","7.9","47.6","7.4","4.9","1.9","3.6","2.8","6.7","2.8","1256","277","744","218","512","128","42.8","9.6","43.1","11.9","42.2","13.4","6.7","4.3","4.0","5.7","10.5","6.5","769","179","457","136","312","101","63.1","14.6","56.7","18.4","72.4","17.3","1.2","1.9","0.0","7.9","2.9","4.7","1307","197","697","140","610","113","46.7","10.1","52.1","11.7","40.7","12.3","6.6","4.2","6.7","6.6","6.4","6.0","485","159","254","95","231","85","41.0","15.4","37.8","19.1","44.6","17.4","1.9","3.0","0.0","13.7","3.9","6.3","21.4","10.3","19.4","10.8","23.9","11.0","9.5","7.6","6.1","7.8","15.6","15.1","5.6","4.7","7.2","7.0","3.9","6.1","5.3","5.5","0.0","36.1","9.0","9.8","22899","1710","26308","3784","18899","2174","20045","2109","23353","2871","16119","2771","22406","4087","22813","9626","22072","8508","35708","5982","42159","9191","21944","4644","37361","25560","49167","10015","30288","24714","-","**","-","**","-","**","5.3","(X)","(X)","(X)","(X)","(X)",
"1400000US06111004200","Census Tract 42, Ventura County, California","588","185","278","117","310","103","16.0","11.4","18.3","18.0","13.9","14.0","33.7","15.8","34.5","21.4","32.9","19.3","45.9","12.5","43.5","25.9","48.1","18.4","4.4","3.7","3.6","6.8","5.2","7.2","3309","284","1597","165","1712","171","23.0","5.4","24.0","6.6","22.1","5.9","10.2","4.5","8.1","5.5","12.1","5.9","28.0","5.1","26.4","7.4","29.5","7.4","17.9","4.4","18.9","6.4","16.9","5.3","7.9","3.5","8.4","5.4","7.5","4.9","9.8","3.0","11.3","5.0","8.4","4.3","3.2","2.1","2.9","2.5","3.5","2.9","66.8","6.4","67.8","8.2","65.8","7.4","13.0","3.6","14.2","5.3","11.9","5.1","692","188","319","123","373","101","72.1","11.2","74.0","16.4","70.5","15.8","13.2","9.3","16.3","14.4","10.5","10.2","744","164","335","113","409","104","63.4","14.4","64.5","19.5","62.6","18.7","17.6","7.2","16.7","15.6","18.3","12.8","1259","159","693","125","566","74","67.9","10.6","67.2","11.8","68.7","11.0","11.8","6.1","13.6","8.5","9.7","7.3","614","80","250","60","364","67","62.5","13.4","66.0","17.9","60.2","15.0","9.4","7.4","9.6","10.2","9.3","7.5","5.6","3.9","6.2","6.4","5.1","4.7","17.5","8.7","15.0","12.7","19.6","11.6","7.6","5.4","10.3","9.1","4.8","5.6","14.2","12.3","5.3","7.7","24.1","20.6","31670","5846","41053","6059","25592","7943","17479","12760","25500","11227","14663","4191","30156","12990","37353","19305","25093","34925","40227","6447","44598","13313","31304","8066","50170","15371","50795","18454","39491","25003","43125","22128","50588","78422","36607","50968","3.5","(X)","(X)","(X)","(X)","(X)",
"1400000US06111004304","Census Tract 43.04, Ventura County, California","560","173","257","135","303","130","15.2","14.5","16.3","17.6","14.2","22.0","23.4","19.2","17.5","14.9","28.4","32.4","57.3","20.6","57.2","23.5","57.4","35.7","4.1","6.3","8.9","13.5","0.0","11.6","4312","336","2195","283","2117","233","4.0","2.7","4.1","3.4","3.8","3.1","11.6","5.1","12.6","8.8","10.7","5.0","23.7","6.8","20.7","8.5","26.7","7.8","27.4","5.1","25.9","8.2","29.0","7.2","13.3","5.6","13.3","7.0","13.4","6.0","14.1","4.0","16.6","5.5","11.4","4.6","5.9","2.6","6.7","4.3","5.0","2.9","84.4","6.1","83.3","9.8","85.5","6.2","19.9","4.4","23.4","6.4","16.4","4.5","974","345","581","283","393","142","63.7","17.0","56.8","23.4","73.8","17.0","18.2","9.8","18.8","12.7","17.3","14.5","943","210","436","147","507","125","86.3","8.5","95.0","6.4","78.9","14.1","22.9","13.5","29.1","21.6","17.6","12.4","1241","226","699","134","542","149","88.8","8.2","91.1","9.5","85.8","11.4","22.0","9.3","22.9","11.4","20.8","12.5","1154","166","479","140","675","136","95.6","3.3","93.5","7.3","97.0","4.8","16.8","8.5","24.4","16.2","11.4","7.2","13.7","12.3","2.7","5.3","26.7","20.1","15.5","10.3","18.7","16.8","12.9","12.0","7.1","4.4","8.6","7.3","5.6","4.4","8.1","8.1","11.5","13.6","3.2","5.0","31720","10757","37989","10482","20000","3523","16180","1042","16600","2374","15313","17211","21818","8756","38696","36339","14018","1948","43401","14289","48833","11286","26932","17218","46186","13080","42188","53824","46282","7929","58451","3818","59318","102911","53750","5754","4.9","(X)","(X)","(X)","(X)","(X)",
"1400000US06111004305","Census Tract 43.05, Ventura County, California","1007","412","776","363","231","89","3.4","4.1","1.4","2.4","10.0","15.2","51.9","11.5","52.1","14.3","51.5","22.4","43.2","11.4","46.5","14.9","32.0","21.0","1.5","2.7","0.0","4.7","6.5","10.9","1166","202","610","140","556","114","1.7","2.7","1.6","2.7","1.8","2.9","4.6","3.5","3.8","4.3","5.6","5.8","15.3","8.6","19.2","9.1","11.0","10.7","41.4","11.9","42.3","14.3","40.5","13.3","5.1","4.3","4.9","5.2","5.2","5.8","27.4","9.0","21.5","10.0","34.0","11.8","4.5","2.8","6.7","4.6","2.0","2.1","93.7","4.4","94.6","4.9","92.6","6.5","31.9","9.3","28.2","10.6","36.0","11.4","658","153","321","113","337","84","92.6","5.8","94.4","7.1","90.8","9.0","21.3","10.6","15.0","11.2","27.3","16.3","374","153","245","101","129","78","98.7","2.9","98.0","4.5","100.0","24.8","42.0","22.4","39.6","21.9","46.5","30.3","121","62","37","27","84","53","83.5","24.6","73.0","37.6","88.1","20.1","62.0","30.2","73.0","37.6","57.1","37.4","13","31","7","16","6","15","100.0","88.4","100.0","100.0","100.0","100.0","0.0","88.4","0.0","100.0","0.0","100.0","0.0","48.0","0.0","100.0","0.0","54.6","0.0","22.0","0.0","33.2","0.0","40.8","6.7","8.3","0.0","21.3","10.9","13.0","13.6","15.2","0.0","21.8","24.1","24.3","36090","10990","45817","7250","23542","14649","23889","18185","26875","39655","2,500-","***","32734","10357","33164","8099","2,500-","***","36314","8943","44329","6550","21250","31034","63750","64568","75699","14183","26250","43539","100694","31203","100938","28801","100208","163686","1.1","(X)","(X)","(X)","(X)","(X)",
"1400000US06111004400","Census Tract 44, Ventura County, California","592","215","363","171","229","101","15.4","16.3","21.2","24.5","6.1","11.0","42.9","17.2","52.6","22.3","27.5","23.3","41.7","14.9","26.2","14.7","66.4","25.4","0.0","6.1","0.0","9.8","0.0","15.1","4705","388","2136","250","2569","256","13.0","3.6","12.8","6.0","13.2","4.0","11.5","3.9","11.3","5.3","11.6","4.2","16.5","5.0","19.1","7.3","14.4","5.9","23.2","5.6","26.0","6.7","20.9","6.8","8.7","3.5","7.3","4.8","9.9","5.2","16.3","4.7","16.0","5.6","16.7","5.3","10.7","4.0","7.4","4.7","13.4","5.8","75.5","4.8","75.8","5.9","75.2","6.3","27.0","5.9","23.4","7.1","30.0","7.1","1134","276","366","135","768","218","62.4","12.3","59.8","19.7","63.7","20.0","23.2","9.7","24.0","18.3","22.8","12.2","879","265","597","188","282","129","77.1","13.7","80.4","16.9","70.2","22.1","6.5","5.9","9.5","8.3","0.0","12.4","1828","318","765","187","1063","222","81.7","6.1","74.2","11.4","87.1","5.8","32.7","8.7","25.2","11.2","38.0","10.5","864","225","408","122","456","146","77.8","11.2","86.5","14.8","70.0","13.7","41.0","15.9","39.7","18.5","42.1","18.7","39.5","15.6","19.0","16.9","56.0","18.5","10.7","11.1","6.4","8.4","15.4","19.9","10.6","7.0","5.2","4.9","15.5","11.9","5.1","4.0","8.0","8.9","3.2","3.8","39700","7828","40945","4949","34219","9314","20086","5983","22191","9449","8375","10010","36830","8525","43808","7117","26090","22107","39250","8965","42969","5878","32708","11953","64219","15749","32125","63861","67500","39540","57727","40469","66250","97065","47037","56736","2.2","(X)","(X)","(X)","(X)","(X)",
"1400000US06111004503","Census Tract 45.03, Ventura County, California","586","280","301","252","285","110","44.0","25.9","67.8","34.5","18.9","20.3","24.7","15.0","12.0","15.2","38.2","24.2","27.3","19.9","12.6","19.7","42.8","26.5","3.9","5.6","7.6","12.5","0.0","12.3","2503","297","1283","194","1220","162","27.3","7.5","25.6","9.7","29.2","8.5","13.1","5.9","18.9","10.7","6.9","4.8","25.4","7.9","29.1","8.5","21.5","10.5","20.7","7.4","17.7","9.4","23.8","9.4","3.7","2.1","3.5","3.1","3.9","3.4","6.5","3.2","2.8","2.6","10.3","4.8","3.4","2.8","2.4","2.7","4.4","4.7","59.6","8.6","55.5","12.8","63.9","8.9","9.9","4.4","5.2","4.8","14.8","5.8","749","221","351","152","398","133","59.4","12.7","53.3","22.3","64.8","13.6","11.3","9.2","13.1","15.4","9.8","8.5","778","149","397","96","381","87","64.4","12.3","67.3","14.5","61.4","13.2","8.5","4.8","2.3","3.4","15.0","9.1","841","247","483","132","358","147","58.9","15.4","45.5","23.7","76.8","19.1","11.4","7.9","2.5","4.9","23.5","17.6","135","57","52","43","83","52","37.8","33.4","73.1","48.1","15.7","27.1","0.0","23.9","0.0","44.2","0.0","34.5","26.4","11.4","28.2","15.5","24.1","12.0","0.9","1.5","0.0","9.6","2.3","3.7","9.7","9.5","13.6","15.7","6.5","10.7","0.0","14.1","0.0","38.9","0.0","18.7","26921","7368","29592","7490","22742","7702","16642","2077","18056","4142","15323","2972","31477","7222","52750","24530","30318","16004","36500","6557","37813","10724","35500","12814","29500","41440","62361","28856","28083","30295","80257","16687","54539","154014","80515","9592","7.2","(X)","(X)","(X)","(X)","(X)",
"1400000US06111004504","Census Tract 45.04, Ventura County, California","572","228","295","146","277","107","34.8","15.7","41.7","25.5","27.4","22.2","28.3","22.2","28.5","23.2","28.2","24.8","36.9","16.9","29.8","20.7","44.4","27.7","0.0","6.3","0.0","11.9","0.0","12.6","3420","353","1597","242","1823","190","28.0","6.6","28.9","7.9","27.2","9.2","14.6","3.9","12.3","5.6","16.6","6.4","22.4","4.9","26.0","6.5","19.2","6.4","15.4","3.4","14.9","6.0","15.7","5.3","8.4","3.4","4.9","3.0","11.4","5.3","8.2","3.1","9.3","4.3","7.3","4.0","3.1","2.8","3.8","3.4","2.5","2.6","57.4","6.6","58.8","9.0","56.2","7.2","11.3","4.0","13.0","5.1","9.8","4.7","993","255","563","180","430","134","47.0","13.7","41.2","14.7","54.7","17.1","4.8","4.3","2.7","3.3","7.7","7.2","790","199","323","119","467","120","59.5","13.2","64.4","19.2","56.1","16.2","10.1","7.1","9.9","9.4","10.3","7.7","1124","213","496","145","628","133","64.2","10.6","70.4","15.4","59.4","10.9","18.6","6.9","24.4","10.7","14.0","10.5","513","116","215","76","298","75","59.3","16.7","69.8","19.6","51.7","18.2","9.7","9.5","18.6","20.4","3.4","5.2","17.3","8.8","12.8","10.3","21.0","11.7","6.1","6.2","0.0","8.6","13.4","13.0","6.5","5.0","3.2","4.9","8.7","6.4","10.1","8.7","14.9","14.1","4.5","6.8","27955","2931","31198","3854","26265","1497","18750","3873","18194","18667","18924","1825","34005","5657","36250","9523","33720","3279","33018","3232","50036","12690","30270","3421","35074","7528","35000","6867","37589","24959","33125","16929","33958","15399","27130","113952","9.5","(X)","(X)","(X)","(X)","(X)",
"1400000US06111004505","Census Tract 45.05, Ventura County, California","239","109","169","76","70","51","61.1","16.6","68.0","28.4","44.3","40.0","14.6","12.1","13.6","17.7","17.1","31.9","24.3","15.1","18.3","21.5","38.6","39.0","0.0","14.5","0.0","19.8","0.0","38.1","1288","218","661","146","627","121","24.6","9.3","37.1","14.7","11.5","7.6","7.3","5.2","8.0","6.8","6.5","5.3","22.4","5.7","14.1","9.8","31.1","9.0","26.7","12.8","20.9","12.0","32.9","15.6","5.5","4.4","4.1","4.4","7.0","6.8","9.5","6.7","12.0","9.4","6.9","6.7","4.0","3.8","3.9","4.8","4.1","5.8","68.1","10.2","54.9","15.7","82.0","8.2","13.5","9.7","15.9","11.2","11.0","11.9","304","132","224","98","80","51","50.0","25.1","41.5","25.8","73.8","34.1","0.0","11.6","0.0","15.4","0.0","35.3","261","105","99","45","162","73","67.4","17.4","44.4","32.8","81.5","22.4","11.5","15.1","30.3","36.7","0.0","20.5","414","100","207","91","207","55","69.3","16.7","68.6","21.0","70.0","20.4","16.9","12.6","25.1","23.5","8.7","11.0","309","162","131","63","178","113","84.8","16.6","64.1","34.7","100.0","18.9","23.9","19.2","17.6","25.2","28.7","31.4","1.2","4.2","0.0","11.8","4.4","14.4","7.6","9.5","9.7","18.2","6.7","10.2","14.7","14.6","13.3","18.3","15.6","20.7","0.0","19.3","0.0","29.2","0.0","38.3","21658","2895","23234","4008","19493","4327","22236","2687","23859","2892","15893","13029","18542","9738","8281","12783","19458","9915","17386","19159","11447","21884","22266","18296","70581","54958","71105","578","-","**","11683","12431","40625","50458","-","**","14.9","(X)","(X)","(X)","(X)","(X)",
"1400000US06111004506","Census Tract 45.06, Ventura County, California","1130","287","786","225","344","142","63.2","12.4","67.6","13.4","53.2","20.5","17.1","9.1","14.1","9.8","23.8","15.3","19.7","7.8","18.3","8.8","23.0","16.1","0.0","3.3","0.0","4.7","0.0","10.3","2955","370","1434","307","1521","172","51.1","8.0","56.3","11.1","46.2","9.8","16.3","5.3","16.7","6.8","16.0","6.5","14.0","5.1","7.5","5.0","20.1","7.4","10.3","3.5","7.9","3.6","12.6","5.1","3.0","2.8","3.7","3.5","2.3","2.6","4.5","2.5","7.3","4.8","1.8","1.5","0.7","0.8","0.4","0.8","1.1","1.5","32.5","7.3","26.9","9.6","37.8","8.4","5.2","2.8","7.7","4.8","2.8","2.2","1233","251","639","182","594","131","29.3","11.5","17.4","11.0","42.1","14.8","3.7","3.9","5.9","6.5","1.3","2.3","850","233","464","175","386","115","16.0","6.9","14.9","11.3","17.4","12.5","0.0","4.3","0.0","7.8","0.0","9.3","612","126","250","80","362","91","52.1","14.5","65.6","18.9","42.8","17.9","10.8","8.6","20.0","17.8","4.4","5.7","260","126","81","57","179","85","55.8","19.8","51.9","35.3","57.5","17.3","16.2","13.4","28.4","25.7","10.6","12.3","36.1","11.6","30.7","16.6","42.3","14.5","19.1","20.4","23.5","32.7","17.3","17.9","9.1","9.7","0.0","22.1","16.2","17.2","0.0","26.1","0.0","31.0","0.0","65.0","16931","2764","19071","4915","15641","1614","14607","2595","15769","6821","14286","1436","22614","8148","31042","28979","22222","5713","27188","16529","43458","14000","18871","3812","21992","20226","21406","19878","27344","49661","95417","35179","-","**","-","**","6.5","(X)","(X)","(X)","(X)","(X)",
"1400000US06111004600","Census Tract 46, Ventura County, California","507","161","418","146","89","53","4.1","6.1","3.6","7.1","6.7","14.8","48.5","13.5","51.9","16.6","32.6","28.7","47.3","14.6","44.5","16.7","60.7","31.6","0.0","7.1","0.0","8.6","0.0","32.9","1056","234","615","184","441","82","0.4","0.3","0.7","0.5","0.0","8.1","4.0","2.6","4.1","3.0","3.9","4.3","14.9","6.7","12.4","6.8","18.4","12.6","53.5","9.2","58.0","11.1","47.2","13.7","14.1","8.3","12.0","10.1","17.0","10.7","8.9","4.5","6.5","4.2","12.2","8.9","4.3","3.1","6.3","4.1","1.4","2.9","95.6","2.6","95.3","3.0","96.1","4.3","13.2","6.1","12.8","6.7","13.6","9.1","643","135","371","96","272","64","95.3","4.1","94.3","5.0","96.7","6.6","9.2","6.0","8.4","6.2","10.3","8.7","319","166","192","112","127","69","97.8","3.3","97.9","5.1","97.6","2.1","15.7","11.8","13.0","12.1","19.7","21.1","90","49","48","43","42","23","94.4","9.7","100.0","46.0","88.1","20.7","33.3","26.8","47.9","46.3","16.7","26.8","4","3","4","3","0","95","0.0","100.0","0.0","100.0","-","**","0.0","100.0","0.0","100.0","-","**","36.8","26.9","36.4","43.6","37.5","62.5","10.2","14.0","5.5","11.2","13.9","20.5","4.6","7.3","3.9","6.4","5.3","8.6","0.0","30.3","0.0","50.4","0.0","41.1","38133","6461","41083","10047","22216","7636","24464","36044","46111","25461","23056","7118","31435","13620","32407","22914","26188","24873","38201","5166","39957","7454","21389","20724","34688","17666","38750","77934","20625","43846","75179","30064","76250","36107","2,500-","***","3.4","(X)","(X)","(X)","(X)","(X)",
"1400000US06111004704","Census Tract 47.04, Ventura County, California","62","56","38","48","24","22","25.8","36.6","42.1","57.8","0.0","65.0","14.5","22.3","23.7","37.2","0.0","65.0","21.0","36.3","34.2","50.2","0.0","65.0","38.7","32.0","0.0","51.7","100.0","65.0","964","112","454","85","510","74","23.9","8.2","18.3","12.0","28.8","10.4","23.0","7.6","26.4","11.7","20.0","10.5","22.3","6.7","25.3","13.4","19.6","9.9","18.5","7.4","22.0","7.7","15.3","11.9","5.5","4.1","1.1","2.1","9.4","7.6","6.8","5.0","6.8","6.6","6.9","5.7","0.0","3.8","0.0","7.9","0.0","7.1","53.1","8.4","55.3","12.5","51.2","11.0","6.8","5.0","6.8","6.6","6.9","5.7","390","78","168","48","222","63","52.6","20.0","58.9","26.3","47.7","21.1","5.4","6.4","0.0","19.9","9.5","10.9","139","89","102","69","37","35","52.5","30.7","61.8","29.4","27.0","48.4","0.0","23.3","0.0","29.8","0.0","52.4","365","47","159","28","206","55","47.7","13.3","46.5","18.6","48.5","21.8","12.3","9.3","19.5","19.7","6.8","10.0","70","42","25","25","45","27","85.7","26.4","60.0","57.9","100.0","47.5","0.0","38.1","0.0","63.7","0.0","47.5","9.5","10.3","3.9","6.9","14.1","15.3","0.0","15.9","0.0","27.2","0.0","30.3","1.7","4.6","0.0","29.2","3.2","8.6","0.0","39.2","0.0","57.2","0.0","53.8","26661","4048","32007","6864","19792","13195","23668","5517","26115","2647","11865","10868","43060","26276","42716","36831","-","**","30660","3876","33173","3428","25208","12067","38036","24217","80673","90544","4931","70961","-","**","-","**","-","**","7.5","(X)","(X)","(X)","(X)","(X)",
"1400000US06111004710","Census Tract 47.10, Ventura County, California","549","253","294","157","255","144","45.7","16.1","51.0","22.2","39.6","31.3","27.3","16.1","32.7","22.2","21.2","31.5","25.1","13.4","16.3","17.7","35.3","22.8","1.8","3.4","0.0","12.0","3.9","6.8","3293","337","1684","215","1609","245","31.0","8.8","28.2","11.3","33.9","10.4","13.2","4.4","12.1","5.8","14.4","6.2","11.8","4.8","16.4","6.8","7.0","4.1","18.2","5.2","15.1","7.4","21.4","6.9","12.4","4.9","16.0","8.2","8.6","3.7","10.1","5.1","8.8","8.2","11.4","7.0","3.3","2.3","3.4","2.9","3.3","3.0","55.8","8.3","59.7","10.2","51.7","8.3","13.4","5.9","12.2","8.9","14.7","7.5","991","283","540","205","451","134","47.4","15.9","50.2","22.7","44.1","15.1","7.3","6.4","8.0","10.5","6.4","7.6","685","245","342","117","343","169","43.8","17.9","45.3","18.1","42.3","24.1","10.1","6.1","4.4","7.2","15.7","11.1","998","162","534","122","464","102","65.4","13.0","67.8","14.4","62.7","16.7","16.4","8.0","13.5","10.1","19.8","12.9","619","109","268","100","351","100","66.9","18.9","81.0","20.3","56.1","20.9","22.0","16.1","28.0","21.5","17.4","21.0","12.7","7.1","7.7","7.2","17.1","8.3","4.6","6.3","5.4","8.9","2.7","6.5","4.4","4.0","0.0","6.9","9.1","8.6","4.8","11.3","0.0","16.6","8.9","20.1","25844","4804","28464","6356","22592","7355","19879","3999","24072","3552","16844","4069","41793","21809","49583","14289","26100","18414","31437","5458","30156","8686","32948","9027","34448","20156","34531","12415","34205","39548","68654","14184","100417","170725","68077","11384","6.3","(X)","(X)","(X)","(X)","(X)",
"1400000US06111004711","Census Tract 47.11, Ventura County, California","394","89","233","112","161","80","9.4","14.1","0.0","14.8","23.0","33.6","36.5","17.1","45.1","25.0","24.2","29.3","47.0","16.2","50.6","25.6","41.6","23.7","7.1","8.3","4.3","8.2","11.2","18.7","2102","341","961","209","1141","206","20.1","6.3","9.8","5.2","28.8","8.9","10.4","5.7","18.3","8.3","3.8","7.4","13.0","5.4","12.8","7.1","13.1","6.7","26.5","6.7","28.5","9.2","24.7","9.5","4.2","3.8","2.9","3.3","5.3","5.3","23.4","5.2","25.9","11.0","21.3","6.5","2.4","1.9","1.8","2.8","3.0","3.1","69.5","6.4","71.9","7.5","67.4","9.7","25.8","5.2","27.7","11.4","24.3","6.0","389","131","171","102","218","115","64.5","17.2","57.9","30.8","69.7","29.5","16.7","12.2","9.4","17.0","22.5","15.5","432","133","274","116","158","65","74.3","16.3","74.1","17.3","74.7","23.1","33.1","18.1","38.0","23.5","24.7","24.5","843","218","336","105","507","144","67.5","11.6","74.1","14.8","63.1","15.7","23.3","7.6","27.7","13.8","20.3","11.3","438","134","180","77","258","80","72.8","15.7","77.8","21.7","69.4","18.3","31.7","15.7","29.4","27.9","33.3","21.6","37.7","18.2","44.8","21.9","32.5","22.9","1.1","2.6","2.4","5.9","0.0","21.9","23.9","14.6","21.5","17.7","26.0","21.1","0.0","6.9","0.0","13.9","0.0","12.6","26726","4407","27104","5962","23056","14009","14449","3145","18500","11819","13520","3441","23889","28289","16838","34360","27813","26521","28983","14270","42250","29333","28199","24528","38125","9944","31667","10289","53636","15495","45227","47812","-","**","47159","103089","9.8","(X)","(X)","(X)","(X)","(X)",
"1400000US06111004715","Census Tract 47.15, Ventura County, California","668","151","395","146","273","93","25.9","16.5","37.5","25.0","9.2","10.6","21.7","13.3","16.5","17.0","29.3","17.4","44.2","17.5","34.4","22.6","58.2","21.4","8.2","7.5","11.6","13.3","3.3","5.8","3187","412","1491","264","1696","222","27.0","5.7","21.9","8.3","31.5","7.9","16.2","6.7","17.5","8.8","15.0","6.9","21.3","5.0","24.4","7.4","18.6","6.2","21.9","4.4","21.1","6.7","22.5","6.5","5.5","2.2","8.0","4.3","3.2","2.3","6.7","3.2","4.6","3.3","8.5","4.2","1.5","1.4","2.5","2.5","0.6","1.0","56.8","7.4","60.6","8.9","53.5","9.6","8.1","3.6","7.0","4.4","9.1","4.4","923","232","431","124","492","144","61.3","12.5","69.1","15.7","54.5","17.2","12.9","8.0","9.5","9.9","15.9","10.7","915","328","405","189","510","182","57.0","15.4","62.7","18.1","52.5","17.2","7.8","7.8","9.9","9.7","6.1","7.5","1009","186","513","126","496","110","59.1","11.4","60.0","16.2","58.1","14.9","3.7","3.4","2.5","4.4","4.8","5.3","340","69","142","55","198","55","37.4","16.2","31.0","22.1","41.9","20.1","9.4","8.0","7.7","11.7","10.6","11.2","28.4","10.6","23.7","12.4","31.9","12.9","5.9","7.7","8.0","9.9","3.5","6.0","15.7","7.2","7.8","7.4","23.6","12.3","0.0","13.5","0.0","29.2","0.0","21.4","22453","4781","24123","6279","19911","6222","16311","1422","18071","6125","15137","3692","27433","4693","29018","5451","26111","8496","23864","11987","21563","19543","25688","20217","35000","24902","54900","38232","32931","2621","31912","68194","31912","68194","-","**","16.8","(X)","(X)","(X)","(X)","(X)",
"1400000US06111004716","Census Tract 47.16, Ventura County, California","476","184","257","129","219","108","26.9","16.5","36.6","26.3","15.5","21.4","26.7","15.6","26.8","20.4","26.5","16.4","33.2","17.2","29.6","19.9","37.4","25.1","13.2","11.4","7.0","10.1","20.5","19.8","2346","279","1209","231","1137","132","22.8","5.9","15.2","7.8","31.0","8.5","14.7","4.4","18.9","6.6","10.1","4.9","25.6","6.4","29.9","9.7","21.1","8.2","17.5","5.1","17.0","5.5","17.9","6.3","4.6","2.6","6.8","4.8","2.4","2.3","12.7","4.5","9.0","5.4","16.7","8.1","2.0","2.7","3.1","4.9","0.8","1.7","62.5","6.8","65.8","7.8","58.9","8.8","14.7","6.2","12.2","6.8","17.5","8.6","473","189","249","172","224","81","63.4","16.2","59.0","16.8","68.3","21.5","15.2","16.1","4.8","9.3","26.8","27.1","625","132","384","96","241","83","58.6","14.6","59.6","17.7","56.8","21.7","19.0","10.7","25.8","16.7","8.3","12.2","807","101","344","56","463","81","80.2","8.1","90.1","8.7","72.8","11.5","13.0","6.2","2.9","4.7","20.5","11.2","441","117","232","86","209","95","34.7","12.6","47.4","16.7","20.6","13.7","11.3","7.4","11.2","11.3","11.5","11.3","8.5","6.1","4.6","5.5","12.0","10.7","8.8","8.3","11.6","12.0","4.6","8.1","13.1","9.1","18.1","15.3","6.9","8.3","7.5","9.7","0.0","22.4","13.1","17.5","32563","4149","38510","7902","26889","4502","17121","17883","24667","24699","15132","8105","30769","10944","39087","5893","22276","7127","40042","8064","40050","12423","40000","23110","37083","14501","43393","885","29331","16137","-","**","-","**","-","**","6.9","(X)","(X)","(X)","(X)","(X)",
"1400000US06111004717","Census Tract 47.17, Ventura County, California","581","228","74","67","507","187","30.5","17.8","71.6","45.3","24.5","15.6","51.1","20.9","21.6","41.0","55.4","20.8","17.7","14.2","6.8","50.3","19.3","15.9","0.7","3.7","0.0","36.9","0.8","4.2","1950","344","1084","230","866","153","42.6","10.3","38.7","13.2","47.5","11.6","8.7","5.0","9.8","7.7","7.4","5.3","21.6","8.9","17.5","10.3","26.8","12.3","19.1","8.2","28.5","12.4","7.4","7.1","5.2","3.6","2.2","5.2","9.0","6.7","0.8","1.2","0.0","3.4","1.7","2.7","1.9","2.8","3.2","5.0","0.2","0.5","48.7","10.9","51.5","12.8","45.2","13.2","2.7","3.0","3.2","5.0","2.0","2.7","763","330","500","257","263","119","49.4","22.7","55.2","28.0","38.4","24.6","0.0","4.8","0.0","7.2","0.0","13.3","367","168","236","152","131","62","58.0","16.4","39.8","32.0","90.8","20.9","0.0","9.7","0.0","14.7","0.0","24.5","621","105","270","78","351","66","37.8","16.0","44.8","23.5","32.5","17.8","6.4","9.3","13.0","20.0","1.4","5.4","199","103","78","47","121","67","62.3","24.2","85.9","23.7","47.1","25.8","6.0","10.4","0.0","35.8","9.9","16.6","21.2","15.0","15.0","14.5","28.0","18.1","2.4","4.0","0.0","17.8","4.3","7.2","9.9","12.7","14.1","16.8","0.0","22.9","0.0","44.2","0.0","53.8","0.0","77.3","25156","2211","25812","3078","23558","7126","20990","4530","24344","3554","17500","5237","28214","9552","22431","22175","28482","9184","40160","14861","33984","23099","40742","21682","-","**","-","**","-","**","71179","251","-","**","-","**","5.6","(X)","(X)","(X)","(X)","(X)",
"1400000US06111004901","Census Tract 49.01, Ventura County, California","868","202","387","138","481","161","9.7","8.9","12.7","14.5","7.3","11.3","34.3","16.8","29.2","23.1","38.5","20.3","53.6","15.7","58.1","22.9","49.9","21.2","2.4","4.1","0.0","9.2","4.4","7.3","3705","365","1782","241","1923","247","11.6","5.0","8.8","5.0","14.1","6.4","4.0","2.5","6.8","5.0","1.4","1.5","26.7","6.9","26.9","9.0","26.5","9.2","25.0","5.8","31.3","9.4","19.1","6.1","13.4","4.2","9.5","4.4","17.0","7.0","13.0","4.2","10.3","4.4","15.5","5.4","6.4","3.3","6.4","4.2","6.4","3.8","84.5","5.5","84.4","6.9","84.5","6.2","19.4","5.4","16.7","5.9","21.9","6.0","1539","389","766","217","773","225","90.6","8.6","86.3","10.9","95.0","7.4","19.3","8.0","10.8","7.2","27.7","11.7","922","234","467","139","455","144","88.6","7.8","85.7","8.6","91.6","12.7","20.1","10.3","18.2","11.5","22.0","14.6","1012","186","426","101","586","128","78.1","14.3","89.0","13.4","70.1","17.4","21.6","9.6","26.1","14.6","18.4","9.9","232","74","123","63","109","46","54.7","24.8","52.0","35.7","57.8","30.4","8.2","11.4","15.4","22.8","0.0","28.4","5.9","8.9","6.2","9.9","5.7","8.5","6.2","6.0","0.0","7.5","12.0","11.6","1.5","2.5","0.0","5.1","3.0","4.9","2.6","3.7","6.4","9.2","0.0","8.5","41067","3403","45701","3064","33535","4366","23654","7856","28594","22629","20705","17713","41610","3408","44421","3832","32653","18324","40117","8524","41368","8774","35586","10256","60594","12553","65882","3803","51250","20089","63056","39745","123370","44055","34600","26486","6.2","(X)","(X)","(X)","(X)","(X)",
"1400000US06111004902","Census Tract 49.02, Ventura County, California","719","341","369","225","350","205","53.5","18.7","51.2","24.2","56.0","28.7","28.4","15.4","30.9","20.7","25.7","23.4","18.1","14.5","17.9","23.2","18.3","12.7","0.0","5.1","0.0","9.7","0.0","10.2","2534","296","1373","209","1161","170","57.1","9.0","54.9","11.5","59.8","12.3","12.5","6.5","11.5","7.8","13.6","7.8","12.1","4.4","9.6","6.4","15.1","7.4","15.2","6.7","19.0","8.6","10.6","9.8","2.7","2.8","5.0","5.2","0.0","3.2","0.4","0.7","0.0","2.7","0.9","1.5","0.0","1.5","0.0","2.7","0.0","3.2","30.4","7.3","33.6","9.6","26.6","10.9","0.4","0.7","0.0","2.7","0.9","1.5","563","240","354","173","209","111","41.9","23.2","42.4","26.6","41.1","28.9","0.0","6.4","0.0","10.0","0.0","16.4","630","182","390","133","240","110","36.5","15.5","55.6","23.4","5.4","9.0","0.0","5.8","0.0","9.2","0.0","14.4","839","214","415","137","424","126","32.3","15.6","20.5","17.6","43.9","18.0","0.0","4.4","0.0","8.6","0.0","8.5","502","168","214","97","288","97","6.6","6.2","4.2","6.9","8.3","9.4","2.2","3.4","0.0","16.0","3.8","6.0","9.2","4.9","11.1","6.1","7.3","5.7","12.4","18.2","0.0","24.4","21.7","29.7","7.1","11.0","4.9","8.0","13.0","23.3","100.0","96.0","-","**","100.0","96.0","17448","3219","22727","4901","9821","2803","15889","3312","19888","4348","9473","2001","25375","6103","25900","6848","21653","10465","27727","19600","30389","13484","8854","7027","-","**","-","**","-","**","-","**","-","**","-","**","6.6","(X)","(X)","(X)","(X)","(X)",
"1400000US06111005002","Census Tract 50.02, Ventura County, California","323","125","160","79","163","100","33.7","23.0","38.1","25.7","29.4","27.8","35.6","21.1","19.4","24.9","51.5","25.7","20.4","10.6","21.9","18.6","19.0","15.2","10.2","14.2","20.6","27.8","0.0","20.4","1534","281","726","149","808","182","36.6","9.3","45.7","12.9","28.3","10.5","9.4","4.8","13.1","10.1","6.1","4.1","23.1","8.7","16.3","7.7","29.2","12.7","21.6","7.0","16.1","9.4","26.5","11.7","1.6","1.7","2.2","2.9","1.1","1.8","6.1","6.1","4.3","6.2","7.7","7.0","1.7","2.1","2.3","2.7","1.1","1.9","54.0","10.1","41.2","12.5","65.6","11.6","7.8","6.1","6.6","6.4","8.8","6.8","735","189","309","94","426","123","63.9","11.5","41.1","20.3","80.5","15.3","9.0","7.7","13.6","15.2","5.6","5.8","268","91","130","52","138","59","48.9","20.5","50.8","26.4","47.1","24.8","0.0","13.0","0.0","24.7","0.0","23.5","497","135","279","80","218","78","40.0","15.8","35.1","16.8","46.3","21.3","10.7","10.0","2.2","3.8","21.6","20.1","34","24","8","10","26","17","85.3","28.5","100.0","100.0","80.8","35.5","0.0","54.6","0.0","100.0","0.0","62.5","14.2","9.3","10.1","8.5","20.5","14.6","13.8","13.6","0.0","26.7","20.8","20.3","18.3","23.7","0.0","24.2","29.1","32.2","19.3","29.7","0.0","46.0","32.4","41.8","20677","2510","23102","3791","17038","4734","18813","2705","22337","5131","16328","1714","21780","6472","22311","28042","21250","8257","25714","21522","46063","30155","21027","12221","13333","26496","-","**","13333","26496","17273","14318","-","**","-","**","7.2","(X)","(X)","(X)","(X)","(X)",
"1400000US06111005003","Census Tract 50.03, Ventura County, California","1134","329","550","216","584","198","28.4","25.2","31.5","30.8","25.5","21.8","40.2","19.1","42.9","25.9","37.7","18.4","28.3","12.8","25.6","15.4","30.8","16.5","3.1","3.9","0.0","6.6","6.0","7.6","3676","467","1904","286","1772","252","37.1","9.8","36.2","10.8","38.0","10.1","19.4","6.2","19.0","7.1","19.8","7.9","24.4","7.1","27.9","9.3","20.6","7.1","12.4","4.7","12.4","5.4","12.4","6.8","3.4","2.3","1.3","1.7","5.8","4.0","1.7","1.5","1.9","1.7","1.5","1.9","1.6","1.6","1.4","1.6","1.9","2.2","43.6","9.4","44.8","10.9","42.2","10.6","3.3","1.9","3.3","2.1","3.4","2.8","786","344","493","199","293","179","63.4","23.0","58.2","23.4","72.0","25.9","3.4","4.3","0.0","7.3","9.2","13.1","780","308","382","153","398","176","52.3","15.1","65.4","18.9","39.7","18.9","3.2","3.5","3.4","5.5","3.0","5.2","1495","189","711","127","784","129","34.8","12.8","31.8","15.2","37.6","14.0","2.9","2.5","3.1","3.1","2.8","3.9","615","144","318","103","297","99","28.3","13.6","28.3","16.1","28.3","19.3","4.4","5.0","8.5","9.8","0.0","11.8","24.5","8.9","20.4","10.3","28.8","10.7","12.9","11.3","8.7","9.0","19.2","22.1","16.3","12.3","18.8","21.9","14.3","15.1","0.0","25.8","0.0","40.5","0.0","40.8","23112","4767","26794","1663","17565","3298","19664","6676","26746","3723","17500","4886","22574","6281","24277","1757","12477","10984","27419","6007","29881","49730","19615","8787","37143","12526","44712","41906","35089","77954","59432","17585","-","**","-","**","5.6","(X)","(X)","(X)","(X)","(X)",
"1400000US06111005004","Census Tract 50.04, Ventura County, California","609","233","362","183","247","189","0.5","1.2","0.8","2.2","0.0","14.1","37.3","18.4","31.2","26.8","46.2","38.4","50.1","21.1","50.8","33.9","49.0","38.2","12.2","11.9","17.1","16.8","4.9","11.6","2107","204","1016","167","1091","141","20.2","8.6","21.5","10.1","19.1","10.7","1.0","1.7","0.0","3.6","2.0","3.4","13.0","7.5","12.4","11.2","13.5","7.4","16.5","6.6","22.5","10.0","10.8","6.7","11.6","6.3","6.7","7.5","16.1","9.5","29.4","6.2","32.2","10.9","26.9","8.5","8.3","3.6","4.7","4.0","11.6","6.2","78.7","8.6","78.5","10.1","78.9","11.1","37.7","6.6","36.9","10.7","38.5","10.8","910","256","478","164","432","152","93.1","7.8","95.6","6.6","90.3","10.0","43.2","12.8","34.3","17.1","53.0","20.1","440","164","272","95","168","97","82.7","13.1","72.1","24.5","100.0","19.9","53.6","13.6","46.3","21.1","65.5","28.9","659","185","228","69","431","152","63.7","24.4","63.6","36.0","63.8","23.3","25.2","14.6","37.3","26.3","18.8","13.1","98","76","38","37","60","52","28.6","24.0","0.0","51.7","46.7","46.9","0.0","30.7","0.0","51.7","0.0","41.1","43.3","33.8","45.4","37.3","41.3","34.9","8.1","10.6","17.5","27.0","0.0","22.3","6.1","6.4","4.4","7.2","7.8","11.3","0.0","4.6","0.0","9.5","0.0","8.5","42188","13576","56513","15837","32269","10898","20536","16364","8594","95900","21138","4709","37938","56908","70077","93533","21016","43077","42700","18989","57813","20075","27036","8592","56330","6301","56678","17760","56000","10707","47188","28365","104773","40918","38702","13894","1.8","(X)","(X)","(X)","(X)","(X)",
"1400000US06111005100","Census Tract 51, Ventura County, California","686","179","401","135","285","119","34.8","10.8","40.6","14.1","26.7","13.9","34.8","10.8","37.7","12.9","30.9","18.0","28.0","11.5","21.7","12.0","36.8","19.4","2.3","2.7","0.0","8.9","5.6","6.8","2305","187","1072","134","1233","108","10.3","5.4","10.4","6.2","10.3","5.6","6.1","2.5","5.6","3.8","6.5","3.5","18.2","5.0","17.5","6.1","18.8","6.5","28.8","4.4","23.0","6.1","33.7","7.0","6.0","2.8","3.5","2.3","8.3","5.0","18.9","4.3","23.1","8.3","15.2","4.4","11.7","3.4","16.9","5.2","7.2","3.5","83.6","6.2","84.0","8.0","83.2","6.4","30.6","5.2","40.0","9.9","22.4","5.1","374","110","180","60","194","83","74.6","15.3","71.7","21.0","77.3","19.3","27.8","12.3","48.9","24.1","8.2","8.9","366","88","143","60","223","59","81.1","12.1","74.8","18.2","85.2","15.5","17.8","11.2","25.9","23.2","12.6","10.9","974","139","490","108","484","85","84.3","7.3","89.6","9.1","78.9","8.5","35.6","9.3","40.6","14.0","30.6","9.7","591","95","259","60","332","65","89.7","5.4","87.3","7.7","91.6","6.4","32.0","9.3","40.5","12.2","25.3","11.7","40.5","22.6","30.2","25.6","50.0","24.5","15.4","11.8","17.7","15.4","13.5","12.6","3.2","3.1","1.5","2.6","4.2","4.4","2.0","2.2","1.7","2.5","2.6","3.9","38444","10852","46944","18741","30658","11030","20536","12845","21071","12629","11875","29266","25708","6366","43125","42021","25333","16614","32500","20823","39750","27767","31250","20076","55982","18661","77935","41961","41964","14518","102969","29966","123295","8157","68571","40491","3.4","(X)","(X)","(X)","(X)","(X)",
"1400000US06111005202","Census Tract 52.02, Ventura County, California","301","134","201","99","100","56","12.6","11.3","12.9","13.1","12.0","18.0","54.8","22.8","51.2","24.6","62.0","29.8","25.2","13.7","27.4","15.6","21.0","21.6","7.3","8.1","8.5","9.4","5.0","9.9","1945","189","944","132","1001","93","8.6","4.6","10.8","5.9","6.5","4.2","1.8","2.1","1.4","2.0","2.2","2.4","21.9","5.9","18.2","7.0","25.4","7.1","26.3","5.8","29.3","8.0","23.4","7.9","8.1","3.3","8.5","4.6","7.7","4.6","19.7","5.3","19.5","7.7","19.9","6.8","13.7","4.7","12.3","6.7","15.0","5.4","89.6","4.9","87.8","6.0","91.3","4.7","33.4","6.5","31.8","8.8","34.9","7.6","178","84","106","59","72","39","77.0","16.6","79.2","17.3","73.6","18.9","24.2","17.6","18.9","18.2","31.9","26.0","307","82","158","52","149","59","95.1","3.9","90.5","7.7","100.0","22.0","40.7","15.4","36.1","21.2","45.6","23.0","915","117","443","81","472","66","91.5","8.3","88.9","10.7","93.9","6.8","39.6","9.3","38.8","13.3","40.3","11.6","545","106","237","65","308","65","87.5","9.3","87.8","11.7","87.3","10.7","21.8","11.8","21.5","13.9","22.1","13.2","27.7","21.1","32.2","25.6","21.8","18.3","25.1","18.3","20.9","23.1","28.0","17.6","5.5","5.7","10.4","10.3","0.0","11.3","4.9","4.2","0.0","11.7","9.2","7.5","42202","16712","51827","18652","29018","22392","25333","5207","25333","5207","-","**","26923","52194","70216","53026","11641","21957","38304","10327","40774","18657","37188","32355","55278","15544","100481","36603","16458","26284","76500","57304","106083","123280","75417","45939","2.2","(X)","(X)","(X)","(X)","(X)",
"1400000US06111005203","Census Tract 52.03, Ventura County, California","597","160","364","163","233","89","23.8","17.6","32.7","30.1","9.9","11.5","14.7","12.7","6.0","8.2","28.3","26.0","57.8","17.2","61.3","27.1","52.4","22.8","3.7","4.3","0.0","9.8","9.4","10.4","3487","188","1661","125","1826","150","1.3","1.4","1.4","1.7","1.2","1.5","6.2","3.1","5.9","3.6","6.5","3.5","13.2","3.8","13.7","5.9","12.9","3.6","26.0","5.2","19.7","6.7","31.8","7.1","9.7","2.9","12.0","5.0","7.5","4.3","26.3","4.6","23.5","6.0","28.9","6.3","17.2","4.0","23.8","7.3","11.2","3.6","92.5","3.1","92.7","3.6","92.3","3.7","43.5","5.9","47.3","8.4","40.1","6.6","299","116","156","73","143","77","89.6","11.5","87.2","11.8","92.3","13.1","30.1","14.0","19.2","16.3","42.0","23.9","571","123","243","77","328","96","87.2","8.1","92.2","8.5","83.5","12.6","29.9","11.1","26.3","15.9","32.6","18.4","1496","186","769","142","727","113","93.6","3.8","90.5","6.0","97.0","2.5","50.7","8.9","56.2","12.6","44.8","10.2","1121","182","493","98","628","119","94.4","4.8","98.0","3.0","91.6","7.3","44.5","9.7","52.5","12.7","38.2","11.3","9.2","10.1","5.7","12.3","12.1","14.1","4.3","6.9","3.1","5.6","5.5","12.9","4.9","3.4","5.5","5.8","4.5","4.2","6.2","4.8","4.5","4.0","8.0","9.5","50875","10782","75545","12685","31389","10688","17880","4356","38839","31465","16319","1039","40365","6651","40737","9879","38393","32540","39699","9395","76111","42899","32361","12570","54844","10049","83500","30859","24917","10065","90163","12719","93750","15731","77955","26733","5.0","(X)","(X)","(X)","(X)","(X)",
"1400000US06111005204","Census Tract 52.04, Ventura County, California","119","77","65","43","54","65","34.5","40.6","0.0","39.5","75.9","46.6","16.8","19.8","23.1","33.8","9.3","24.9","31.1","33.4","56.9","41.8","0.0","43.3","17.6","17.8","20.0","24.3","14.8","32.4","2485","165","1101","111","1384","154","2.1","1.8","1.4","1.8","2.6","2.3","2.7","2.2","3.4","3.6","2.2","2.5","16.5","4.7","17.2","6.1","15.9","6.4","24.1","7.9","16.6","6.9","30.1","11.6","4.7","2.5","4.5","3.6","4.8","3.5","25.9","5.2","19.9","7.0","30.6","8.0","24.1","5.8","37.1","9.6","13.9","6.5","95.3","2.7","95.3","3.9","95.2","3.3","50.0","7.5","56.9","9.5","44.5","9.9","162","92","44","38","118","90","100.0","20.5","100.0","48.0","100.0","26.7","32.1","26.6","15.9","29.0","38.1","29.2","452","95","165","59","287","76","96.0","6.0","89.1","15.3","100.0","12.2","43.6","16.5","33.9","21.1","49.1","19.8","980","175","464","108","516","117","98.2","2.1","99.1","1.0","97.3","3.8","54.6","9.8","60.8","13.2","49.0","13.3","891","142","428","82","463","121","90.8","6.6","93.0","8.0","88.8","8.8","51.5","11.1","65.9","14.9","38.2","14.9","4.2","4.4","7.7","11.7","1.5","5.9","3.7","4.5","0.5","2.1","6.4","8.5","10.8","9.5","9.0","13.2","11.6","10.0","4.4","4.3","6.7","5.6","2.1","3.4","53688","12749","70603","10733","40000","14005","-","**","-","**","-","**","24667","16598","54148","38738","16211","11778","55417","28715","64402","17689","29811","46962","51875","35938","98083","40659","41286","4656","83864","42228","111477","32751","54236","28116","1.6","(X)","(X)","(X)","(X)","(X)",
"1400000US06111005205","Census Tract 52.05, Ventura County, California","362","132","234","100","128","79","1.9","3.5","0.0","14.8","5.5","10.0","35.1","19.0","51.3","27.3","5.5","9.3","49.4","18.0","27.8","24.3","89.1","13.8","13.5","12.0","20.9","19.3","0.0","25.0","4393","240","2138","191","2255","167","2.5","1.8","1.7","2.2","3.4","2.5","5.2","2.1","5.8","3.7","4.7","2.9","13.4","3.3","12.4","4.2","14.3","5.0","22.8","4.2","21.8","5.8","23.7","5.6","9.6","3.9","7.0","4.4","12.0","5.1","24.0","5.4","26.2","6.6","21.9","5.8","22.5","4.7","25.1","6.3","20.1","4.5","92.2","2.9","92.5","4.1","92.0","4.3","46.5","5.9","51.3","8.5","42.0","6.1","702","236","337","130","365","168","98.6","2.5","97.0","5.2","100.0","9.8","38.9","12.7","39.5","17.7","38.4","15.9","596","168","284","119","312","85","83.4","12.6","83.8","13.7","83.0","20.8","35.4","16.0","39.4","20.8","31.7","18.3","2057","237","935","122","1122","158","95.9","3.3","95.0","6.1","96.7","3.0","55.3","8.2","58.6","12.6","52.6","8.2","1038","98","582","79","456","86","85.7","7.2","90.2","8.7","80.0","11.4","40.7","9.6","52.1","12.8","26.1","12.4","15.7","18.8","0.0","20.7","29.8","29.6","7.7","6.4","12.0","12.5","4.1","5.6","8.2","6.8","11.7","9.2","5.6","6.2","2.3","2.0","1.6","2.3","3.1","3.4","52370","13562","67581","14544","41361","3450","21557","11917","38750","14817","2,500-","***","44286","15569","46591","26054","40294","34175","38750","6380","38750","22765","38750","8659","71750","37986","99531","52337","41957","26374","100074","28691","165962","90010","67411","27633","4.9","(X)","(X)","(X)","(X)","(X)",
"1400000US06111005303","Census Tract 53.03, Ventura County, California","628","232","352","148","276","162","7.2","6.6","9.9","11.6","3.6","6.3","32.0","18.9","41.2","23.4","20.3","18.6","57.3","18.9","48.9","25.5","68.1","22.6","3.5","5.1","0.0","10.1","8.0","11.9","6006","358","2824","227","3182","207","0.9","0.9","1.5","1.7","0.4","0.7","1.9","1.0","2.2","1.9","1.5","1.1","16.0","4.0","10.8","4.8","20.7","5.2","27.0","4.8","26.5","6.8","27.5","5.6","12.2","3.5","8.8","3.7","15.2","4.8","28.6","4.3","35.8","6.0","22.2","5.4","13.3","3.5","14.4","4.9","12.4","4.4","97.2","1.2","96.3","2.2","98.0","1.4","41.9","5.5","50.2","6.9","34.6","6.3","1077","275","463","160","614","169","100.0","3.4","100.0","7.8","100.0","5.9","46.4","14.9","49.0","20.2","44.5","15.7","1607","195","664","118","943","148","97.1","3.1","96.4","5.5","97.6","3.4","51.8","10.8","60.4","13.7","45.7","12.6","2452","238","1307","160","1145","140","97.3","2.3","96.9","3.7","97.7","2.6","37.9","7.9","46.5","10.2","28.0","9.2","870","162","390","63","480","145","93.9","4.9","90.0","9.3","97.1","4.8","29.7","9.2","46.7","14.6","15.8","9.4","17.4","17.3","14.4","21.2","22.2","30.6","1.5","2.4","0.0","11.6","2.1","3.4","4.1","3.6","0.0","3.7","7.1","6.3","1.5","1.9","1.6","1.8","1.4","2.1","65379","5374","74872","5477","45082","6699","38125","29095","38594","34873","-","**","33702","10679","62833","71993","32583","22985","53444","14645","72002","4817","42722","8430","77396","9426","86333","24349","75197","14380","86571","8145","104875","32062","72885","24568","1.8","(X)","(X)","(X)","(X)","(X)",
"1400000US06111005304","Census Tract 53.04, Ventura County, California","160","108","72","47","88","106","2.5","8.8","5.6","16.2","0.0","33.2","25.0","22.4","5.6","18.1","40.9","24.2","32.5","19.3","0.0","37.5","59.1","24.2","40.0","32.1","88.9","34.0","0.0","33.2","4311","259","1771","167","2540","206","1.2","1.2","1.7","2.0","0.9","1.4","7.7","3.6","7.8","3.9","7.7","4.4","24.5","6.3","16.0","8.5","30.5","7.2","25.5","5.3","23.3","7.8","27.0","6.5","9.6","3.7","7.7","5.5","10.9","4.8","19.8","4.0","28.0","6.4","14.1","5.6","11.7","3.7","15.5","5.6","9.0","3.8","91.1","3.9","90.5","4.3","91.5","4.6","31.5","5.2","43.5","7.7","23.1","6.7","394","148","171","78","223","106","100.0","9.1","100.0","19.6","100.0","15.4","23.9","13.4","32.7","26.1","17.0","17.4","409","95","226","58","183","68","100.0","8.8","100.0","15.2","100.0","18.4","51.8","24.6","46.5","29.1","58.5","34.9","1065","122","506","84","559","97","84.1","10.6","81.6","13.0","86.4","11.6","31.1","9.1","38.3","13.2","24.5","11.1","2443","226","868","153","1575","156","91.2","4.7","91.4","5.6","91.0","5.9","29.4","7.3","47.8","13.1","19.3","7.9","2.9","4.7","6.5","9.9","0.0","15.8","8.0","5.3","0.0","12.4","11.0","6.9","1.7","2.0","2.4","4.0","1.3","2.2","3.0","2.7","1.3","2.0","5.2","5.7","47906","11293","65245","5560","34453","7910","17060","74621","-","**","16528","22698","49469","14112","64417","26040","18633","21950","40292","9391","63429","28647","35313","16385","71875","12578","80167","25917","54438","40259","32083","44596","60089","94922","32000","45230","2.7","(X)","(X)","(X)","(X)","(X)",
"1400000US06111005305","Census Tract 53.05, Ventura County, California","707","187","417","94","290","119","4.7","5.2","3.6","5.6","6.2","9.2","27.6","11.0","11.8","10.5","50.3","19.1","53.2","13.5","66.9","13.2","33.4","18.0","14.6","8.1","17.7","11.2","10.0","11.2","3671","251","1903","157","1768","167","2.5","2.0","3.9","3.4","1.0","1.5","0.8","0.7","0.5","0.8","1.0","1.2","13.5","3.6","11.9","4.7","15.2","5.6","21.0","4.6","16.6","4.8","25.7","6.6","8.2","3.4","5.4","3.3","11.3","4.7","28.7","4.2","32.1","6.2","25.1","5.9","25.3","4.4","29.6","6.1","20.7","4.9","96.7","2.1","95.5","3.5","98.0","1.8","54.0","5.3","61.7","6.9","45.8","7.0","312","156","198","127","114","72","88.5","15.1","81.8","27.0","100.0","27.4","24.0","22.6","24.2","32.6","23.7","23.4","504","149","246","93","258","73","91.1","10.0","89.0","11.1","93.0","9.8","47.8","11.2","58.1","17.3","38.0","15.5","2161","200","1066","132","1095","130","100.0","1.7","100.0","3.5","100.0","3.4","59.6","7.0","66.3","9.2","53.2","9.8","694","180","393","108","301","89","94.2","5.9","94.4","8.4","94.0","7.0","54.5","9.9","70.2","13.9","33.9","13.7","14.9","20.3","0.0","33.9","50.0","50.0","5.1","5.7","5.3","8.3","4.9","8.0","9.1","7.1","0.0","8.6","15.0","10.9","2.3","2.1","0.9","1.3","4.3","3.8","87500","14635","103466","4088","56250","18509","57882","40394","58507","24748","-","**","48086","49618","45000","72332","48086","33554","63207","20942","75833","16050","21473","50275","94375","16522","137941","30208","67917","40400","155549","54217","163722","34466","92885","37146","2.8","(X)","(X)","(X)","(X)","(X)",
"1400000US06111005306","Census Tract 53.06, Ventura County, California","503","130","299","118","204","80","0.0","7.2","0.0","11.8","0.0","16.7","40.8","15.3","53.8","15.3","21.6","25.1","53.3","17.1","40.8","16.3","71.6","25.8","6.0","6.8","5.4","8.5","6.9","11.1","3096","168","1464","114","1632","114","0.6","0.7","0.5","0.8","0.7","1.1","1.9","1.5","1.1","1.2","2.6","2.7","10.7","3.4","6.6","4.1","14.3","4.8","26.4","4.7","24.9","5.5","27.8","6.4","12.9","3.4","15.4","5.8","10.6","5.1","29.6","4.4","31.1","6.3","28.1","6.4","18.0","3.7","20.4","6.2","15.9","5.0","97.5","1.7","98.4","1.5","96.6","3.0","47.6","5.5","51.6","7.8","44.0","7.1","397","130","188","85","209","98","93.2","10.2","100.0","18.0","87.1","18.9","46.3","16.1","56.9","22.9","36.8","23.3","542","103","231","68","311","82","98.7","2.1","97.0","4.9","100.0","11.3","53.7","15.7","44.2","21.1","60.8","19.4","1583","122","783","99","800","74","100.0","2.3","100.0","4.7","100.0","4.6","47.1","8.0","51.6","11.8","42.6","10.7","574","83","262","59","312","57","92.3","5.4","93.9","6.7","91.0","8.6","44.1","12.1","54.2","14.9","35.6","15.2","0.0","35.8","0.0","66.4","0.0","43.0","6.7","7.3","6.2","11.1","6.9","7.5","3.4","3.1","3.4","3.8","3.4","3.8","0.6","0.9","1.2","1.8","0.0","5.1","56772","8065","76507","12458","42292","7197","-","**","-","**","-","**","33241","12706","140972","91118","21375","21847","43798","5254","54242","16165","37553","3437","74602","25201","95000","20256","47639","36171","95197","26163","104531","26060","78889","10621","2.7","(X)","(X)","(X)","(X)","(X)",
"1400000US06111005401","Census Tract 54.01, Ventura County, California","483","177","225","103","258","97","5.8","5.2","3.6","5.4","7.8","8.6","32.7","17.5","48.0","22.7","19.4","17.1","33.5","14.2","32.9","18.8","34.1","19.1","28.0","21.2","15.6","20.9","38.8","23.6","2640","257","1327","186","1313","166","6.2","5.3","3.2","4.7","9.2","6.7","3.0","2.5","2.3","2.5","3.8","3.6","20.8","5.6","19.4","6.4","22.2","6.7","30.5","8.0","34.9","12.3","26.1","7.2","12.6","4.5","9.9","5.4","15.3","5.7","20.0","5.1","20.7","8.0","19.2","5.9","6.9","3.0","9.6","4.5","4.2","2.8","90.8","6.1","94.6","5.3","87.0","8.6","26.9","6.1","30.4","8.7","23.4","6.6","368","188","259","173","109","57","89.1","12.3","87.6","17.9","92.7","12.8","22.0","19.5","10.8","14.4","48.6","30.3","529","128","305","93","224","59","100.0","6.8","100.0","11.6","100.0","15.4","16.4","14.0","14.1","13.5","19.6","17.3","1138","113","529","65","609","83","96.3","3.5","96.2","5.4","96.4","4.3","35.7","8.9","44.2","13.1","28.2","9.5","605","118","234","63","371","118","73.4","17.9","91.5","10.9","62.0","25.1","22.5","9.2","41.9","15.4","10.2","7.5","3.3","6.7","0.0","37.5","4.7","9.5","13.9","8.5","8.2","10.0","19.0","16.5","3.2","3.1","4.0","5.6","2.2","3.3","6.8","6.8","3.0","4.5","11.7","13.4","50953","9850","69342","7029","38427","10557","25272","8606","27011","3785","23333","25253","48214","19405","51964","19828","20885","14728","52375","22544","68421","5511","39798","8231","61382","12176","111250","31800","41563","40323","78438","16866","78828","20294","73438","123770","0.8","(X)","(X)","(X)","(X)","(X)",
"1400000US06111005403","Census Tract 54.03, Ventura County, California","274","84","169","80","105","68","29.6","20.1","31.4","29.0","26.7","37.1","31.4","24.8","50.9","34.2","0.0","29.2","39.1","24.8","17.8","20.8","73.3","37.1","0.0","12.8","0.0","19.8","0.0","29.2","1645","164","824","129","821","125","17.0","5.6","15.5","6.2","18.5","9.7","8.4","4.1","3.4","4.1","13.5","6.9","19.5","7.2","21.8","10.5","17.2","7.8","23.2","6.2","14.2","6.4","32.3","10.0","10.6","6.3","15.7","12.4","5.5","4.0","15.3","7.0","21.7","11.1","8.8","5.3","6.0","3.4","7.6","4.6","4.3","3.9","74.5","6.9","81.1","6.9","68.0","9.7","21.2","8.0","29.4","12.3","13.0","6.1","333","134","192","97","141","75","91.9","11.2","100.0","17.7","80.9","24.2","36.9","19.0","40.1","26.0","32.6","23.3","382","158","232","108","150","69","61.0","25.0","58.6","24.5","64.7","27.3","9.2","11.3","14.7","17.9","0.7","1.8","504","120","211","67","293","84","77.4","15.4","85.8","15.2","71.3","17.0","26.4","11.9","37.4","17.5","18.4","11.3","426","117","189","76","237","73","69.7","12.4","84.1","16.0","58.2","17.8","13.6","10.0","27.5","21.9","2.5","3.8","11.2","9.7","2.6","7.3","16.3","12.9","21.2","12.8","26.1","19.1","14.9","17.4","7.2","7.2","4.5","7.9","9.4","10.5","0.0","10.2","0.0","14.3","0.0","28.8","39500","9794","40805","8149","28708","16528","18488","2144","18464","2052","18500","2647","19833","6205","20521","8848","8500","18712","41868","1269","41986","5328","41438","9346","95563","20910","98125","10211","27202","71577","86696","34483","86071","37123","103958","67875","8.6","(X)","(X)","(X)","(X)","(X)",
"1400000US06111005404","Census Tract 54.04, Ventura County, California","281","127","200","95","81","61","5.3","7.7","0.0","17.0","18.5","27.9","11.7","12.9","16.5","17.8","0.0","35.0","78.3","15.5","77.0","19.6","81.5","27.9","4.6","6.8","6.5","9.9","0.0","35.0","2534","148","1223","112","1311","86","3.6","2.6","3.3","5.2","4.0","2.7","6.2","4.1","7.7","5.0","4.9","4.1","17.6","5.9","17.3","8.4","17.9","7.1","29.4","6.1","23.5","7.4","34.8","8.3","6.8","3.4","7.7","5.4","5.9","3.7","19.0","5.0","22.7","8.2","15.6","6.0","17.4","6.1","17.8","7.5","16.9","6.4","90.1","4.9","89.0","6.9","91.2","5.1","36.4","6.3","40.6","8.9","32.5","7.1","307","120","188","94","119","68","79.2","21.3","70.2","31.3","93.3","10.7","25.7","15.2","30.3","22.3","18.5","19.9","746","139","401","121","345","69","94.1","4.3","96.5","5.5","91.3","8.0","46.2","17.0","43.9","23.6","49.0","16.9","904","131","446","91","458","80","89.6","7.2","86.8","10.2","92.4","6.9","36.3","10.0","39.2","11.5","33.4","11.4","577","106","188","52","389","90","91.7","8.7","97.3","5.0","88.9","12.5","29.5","10.3","46.8","16.7","21.1","12.0","6.4","10.6","11.9","19.4","0.0","27.0","0.0","8.1","0.0","16.2","0.0","14.7","2.6","2.9","3.1","4.7","2.2","3.7","0.0","4.0","0.0","7.3","0.0","8.4","43828","9394","52361","19965","39894","6577","26375","8082","27281","2692","11477","4445","26641","11412","25703","14088","29000","128516","44022","16209","75833","32802","37188","7043","50114","26894","57885","46965","39879","42367","86061","15619","86755","27047","61719","51197","3.2","(X)","(X)","(X)","(X)","(X)",
"1400000US06111005502","Census Tract 55.02, Ventura County, California","595","206","276","133","319","126","4.2","5.8","0.0","12.7","7.8","10.9","39.0","15.3","34.8","19.8","42.6","17.4","42.9","14.8","46.7","23.6","39.5","18.7","13.9","9.5","18.5","16.8","10.0","12.4","3267","436","1514","347","1753","283","10.4","7.8","12.1","14.0","8.9","8.0","4.7","3.2","4.3","5.1","5.1","3.9","16.4","3.8","17.9","5.4","15.1","5.3","30.1","7.4","24.1","9.5","35.4","9.3","5.7","2.6","5.0","3.6","6.4","4.2","19.5","5.8","24.9","8.9","14.8","5.6","13.1","3.6","11.8","5.2","14.3","5.0","84.9","7.7","83.6","13.5","86.0","7.5","32.6","7.4","36.7","10.8","29.2","8.0","985","228","485","155","500","133","94.6","5.1","96.7","5.0","92.6","8.3","32.6","11.8","25.2","13.5","39.8","14.7","792","245","356","201","436","141","72.5","18.3","50.0","31.0","90.8","7.7","20.8","11.8","29.8","23.8","13.5","11.0","1105","192","495","106","610","146","84.3","9.7","89.5","11.2","80.2","13.9","40.0","10.2","44.2","15.8","36.6","10.9","385","82","178","66","207","83","87.3","12.4","98.9","2.6","77.3","21.9","35.8","16.4","60.7","29.1","14.5","16.3","10.5","13.1","3.2","7.1","18.0","23.9","7.8","7.3","3.7","6.4","12.1","12.7","3.3","3.5","1.6","3.0","4.4","5.2","0.0","3.5","0.0","6.5","0.0","7.1","33708","3302","34734","4182","32018","5240","22377","10093","25270","9320","21959","7422","31394","4606","32188","6519","30125","18869","32790","3471","39167","12628","28938","3937","37000","15174","34397","20866","45074","16657","81923","26716","79063","54201","82500","40309","2.9","(X)","(X)","(X)","(X)","(X)",
"1400000US06111005503","Census Tract 55.03, Ventura County, California","154","75","96","53","58","43","11.7","14.8","1.0","2.3","29.3","34.8","30.5","23.5","37.5","29.5","19.0","28.7","45.5","18.9","61.5","29.5","19.0","30.3","12.3","16.0","0.0","31.2","32.8","41.7","2132","182","969","148","1163","123","3.2","3.4","5.0","6.9","1.8","2.4","4.7","3.0","6.8","6.0","3.0","2.7","27.2","6.6","31.9","10.0","23.2","7.1","25.5","6.1","19.0","8.6","30.9","7.5","12.0","3.9","11.1","6.1","12.6","5.7","21.5","6.2","19.7","7.0","23.0","8.5","6.0","2.6","6.5","3.9","5.5","4.0","92.0","3.4","88.2","7.8","95.2","3.6","27.4","6.7","26.2","7.9","28.5","8.8","403","119","185","76","218","73","93.5","5.1","91.4","11.1","95.4","7.3","41.2","18.3","32.4","21.2","48.6","23.1","436","133","209","94","227","75","88.3","11.9","75.6","24.8","100.0","15.2","31.4","11.4","20.6","16.2","41.4","23.1","826","149","406","90","420","85","95.3","3.5","93.6","7.1","96.9","7.6","24.8","10.2","23.9","12.0","25.7","12.7","467","70","169","58","298","81","88.4","8.8","87.6","13.5","88.9","11.4","16.5","11.2","32.0","21.9","7.7","9.3","15.3","17.0","23.4","23.8","0.0","42.6","5.6","5.5","5.2","7.8","6.1","7.3","6.9","6.5","7.5","10.6","6.5","7.2","0.0","6.2","0.0","13.7","0.0","10.7","35701","11931","41017","14498","26304","14454","23355","3147","23684","1194","-","**","41750","22168","45855","29713","28214","26359","25476","15157","31250","16531","23333","20264","47596","25746","65600","30658","35750","24530","14821","105756","63889","90150","13036","45068","1.8","(X)","(X)","(X)","(X)","(X)",
"1400000US06111005504","Census Tract 55.04, Ventura County, California","272","107","150","80","122","79","14.0","12.5","25.3","18.7","0.0","26.0","33.8","21.1","38.0","24.0","28.7","29.0","46.0","24.9","36.7","30.2","57.4","34.3","6.3","9.6","0.0","21.9","13.9","22.7","2914","160","1345","142","1569","109","3.6","2.4","2.7","2.2","4.4","3.5","6.6","2.6","6.6","3.7","6.6","4.0","18.2","5.4","16.9","6.9","19.2","6.2","28.2","4.0","28.0","5.7","28.4","6.2","14.5","3.9","17.3","5.7","12.1","4.8","20.7","5.1","19.4","6.8","21.9","6.0","8.2","2.9","9.1","4.0","7.4","4.0","89.8","3.1","90.7","4.2","89.0","4.6","28.9","5.9","28.6","7.3","29.3","7.4","459","156","163","93","296","107","94.6","6.4","91.4","14.4","96.3","6.0","30.7","16.9","13.5","17.3","40.2","21.4","608","117","390","97","218","77","91.4","6.6","88.7","9.2","96.3","6.2","35.2","13.3","29.5","15.3","45.4","23.4","1145","99","533","59","612","65","90.6","5.4","95.1","5.3","86.6","10.0","28.8","7.8","31.9","11.2","26.1","9.7","702","81","259","55","443","60","84.0","7.9","84.2","13.0","84.0","7.9","22.5","7.7","29.7","10.7","18.3","10.2","29.6","16.0","12.8","19.9","41.9","25.4","3.0","5.4","7.0","13.0","0.0","11.7","6.3","3.9","5.6","5.0","6.9","5.3","4.5","3.4","0.0","9.3","8.3","6.0","42145","6659","54905","11596","29196","9420","17237","21749","26339","27714","-","**","36250","10045","42315","35176","26719","11104","41300","9755","56944","17687","19583","14806","52273","15842","60972","17965","36845","18014","79773","43000","79886","61140","54955","82135","5.7","(X)","(X)","(X)","(X)","(X)",
"1400000US06111005600","Census Tract 56, Ventura County, California","460","148","241","90","219","120","6.1","4.8","11.6","9.2","0.0","15.7","20.4","12.0","30.3","18.4","9.6","15.3","53.5","14.8","58.1","19.4","48.4","23.2","20.0","10.5","0.0","14.4","42.0","22.0","6789","300","3385","237","3404","183","1.8","1.1","2.4","1.6","1.1","1.1","6.0","2.1","5.7","2.6","6.3","3.2","18.4","4.4","15.7","5.6","21.1","5.3","29.3","3.2","23.6","4.6","34.9","5.3","8.4","2.4","10.4","3.9","6.5","2.3","23.5","4.3","25.1","5.6","22.0","4.7","12.6","3.1","17.1","5.0","8.1","2.8","92.2","2.4","91.9","2.6","92.5","3.7","36.1","4.4","42.2","6.2","30.1","4.6","1449","316","649","169","800","190","96.1","2.8","94.8","4.3","97.3","3.4","38.2","10.6","37.6","13.8","38.8","12.8","1536","276","873","211","663","126","92.9","4.9","89.7","6.7","97.1","4.5","54.5","11.7","55.9","13.8","52.6","13.9","2478","281","1253","218","1225","140","91.7","5.3","94.4","4.2","89.0","7.6","28.0","6.4","34.6","8.7","21.4","7.3","1326","203","610","128","716","138","88.1","6.8","86.9","8.8","89.1","9.2","27.7","8.1","43.4","13.9","14.2","9.2","19.3","14.0","13.4","17.3","24.5","23.6","2.9","3.6","2.3","4.0","3.3","3.8","3.9","2.7","3.9","3.0","3.9","3.0","1.6","1.8","1.7","2.0","1.5","3.3","49359","3811","57910","11630","41552","10038","26250","19462","35521","15350","3693","13548","36204","17058","43006","35197","32788","17063","45000","5892","49803","12510","36250","14875","61682","7105","64615","16508","60452","11614","65250","31690","84493","19641","60682","14195","1.3","(X)","(X)","(X)","(X)","(X)",
"1400000US06111005700","Census Tract 57, Ventura County, California","399","178","131","95","268","137","0.0","9.0","0.0","24.5","0.0","13.0","7.0","6.8","10.7","17.5","5.2","6.2","87.7","9.5","74.0","29.2","94.4","6.5","5.3","6.9","15.3","21.3","0.4","1.7","1078","139","515","95","563","83","0.0","3.4","0.0","7.0","0.0","6.4","2.5","2.6","0.0","7.0","4.8","5.0","12.2","8.3","14.4","10.3","10.3","7.8","19.4","6.2","25.2","9.5","14.0","7.9","12.6","6.1","8.7","6.7","16.2","9.3","33.6","8.5","37.7","13.7","29.8","11.4","19.7","5.6","14.0","7.9","24.9","8.5","97.5","2.6","100.0","7.0","95.2","5.0","53.2","11.7","51.7","14.6","54.7","12.6","442","115","200","72","242","82","99.8","0.7","100.0","17.0","99.6","1.2","66.7","15.0","60.0","21.1","72.3","17.2","250","81","107","43","143","60","100.0","13.9","100.0","28.8","100.0","22.8","48.8","20.4","57.9","25.4","42.0","22.2","359","102","181","54","178","56","92.8","7.2","100.0","18.6","85.4","13.9","38.7","18.5","36.5","21.7","41.0","19.9","27","18","27","18","0","95","100.0","61.3","100.0","61.3","-","**","66.7","46.1","66.7","46.1","-","**","0.0","61.3","-","**","0.0","61.3","0.0","24.4","0.0","36.9","0.0","41.8","15.4","15.1","7.4","8.6","23.5","26.3","0.9","1.5","0.0","13.2","1.6","2.7","50764","9206","53958","8422","41888","11511","16333","562","-","**","16333","562","31150","6260","27283","18753","31350","3880","52569","9311","54760","19618","50054","19963","44129","9261","49904","8823","40125","10968","67045","7810","130750","92521","60833","9591","2.7","(X)","(X)","(X)","(X)","(X)",
"1400000US06111005801","Census Tract 58.01, Ventura County, California","465","142","365","128","100","76","11.0","10.5","14.0","12.7","0.0","30.3","35.9","16.2","45.8","17.9","0.0","30.3","41.7","16.3","31.2","15.4","80.0","31.5","11.4","10.4","9.0","11.1","20.0","31.5","3264","168","1576","168","1688","124","3.2","2.2","2.9","2.7","3.6","3.6","0.3","0.6","0.7","1.2","0.0","2.2","21.5","6.3","21.1","9.2","21.9","6.8","17.8","4.8","15.2","5.1","20.1","7.5","8.0","3.7","8.8","5.0","7.2","4.4","27.5","5.6","28.0","7.6","27.0","7.7","21.7","5.9","23.2","8.1","20.3","7.1","96.4","2.3","96.4","2.9","96.4","3.6","49.2","6.3","51.3","8.8","47.2","7.8","470","200","264","144","206","110","100.0","7.7","100.0","13.2","100.0","16.6","66.4","18.4","70.8","24.1","60.7","32.6","820","215","348","146","472","111","100.0","4.5","100.0","10.2","100.0","7.6","55.1","14.3","40.8","18.4","65.7","17.4","1499","86","694","74","805","70","93.9","4.5","94.4","5.8","93.5","7.2","43.3","8.6","53.3","13.8","34.7","10.6","475","87","270","72","205","48","94.7","6.8","93.7","9.7","96.1","8.1","40.4","14.2","40.4","17.9","40.5","20.4","0.0","27.0","0.0","42.6","0.0","41.1","2.6","4.4","0.0","10.6","4.9","8.2","3.9","4.6","0.0","9.4","7.2","8.8","1.1","1.8","2.1","3.7","0.0","4.6","61230","9154","90720","16207","45057","9887","9241","31940","9241","31940","-","**","34094","32814","59743","32083","16875","28947","57121","26910","83935","24162","39306","18756","80500","32556","104871","63622","53281","21651","91023","28025","94375","48981","58750","12792","3.9","(X)","(X)","(X)","(X)","(X)",
"1400000US06111005802","Census Tract 58.02, Ventura County, California","516","109","210","92","306","87","22.9","12.0","41.9","22.0","9.8","10.9","24.0","11.8","34.8","19.8","16.7","11.8","45.9","16.9","23.3","19.1","61.4","18.9","7.2","6.6","0.0","16.3","12.1","12.0","6100","261","2876","192","3224","159","0.5","0.6","0.5","0.8","0.5","0.9","0.8","0.6","0.8","0.7","0.8","0.9","13.1","3.3","6.5","3.7","19.0","4.3","12.7","2.9","13.2","4.2","12.3","4.0","7.5","2.3","6.1","2.7","8.7","3.3","39.4","5.5","42.7","7.4","36.5","6.2","25.9","5.5","30.2","7.8","22.1","5.4","98.7","0.8","98.7","1.1","98.7","1.3","65.3","4.4","72.9","5.7","58.6","5.8","732","227","362","162","370","107","98.4","3.0","96.7","6.2","100.0","9.6","62.8","15.6","69.1","21.3","56.8","21.9","1500","342","656","195","844","174","100.0","2.5","100.0","5.6","100.0","4.3","80.7","8.8","87.5","10.4","75.5","9.4","2736","282","1363","154","1373","160","99.6","0.7","99.2","1.3","100.0","2.7","65.8","6.9","72.6","8.5","58.9","9.9","1132","185","495","117","637","118","95.0","4.1","97.2","4.7","93.2","6.3","45.4","13.0","57.0","15.5","36.4","15.2","0.0","35.3","0.0","52.4","0.0","48.6","0.0","4.6","0.0","18.0","0.0","5.9","0.0","3.0","0.0","6.5","0.0","5.4","2.4","2.0","1.6","1.5","3.2","3.6","70799","8395","92679","6401","46250","17570","32396","48779","32396","48779","-","**","29559","8837","34063","23812","25250","14128","47407","16180","66458","15377","34423","13879","70393","11847","89554","17149","45898","28642","113031","11571","143636","40518","82455","31909","1.2","(X)","(X)","(X)","(X)","(X)",
"1400000US06111005901","Census Tract 59.01, Ventura County, California","439","148","273","103","166","92","6.6","7.4","7.0","9.7","6.0","10.7","37.1","14.7","47.6","22.7","19.9","20.3","46.2","14.7","39.6","22.1","57.2","26.1","10.0","9.3","5.9","8.8","16.9","19.2","4567","246","2242","176","2325","134","2.0","2.2","2.2","3.1","1.7","1.9","3.5","2.0","3.4","3.3","3.6","2.4","12.0","3.9","13.9","4.5","10.2","4.8","24.8","4.4","21.3","6.0","28.3","5.6","10.6","3.3","7.8","3.3","13.4","5.7","30.2","4.0","30.1","5.5","30.2","5.3","16.9","4.9","21.4","7.2","12.6","4.8","94.5","3.6","94.3","4.8","94.7","3.4","47.1","6.2","51.4","7.9","42.9","6.8","626","213","353","130","273","110","100.0","5.8","100.0","10.1","100.0","12.8","51.3","18.7","51.3","21.4","51.3","23.7","878","178","352","103","526","133","95.2","7.0","88.1","17.5","100.0","6.9","61.0","16.8","56.8","22.6","63.9","17.6","2330","251","1265","163","1065","146","93.5","4.8","95.9","4.5","90.7","6.5","48.0","8.5","53.9","10.3","40.9","10.7","733","210","272","103","461","141","92.2","6.7","87.9","12.1","94.8","8.3","23.9","10.5","33.1","18.3","18.4","12.6","0.0","13.9","0.0","25.1","0.0","25.8","13.0","12.5","6.1","9.7","21.9","23.6","4.9","4.0","6.9","6.3","3.5","3.9","3.8","3.0","5.0","4.8","2.4","2.7","62292","13362","84045","12792","35477","15533","42560","20987","43393","3897","14833","6307","50865","24778","63125","38404","48571","73375","43140","8822","65714","14141","16250","14777","72222","20637","104086","9957","40203","9090","82277","18593","98125","58854","54150","18232","3.5","(X)","(X)","(X)","(X)","(X)",
"1400000US06111005906","Census Tract 59.06, Ventura County, California","577","281","187","124","390","189","2.6","4.9","8.0","15.2","0.0","9.2","40.0","31.9","43.9","37.9","38.2","32.3","32.6","20.0","32.1","40.0","32.8","25.4","24.8","19.0","16.0","23.2","29.0","28.0","4583","277","2191","215","2392","170","0.3","0.5","0.0","1.7","0.7","1.0","1.4","2.0","1.5","2.1","1.4","2.0","15.9","4.9","12.0","7.2","19.4","6.9","18.4","4.7","17.9","6.3","18.7","5.2","5.8","2.4","4.9","3.9","6.6","4.2","37.7","5.4","42.7","8.2","33.0","6.4","20.5","4.2","20.9","5.3","20.2","5.5","98.2","2.1","98.5","2.1","98.0","2.2","58.2","6.4","63.7","8.7","53.2","6.9","752","256","418","204","334","132","100.0","4.9","100.0","8.6","100.0","10.6","68.4","17.9","64.6","29.2","73.1","22.5","922","223","420","141","502","132","100.0","4.0","100.0","8.5","100.0","7.2","62.0","14.4","68.8","17.2","56.4","17.6","1917","186","848","135","1069","107","98.3","2.5","100.0","4.3","96.9","4.5","61.6","9.0","69.1","10.1","55.7","11.1","992","126","505","98","487","97","95.2","5.0","93.7","8.9","96.7","4.9","40.3","11.3","49.5","15.5","30.8","13.3","0.0","35.3","0.0","56.3","0.0","46.0","9.4","10.8","25.8","21.1","0.0","7.9","13.3","14.4","12.9","15.8","13.7","14.0","2.6","3.0","0.9","1.3","4.6","6.1","55533","17866","77034","11646","35636","14935","15038","3132","-","**","-","**","20638","11277","35481","33191","13088","8654","35417","13561","37500","38790","35417","16771","66746","15445","82995","20690","35750","21201","119390","16698","155650","27087","75313","48372","3.5","(X)","(X)","(X)","(X)","(X)",
"1400000US06111005907","Census Tract 59.07, Ventura County, California","171","88","89","63","82","56","6.4","10.5","12.4","23.1","0.0","34.7","23.4","19.7","18.0","28.9","29.3","23.7","56.7","30.0","57.3","48.6","56.1","25.9","13.5","22.2","12.4","23.9","14.6","25.0","2969","202","1311","137","1658","165","0.3","0.5","0.8","1.2","0.0","2.2","2.3","1.9","1.8","2.0","2.7","2.4","10.8","3.3","8.3","4.2","12.7","4.9","19.1","3.7","14.2","4.6","23.0","4.8","9.1","3.3","4.5","2.9","12.8","5.0","35.0","5.8","44.5","7.4","27.4","7.4","23.4","4.9","25.9","6.2","21.4","6.2","97.4","2.0","97.5","2.4","97.3","2.4","58.4","6.0","70.5","7.0","48.9","7.2","100","63","67","45","33","32","100.0","30.3","100.0","38.9","100.0","55.5","78.0","23.8","80.6","27.7","72.7","42.1","406","99","195","64","211","76","94.1","9.1","93.8","9.6","94.3","9.0","70.0","15.9","73.3","16.9","66.8","22.7","1408","183","519","124","889","136","99.2","1.3","97.9","3.6","100.0","4.1","63.6","8.3","74.4","10.3","57.4","10.3","1055","165","530","103","525","111","96.0","3.7","98.1","3.0","93.9","6.7","45.1","9.4","64.3","11.6","25.7","10.4","0.0","36.1","0.0","55.5","0.0","48.0","9.4","11.1","9.2","16.5","9.5","10.5","6.6","5.2","4.9","7.3","7.3","6.2","6.7","3.8","6.3","4.6","7.3","4.3","66107","11087","94815","18851","57125","11294","113750","136426","-","**","-","**","52868","20757","33707","8079","54706","10919","41625","24039","83750","79303","33500","14317","77955","15373","94036","23546","64702","28859","106146","40506","114792","65677","67357","43124","1.8","(X)","(X)","(X)","(X)","(X)",
"1400000US06111005908","Census Tract 59.08, Ventura County, California","320","86","99","45","221","99","0.0","11.0","0.0","30.5","0.0","15.6","21.6","13.9","13.1","16.1","25.3","17.5","43.1","17.9","60.6","28.9","35.3","20.4","35.3","22.4","26.3","25.0","39.4","26.8","1657","129","789","108","868","78","1.6","2.2","1.8","4.1","1.4","1.7","3.5","2.7","2.5","3.0","4.4","4.0","21.8","7.9","24.2","11.4","19.6","10.5","26.0","8.3","23.1","10.7","28.7","11.8","7.4","4.6","8.7","5.8","6.1","5.3","21.0","7.1","21.2","9.4","20.9","7.8","18.8","6.3","18.5","8.5","19.0","8.6","94.9","3.9","95.7","5.1","94.2","4.7","39.8","9.6","39.7","13.5","39.9","10.2","224","76","87","63","137","69","100.0","15.4","100.0","33.4","100.0","23.6","18.8","15.9","12.6","20.1","22.6","22.4","322","70","159","67","163","52","97.8","3.2","100.0","20.8","95.7","6.5","34.8","21.1","37.7","36.9","31.9","18.9","743","101","348","75","395","52","95.3","6.5","92.0","11.5","98.2","2.9","50.3","12.0","54.3","16.4","46.8","14.8","368","97","195","60","173","63","88.6","8.8","96.9","5.1","79.2","18.7","35.6","16.8","27.2","20.3","45.1","27.9","0.0","34.2","0.0","54.6","0.0","45.1","10.5","10.7","6.8","16.1","14.7","14.2","0.9","1.4","0.0","13.8","1.7","2.5","1.1","1.5","0.0","11.3","2.0","3.0","57771","13556","70250","24034","23313","3129","23370","17235","-","**","23370","17235","47366","25826","60536","11693","12461","18358","45583","15770","80250","32183","30068","12785","71875","12641","103315","35323","24063","82256","61776","18104","90368","27618","57589","80155","2.4","(X)","(X)","(X)","(X)","(X)",
"1400000US06111005909","Census Tract 59.09, Ventura County, California","226","106","107","65","119","65","0.0","15.2","0.0","28.8","0.0","26.5","25.2","16.2","35.5","27.2","16.0","17.6","65.0","19.8","57.0","29.6","72.3","24.1","9.7","11.6","7.5","12.6","11.8","20.4","2321","208","1036","119","1285","137","5.2","5.9","5.6","4.9","4.9","6.9","4.2","2.4","5.2","4.2","3.4","2.6","16.8","4.7","9.3","5.4","22.8","7.7","26.6","7.1","17.9","7.7","33.7","10.0","11.5","3.5","14.5","7.0","9.1","5.1","19.7","5.3","27.2","8.2","13.6","5.2","16.0","4.9","20.4","8.8","12.5","5.1","90.6","7.7","89.2","8.5","91.7","7.5","35.7","7.2","47.6","11.2","26.1","7.7","176","113","93","70","83","67","75.0","28.0","52.7","40.1","100.0","34.5","43.8","33.3","28.0","32.2","61.4","44.3","468","93","192","44","276","66","86.1","15.9","80.7","20.8","89.9","13.4","44.7","15.4","54.2","23.9","38.0","17.4","1073","86","518","56","555","73","94.7","4.5","95.8","3.4","93.7","8.8","33.1","8.9","41.7","15.2","25.0","9.7","604","84","233","70","371","61","91.2","6.0","96.1","6.1","88.1","8.9","31.0","10.8","63.1","19.2","10.8","8.8","10.5","16.3","9.8","17.5","11.2","23.2","2.8","4.2","0.0","31.2","3.8","5.6","6.9","4.1","2.4","3.7","9.6","6.0","2.4","2.6","2.0","3.1","3.0","4.7","46105","8574","66629","30823","38097","5302","37727","20352","37727","20352","-","**","29118","13739","41188","7776","23958","15068","46397","16688","66098","18149","37424","10108","57679","30325","59464","112860","53611","37282","95473","7735","97727","48379","79688","48368","2.6","(X)","(X)","(X)","(X)","(X)",
"1400000US06111005910","Census Tract 59.10, Ventura County, California","190","57","83","48","107","52","8.4","10.0","14.5","20.0","3.7","8.3","28.9","23.6","27.7","23.3","29.9","31.6","46.8","22.0","57.8","27.6","38.3","23.2","15.8","16.1","0.0","34.5","28.0","27.1","1198","57","591","35","607","43","1.5","1.6","1.7","2.5","1.3","2.0","3.9","2.6","2.9","3.3","4.9","4.5","13.6","5.4","11.2","6.8","16.0","8.5","22.0","6.7","21.5","8.9","22.4","7.4","7.8","3.8","6.6","4.9","8.9","5.9","36.1","9.5","34.9","10.8","37.4","10.4","15.1","6.4","21.3","8.7","9.1","6.6","94.6","3.2","95.4","4.2","93.7","4.8","51.3","9.3","56.2","10.9","46.5","10.3","53","51","21","23","32","30","100.0","43.8","100.0","69.5","100.0","56.3","81.1","30.7","100.0","69.5","68.8","41.3","216","65","78","36","138","54","90.7","9.2","100.0","35.8","85.5","12.7","41.2","13.3","33.3","30.9","45.7","25.5","680","52","372","43","308","34","94.4","4.3","94.6","5.8","94.2","6.4","56.6","13.8","59.1","14.5","53.6","16.3","249","61","120","33","129","49","97.2","4.8","94.2","10.1","100.0","24.8","39.0","20.0","54.2","28.2","24.8","25.0","24.6","31.2","0.0","61.3","42.1","46.3","0.0","20.4","0.0","39.2","0.0","31.0","2.2","3.0","0.0","20.1","4.2","5.6","9.3","12.5","8.7","11.9","9.9","13.3","78371","10210","112961","16060","40962","11708","12321","12256","27875","28201","2,500-","***","40192","3007","39615","15479","40577","69728","67788","18249","99519","32979","33438","23763","102212","35243","125643","10077","51406","57802","113281","50010","109792","139291","113359","62744","11.6","(X)","(X)","(X)","(X)","(X)",
"1400000US06111005911","Census Tract 59.11, Ventura County, California","298","109","139","81","159","72","1.0","2.1","2.2","4.6","0.0","20.8","13.8","14.2","29.5","28.3","0.0","20.8","70.8","18.5","57.6","32.6","82.4","15.3","14.4","11.0","10.8","16.2","17.6","15.3","2653","189","1293","153","1360","114","0.4","0.7","0.0","2.9","0.8","1.3","1.1","1.4","0.0","2.9","2.2","2.8","15.1","6.3","16.1","8.3","14.2","7.3","26.9","5.7","26.3","8.8","27.4","7.1","8.3","3.9","7.1","4.5","9.5","6.1","23.6","5.2","22.2","6.9","25.0","7.2","24.5","4.7","28.3","5.9","20.9","7.1","98.5","1.6","100.0","2.9","97.0","3.1","48.1","6.7","50.5","8.7","45.9","8.8","356","167","191","109","165","74","93.5","9.6","100.0","17.7","86.1","20.3","42.1","16.7","20.4","17.6","67.3","23.6","481","159","243","83","238","99","100.0","7.5","100.0","14.3","100.0","14.5","52.8","22.3","55.6","24.8","50.0","26.8","1315","141","640","112","675","69","99.5","1.0","100.0","5.7","99.0","2.0","49.0","9.5","56.7","13.4","41.8","10.8","501","61","219","66","282","57","97.8","3.5","100.0","15.7","96.1","6.2","45.5","13.8","53.0","17.4","39.7","18.8","0.0","49.7","-","**","0.0","49.7","14.2","14.0","0.0","16.4","29.5","28.9","4.9","4.2","1.9","3.2","7.6","7.1","2.0","2.9","0.0","5.6","4.0","5.9","62672","8572","77992","12773","47250","15107","2,500-","***","-","**","2,500-","***","35655","16837","40589","12748","23939","24280","58276","14015","55469","12887","62865","26046","65658","15695","104318","38046","47500","17710","90909","22770","104231","10833","77500","19007","3.3","(X)","(X)","(X)","(X)","(X)",
"1400000US06111006000","Census Tract 60, Ventura County, California","520","148","302","138","218","110","5.2","6.3","5.0","8.5","5.5","9.9","23.5","15.5","26.8","25.0","18.8","18.3","66.0","15.9","65.2","24.7","67.0","25.7","5.4","6.7","3.0","5.3","8.7","13.6","3321","344","1691","199","1630","198","0.8","0.9","0.0","2.2","1.7","1.8","8.4","4.8","10.0","6.5","6.7","4.3","27.5","6.7","24.6","9.0","30.4","6.8","33.2","5.8","37.0","7.3","29.3","8.0","5.6","2.4","3.7","3.1","7.5","3.5","17.0","4.3","18.5","5.9","15.5","5.1","7.6","3.1","6.3","3.0","9.0","5.5","90.8","4.9","90.0","6.5","91.7","4.6","24.6","4.7","24.7","6.4","24.4","5.9","476","191","216","84","260","136","96.4","5.7","100.0","15.9","93.5","11.0","37.6","20.1","29.6","23.0","44.2","24.1","984","213","593","152","391","79","85.0","9.8","79.3","14.7","93.6","7.2","25.9","8.4","30.2","13.5","19.4","11.4","1304","102","647","88","657","55","89.8","6.5","92.9","5.5","86.8","9.9","17.2","6.3","17.9","9.6","16.4","6.9","557","113","235","60","322","82","98.7","2.5","100.0","14.7","97.8","4.3","28.4","13.7","25.1","12.9","30.7","19.3","27.2","15.6","14.8","12.2","43.4","26.6","11.4","10.1","16.3","17.6","7.1","7.1","2.0","2.2","1.7","2.6","2.2","3.5","2.0","2.7","1.7","3.7","2.4","3.9","37838","5414","45625","11193","27750","9162","22857","1537","24821","1950","19397","1438","22044","3260","30270","15936","21250","2400","46482","5613","46463","10418","46509","20112","70694","17047","98125","23639","36875","25677","72500","39395","115417","34267","45900","2493","9.9","(X)","(X)","(X)","(X)","(X)",
"1400000US06111006100","Census Tract 61, Ventura County, California","697","249","431","207","266","142","13.3","7.8","8.8","11.2","20.7","14.2","49.5","17.6","61.3","23.4","30.5","15.4","33.1","14.4","27.6","17.1","42.1","22.4","4.0","4.9","2.3","4.9","6.8","10.9","4934","424","2366","244","2568","308","8.3","3.5","3.3","2.3","12.9","5.9","6.1","3.2","5.0","3.6","7.0","5.3","11.3","3.5","13.8","5.6","9.0","3.9","23.9","5.1","25.4","7.6","22.5","6.5","5.3","2.5","3.7","2.8","6.8","4.3","25.3","5.1","27.7","6.4","23.0","5.7","19.8","5.1","21.0","5.9","18.8","6.9","85.6","4.3","91.6","3.6","80.0","6.8","45.1","6.2","48.7","7.2","41.8","7.9","1316","312","626","187","690","229","88.1","9.6","95.0","7.8","81.7","15.9","56.7","15.7","54.6","17.8","58.6","20.3","1512","337","771","200","741","182","86.9","7.2","90.8","6.8","82.9","12.6","40.7","12.1","37.1","14.6","44.4","14.5","1686","176","814","96","872","148","84.6","9.6","91.6","9.5","78.1","11.9","45.8","9.7","57.7","14.1","34.7","8.9","420","100","155","55","265","94","76.9","13.0","81.9","18.6","74.0","18.7","21.7","11.8","34.8","21.4","14.0","12.5","29.3","22.6","26.8","35.6","30.3","20.4","18.4","14.3","22.1","19.1","13.1","14.7","13.6","10.7","10.7","13.3","16.3","11.6","2.8","3.0","4.0","3.8","1.6","2.6","52723","7613","66481","15217","39543","9340","14918","5537","17428","6250","6913","8574","30107","9091","27384","8248","35909","24562","46685","10885","51850","17117","39880","8167","78568","9691","89861","18174","61786","23286","102855","18967","109688","38349","64330","20566","4.7","(X)","(X)","(X)","(X)","(X)",
"1400000US06111006200","Census Tract 62, Ventura County, California","246","91","155","74","91","59","4.1","6.2","6.5","9.9","0.0","32.4","37.8","17.5","40.6","26.6","33.0","23.1","42.3","16.3","36.1","24.2","52.7","24.6","15.9","13.1","16.8","16.7","14.3","20.9","2360","217","1191","148","1169","130","0.6","0.9","0.0","3.1","1.3","1.9","1.9","1.5","3.1","2.8","0.7","1.1","15.1","5.3","11.7","4.9","18.6","7.4","18.2","5.3","18.1","7.3","18.4","7.1","8.0","3.7","7.0","4.0","9.0","4.9","27.9","5.9","27.0","7.8","28.8","7.8","28.3","5.1","33.2","8.0","23.3","6.5","97.5","1.7","96.9","2.8","98.0","2.2","56.2","7.5","60.2","8.2","52.1","9.8","201","118","138","103","63","37","86.1","16.9","79.7","28.3","100.0","40.1","54.7","34.3","71.7","30.9","17.5","35.4","268","77","119","40","149","45","100.0","13.0","100.0","26.5","100.0","22.0","67.9","20.7","75.6","24.0","61.7","21.2","1219","130","603","66","616","97","100.0","3.0","100.0","6.0","100.0","5.9","58.2","10.1","57.9","11.6","58.6","13.3","672","82","331","55","341","65","95.2","5.1","97.3","4.1","93.3","7.8","48.2","12.5","54.1","17.0","42.5","13.5","0.0","41.1","0.0","52.4","0.0","66.4","0.0","10.0","0.0","23.3","0.0","15.8","1.6","2.3","0.0","11.8","3.1","4.6","1.7","2.1","1.1","1.7","2.5","3.0","67650","26382","84789","27506","39500","17864","-","**","-","**","-","**","51304","50257","82000","144913","15250","22568","38409","17579","65329","35649","16932","28337","61830","31943","83559","14270","35833","22074","108403","18936","130625","49609","94306","42445","1.5","(X)","(X)","(X)","(X)","(X)",
"1400000US06111006301","Census Tract 63.01, Ventura County, California","550","142","246","90","304","111","8.9","7.9","13.0","13.1","5.6","8.7","34.9","14.4","42.7","28.7","28.6","24.1","42.5","12.0","40.2","25.2","44.4","21.1","13.6","12.1","4.1","6.3","21.4","19.4","4562","257","2059","222","2503","197","0.8","1.3","0.6","0.9","1.0","2.2","3.4","2.0","4.2","3.6","2.8","1.9","13.7","5.7","16.3","10.0","11.5","4.6","23.4","5.2","18.6","6.8","27.3","6.8","8.4","2.5","7.5","3.6","9.1","3.8","32.2","5.5","30.8","7.4","33.2","6.5","18.2","4.0","21.9","6.4","15.2","5.0","95.8","2.4","95.2","3.7","96.3","2.9","50.4","6.1","52.7","8.6","48.4","7.2","417","146","177","99","240","134","100.0","8.6","100.0","19.0","100.0","14.4","66.2","21.5","54.2","32.9","75.0","20.9","984","158","475","127","509","103","94.9","6.3","94.5","6.1","95.3","10.4","55.8","12.3","52.4","16.7","58.9","17.5","1926","130","940","115","986","57","97.1","3.2","95.7","6.5","98.5","2.4","53.5","8.7","56.5","11.3","50.7","10.9","1235","176","467","106","768","123","93.0","5.1","92.9","7.1","93.0","5.5","35.8","10.8","45.0","14.1","30.2","11.4","26.0","35.5","26.3","52.0","25.8","53.3","2.3","3.9","0.0","10.6","5.0","8.3","6.3","4.9","2.6","4.1","8.5","7.4","2.0","2.0","2.3","2.7","1.7","1.9","56613","5220","77667","18015","46462","8767","2,500-","***","-","**","2,500-","***","39450","12529","37650","20156","47368","22780","40250","18110","70750","20730","30386","9064","61911","10633","105045","20806","42325","12687","92941","10591","116058","34329","70458","26724","3.0","(X)","(X)","(X)","(X)","(X)",
"1400000US06111006302","Census Tract 63.02, Ventura County, California","1346","303","457","140","889","255","3.2","3.6","9.4","10.6","0.0","4.1","11.6","4.8","9.0","7.2","12.9","5.9","82.1","6.2","78.3","12.3","84.0","6.3","3.1","2.3","3.3","4.7","3.0","3.1","1546","151","735","67","811","111","1.4","2.2","1.6","2.5","1.2","2.1","5.5","6.0","0.7","1.3","9.9","11.3","14.6","6.1","12.9","7.8","16.0","8.0","24.8","7.5","26.9","10.7","22.8","7.9","8.7","3.8","5.4","3.7","11.6","6.0","27.5","6.6","29.4","9.9","25.8","7.4","17.6","6.2","23.0","9.7","12.7","6.8","93.1","6.1","97.7","2.9","88.9","11.2","45.1","9.6","52.4","13.4","38.5","9.5","193","76","71","38","122","53","99.5","2.1","98.6","5.9","100.0","26.0","62.7","28.4","76.1","34.0","54.9","28.2","194","83","124","57","70","43","100.0","17.5","100.0","25.6","100.0","38.1","36.6","21.8","46.0","30.5","20.0","22.4","802","81","386","52","416","63","94.0","6.3","99.5","1.2","88.9","11.5","51.6","11.1","52.1","15.7","51.2","13.0","357","106","154","63","203","74","83.8","10.9","90.9","12.3","78.3","20.2","25.5","13.0","47.4","21.9","8.9","10.1","0.0","31.0","0.0","77.3","0.0","35.3","9.3","10.5","8.4","12.7","10.0","11.9","0.4","1.1","0.8","2.4","0.0","12.6","2.6","3.4","0.0","9.3","5.9","7.6","67736","18797","91071","21730","35313","8714","12000","2332","14000","39815","-","**","43500","34934","83056","65267","30278","59410","51818","21740","81563","38991","20119","5701","73173","21615","91875","26504","56458","38652","127868","37832","129464","52091","107159","55287","1.3","(X)","(X)","(X)","(X)","(X)",
"1400000US06111006400","Census Tract 64, Ventura County, California","491","143","214","104","277","144","18.9","15.6","36.4","32.0","5.4","9.3","6.1","7.2","9.3","14.9","3.6","6.0","73.3","15.3","50.5","31.9","91.0","11.7","1.6","3.0","3.7","7.6","0.0","12.6","4642","309","2176","222","2466","178","1.7","2.3","2.0","2.7","1.5","2.0","2.3","1.7","2.7","2.2","1.9","1.9","18.2","4.2","16.0","5.2","20.2","5.5","26.4","4.6","29.3","5.7","23.8","6.2","6.5","2.7","3.0","2.4","9.5","4.4","27.3","6.0","26.1","7.8","28.3","6.9","17.7","3.2","21.0","5.0","14.8","4.4","96.0","2.4","95.4","2.9","96.6","2.4","44.9","6.4","47.1","7.8","43.1","7.5","463","183","262","126","201","116","100.0","7.8","100.0","13.3","100.0","16.9","51.2","25.9","48.1","27.9","55.2","33.0","1029","262","439","118","590","162","90.1","8.5","85.0","11.7","93.9","7.4","40.2","18.2","36.9","18.2","42.7","21.1","2129","125","1023","115","1106","109","100.0","1.7","100.0","3.6","100.0","3.3","49.2","8.8","49.5","11.7","48.9","10.2","1021","131","452","103","569","97","92.0","6.5","92.3","8.6","91.7","7.8","38.0","11.6","50.9","18.2","27.8","11.3","1.6","4.6","0.0","30.1","3.6","9.3","7.4","8.7","11.5","13.5","4.6","6.8","0.3","0.5","0.0","5.2","0.5","1.0","1.3","1.6","0.0","3.6","2.6","3.1","60100","15661","82894","9177","39254","5741","38056","85125","19419","168489","-","**","45057","18637","45662","12537","7313","71548","52589","17554","85394","11748","38269","9334","61917","17722","77417","11565","31250","14167","104311","19100","116532","30187","77212","28894","2.8","(X)","(X)","(X)","(X)","(X)",
"1400000US06111006500","Census Tract 65, Ventura County, California","375","192","265","164","110","74","0.0","9.5","0.0","13.2","0.0","28.2","37.3","19.1","52.8","27.4","0.0","28.2","58.7","20.8","47.2","27.4","86.4","19.6","4.0","6.4","0.0","13.2","13.6","19.6","2202","212","1149","222","1053","143","8.0","5.9","7.0","5.0","9.1","8.1","9.9","5.4","9.2","6.2","10.5","5.7","35.1","8.2","43.6","14.6","25.8","8.9","18.2","6.1","13.8","6.4","22.9","10.5","8.1","5.3","9.1","9.0","7.0","6.1","16.1","6.2","12.0","6.9","20.6","9.0","4.6","3.7","5.2","4.7","4.0","3.5","82.1","5.7","83.7","6.2","80.3","7.6","20.8","7.6","17.2","8.3","24.6","10.0","521","270","376","245","145","106","100.0","6.9","100.0","9.5","100.0","22.5","15.5","21.2","6.1","13.1","40.0","39.7","570","117","216","62","354","75","55.6","23.5","40.7","26.3","64.7","23.4","17.2","13.3","5.1","7.9","24.6","19.3","928","209","469","121","459","116","91.4","7.5","91.7","6.9","91.1","10.4","28.1","11.3","31.3","14.5","24.8","12.7","183","71","88","49","95","45","66.7","19.5","77.3","23.3","56.8","31.3","9.3","15.0","19.3","27.9","0.0","31.4","18.5","16.5","15.5","14.1","21.3","22.2","24.1","20.5","18.2","18.6","34.9","28.6","15.4","14.6","24.0","27.8","8.3","9.7","0.0","7.9","0.0","17.2","0.0","13.5","37870","9421","39464","10464","34349","12966","24583","12178","29313","33092","11397","11043","24760","19039","24824","17776","14583","56301","37639","17371","54333","28606","26917","21526","87792","37065","89063","64681","84625","30126","63424","5619","62240","41189","63696","30680","3.6","(X)","(X)","(X)","(X)","(X)",
"1400000US06111006600","Census Tract 66, Ventura County, California","375","101","169","58","206","90","2.1","4.0","0.0","19.8","3.9","7.6","43.2","13.0","24.3","15.0","58.7","18.2","34.7","13.8","42.6","20.7","28.2","19.2","20.0","14.0","33.1","22.3","9.2","10.3","2635","184","1269","143","1366","151","2.0","1.9","2.9","3.2","1.2","1.5","2.3","1.6","2.1","1.9","2.4","2.3","16.5","5.4","18.8","6.5","14.3","5.9","26.9","5.9","19.0","6.9","34.2","9.2","7.7","4.5","7.1","5.0","8.3","5.0","27.7","5.0","32.6","8.7","23.1","6.2","16.9","4.6","17.4","6.0","16.5","5.6","95.7","2.7","95.0","3.9","96.3","2.8","44.6","6.5","50.0","10.0","39.5","7.7","213","82","144","56","69","43","100.0","16.1","100.0","22.7","100.0","38.3","58.2","19.5","54.2","29.7","66.7","31.8","453","135","197","77","256","75","97.6","3.8","100.0","17.3","95.7","6.7","36.2","15.7","35.5","22.1","36.7","17.8","1143","132","613","106","530","69","96.8","3.5","94.6","6.1","99.2","1.4","54.2","9.6","55.1","13.9","53.2","11.7","826","173","315","50","511","154","92.0","6.2","90.2","9.6","93.2","5.9","32.3","10.3","47.3","16.6","23.1","11.9","0.0","35.3","0.0","44.6","0.0","59.2","5.0","6.1","2.9","5.4","7.9","11.7","0.8","1.3","2.2","3.5","0.0","6.4","3.0","2.5","0.0","5.8","6.5","5.2","60159","10228","83854","16740","44297","6532","9333","65150","33125","68819","2,500-","***","26667","27428","70469","46573","16493","3130","47386","10264","54500","56218","44271","7110","82885","20567","97120","13922","61375","21939","77109","24690","94013","13927","58750","25439","7.4","(X)","(X)","(X)","(X)","(X)",
"1400000US06111006700","Census Tract 67, Ventura County, California","198","96","115","65","83","49","8.1","13.9","13.9","23.4","0.0","34.5","48.0","20.2","40.9","34.4","57.8","31.0","32.8","18.8","26.1","27.5","42.2","31.0","11.1","8.8","19.1","16.6","0.0","34.5","2138","152","917","143","1221","123","0.5","0.7","0.1","0.3","0.7","1.2","4.6","2.8","3.7","3.1","5.3","4.3","19.2","7.2","11.2","7.1","25.1","9.8","25.9","5.9","31.0","8.8","22.1","8.3","7.4","3.5","7.1","4.0","7.6","4.7","27.2","6.2","28.0","10.1","26.5","8.0","15.2","4.5","18.9","6.4","12.5","6.0","94.9","2.7","96.2","3.1","93.9","4.3","42.4","7.0","46.9","9.6","39.1","9.5","246","134","139","124","107","59","100.0","14.1","100.0","23.3","100.0","28.8","50.8","18.1","46.0","24.5","57.0","33.1","473","119","169","71","304","82","97.9","3.4","100.0","19.8","96.7","5.2","32.6","14.4","10.7","13.7","44.7","19.9","960","149","409","102","551","105","92.5","6.0","96.1","5.4","89.8","9.1","54.1","9.9","66.0","12.5","45.2","13.3","459","123","200","63","259","107","94.1","5.6","90.5","10.3","96.9","5.6","23.7","10.5","39.0","17.3","12.0","16.9","25.0","34.1","23.5","31.3","25.7","48.6","12.9","11.7","12.6","16.8","13.0","12.3","6.9","8.0","0.0","10.2","13.5","14.6","2.3","5.2","0.0","8.4","4.4","9.7","46474","3845","54625","24643","40223","15189","15703","5637","-","**","11528","25525","19000","12465","28750","47230","17177","11932","45313","9101","54375","27614","26375","18595","48994","7304","53633","33882","48110","13831","86667","16292","94886","27597","81250","39412","4.3","(X)","(X)","(X)","(X)","(X)",
"1400000US06111006800","Census Tract 68, Ventura County, California","388","141","246","108","142","81","31.2","18.0","49.2","23.5","0.0","22.9","22.4","14.7","19.1","19.3","28.2","21.6","41.5","18.3","26.8","18.4","66.9","22.0","4.9","6.4","4.9","8.3","4.9","9.1","2810","234","1604","247","1206","127","7.9","4.9","13.3","8.6","0.7","1.7","10.2","6.7","11.0","10.9","9.1","5.8","22.6","7.5","25.1","10.7","19.2","7.7","28.8","5.6","21.0","7.2","39.1","8.6","5.8","2.6","5.5","3.5","6.3","4.0","17.4","4.9","17.7","6.3","16.9","6.8","7.4","3.6","6.5","5.0","8.5","5.1","81.9","8.2","75.7","13.6","90.1","5.9","24.7","6.2","24.2","7.8","25.5","8.2","427","211","271","172","156","118","72.8","25.0","69.7","36.4","78.2","31.8","28.6","20.9","31.0","28.1","24.4","27.0","578","109","256","103","322","63","90.5","9.4","88.3","17.4","92.2","10.2","31.8","15.4","37.5","23.7","27.3","16.2","1356","170","840","149","516","58","81.6","8.6","72.3","13.7","96.7","4.3","18.5","6.3","15.4","7.0","23.6","13.2","449","79","237","55","212","54","80.6","11.2","81.4","12.0","79.7","16.8","30.7","12.4","33.3","18.5","27.8","18.4","22.4","20.1","21.9","24.6","24.4","30.8","18.1","10.6","19.4","11.1","15.9","15.6","8.4","6.9","2.4","4.4","13.1","12.7","4.4","4.3","5.2","6.3","3.3","6.1","36047","10654","30306","14455","43375","9408","17518","11604","17600","10807","2,500-","***","37143","11247","36016","17290","41300","9930","43167","11697","55104","32176","41932","17852","64886","33283","73221","57883","60278","44962","73947","14400","130156","83950","72993","44396","10.9","(X)","(X)","(X)","(X)","(X)",
"1400000US06111006900","Census Tract 69, Ventura County, California","220","117","90","62","130","95","20.9","16.9","36.7","22.7","10.0","19.9","30.9","22.1","51.1","23.1","16.9","19.9","19.1","12.4","11.1","21.1","24.6","19.4","29.1","33.1","1.1","10.5","48.5","42.0","2723","279","1132","247","1591","141","5.5","2.5","2.9","2.9","7.4","3.9","8.4","4.4","4.9","4.2","11.0","6.1","15.7","5.4","15.1","7.0","16.1","6.5","25.7","5.3","25.0","7.1","26.2","5.9","8.2","2.6","10.1","4.8","6.9","3.5","23.0","5.5","30.0","9.2","18.0","5.8","13.4","4.2","12.0","4.9","14.4","5.7","86.0","4.8","92.2","4.5","81.6","7.6","36.4","6.2","42.0","9.2","32.4","7.0","569","156","271","111","298","105","82.2","9.6","91.5","10.7","73.8","18.7","50.8","16.4","49.4","18.2","52.0","22.3","395","161","194","124","201","84","83.5","13.6","82.5","17.9","84.6","21.0","37.2","17.4","44.3","31.4","30.3","16.6","972","108","448","112","524","56","89.7","6.2","93.1","5.4","86.8","10.1","36.4","9.0","42.0","12.4","31.7","10.7","787","89","219","65","568","76","85.5","7.3","100.0","15.7","79.9","10.0","25.7","8.9","31.1","13.5","23.6","10.3","34.5","18.9","17.0","26.0","39.7","20.9","16.2","10.2","7.6","13.0","21.9","14.7","4.0","3.1","0.0","9.0","7.0","5.6","3.8","4.0","2.5","3.7","5.0","5.1","37422","9529","51406","10549","25272","2833","16982","8864","17226","6666","2,500-","***","21071","9284","28913","40746","18409","18145","31538","11073","45256","11122","23171","5685","70551","16682","73333","8211","36382","25428","72813","13852","103750","34023","41948","32988","6.7","(X)","(X)","(X)","(X)","(X)",
"1400000US06111007000","Census Tract 70, Ventura County, California","349","126","133","80","216","110","14.6","16.5","18.8","29.5","12.0","18.8","14.9","18.6","37.6","39.6","0.9","5.2","35.2","21.9","29.3","30.3","38.9","28.6","35.2","17.5","14.3","17.8","48.1","25.3","2582","232","1135","159","1447","187","6.5","3.7","5.4","5.5","7.3","3.8","4.6","2.6","7.9","5.8","1.9","2.8","24.4","6.4","15.4","8.2","31.4","8.6","20.8","6.1","31.0","11.6","12.8","5.6","4.8","2.5","1.7","1.8","7.3","4.8","25.7","5.3","20.9","9.0","29.5","9.0","13.2","4.8","17.7","8.6","9.7","5.7","89.0","5.1","86.7","6.9","90.7","4.7","39.0","7.7","38.6","10.4","39.3","9.8","934","258","404","123","530","164","92.8","6.7","87.4","14.4","97.0","4.7","53.3","10.8","45.0","16.1","59.6","14.9","510","158","253","106","257","88","77.6","12.9","87.0","13.0","68.5","19.2","47.8","16.2","51.8","21.9","44.0","18.9","637","184","329","127","308","91","90.3","8.6","85.7","13.5","95.1","8.4","32.8","16.5","35.6","19.0","29.9","18.9","501","127","149","79","352","112","91.6","6.8","86.6","15.6","93.8","7.4","11.0","6.5","5.4","8.2","13.4","8.8","21.1","21.4","19.9","21.1","22.4","23.1","9.2","7.6","0.0","19.2","12.8","10.4","13.7","9.6","9.2","8.7","19.6","15.3","9.2","7.0","4.6","5.2","12.9","11.3","45714","12096","55439","24262","36118","24197","22905","2794","23784","1590","2,500-","***","29722","21882","39398","61184","15347","9071","43452","9798","49183","14320","29671","28020","62974","10378","71250","53082","62708","14244","83750","17459","93977","24599","50313","78356","8.0","(X)","(X)","(X)","(X)","(X)",
"1400000US06111007100","Census Tract 71, Ventura County, California","342","147","124","96","218","115","24.3","22.2","46.8","49.1","11.5","15.1","16.7","13.4","8.1","14.9","21.6","21.0","51.2","21.3","45.2","41.8","54.6","30.8","7.9","9.4","0.0","25.6","12.4","14.4","3439","293","1735","317","1704","189","7.9","5.0","7.9","8.4","7.8","5.3","6.8","3.4","5.4","4.7","8.2","5.2","17.7","5.3","16.8","6.9","18.5","6.2","27.3","8.5","24.4","10.1","30.2","9.4","10.6","3.4","9.4","6.1","11.9","4.7","19.2","5.2","22.6","8.0","15.7","6.0","10.6","3.9","13.4","6.3","7.7","4.2","85.3","5.8","86.7","8.8","84.0","7.3","29.8","6.8","36.0","9.1","23.4","7.8","675","225","353","173","322","159","94.1","6.9","92.4","11.4","96.0","6.8","33.0","12.7","33.7","20.0","32.3","18.7","850","187","400","184","450","131","74.7","15.2","82.0","22.3","68.2","18.9","22.7","11.5","25.8","15.9","20.0","14.2","1382","206","749","139","633","144","86.0","8.8","83.3","13.7","89.1","10.2","33.4","11.1","37.2","15.7","28.8","13.3","532","123","233","109","299","110","89.7","7.2","97.0","5.7","83.9","12.3","27.6","15.9","53.2","26.3","7.7","8.9","26.8","15.8","13.4","17.4","38.1","22.2","25.5","14.3","32.2","20.5","19.4","14.2","17.2","10.9","2.6","3.9","29.1","17.9","1.7","2.9","0.0","5.8","4.3","7.3","45372","6046","52849","5765","31359","15912","17344","5397","20741","11719","4975","27333","33750","15900","42000","29980","31591","12845","47813","9804","53401","4908","29049","28587","51860","27003","66923","5219","46982","8640","73292","30433","73938","44979","44545","62948","3.1","(X)","(X)","(X)","(X)","(X)",
"1400000US06111007201","Census Tract 72.01, Ventura County, California","223","90","113","66","110","64","0.0","15.4","0.0","27.6","0.0","28.2","26.0","18.8","23.0","25.4","29.1","27.6","58.3","22.9","77.0","25.4","39.1","34.3","15.7","16.4","0.0","27.6","31.8","33.9","2368","105","1218","99","1150","76","1.1","1.2","0.1","0.2","2.3","2.4","2.4","1.6","2.8","2.3","2.0","1.6","17.3","6.1","13.2","6.4","21.7","7.9","22.1","4.5","21.4","7.3","22.9","7.3","10.3","3.6","10.7","4.6","9.9","5.4","26.4","6.4","28.4","8.3","24.3","7.5","20.3","5.2","23.4","6.9","17.0","6.3","96.5","2.0","97.1","2.3","95.7","3.2","46.7","7.2","51.8","9.6","41.3","8.6","158","80","124","81","34","28","100.0","20.9","100.0","25.6","100.0","54.6","59.5","25.8","61.3","31.0","52.9","42.8","361","77","178","59","183","57","100.0","9.9","100.0","18.9","100.0","18.4","43.8","16.1","33.7","22.2","53.6","22.4","1282","99","669","52","613","71","94.5","3.3","94.8","4.3","94.3","4.2","51.6","10.2","57.2","12.6","45.5","12.1","567","51","247","56","320","53","97.5","3.5","100.0","14.1","95.6","6.0","33.9","11.7","45.3","18.4","25.0","12.8","31.0","28.9","37.1","46.9","26.5","38.2","7.8","7.8","11.8","15.6","5.2","7.4","2.7","2.9","2.8","4.0","2.7","4.2","0.1","0.2","0.0","5.8","0.2","0.5","82321","22863","93984","30833","68824","15854","5865","67620","3542","65423","7212","121694","74500","24714","84286","46627","21818","101985","39000","11287","38000","12194","42935","28032","91994","14905","101944","38295","91101","16001","130341","11138","137313","49684","96818","42215","1.1","(X)","(X)","(X)","(X)","(X)",
"1400000US06111007202","Census Tract 72.02, Ventura County, California","305","100","142","62","163","67","0.0","11.6","0.0","22.9","0.0","20.4","14.4","13.2","0.0","22.9","27.0","21.1","81.6","14.2","91.5","13.2","73.0","21.1","3.9","6.4","8.5","13.2","0.0","20.4","3215","167","1505","125","1710","127","2.3","2.1","0.9","1.3","3.6","3.4","0.4","0.4","0.8","0.9","0.0","2.2","7.3","2.8","5.1","2.8","9.2","4.0","22.8","5.0","16.9","6.1","28.0","7.1","9.3","3.1","9.0","5.3","9.6","3.7","37.7","5.8","41.8","9.5","34.0","6.6","20.2","4.2","25.6","7.2","15.4","5.5","97.3","2.1","98.3","1.6","96.4","3.4","57.9","5.9","67.4","7.7","49.5","8.0","284","94","147","73","137","71","100.0","12.4","100.0","22.3","100.0","23.6","54.6","20.6","40.1","28.3","70.1","29.0","390","106","199","65","191","78","100.0","9.2","100.0","17.1","100.0","17.7","57.9","22.0","64.3","23.4","51.3","25.2","1787","143","854","90","933","96","98.9","1.2","97.8","2.6","100.0","3.9","63.1","6.8","71.5","10.1","55.3","9.8","754","86","305","63","449","86","91.0","7.5","98.0","3.0","86.2","11.9","46.7","11.6","70.8","12.6","30.3","14.0","47.1","42.6","0.0","63.7","66.1","45.7","0.0","14.7","0.0","36.1","0.0","20.9","1.2","1.5","0.0","9.2","1.9","2.5","0.3","0.5","0.5","0.8","0.0","4.3","71888","9561","89188","20084","62551","19322","6827","101796","6827","101796","-","**","13750","9623","14833","86226","4844","11127","50000","14087","55341","31974","42125","24764","89808","41874","112083","46556","63534","24455","86985","32642","130982","47035","80500","19491","1.8","(X)","(X)","(X)","(X)","(X)",
"1400000US06111007300","Census Tract 73, Ventura County, California","92","60","41","41","51","51","0.0","32.2","0.0","49.7","0.0","44.6","65.2","34.6","58.5","52.3","70.6","49.5","22.8","28.0","14.6","33.7","29.4","49.5","12.0","20.3","26.8","43.1","0.0","44.6","1284","188","692","99","592","110","0.3","1.0","0.0","5.3","0.7","2.2","1.8","2.1","3.3","3.8","0.0","6.1","15.1","5.6","13.9","8.0","16.6","7.7","19.5","6.4","21.4","9.3","17.4","8.4","1.6","1.7","1.3","2.0","2.0","2.7","34.0","8.3","27.6","9.8","41.6","12.2","27.6","7.9","32.5","11.2","21.8","8.3","97.9","2.4","96.7","3.8","99.3","2.2","61.6","7.6","60.1","10.8","63.3","10.9","144","118","77","73","67","60","100.0","22.7","100.0","36.1","100.0","38.9","81.9","18.5","66.2","29.4","100.0","38.9","110","52","39","29","71","37","100.0","28.2","100.0","51.0","100.0","37.8","64.5","28.9","43.6","42.8","76.1","33.8","730","128","384","70","346","81","97.8","3.2","96.9","5.0","98.8","3.8","57.1","12.6","59.4","14.3","54.6","17.4","300","47","192","52","108","37","96.3","5.8","94.3","8.6","100.0","28.6","61.7","11.0","62.5","17.8","60.2","22.8","0.0","61.3","0.0","66.4","0.0","100.0","7.2","11.0","0.0","31.2","14.3","21.4","10.3","9.0","17.8","15.0","0.0","27.2","3.4","4.0","0.0","8.6","7.2","8.5","70588","20287","78550","15303","51588","23040","35521","43608","35104","50563","-","**","78750","111322","85847","31251","22768","2048","50893","20642","51806","22933","33036","50671","64323","18594","71765","33000","63073","22502","127039","150916","206141","133843","60000","138875","6.9","(X)","(X)","(X)","(X)","(X)",
"1400000US06111007402","Census Tract 74.02, Ventura County, California","481","198","223","125","258","109","19.5","13.6","19.7","19.8","19.4","18.0","10.0","7.5","21.5","17.6","0.0","13.5","49.1","16.6","42.2","23.7","55.0","23.5","21.4","20.9","16.6","20.4","25.6","24.2","4398","202","2078","155","2320","114","0.0","0.8","0.0","1.8","0.0","1.6","1.4","1.3","1.3","1.4","1.6","1.6","15.9","4.1","7.8","4.0","23.1","6.4","17.1","4.4","16.3","5.6","17.8","5.8","4.1","2.1","3.1","2.7","5.0","3.1","34.8","4.9","35.1","6.4","34.4","6.4","26.8","4.8","36.4","6.7","18.1","5.5","98.6","1.3","98.7","1.4","98.4","1.6","61.5","5.2","71.6","6.5","52.5","7.3","389","164","149","93","240","99","100.0","9.2","100.0","22.0","100.0","14.4","70.2","18.0","74.5","26.1","67.5","31.4","445","159","209","84","236","104","100.0","8.1","100.0","16.4","100.0","14.7","60.0","16.1","67.0","21.8","53.8","21.4","2499","155","1194","110","1305","89","100.0","1.5","100.0","3.1","100.0","2.8","63.9","7.4","72.6","9.0","56.0","9.3","1065","123","526","117","539","68","94.2","5.2","95.1","5.6","93.3","7.0","53.3","10.1","70.2","12.4","36.9","12.3","0.0","42.2","0.0","62.5","0.0","57.2","2.0","3.3","8.6","14.1","0.0","6.8","1.4","2.3","3.2","5.3","0.0","6.8","4.6","3.6","4.5","3.7","4.7","4.1","82216","7342","111830","37037","57841","17067","-","**","-","**","-","**","59667","14541","48333","35974","65446","12317","70461","34495","94313","17259","38984","11806","79844","13776","110385","37400","41588","18958","137222","41396","163506","50824","82171","31920","0.4","(X)","(X)","(X)","(X)","(X)",
"1400000US06111007403","Census Tract 74.03, Ventura County, California","381","100","198","91","183","85","3.7","6.2","7.1","11.9","0.0","18.4","33.1","19.5","25.8","19.4","41.0","29.0","38.8","19.4","43.4","31.2","33.9","21.9","24.4","19.3","23.7","28.5","25.1","22.9","3631","220","1625","149","2006","143","1.1","1.1","0.0","2.3","2.0","2.0","2.0","1.6","1.2","1.6","2.5","2.8","6.6","3.0","4.3","3.4","8.4","4.6","17.6","4.5","13.2","6.2","21.2","6.1","10.0","4.0","9.2","4.6","10.6","5.7","38.2","5.9","46.1","8.6","31.8","7.1","24.6","4.7","26.0","7.5","23.5","5.8","96.9","1.8","98.8","1.6","95.5","3.2","62.8","6.4","72.1","8.3","55.2","7.2","367","172","207","95","160","88","100.0","9.7","100.0","16.5","100.0","20.7","66.2","20.9","66.2","24.4","66.3","27.4","946","202","401","136","545","105","93.9","5.3","98.8","2.5","90.3","9.4","64.6","13.9","63.8","19.3","65.1","14.5","1794","132","777","108","1017","97","98.4","1.8","98.1","3.1","98.6","2.1","60.0","7.0","72.1","8.9","50.8","9.9","524","131","240","81","284","99","95.4","6.0","100.0","14.4","91.5","11.5","66.4","14.6","90.8","10.2","45.8","19.1","33.3","41.8","0.0","71.2","40.7","48.0","21.3","21.8","0.0","38.1","30.2","29.2","7.3","6.7","0.0","9.8","11.4","10.2","3.2","2.9","2.7","2.8","3.7","3.5","78936","8417","102500","14788","61731","15060","50714","88037","160833","130995","24844","55392","57174","29637","91042","50985","41250","50912","67847","18412","74904","32122","42708","34116","73370","14865","89000","15216","51196","20529","109865","10649","153207","42631","91705","19087","1.2","(X)","(X)","(X)","(X)","(X)",
"1400000US06111007405","Census Tract 74.05, Ventura County, California","390","127","164","73","226","93","1.0","3.4","2.4","8.1","0.0","15.2","50.3","19.7","50.0","25.1","50.4","25.0","30.3","16.6","37.2","25.4","25.2","20.5","18.5","12.5","10.4","16.1","24.3","19.5","4397","184","2055","132","2342","109","1.5","1.3","0.6","1.0","2.2","2.0","2.7","1.7","4.9","3.5","0.8","1.2","8.2","3.1","5.5","3.0","10.6","4.7","20.6","4.7","15.6","6.0","25.0","6.8","7.9","3.2","8.8","4.7","7.1","3.8","31.1","5.5","33.4","7.4","29.2","6.6","28.0","5.1","31.2","7.3","25.1","5.8","95.8","2.2","94.5","3.7","97.0","2.2","59.1","6.6","64.6","8.3","54.3","7.2","434","176","206","95","228","106","99.8","0.6","100.0","16.6","99.6","1.2","63.8","17.7","68.0","24.5","60.1","24.9","1095","180","450","113","645","127","100.0","3.4","100.0","8.0","100.0","5.6","71.9","11.5","81.6","12.7","65.1","15.8","2338","146","1189","103","1149","84","97.0","2.8","94.1","5.6","100.0","3.2","61.1","9.2","62.7","10.9","59.4","10.1","530","107","210","75","320","66","78.9","11.3","79.5","18.0","78.4","15.7","20.0","10.8","35.2","23.9","10.0","10.9","21.9","29.5","18.6","27.7","27.1","37.3","17.7","16.0","28.9","30.7","12.5","17.0","1.2","1.9","0.0","7.2","2.0","3.2","2.4","2.1","1.8","2.8","3.1","3.3","70071","9419","103363","21056","57542","9139","30776","47547","31552","18184","2,500-","***","26583","44420","46307","45327","9758","47322","55323","12670","68623","45049","47723","11406","88125","12288","107292","22671","65513","21428","89417","14809","106839","6976","76382","6678","2.3","(X)","(X)","(X)","(X)","(X)",
"1400000US06111007406","Census Tract 74.06, Ventura County, California","148","65","15","24","133","64","23.6","24.9","100.0","82.2","15.0","23.1","8.1","14.1","0.0","82.3","9.0","15.3","35.1","25.2","0.0","82.3","39.1","27.8","33.1","24.6","0.0","82.3","36.8","26.8","1409","151","704","105","705","103","0.0","2.6","0.0","5.2","0.0","5.2","0.0","2.6","0.0","5.2","0.0","5.2","8.4","5.0","3.7","4.7","13.0","7.9","5.3","3.1","4.4","3.8","6.1","4.9","8.1","6.1","0.0","5.2","16.2","12.2","45.6","8.9","52.3","10.7","39.0","13.6","32.6","8.1","39.6","10.0","25.7","11.7","100.0","2.6","100.0","5.2","100.0","5.2","78.3","8.3","91.9","6.0","64.7","12.9","70","66","8","16","62","59","100.0","38.1","100.0","100.0","100.0","40.5","100.0","38.1","100.0","100.0","100.0","40.5","369","104","145","82","224","34","100.0","9.7","100.0","22.5","100.0","15.4","72.1","21.0","92.4","16.5","58.9","25.5","850","98","483","84","367","62","100.0","4.3","100.0","7.5","100.0","9.7","82.1","8.7","92.1","7.4","68.9","15.9","120","38","68","29","52","23","100.0","26.3","100.0","38.6","100.0","44.2","57.5","22.1","88.2","19.1","17.3","25.5","-","**","-","**","-","**","0.0","26.7","0.0","62.5","0.0","32.2","0.0","18.0","0.0","57.2","0.0","21.1","0.0","3.3","0.0","5.6","0.0","7.9","72262","13691","105417","9664","54514","13451","-","**","-","**","-","**","21838","39015","102833","59886","17440","7154","49276","44839","120583","190287","48816","35720","62667","15638","66090","44749","54306","10002","103864","12037","107067","35305","76818","21572","0.0","(X)","(X)","(X)","(X)","(X)",
"1400000US06111007505","Census Tract 75.05, Ventura County, California","339","137","195","97","144","80","5.9","7.6","7.2","11.8","4.2","7.8","37.5","26.3","33.8","36.8","42.4","30.9","56.6","27.9","59.0","36.9","53.5","32.4","0.0","10.5","0.0","17.4","0.0","22.7","2297","188","1125","137","1172","105","2.8","2.5","2.7","3.4","3.0","3.5","11.3","5.6","13.4","6.3","9.3","6.1","17.7","5.0","21.0","7.5","14.6","6.1","27.6","5.1","22.8","7.0","32.3","7.8","7.7","4.3","7.0","4.2","8.4","5.9","21.0","5.4","21.3","8.3","20.7","6.9","11.8","4.3","11.8","5.4","11.8","5.1","85.9","6.6","83.9","7.1","87.7","7.4","32.8","6.4","33.2","8.9","32.5","8.0","479","141","219","78","260","90","75.8","14.5","58.4","21.3","90.4","12.5","50.7","12.4","39.3","20.3","60.4","16.9","425","145","226","95","199","76","94.4","13.7","92.0","20.1","97.0","6.9","41.6","14.2","46.0","23.9","36.7","17.7","932","86","460","74","472","52","88.0","9.0","90.4","9.9","85.6","10.6","20.4","9.1","22.0","12.2","18.9","10.4","461","58","220","45","241","57","84.2","10.6","87.3","12.3","81.3","14.2","31.2","12.8","37.3","19.2","25.7","14.2","0.0","10.9","0.0","18.6","0.0","22.7","4.9","5.9","3.0","4.9","7.6","12.3","1.2","2.0","3.0","4.6","0.0","7.6","0.0","4.8","0.0","9.6","0.0","9.4","46875","8524","52853","9684","38889","6980","25521","13700","26641","4038","7721","2193","41667","20170","53045","18362","38542","18685","49963","6016","69405","19012","47537","17843","46042","24044","62813","37461","31442","32910","58971","35434","80250","53998","58824","35033","6.4","(X)","(X)","(X)","(X)","(X)",
"1400000US06111007506","Census Tract 75.06, Ventura County, California","637","178","268","115","369","153","7.8","8.2","0.0","13.0","13.6","14.2","27.3","13.9","28.7","20.6","26.3","18.0","54.5","12.5","59.3","22.3","50.9","23.0","10.4","8.2","11.9","12.5","9.2","13.5","4674","213","2224","146","2450","154","1.5","1.1","0.7","0.9","2.2","1.8","1.5","1.2","0.9","1.2","2.0","1.7","24.0","5.1","25.8","7.5","22.3","5.6","26.8","5.6","21.8","7.3","31.4","7.4","9.9","3.1","10.8","4.9","9.1","3.9","21.1","3.7","24.2","6.1","18.3","5.5","15.2","3.7","15.8","4.8","14.7","4.8","97.0","1.6","98.4","1.2","95.8","2.5","36.3","5.0","40.0","7.5","32.9","6.5","515","205","169","82","346","150","100.0","7.0","100.0","19.8","100.0","10.3","53.8","13.9","39.1","22.6","61.0","14.4","1152","214","582","118","570","132","97.4","3.5","98.3","3.0","96.5","4.9","31.3","11.1","26.8","15.3","36.0","17.0","2302","161","1121","116","1181","118","97.7","2.0","98.9","1.7","96.5","3.5","39.6","8.8","49.5","11.9","30.2","9.1","705","98","352","65","353","65","92.1","6.0","96.3","5.8","87.8","10.2","20.9","11.6","32.1","17.7","9.6","7.6","14.4","17.2","42.9","56.9","4.8","11.5","2.7","3.1","3.3","5.4","2.0","3.1","0.7","1.2","0.0","5.0","1.2","2.1","0.2","0.4","0.3","0.7","0.0","4.5","52377","13885","84014","17854","37742","3725","48173","55002","-","**","-","**","38828","29599","66250","18268","22417","29822","34901","9435","72098","49452","33016","6770","82386","30784","110250","20140","40917","16101","60875","29627","108182","66938","50307","11354","3.4","(X)","(X)","(X)","(X)","(X)",
"1400000US06111007507","Census Tract 75.07, Ventura County, California","504","152","260","131","244","122","7.9","11.5","0.0","13.4","16.4","22.9","30.4","18.5","23.1","18.9","38.1","31.4","56.2","18.5","66.2","22.2","45.5","32.0","5.6","6.4","10.8","13.6","0.0","14.2","4678","260","2267","200","2411","217","3.2","2.9","1.9","2.8","4.5","5.2","3.7","2.4","2.3","2.6","4.9","3.8","12.1","3.9","10.2","5.2","13.8","4.8","16.3","4.0","18.2","5.9","14.4","4.9","6.1","2.8","5.0","3.1","7.2","4.4","35.3","6.7","26.8","7.5","43.3","8.4","23.3","4.5","35.6","6.5","11.8","5.0","93.1","3.7","95.8","3.5","90.6","6.2","58.7","7.0","62.4","9.0","55.2","7.5","405","201","296","182","109","83","96.5","7.3","95.3","10.0","100.0","28.4","54.1","27.3","37.2","30.7","100.0","28.4","1142","186","431","111","711","123","89.8","9.2","85.8","15.6","92.3","11.0","61.2","15.6","61.5","18.7","61.0","17.0","2468","265","1205","140","1263","180","95.9","3.3","100.0","3.1","91.9","6.2","64.2","7.1","73.2","9.5","55.6","8.4","663","140","335","88","328","106","86.4","10.9","94.0","9.7","78.7","19.8","36.5","15.6","46.9","18.4","25.9","18.3","5.9","10.4","20.0","36.5","0.0","15.2","6.7","8.0","11.6","13.8","3.3","5.9","1.5","2.3","0.0","6.9","3.1","4.6","0.4","0.7","0.8","1.4","0.0","2.8","80938","14520","102223","7634","52736","13383","44111","62676","90833","64939","43333","38266","60110","59079","26779","69434","71071","31209","53000","30907","71250","25625","45167","28700","70662","26520","108973","13069","53887","17820","132434","11549","145769","38349","103021","65500","1.6","(X)","(X)","(X)","(X)","(X)",
"1400000US06111007508","Census Tract 75.08, Ventura County, California","273","66","146","68","127","62","6.2","6.7","6.2","7.2","6.3","13.3","23.8","13.2","23.3","18.2","24.4","22.8","59.0","17.9","53.4","26.9","65.4","28.4","11.0","13.3","17.1","22.3","3.9","9.5","2524","139","1163","113","1361","85","1.3","1.3","0.4","0.7","2.1","2.3","4.4","2.0","5.0","3.3","3.9","3.0","14.3","4.1","14.4","5.5","14.2","6.0","21.4","4.7","22.0","7.2","20.8","6.4","8.1","3.0","4.6","3.0","11.1","4.9","31.1","6.7","28.7","9.0","33.2","8.4","19.4","5.1","24.8","8.3","14.8","5.9","94.3","2.1","94.6","3.3","94.0","3.9","50.6","6.9","53.6","8.1","48.0","8.6","360","132","215","97","145","54","98.1","3.1","96.7","5.3","100.0","22.5","58.3","15.3","53.0","17.7","66.2","20.7","436","99","193","59","243","59","96.8","4.7","92.7","10.9","100.0","14.3","69.5","17.7","70.5","19.8","68.7","20.4","1191","60","528","37","663","44","97.2","2.4","99.1","1.4","95.8","4.3","47.6","10.4","48.1","11.6","47.2","12.4","537","103","227","61","310","67","83.2","7.9","83.7","14.7","82.9","13.7","36.5","13.3","52.4","21.7","24.8","13.7","9.7","12.3","22.2","28.0","0.0","35.0","0.0","9.9","0.0","20.0","0.0","17.6","5.6","4.1","0.0","11.4","9.7","6.8","0.5","0.8","1.0","1.6","0.0","5.6","54792","9002","70313","15474","44648","5893","36429","12843","37639","33877","-","**","61500","28691","63194","7337","30000","27780","45931","17039","37381","28264","46217","14246","52037","9573","78469","11993","42891","10866","83833","15160","86875","58594","71000","31576","4.6","(X)","(X)","(X)","(X)","(X)",
"1400000US06111007509","Census Tract 75.09, Ventura County, California","355","111","172","64","183","103","16.6","15.9","8.1","12.6","24.6","32.2","20.3","16.5","32.6","35.9","8.7","15.3","46.8","21.9","33.7","26.9","59.0","30.6","16.3","16.0","25.6","26.7","7.7","11.7","2901","227","1433","217","1468","153","0.4","0.9","0.4","0.9","0.4","0.9","2.4","2.6","3.2","4.7","1.7","1.9","8.3","4.1","4.6","3.8","12.0","6.6","21.1","6.5","18.1","6.3","24.0","9.4","8.3","3.6","5.2","5.5","11.3","5.5","32.5","6.9","41.5","9.8","23.7","8.3","26.9","7.8","26.9","10.2","26.8","9.5","97.1","2.8","96.4","4.9","97.9","2.0","59.4","7.8","68.5","9.2","50.5","9.8","681","265","382","235","299","132","93.2","10.1","88.0","18.9","100.0","11.8","68.3","14.5","70.7","18.3","65.2","21.1","708","166","341","116","367","79","98.3","3.5","98.2","3.6","98.4","3.5","51.4","14.5","66.0","16.7","37.9","15.8","1276","134","625","96","651","100","99.0","1.5","100.0","5.8","98.0","3.0","59.4","11.4","67.5","14.2","51.6","15.5","236","57","85","44","151","47","94.9","8.0","100.0","33.9","92.1","12.1","57.6","18.9","75.3","26.2","47.7","23.5","0.0","34.5","0.0","44.2","0.0","57.2","0.0","14.3","0.0","39.2","0.0","19.1","0.0","4.3","0.0","10.6","0.0","7.0","0.0","2.2","0.0","3.7","0.0","4.9","65357","19948","87722","10408","45926","6295","88424","50748","88587","11452","-","**","30313","13640","-","**","30098","20328","46813","24878","74394","43320","45357","14452","84512","22348","90288","22552","59886","33737","63750","40181","90665","55196","59338","38683","3.7","(X)","(X)","(X)","(X)","(X)",
"1400000US06111007510","Census Tract 75.10, Ventura County, California","417","124","179","78","238","90","6.2","6.3","14.5","13.8","0.0","14.5","46.5","17.4","31.8","23.6","57.6","23.7","25.7","14.2","31.3","20.5","21.4","17.8","21.6","13.8","22.3","22.5","21.0","17.7","4256","189","2042","138","2214","129","0.5","0.6","0.2","0.3","0.8","1.1","0.4","0.6","0.0","1.8","0.8","1.2","7.3","3.0","6.6","4.3","7.9","3.1","12.8","4.8","10.9","4.8","14.6","6.1","8.7","2.5","6.3","2.9","10.9","3.9","39.9","5.0","40.0","5.9","39.8","7.5","30.4","4.8","36.0","6.8","25.2","6.0","99.1","0.9","99.8","0.3","98.4","1.7","70.3","5.6","76.1","6.3","65.0","7.1","597","190","237","118","360","116","97.0","4.8","100.0","14.6","95.0","7.8","84.1","13.9","67.5","28.2","95.0","7.8","1001","129","513","84","488","103","99.6","0.7","99.2","1.3","100.0","7.4","82.8","7.5","93.6","5.9","71.5","15.9","2002","176","986","100","1016","115","100.0","1.9","100.0","3.7","100.0","3.6","66.6","7.2","74.0","9.1","59.4","8.4","656","72","306","65","350","80","97.4","3.8","100.0","11.5","95.1","7.0","49.8","13.6","59.8","17.1","41.1","17.1","0.0","53.8","-","**","0.0","53.8","5.6","9.3","0.0","24.7","9.7","14.5","1.0","1.5","0.0","10.2","1.6","2.4","1.0","1.7","0.0","2.4","2.1","3.5","87857","21218","121279","23465","43200","12841","-","**","-","**","-","**","31042","28643","40132","36720","30625","44968","58590","10414","125889","70169","34688","18797","80729","28346","102907","6481","40809","13102","121550","14730","142026","20534","67449","65962","3.8","(X)","(X)","(X)","(X)","(X)",
"1400000US06111007511","Census Tract 75.11, Ventura County, California","192","101","120","69","72","55","21.9","20.6","12.5","20.1","37.5","41.3","8.3","14.5","13.3","22.0","0.0","37.5","30.7","18.3","37.5","28.6","19.4","32.8","39.1","25.0","36.7","27.1","43.1","42.1","1639","238","794","100","845","169","2.5","2.2","0.0","4.6","4.9","4.3","2.3","3.2","4.7","6.9","0.0","4.3","14.9","7.7","18.5","10.8","11.5","9.4","10.4","5.3","13.1","10.8","7.8","5.7","5.9","4.7","3.9","4.9","7.7","6.8","39.5","10.7","30.6","14.3","47.8","11.7","24.6","8.9","29.2","10.1","20.4","10.3","95.2","3.7","95.3","6.9","95.1","4.3","64.1","9.3","59.8","12.8","68.2","10.8","88","79","34","38","54","48","100.0","33.2","100.0","54.6","100.0","43.3","31.8","46.8","41.2","55.7","25.9","44.6","375","169","170","93","205","85","90.1","12.6","78.2","27.7","100.0","16.6","60.5","19.7","37.1","25.4","80.0","20.2","929","88","467","69","462","90","100.0","4.0","100.0","7.7","100.0","7.8","68.2","11.8","68.3","19.2","68.2","15.8","247","50","123","40","124","47","83.4","14.2","100.0","25.8","66.9","31.4","65.6","27.2","64.2","34.2","66.9","31.4","32.1","46.7","0.0","52.4","61.0","60.2","22.5","18.2","16.3","24.3","32.0","41.5","6.0","8.8","11.9","18.7","0.0","24.5","0.0","3.5","0.0","7.6","0.0","6.3","62833","27283","110521","49204","32052","27604","-","**","-","**","-","**","18967","27548","29483","29880","5875","3612","64375","70671","200455","239553","22386","36163","82988","43556","218750","82502","31344","53978","95476","79132","157796","98980","51845","42425","3.1","(X)","(X)","(X)","(X)","(X)",
"1400000US06111007512","Census Tract 75.12, Ventura County, California","314","152","118","86","196","121","31.8","18.4","52.5","35.6","19.4","20.4","26.1","21.7","12.7","21.2","34.2","34.6","28.3","17.5","14.4","23.3","36.7","22.4","13.7","15.5","20.3","30.8","9.7","15.5","3100","206","1566","127","1534","164","0.3","0.5","0.0","2.4","0.7","1.1","4.1","2.6","5.2","4.2","2.9","2.6","12.7","4.4","12.5","5.8","12.9","5.7","30.5","5.3","29.7","8.7","31.4","7.6","12.0","4.6","10.2","5.3","13.8","7.2","26.2","5.3","28.5","8.0","23.9","8.6","14.2","5.2","13.9","6.7","14.4","6.0","95.6","2.7","94.8","4.2","96.4","2.9","40.4","6.0","42.4","8.8","38.3","8.9","433","210","264","118","169","112","100.0","8.3","100.0","13.2","100.0","19.8","22.9","17.3","29.5","20.8","12.4","17.0","849","181","374","103","475","127","95.9","4.0","94.1","5.6","97.3","3.7","52.9","13.7","62.8","20.4","45.1","15.0","1458","125","749","102","709","71","96.9","4.0","94.0","7.6","100.0","5.1","43.8","7.7","41.8","12.5","45.8","14.5","360","95","179","66","181","77","84.4","13.1","92.2","12.5","76.8","23.3","18.3","14.1","21.2","18.8","15.5","16.2","7.4","12.2","0.0","35.0","18.2","28.1","10.2","9.2","20.4","17.6","0.0","17.2","4.1","4.3","1.8","3.3","6.2","7.4","2.1","2.3","1.8","2.9","2.4","3.5","66926","11925","85809","14260","50861","4074","51471","6288","51949","2458","-","**","41920","9412","41563","10808","43088","25389","52841","7852","95357","22674","44811","9849","95000","14456","94479","14501","110521","61766","79507","13143","93167","70865","72991","12838","2.1","(X)","(X)","(X)","(X)","(X)",
"1400000US06111007513","Census Tract 75.13, Ventura County, California","125","134","110","126","15","26","0.0","25.5","0.0","28.2","0.0","82.3","88.0","27.5","86.4","32.9","100.0","82.2","12.0","27.5","13.6","32.9","0.0","82.3","0.0","25.5","0.0","28.2","0.0","82.3","1270","128","592","57","678","113","4.1","6.2","0.0","6.1","7.7","11.4","6.5","5.6","2.9","4.8","9.7","9.8","24.6","12.4","20.4","15.7","28.3","13.6","27.8","10.8","25.8","13.4","29.5","17.3","5.8","4.3","12.5","9.0","0.0","5.4","20.6","9.4","26.5","14.9","15.3","10.2","10.6","6.5","11.8","11.7","9.4","6.6","89.4","6.5","97.1","4.8","82.6","13.4","31.1","11.3","38.3","17.0","24.8","12.9","50","49","50","49","0","95","66.0","48.3","66.0","48.3","-","**","66.0","48.3","66.0","48.3","-","**","340","193","183","98","157","101","100.0","10.4","100.0","18.4","100.0","21.1","33.8","28.7","30.1","29.9","38.2","33.0","419","126","163","80","256","101","87.6","18.8","100.0","20.4","79.7","29.8","37.9","18.7","39.3","32.0","37.1","23.0","461","200","196","87","265","146","85.7","14.7","100.0","17.3","75.1","24.0","19.1","9.1","38.3","25.3","4.9","8.6","0.0","23.9","0.0","77.3","0.0","26.7","30.7","35.1","35.5","45.4","27.6","31.2","4.0","6.1","0.0","15.2","8.5","13.5","0.0","9.1","0.0","15.2","0.0","19.9","50125","19738","51750","40231","46382","21036","-","**","-","**","-","**","37578","6299","38646","17116","4543","37363","87500","62688","92656","76036","82333","109203","51250","26673","60481","241482","46184","40903","51146","19754","39632","139711","51667","21256","2.0","(X)","(X)","(X)","(X)","(X)",
"1400000US06111007514","Census Tract 75.14, Ventura County, California","616","260","309","197","307","183","3.2","5.2","6.5","11.2","0.0","11.5","39.8","22.6","61.2","27.9","18.2","16.3","49.7","22.9","27.2","23.4","72.3","20.3","7.3","9.3","5.2","9.3","9.4","12.1","4659","363","1950","219","2709","255","3.4","2.9","2.5","2.6","4.1","3.6","3.0","1.6","2.9","2.7","3.1","2.0","13.2","3.4","8.1","5.1","16.9","4.7","33.7","5.1","33.8","9.5","33.7","6.4","4.6","2.0","4.6","3.3","4.7","2.8","26.4","4.4","29.6","8.4","24.0","5.8","15.6","4.3","18.5","7.1","13.5","4.3","93.6","3.1","94.6","3.8","92.8","4.1","42.0","4.9","48.2","9.7","37.5","5.7","1107","290","451","160","656","234","96.6","4.0","91.6","9.1","100.0","5.6","45.8","13.5","38.4","21.7","50.9","15.3","884","206","364","115","520","160","91.5","9.0","100.0","9.8","85.6","14.7","50.5","16.6","73.6","18.8","34.2","16.2","1663","249","790","122","873","157","98.4","2.1","97.7","3.9","99.0","1.9","45.8","7.5","50.3","15.0","41.7","13.9","1005","132","345","92","660","101","84.1","11.5","85.8","15.0","83.2","11.1","24.0","8.6","29.3","15.5","21.2","9.3","20.3","23.2","0.0","29.2","31.3","32.7","21.4","15.8","33.1","40.2","17.4","17.4","2.1","2.0","3.9","4.6","0.9","1.5","6.1","5.4","6.8","8.7","5.4","7.2","55927","6665","65455","17631","44231","6853","16927","6126","16979","38978","2,500-","***","30658","21090","52273","176112","20250","15925","55146","7809","60458","7345","44088","14090","54036","16558","65238","22259","48750","14756","84500","24386","126667","120303","44211","39062","3.7","(X)","(X)","(X)","(X)","(X)",
"1400000US06111007606","Census Tract 76.06, Ventura County, California","59","40","17","20","42","35","0.0","41.5","0.0","77.3","0.0","49.2","67.8","28.4","52.9","52.9","73.8","37.6","25.4","27.6","47.1","52.9","16.7","33.8","6.8","12.0","0.0","77.3","9.5","16.9","843","109","449","61","394","55","7.9","5.8","5.1","7.5","11.2","7.9","6.3","4.3","6.5","6.1","6.1","6.5","19.3","7.7","17.1","9.8","21.8","9.3","23.5","8.3","28.3","14.5","18.0","10.4","3.3","3.4","2.7","3.2","4.1","4.1","19.9","8.2","15.6","8.2","24.9","11.8","19.7","7.5","24.7","8.8","14.0","8.2","85.8","6.4","88.4","8.7","82.7","9.9","39.6","9.8","40.3","10.5","38.8","13.3","96","52","57","42","39","32","70.8","33.0","100.0","42.2","28.2","47.2","0.0","31.2","0.0","42.2","0.0","51.0","231","75","102","45","129","41","98.3","3.4","100.0","29.8","96.9","6.2","54.1","24.0","39.2","32.5","65.9","26.9","393","100","238","68","155","38","91.3","7.4","89.9","10.9","93.5","9.8","51.9","10.5","57.1","12.6","43.9","17.6","123","53","52","35","71","27","56.1","22.5","46.2","40.3","63.4","31.4","4.1","6.8","9.6","18.2","0.0","37.8","0.8","4.7","1.9","11.1","0.0","38.6","5.5","8.4","10.4","17.3","1.2","6.5","0.0","15.2","0.0","23.3","0.0","33.4","0.0","10.6","0.0","18.6","0.0","21.5","52315","76474","115066","57947","31198","5647","29750","100224","100357","35082","19643","14211","37361","6234","38385","140104","22375","28477","36161","21606","51713","87080","30625","20468","63750","145066","190000","184589","26250","57660","168023","95185","169226","68124","101442","133246","6.2","(X)","(X)","(X)","(X)","(X)",
"1400000US06111007607","Census Tract 76.07, Ventura County, California","444","137","119","64","325","135","0.0","8.1","0.0","26.5","0.0","10.9","46.8","24.3","41.2","22.0","48.9","32.2","48.0","22.6","58.8","22.0","44.0","29.4","5.2","7.8","0.0","26.5","7.1","10.9","3887","233","1833","143","2054","164","0.9","0.9","1.1","1.6","0.7","1.1","2.8","2.0","2.8","2.7","2.9","2.2","10.1","3.5","7.1","3.5","12.7","5.4","24.6","5.4","21.9","7.0","27.0","6.4","7.6","3.4","5.1","3.1","9.9","5.2","33.8","4.8","42.1","8.4","26.4","6.3","20.2","3.8","20.0","5.8","20.4","4.9","96.3","2.3","96.1","3.0","96.4","2.4","54.0","5.1","62.1","7.8","46.8","6.1","386","145","159","81","227","84","94.0","7.4","96.2","7.0","92.5","11.1","54.4","18.5","66.0","22.4","46.3","21.3","780","140","330","75","450","88","94.6","5.7","90.6","9.6","97.6","4.0","50.6","11.2","65.8","17.8","39.6","15.1","2239","150","1069","106","1170","109","97.8","2.1","96.8","4.0","98.7","1.9","57.5","8.5","63.2","12.0","52.3","9.2","482","110","275","69","207","79","93.8","6.8","100.0","12.7","85.5","15.9","42.9","17.1","50.9","21.0","32.4","25.6","0.0","22.7","0.0","37.8","0.0","37.2","0.0","9.1","0.0","24.7","0.0","13.4","4.5","3.4","2.0","3.1","6.1","5.2","1.0","1.2","0.0","3.2","2.3","2.6","69352","5295","92200","21356","44135","7964","21591","19463","30489","16169","-","**","46850","10897","69028","43481","36750","24997","43167","7155","51729","21061","31293","8598","81635","16980","109231","32837","52782","10888","95658","12962","105278","19673","82750","17443","0.9","(X)","(X)","(X)","(X)","(X)",
"1400000US06111007609","Census Tract 76.09, Ventura County, California","126","78","85","65","41","42","13.5","23.0","20.0","33.9","0.0","49.7","15.1","19.4","22.4","27.8","0.0","49.7","71.4","26.6","57.6","37.6","100.0","49.7","0.0","25.3","0.0","33.9","0.0","49.7","1737","155","900","108","837","102","1.8","2.6","0.6","1.3","3.1","4.3","0.0","2.1","0.0","4.1","0.0","4.4","6.2","5.4","3.3","3.8","9.3","9.8","18.9","6.3","17.2","8.2","20.8","10.2","11.5","5.1","13.7","8.1","9.1","7.3","42.1","10.2","37.7","17.7","47.0","10.9","19.5","7.7","27.6","13.5","10.8","5.5","98.2","2.6","99.4","1.3","96.9","4.3","61.6","7.8","65.2","14.2","57.7","10.5","320","159","154","101","166","85","97.8","4.4","100.0","21.4","95.8","8.3","61.6","24.3","50.6","41.6","71.7","25.7","342","99","215","72","127","67","100.0","10.4","100.0","15.9","100.0","25.1","56.1","18.2","58.1","22.4","52.8","37.8","957","91","462","52","495","84","99.4","1.3","100.0","7.8","98.8","2.6","65.5","9.6","71.4","13.3","60.0","15.0","118","40","69","30","49","26","84.7","22.1","92.8","18.1","73.5","38.9","45.8","19.0","78.3","26.3","0.0","45.5","0.0","57.2","0.0","100.0","0.0","62.5","0.0","28.6","0.0","58.2","0.0","35.8","0.0","6.9","0.0","12.6","0.0","13.9","0.0","3.4","0.0","6.2","0.0","7.5","75304","9384","103910","19832","38835","6530","-","**","-","**","-","**","36686","40034","90000","50876","35814","4688","39788","6430","73636","20758","36250","23806","76113","12139","110341","31136","60859","27648","110472","4990","112250","8573","64674","30711","2.4","(X)","(X)","(X)","(X)","(X)",
"1400000US06111007610","Census Tract 76.10, Ventura County, California","545","132","383","161","162","81","9.2","8.0","3.7","6.1","22.2","23.5","27.9","17.5","26.4","22.1","31.5","29.6","58.3","20.5","67.1","24.7","37.7","27.1","4.6","5.3","2.9","4.9","8.6","13.8","3303","165","1657","128","1646","127","2.7","2.2","4.0","2.5","1.5","2.2","2.8","1.9","3.9","2.9","1.7","1.6","16.0","5.4","14.5","7.8","17.5","7.0","26.7","5.4","26.3","8.1","27.2","7.0","12.4","4.1","10.4","5.3","14.3","7.2","27.7","7.1","27.2","8.9","28.3","7.8","11.6","3.7","13.8","5.7","9.5","4.4","94.5","3.1","92.1","4.1","96.8","2.8","39.4","8.5","40.9","9.8","37.8","8.9","456","159","175","82","281","115","100.0","7.9","100.0","19.2","100.0","12.5","62.5","19.7","64.0","26.1","61.6","28.6","822","185","424","104","398","136","88.6","9.2","88.0","11.7","89.2","9.8","35.2","14.8","30.2","16.3","40.5","18.8","1635","126","875","98","760","87","95.8","3.1","92.2","5.7","100.0","4.8","43.0","11.2","47.4","13.2","37.9","11.5","390","43","183","51","207","50","94.6","6.1","93.4","9.9","95.7","7.2","5.9","7.1","12.6","16.3","0.0","16.5","1.1","2.6","1.5","3.4","0.0","44.2","0.0","6.8","0.0","14.4","0.0","12.2","0.0","2.9","0.0","6.0","0.0","5.3","0.2","0.3","0.3","0.7","0.0","5.8","57219","5857","76563","30834","52313","6723","41607","22195","50875","17872","-","**","57368","75522","100865","61004","25365","17112","50515","15921","53558","30284","44152","18890","72604","19423","90069","15525","56875","5081","80714","20244","96731","71344","77195","8514","3.5","(X)","(X)","(X)","(X)","(X)",
"1400000US06111007611","Census Tract 76.11, Ventura County, California","331","128","217","114","114","76","30.8","23.7","32.7","27.9","27.2","32.9","39.6","24.7","35.5","31.9","47.4","37.3","29.6","19.3","31.8","25.7","25.4","27.7","0.0","10.7","0.0","15.8","0.0","27.4","2556","265","1269","182","1287","179","27.9","8.5","28.7","10.1","27.1","10.6","11.3","7.2","10.6","7.2","12.0","8.3","19.5","6.4","14.7","9.7","24.2","9.4","25.9","9.6","27.8","9.6","24.1","13.6","3.0","2.6","0.0","2.9","6.0","5.1","12.3","6.7","18.1","11.1","6.5","5.6","0.0","1.5","0.0","2.9","0.0","2.9","60.8","9.2","60.7","9.1","60.8","13.5","12.3","6.7","18.1","11.1","6.5","5.6","821","234","407","163","414","159","80.0","16.0","88.0","13.7","72.2","23.5","23.6","18.8","45.2","34.5","2.4","4.4","818","208","422","119","396","157","44.7","18.9","30.8","21.8","59.6","21.8","3.4","4.5","4.3","7.6","2.5","5.4","648","169","324","98","324","112","59.9","18.5","68.8","22.3","50.9","26.8","14.2","15.3","8.6","13.2","19.8","20.1","269","112","116","68","153","75","52.8","30.7","50.9","37.1","54.2","34.3","0.0","13.0","0.0","27.0","0.0","21.5","24.7","13.9","22.0","15.8","27.4","15.1","2.8","4.1","3.2","7.0","2.6","5.0","8.1","10.0","8.8","15.0","7.5","10.1","0.0","11.2","0.0","15.0","0.0","34.2","30165","8398","31576","5779","19019","10700","25579","7410","29007","7033","13984","6143","32810","7066","32604","14132","32890","14602","19861","35868","31250","34954","19190","33600","32361","20781","40261","17080","4583","95126","-","**","-","**","-","**","4.9","(X)","(X)","(X)","(X)","(X)",
"1400000US06111007612","Census Tract 76.12, Ventura County, California","590","211","255","157","335","166","10.8","13.1","20.8","27.7","3.3","5.3","20.3","13.2","11.4","14.8","27.2","20.4","62.9","18.1","54.1","29.0","69.6","21.2","5.9","6.7","13.7","16.2","0.0","10.6","2740","391","1219","217","1521","237","7.4","4.4","10.7","8.0","4.7","3.2","8.5","4.1","7.0","4.5","9.8","6.1","33.7","7.1","22.6","9.9","42.6","9.6","18.5","5.6","17.7","9.1","19.1","7.2","10.7","4.3","11.0","5.6","10.5","6.3","15.1","5.0","26.2","8.7","6.2","5.6","6.0","3.4","4.8","4.2","7.0","4.9","84.1","6.3","82.3","8.5","85.5","5.9","21.1","6.1","30.9","8.8","13.3","8.2","677","261","287","122","390","177","95.6","5.4","92.3","9.9","97.9","3.4","17.3","14.4","18.1","15.7","16.7","22.3","541","154","232","87","309","120","82.3","10.5","73.7","18.1","88.7","15.6","21.4","12.3","36.2","18.3","10.4","11.0","1184","377","573","204","611","193","84.7","13.0","85.5","13.7","84.0","13.4","27.2","8.0","37.9","13.2","17.2","12.4","338","47","127","38","211","52","61.8","23.6","60.6","33.6","62.6","21.0","7.1","8.4","18.9","21.8","0.0","16.2","4.9","7.4","0.0","15.9","9.7","13.4","10.4","9.0","2.2","3.5","13.9","11.5","7.4","6.9","7.1","8.2","7.5","7.5","0.0","6.3","0.0","9.5","0.0","16.9","40408","12094","48203","16670","26736","12347","27099","18907","27292","24363","27000","30260","26401","6736","44583","29093","18537","5970","46000","8400","75438","25894","41103","27679","45694","33251","61250","42092","45139","53925","90000","67869","85724","12541","145486","114927","3.2","(X)","(X)","(X)","(X)","(X)",
"1400000US06111007613","Census Tract 76.13, Ventura County, California","149","114","57","69","92","79","4.0","8.2","0.0","42.2","6.5","13.5","27.5","27.0","43.9","56.1","17.4","24.8","53.0","35.1","56.1","56.1","51.1","35.8","15.4","23.2","0.0","42.2","25.0","31.5","2245","144","1055","96","1190","99","2.0","1.8","1.6","2.2","2.3","3.2","5.3","3.2","11.2","6.8","0.0","3.1","13.9","6.7","11.5","8.3","16.1","8.0","26.0","7.2","20.2","9.0","31.1","8.1","9.8","5.1","10.6","7.2","9.1","6.3","25.0","7.0","20.9","7.7","28.6","9.8","18.1","6.1","24.0","8.5","12.9","6.3","92.8","4.1","87.2","7.0","97.7","3.2","43.1","8.5","44.9","10.1","41.5","9.6","215","114","97","76","118","68","100.0","15.9","100.0","31.0","100.0","26.7","66.0","30.7","81.4","27.5","53.4","37.1","765","126","388","93","377","77","89.0","7.9","78.4","16.6","100.0","9.5","38.2","14.8","36.6","15.9","39.8","18.7","984","73","479","42","505","77","95.2","5.0","92.9","8.4","97.4","4.8","43.8","13.6","42.6","16.1","45.0","16.8","281","68","91","37","190","56","89.0","13.7","81.3","24.7","92.6","14.8","36.7","23.4","53.8","31.1","28.4","22.7","15.4","28.9","8.9","18.9","48.1","51.9","0.0","11.3","0.0","26.1","0.0","17.7","0.0","4.6","0.0","10.9","0.0","7.5","0.0","3.8","0.0","7.6","0.0","7.3","70109","6183","92527","22159","49167","10009","37167","75818","37167","75818","-","**","46912","14335","80708","42610","37563","21626","45208","7389","44044","50737","45479","12058","103250","25742","125938","19305","74500","3789","98696","7922","105417","13602","92759","28003","2.0","(X)","(X)","(X)","(X)","(X)",
"1400000US06111007614","Census Tract 76.14, Ventura County, California","981","227","592","226","389","158","16.8","13.8","21.1","15.4","10.3","14.4","32.9","14.7","44.9","18.3","14.7","12.8","45.3","18.3","31.9","17.1","65.6","22.5","5.0","5.5","2.0","3.4","9.5","12.6","4736","421","2412","312","2324","263","5.5","3.8","4.4","4.0","6.7","4.5","6.0","2.7","5.4","3.6","6.6","4.5","24.7","6.4","28.9","10.2","20.4","6.7","23.6","5.3","22.2","6.3","25.0","6.9","6.5","2.5","5.0","3.0","8.1","3.8","23.9","6.5","23.7","9.5","24.2","6.4","9.7","3.9","10.4","5.3","8.9","4.3","88.5","4.4","90.2","4.7","86.7","6.1","33.6","7.0","34.2","10.0","33.1","7.3","1074","343","610","310","464","158","91.9","9.0","95.2","8.1","87.5","12.1","35.8","16.5","25.6","20.9","49.1","18.9","976","183","504","129","472","132","91.6","7.0","88.7","13.0","94.7","5.8","46.0","16.7","33.5","18.8","59.3","18.8","2029","230","1006","154","1023","131","89.7","5.7","86.3","7.6","93.0","6.7","30.5","8.2","35.6","12.0","25.5","9.6","657","239","292","113","365","165","74.7","15.7","95.9","6.3","57.8","26.9","21.5","12.0","48.3","26.4","0.0","9.8","5.9","7.6","8.5","13.6","3.9","6.6","1.8","3.0","0.0","5.2","4.4","7.0","2.6","2.7","4.6","5.5","0.9","1.4","1.1","2.3","1.0","1.8","1.2","4.2","45147","10305","52254","18124","36452","6938","31209","13599","43362","21802","30184","17350","42580","3071","42670","8464","39519","19055","37986","4911","51071","30701","36011","5101","56563","16772","72857","27423","29811","27413","89688","33185","116581","15177","63220","28063","3.9","(X)","(X)","(X)","(X)","(X)",
"1400000US06111007700","Census Tract 77, Ventura County, California","499","141","264","123","235","122","5.8","7.2","11.0","14.4","0.0","14.7","48.7","13.3","41.3","18.9","57.0","23.2","45.5","13.3","47.7","18.9","43.0","23.2","0.0","7.2","0.0","13.2","0.0","14.7","3823","305","1780","230","2043","167","9.6","4.5","8.5","4.4","10.6","6.3","6.0","2.4","3.3","2.4","8.5","3.3","31.0","6.9","38.4","9.1","24.7","8.8","21.5","4.9","17.7","5.4","24.8","7.0","5.6","2.2","2.6","2.1","8.3","3.6","18.3","3.6","19.3","5.5","17.4","4.9","7.9","3.9","10.3","4.7","5.8","4.0","84.4","5.1","88.3","5.3","81.0","6.8","26.2","5.8","29.6","7.5","23.2","6.2","891","264","456","154","435","132","82.3","12.8","87.9","11.1","76.3","19.6","24.4","12.4","26.1","14.9","22.5","12.4","865","148","417","113","448","85","90.8","6.2","91.4","7.1","90.2","8.6","41.2","14.0","47.7","16.8","35.0","15.5","1518","168","698","134","820","88","86.0","7.6","88.1","9.2","84.1","8.6","25.6","7.6","25.9","10.8","25.4","9.5","549","76","209","61","340","67","73.2","11.4","83.3","16.3","67.1","13.4","7.1","6.6","13.4","15.1","3.2","5.2","19.9","16.4","25.8","26.3","16.7","12.8","10.2","8.7","14.9","14.2","3.8","4.4","3.8","2.9","5.0","5.2","3.1","3.6","2.3","2.6","1.9","3.0","2.7","4.1","43384","11454","51119","8994","36393","11473","7188","7305","7140","22892","7264","10333","32560","13754","31342","15145","42159","25721","38795","10338","51738","14603","31853","5720","67073","13662","69808","15526","65435","34073","89348","18956","110000","44110","88191","11746","5.4","(X)","(X)","(X)","(X)","(X)",
"1400000US06111007800","Census Tract 78, Ventura County, California","438","138","152","84","286","101","34.5","19.6","26.3","27.9","38.8","18.9","28.3","15.5","38.8","33.5","22.7","20.1","31.3","14.2","34.9","27.6","29.4","22.5","5.9","6.0","0.0","21.6","9.1","8.9","2452","291","1233","237","1219","146","9.6","4.9","7.7","4.8","11.6","6.6","10.4","4.8","7.8","6.0","13.0","6.5","31.1","9.9","33.4","12.0","28.7","10.1","21.9","4.7","21.8","7.8","21.9","7.9","7.4","3.6","9.7","5.4","5.2","5.0","14.8","5.6","15.9","7.0","13.8","6.2","4.8","2.4","3.7","3.0","5.9","3.5","80.0","6.6","84.5","7.8","75.5","8.0","19.7","6.3","19.6","7.5","19.7","7.1","661","172","304","131","357","108","79.6","11.9","82.9","16.4","76.8","18.3","30.7","15.1","32.9","19.3","28.9","17.9","723","188","354","112","369","104","75.4","12.5","87.0","10.5","64.2","17.2","16.7","8.2","17.8","12.4","15.7","9.5","766","182","443","122","323","96","87.3","8.0","87.6","9.8","87.0","10.3","14.4","8.8","15.6","11.2","12.7","11.4","302","57","132","72","170","76","73.5","17.0","71.2","32.6","75.3","19.5","15.9","17.5","7.6","16.6","22.4","22.1","36.5","16.9","25.7","24.5","43.5","19.3","6.0","6.2","3.6","6.0","8.9","8.1","4.3","3.9","3.9","4.8","4.8","5.8","4.1","6.4","8.3","12.4","0.0","14.4","27435","7253","35688","14423","25000","7555","17782","8710","23250","7057","13008","7529","25203","11758","18443","11663","28704","11639","33750","11840","41042","29063","30000","11682","52109","29620","51667","56114","60125","72486","74375","44453","136563","52495","55893","36220","4.9","(X)","(X)","(X)","(X)","(X)",
"1400000US06111007901","Census Tract 79.01, Ventura County, California","778","212","482","197","296","96","33.8","17.1","30.5","21.1","39.2","19.6","23.4","12.4","22.0","15.1","25.7","19.0","34.4","12.7","39.4","16.5","26.4","17.3","8.4","6.2","8.1","7.7","8.8","11.0","3418","228","1632","185","1786","147","11.2","4.3","11.4","5.2","11.0","4.5","7.0","3.2","8.1","4.6","6.0","3.1","24.8","5.1","18.1","5.3","31.0","7.6","28.8","5.9","31.2","7.7","26.7","6.7","11.7","4.2","14.5","6.8","9.1","3.9","11.3","3.0","11.5","5.1","11.1","4.4","5.1","2.8","5.2","3.1","5.0","3.2","81.8","4.7","80.5","5.8","83.0","5.4","16.4","4.2","16.7","5.8","16.2","5.7","963","182","513","122","450","106","92.6","5.1","88.3","7.7","97.6","4.1","15.6","7.5","11.1","8.4","20.7","10.3","769","170","379","132","390","86","88.8","6.7","88.1","9.3","89.5","8.2","12.1","7.8","11.3","8.7","12.8","11.5","1314","151","586","91","728","98","74.6","9.2","72.9","10.8","76.0","9.9","19.9","7.9","22.0","11.1","18.1","10.3","372","96","154","40","218","86","64.5","15.3","64.3","24.2","64.7","20.6","15.3","10.5","27.9","20.2","6.4","8.4","4.5","4.3","7.2","7.5","1.6","4.0","6.5","4.4","0.0","11.9","9.9","6.7","0.0","2.7","0.0","4.9","0.0","5.7","0.0","6.6","0.0","13.4","0.0","12.2","39324","4621","48464","9647","33990","3711","24926","5640","25904","5009","16989","8122","31029","3537","30598","3307","31474","5366","46136","11767","53272","8937","37465","5126","76293","9868","82667","9767","58906","31742","76771","12405","100573","30398","63289","20808","3.0","(X)","(X)","(X)","(X)","(X)",
"1400000US06111007903","Census Tract 79.03, Ventura County, California","328","139","154","81","174","90","3.7","4.7","3.2","6.2","4.0","6.6","51.2","16.8","44.2","23.9","57.5","22.0","41.5","16.9","52.6","24.8","31.6","20.3","3.7","6.1","0.0","21.4","6.9","11.2","3130","185","1543","157","1587","104","2.8","1.7","5.0","3.4","0.6","1.0","2.0","1.8","0.7","1.1","3.2","3.4","19.0","4.3","14.8","5.3","23.1","6.8","23.6","4.1","23.4","6.0","23.8","6.3","10.4","3.0","12.4","4.2","8.4","4.3","31.8","5.3","34.2","7.6","29.6","6.7","10.4","3.6","9.5","3.6","11.3","5.5","95.2","2.5","94.3","3.6","96.2","3.8","42.3","5.6","43.7","8.2","40.9","7.2","589","168","305","118","284","111","94.7","7.9","100.0","11.6","89.1","15.9","27.3","13.1","21.6","15.3","33.5","17.5","817","124","370","78","447","73","97.4","3.3","94.3","7.2","100.0","8.0","61.9","12.5","58.9","17.0","64.4","14.0","1361","123","704","93","657","55","95.0","4.0","90.8","7.5","99.5","1.1","43.1","7.3","50.0","11.8","35.6","11.3","363","83","164","48","199","57","92.0","6.5","98.8","3.2","86.4","11.8","19.3","9.3","23.2","16.0","16.1","14.6","9.5","11.8","4.7","10.7","16.4","24.3","8.3","8.4","0.0","15.1","13.5","12.9","3.0","3.0","5.8","5.8","0.0","7.1","2.8","2.3","0.0","5.4","5.7","4.8","60839","6415","63514","14730","50588","21862","39435","25772","53889","39236","38629","687","38136","8392","38882","11116","35139","14425","55625","11783","60313","7903","41886","9196","81307","7349","81886","10342","78333","19065","82717","20129","97250","27627","66818","18156","2.9","(X)","(X)","(X)","(X)","(X)",
"1400000US06111007904","Census Tract 79.04, Ventura County, California","521","146","278","119","243","104","21.7","12.8","40.6","20.6","0.0","14.3","23.8","14.5","20.5","13.3","27.6","25.2","49.3","14.6","33.8","17.8","67.1","25.8","5.2","5.7","5.0","8.6","5.3","8.1","4140","275","1982","216","2158","193","4.3","1.8","5.7","3.2","3.2","2.2","9.2","3.9","5.7","3.0","12.4","5.5","18.2","5.0","18.9","6.4","17.6","5.6","31.8","5.2","34.5","6.7","29.4","7.2","11.9","3.6","14.5","5.0","9.5","4.1","17.2","4.0","16.8","5.4","17.6","5.2","7.4","2.7","4.0","2.0","10.5","4.4","86.5","5.1","88.7","5.4","84.4","5.5","24.6","4.8","20.8","5.5","28.0","6.3","926","225","484","194","442","139","80.8","13.2","81.4","15.3","80.1","13.3","15.6","10.4","9.3","8.2","22.4","16.8","845","150","446","85","399","96","83.6","6.9","86.3","7.8","80.5","13.2","24.0","10.2","21.5","12.1","26.8","14.7","1735","197","780","113","955","117","91.9","7.0","92.2","7.5","91.7","7.2","30.1","6.7","26.3","9.2","33.2","9.3","634","75","272","69","362","65","83.8","9.7","95.6","7.0","74.9","14.7","23.3","9.7","24.3","14.1","22.7","10.8","16.3","13.3","13.9","15.3","17.9","13.3","2.1","3.0","4.3","6.1","0.0","9.4","3.4","2.8","3.2","3.9","3.7","3.8","3.5","3.9","3.2","4.5","3.8","3.9","42599","3768","48912","9419","34005","11499","22152","9416","24313","12569","20906","11280","40417","11147","44879","6810","21146","15711","43445","10852","59432","12014","27250","13062","50799","10613","68875","42321","47267","7735","54732","35678","48750","99382","60588","29943","4.3","(X)","(X)","(X)","(X)","(X)",
"1400000US06111008001","Census Tract 80.01, Ventura County, California","396","167","180","100","216","106","22.7","13.3","16.7","14.8","27.8","19.2","37.9","12.2","37.2","18.3","38.4","15.7","36.1","13.7","46.1","18.3","27.8","15.7","3.3","4.6","0.0","18.7","6.0","7.5","2083","212","1042","140","1041","137","4.2","3.1","6.2","5.1","2.1","2.1","13.5","5.1","18.2","7.4","8.7","4.2","30.4","8.3","27.0","12.6","33.8","8.0","22.1","6.3","20.5","6.6","23.7","9.8","8.7","3.6","7.0","4.5","10.5","5.6","12.6","4.2","11.5","4.8","13.7","6.3","8.4","3.5","9.5","5.1","7.4","4.7","82.3","4.9","75.5","8.4","89.1","4.1","21.1","5.3","21.0","5.4","21.1","8.6","426","145","207","85","219","103","93.2","6.7","96.1","6.8","90.4","15.1","23.7","12.9","12.6","16.6","34.2","21.3","455","93","200","65","255","58","90.5","7.2","86.5","12.3","93.7","7.1","24.0","12.1","31.0","16.3","18.4","13.8","914","121","506","108","408","67","70.6","11.4","61.3","15.4","82.1","9.5","19.7","7.5","18.8","8.7","20.8","9.5","288","63","129","39","159","53","90.6","8.6","81.4","18.4","98.1","4.1","17.0","12.5","27.9","19.9","8.2","11.5","0.5","1.2","0.0","13.6","1.8","3.8","20.4","8.9","15.7","12.0","24.1","11.6","11.2","9.0","9.4","10.1","12.6","13.6","3.6","6.1","0.0","15.7","7.3","11.7","45096","8582","53767","6766","34844","17105","33043","3070","34049","10350","19188","6567","42862","14627","53393","35969","36786","15161","50216","18510","65167","11268","25893","25960","48750","24486","47794","29329","63125","34165","99792","45099","111250","42099","38523","68442","3.3","(X)","(X)","(X)","(X)","(X)",
"1400000US06111008002","Census Tract 80.02, Ventura County, California","613","147","319","114","294","122","24.8","15.1","9.1","10.5","41.8","23.0","40.0","15.4","59.2","20.3","19.0","14.9","33.9","14.4","29.2","20.0","39.1","17.9","1.3","2.0","2.5","3.8","0.0","12.0","3021","232","1495","155","1526","137","6.4","3.9","7.6","5.5","5.2","5.2","7.4","2.8","8.1","4.6","6.7","3.5","24.9","4.6","18.4","6.1","31.3","6.1","32.1","5.7","30.2","6.4","34.0","8.3","8.2","3.6","8.0","5.4","8.4","4.0","14.4","3.6","16.9","6.7","12.0","5.5","6.6","3.0","10.9","5.3","2.4","2.4","86.2","4.8","84.3","6.4","88.1","5.9","21.0","4.3","27.8","7.0","14.4","5.9","776","228","476","136","300","118","81.1","11.0","71.4","16.0","96.3","5.8","17.1","7.2","9.0","9.6","30.0","16.3","724","199","337","115","387","113","88.5","9.3","90.5","9.3","86.8","12.6","21.1","8.1","43.0","16.4","2.1","4.0","1132","143","551","100","581","79","87.7","6.5","88.9","8.4","86.6","9.7","26.5","9.1","32.3","13.3","21.0","9.8","389","70","131","45","258","53","87.9","9.5","96.2","7.4","83.7","13.1","12.6","9.8","37.4","26.4","0.0","13.5","27.4","13.9","22.4","23.4","33.9","22.3","10.5","6.7","17.1","12.9","6.5","7.2","9.1","5.6","7.5","6.9","10.5","8.0","0.3","0.7","0.0","8.8","0.9","2.1","38418","4696","47298","6702","30123","8108","21152","5718","30714","16054","2,500-","***","28250","18357","37852","12660","14496","11871","42821","12324","48904","6902","35074","11243","46875","11259","50347","10842","44438","23258","103281","41670","122083","49366","43194","44654","7.7","(X)","(X)","(X)","(X)","(X)",
"1400000US06111008004","Census Tract 80.04, Ventura County, California","519","137","221","83","298","87","9.4","6.7","14.5","12.8","5.7","6.4","52.6","16.9","60.2","19.5","47.0","24.8","36.6","15.1","25.3","17.4","45.0","23.3","1.3","2.5","0.0","15.6","2.3","4.6","3081","274","1450","149","1631","170","12.1","5.1","12.3","6.3","12.0","5.3","9.0","3.0","8.6","4.2","9.3","4.0","27.5","5.2","27.0","7.5","27.9","6.4","21.6","5.0","23.2","6.8","20.1","6.1","9.1","3.2","10.1","4.0","8.2","4.3","14.7","4.7","11.9","5.3","17.2","5.5","6.2","3.0","7.0","4.3","5.4","3.0","78.9","5.5","79.1","7.3","78.8","5.5","20.9","5.4","18.9","6.6","22.6","6.1","505","158","269","99","236","103","86.7","8.8","82.2","16.0","91.9","8.5","24.0","12.7","15.6","11.8","33.5","18.5","754","130","330","83","424","98","72.9","12.9","59.1","17.5","83.7","11.9","18.8","8.2","7.9","6.7","27.4","12.4","1307","150","669","88","638","80","79.1","7.8","85.4","8.2","72.6","10.1","21.7","8.9","22.7","10.7","20.7","10.2","515","147","182","61","333","117","79.6","10.5","87.9","12.3","75.1","16.4","18.6","9.9","29.7","16.4","12.6","10.1","4.6","6.1","7.3","12.3","2.3","3.3","5.1","4.3","3.3","4.1","6.6","7.3","3.7","4.9","0.8","1.9","6.7","9.2","9.0","7.5","18.2","15.7","2.2","4.2","37975","6937","43720","10368","32321","9462","19422","5488","24306","7133","15202","12589","36290","10223","38125","13978","32155","15088","46333","6455","52470","8790","36484","8799","54189","22508","100517","38308","41833","18758","56842","13492","50500","96503","58333","13526","2.1","(X)","(X)","(X)","(X)","(X)",
"1400000US06111008005","Census Tract 80.05, Ventura County, California","360","71","231","97","129","66","17.5","12.8","27.3","20.2","0.0","24.8","39.2","23.6","53.7","30.4","13.2","17.6","40.8","19.2","15.2","16.5","86.8","17.6","2.5","4.5","3.9","7.4","0.0","24.8","1797","195","988","174","809","100","4.1","3.9","1.9","2.7","6.8","6.5","15.7","8.3","18.6","11.0","12.1","6.9","24.5","8.3","24.9","10.1","24.0","9.6","30.7","7.2","32.8","9.6","28.1","9.4","10.2","6.1","5.9","4.7","15.6","10.7","9.7","4.8","10.8","7.4","8.3","6.0","5.1","2.7","5.1","4.1","5.2","4.3","80.2","9.2","79.5","10.8","81.1","11.5","14.8","5.6","15.9","8.8","13.5","7.8","355","119","201","87","154","68","70.1","24.5","66.2","25.7","75.3","24.8","13.0","11.3","14.4","17.6","11.0","17.2","521","131","327","105","194","59","76.4","13.7","73.4","18.3","81.4","19.8","16.3","9.6","14.1","11.4","20.1","16.6","691","96","348","85","343","50","86.0","9.6","92.2","9.5","79.6","14.4","15.9","9.7","18.1","14.7","13.7","10.2","230","64","112","47","118","46","87.0","11.0","81.3","19.7","92.4","11.3","10.9","11.2","17.0","18.2","5.1","11.0","1.4","3.1","0.0","16.8","3.3","7.4","6.6","6.6","8.5","10.0","4.1","7.1","6.9","5.6","10.7","9.7","2.8","4.3","0.0","13.1","0.0","21.1","0.0","28.4","35397","3445","35525","9319","35214","4184","29728","14772","22222","16309","34871","2130","28005","9254","21382","5313","32798","8194","40714","20786","40179","18923","52610","53456","43188","12541","43375","10157","22337","106473","78281","32951","56250","41259","79219","41215","5.6","(X)","(X)","(X)","(X)","(X)",
"1400000US06111008101","Census Tract 81.01, Ventura County, California","209","92","121","69","88","59","5.7","8.9","9.9","16.2","0.0","33.2","48.8","20.6","51.2","29.8","45.5","26.0","38.8","20.3","38.8","28.0","38.6","27.0","6.7","10.5","0.0","26.1","15.9","23.6","2123","144","977","107","1146","105","2.2","2.4","0.0","3.8","4.0","4.5","7.8","3.4","7.8","5.6","7.9","4.5","23.7","6.1","20.2","7.7","26.8","6.8","39.5","6.5","42.6","9.2","36.9","8.8","7.7","3.6","5.5","4.6","9.6","5.7","13.3","4.4","16.3","6.7","10.8","5.4","5.7","2.6","7.7","5.0","4.0","3.1","90.0","3.8","92.2","5.6","88.1","5.6","19.0","4.8","24.0","8.1","14.8","6.2","384","134","224","94","160","75","85.9","11.2","82.1","19.1","91.3","15.4","6.3","7.5","3.6","5.9","10.0","15.6","560","103","264","64","296","63","95.2","5.9","95.1","8.9","95.3","7.0","25.2","11.1","27.3","18.2","23.3","17.2","891","136","347","83","544","84","92.5","5.1","97.1","4.2","89.5","7.2","20.7","7.4","31.1","13.9","14.0","7.5","288","96","142","63","146","57","77.8","16.6","90.8","18.3","65.1","25.2","19.1","14.3","32.4","22.7","6.2","10.1","0.0","17.1","0.0","40.1","0.0","23.8","2.4","3.7","0.0","17.3","3.9","6.0","1.4","2.0","3.0","4.2","0.0","6.8","3.0","4.5","0.0","14.8","7.1","10.1","44215","4143","54167","13489","39083","6944","40375","67274","71442","58418","11944","11846","37188","7918","36133","3973","43267","18268","44500","6599","48750","14008","36371","9483","62708","20554","65792","16255","39567","6342","99583","71237","122981","54525","56667","60909","2.0","(X)","(X)","(X)","(X)","(X)",
"1400000US06111008201","Census Tract 82.01, Ventura County, California","238","103","108","75","130","74","20.6","16.8","17.6","18.5","23.1","27.3","46.2","20.5","82.4","18.5","16.2","22.4","33.2","20.2","0.0","28.6","60.8","30.7","0.0","14.5","0.0","28.6","0.0","24.7","2693","315","1372","180","1321","178","6.2","5.9","4.7","5.9","7.6","6.2","5.7","2.8","3.0","2.7","8.5","5.0","25.3","4.8","28.3","6.8","22.2","7.3","26.5","6.0","25.9","9.2","27.0","7.3","9.9","4.6","10.8","7.1","8.9","4.0","19.8","6.9","20.1","8.5","19.5","7.6","6.7","2.8","7.1","3.0","6.3","3.6","88.2","5.6","92.3","6.5","83.9","6.0","26.5","7.2","27.3","8.1","25.7","8.1","633","359","318","194","315","178","79.3","17.6","78.6","18.4","80.0","17.4","13.0","9.8","6.0","7.8","20.0","15.0","625","155","334","97","291","99","91.7","6.7","94.3","7.0","88.7","10.3","51.5","11.1","58.4","13.9","43.6","16.6","980","107","512","62","468","80","94.1","4.2","96.3","4.4","91.7","7.7","22.8","13.4","25.0","13.4","20.3","15.3","455","79","208","60","247","61","82.9","10.7","100.0","16.4","68.4","17.8","19.1","13.3","15.4","15.4","22.3","14.6","17.6","20.1","8.5","15.5","22.1","22.7","1.9","2.4","2.3","3.7","1.4","2.7","9.9","6.8","5.6","6.6","14.5","8.6","2.8","4.1","0.0","9.5","5.9","8.4","40201","7584","39006","8323","41758","12064","18486","6960","17205","20909","18798","2113","37109","9297","36458","8827","45324","23805","39098","6618","38235","7635","40417","18371","56532","6686","56548","12603","56525","13798","97891","92165","160500","113660","62788","104063","4.9","(X)","(X)","(X)","(X)","(X)",
"1400000US06111008202","Census Tract 82.02, Ventura County, California","422","145","179","103","243","92","6.9","7.7","6.1","10.8","7.4","7.0","35.3","14.2","20.7","14.3","46.1","19.7","45.0","14.8","56.4","23.9","36.6","18.1","12.8","10.6","16.8","20.4","9.9","10.8","2834","200","1419","168","1415","160","2.1","1.3","2.4","2.0","1.8","1.4","3.3","2.2","3.1","2.7","3.5","2.8","23.3","5.4","17.5","6.6","29.2","7.1","30.5","6.7","31.8","9.3","29.3","7.3","5.5","2.4","5.7","3.2","5.4","2.7","27.1","6.7","32.6","9.7","21.5","6.1","8.2","3.4","6.9","4.7","9.4","5.2","94.6","2.3","94.5","3.0","94.7","2.9","35.2","8.1","39.5","11.7","30.9","7.8","778","199","378","150","400","132","97.7","2.3","95.2","5.0","100.0","8.9","46.3","19.2","54.2","23.4","38.8","19.5","570","134","309","83","261","77","94.7","4.7","97.4","4.6","91.6","8.5","36.1","16.3","37.5","19.4","34.5","17.6","1137","150","544","108","593","78","93.1","4.2","93.0","5.6","93.3","4.8","31.6","10.0","38.1","15.1","25.6","11.4","349","86","188","54","161","57","92.3","7.4","92.6","8.3","91.9","12.8","20.9","13.2","17.6","15.5","24.8","19.5","7.2","9.9","7.7","13.2","6.7","14.4","13.6","9.3","0.0","14.0","21.8","14.3","11.2","6.7","16.4","11.2","5.5","5.4","3.1","4.0","2.3","3.6","4.1","5.1","41620","3968","44310","8076","33470","6264","27768","12520","26667","8713","36458","23259","43389","12524","51619","16684","32575","5543","42739","8096","44828","10445","31685","19022","41477","10256","41591","7755","27375","60004","42241","23444","27361","161420","42284","21413","3.6","(X)","(X)","(X)","(X)","(X)",
"1400000US06111008302","Census Tract 83.02, Ventura County, California","400","97","225","89","175","66","28.0","16.0","28.9","22.8","26.9","21.5","31.3","19.0","39.1","30.6","21.1","17.7","37.5","16.7","32.0","22.7","44.6","20.1","3.3","4.9","0.0","15.3","7.4","10.5","3573","171","1672","138","1901","91","6.6","3.3","6.0","3.5","7.1","3.9","4.5","2.3","4.1","3.0","4.8","3.4","23.4","4.3","22.0","6.1","24.6","5.2","27.3","5.5","28.1","6.7","26.5","6.6","12.8","3.8","13.6","5.3","12.0","4.3","20.1","3.8","20.1","5.4","20.1","5.6","5.4","2.2","6.0","2.9","4.9","3.0","88.9","3.8","89.8","4.5","88.1","4.5","25.5","4.1","26.1","5.7","25.0","6.0","476","167","250","101","226","104","85.1","10.4","94.0","9.0","75.2","18.4","24.2","14.8","22.8","18.2","25.7","18.8","935","158","477","101","458","89","83.6","9.3","80.3","12.4","87.1","12.9","26.8","10.2","22.9","11.4","31.0","17.1","1402","134","652","83","750","86","95.2","3.5","94.6","4.3","95.7","3.8","33.5","7.0","31.0","10.0","35.6","10.2","760","87","293","69","467","68","86.2","7.9","91.1","8.8","83.1","9.2","10.0","5.3","23.2","13.5","1.7","2.8","2.5","3.8","0.0","19.7","4.4","6.6","9.8","6.9","2.4","4.2","15.6","11.2","6.1","4.2","6.4","6.3","5.9","5.1","3.8","3.8","4.1","6.6","3.6","4.0","42177","8139","51731","7419","36361","9427","24010","5072","30481","15053","14415","7910","33516","13563","39737","15051","21484","10456","41250","6723","52981","8268","27264","10453","62321","9829","63949","3144","51761","12319","78472","32610","77778","71362","90625","40555","1.8","(X)","(X)","(X)","(X)","(X)",
"1400000US06111008303","Census Tract 83.03, Ventura County, California","435","148","182","104","253","99","18.4","16.0","44.0","34.1","0.0","13.7","29.4","19.2","9.3","15.3","43.9","29.0","47.4","18.6","46.7","32.7","47.8","25.1","4.8","6.7","0.0","18.5","8.3","11.8","3057","307","1392","203","1665","200","5.7","3.8","3.5","4.0","7.4","4.5","8.8","4.8","10.6","5.9","7.3","4.8","24.5","4.7","23.8","7.3","25.1","7.0","20.7","4.9","19.0","6.6","22.2","6.8","10.5","3.9","5.7","3.6","14.5","6.1","18.5","4.4","26.1","7.7","12.2","5.2","11.3","4.7","11.4","8.6","11.3","4.1","85.5","6.3","85.9","6.6","85.2","7.3","29.8","6.6","37.4","10.0","23.5","6.1","669","214","300","140","369","129","87.1","10.6","100.0","11.7","76.7","18.3","32.7","17.0","31.7","20.3","33.6","19.3","625","190","313","124","312","94","84.6","11.5","72.5","20.4","96.8","4.7","26.2","9.9","31.0","18.5","21.5","13.6","1214","206","580","151","634","97","90.3","9.0","87.9","11.5","92.4","8.0","38.6","12.7","49.1","18.2","29.0","10.8","549","119","199","55","350","108","74.1","12.5","79.9","14.5","70.9","18.2","10.9","7.0","22.1","17.0","4.6","6.5","13.1","14.9","25.5","30.1","2.6","7.2","15.6","11.4","9.9","9.5","20.2","15.8","5.3","6.4","0.0","10.6","8.3","9.5","6.1","7.4","10.6","12.4","0.0","9.3","36667","6667","44362","7475","29444","6465","15919","8198","15441","21151","20451","9738","30795","13885","43750","15472","27074","4192","33382","11041","33472","12715","33281","15632","54028","13974","70726","15443","37917","7599","63750","13015","63942","51325","62292","27501","1.3","(X)","(X)","(X)","(X)","(X)",
"1400000US06111008304","Census Tract 83.04, Ventura County, California","391","156","226","141","165","81","8.2","9.0","14.2","17.6","0.0","20.2","17.9","13.9","16.4","20.0","20.0","20.0","71.4","18.5","65.0","31.4","80.0","20.0","2.6","5.0","4.4","9.7","0.0","20.2","3774","206","1846","147","1928","139","3.2","1.8","1.7","1.9","4.7","2.5","7.5","3.9","7.3","4.4","7.6","4.3","24.8","4.8","25.4","5.6","24.3","6.3","30.9","6.0","33.3","7.9","28.6","8.2","9.6","3.6","10.5","5.4","8.8","4.0","18.1","4.5","14.8","6.2","21.3","6.1","5.9","2.3","7.2","4.2","4.7","2.3","89.3","4.2","91.0","4.7","87.7","5.0","24.0","5.5","21.9","7.6","25.9","6.8","725","170","319","95","406","117","84.8","9.2","93.4","9.8","78.1","13.3","29.8","11.8","30.4","16.2","29.3","18.0","964","160","579","153","385","92","96.6","3.8","94.3","7.1","100.0","9.3","27.2","12.3","19.3","12.7","39.0","16.9","1571","156","716","85","855","108","92.9","5.0","93.9","5.3","92.0","6.0","20.0","6.5","16.1","7.9","23.3","8.6","514","153","232","101","282","86","71.0","20.1","70.7","22.4","71.3","22.0","22.0","11.8","34.9","22.3","11.3","9.8","22.3","16.6","0.0","20.1","37.8","24.4","1.8","2.9","3.6","5.7","0.0","7.7","0.8","1.3","0.0","4.5","1.7","2.8","0.0","4.1","0.0","8.8","0.0","7.2","56952","6090","66102","7631","49394","10740","28646","17844","55714","28528","2,500-","***","37616","9399","35833","5376","41200","37263","60898","7740","74464","13594","49688","9321","56786","8078","67206","29997","55581","23243","85469","19654","89167","34457","71042","15934","3.2","(X)","(X)","(X)","(X)","(X)",
"1400000US06111008305","Census Tract 83.05, Ventura County, California","329","148","202","128","127","70","2.4","3.7","0.0","16.9","6.3","12.1","15.8","13.9","11.4","11.9","22.8","28.3","62.9","18.8","73.8","20.5","45.7","34.9","18.8","16.0","14.9","17.4","25.2","31.2","2408","192","1086","126","1322","144","2.6","2.4","0.0","3.4","4.8","4.4","2.3","1.9","4.5","4.0","0.5","0.8","16.6","5.2","12.2","6.6","20.3","7.1","21.1","5.5","25.1","7.3","17.7","6.6","10.3","5.3","10.4","5.5","10.3","8.4","32.9","5.9","34.1","8.1","31.9","8.5","14.2","5.3","13.7","6.0","14.6","7.1","95.1","3.5","95.5","4.0","94.8","4.3","47.1","6.8","47.8","8.1","46.5","9.5","231","110","104","55","127","83","96.5","6.1","100.0","29.4","93.7","12.2","66.2","22.1","69.2","25.5","63.8","28.1","614","123","257","70","357","77","93.6","8.0","97.3","4.7","91.0","13.1","58.6","13.0","60.3","20.6","57.4","17.4","1259","154","574","94","685","128","97.7","2.6","100.0","6.3","95.8","4.8","42.9","9.1","40.2","11.1","45.1","15.4","304","120","151","62","153","69","86.2","11.6","72.2","23.2","100.0","21.5","26.6","13.2","40.4","22.5","13.1","12.8","6.8","12.1","0.0","45.5","11.6","22.5","0.0","8.9","0.0","24.4","0.0","13.0","0.0","4.8","0.0","9.3","0.0","9.6","0.0","3.2","0.0","7.0","0.0","5.9","78333","12000","101354","19542","60278","18101","-","**","-","**","-","**","89181","35062","91198","44006","87614","124552","77832","26059","94375","38108","63421","36842","67589","17910","110208","63482","60556","22824","105714","72681","187917","88582","42188","51711","4.3","(X)","(X)","(X)","(X)","(X)",
"1400000US06111008306","Census Tract 83.06, Ventura County, California","358","111","124","79","234","112","15.9","14.5","16.1","18.1","15.8","21.0","26.5","14.4","22.6","24.4","28.6","16.3","31.6","16.8","61.3","22.7","15.8","14.5","26.0","14.9","0.0","25.6","39.7","18.2","2611","166","1280","158","1331","107","1.8","1.5","0.0","2.9","3.6","3.1","4.8","3.9","3.8","3.8","5.8","5.1","23.3","6.1","20.5","7.9","26.0","7.8","28.0","6.0","28.8","8.8","27.3","7.6","12.8","4.0","15.5","6.6","10.1","4.5","17.9","4.2","17.4","5.8","18.4","5.2","11.4","3.7","14.1","5.1","8.9","4.2","93.4","4.4","96.3","3.8","90.6","6.0","29.3","5.0","31.5","6.6","27.3","6.2","760","195","401","139","359","103","90.5","10.4","93.8","9.7","86.9","12.7","40.1","12.6","38.4","12.9","42.1","17.5","519","117","243","91","276","93","91.5","9.9","94.2","9.4","89.1","15.6","22.0","11.6","27.6","19.3","17.0","11.7","1032","82","493","68","539","50","97.7","2.9","98.2","3.0","97.2","3.2","29.9","7.2","29.2","10.7","30.6","8.9","300","44","143","41","157","35","89.0","11.3","100.0","22.8","79.0","20.2","12.7","12.6","26.6","25.2","0.0","21.1","4.6","8.1","0.0","46.0","6.4","11.1","5.9","7.4","0.0","13.3","10.4","12.5","2.4","2.2","1.2","1.9","3.8","4.4","4.3","5.2","2.0","3.0","6.9","10.2","47761","4773","58828","10517","32560","8123","19100","3340","18050","20826","20875","4268","27469","12158","48750","25507","18393","12057","47281","5230","60278","19240","39292","10259","67714","13037","74076","9429","36875","23730","71429","16313","74773","72946","66786","15915","1.5","(X)","(X)","(X)","(X)","(X)",
"1400000US06111008401","Census Tract 84.01, Ventura County, California","403","135","238","106","165","83","19.6","14.6","16.4","17.5","24.2","23.5","34.5","18.0","29.8","22.6","41.2","29.2","42.9","20.3","53.8","27.1","27.3","26.4","3.0","4.7","0.0","14.5","7.3","11.7","3587","219","1826","171","1761","122","4.2","3.3","3.1","3.4","5.3","3.5","4.6","2.5","6.1","4.2","3.0","2.3","31.9","6.8","37.0","9.5","26.7","6.9","23.7","6.0","20.6","7.2","26.8","8.6","9.9","2.8","5.4","2.7","14.6","5.0","20.6","4.7","22.0","6.4","19.1","6.4","5.2","1.8","5.8","3.5","4.5","2.4","91.3","4.5","90.9","5.9","91.7","4.0","25.7","5.0","27.8","6.7","23.6","5.9","709","234","441","161","268","130","89.8","10.3","83.7","15.4","100.0","13.0","24.1","14.7","12.2","10.2","43.7","25.4","804","174","358","136","446","114","90.4","9.0","93.3","8.8","88.1","12.6","24.4","11.9","20.7","16.4","27.4","15.5","1368","105","709","72","659","79","95.3","3.2","93.5","5.6","97.3","4.5","26.6","8.2","31.6","10.6","21.2","9.5","706","113","318","90","388","68","85.8","6.5","92.1","8.8","80.7","8.1","27.2","8.1","48.7","15.6","9.5","5.1","54.3","26.0","43.1","28.4","67.1","27.8","4.0","4.4","6.8","7.5","0.0","7.7","6.5","5.9","5.3","7.8","7.3","7.7","2.7","3.2","3.2","5.0","2.2","3.4","43758","5391","44009","9911","43289","13572","21094","1001","21250","959","-","**","42773","10947","44297","11245","20774","15214","37244","13905","36538","10505","46250","35399","73674","20322","89881","20125","64356","12584","103500","61886","65313","79956","104667","30469","2.8","(X)","(X)","(X)","(X)","(X)",
"1400000US06111008402","Census Tract 84.02, Ventura County, California","372","104","160","70","212","89","6.7","6.6","4.4","7.5","8.5","10.2","21.8","13.1","25.0","25.1","19.3","17.2","58.9","16.4","56.9","29.0","60.4","22.7","12.6","8.2","13.8","15.2","11.8","11.2","3457","271","1649","160","1808","162","0.7","0.9","0.7","1.2","0.7","0.9","2.7","1.5","3.8","2.4","1.8","1.5","25.7","5.7","24.0","7.3","27.3","7.0","27.4","4.3","30.0","6.1","25.0","6.5","9.3","2.8","8.3","3.8","10.2","3.8","27.1","6.2","27.2","7.6","27.1","7.3","7.0","2.6","6.0","3.5","8.0","3.5","96.6","1.6","95.5","2.5","97.6","1.8","34.2","6.7","33.2","8.7","35.1","7.7","592","154","218","97","374","115","98.0","3.2","94.5","8.6","100.0","9.5","39.0","15.5","47.2","22.6","34.2","17.4","851","136","423","114","428","88","97.1","3.1","96.2","5.6","97.9","3.0","33.7","11.1","20.3","12.9","47.0","14.1","1518","149","769","90","749","98","95.3","2.9","93.9","4.2","96.7","3.3","31.7","8.3","31.7","10.9","31.6","10.6","496","75","239","54","257","65","98.0","3.4","100.0","14.5","96.1","6.6","36.7","11.3","47.7","14.3","26.5","16.9","14.3","19.4","10.7","17.6","20.5","26.8","3.0","3.2","0.0","9.1","5.5","5.7","1.6","2.0","0.0","5.8","3.1","4.0","1.9","3.1","2.2","3.7","1.6","2.5","50795","11833","59833","13245","41777","7074","38250","50711","38250","50711","-","**","29405","8043","27955","15224","30714","13714","43438","7874","59605","10980","31855","6946","83458","14506","88576","19372","80909","27984","135081","113280","135852","62674","78375","91299","2.9","(X)","(X)","(X)","(X)","(X)",
"1400000US06111008500","Census Tract 85, Ventura County, California","690","147","373","131","317","134","10.1","10.9","0.0","9.6","22.1","20.7","13.8","9.2","20.4","14.2","6.0","10.0","56.8","13.8","52.3","19.2","62.1","20.9","19.3","9.9","27.3","15.0","9.8","11.2","5718","314","2711","196","3007","212","1.9","1.3","2.1","2.2","1.7","1.4","3.8","1.7","4.2","2.5","3.4","2.0","19.3","3.7","21.5","5.2","17.4","4.8","29.9","4.7","26.1","6.4","33.4","5.9","10.0","2.7","8.4","3.3","11.4","3.7","25.2","4.2","28.6","5.8","22.2","5.4","9.9","2.7","9.2","4.0","10.5","3.6","94.3","2.0","93.7","3.1","94.9","2.3","35.1","4.7","37.8","6.1","32.7","5.9","1008","257","384","118","624","181","90.8","6.3","86.5","12.7","93.4","7.0","39.7","15.5","38.5","22.1","40.4","15.2","1020","198","502","119","518","127","96.9","3.1","97.4","4.3","96.3","4.4","31.1","9.4","23.5","11.7","38.4","13.1","2790","188","1378","134","1412","122","96.4","2.5","95.2","3.8","97.6","2.5","34.8","6.3","41.0","8.7","28.7","8.0","900","113","447","86","453","77","89.0","6.0","91.3","8.2","86.8","8.1","35.7","14.6","43.2","17.4","28.3","15.1","8.7","10.5","16.8","20.7","0.0","21.4","5.1","5.1","2.4","3.9","8.0","10.1","4.6","2.8","6.2","4.9","3.4","3.2","3.0","1.9","2.4","2.9","3.7","3.3","56040","6557","77855","11692","44924","6543","46615","24836","61591","79979","36563","31278","44102","13170","52689","8703","32933","33723","50224","12413","68400","21593","40060","12710","75714","17917","90789","16111","48559","8803","85268","30151","126136","51645","79042","5203","1.4","(X)","(X)","(X)","(X)","(X)",
"1400000US06111008600","Census Tract 86, Ventura County, California","946","159","494","124","452","137","39.6","11.3","47.8","17.5","30.8","13.9","24.1","10.2","18.2","11.8","30.5","16.8","31.5","12.0","26.3","15.8","37.2","19.4","4.8","4.8","7.7","8.9","1.5","3.1","4379","275","2062","222","2317","168","36.9","6.1","41.5","8.2","32.8","6.5","13.0","4.5","13.5","5.8","12.5","5.4","20.3","4.1","19.0","4.9","21.4","5.6","16.9","3.7","17.0","5.0","16.9","5.1","3.4","1.9","2.2","1.9","4.5","2.6","6.1","2.6","3.6","2.9","8.4","3.2","3.3","1.3","3.2","1.9","3.5","2.3","50.1","6.0","45.0","7.8","54.7","6.7","9.5","3.0","6.8","3.9","11.9","4.1","1036","210","583","142","453","124","46.6","14.9","40.1","16.4","55.0","18.7","6.7","4.9","4.8","5.0","9.1","8.5","1333","238","714","160","619","130","46.7","12.1","45.9","13.4","47.7","16.7","11.5","7.2","7.1","7.5","16.5","10.0","1382","214","465","119","917","155","64.0","9.0","58.1","16.3","67.0","9.9","10.2","4.7","9.2","6.5","10.7","6.0","628","126","300","93","328","104","32.5","13.6","31.7","17.2","33.2","17.7","8.3","7.2","6.0","7.3","10.4","11.7","23.9","8.2","20.3","9.8","27.8","9.7","21.1","8.8","20.9","12.1","21.2","12.6","15.8","7.6","6.6","5.2","23.2","11.6","3.1","4.6","4.3","6.6","2.5","6.2","24616","5728","28000","5769","21819","2500","19161","1660","19548","3745","17875","4802","22308","9716","34700","8641","19598","4662","35833","13879","43977","10505","28683","4827","35074","8172","26650","22280","35699","5047","53750","12950","56667","50165","45815","24194","7.3","(X)","(X)","(X)","(X)","(X)",
"1400000US06111008700","Census Tract 87, Ventura County, California","527","185","282","127","245","97","31.9","13.7","46.8","19.3","14.7","12.3","30.9","12.7","35.8","18.5","25.3","20.6","32.6","14.3","17.4","14.4","50.2","23.9","4.6","6.1","0.0","12.4","9.8","12.4","3467","280","1622","207","1845","175","22.6","5.8","20.1","6.2","24.9","8.0","13.2","4.2","12.9","5.9","13.3","5.0","24.0","5.4","24.7","7.8","23.5","6.3","20.2","5.0","17.2","6.1","22.8","7.1","8.5","3.1","13.3","5.7","4.3","3.6","7.3","3.0","6.2","4.2","8.3","3.5","4.2","1.9","5.7","2.8","2.9","2.3","64.2","6.4","67.0","7.5","61.8","8.5","11.5","3.8","11.8","4.7","11.2","4.3","832","203","451","139","381","110","63.3","13.6","56.3","18.4","71.7","16.2","4.2","4.2","0.0","8.0","9.2","9.2","786","169","390","108","396","110","74.6","11.7","79.5","13.9","69.7","14.2","16.0","6.8","4.4","6.2","27.5","13.8","1242","162","556","96","686","134","62.3","8.6","71.2","11.3","55.1","12.9","11.8","5.3","21.4","9.7","3.9","3.5","607","108","225","93","382","108","55.8","17.5","56.0","21.6","55.8","22.1","15.2","13.5","24.9","22.0","9.4","9.3","19.5","10.5","20.0","12.3","19.1","13.7","6.1","5.4","3.3","5.2","8.8","9.8","9.5","6.8","4.9","4.1","14.0","12.0","6.5","5.5","0.0","17.7","12.6","11.1","24214","3423","28734","4232","16709","4688","16918","4167","25179","9528","14151","1507","26691","6562","38510","16650","19219","7840","24533","6286","25855","8710","23029","19245","47083","34424","87708","22203","36250","53046","69792","50730","105292","82506","59500","44986","5.4","(X)","(X)","(X)","(X)","(X)",
"1400000US06111008800","Census Tract 88, Ventura County, California","469","128","362","123","107","55","26.2","15.9","29.6","21.3","15.0","18.1","29.0","20.6","28.2","22.6","31.8","24.5","35.8","18.7","33.4","22.5","43.9","24.8","9.0","7.3","8.8","8.6","9.3","13.8","3225","286","1509","197","1716","175","17.4","4.3","16.0","6.2","18.6","5.6","14.2","5.9","16.3","10.4","12.3","5.2","22.3","4.5","21.5","5.7","22.9","7.0","24.3","5.2","21.9","6.2","26.5","6.5","8.0","3.3","10.5","5.8","5.8","3.4","10.3","3.3","9.1","4.1","11.3","5.2","3.6","1.9","4.7","3.6","2.6","2.0","68.4","6.1","67.7","10.2","69.1","5.9","13.9","4.4","13.8","6.0","13.9","5.3","725","206","259","120","466","133","83.7","9.1","80.3","16.2","85.6","12.2","17.2","9.0","23.6","20.4","13.7","9.9","554","120","301","83","253","100","59.0","17.7","59.5","23.2","58.5","20.5","8.8","5.0","11.3","9.1","5.9","5.2","1360","191","707","123","653","97","69.5","10.4","69.0","12.7","70.0","12.2","16.7","7.1","12.4","7.8","21.3","8.6","586","105","242","69","344","84","56.0","16.1","60.3","25.9","52.9","15.5","7.8","6.8","10.3","11.2","6.1","7.8","3.8","4.5","6.4","8.4","1.5","2.4","17.1","9.8","22.5","16.3","12.7","9.7","3.6","3.0","3.1","4.0","4.0","4.4","3.1","4.9","6.7","11.3","0.0","14.5","39109","4779","44350","2651","30697","3026","34179","11787","38917","7238","20556","18045","27083","11312","40972","22706","21920","6082","44848","3497","47137","7714","38780","8646","50357","14110","53651","4201","31172","34045","74750","33665","81964","69740","73375","26744","7.5","(X)","(X)","(X)","(X)","(X)",
"1400000US06111008900","Census Tract 89, Ventura County, California","284","106","139","76","145","82","2.5","3.9","5.0","8.6","0.0","22.5","56.0","19.1","79.9","23.5","33.1","24.4","32.0","18.6","15.1","22.4","48.3","30.2","9.5","14.8","0.0","23.3","18.6","27.1","2073","284","1013","193","1060","157","22.5","9.4","20.5","11.6","24.4","8.8","13.4","5.6","13.0","8.3","13.8","5.4","23.7","6.4","29.9","10.0","17.7","7.4","20.5","6.1","16.8","7.3","24.1","8.5","6.6","3.6","3.6","2.9","9.4","6.0","10.3","4.8","11.4","6.4","9.3","5.7","3.0","3.9","4.8","7.4","1.2","1.7","64.1","11.4","66.4","15.4","61.8","11.4","13.3","6.0","16.2","9.6","10.6","5.8","559","254","263","125","296","153","81.6","16.8","77.9","30.6","84.8","14.8","9.5","9.7","13.3","17.3","6.1","10.2","349","108","166","73","183","81","65.6","25.5","66.3","21.8","65.0","38.3","7.7","8.1","6.0","10.1","9.3","14.3","821","109","434","106","387","101","62.6","13.1","68.7","18.4","55.8","15.6","20.0","10.9","25.1","17.5","14.2","10.8","344","93","150","87","194","91","37.5","14.8","40.0","30.9","35.6","22.2","9.3","8.8","6.7","10.2","11.3","14.3","5.5","5.9","2.9","5.5","7.7","8.0","4.5","4.6","0.0","11.6","11.7","12.4","13.0","15.0","9.7","12.9","14.9","22.3","0.0","12.7","0.0","20.3","0.0","27.8","35082","6683","41202","5960","28704","11979","40417","8797","36014","12469","42292","2285","31446","7419","45877","21121","16250","17064","27083","12234","26667","38651","30116","15288","60139","56392","78281","38998","14844","15047","41577","6413","41190","432","63194","9440","10.1","(X)","(X)","(X)","(X)","(X)",
"1400000US06111009100","Census Tract 91, Ventura County, California","800","147","424","136","376","97","33.1","12.2","55.0","17.6","8.5","8.1","20.9","9.0","21.5","14.9","20.2","10.7","41.8","11.4","23.6","12.8","62.2","15.7","4.3","4.7","0.0","8.5","9.0","10.1","2668","251","1308","166","1360","165","46.7","7.7","46.4","9.4","47.1","9.3","23.4","5.9","25.3","7.4","21.6","7.9","13.8","5.9","8.6","4.4","18.8","9.9","10.2","4.9","12.5","7.8","7.9","4.4","2.3","1.7","0.2","0.8","4.4","3.1","3.3","1.9","6.5","3.8","0.1","0.7","0.3","0.5","0.5","0.9","0.0","2.7","29.8","7.5","28.3","8.5","31.3","10.8","3.5","2.0","7.0","4.0","0.1","0.7","616","192","331","104","285","136","46.4","17.9","42.3","15.9","51.2","29.7","3.9","5.7","7.3","10.1","0.0","12.3","846","152","428","119","418","76","31.4","11.4","21.3","12.8","41.9","16.5","1.8","2.7","3.0","5.0","0.5","2.1","850","172","409","98","441","101","17.6","7.8","25.7","12.8","10.2","6.9","3.4","3.0","7.1","5.9","0.0","8.1","356","92","140","64","216","76","26.4","12.1","24.3","18.5","27.8","17.5","7.3","6.8","18.6","15.9","0.0","15.9","39.3","9.7","33.6","11.2","45.1","11.7","33.4","25.8","25.0","22.9","37.1","34.0","36.8","19.4","28.3","22.5","45.2","28.5","11.7","19.2","12.0","19.5","0.0","100.0","15461","2748","19504","3760","10962","2055","13952","2067","18732","3423","9341","2078","17992","4425","23229","11144","17083","9175","26923","19480","30625","24553","25865","24428","22679","37113","22679","37113","-","**","-","**","-","**","-","**","5.7","(X)","(X)","(X)","(X)","(X)",
"1400000US06111980000","Census Tract 9800, Ventura County, California","0","95","0","95","0","95","-","**","-","**","-","**","-","**","-","**","-","**","-","**","-","**","-","**","-","**","-","**","-","**","24","21","24","21","0","95","0.0","65.0","0.0","65.0","-","**","45.8","54.2","45.8","54.2","-","**","0.0","65.0","0.0","65.0","-","**","29.2","70.8","29.2","70.8","-","**","0.0","65.0","0.0","65.0","-","**","0.0","65.0","0.0","65.0","-","**","25.0","58.0","25.0","58.0","-","**","54.2","54.2","54.2","54.2","-","**","25.0","58.0","25.0","58.0","-","**","11","24","11","24","0","95","0.0","96.0","0.0","96.0","-","**","0.0","96.0","0.0","96.0","-","**","7","14","7","14","0","95","100.0","100.0","100.0","100.0","-","**","0.0","100.0","0.0","100.0","-","**","6","13","6","13","0","95","100.0","100.0","100.0","100.0","-","**","100.0","100.0","100.0","100.0","-","**","0","95","0","95","0","95","-","**","-","**","-","**","-","**","-","**","-","**","-","**","-","**","-","**","-","**","-","**","-","**","-","**","-","**","-","**","-","**","-","**","-","**","90357","94092","90357","94092","-","**","-","**","-","**","-","**","-","**","-","**","-","**","-","**","-","**","-","**","-","**","-","**","-","**","-","**","-","**","-","**","0.0","(X)","(X)","(X)","(X)","(X)",
"1400000US06111990100","Census Tract 9901, Ventura County, California","0","95","0","95","0","95","-","**","-","**","-","**","-","**","-","**","-","**","-","**","-","**","-","**","-","**","-","**","-","**","0","95","0","95","0","95","-","**","-","**","-","**","-","**","-","**","-","**","-","**","-","**","-","**","-","**","-","**","-","**","-","**","-","**","-","**","-","**","-","**","-","**","-","**","-","**","-","**","-","**","-","**","-","**","-","**","-","**","-","**","0","95","0","95","0","95","-","**","-","**","-","**","-","**","-","**","-","**","0","95","0","95","0","95","-","**","-","**","-","**","-","**","-","**","-","**","0","95","0","95","0","95","-","**","-","**","-","**","-","**","-","**","-","**","0","95","0","95","0","95","-","**","-","**","-","**","-","**","-","**","-","**","-","**","-","**","-","**","-","**","-","**","-","**","-","**","-","**","-","**","-","**","-","**","-","**","-","**","-","**","-","**","-","**","-","**","-","**","-","**","-","**","-","**","-","**","-","**","-","**","-","**","-","**","-","**","-","**","-","**","-","**","-","(X)","(X)","(X)","(X)","(X)",
