"GEO_ID","NAME","S1101_C01_001E","S1101_C01_001M","S1101_C01_002E","S1101_C01_002M","S1101_C01_003E","S1101_C01_003M","S1101_C01_004E","S1101_C01_004M","S1101_C01_005E","S1101_C01_005M","S1101_C01_006E","S1101_C01_006M","S1101_C01_007E","S1101_C01_007M","S1101_C01_008E","S1101_C01_008M","S1101_C01_009E","S1101_C01_009M","S1101_C01_010E","S1101_C01_010M","S1101_C01_011E","S1101_C01_011M","S1101_C01_012E","S1101_C01_012M","S1101_C01_013E","S1101_C01_013M","S1101_C01_014E","S1101_C01_014M","S1101_C01_015E","S1101_C01_015M","S1101_C01_016E","S1101_C01_016M","S1101_C01_017E","S1101_C01_017M","S1101_C01_018E","S1101_C01_018M","S1101_C01_019E","S1101_C01_019M","S1101_C01_020E","S1101_C01_020M","S1101_C02_001E","S1101_C02_001M","S1101_C03_001E","S1101_C03_001M","S1101_C04_001E","S1101_C04_001M","S1101_C05_001E","S1101_C05_001M","S1101_C02_002E","S1101_C02_002M","S1101_C03_002E","S1101_C03_002M","S1101_C04_002E","S1101_C04_002M","S1101_C05_002E","S1101_C05_002M","S1101_C02_003E","S1101_C02_003M","S1101_C03_003E","S1101_C03_003M","S1101_C04_003E","S1101_C04_003M","S1101_C05_003E","S1101_C05_003M","S1101_C02_004E","S1101_C02_004M","S1101_C03_004E","S1101_C03_004M","S1101_C04_004E","S1101_C04_004M","S1101_C05_004E","S1101_C05_004M","S1101_C02_005E","S1101_C02_005M","S1101_C03_005E","S1101_C03_005M","S1101_C04_005E","S1101_C04_005M","S1101_C05_005E","S1101_C05_005M","S1101_C02_006E","S1101_C02_006M","S1101_C03_006E","S1101_C03_006M","S1101_C04_006E","S1101_C04_006M","S1101_C05_006E","S1101_C05_006M","S1101_C02_007E","S1101_C02_007M","S1101_C03_007E","S1101_C03_007M","S1101_C04_007E","S1101_C04_007M","S1101_C05_007E","S1101_C05_007M","S1101_C02_008E","S1101_C02_008M","S1101_C03_008E","S1101_C03_008M","S1101_C04_008E","S1101_C04_008M","S1101_C05_008E","S1101_C05_008M","S1101_C02_009E","S1101_C02_009M","S1101_C03_009E","S1101_C03_009M","S1101_C04_009E","S1101_C04_009M","S1101_C05_009E","S1101_C05_009M","S1101_C02_010E","S1101_C02_010M","S1101_C03_010E","S1101_C03_010M","S1101_C04_010E","S1101_C04_010M","S1101_C05_010E","S1101_C05_010M","S1101_C02_011E","S1101_C02_011M","S1101_C03_011E","S1101_C03_011M","S1101_C04_011E","S1101_C04_011M","S1101_C05_011E","S1101_C05_011M","S1101_C02_012E","S1101_C02_012M","S1101_C03_012E","S1101_C03_012M","S1101_C04_012E","S1101_C04_012M","S1101_C05_012E","S1101_C05_012M","S1101_C02_013E","S1101_C02_013M","S1101_C03_013E","S1101_C03_013M","S1101_C04_013E","S1101_C04_013M","S1101_C05_013E","S1101_C05_013M","S1101_C02_014E","S1101_C02_014M","S1101_C03_014E","S1101_C03_014M","S1101_C04_014E","S1101_C04_014M","S1101_C05_014E","S1101_C05_014M","S1101_C02_015E","S1101_C02_015M","S1101_C03_015E","S1101_C03_015M","S1101_C04_015E","S1101_C04_015M","S1101_C05_015E","S1101_C05_015M","S1101_C02_016E","S1101_C02_016M","S1101_C03_016E","S1101_C03_016M","S1101_C04_016E","S1101_C04_016M","S1101_C05_016E","S1101_C05_016M","S1101_C02_017E","S1101_C02_017M","S1101_C03_017E","S1101_C03_017M","S1101_C04_017E","S1101_C04_017M","S1101_C05_017E","S1101_C05_017M","S1101_C02_018E","S1101_C02_018M","S1101_C03_018E","S1101_C03_018M","S1101_C04_018E","S1101_C04_018M","S1101_C05_018E","S1101_C05_018M","S1101_C02_019E","S1101_C02_019M","S1101_C03_019E","S1101_C03_019M","S1101_C04_019E","S1101_C04_019M","S1101_C05_019E","S1101_C05_019M","S1101_C02_020E","S1101_C02_020M","S1101_C03_020E","S1101_C03_020M","S1101_C04_020E","S1101_C04_020M","S1101_C05_020E","S1101_C05_020M",
"Geography","Geographic Area Name","Estimate!!Total!!HOUSEHOLDS!!Total households","Margin of Error!!Total MOE!!HOUSEHOLDS!!Total households","Estimate!!Total!!HOUSEHOLDS!!Average household size","Margin of Error!!Total MOE!!HOUSEHOLDS!!Average household size","Estimate!!Total!!FAMILIES!!Total families","Margin of Error!!Total MOE!!FAMILIES!!Total families","Estimate!!Total!!FAMILIES!!Average family size","Margin of Error!!Total MOE!!FAMILIES!!Average family size","Estimate!!Total!!AGE OF OWN CHILDREN!!Households with own children of the householder under 18 years","Margin of Error!!Total MOE!!AGE OF OWN CHILDREN!!Households with own children of the householder under 18 years","Estimate!!Total!!AGE OF OWN CHILDREN!!Households with own children of the householder under 18 years!!Under 6 years only","Margin of Error!!Total MOE!!AGE OF OWN CHILDREN!!Households with own children of the householder under 18 years!!Under 6 years only","Estimate!!Total!!AGE OF OWN CHILDREN!!Households with own children of the householder under 18 years!!Under 6 years and 6 to 17 years","Margin of Error!!Total MOE!!AGE OF OWN CHILDREN!!Households with own children of the householder under 18 years!!Under 6 years and 6 to 17 years","Estimate!!Total!!AGE OF OWN CHILDREN!!Households with own children of the householder under 18 years!!6 to 17 years only","Margin of Error!!Total MOE!!AGE OF OWN CHILDREN!!Households with own children of the householder under 18 years!!6 to 17 years only","Estimate!!Total!!Total households","Margin of Error!!Total MOE!!Total households","Estimate!!Total!!Total households!!SELECTED HOUSEHOLDS BY TYPE!!Households with one or more people under 18 years","Margin of Error!!Total MOE!!Total households!!SELECTED HOUSEHOLDS BY TYPE!!Households with one or more people under 18 years","Estimate!!Total!!Total households!!SELECTED HOUSEHOLDS BY TYPE!!Households with one or more people 60 years and over","Margin of Error!!Total MOE!!Total households!!SELECTED HOUSEHOLDS BY TYPE!!Households with one or more people 60 years and over","Estimate!!Total!!Total households!!SELECTED HOUSEHOLDS BY TYPE!!Householder living alone","Margin of Error!!Total MOE!!Total households!!SELECTED HOUSEHOLDS BY TYPE!!Householder living alone","Estimate!!Total!!Total households!!SELECTED HOUSEHOLDS BY TYPE!!Householder living alone!!65 years and over","Margin of Error!!Total MOE!!Total households!!SELECTED HOUSEHOLDS BY TYPE!!Householder living alone!!65 years and over","Estimate!!Total!!Total households!!UNMARRIED-PARTNER HOUSEHOLDS!!Same sex","Margin of Error!!Total MOE!!Total households!!UNMARRIED-PARTNER HOUSEHOLDS!!Same sex","Estimate!!Total!!Total households!!UNMARRIED-PARTNER HOUSEHOLDS!!Opposite sex","Margin of Error!!Total MOE!!Total households!!UNMARRIED-PARTNER HOUSEHOLDS!!Opposite sex","Estimate!!Total!!Total households!!UNITS IN STRUCTURE!!1-unit structures","Margin of Error!!Total MOE!!Total households!!UNITS IN STRUCTURE!!1-unit structures","Estimate!!Total!!Total households!!UNITS IN STRUCTURE!!2-or-more-unit structures","Margin of Error!!Total MOE!!Total households!!UNITS IN STRUCTURE!!2-or-more-unit structures","Estimate!!Total!!Total households!!UNITS IN STRUCTURE!!Mobile homes and all other types of units","Margin of Error!!Total MOE!!Total households!!UNITS IN STRUCTURE!!Mobile homes and all other types of units","Estimate!!Total!!Total households!!HOUSING TENURE!!Owner-occupied housing units","Margin of Error!!Total MOE!!Total households!!HOUSING TENURE!!Owner-occupied housing units","Estimate!!Total!!Total households!!HOUSING TENURE!!Renter-occupied housing units","Margin of Error!!Total MOE!!Total households!!HOUSING TENURE!!Renter-occupied housing units","Estimate!!Married-couple family household!!HOUSEHOLDS!!Total households","Margin of Error!!Married-couple family household MOE!!HOUSEHOLDS!!Total households","Estimate!!Male householder, no wife present, family household!!HOUSEHOLDS!!Total households","Margin of Error!!Male householder, no wife present, family household MOE!!HOUSEHOLDS!!Total households","Estimate!!Female householder, no husband present, family household!!HOUSEHOLDS!!Total households","Margin of Error!!Female householder, no husband present, family household MOE!!HOUSEHOLDS!!Total households","Estimate!!Nonfamily household!!HOUSEHOLDS!!Total households","Margin of Error!!Nonfamily household MOE!!HOUSEHOLDS!!Total households","Estimate!!Married-couple family household!!HOUSEHOLDS!!Average household size","Margin of Error!!Married-couple family household MOE!!HOUSEHOLDS!!Average household size","Estimate!!Male householder, no wife present, family household!!HOUSEHOLDS!!Average household size","Margin of Error!!Male householder, no wife present, family household MOE!!HOUSEHOLDS!!Average household size","Estimate!!Female householder, no husband present, family household!!HOUSEHOLDS!!Average household size","Margin of Error!!Female householder, no husband present, family household MOE!!HOUSEHOLDS!!Average household size","Estimate!!Nonfamily household!!HOUSEHOLDS!!Average household size","Margin of Error!!Nonfamily household MOE!!HOUSEHOLDS!!Average household size","Estimate!!Married-couple family household!!FAMILIES!!Total families","Margin of Error!!Married-couple family household MOE!!FAMILIES!!Total families","Estimate!!Male householder, no wife present, family household!!FAMILIES!!Total families","Margin of Error!!Male householder, no wife present, family household MOE!!FAMILIES!!Total families","Estimate!!Female householder, no husband present, family household!!FAMILIES!!Total families","Margin of Error!!Female householder, no husband present, family household MOE!!FAMILIES!!Total families","Estimate!!Nonfamily household!!FAMILIES!!Total families","Margin of Error!!Nonfamily household MOE!!FAMILIES!!Total families","Estimate!!Married-couple family household!!FAMILIES!!Average family size","Margin of Error!!Married-couple family household MOE!!FAMILIES!!Average family size","Estimate!!Male householder, no wife present, family household!!FAMILIES!!Average family size","Margin of Error!!Male householder, no wife present, family household MOE!!FAMILIES!!Average family size","Estimate!!Female householder, no husband present, family household!!FAMILIES!!Average family size","Margin of Error!!Female householder, no husband present, family household MOE!!FAMILIES!!Average family size","Estimate!!Nonfamily household!!FAMILIES!!Average family size","Margin of Error!!Nonfamily household MOE!!FAMILIES!!Average family size","Estimate!!Married-couple family household!!AGE OF OWN CHILDREN!!Households with own children of the householder under 18 years","Margin of Error!!Married-couple family household MOE!!AGE OF OWN CHILDREN!!Households with own children of the householder under 18 years","Estimate!!Male householder, no wife present, family household!!AGE OF OWN CHILDREN!!Households with own children of the householder under 18 years","Margin of Error!!Male householder, no wife present, family household MOE!!AGE OF OWN CHILDREN!!Households with own children of the householder under 18 years","Estimate!!Female householder, no husband present, family household!!AGE OF OWN CHILDREN!!Households with own children of the householder under 18 years","Margin of Error!!Female householder, no husband present, family household MOE!!AGE OF OWN CHILDREN!!Households with own children of the householder under 18 years","Estimate!!Nonfamily household!!AGE OF OWN CHILDREN!!Households with own children of the householder under 18 years","Margin of Error!!Nonfamily household MOE!!AGE OF OWN CHILDREN!!Households with own children of the householder under 18 years","Estimate!!Married-couple family household!!AGE OF OWN CHILDREN!!Households with own children of the householder under 18 years!!Under 6 years only","Margin of Error!!Married-couple family household MOE!!AGE OF OWN CHILDREN!!Households with own children of the householder under 18 years!!Under 6 years only","Estimate!!Male householder, no wife present, family household!!AGE OF OWN CHILDREN!!Households with own children of the householder under 18 years!!Under 6 years only","Margin of Error!!Male householder, no wife present, family household MOE!!AGE OF OWN CHILDREN!!Households with own children of the householder under 18 years!!Under 6 years only","Estimate!!Female householder, no husband present, family household!!AGE OF OWN CHILDREN!!Households with own children of the householder under 18 years!!Under 6 years only","Margin of Error!!Female householder, no husband present, family household MOE!!AGE OF OWN CHILDREN!!Households with own children of the householder under 18 years!!Under 6 years only","Estimate!!Nonfamily household!!AGE OF OWN CHILDREN!!Households with own children of the householder under 18 years!!Under 6 years only","Margin of Error!!Nonfamily household MOE!!AGE OF OWN CHILDREN!!Households with own children of the householder under 18 years!!Under 6 years only","Estimate!!Married-couple family household!!AGE OF OWN CHILDREN!!Households with own children of the householder under 18 years!!Under 6 years and 6 to 17 years","Margin of Error!!Married-couple family household MOE!!AGE OF OWN CHILDREN!!Households with own children of the householder under 18 years!!Under 6 years and 6 to 17 years","Estimate!!Male householder, no wife present, family household!!AGE OF OWN CHILDREN!!Households with own children of the householder under 18 years!!Under 6 years and 6 to 17 years","Margin of Error!!Male householder, no wife present, family household MOE!!AGE OF OWN CHILDREN!!Households with own children of the householder under 18 years!!Under 6 years and 6 to 17 years","Estimate!!Female householder, no husband present, family household!!AGE OF OWN CHILDREN!!Households with own children of the householder under 18 years!!Under 6 years and 6 to 17 years","Margin of Error!!Female householder, no husband present, family household MOE!!AGE OF OWN CHILDREN!!Households with own children of the householder under 18 years!!Under 6 years and 6 to 17 years","Estimate!!Nonfamily household!!AGE OF OWN CHILDREN!!Households with own children of the householder under 18 years!!Under 6 years and 6 to 17 years","Margin of Error!!Nonfamily household MOE!!AGE OF OWN CHILDREN!!Households with own children of the householder under 18 years!!Under 6 years and 6 to 17 years","Estimate!!Married-couple family household!!AGE OF OWN CHILDREN!!Households with own children of the householder under 18 years!!6 to 17 years only","Margin of Error!!Married-couple family household MOE!!AGE OF OWN CHILDREN!!Households with own children of the householder under 18 years!!6 to 17 years only","Estimate!!Male householder, no wife present, family household!!AGE OF OWN CHILDREN!!Households with own children of the householder under 18 years!!6 to 17 years only","Margin of Error!!Male householder, no wife present, family household MOE!!AGE OF OWN CHILDREN!!Households with own children of the householder under 18 years!!6 to 17 years only","Estimate!!Female householder, no husband present, family household!!AGE OF OWN CHILDREN!!Households with own children of the householder under 18 years!!6 to 17 years only","Margin of Error!!Female householder, no husband present, family household MOE!!AGE OF OWN CHILDREN!!Households with own children of the householder under 18 years!!6 to 17 years only","Estimate!!Nonfamily household!!AGE OF OWN CHILDREN!!Households with own children of the householder under 18 years!!6 to 17 years only","Margin of Error!!Nonfamily household MOE!!AGE OF OWN CHILDREN!!Households with own children of the householder under 18 years!!6 to 17 years only","Estimate!!Married-couple family household!!Total households","Margin of Error!!Married-couple family household MOE!!Total households","Estimate!!Male householder, no wife present, family household!!Total households","Margin of Error!!Male householder, no wife present, family household MOE!!Total households","Estimate!!Female householder, no husband present, family household!!Total households","Margin of Error!!Female householder, no husband present, family household MOE!!Total households","Estimate!!Nonfamily household!!Total households","Margin of Error!!Nonfamily household MOE!!Total households","Estimate!!Married-couple family household!!Total households!!SELECTED HOUSEHOLDS BY TYPE!!Households with one or more people under 18 years","Margin of Error!!Married-couple family household MOE!!Total households!!SELECTED HOUSEHOLDS BY TYPE!!Households with one or more people under 18 years","Estimate!!Male householder, no wife present, family household!!Total households!!SELECTED HOUSEHOLDS BY TYPE!!Households with one or more people under 18 years","Margin of Error!!Male householder, no wife present, family household MOE!!Total households!!SELECTED HOUSEHOLDS BY TYPE!!Households with one or more people under 18 years","Estimate!!Female householder, no husband present, family household!!Total households!!SELECTED HOUSEHOLDS BY TYPE!!Households with one or more people under 18 years","Margin of Error!!Female householder, no husband present, family household MOE!!Total households!!SELECTED HOUSEHOLDS BY TYPE!!Households with one or more people under 18 years","Estimate!!Nonfamily household!!Total households!!SELECTED HOUSEHOLDS BY TYPE!!Households with one or more people under 18 years","Margin of Error!!Nonfamily household MOE!!Total households!!SELECTED HOUSEHOLDS BY TYPE!!Households with one or more people under 18 years","Estimate!!Married-couple family household!!Total households!!SELECTED HOUSEHOLDS BY TYPE!!Households with one or more people 60 years and over","Margin of Error!!Married-couple family household MOE!!Total households!!SELECTED HOUSEHOLDS BY TYPE!!Households with one or more people 60 years and over","Estimate!!Male householder, no wife present, family household!!Total households!!SELECTED HOUSEHOLDS BY TYPE!!Households with one or more people 60 years and over","Margin of Error!!Male householder, no wife present, family household MOE!!Total households!!SELECTED HOUSEHOLDS BY TYPE!!Households with one or more people 60 years and over","Estimate!!Female householder, no husband present, family household!!Total households!!SELECTED HOUSEHOLDS BY TYPE!!Households with one or more people 60 years and over","Margin of Error!!Female householder, no husband present, family household MOE!!Total households!!SELECTED HOUSEHOLDS BY TYPE!!Households with one or more people 60 years and over","Estimate!!Nonfamily household!!Total households!!SELECTED HOUSEHOLDS BY TYPE!!Households with one or more people 60 years and over","Margin of Error!!Nonfamily household MOE!!Total households!!SELECTED HOUSEHOLDS BY TYPE!!Households with one or more people 60 years and over","Estimate!!Married-couple family household!!Total households!!SELECTED HOUSEHOLDS BY TYPE!!Householder living alone","Margin of Error!!Married-couple family household MOE!!Total households!!SELECTED HOUSEHOLDS BY TYPE!!Householder living alone","Estimate!!Male householder, no wife present, family household!!Total households!!SELECTED HOUSEHOLDS BY TYPE!!Householder living alone","Margin of Error!!Male householder, no wife present, family household MOE!!Total households!!SELECTED HOUSEHOLDS BY TYPE!!Householder living alone","Estimate!!Female householder, no husband present, family household!!Total households!!SELECTED HOUSEHOLDS BY TYPE!!Householder living alone","Margin of Error!!Female householder, no husband present, family household MOE!!Total households!!SELECTED HOUSEHOLDS BY TYPE!!Householder living alone","Estimate!!Nonfamily household!!Total households!!SELECTED HOUSEHOLDS BY TYPE!!Householder living alone","Margin of Error!!Nonfamily household MOE!!Total households!!SELECTED HOUSEHOLDS BY TYPE!!Householder living alone","Estimate!!Married-couple family household!!Total households!!SELECTED HOUSEHOLDS BY TYPE!!Householder living alone!!65 years and over","Margin of Error!!Married-couple family household MOE!!Total households!!SELECTED HOUSEHOLDS BY TYPE!!Householder living alone!!65 years and over","Estimate!!Male householder, no wife present, family household!!Total households!!SELECTED HOUSEHOLDS BY TYPE!!Householder living alone!!65 years and over","Margin of Error!!Male householder, no wife present, family household MOE!!Total households!!SELECTED HOUSEHOLDS BY TYPE!!Householder living alone!!65 years and over","Estimate!!Female householder, no husband present, family household!!Total households!!SELECTED HOUSEHOLDS BY TYPE!!Householder living alone!!65 years and over","Margin of Error!!Female householder, no husband present, family household MOE!!Total households!!SELECTED HOUSEHOLDS BY TYPE!!Householder living alone!!65 years and over","Estimate!!Nonfamily household!!Total households!!SELECTED HOUSEHOLDS BY TYPE!!Householder living alone!!65 years and over","Margin of Error!!Nonfamily household MOE!!Total households!!SELECTED HOUSEHOLDS BY TYPE!!Householder living alone!!65 years and over","Estimate!!Married-couple family household!!Total households!!UNMARRIED-PARTNER HOUSEHOLDS!!Same sex","Margin of Error!!Married-couple family household MOE!!Total households!!UNMARRIED-PARTNER HOUSEHOLDS!!Same sex","Estimate!!Male householder, no wife present, family household!!Total households!!UNMARRIED-PARTNER HOUSEHOLDS!!Same sex","Margin of Error!!Male householder, no wife present, family household MOE!!Total households!!UNMARRIED-PARTNER HOUSEHOLDS!!Same sex","Estimate!!Female householder, no husband present, family household!!Total households!!UNMARRIED-PARTNER HOUSEHOLDS!!Same sex","Margin of Error!!Female householder, no husband present, family household MOE!!Total households!!UNMARRIED-PARTNER HOUSEHOLDS!!Same sex","Estimate!!Nonfamily household!!Total households!!UNMARRIED-PARTNER HOUSEHOLDS!!Same sex","Margin of Error!!Nonfamily household MOE!!Total households!!UNMARRIED-PARTNER HOUSEHOLDS!!Same sex","Estimate!!Married-couple family household!!Total households!!UNMARRIED-PARTNER HOUSEHOLDS!!Opposite sex","Margin of Error!!Married-couple family household MOE!!Total households!!UNMARRIED-PARTNER HOUSEHOLDS!!Opposite sex","Estimate!!Male householder, no wife present, family household!!Total households!!UNMARRIED-PARTNER HOUSEHOLDS!!Opposite sex","Margin of Error!!Male householder, no wife present, family household MOE!!Total households!!UNMARRIED-PARTNER HOUSEHOLDS!!Opposite sex","Estimate!!Female householder, no husband present, family household!!Total households!!UNMARRIED-PARTNER HOUSEHOLDS!!Opposite sex","Margin of Error!!Female householder, no husband present, family household MOE!!Total households!!UNMARRIED-PARTNER HOUSEHOLDS!!Opposite sex","Estimate!!Nonfamily household!!Total households!!UNMARRIED-PARTNER HOUSEHOLDS!!Opposite sex","Margin of Error!!Nonfamily household MOE!!Total households!!UNMARRIED-PARTNER HOUSEHOLDS!!Opposite sex","Estimate!!Married-couple family household!!Total households!!UNITS IN STRUCTURE!!1-unit structures","Margin of Error!!Married-couple family household MOE!!Total households!!UNITS IN STRUCTURE!!1-unit structures","Estimate!!Male householder, no wife present, family household!!Total households!!UNITS IN STRUCTURE!!1-unit structures","Margin of Error!!Male householder, no wife present, family household MOE!!Total households!!UNITS IN STRUCTURE!!1-unit structures","Estimate!!Female householder, no husband present, family household!!Total households!!UNITS IN STRUCTURE!!1-unit structures","Margin of Error!!Female householder, no husband present, family household MOE!!Total households!!UNITS IN STRUCTURE!!1-unit structures","Estimate!!Nonfamily household!!Total households!!UNITS IN STRUCTURE!!1-unit structures","Margin of Error!!Nonfamily household MOE!!Total households!!UNITS IN STRUCTURE!!1-unit structures","Estimate!!Married-couple family household!!Total households!!UNITS IN STRUCTURE!!2-or-more-unit structures","Margin of Error!!Married-couple family household MOE!!Total households!!UNITS IN STRUCTURE!!2-or-more-unit structures","Estimate!!Male householder, no wife present, family household!!Total households!!UNITS IN STRUCTURE!!2-or-more-unit structures","Margin of Error!!Male householder, no wife present, family household MOE!!Total households!!UNITS IN STRUCTURE!!2-or-more-unit structures","Estimate!!Female householder, no husband present, family household!!Total households!!UNITS IN STRUCTURE!!2-or-more-unit structures","Margin of Error!!Female householder, no husband present, family household MOE!!Total households!!UNITS IN STRUCTURE!!2-or-more-unit structures","Estimate!!Nonfamily household!!Total households!!UNITS IN STRUCTURE!!2-or-more-unit structures","Margin of Error!!Nonfamily household MOE!!Total households!!UNITS IN STRUCTURE!!2-or-more-unit structures","Estimate!!Married-couple family household!!Total households!!UNITS IN STRUCTURE!!Mobile homes and all other types of units","Margin of Error!!Married-couple family household MOE!!Total households!!UNITS IN STRUCTURE!!Mobile homes and all other types of units","Estimate!!Male householder, no wife present, family household!!Total households!!UNITS IN STRUCTURE!!Mobile homes and all other types of units","Margin of Error!!Male householder, no wife present, family household MOE!!Total households!!UNITS IN STRUCTURE!!Mobile homes and all other types of units","Estimate!!Female householder, no husband present, family household!!Total households!!UNITS IN STRUCTURE!!Mobile homes and all other types of units","Margin of Error!!Female householder, no husband present, family household MOE!!Total households!!UNITS IN STRUCTURE!!Mobile homes and all other types of units","Estimate!!Nonfamily household!!Total households!!UNITS IN STRUCTURE!!Mobile homes and all other types of units","Margin of Error!!Nonfamily household MOE!!Total households!!UNITS IN STRUCTURE!!Mobile homes and all other types of units","Estimate!!Married-couple family household!!Total households!!HOUSING TENURE!!Owner-occupied housing units","Margin of Error!!Married-couple family household MOE!!Total households!!HOUSING TENURE!!Owner-occupied housing units","Estimate!!Male householder, no wife present, family household!!Total households!!HOUSING TENURE!!Owner-occupied housing units","Margin of Error!!Male householder, no wife present, family household MOE!!Total households!!HOUSING TENURE!!Owner-occupied housing units","Estimate!!Female householder, no husband present, family household!!Total households!!HOUSING TENURE!!Owner-occupied housing units","Margin of Error!!Female householder, no husband present, family household MOE!!Total households!!HOUSING TENURE!!Owner-occupied housing units","Estimate!!Nonfamily household!!Total households!!HOUSING TENURE!!Owner-occupied housing units","Margin of Error!!Nonfamily household MOE!!Total households!!HOUSING TENURE!!Owner-occupied housing units","Estimate!!Married-couple family household!!Total households!!HOUSING TENURE!!Renter-occupied housing units","Margin of Error!!Married-couple family household MOE!!Total households!!HOUSING TENURE!!Renter-occupied housing units","Estimate!!Male householder, no wife present, family household!!Total households!!HOUSING TENURE!!Renter-occupied housing units","Margin of Error!!Male householder, no wife present, family household MOE!!Total households!!HOUSING TENURE!!Renter-occupied housing units","Estimate!!Female householder, no husband present, family household!!Total households!!HOUSING TENURE!!Renter-occupied housing units","Margin of Error!!Female householder, no husband present, family household MOE!!Total households!!HOUSING TENURE!!Renter-occupied housing units","Estimate!!Nonfamily household!!Total households!!HOUSING TENURE!!Renter-occupied housing units","Margin of Error!!Nonfamily household MOE!!Total households!!HOUSING TENURE!!Renter-occupied housing units",
"1400000US06111000100","Census Tract 1, Ventura County, California","239","55","2.32","0.42","141","49","3.24","0.54","19","14","0.0","70.6","63.2","41.1","36.8","41.1","239","55","7.9","5.5","54.8","11.2","41.0","14.0","12.6","6.5","0.0","13.6","0.0","13.6","93.7","8.0","0.0","13.6","6.3","8.0","78.2","13.6","21.8","13.6","122","37","16","21","3","4","98","38","3.24","0.62","3.44","0.96","2.33","1.16","-","**","122","37","16","21","3","4","(X)","(X)","3.24","0.62","3.44","0.96","2.33","1.16","(X)","(X)","19","14","0","12","0","12","(X)","(X)","0.0","70.6","-","**","-","**","(X)","(X)","63.2","41.1","-","**","-","**","(X)","(X)","36.8","41.1","-","**","-","**","(X)","(X)","122","37","16","21","3","4","98","38","15.6","9.6","0.0","76.9","0.0","100.0","0.0","29.2","52.5","14.0","18.8","45.3","100.0","100.0","62.2","23.4","(X)","(X)","(X)","(X)","(X)","(X)","100.0","29.2","(X)","(X)","(X)","(X)","(X)","(X)","30.6","15.8","(X)","(X)","(X)","(X)","(X)","(X)","(X)","(X)","(X)","(X)","(X)","(X)","(X)","(X)","(X)","(X)","96.7","5.7","100.0","76.9","100.0","100.0","88.8","17.6","0.0","24.6","0.0","76.9","0.0","100.0","0.0","29.2","3.3","5.7","0.0","76.9","0.0","100.0","11.2","17.6","82.0","14.6","100.0","76.9","100.0","100.0","69.4","24.0","18.0","14.6","0.0","76.9","0.0","100.0","30.6","24.0",
"1400000US06111000200","Census Tract 2, Ventura County, California","752","45","3.46","0.26","606","56","3.95","0.32","264","52","10.2","8.4","32.6","13.7","57.2","13.4","752","45","43.5","6.1","43.2","8.2","16.1","5.9","7.4","4.0","0.0","4.5","4.9","3.4","74.2","6.0","21.0","5.4","4.8","3.2","52.1","7.8","47.9","7.8","387","60","38","27","181","67","146","51","4.22","0.39","4.45","1.41","3.46","0.55","1.19","0.14","387","60","38","27","181","67","(X)","(X)","4.20","0.39","4.45","1.41","3.29","0.50","(X)","(X)","200","48","9","14","55","35","(X)","(X)","8.5","8.0","0.0","100.0","18.2","27.5","(X)","(X)","27.0","15.2","100.0","100.0","41.8","34.0","(X)","(X)","64.5","15.3","0.0","100.0","40.0","32.7","(X)","(X)","387","60","38","27","181","67","146","51","61.2","8.9","36.8","35.8","42.0","15.1","0.0","21.1","36.2","10.7","76.3","32.4","38.1","20.3","59.6","18.5","(X)","(X)","(X)","(X)","(X)","(X)","82.9","12.2","(X)","(X)","(X)","(X)","(X)","(X)","38.4","18.8","(X)","(X)","(X)","(X)","(X)","(X)","(X)","(X)","(X)","(X)","(X)","(X)","(X)","(X)","(X)","(X)","75.2","8.5","89.5","21.7","62.4","21.7","82.2","11.8","19.9","8.2","10.5","21.7","37.6","21.7","6.2","6.4","4.9","4.5","0.0","49.9","0.0","17.5","11.6","10.8","61.8","9.3","42.1","37.4","30.9","19.3","55.5","17.8","38.2","9.3","57.9","37.4","69.1","19.3","44.5","17.8",
"1400000US06111000302","Census Tract 3.02, Ventura County, California","2331","169","3.39","0.26","1766","179","3.98","0.22","895","223","18.4","12.4","9.8","8.8","71.7","14.6","2331","169","46.7","6.7","37.8","6.0","19.3","7.3","7.1","3.1","0.0","1.5","5.8","3.9","73.7","6.6","18.4","5.5","7.9","4.0","53.4","8.3","46.6","8.3","1377","187","132","103","257","123","565","195","4.08","0.27","4.04","1.29","4.11","0.86","1.21","0.17","1377","187","132","103","257","123","(X)","(X)","4.08","0.27","3.95","1.34","3.42","0.58","(X)","(X)","638","190","110","97","147","106","(X)","(X)","24.1","17.4","10.0","16.7","0.0","21.0","(X)","(X)","6.1","7.4","0.0","26.7","33.3","37.2","(X)","(X)","69.7","17.3","90.0","16.7","66.7","37.2","(X)","(X)","1377","187","132","103","257","123","565","195","56.8","8.8","90.2","17.2","73.2","18.3","0.0","6.0","38.9","8.0","16.7","23.0","26.8","18.3","44.8","16.1","(X)","(X)","(X)","(X)","(X)","(X)","79.6","16.3","(X)","(X)","(X)","(X)","(X)","(X)","29.4","11.3","(X)","(X)","(X)","(X)","(X)","(X)","(X)","(X)","(X)","(X)","(X)","(X)","(X)","(X)","(X)","(X)","74.7","8.9","47.0","36.5","76.7","23.6","76.1","13.7","14.6","7.8","44.7","36.3","23.3","23.6","19.3","13.0","10.7","6.0","8.3","13.6","0.0","12.7","4.6","5.5","63.4","10.8","26.5","30.2","36.6","21.9","43.0","16.0","36.6","10.8","73.5","30.2","63.4","21.9","57.0","16.0",
"1400000US06111000303","Census Tract 3.03, Ventura County, California","1407","85","3.50","0.23","1154","82","3.93","0.24","475","83","3.2","5.0","21.3","12.0","75.6","12.1","1407","85","40.7","4.8","42.4","6.2","15.4","5.0","7.7","3.5","0.0","2.5","4.8","3.9","93.4","2.7","6.6","2.7","0.0","2.5","75.1","5.6","24.9","5.6","948","92","32","36","174","57","253","80","3.97","0.29","4.38","1.91","4.24","0.73","1.13","0.15","948","92","32","36","174","57","(X)","(X)","3.96","0.29","3.84","1.98","3.78","0.54","(X)","(X)","401","79","18","29","56","31","(X)","(X)","3.7","5.8","0.0","72.5","0.0","41.1","(X)","(X)","21.7","13.8","0.0","72.5","25.0","25.9","(X)","(X)","74.6","14.3","100.0","72.5","75.0","25.9","(X)","(X)","948","92","32","36","174","57","253","80","46.7","7.1","71.9","45.8","60.9","20.5","0.0","12.9","34.1","6.9","56.3","56.3","58.0","23.0","61.3","22.2","(X)","(X)","(X)","(X)","(X)","(X)","85.8","16.3","(X)","(X)","(X)","(X)","(X)","(X)","42.7","21.1","(X)","(X)","(X)","(X)","(X)","(X)","(X)","(X)","(X)","(X)","(X)","(X)","(X)","(X)","(X)","(X)","95.9","3.4","100.0","54.4","87.9","17.7","87.0","14.0","4.1","3.4","0.0","54.4","12.1","17.7","13.0","14.0","0.0","3.6","0.0","54.4","0.0","18.1","0.0","12.9","87.1","4.7","28.1","45.8","64.4","21.9","43.1","18.2","12.9","4.7","71.9","45.8","35.6","21.9","56.9","18.2",
"1400000US06111000304","Census Tract 3.04, Ventura County, California","1193","100","3.66","0.45","992","110","3.88","0.48","551","117","14.9","10.0","4.2","5.1","80.9","10.9","1193","100","52.1","9.4","30.1","6.8","12.5","7.5","6.5","5.2","0.0","2.9","11.7","7.1","85.4","8.1","13.8","8.0","0.8","1.1","62.1","9.1","37.9","9.1","629","112","108","74","255","116","201","102","4.45","0.66","3.56","0.99","3.51","0.48","1.40","0.31","629","112","108","74","255","116","(X)","(X)","4.40","0.63","2.94","0.82","3.00","0.57","(X)","(X)","301","109","72","60","178","107","(X)","(X)","23.3","15.6","0.0","36.1","6.7","12.9","(X)","(X)","2.7","4.8","20.8","33.8","0.0","17.8","(X)","(X)","74.1","16.1","79.2","33.8","93.3","12.9","(X)","(X)","629","112","108","74","255","116","201","102","54.5","12.0","66.7","45.3","81.2","14.0","0.0","15.9","33.5","9.0","0.0","27.1","16.5","15.0","52.7","22.9","(X)","(X)","(X)","(X)","(X)","(X)","74.1","17.3","(X)","(X)","(X)","(X)","(X)","(X)","38.3","22.8","(X)","(X)","(X)","(X)","(X)","(X)","(X)","(X)","(X)","(X)","(X)","(X)","(X)","(X)","(X)","(X)","93.5","5.5","66.7","45.3","76.1","23.0","82.1","19.3","6.5","5.5","33.3","45.3","23.9","23.0","13.4","18.8","0.0","5.4","0.0","27.1","0.0","12.8","4.5","7.0","77.9","10.7","32.4","40.9","50.2","22.6","43.8","24.0","22.1","10.7","67.6","40.9","49.8","22.6","56.2","24.0",
"1400000US06111000400","Census Tract 4, Ventura County, California","1744","111","3.35","0.28","1306","104","3.96","0.27","568","103","8.6","7.0","29.9","15.4","61.4","16.7","1744","111","41.2","5.6","45.0","5.8","20.9","6.2","9.3","4.1","0.0","2.0","3.7","2.8","84.7","5.3","9.2","5.2","6.0","3.1","64.9","7.7","35.1","7.7","1069","129","75","37","162","77","438","122","4.05","0.33","4.00","0.72","3.82","0.64","1.36","0.26","1069","129","75","37","162","77","(X)","(X)","4.04","0.33","3.32","0.51","3.67","0.68","(X)","(X)","456","109","44","32","68","46","(X)","(X)","3.5","3.8","75.0","50.4","0.0","37.3","(X)","(X)","30.0","18.1","0.0","46.4","48.5","43.6","(X)","(X)","66.4","18.3","25.0","50.4","51.5","43.6","(X)","(X)","1069","129","75","37","162","77","438","122","51.2","8.4","60.0","27.2","71.6","20.4","2.3","3.5","37.0","7.4","48.0","43.2","53.7","26.1","60.7","14.7","(X)","(X)","(X)","(X)","(X)","(X)","83.1","9.6","(X)","(X)","(X)","(X)","(X)","(X)","37.2","14.8","(X)","(X)","(X)","(X)","(X)","(X)","(X)","(X)","(X)","(X)","(X)","(X)","(X)","(X)","(X)","(X)","87.0","7.8","100.0","35.2","68.5","29.8","82.6","10.1","7.7","7.2","0.0","35.2","31.5","29.8","6.4","9.7","5.3","5.1","0.0","35.2","0.0","19.3","11.0","5.4","70.2","9.9","80.0","29.4","36.4","23.5","60.0","18.0","29.8","9.9","20.0","29.4","63.6","23.5","40.0","18.0",
"1400000US06111000500","Census Tract 5, Ventura County, California","582","60","2.82","0.35","361","63","3.59","0.37","159","56","3.1","4.7","31.4","22.1","65.4","22.5","582","60","32.5","9.1","57.2","9.2","30.6","9.5","14.9","6.1","0.9","1.2","2.2","3.5","46.0","6.8","14.6","5.7","39.3","6.3","58.2","8.7","41.8","8.7","285","67","34","25","42","34","221","62","3.64","0.49","3.03","0.68","4.95","2.08","1.33","0.20","285","67","34","25","42","34","(X)","(X)","3.51","0.46","3.03","0.68","4.64","1.68","(X)","(X)","130","54","14","22","15","24","(X)","(X)","3.8","5.6","0.0","82.3","0.0","79.5","(X)","(X)","38.5","23.4","0.0","82.3","0.0","79.5","(X)","(X)","57.7","23.0","100.0","82.2","100.0","79.5","(X)","(X)","285","67","34","25","42","34","221","62","49.8","14.0","41.2","44.4","66.7","35.6","2.3","3.3","50.5","13.7","58.8","44.4","64.3","44.8","64.3","17.2","(X)","(X)","(X)","(X)","(X)","(X)","80.5","12.4","(X)","(X)","(X)","(X)","(X)","(X)","39.4","15.9","(X)","(X)","(X)","(X)","(X)","(X)","(X)","(X)","(X)","(X)","(X)","(X)","(X)","(X)","(X)","(X)","63.5","12.3","52.9","37.6","52.4","42.5","21.3","11.1","11.9","10.7","0.0","52.8","35.7","44.8","16.3","13.7","24.6","10.8","47.1","37.6","11.9","21.6","62.4","15.4","56.1","16.1","47.1","37.6","23.8","29.0","69.2","16.6","43.9","16.1","52.9","37.6","76.2","29.0","30.8","16.6",
"1400000US06111000600","Census Tract 6, Ventura County, California","1880","117","3.17","0.25","1376","123","3.71","0.28","802","124","23.1","8.7","34.0","10.4","42.9","11.0","1880","117","46.0","6.8","29.9","6.1","22.3","5.9","8.0","2.9","0.0","1.8","10.5","4.5","55.3","6.5","43.6","6.4","1.1","1.7","24.4","4.8","75.6","4.8","776","139","269","100","331","104","504","124","3.98","0.35","3.83","0.76","3.72","0.54","1.22","0.14","776","139","269","100","331","104","(X)","(X)","3.93","0.35","3.47","0.63","3.37","0.46","(X)","(X)","407","104","167","81","228","95","(X)","(X)","26.3","12.3","25.7","21.2","15.4","16.5","(X)","(X)","29.2","15.2","25.1","23.6","49.1","23.6","(X)","(X)","44.5","16.5","49.1","25.9","35.5","20.3","(X)","(X)","776","139","269","100","331","104","504","124","58.1","10.2","62.1","20.4","74.6","15.3","0.0","6.7","26.8","10.3","11.5","11.6","17.5","13.8","52.8","13.6","(X)","(X)","(X)","(X)","(X)","(X)","83.3","11.1","(X)","(X)","(X)","(X)","(X)","(X)","30.0","10.8","(X)","(X)","(X)","(X)","(X)","(X)","(X)","(X)","(X)","(X)","(X)","(X)","(X)","(X)","(X)","(X)","57.7","9.1","51.3","18.2","61.0","19.5","50.0","14.5","39.7","8.4","48.7","18.2","39.0","19.5","50.0","14.5","2.6","4.1","0.0","12.2","0.0","10.0","0.0","6.7","29.9","9.0","27.5","17.7","17.5","13.8","18.7","12.0","70.1","9.0","72.5","17.7","82.5","13.8","81.3","12.0",
"1400000US06111000701","Census Tract 7.01, Ventura County, California","1909","96","3.95","0.35","1574","127","4.32","0.37","861","129","7.9","5.2","18.9","9.2","73.2","9.9","1909","96","52.5","6.1","32.6","6.4","14.6","4.6","3.0","2.1","0.0","1.8","7.2","3.6","47.7","6.3","40.2","6.2","12.1","4.3","47.5","7.4","52.5","7.4","1065","140","63","40","446","133","335","95","4.91","0.67","3.51","0.82","3.74","0.61","1.25","0.17","1065","140","63","40","446","133","(X)","(X)","4.73","0.59","3.11","0.79","3.50","0.55","(X)","(X)","603","130","20","26","238","95","(X)","(X)","4.6","3.9","75.0","51.2","10.5","12.8","(X)","(X)","23.5","13.1","0.0","68.8","8.8","13.9","(X)","(X)","71.8","13.7","25.0","51.2","80.7","18.1","(X)","(X)","1065","140","63","40","446","133","335","95","64.3","10.3","55.6","43.9","63.5","14.1","0.0","9.9","32.5","9.5","28.6","30.4","26.9","14.8","41.2","14.9","(X)","(X)","(X)","(X)","(X)","(X)","83.3","9.7","(X)","(X)","(X)","(X)","(X)","(X)","17.3","11.2","(X)","(X)","(X)","(X)","(X)","(X)","(X)","(X)","(X)","(X)","(X)","(X)","(X)","(X)","(X)","(X)","54.6","10.6","55.6","41.1","25.8","14.3","53.1","15.3","30.9","11.1","44.4","41.1","61.0","15.0","41.5","14.9","14.5","8.1","0.0","38.8","13.2","11.4","5.4","5.0","57.1","12.5","68.3","38.5","29.8","14.4","36.7","15.1","42.9","12.5","31.7","38.5","70.2","14.4","63.3","15.1",
"1400000US06111000702","Census Tract 7.02, Ventura County, California","931","49","3.70","0.26","770","77","3.93","0.19","293","72","10.6","9.4","22.9","12.5","66.6","15.0","931","49","43.3","7.8","39.6","6.9","13.6","5.2","5.9","2.8","0.0","3.7","3.7","3.0","87.5","4.6","11.9","4.4","0.5","0.9","75.9","7.0","24.1","7.0","606","83","49","26","115","46","161","60","3.90","0.24","5.10","1.01","4.77","1.17","1.78","0.71","606","83","49","26","115","46","(X)","(X)","3.90","0.24","4.98","1.01","3.69","0.63","(X)","(X)","237","66","18","17","38","27","(X)","(X)","7.6","8.4","0.0","72.5","34.2","46.5","(X)","(X)","28.3","15.4","0.0","72.5","0.0","49.9","(X)","(X)","64.1","17.6","100.0","72.5","65.8","46.5","(X)","(X)","606","83","49","26","115","46","161","60","45.4","8.5","71.4","25.6","70.4","21.1","7.5","10.7","31.4","6.9","59.2","29.5","62.6","22.1","48.4","18.4","(X)","(X)","(X)","(X)","(X)","(X)","78.9","18.7","(X)","(X)","(X)","(X)","(X)","(X)","34.2","14.6","(X)","(X)","(X)","(X)","(X)","(X)","(X)","(X)","(X)","(X)","(X)","(X)","(X)","(X)","(X)","(X)","92.1","5.9","100.0","44.0","100.0","25.8","57.8","17.7","7.9","5.9","0.0","44.0","0.0","25.8","39.1","18.2","0.0","5.6","0.0","44.0","0.0","25.8","3.1","5.2","86.8","6.1","32.7","28.4","43.5","23.7","71.4","17.9","13.2","6.1","67.3","28.4","56.5","23.7","28.6","17.9",
"1400000US06111000800","Census Tract 8, Ventura County, California","2720","107","3.14","0.18","2132","157","3.55","0.17","799","144","16.8","10.8","31.9","11.6","51.3","11.4","2720","107","34.9","5.8","41.5","5.4","15.8","4.8","7.3","3.2","0.1","0.2","4.6","2.9","80.4","5.2","9.4","5.0","10.2","2.6","60.8","6.0","39.2","6.0","1584","175","128","98","420","142","588","151","3.64","0.22","3.05","0.76","3.75","0.49","1.39","0.24","1584","175","128","98","420","142","(X)","(X)","3.62","0.21","3.00","0.70","3.48","0.41","(X)","(X)","611","117","6","9","182","93","(X)","(X)","21.9","13.3","0.0","100.0","0.0","17.4","(X)","(X)","24.9","11.7","0.0","100.0","56.6","29.8","(X)","(X)","53.2","13.8","100.0","100.0","43.4","29.8","(X)","(X)","1584","175","128","98","420","142","588","151","42.3","6.6","28.9","30.4","57.4","16.6","0.0","5.8","40.6","5.6","37.5","38.3","40.2","16.4","45.9","12.6","(X)","(X)","(X)","(X)","(X)","(X)","73.3","14.5","(X)","(X)","(X)","(X)","(X)","(X)","33.8","12.7","(X)","(X)","(X)","(X)","(X)","(X)","(X)","(X)","(X)","(X)","(X)","(X)","(X)","(X)","(X)","(X)","85.5","5.7","31.3","33.4","85.2","11.2","73.6","15.1","5.4","5.3","43.0","46.6","2.6","4.0","17.7","14.3","9.0","3.3","25.8","31.8","12.1","11.0","8.7","6.5","69.3","7.7","39.8","39.3","38.1","15.9","59.0","14.4","30.7","7.7","60.2","39.3","61.9","15.9","41.0","14.4",
"1400000US06111000901","Census Tract 9.01, Ventura County, California","1161","117","2.09","0.17","603","92","2.77","0.19","154","40","12.3","12.2","5.2","14.5","82.5","15.7","1161","117","13.3","3.5","68.2","6.1","41.8","7.3","30.4","5.8","0.9","1.4","4.1","3.1","76.0","6.4","23.5","6.3","0.5","1.1","59.7","8.1","40.3","8.1","504","95","49","38","50","36","558","111","2.91","0.27","3.53","0.74","2.88","0.50","1.15","0.10","504","95","49","38","50","36","(X)","(X)","2.76","0.21","3.00","0.40","2.68","0.47","(X)","(X)","112","36","42","37","0","12","(X)","(X)","17.0","16.7","0.0","47.5","-","**","(X)","(X)","7.1","19.6","0.0","47.5","-","**","(X)","(X)","75.9","20.7","100.0","47.5","-","**","(X)","(X)","504","95","49","38","50","36","558","111","22.2","6.6","85.7","23.1","0.0","43.5","0.0","6.1","70.2","10.0","38.8","47.0","54.0","43.0","70.3","10.0","(X)","(X)","(X)","(X)","(X)","(X)","86.9","8.3","(X)","(X)","(X)","(X)","(X)","(X)","63.3","10.6","(X)","(X)","(X)","(X)","(X)","(X)","(X)","(X)","(X)","(X)","(X)","(X)","(X)","(X)","(X)","(X)","92.7","6.5","100.0","44.0","100.0","43.5","56.6","11.8","6.2","6.0","0.0","44.0","0.0","43.5","43.4","11.8","1.2","2.5","0.0","44.0","0.0","43.5","0.0","6.1","83.9","7.7","65.3","35.2","76.0","35.1","35.8","10.8","16.1","7.7","34.7","35.2","24.0","35.1","64.2","10.8",
"1400000US06111000902","Census Tract 9.02, Ventura County, California","858","70","2.40","0.19","523","65","2.87","0.20","138","38","10.9","8.2","12.3","11.3","76.8","13.6","858","70","19.1","5.0","55.4","6.4","29.6","6.1","12.8","4.3","0.0","4.0","3.5","3.2","83.1","4.9","16.1","5.0","0.8","1.3","60.8","6.7","39.2","6.7","472","62","14","13","37","22","335","66","2.94","0.24","3.07","1.01","3.51","1.33","1.49","0.32","472","62","14","13","37","22","(X)","(X)","2.83","0.21","3.07","1.01","3.30","1.19","(X)","(X)","123","36","5","8","10","11","(X)","(X)","12.2","9.3","0.0","100.0","0.0","97.3","(X)","(X)","13.8","12.9","0.0","100.0","0.0","97.3","(X)","(X)","74.0","15.7","100.0","100.0","100.0","97.3","(X)","(X)","472","62","14","13","37","22","335","66","27.1","7.2","35.7","49.1","43.2","32.4","4.5","7.1","60.0","8.1","64.3","49.1","40.5","25.8","50.1","12.9","(X)","(X)","(X)","(X)","(X)","(X)","75.8","10.3","(X)","(X)","(X)","(X)","(X)","(X)","32.8","11.1","(X)","(X)","(X)","(X)","(X)","(X)","(X)","(X)","(X)","(X)","(X)","(X)","(X)","(X)","(X)","(X)","93.2","6.0","64.3","45.7","67.6","28.4","71.3","9.1","6.8","6.0","35.7","45.7","13.5","18.7","28.7","9.1","0.0","7.1","0.0","82.3","18.9","25.9","0.0","9.9","83.7","7.6","64.3","45.7","29.7","27.8","31.9","9.8","16.3","7.6","35.7","45.7","70.3","27.8","68.1","9.8",
"1400000US06111000903","Census Tract 9.03, Ventura County, California","2166","181","2.57","0.20","1309","148","3.31","0.21","500","118","7.2","8.1","31.8","17.8","61.0","17.4","2166","181","27.8","5.5","48.0","7.0","33.6","7.2","11.0","4.6","0.0","1.6","2.4","2.3","86.1","6.2","13.9","6.2","0.0","1.6","53.7","8.1","46.3","8.1","1021","161","57","53","231","104","857","194","3.37","0.24","3.53","0.78","3.50","0.67","1.31","0.21","1021","161","57","53","231","104","(X)","(X)","3.29","0.24","3.53","0.78","3.36","0.67","(X)","(X)","406","111","0","17","94","69","(X)","(X)","8.9","10.0","-","**","0.0","30.1","(X)","(X)","29.1","17.8","-","**","43.6","47.6","(X)","(X)","62.1","18.4","-","**","56.4","47.6","(X)","(X)","1021","161","57","53","231","104","857","194","41.7","8.5","40.4","49.4","58.4","22.3","2.1","3.5","53.5","10.6","59.6","49.4","39.4","22.7","42.9","15.1","(X)","(X)","(X)","(X)","(X)","(X)","84.8","10.3","(X)","(X)","(X)","(X)","(X)","(X)","27.9","12.3","(X)","(X)","(X)","(X)","(X)","(X)","(X)","(X)","(X)","(X)","(X)","(X)","(X)","(X)","(X)","(X)","90.2","6.0","59.6","49.4","93.9","11.1","80.7","13.3","9.8","6.0","40.4","49.4","6.1","11.1","19.3","13.3","0.0","3.4","0.0","40.8","0.0","14.0","0.0","4.0","73.8","9.4","59.6","49.4","51.9","20.1","29.8","12.9","26.2","9.4","40.4","49.4","48.1","20.1","70.2","12.9",
"1400000US06111001001","Census Tract 10.01, Ventura County, California","968","101","2.63","0.20","691","99","2.97","0.16","320","73","38.8","19.3","8.8","8.2","52.5","19.6","968","101","33.1","7.0","48.9","9.6","25.8","8.5","9.8","4.5","0.0","3.5","7.4","5.3","79.3","8.4","6.1","5.4","14.6","5.4","61.3","9.9","38.7","9.9","588","100","30","33","73","55","277","93","3.13","0.25","2.93","0.69","4.12","0.84","1.12","0.11","588","100","30","33","73","55","(X)","(X)","2.99","0.19","2.47","0.25","3.00","0.44","(X)","(X)","257","66","0","12","63","52","(X)","(X)","33.5","18.6","-","**","60.3","38.4","(X)","(X)","7.4","9.1","-","**","14.3","27.7","(X)","(X)","59.1","19.8","-","**","25.4","33.8","(X)","(X)","588","100","30","33","73","55","277","93","43.7","10.4","0.0","56.2","86.3","23.1","0.0","11.9","46.6","12.1","56.7","53.1","13.7","23.1","62.1","16.8","(X)","(X)","(X)","(X)","(X)","(X)","90.3","9.0","(X)","(X)","(X)","(X)","(X)","(X)","34.3","14.3","(X)","(X)","(X)","(X)","(X)","(X)","(X)","(X)","(X)","(X)","(X)","(X)","(X)","(X)","(X)","(X)","89.1","9.6","83.3","32.9","78.1","30.2","58.5","15.9","2.7","4.4","0.0","56.2","0.0","35.8","15.5","13.5","8.2","7.4","16.7","32.9","21.9","30.2","26.0","12.4","73.5","12.9","100.0","56.2","20.5","30.3","41.9","16.4","26.5","12.9","0.0","56.2","79.5","30.3","58.1","16.4",
"1400000US06111001002","Census Tract 10.02, Ventura County, California","2486","209","2.62","0.23","1581","204","3.11","0.23","454","129","13.0","13.0","25.8","17.8","61.2","19.9","2486","209","21.9","5.4","53.1","5.7","26.7","6.7","16.9","6.1","0.0","1.4","2.2","1.9","78.6","5.4","5.4","3.9","16.0","4.5","72.7","6.8","27.3","6.8","1237","214","60","56","284","140","905","225","3.17","0.26","3.93","1.65","3.10","0.71","1.63","0.35","1237","214","60","56","284","140","(X)","(X)","3.12","0.24","3.65","1.81","2.97","0.66","(X)","(X)","375","128","0","17","79","79","(X)","(X)","15.7","14.8","-","**","0.0","34.0","(X)","(X)","31.2","21.5","-","**","0.0","34.0","(X)","(X)","53.1","21.8","-","**","100.0","34.0","(X)","(X)","1237","214","60","56","284","140","905","225","35.2","9.0","50.0","48.2","27.8","25.4","0.0","3.8","52.8","7.9","78.3","43.3","39.8","23.3","56.1","11.3","(X)","(X)","(X)","(X)","(X)","(X)","73.5","11.2","(X)","(X)","(X)","(X)","(X)","(X)","46.3","12.3","(X)","(X)","(X)","(X)","(X)","(X)","(X)","(X)","(X)","(X)","(X)","(X)","(X)","(X)","(X)","(X)","81.7","7.1","78.3","43.3","82.7","20.1","72.9","10.5","3.8","3.5","21.7","43.3","4.6","8.8","6.7","8.3","14.5","6.5","0.0","39.7","12.7","19.4","20.3","8.9","74.5","9.6","56.7","51.7","78.5","24.7","69.5","13.6","25.5","9.6","43.3","51.7","21.5","24.7","30.5","13.6",
"1400000US06111001101","Census Tract 11.01, Ventura County, California","1838","73","2.73","0.17","1129","99","3.52","0.23","389","81","29.8","14.8","9.3","8.1","60.9","15.5","1838","73","25.4","5.1","46.1","4.7","32.4","5.0","15.9","4.5","0.9","1.0","7.1","3.4","81.7","4.4","3.9","3.1","14.4","3.8","77.9","4.6","22.1","4.6","926","104","62","45","141","65","709","99","3.75","0.27","3.15","0.95","3.48","0.59","1.21","0.09","926","104","62","45","141","65","(X)","(X)","3.69","0.27","2.53","0.71","2.82","0.62","(X)","(X)","320","72","45","38","24","26","(X)","(X)","22.2","16.1","75.6","29.6","45.8","54.2","(X)","(X)","7.2","7.7","0.0","45.9","54.2","54.2","(X)","(X)","70.6","16.8","24.4","29.6","0.0","62.8","(X)","(X)","926","104","62","45","141","65","709","99","41.8","8.4","72.6","32.6","24.1","21.5","0.0","4.8","44.4","7.9","21.0","31.1","48.2","26.0","50.2","10.3","(X)","(X)","(X)","(X)","(X)","(X)","84.1","6.9","(X)","(X)","(X)","(X)","(X)","(X)","41.3","10.4","(X)","(X)","(X)","(X)","(X)","(X)","(X)","(X)","(X)","(X)","(X)","(X)","(X)","(X)","(X)","(X)","91.6","4.8","100.0","39.1","80.1","18.8","67.6","10.8","0.8","1.3","0.0","39.1","0.0","21.8","9.2","7.7","7.7","4.6","0.0","39.1","19.9","18.8","23.3","9.5","94.2","3.8","45.2","31.2","67.4","20.8","61.6","10.5","5.8","3.8","54.8","31.2","32.6","20.8","38.4","10.5",
"1400000US06111001102","Census Tract 11.02, Ventura County, California","1378","94","2.70","0.21","929","128","3.13","0.17","314","82","11.8","10.5","15.9","16.6","72.3","17.9","1378","94","24.0","5.7","50.4","6.4","22.9","8.0","15.0","6.1","0.9","1.2","7.9","4.9","92.9","4.8","2.4","2.3","4.7","4.2","74.1","8.1","25.9","8.1","795","116","53","54","81","51","449","122","3.16","0.22","3.30","0.53","3.31","0.41","1.71","0.40","795","116","53","54","81","51","(X)","(X)","3.13","0.21","3.13","0.44","3.17","0.31","(X)","(X)","293","84","8","13","13","21","(X)","(X)","12.6","11.4","0.0","100.0","0.0","85.4","(X)","(X)","14.3","17.7","100.0","100.0","0.0","85.4","(X)","(X)","73.0","18.8","0.0","100.0","100.0","85.4","(X)","(X)","795","116","53","54","81","51","449","122","39.0","8.4","15.1","31.6","16.0","24.2","0.0","7.5","53.3","8.1","0.0","42.3","0.0","33.5","60.1","14.9","(X)","(X)","(X)","(X)","(X)","(X)","70.2","16.1","(X)","(X)","(X)","(X)","(X)","(X)","46.1","14.7","(X)","(X)","(X)","(X)","(X)","(X)","(X)","(X)","(X)","(X)","(X)","(X)","(X)","(X)","(X)","(X)","98.9","1.6","84.9","31.6","58.0","33.8","89.5","12.2","1.1","1.6","0.0","42.3","13.6","22.4","2.9","4.6","0.0","4.3","15.1","31.6","28.4","26.6","7.6","11.5","91.1","5.9","100.0","42.3","25.9","33.5","49.7","16.1","8.9","5.9","0.0","42.3","74.1","33.5","50.3","16.1",
"1400000US06111001201","Census Tract 12.01, Ventura County, California","1901","96","2.58","0.14","1186","138","3.10","0.24","642","131","24.3","12.0","16.0","10.2","59.7","12.6","1901","96","35.3","6.3","43.5","5.9","30.0","5.2","20.1","3.6","0.0","1.8","11.0","4.7","49.1","4.0","41.6","3.9","9.3","2.2","48.1","6.1","51.9","6.1","719","121","211","126","256","101","715","110","3.43","0.34","3.51","0.54","2.78","0.34","1.37","0.21","719","121","211","126","256","101","(X)","(X)","3.39","0.35","2.71","0.34","2.61","0.29","(X)","(X)","305","81","188","121","149","90","(X)","(X)","2.3","3.4","64.4","25.9","18.8","23.9","(X)","(X)","24.6","16.0","0.0","16.9","18.8","26.5","(X)","(X)","73.1","16.3","35.6","25.9","62.4","27.6","(X)","(X)","719","121","211","126","256","101","715","110","45.6","8.4","89.1","11.6","60.5","21.0","0.0","4.8","38.7","7.9","18.0","20.2","25.4","17.3","62.4","9.5","(X)","(X)","(X)","(X)","(X)","(X)","79.7","8.9","(X)","(X)","(X)","(X)","(X)","(X)","53.4","8.9","(X)","(X)","(X)","(X)","(X)","(X)","(X)","(X)","(X)","(X)","(X)","(X)","(X)","(X)","(X)","(X)","90.1","6.0","50.2","25.0","26.2","17.3","15.7","6.9","7.9","6.1","42.2","24.2","64.8","18.9","67.0","7.6","1.9","1.7","7.6","9.4","9.0","8.2","17.3","5.4","70.8","10.6","38.9","22.0","32.8","19.1","33.6","8.0","29.2","10.6","61.1","22.0","67.2","19.1","66.4","8.0",
"1400000US06111001202","Census Tract 12.02, Ventura County, California","2400","78","2.88","0.15","1936","135","3.21","0.20","647","115","23.3","11.2","18.1","10.3","58.6","12.1","2400","78","32.0","3.8","48.6","6.1","14.8","4.9","11.4","3.7","0.0","1.4","3.0","2.1","96.2","3.8","3.8","3.8","0.0","1.4","82.0","6.4","18.0","6.4","1685","128","55","51","196","82","464","120","3.27","0.22","2.47","0.51","3.41","0.84","1.32","0.23","1685","128","55","51","196","82","(X)","(X)","3.24","0.22","2.11","0.18","3.27","0.80","(X)","(X)","542","116","34","40","71","55","(X)","(X)","20.3","12.6","0.0","52.8","57.7","39.4","(X)","(X)","21.6","12.3","0.0","52.8","0.0","36.4","(X)","(X)","58.1","13.9","100.0","52.8","42.3","39.4","(X)","(X)","1685","128","55","51","196","82","464","120","37.9","5.7","61.8","40.8","49.0","22.6","0.0","7.3","43.3","7.1","38.2","40.8","33.2","24.7","75.6","17.8","(X)","(X)","(X)","(X)","(X)","(X)","76.5","18.2","(X)","(X)","(X)","(X)","(X)","(X)","58.8","14.8","(X)","(X)","(X)","(X)","(X)","(X)","(X)","(X)","(X)","(X)","(X)","(X)","(X)","(X)","(X)","(X)","98.8","1.9","100.0","41.5","100.0","16.3","84.7","17.4","1.2","1.9","0.0","41.5","0.0","16.3","15.3","17.4","0.0","2.1","0.0","41.5","0.0","16.3","0.0","7.3","83.6","8.3","74.5","36.7","54.6","23.8","88.6","11.9","16.4","8.3","25.5","36.7","45.4","23.8","11.4","11.9",
"1400000US06111001204","Census Tract 12.04, Ventura County, California","889","41","3.32","0.25","670","69","3.53","0.30","233","52","24.9","14.5","15.9","11.2","59.2","15.0","889","41","31.9","6.0","39.4","5.6","13.2","3.9","6.9","3.0","0.0","3.9","16.5","6.6","75.8","5.6","1.1","1.3","23.1","5.6","71.7","7.1","28.3","7.1","409","64","134","58","127","54","219","60","3.52","0.38","4.63","0.77","4.12","0.71","1.69","0.24","409","64","134","58","127","54","(X)","(X)","3.41","0.36","3.53","0.67","3.92","0.66","(X)","(X)","95","42","82","46","56","35","(X)","(X)","28.4","24.1","24.4","27.1","19.6","29.6","(X)","(X)","9.5","10.0","29.3","26.7","7.1","12.1","(X)","(X)","62.1","24.1","46.3","32.9","73.2","30.9","(X)","(X)","409","64","134","58","127","54","219","60","25.7","9.7","83.6","12.0","48.8","21.4","2.3","3.4","37.9","10.5","27.6","17.9","33.1","17.8","53.0","16.4","(X)","(X)","(X)","(X)","(X)","(X)","53.4","14.5","(X)","(X)","(X)","(X)","(X)","(X)","27.9","13.2","(X)","(X)","(X)","(X)","(X)","(X)","(X)","(X)","(X)","(X)","(X)","(X)","(X)","(X)","(X)","(X)","84.1","6.5","67.2","21.7","70.1","17.4","68.9","14.0","1.5","2.2","0.0","22.7","3.1","5.4","0.0","14.7","14.4","6.5","32.8","21.7","26.8","17.2","31.1","14.0","78.0","10.5","67.2","23.1","52.0","20.7","74.0","13.6","22.0","10.5","32.8","23.1","48.0","20.7","26.0","13.6",
"1400000US06111001206","Census Tract 12.06, Ventura County, California","324","53","2.29","0.29","214","50","2.59","0.34","92","37","60.9","26.5","0.0","30.6","39.1","26.5","324","53","28.4","10.2","52.2","12.5","23.8","11.5","8.6","5.1","0.0","10.2","10.2","12.0","87.7","9.3","5.6","8.5","6.8","5.3","61.7","12.1","38.3","12.1","155","58","14","19","45","39","110","44","2.66","0.43","2.71","0.56","3.04","0.77","1.39","0.21","155","58","14","19","45","39","(X)","(X)","2.66","0.43","2.71","0.56","2.31","0.23","(X)","(X)","48","38","4","8","40","37","(X)","(X)","33.3","37.4","0.0","100.0","100.0","48.7","(X)","(X)","0.0","44.4","0.0","100.0","0.0","48.7","(X)","(X)","66.7","37.4","100.0","100.0","0.0","48.7","(X)","(X)","155","58","14","19","45","39","110","44","31.0","17.8","28.6","55.8","88.9","22.5","0.0","26.7","47.7","17.5","71.4","55.8","0.0","45.9","77.3","15.8","(X)","(X)","(X)","(X)","(X)","(X)","70.0","17.0","(X)","(X)","(X)","(X)","(X)","(X)","25.5","15.6","(X)","(X)","(X)","(X)","(X)","(X)","(X)","(X)","(X)","(X)","(X)","(X)","(X)","(X)","(X)","(X)","88.4","17.5","28.6","55.8","100.0","45.9","89.1","11.2","11.6","17.5","0.0","82.3","0.0","45.9","0.0","26.7","0.0","20.1","71.4","55.8","0.0","45.9","10.9","11.2","69.7","17.9","100.0","82.2","0.0","45.9","70.9","17.7","30.3","17.9","0.0","82.3","100.0","45.9","29.1","17.7",
"1400000US06111001301","Census Tract 13.01, Ventura County, California","2702","90","2.91","0.16","1876","143","3.40","0.22","1007","139","8.9","7.4","7.9","7.9","83.1","9.7","2702","90","39.1","5.4","33.2","4.6","19.7","4.9","5.6","2.6","0.0","1.3","6.9","4.2","73.8","5.4","25.6","5.3","0.6","1.0","58.4","5.6","41.6","5.6","1546","188","146","120","184","108","826","152","3.59","0.21","2.08","0.18","3.59","0.81","1.65","0.23","1546","188","146","120","184","108","(X)","(X)","3.57","0.21","2.08","0.18","3.04","0.93","(X)","(X)","806","149","93","112","108","97","(X)","(X)","11.2","9.1","0.0","30.4","0.0","27.1","(X)","(X)","9.9","9.7","0.0","30.4","0.0","27.1","(X)","(X)","78.9","11.7","100.0","30.4","100.0","27.1","(X)","(X)","1546","188","146","120","184","108","826","152","52.7","8.4","63.7","42.6","69.0","26.3","2.5","4.0","39.8","7.2","9.6","18.8","14.7","17.4","29.2","9.7","(X)","(X)","(X)","(X)","(X)","(X)","64.4","13.2","(X)","(X)","(X)","(X)","(X)","(X)","18.2","8.4","(X)","(X)","(X)","(X)","(X)","(X)","(X)","(X)","(X)","(X)","(X)","(X)","(X)","(X)","(X)","(X)","89.2","4.3","47.3","50.9","60.9","31.2","52.4","12.4","10.8","4.3","52.7","50.9","39.1","31.2","45.6","11.9","0.0","2.2","0.0","21.1","0.0","17.2","1.9","3.1","72.2","8.2","47.3","50.9","34.8","27.5","40.0","10.0","27.8","8.2","52.7","50.9","65.2","27.5","60.0","10.0",
"1400000US06111001302","Census Tract 13.02, Ventura County, California","788","54","2.87","0.41","426","74","3.81","0.52","98","43","13.3","11.8","43.9","28.6","42.9","29.6","788","54","18.4","7.0","68.8","7.4","34.8","8.9","29.8","8.0","2.5","3.7","5.6","3.6","45.3","7.2","13.5","6.0","41.2","6.6","79.7","6.6","20.3","6.6","326","74","36","33","64","31","362","77","4.10","0.93","3.03","0.73","5.02","1.56","1.36","0.19","326","74","36","33","64","31","(X)","(X)","3.75","0.73","3.03","0.73","4.52","1.40","(X)","(X)","72","51","0","12","26","23","(X)","(X)","6.9","14.1","-","**","30.8","44.9","(X)","(X)","34.7","32.6","-","**","69.2","44.9","(X)","(X)","58.3","32.7","-","**","0.0","60.4","(X)","(X)","326","74","36","33","64","31","362","77","34.7","16.4","0.0","51.3","50.0","26.6","0.0","9.2","58.3","11.7","80.6","39.0","51.6","28.0","80.1","13.3","(X)","(X)","(X)","(X)","(X)","(X)","75.7","13.1","(X)","(X)","(X)","(X)","(X)","(X)","64.9","14.7","(X)","(X)","(X)","(X)","(X)","(X)","(X)","(X)","(X)","(X)","(X)","(X)","(X)","(X)","(X)","(X)","57.4","11.3","36.1","53.6","79.7","20.1","29.3","12.0","9.5","10.5","63.9","53.6","0.0","38.5","14.4","9.1","33.1","10.7","0.0","51.3","20.3","20.1","56.4","12.0","83.1","12.7","16.7","31.8","51.6","28.0","87.8","5.7","16.9","12.7","83.3","31.8","48.4","28.0","12.2","5.7",
"1400000US06111001401","Census Tract 14.01, Ventura County, California","1398","49","2.87","0.15","1070","83","3.22","0.16","468","78","25.9","11.2","12.6","6.7","61.5","10.8","1398","49","35.9","4.7","45.0","5.9","19.4","4.6","12.0","3.8","0.0","2.5","2.1","2.1","90.6","3.6","9.4","3.6","0.0","2.5","75.2","5.1","24.8","5.1","820","92","132","50","118","48","328","71","3.36","0.20","3.69","0.86","3.05","0.77","1.22","0.14","820","92","132","50","118","48","(X)","(X)","3.36","0.20","3.01","0.55","2.50","0.28","(X)","(X)","337","63","90","47","41","31","(X)","(X)","28.8","14.7","26.7","24.2","0.0","48.1","(X)","(X)","14.5","8.2","0.0","31.1","24.4","31.7","(X)","(X)","56.7","13.7","73.3","24.2","75.6","31.7","(X)","(X)","820","92","132","50","118","48","328","71","42.2","6.4","68.2","24.9","55.9","27.7","0.0","10.1","39.6","7.6","9.1","13.4","56.8","25.1","68.6","12.6","(X)","(X)","(X)","(X)","(X)","(X)","82.6","10.8","(X)","(X)","(X)","(X)","(X)","(X)","51.2","12.7","(X)","(X)","(X)","(X)","(X)","(X)","(X)","(X)","(X)","(X)","(X)","(X)","(X)","(X)","(X)","(X)","97.7","2.6","93.9","10.9","100.0","25.2","68.3","11.0","2.3","2.6","6.1","10.9","0.0","25.2","31.7","11.0","0.0","4.2","0.0","23.0","0.0","25.2","0.0","10.1","88.7","5.6","37.9","22.4","79.7","22.3","54.9","12.3","11.3","5.6","62.1","22.4","20.3","22.3","45.1","12.3",
"1400000US06111001402","Census Tract 14.02, Ventura County, California","2020","137","2.53","0.16","1385","151","3.12","0.24","396","90","29.5","14.5","40.7","14.7","29.8","13.0","2020","137","20.8","4.4","45.6","6.8","28.2","5.8","11.5","4.4","0.0","1.7","1.8","1.8","69.2","6.8","30.2","6.7","0.6","1.0","59.6","5.5","40.4","5.5","1219","166","26","30","140","90","635","123","3.10","0.27","4.65","1.73","3.47","1.27","1.13","0.08","1219","166","26","30","140","90","(X)","(X)","3.06","0.26","4.12","2.33","3.47","1.27","(X)","(X)","289","93","26","30","81","66","(X)","(X)","36.0","19.4","50.0","50.0","0.0","33.5","(X)","(X)","41.9","20.8","0.0","60.4","49.4","43.7","(X)","(X)","22.1","13.2","50.0","50.0","50.6","43.7","(X)","(X)","1219","166","26","30","140","90","635","123","25.7","6.6","100.0","60.4","57.9","41.5","0.0","5.4","46.9","9.6","0.0","60.4","7.9","17.0","53.2","14.1","(X)","(X)","(X)","(X)","(X)","(X)","89.6","6.7","(X)","(X)","(X)","(X)","(X)","(X)","36.7","14.0","(X)","(X)","(X)","(X)","(X)","(X)","(X)","(X)","(X)","(X)","(X)","(X)","(X)","(X)","(X)","(X)","87.4","6.3","100.0","60.4","29.3","28.6","41.7","14.7","12.6","6.3","0.0","60.4","70.7","28.6","56.2","13.9","0.0","2.8","0.0","60.4","0.0","21.9","2.0","3.2","77.6","7.9","50.0","50.0","18.6","21.6","34.5","12.3","22.4","7.9","50.0","50.0","81.4","21.6","65.5","12.3",
"1400000US06111001502","Census Tract 15.02, Ventura County, California","3661","201","2.50","0.14","2073","228","3.35","0.18","1158","185","17.5","10.0","17.4","8.0","65.0","12.0","3661","201","32.8","4.8","41.1","6.3","38.5","6.0","17.0","4.3","0.0","0.9","6.1","2.9","41.4","7.0","43.2","6.8","15.3","4.4","49.2","6.9","50.8","6.9","1217","226","245","142","611","203","1588","267","3.66","0.27","3.77","0.62","3.16","0.39","1.16","0.09","1217","226","245","142","611","203","(X)","(X)","3.56","0.26","3.31","0.72","2.97","0.34","(X)","(X)","688","168","160","133","310","154","(X)","(X)","27.5","14.7","8.8","18.8","0.0","10.7","(X)","(X)","15.6","10.7","10.0","18.7","25.5","21.9","(X)","(X)","57.0","16.2","81.3","26.7","74.5","21.9","(X)","(X)","1217","226","245","142","611","203","1588","267","58.8","9.4","65.3","27.3","52.9","15.9","0.0","2.2","23.8","9.4","10.6","13.1","32.2","14.7","62.4","10.7","(X)","(X)","(X)","(X)","(X)","(X)","88.9","6.0","(X)","(X)","(X)","(X)","(X)","(X)","39.2","9.8","(X)","(X)","(X)","(X)","(X)","(X)","(X)","(X)","(X)","(X)","(X)","(X)","(X)","(X)","(X)","(X)","49.9","12.5","61.6","29.5","48.4","14.8","29.2","9.4","32.8","11.4","34.3","28.0","28.6","13.5","58.2","10.5","17.3","8.4","4.1","7.1","22.9","12.2","12.6","5.7","54.1","11.9","20.0","20.5","54.8","16.9","47.7","10.3","45.9","11.9","80.0","20.5","45.2","16.9","52.3","10.3",
"1400000US06111001503","Census Tract 15.03, Ventura County, California","1842","83","2.51","0.23","1086","120","3.29","0.31","455","110","19.1","13.9","23.5","12.5","57.4","16.4","1842","83","25.1","6.0","39.3","4.8","31.6","6.1","15.4","3.8","0.0","1.9","6.5","4.0","38.1","5.2","50.1","5.3","11.9","2.6","38.7","5.7","61.3","5.7","751","144","58","47","277","108","756","143","3.46","0.37","3.26","1.65","2.98","0.52","1.34","0.19","751","144","58","47","277","108","(X)","(X)","3.42","0.37","3.26","1.65","2.94","0.48","(X)","(X)","318","91","0","17","137","85","(X)","(X)","8.2","8.6","-","**","44.5","35.7","(X)","(X)","30.2","16.0","-","**","8.0","12.6","(X)","(X)","61.6","17.8","-","**","47.4","31.6","(X)","(X)","751","144","58","47","277","108","756","143","43.4","9.3","0.0","40.4","49.5","22.8","0.0","4.5","32.0","10.6","17.2","30.8","23.5","14.0","54.0","10.7","(X)","(X)","(X)","(X)","(X)","(X)","77.0","10.4","(X)","(X)","(X)","(X)","(X)","(X)","37.4","9.5","(X)","(X)","(X)","(X)","(X)","(X)","(X)","(X)","(X)","(X)","(X)","(X)","(X)","(X)","(X)","(X)","53.0","9.2","65.5","43.5","24.2","15.5","26.2","8.7","41.5","8.7","29.3","42.6","67.5","17.9","53.7","9.8","5.5","4.6","5.2","15.0","8.3","8.3","20.1","6.4","40.6","10.3","46.6","46.4","20.9","13.7","42.6","9.8","59.4","10.3","53.4","46.4","79.1","13.7","57.4","9.8",
"1400000US06111001506","Census Tract 15.06, Ventura County, California","1697","78","3.14","0.23","1261","114","3.55","0.29","418","81","24.4","11.4","12.7","6.8","62.9","11.0","1697","78","28.9","4.1","50.6","5.3","21.0","4.7","11.5","4.0","0.0","2.0","7.3","4.6","92.6","3.2","4.4","2.4","2.9","1.9","81.5","5.1","18.5","5.1","969","121","110","57","182","67","436","102","3.56","0.32","6.15","2.53","3.67","0.59","1.23","0.15","969","121","110","57","182","67","(X)","(X)","3.44","0.27","5.61","2.75","2.87","0.29","(X)","(X)","351","80","21","22","46","32","(X)","(X)","24.8","12.3","0.0","67.2","32.6","41.1","(X)","(X)","15.1","8.1","0.0","67.2","0.0","45.4","(X)","(X)","60.1","11.8","100.0","67.2","67.4","41.1","(X)","(X)","969","121","110","57","182","67","436","102","38.9","6.8","49.1","30.1","33.0","17.6","0.0","7.7","44.0","6.6","40.9","30.9","60.4","17.9","63.5","13.8","(X)","(X)","(X)","(X)","(X)","(X)","81.7","13.1","(X)","(X)","(X)","(X)","(X)","(X)","45.0","13.6","(X)","(X)","(X)","(X)","(X)","(X)","(X)","(X)","(X)","(X)","(X)","(X)","(X)","(X)","(X)","(X)","95.3","3.2","100.0","26.7","74.7","15.3","92.4","6.3","3.0","2.7","0.0","26.7","20.9","14.1","1.8","3.3","1.8","1.9","0.0","26.7","4.4","7.2","5.7","5.3","80.5","7.2","44.5","31.7","77.5","16.2","94.7","6.0","19.5","7.2","55.5","31.7","22.5","16.2","5.3","6.0",
"1400000US06111001507","Census Tract 15.07, Ventura County, California","1455","77","2.98","0.22","997","96","3.56","0.31","386","88","16.1","13.1","13.0","8.9","71.0","14.3","1455","77","34.8","5.9","39.9","5.8","27.8","6.3","17.5","5.2","0.0","2.4","7.0","4.7","74.4","5.8","25.1","5.7","0.5","0.8","52.7","6.2","47.3","6.2","656","113","189","92","152","69","458","99","3.72","0.36","4.93","1.45","2.74","0.31","1.18","0.15","656","113","189","92","152","69","(X)","(X)","3.55","0.32","4.35","1.37","2.59","0.30","(X)","(X)","300","74","42","49","44","36","(X)","(X)","20.7","16.0","0.0","47.5","0.0","46.4","(X)","(X)","13.7","10.1","21.4","55.6","0.0","46.4","(X)","(X)","65.7","15.8","78.6","55.6","100.0","46.4","(X)","(X)","656","113","189","92","152","69","458","99","48.5","9.2","76.2","22.2","28.9","21.5","0.0","7.4","29.0","9.0","23.3","18.3","38.8","24.3","62.7","13.4","(X)","(X)","(X)","(X)","(X)","(X)","88.2","10.1","(X)","(X)","(X)","(X)","(X)","(X)","55.5","13.1","(X)","(X)","(X)","(X)","(X)","(X)","(X)","(X)","(X)","(X)","(X)","(X)","(X)","(X)","(X)","(X)","82.2","10.7","57.7","25.4","75.7","22.1","69.9","12.4","17.8","10.7","42.3","25.4","24.3","22.1","28.6","12.3","0.0","5.2","0.0","16.8","0.0","20.4","1.5","2.6","62.3","11.7","23.3","18.3","35.5","23.6","56.8","13.9","37.7","11.7","76.7","18.3","64.5","23.6","43.2","13.9",
"1400000US06111001601","Census Tract 16.01, Ventura County, California","499","35","2.67","0.30","263","48","3.97","0.40","86","42","31.4","21.3","25.6","25.3","43.0","23.4","499","35","25.5","8.2","24.4","7.5","39.3","10.5","11.4","5.5","0.0","6.8","9.4","5.3","33.5","6.7","66.5","6.7","0.0","6.8","26.1","6.1","73.9","6.1","227","50","10","12","26","22","236","56","3.99","0.49","2.90","1.05","4.50","1.09","1.19","0.12","227","50","10","12","26","22","(X)","(X)","3.99","0.49","2.30","0.64","4.46","1.12","(X)","(X)","79","40","6","10","1","6","(X)","(X)","34.2","23.8","0.0","100.0","0.0","100.0","(X)","(X)","27.8","26.8","0.0","100.0","0.0","100.0","(X)","(X)","38.0","24.6","100.0","100.0","100.0","100.0","(X)","(X)","227","50","10","12","26","22","236","56","48.5","11.9","60.0","56.4","42.3","43.2","0.0","13.8","28.6","12.1","0.0","97.3","0.0","60.4","24.2","11.2","(X)","(X)","(X)","(X)","(X)","(X)","83.1","10.8","(X)","(X)","(X)","(X)","(X)","(X)","24.2","11.2","(X)","(X)","(X)","(X)","(X)","(X)","(X)","(X)","(X)","(X)","(X)","(X)","(X)","(X)","(X)","(X)","52.0","14.0","0.0","97.3","65.4","34.0","13.6","8.5","48.0","14.0","100.0","97.3","34.6","34.0","86.4","8.5","0.0","14.3","0.0","97.3","0.0","60.4","0.0","13.8","45.4","14.9","0.0","97.3","7.7","20.4","10.6","6.6","54.6","14.9","100.0","97.3","92.3","20.4","89.4","6.6",
"1400000US06111001602","Census Tract 16.02, Ventura County, California","924","43","2.69","0.22","631","46","3.10","0.22","256","39","48.4","14.4","9.8","10.9","41.8","15.3","924","43","27.7","4.3","50.3","4.9","26.7","4.5","16.2","3.9","0.0","3.7","6.9","3.6","74.9","4.4","10.6","3.7","14.5","3.3","78.9","5.8","21.1","5.8","495","61","24","19","112","39","293","46","3.33","0.38","3.83","1.16","3.64","0.62","1.16","0.11","495","61","24","19","112","39","(X)","(X)","3.13","0.25","2.79","0.63","3.05","0.46","(X)","(X)","198","50","8","11","50","25","(X)","(X)","41.9","13.9","100.0","100.0","66.0","37.8","(X)","(X)","12.6","13.2","0.0","100.0","0.0","43.5","(X)","(X)","45.5","15.3","0.0","100.0","34.0","37.8","(X)","(X)","495","61","24","19","112","39","293","46","40.0","7.8","33.3","38.9","44.6","17.3","0.0","11.2","49.1","7.8","16.7","23.7","27.7","16.1","63.8","10.5","(X)","(X)","(X)","(X)","(X)","(X)","84.3","10.5","(X)","(X)","(X)","(X)","(X)","(X)","51.2","10.6","(X)","(X)","(X)","(X)","(X)","(X)","(X)","(X)","(X)","(X)","(X)","(X)","(X)","(X)","(X)","(X)","85.7","5.2","75.0","38.6","68.8","23.3","59.0","9.4","6.1","3.6","25.0","38.6","27.7","22.7","10.6","8.8","8.3","4.6","0.0","62.8","3.6","5.8","30.4","8.4","81.8","10.0","75.0","38.6","32.1","18.0","92.2","5.2","18.2","10.0","25.0","38.6","67.9","18.0","7.8","5.2",
"1400000US06111001700","Census Tract 17, Ventura County, California","1260","66","2.69","0.15","1001","83","3.01","0.16","358","66","18.7","13.6","22.6","13.5","58.7","17.7","1260","66","30.3","4.9","54.1","5.5","17.9","5.4","13.3","4.7","0.0","2.7","6.3","4.6","100.0","2.7","0.0","2.7","0.0","2.7","89.0","4.5","11.0","4.5","877","97","63","57","61","42","259","72","3.00","0.17","3.17","0.31","4.28","1.11","1.16","0.13","877","97","63","57","61","42","(X)","(X)","3.00","0.17","2.32","0.42","3.95","1.12","(X)","(X)","268","65","54","55","36","34","(X)","(X)","22.4","16.5","13.0","29.9","0.0","51.3","(X)","(X)","26.5","16.1","0.0","41.9","27.8","42.3","(X)","(X)","51.1","19.6","87.0","29.9","72.2","42.3","(X)","(X)","877","97","63","57","61","42","259","72","31.4","6.2","85.7","28.2","86.9","20.8","0.0","12.6","50.9","8.0","14.3","28.2","41.0","33.4","78.0","12.6","(X)","(X)","(X)","(X)","(X)","(X)","86.9","10.1","(X)","(X)","(X)","(X)","(X)","(X)","64.5","14.0","(X)","(X)","(X)","(X)","(X)","(X)","(X)","(X)","(X)","(X)","(X)","(X)","(X)","(X)","(X)","(X)","100.0","3.9","100.0","38.8","100.0","39.4","100.0","12.6","0.0","3.9","0.0","38.8","0.0","39.4","0.0","12.6","0.0","3.9","0.0","38.8","0.0","39.4","0.0","12.6","90.1","5.9","30.2","42.8","100.0","39.4","96.9","4.8","9.9","5.9","69.8","42.8","0.0","39.4","3.1","4.8",
"1400000US06111001800","Census Tract 18, Ventura County, California","1617","72","2.86","0.21","1214","91","3.35","0.25","368","62","21.5","11.6","24.2","12.8","54.3","13.1","1617","72","27.1","3.8","60.0","5.1","21.9","5.6","15.0","5.5","0.0","2.1","2.2","1.9","90.1","2.8","6.1","2.3","3.8","2.0","82.5","5.1","17.5","5.1","1033","107","66","50","115","59","403","97","3.48","0.35","2.77","0.38","3.29","0.37","1.17","0.15","1033","107","66","50","115","59","(X)","(X)","3.41","0.30","2.77","0.38","3.16","0.40","(X)","(X)","314","63","37","43","17","19","(X)","(X)","16.6","10.2","73.0","50.4","0.0","74.6","(X)","(X)","22.6","13.0","27.0","50.4","47.1","52.9","(X)","(X)","60.8","13.7","0.0","50.6","52.9","52.9","(X)","(X)","1033","107","66","50","115","59","403","97","35.5","5.8","56.1","40.3","29.6","22.0","0.0","8.3","59.2","6.1","25.8","31.6","50.4","24.2","70.5","12.1","(X)","(X)","(X)","(X)","(X)","(X)","87.8","9.0","(X)","(X)","(X)","(X)","(X)","(X)","60.0","15.8","(X)","(X)","(X)","(X)","(X)","(X)","(X)","(X)","(X)","(X)","(X)","(X)","(X)","(X)","(X)","(X)","96.3","2.4","81.8","30.7","92.2","12.1","74.9","10.7","2.6","1.6","18.2","30.7","0.0","25.8","14.6","9.8","1.1","1.8","0.0","37.9","7.8","12.1","10.4","6.3","88.0","5.4","81.8","30.7","73.0","21.8","71.2","12.3","12.0","5.4","18.2","30.7","27.0","21.8","28.8","12.3",
"1400000US06111001900","Census Tract 19, Ventura County, California","1658","70","2.56","0.22","981","101","3.35","0.38","448","82","34.8","13.0","11.8","8.9","53.3","14.1","1658","70","31.1","4.8","47.4","6.2","33.2","6.1","17.1","4.8","0.0","2.1","3.8","2.2","76.6","5.4","23.4","5.4","0.0","2.1","59.2","5.8","40.8","5.8","777","107","21","32","183","80","677","109","3.52","0.46","2.24","0.25","3.38","0.64","1.24","0.12","777","107","21","32","183","80","(X)","(X)","3.52","0.46","2.24","0.25","2.79","0.45","(X)","(X)","326","69","21","32","101","70","(X)","(X)","41.4","15.1","100.0","67.2","0.0","28.5","(X)","(X)","13.5","12.2","0.0","67.2","8.9","15.7","(X)","(X)","45.1","16.1","0.0","67.2","91.1","15.7","(X)","(X)","777","107","21","32","183","80","677","109","44.9","7.9","100.0","67.2","79.2","18.3","0.0","5.0","36.4","8.0","0.0","67.2","39.3","24.2","63.7","12.6","(X)","(X)","(X)","(X)","(X)","(X)","81.2","7.7","(X)","(X)","(X)","(X)","(X)","(X)","41.8","11.4","(X)","(X)","(X)","(X)","(X)","(X)","(X)","(X)","(X)","(X)","(X)","(X)","(X)","(X)","(X)","(X)","93.4","4.8","100.0","67.2","85.8","14.5","54.1","11.1","6.6","4.8","0.0","67.2","14.2","14.5","45.9","11.1","0.0","4.4","0.0","67.2","0.0","17.3","0.0","5.0","72.6","8.3","0.0","67.2","47.0","24.9","48.9","11.0","27.4","8.3","100.0","67.2","53.0","24.9","51.1","11.0",
"1400000US06111002000","Census Tract 20, Ventura County, California","1072","71","2.50","0.20","783","79","2.89","0.23","253","64","13.0","11.1","9.1","10.6","77.9","12.8","1072","71","25.5","6.2","48.1","7.4","20.2","6.7","6.5","3.5","0.0","3.2","6.9","4.2","77.4","7.2","22.6","7.2","0.0","3.2","67.8","6.0","32.2","6.0","590","80","51","35","142","68","289","84","3.05","0.26","2.51","0.44","2.72","0.36","1.29","0.17","590","80","51","35","142","68","(X)","(X)","2.98","0.26","2.29","0.19","2.72","0.36","(X)","(X)","174","49","11","15","68","49","(X)","(X)","19.0","15.8","0.0","92.8","0.0","37.3","(X)","(X)","13.2","14.7","0.0","92.8","0.0","37.3","(X)","(X)","67.8","16.0","100.0","92.8","100.0","37.3","(X)","(X)","590","80","51","35","142","68","289","84","31.4","7.7","21.6","30.1","47.9","28.6","3.1","5.0","54.6","9.0","35.3","38.1","51.4","29.4","35.6","14.9","(X)","(X)","(X)","(X)","(X)","(X)","75.1","13.7","(X)","(X)","(X)","(X)","(X)","(X)","24.2","13.0","(X)","(X)","(X)","(X)","(X)","(X)","(X)","(X)","(X)","(X)","(X)","(X)","(X)","(X)","(X)","(X)","89.0","5.7","82.4","24.8","50.7","31.5","66.1","16.3","11.0","5.7","17.6","24.8","49.3","31.5","33.9","16.3","0.0","5.8","0.0","43.1","0.0","21.6","0.0","11.4","79.0","9.0","60.8","35.0","50.7","31.5","54.7","15.6","21.0","9.0","39.2","35.0","49.3","31.5","45.3","15.6",
"1400000US06111002102","Census Tract 21.02, Ventura County, California","999","83","1.59","0.11","263","89","2.47","0.19","72","33","37.5","33.9","18.1","25.6","44.4","32.1","999","83","7.2","3.2","40.6","9.2","59.3","7.4","14.2","6.5","0.0","3.4","6.9","4.5","38.6","8.2","61.4","8.2","0.0","3.4","22.4","6.8","77.6","6.8","191","69","28","29","44","39","736","94","2.54","0.28","3.07","0.52","2.30","0.22","1.24","0.10","191","69","28","29","44","39","(X)","(X)","2.47","0.28","2.71","0.53","2.30","0.22","(X)","(X)","37","20","28","29","7","12","(X)","(X)","37.8","47.0","46.4","53.6","0.0","100.0","(X)","(X)","35.1","47.6","0.0","58.2","0.0","100.0","(X)","(X)","27.0","39.0","53.6","53.6","100.0","100.0","(X)","(X)","191","69","28","29","44","39","736","94","19.4","9.1","100.0","58.2","15.9","25.0","0.0","4.6","37.7","16.4","0.0","58.2","63.6","34.2","41.6","11.3","(X)","(X)","(X)","(X)","(X)","(X)","80.4","7.7","(X)","(X)","(X)","(X)","(X)","(X)","19.3","8.7","(X)","(X)","(X)","(X)","(X)","(X)","(X)","(X)","(X)","(X)","(X)","(X)","(X)","(X)","(X)","(X)","63.4","18.2","53.6","53.6","18.2","26.7","32.9","9.8","36.6","18.2","46.4","53.6","81.8","26.7","67.1","9.8","0.0","16.7","0.0","58.2","0.0","46.4","0.0","4.6","58.1","15.9","53.6","53.6","18.2","26.7","12.2","6.2","41.9","15.9","46.4","53.6","81.8","26.7","87.8","6.2",
"1400000US06111002200","Census Tract 22, Ventura County, California","2116","110","3.15","0.25","1448","191","3.82","0.28","704","214","38.1","16.5","37.2","14.7","24.7","15.6","2116","110","38.7","9.0","34.1","7.6","30.2","9.0","6.9","3.4","0.0","1.6","14.0","7.7","68.0","7.9","30.6","7.7","1.4","1.7","39.3","7.4","60.7","7.4","759","169","291","135","398","178","668","202","4.22","0.59","4.12","1.22","3.91","0.78","1.04","0.05","759","169","291","135","398","178","(X)","(X)","4.10","0.57","3.59","1.07","3.43","0.68","(X)","(X)","294","159","230","133","180","113","(X)","(X)","32.3","22.6","48.3","40.3","34.4","32.5","(X)","(X)","32.7","25.7","23.5","30.9","62.2","33.0","(X)","(X)","35.0","22.7","28.3","37.1","3.3","6.9","(X)","(X)","759","169","291","135","398","178","668","202","48.6","12.3","79.0","19.6","55.0","21.5","0.0","5.1","36.5","11.2","14.8","15.0","40.2","23.2","36.2","13.1","(X)","(X)","(X)","(X)","(X)","(X)","95.8","4.7","(X)","(X)","(X)","(X)","(X)","(X)","22.0","9.5","(X)","(X)","(X)","(X)","(X)","(X)","(X)","(X)","(X)","(X)","(X)","(X)","(X)","(X)","(X)","(X)","80.4","12.8","37.5","26.8","83.2","17.3","58.1","15.8","17.7","13.0","62.5","26.8","16.8","17.3","39.7","16.0","2.0","3.3","0.0","11.3","0.0","8.4","2.2","3.6","49.1","12.2","39.2","27.0","41.2","19.2","26.9","11.0","50.9","12.2","60.8","27.0","58.8","19.2","73.1","11.0",
"1400000US06111002300","Census Tract 23, Ventura County, California","2172","104","3.19","0.51","1511","182","3.85","0.67","772","164","10.8","10.1","22.2","13.2","67.1","16.1","2172","104","39.7","7.1","22.7","6.0","24.8","8.1","3.5","2.5","0.0","1.6","4.7","4.3","66.1","9.3","30.3","8.9","3.6","3.8","37.8","7.6","62.2","7.6","1120","205","113","79","278","116","661","193","4.14","0.88","2.96","0.69","4.04","0.64","1.28","0.28","1120","205","113","79","278","116","(X)","(X)","4.08","0.91","2.86","0.61","3.32","0.69","(X)","(X)","597","178","11","18","164","91","(X)","(X)","13.9","13.2","0.0","92.8","0.0","19.1","(X)","(X)","18.6","14.6","100.0","92.8","29.9","32.9","(X)","(X)","67.5","18.8","0.0","92.8","70.1","32.9","(X)","(X)","1120","205","113","79","278","116","661","193","60.2","10.6","9.7","20.2","64.0","24.4","0.0","5.2","24.5","7.9","0.0","26.1","23.7","20.7","23.3","12.9","(X)","(X)","(X)","(X)","(X)","(X)","81.5","14.4","(X)","(X)","(X)","(X)","(X)","(X)","11.3","8.6","(X)","(X)","(X)","(X)","(X)","(X)","(X)","(X)","(X)","(X)","(X)","(X)","(X)","(X)","(X)","(X)","81.0","11.1","88.5","22.1","56.5","28.7","41.0","16.8","19.0","11.1","11.5","22.1","36.0","26.9","50.4","16.7","0.0","3.1","0.0","26.1","7.6","13.4","8.6","11.0","46.7","11.2","0.0","26.1","21.2","16.6","36.0","17.7","53.3","11.2","100.0","26.1","78.8","16.6","64.0","17.7",
"1400000US06111002400","Census Tract 24, Ventura County, California","1418","92","1.81","0.18","495","103","2.62","0.27","212","76","6.6","8.3","6.6","10.0","86.8","12.5","1418","92","15.0","5.4","30.8","6.1","56.0","7.5","10.8","4.9","0.0","2.4","5.6","3.0","16.7","5.7","83.3","5.7","0.0","2.4","6.8","2.6","93.2","2.6","232","75","75","53","188","64","923","124","2.98","0.46","2.64","0.77","2.90","0.58","1.22","0.16","232","75","75","53","188","64","(X)","(X)","2.86","0.45","2.21","0.34","2.49","0.36","(X)","(X)","56","40","32","41","124","65","(X)","(X)","10.7","24.1","0.0","54.4","6.5","11.2","(X)","(X)","25.0","34.0","0.0","54.4","0.0","24.2","(X)","(X)","64.3","39.3","100.0","54.4","93.5","11.2","(X)","(X)","232","75","75","53","188","64","923","124","24.1","15.3","42.7","37.2","66.0","23.0","0.0","3.7","37.1","14.6","32.0","30.4","18.1","16.5","31.7","8.2","(X)","(X)","(X)","(X)","(X)","(X)","86.0","6.0","(X)","(X)","(X)","(X)","(X)","(X)","16.6","7.5","(X)","(X)","(X)","(X)","(X)","(X)","(X)","(X)","(X)","(X)","(X)","(X)","(X)","(X)","(X)","(X)","21.6","18.4","20.0","27.7","25.0","18.0","13.5","6.4","78.4","18.4","80.0","27.7","75.0","18.0","86.5","6.4","0.0","14.0","0.0","35.2","0.0","16.9","0.0","3.7","14.2","8.6","0.0","35.2","11.7","13.3","4.6","3.3","85.8","8.6","100.0","35.2","88.3","13.3","95.4","3.3",
"1400000US06111002500","Census Tract 25, Ventura County, California","2179","157","2.30","0.16","1391","145","2.77","0.19","463","122","11.4","11.4","8.6","9.6","79.9","14.1","2179","157","23.5","5.9","50.0","6.3","27.4","6.4","9.5","4.0","0.0","1.6","7.5","4.0","61.1","6.6","26.3","6.0","12.6","3.9","46.3","7.6","53.7","7.6","1041","173","149","88","201","108","788","187","2.71","0.18","4.22","0.63","2.54","0.41","1.32","0.15","1041","173","149","88","201","108","(X)","(X)","2.71","0.18","4.09","0.72","2.09","0.13","(X)","(X)","318","103","15","25","130","98","(X)","(X)","16.7","16.1","0.0","79.5","0.0","23.3","(X)","(X)","12.6","13.3","0.0","79.5","0.0","23.3","(X)","(X)","70.8","18.6","100.0","79.5","100.0","23.3","(X)","(X)","1041","173","149","88","201","108","788","187","32.8","9.3","28.2","27.1","64.7","28.9","0.0","4.3","50.0","9.4","62.4","30.5","25.4","24.7","53.9","13.2","(X)","(X)","(X)","(X)","(X)","(X)","75.8","10.9","(X)","(X)","(X)","(X)","(X)","(X)","26.3","10.1","(X)","(X)","(X)","(X)","(X)","(X)","(X)","(X)","(X)","(X)","(X)","(X)","(X)","(X)","(X)","(X)","60.1","9.8","71.8","27.1","59.2","32.7","60.9","12.8","26.1","8.8","28.2","27.1","40.8","32.7","22.3","10.9","13.7","6.9","0.0","20.8","0.0","15.9","16.8","8.8","56.1","11.6","20.8","29.1","9.5","16.5","47.6","12.7","43.9","11.6","79.2","29.1","90.5","16.5","52.4","12.7",
"1400000US06111002600","Census Tract 26, Ventura County, California","1378","84","2.15","0.16","723","112","2.83","0.19","220","61","20.5","14.2","9.1","10.5","70.5","14.8","1378","84","17.1","4.4","30.9","6.1","35.8","8.0","7.0","2.9","0.0","2.5","10.2","4.6","74.0","5.9","26.0","5.9","0.0","2.5","41.2","6.1","58.8","6.1","535","97","53","37","135","67","655","129","2.84","0.22","2.85","1.07","3.07","0.45","1.33","0.13","535","97","53","37","135","67","(X)","(X)","2.82","0.22","2.75","1.05","2.90","0.29","(X)","(X)","145","47","32","28","43","47","(X)","(X)","31.0","20.2","0.0","54.4","0.0","46.9","(X)","(X)","6.2","9.8","0.0","54.4","25.6","44.9","(X)","(X)","62.8","19.7","100.0","54.4","74.4","44.9","(X)","(X)","535","97","53","37","135","67","655","129","29.9","9.2","60.4","34.8","31.9","29.7","0.0","5.2","29.0","7.4","62.3","35.0","40.0","27.9","28.1","8.9","(X)","(X)","(X)","(X)","(X)","(X)","75.4","9.1","(X)","(X)","(X)","(X)","(X)","(X)","14.8","5.8","(X)","(X)","(X)","(X)","(X)","(X)","(X)","(X)","(X)","(X)","(X)","(X)","(X)","(X)","(X)","(X)","89.2","8.8","71.7","31.8","83.7","19.9","59.8","8.5","10.8","8.8","28.3","31.8","16.3","19.9","40.2","8.5","0.0","6.3","0.0","42.3","0.0","22.6","0.0","5.2","54.8","10.4","71.7","31.8","17.0","17.2","32.7","8.8","45.2","10.4","28.3","31.8","83.0","17.2","67.3","8.8",
"1400000US06111002700","Census Tract 27, Ventura County, California","1758","86","2.38","0.15","826","117","3.21","0.21","409","87","24.9","13.3","11.5","12.1","63.6","16.9","1758","86","24.9","5.0","47.8","5.1","40.6","5.7","23.8","4.4","1.4","1.3","7.6","4.1","48.6","5.6","51.4","5.6","0.0","2.0","37.7","5.3","62.3","5.3","486","80","31","26","309","109","932","131","3.52","0.26","3.29","1.17","3.36","0.47","1.42","0.15","486","80","31","26","309","109","(X)","(X)","3.35","0.23","2.81","0.80","3.03","0.43","(X)","(X)","242","51","31","26","136","78","(X)","(X)","36.0","20.1","0.0","55.3","11.0","12.9","(X)","(X)","7.0","8.0","0.0","55.3","22.1","33.1","(X)","(X)","57.0","21.1","100.0","55.3","66.9","32.0","(X)","(X)","486","80","31","26","309","109","932","131","52.5","9.3","100.0","55.3","48.9","19.2","0.0","3.7","27.0","7.7","0.0","55.3","35.6","17.9","64.4","7.3","(X)","(X)","(X)","(X)","(X)","(X)","76.6","7.3","(X)","(X)","(X)","(X)","(X)","(X)","44.8","7.3","(X)","(X)","(X)","(X)","(X)","(X)","(X)","(X)","(X)","(X)","(X)","(X)","(X)","(X)","(X)","(X)","68.9","11.5","51.6","41.8","60.5","19.4","33.9","8.1","31.1","11.5","48.4","41.8","39.5","19.4","66.1","8.1","0.0","6.9","0.0","55.3","0.0","10.7","0.0","3.7","49.0","11.0","51.6","41.8","32.7","18.4","33.0","7.7","51.0","11.0","48.4","41.8","67.3","18.4","67.0","7.7",
"1400000US06111002800","Census Tract 28, Ventura County, California","2487","102","2.62","0.16","1647","157","3.20","0.17","625","118","32.8","13.2","26.2","11.9","41.0","14.3","2487","102","30.5","4.9","35.5","5.7","26.9","6.4","10.0","4.8","0.0","1.4","9.0","4.2","73.0","5.9","25.2","5.7","1.8","1.7","47.3","6.4","52.7","6.4","1026","157","171","94","450","150","840","173","3.20","0.23","3.18","0.50","3.64","0.51","1.27","0.14","1026","157","171","94","450","150","(X)","(X)","3.15","0.24","2.82","0.41","3.47","0.50","(X)","(X)","353","130","72","63","200","103","(X)","(X)","39.7","22.1","45.8","41.5","16.0","23.2","(X)","(X)","18.1","12.7","38.9","48.3","36.0","33.5","(X)","(X)","42.2","20.2","15.3","30.7","48.0","29.4","(X)","(X)","1026","157","171","94","450","150","840","173","41.2","10.2","50.9","27.6","55.3","15.9","0.0","4.1","36.6","10.7","32.2","25.1","31.8","13.8","36.7","13.2","(X)","(X)","(X)","(X)","(X)","(X)","79.8","9.7","(X)","(X)","(X)","(X)","(X)","(X)","29.6","12.3","(X)","(X)","(X)","(X)","(X)","(X)","(X)","(X)","(X)","(X)","(X)","(X)","(X)","(X)","(X)","(X)","90.4","8.3","67.8","27.9","78.0","19.3","50.0","13.0","8.3","8.1","32.2","27.9","18.0","17.8","48.2","13.2","1.3","2.2","0.0","18.4","4.0","6.3","1.8","2.9","65.0","12.7","32.2","25.1","48.9","17.7","28.0","11.7","35.0","12.7","67.8","25.1","51.1","17.7","72.0","11.7",
"1400000US06111002901","Census Tract 29.01, Ventura County, California","1695","81","3.32","0.20","1484","94","3.52","0.25","569","110","4.7","4.6","6.5","6.0","88.8","7.8","1695","81","40.0","5.1","52.5","6.4","10.9","3.2","7.6","2.5","0.5","0.7","3.0","2.0","83.7","4.8","16.3","4.8","0.0","2.0","76.3","5.0","23.7","5.0","1132","129","138","82","214","85","211","57","3.63","0.27","4.52","1.09","3.10","0.25","1.11","0.10","1132","129","138","82","214","85","(X)","(X)","3.56","0.27","4.28","1.03","2.80","0.34","(X)","(X)","344","107","80","66","145","77","(X)","(X)","2.3","3.6","13.8","24.7","5.5","9.8","(X)","(X)","10.8","9.6","0.0","33.7","0.0","21.2","(X)","(X)","86.9","10.3","86.3","24.7","94.5","9.8","(X)","(X)","1132","129","138","82","214","85","211","57","36.7","8.1","85.5","16.7","67.8","19.1","0.0","15.2","52.4","7.6","41.3","30.7","32.7","19.5","80.6","10.5","(X)","(X)","(X)","(X)","(X)","(X)","87.7","10.5","(X)","(X)","(X)","(X)","(X)","(X)","61.1","14.2","(X)","(X)","(X)","(X)","(X)","(X)","(X)","(X)","(X)","(X)","(X)","(X)","(X)","(X)","(X)","(X)","95.4","3.6","60.9","32.7","20.6","14.6","100.0","15.2","4.6","3.6","39.1","32.7","79.4","14.6","0.0","15.2","0.0","3.0","0.0","22.2","0.0","15.0","0.0","15.2","86.9","5.9","52.9","32.7","20.6","14.6","91.5","9.1","13.1","5.9","47.1","32.7","79.4","14.6","8.5","9.1",
"1400000US06111002905","Census Tract 29.05, Ventura County, California","1606","93","3.45","0.26","1377","101","3.58","0.26","502","79","20.7","14.6","13.7","13.8","65.5","19.4","1606","93","36.4","5.9","44.8","5.3","10.6","4.1","4.4","3.2","0.0","2.2","4.7","3.6","91.2","3.1","8.8","3.1","0.0","2.2","74.0","6.3","26.0","6.3","976","141","143","78","258","109","229","72","3.59","0.24","4.45","1.06","3.97","0.93","1.66","0.40","976","141","143","78","258","109","(X)","(X)","3.53","0.25","3.91","0.70","3.57","0.93","(X)","(X)","381","96","27","33","94","70","(X)","(X)","22.6","17.0","0.0","59.2","19.1","30.2","(X)","(X)","18.1","18.0","0.0","59.2","0.0","30.1","(X)","(X)","59.3","23.2","100.0","59.2","80.9","30.2","(X)","(X)","976","141","143","78","258","109","229","72","42.8","7.9","18.9","22.0","54.3","22.4","0.0","14.1","44.7","6.9","37.8","26.6","41.9","19.7","52.8","17.8","(X)","(X)","(X)","(X)","(X)","(X)","74.2","13.9","(X)","(X)","(X)","(X)","(X)","(X)","30.6","18.0","(X)","(X)","(X)","(X)","(X)","(X)","(X)","(X)","(X)","(X)","(X)","(X)","(X)","(X)","(X)","(X)","94.2","4.3","96.5","7.9","94.2","8.0","71.6","13.9","5.8","4.3","3.5","7.9","5.8","8.0","28.4","13.9","0.0","3.5","0.0","21.5","0.0","12.7","0.0","14.1","76.6","8.1","56.6","32.1","74.8","18.1","72.9","14.7","23.4","8.1","43.4","32.1","25.2","18.1","27.1","14.7",
"1400000US06111003010","Census Tract 30.10, Ventura County, California","972","44","3.35","0.27","719","61","3.78","0.27","341","72","22.6","10.3","19.4","10.6","58.1","12.0","972","44","43.9","6.2","30.2","4.3","19.2","5.3","5.7","2.8","0.5","0.8","4.4","3.2","55.7","6.2","43.9","6.3","0.4","0.8","54.4","6.0","45.6","6.0","436","62","66","38","217","60","253","60","4.25","0.42","3.03","0.58","3.63","0.53","1.66","0.40","436","62","66","38","217","60","(X)","(X)","4.07","0.37","2.95","0.56","3.43","0.52","(X)","(X)","211","54","26","24","104","45","(X)","(X)","26.1","12.7","0.0","60.4","21.2","21.8","(X)","(X)","28.9","16.2","19.2","31.5","0.0","27.9","(X)","(X)","45.0","15.0","80.8","31.5","78.8","21.8","(X)","(X)","436","62","66","38","217","60","253","60","59.6","10.7","56.1","31.0","58.1","15.7","1.6","2.4","18.8","7.1","30.3","28.2","37.3","13.6","43.9","12.1","(X)","(X)","(X)","(X)","(X)","(X)","73.9","10.4","(X)","(X)","(X)","(X)","(X)","(X)","21.7","8.9","(X)","(X)","(X)","(X)","(X)","(X)","(X)","(X)","(X)","(X)","(X)","(X)","(X)","(X)","(X)","(X)","60.1","10.6","27.3","25.3","42.9","17.2","66.4","12.0","39.9","10.6","72.7","25.3","55.3","17.5","33.6","12.0","0.0","7.7","0.0","37.9","1.8","3.4","0.0","12.9","49.3","10.2","66.7","29.4","55.3","16.7","59.3","10.7","50.7","10.2","33.3","29.4","44.7","16.7","40.7","10.7",
"1400000US06111003011","Census Tract 30.11, Ventura County, California","1564","59","3.50","0.27","1149","108","4.06","0.29","635","88","14.2","8.9","31.5","11.9","54.3","12.6","1564","59","46.5","5.8","31.1","5.8","21.0","6.5","6.8","3.9","1.5","2.5","6.1","4.1","54.9","6.6","45.1","6.6","0.0","2.2","40.5","5.9","59.5","5.9","744","112","67","55","338","97","415","112","4.38","0.34","3.25","0.40","4.36","0.72","1.27","0.18","744","112","67","55","338","97","(X)","(X)","4.23","0.35","2.61","0.33","3.97","0.57","(X)","(X)","427","84","0","17","208","67","(X)","(X)","14.8","10.9","-","**","13.0","12.3","(X)","(X)","30.9","14.4","-","**","32.7","25.0","(X)","(X)","54.3","16.0","-","**","54.3","24.0","(X)","(X)","744","112","67","55","338","97","415","112","65.2","8.4","0.0","37.6","71.6","15.8","0.0","8.1","36.0","7.9","35.8","38.6","17.2","13.2","32.8","13.5","(X)","(X)","(X)","(X)","(X)","(X)","79.0","13.9","(X)","(X)","(X)","(X)","(X)","(X)","25.5","13.1","(X)","(X)","(X)","(X)","(X)","(X)","(X)","(X)","(X)","(X)","(X)","(X)","(X)","(X)","(X)","(X)","60.6","9.8","20.9","34.3","42.9","17.0","60.0","14.4","39.4","9.8","79.1","34.3","57.1","17.0","40.0","14.4","0.0","4.6","0.0","37.6","0.0","9.8","0.0","8.1","52.2","9.9","0.0","37.6","23.1","17.1","40.5","16.7","47.8","9.9","100.0","37.6","76.9","17.1","59.5","16.7",
"1400000US06111003012","Census Tract 30.12, Ventura County, California","154","119","4.48","1.35","142","118","4.68","1.28","126","131","30.2","48.9","65.9","50.1","4.0","10.5","154","119","81.8","31.1","11.0","17.7","7.8","14.7","7.8","14.7","0.0","20.2","0.0","20.2","3.2","6.4","96.8","6.4","0.0","20.2","3.2","6.4","96.8","6.4","86","93","16","22","40","66","12","19","4.69","1.24","2.56","0.26","5.85","0.36","-","**","86","93","16","22","40","66","(X)","(X)","4.52","1.20","2.56","0.26","5.85","0.36","(X)","(X)","86","93","0","12","40","66","(X)","(X)","44.2","55.8","-","**","0.0","48.7","(X)","(X)","50.0","50.0","-","**","100.0","48.7","(X)","(X)","5.8","15.2","-","**","0.0","48.7","(X)","(X)","86","93","16","22","40","66","12","19","100.0","32.1","0.0","76.9","100.0","48.7","0.0","88.8","5.8","15.2","0.0","76.9","0.0","48.7","100.0","88.8","(X)","(X)","(X)","(X)","(X)","(X)","100.0","88.8","(X)","(X)","(X)","(X)","(X)","(X)","100.0","88.8","(X)","(X)","(X)","(X)","(X)","(X)","(X)","(X)","(X)","(X)","(X)","(X)","(X)","(X)","(X)","(X)","5.8","15.2","0.0","76.9","0.0","48.7","0.0","88.8","94.2","15.2","100.0","76.9","100.0","48.7","100.0","88.8","0.0","32.1","0.0","76.9","0.0","48.7","0.0","88.8","5.8","15.2","0.0","76.9","0.0","48.7","0.0","88.8","94.2","15.2","100.0","76.9","100.0","48.7","100.0","88.8",
"1400000US06111003013","Census Tract 30.13, Ventura County, California","1528","91","3.50","0.37","1136","120","4.05","0.38","464","109","20.9","13.5","19.8","13.0","59.3","14.8","1528","91","39.3","7.8","33.8","6.9","18.8","6.1","4.6","3.0","1.3","1.4","9.7","5.0","44.4","5.8","44.2","6.5","11.3","4.3","50.6","7.1","49.4","7.1","828","123","110","79","198","86","392","109","4.38","0.55","4.18","0.82","3.75","0.71","1.33","0.14","828","123","110","79","198","86","(X)","(X)","4.21","0.44","3.79","0.97","3.55","0.57","(X)","(X)","361","108","39","46","64","48","(X)","(X)","24.7","16.3","20.5","53.3","0.0","38.5","(X)","(X)","16.9","12.6","79.5","53.3","0.0","38.5","(X)","(X)","58.4","16.8","0.0","49.3","100.0","38.5","(X)","(X)","828","123","110","79","198","86","392","109","55.8","11.6","41.8","36.5","46.5","21.6","0.0","8.5","36.6","10.8","9.1","15.7","47.0","24.3","28.3","12.0","(X)","(X)","(X)","(X)","(X)","(X)","73.2","13.2","(X)","(X)","(X)","(X)","(X)","(X)","17.9","10.9","(X)","(X)","(X)","(X)","(X)","(X)","(X)","(X)","(X)","(X)","(X)","(X)","(X)","(X)","(X)","(X)","57.7","10.6","16.4","24.0","27.3","20.3","32.9","16.2","32.1","10.6","83.6","24.0","57.1","23.7","52.3","17.3","10.1","6.3","0.0","26.7","15.7","15.2","14.8","12.2","59.3","12.1","9.1","15.7","42.9","23.7","47.7","17.3","40.7","12.1","90.9","15.7","57.1","23.7","52.3","17.3",
"1400000US06111003100","Census Tract 31, Ventura County, California","3402","136","4.31","0.43","3126","172","4.37","0.44","1598","214","12.4","8.2","19.1","8.1","68.5","10.2","3402","136","56.7","6.2","33.3","5.5","5.2","3.2","2.1","1.4","0.0","1.0","7.5","4.6","98.3","1.4","0.4","0.7","1.3","1.2","83.1","5.9","16.9","5.9","2299","232","230","142","597","211","276","136","4.70","0.55","4.64","0.72","3.94","0.54","1.55","0.37","2299","232","230","142","597","211","(X)","(X)","4.65","0.55","4.14","0.54","3.42","0.44","(X)","(X)","1070","210","124","116","404","192","(X)","(X)","13.3","10.5","33.9","46.6","3.5","5.8","(X)","(X)","23.6","10.1","29.8","44.8","3.7","6.3","(X)","(X)","63.1","12.4","36.3","49.6","92.8","8.5","(X)","(X)","2299","232","230","142","597","211","276","136","58.0","7.7","65.7","32.4","74.4","14.5","0.0","11.9","36.4","6.6","17.8","19.1","20.4","10.5","48.2","25.0","(X)","(X)","(X)","(X)","(X)","(X)","63.8","21.9","(X)","(X)","(X)","(X)","(X)","(X)","25.7","17.9","(X)","(X)","(X)","(X)","(X)","(X)","(X)","(X)","(X)","(X)","(X)","(X)","(X)","(X)","(X)","(X)","98.9","1.3","100.0","14.1","100.0","5.7","88.4","13.6","0.0","1.5","0.0","14.1","0.0","5.7","5.1","8.2","1.1","1.3","0.0","14.1","0.0","5.7","6.5","10.6","88.3","6.3","63.0","32.1","72.0","17.3","80.8","21.4","11.7","6.3","37.0","32.1","28.0","17.3","19.2","21.4",
"1400000US06111003201","Census Tract 32.01, Ventura County, California","745","47","5.85","0.56","675","53","5.18","0.46","444","71","11.0","7.4","26.8","12.0","62.2","13.7","745","47","71.3","7.5","23.9","5.5","5.9","3.2","4.0","2.7","0.0","4.6","12.5","5.9","80.5","6.5","18.0","6.3","1.5","2.3","26.2","6.0","73.8","6.0","379","89","92","49","204","67","70","31","5.99","0.64","6.88","2.90","6.18","0.90","2.77","1.48","379","89","92","49","204","67","(X)","(X)","5.63","0.57","4.14","1.21","4.81","0.67","(X)","(X)","279","75","63","45","102","50","(X)","(X)","6.1","8.1","22.2","33.1","17.6","19.1","(X)","(X)","30.8","15.4","0.0","38.8","32.4","25.5","(X)","(X)","63.1","16.5","77.8","33.1","50.0","25.5","(X)","(X)","379","89","92","49","204","67","70","31","80.5","8.3","83.7","16.4","73.0","16.5","0.0","36.7","12.9","6.7","21.7","18.3","32.8","15.4","60.0","26.4","(X)","(X)","(X)","(X)","(X)","(X)","62.9","24.1","(X)","(X)","(X)","(X)","(X)","(X)","42.9","23.7","(X)","(X)","(X)","(X)","(X)","(X)","(X)","(X)","(X)","(X)","(X)","(X)","(X)","(X)","(X)","(X)","77.8","9.9","92.4","12.1","82.8","12.7","72.9","25.6","19.3","9.7","7.6","12.1","17.2","12.7","27.1","25.6","2.9","4.4","0.0","30.6","0.0","15.7","0.0","36.7","19.3","7.9","31.5","23.4","31.9","16.7","40.0","25.1","80.7","7.9","68.5","23.4","68.1","16.7","60.0","25.1",
"1400000US06111003300","Census Tract 33, Ventura County, California","2285","135","4.03","0.28","1981","166","4.27","0.31","902","146","15.5","9.3","36.8","11.6","47.7","12.6","2285","135","49.1","6.9","33.5","5.7","10.8","4.8","3.9","2.6","0.0","1.5","5.5","4.3","59.3","6.0","40.7","6.0","0.0","1.5","45.1","7.0","54.9","7.0","1330","194","157","81","494","124","304","130","4.53","0.36","4.17","0.88","4.35","0.73","1.25","0.22","1330","194","157","81","494","124","(X)","(X)","4.39","0.37","3.77","0.89","4.09","0.78","(X)","(X)","706","140","31","34","165","92","(X)","(X)","17.4","10.9","54.8","54.8","0.0","19.0","(X)","(X)","45.0","14.6","45.2","54.8","0.0","19.0","(X)","(X)","37.5","14.2","0.0","55.3","100.0","19.0","(X)","(X)","1330","194","157","81","494","124","304","130","60.7","7.2","43.9","27.5","49.8","18.6","0.0","10.9","29.8","9.2","49.7","29.9","31.4","15.0","44.4","21.1","(X)","(X)","(X)","(X)","(X)","(X)","80.9","17.3","(X)","(X)","(X)","(X)","(X)","(X)","28.9","18.7","(X)","(X)","(X)","(X)","(X)","(X)","(X)","(X)","(X)","(X)","(X)","(X)","(X)","(X)","(X)","(X)","67.7","8.4","57.3","29.2","41.5","15.8","52.3","20.4","32.3","8.4","42.7","29.2","58.5","15.8","47.7","20.4","0.0","2.6","0.0","19.8","0.0","6.8","0.0","10.9","55.0","10.2","57.3","29.2","20.2","11.1","35.5","19.4","45.0","10.2","42.7","29.2","79.8","11.1","64.5","19.4",
"1400000US06111003605","Census Tract 36.05, Ventura County, California","2834","121","3.48","0.21","2250","163","3.60","0.24","1131","187","19.5","10.7","11.8","7.0","68.6","12.2","2834","121","49.1","5.2","41.8","5.6","12.5","4.2","7.9","3.5","0.0","1.2","8.3","4.7","75.6","6.3","24.1","6.3","0.3","0.6","52.4","5.9","47.6","5.9","1264","234","272","130","714","189","584","152","3.57","0.36","5.03","1.12","4.02","0.51","1.91","0.51","1264","234","272","130","714","189","(X)","(X)","3.50","0.35","3.99","0.80","3.63","0.44","(X)","(X)","610","201","137","92","384","161","(X)","(X)","25.6","14.3","5.1","10.4","15.1","18.5","(X)","(X)","10.2","8.5","41.6","34.6","3.9","6.8","(X)","(X)","64.3","14.2","53.3","34.5","81.0","19.9","(X)","(X)","1264","234","272","130","714","189","584","152","50.8","10.2","77.2","16.9","68.3","12.5","8.7","12.3","32.5","8.7","42.6","27.2","34.7","13.1","70.2","12.0","(X)","(X)","(X)","(X)","(X)","(X)","60.4","18.8","(X)","(X)","(X)","(X)","(X)","(X)","38.5","15.9","(X)","(X)","(X)","(X)","(X)","(X)","(X)","(X)","(X)","(X)","(X)","(X)","(X)","(X)","(X)","(X)","84.2","9.1","81.3","16.5","77.5","16.0","52.1","14.0","15.1","9.0","18.8","16.5","22.5","16.0","47.9","14.0","0.7","1.3","0.0","12.1","0.0","4.8","0.0","5.8","68.3","10.9","37.5","27.6","40.5","12.3","39.4","13.1","31.7","10.9","62.5","27.6","59.5","12.3","60.6","13.1",
"1400000US06111003608","Census Tract 36.08, Ventura County, California","990","48","3.87","0.31","833","66","4.28","0.36","420","76","14.5","9.0","24.0","13.1","61.4","12.0","990","48","50.6","6.7","34.0","5.6","11.4","4.3","3.0","1.8","0.0","3.5","5.6","4.1","84.9","5.0","15.1","5.0","0.0","3.5","65.7","6.5","34.3","6.5","644","74","63","40","126","50","157","52","4.46","0.45","3.05","0.32","4.44","0.77","1.32","0.24","644","74","63","40","126","50","(X)","(X)","4.45","0.46","2.63","0.41","4.23","0.71","(X)","(X)","338","72","28","32","54","34","(X)","(X)","12.4","7.2","67.9","52.8","0.0","41.9","(X)","(X)","25.4","14.8","0.0","58.2","27.8","36.6","(X)","(X)","62.1","13.1","32.1","52.8","72.2","36.6","(X)","(X)","644","74","63","40","126","50","157","52","60.9","7.9","44.4","36.7","64.3","23.0","0.0","19.8","39.4","7.8","23.8","22.9","26.2","18.4","22.3","12.8","(X)","(X)","(X)","(X)","(X)","(X)","72.0","19.2","(X)","(X)","(X)","(X)","(X)","(X)","19.1","12.1","(X)","(X)","(X)","(X)","(X)","(X)","(X)","(X)","(X)","(X)","(X)","(X)","(X)","(X)","(X)","(X)","89.9","7.0","69.8","39.3","71.4","22.6","81.5","12.1","10.1","7.0","30.2","39.3","28.6","22.6","18.5","12.1","0.0","5.3","0.0","38.8","0.0","23.9","0.0","19.8","76.6","8.5","34.9","28.1","34.1","20.0","58.6","18.5","23.4","8.5","65.1","28.1","65.9","20.0","41.4","18.5",
"1400000US06111003609","Census Tract 36.09, Ventura County, California","2991","230","1.94","0.13","1567","204","2.36","0.09","199","71","50.3","23.3","0.0","16.1","49.7","23.3","2991","230","7.1","2.4","53.7","6.6","35.2","5.8","15.4","4.2","0.0","1.2","4.7","2.1","65.2","5.4","25.4","4.8","9.5","2.6","63.0","6.6","37.0","6.6","1371","202","63","44","133","80","1424","239","2.30","0.11","3.68","0.62","2.74","0.28","1.45","0.27","1371","202","63","44","133","80","(X)","(X)","2.29","0.11","3.43","0.68","2.54","0.26","(X)","(X)","125","65","28","34","46","52","(X)","(X)","60.8","26.7","0.0","58.2","52.2","51.0","(X)","(X)","0.0","24.1","0.0","58.2","0.0","45.4","(X)","(X)","39.2","26.7","100.0","58.2","47.8","51.0","(X)","(X)","1371","202","63","44","133","80","1424","239","9.1","4.6","63.5","36.6","34.6","30.5","0.0","2.4","61.6","9.4","36.5","36.6","52.6","29.1","46.8","10.3","(X)","(X)","(X)","(X)","(X)","(X)","73.9","10.0","(X)","(X)","(X)","(X)","(X)","(X)","32.4","8.5","(X)","(X)","(X)","(X)","(X)","(X)","(X)","(X)","(X)","(X)","(X)","(X)","(X)","(X)","(X)","(X)","66.9","8.4","100.0","38.8","67.7","30.9","61.7","10.6","23.9","7.4","0.0","38.8","27.8","32.1","27.7","10.1","9.2","5.2","0.0","38.8","4.5","9.6","10.6","4.1","71.6","9.2","57.1","36.4","51.1","27.2","56.2","10.6","28.4","9.2","42.9","36.4","48.9","27.2","43.8","10.6",
"1400000US06111003612","Census Tract 36.12, Ventura County, California","1899","174","2.54","0.25","1234","184","2.94","0.30","493","141","13.6","13.8","12.4","18.6","74.0","17.6","1899","174","26.0","7.0","33.2","7.0","22.5","7.8","4.7","2.9","0.9","1.6","10.0","5.0","61.7","7.0","38.3","7.0","0.0","1.8","39.7","7.5","60.3","7.5","800","178","246","115","188","131","665","174","2.96","0.36","3.42","0.65","3.61","1.24","1.40","0.18","800","178","246","115","188","131","(X)","(X)","2.96","0.36","2.39","0.18","3.61","1.24","(X)","(X)","234","119","105","89","154","122","(X)","(X)","28.6","24.5","0.0","27.7","0.0","20.2","(X)","(X)","0.0","13.9","0.0","27.7","39.6","46.5","(X)","(X)","71.4","24.5","100.0","27.7","60.4","46.5","(X)","(X)","800","178","246","115","188","131","665","174","29.3","11.9","42.7","32.1","81.9","23.3","0.0","5.1","51.3","13.3","0.0","13.2","11.7","19.6","29.8","12.5","(X)","(X)","(X)","(X)","(X)","(X)","64.2","14.4","(X)","(X)","(X)","(X)","(X)","(X)","13.4","8.0","(X)","(X)","(X)","(X)","(X)","(X)","(X)","(X)","(X)","(X)","(X)","(X)","(X)","(X)","(X)","(X)","78.6","10.7","39.8","29.3","25.0","28.6","59.7","11.8","21.4","10.7","60.2","29.3","75.0","28.6","40.3","11.8","0.0","4.3","0.0","13.2","0.0","16.9","0.0","5.1","60.8","13.0","22.4","20.7","11.7","19.6","28.6","12.9","39.3","13.0","77.6","20.7","88.3","19.6","71.4","12.9",
"1400000US06111003700","Census Tract 37, Ventura County, California","1235","81","5.43","0.48","1136","85","5.18","0.40","628","118","11.5","8.5","33.4","12.3","55.1","12.9","1235","81","65.1","6.8","36.7","7.7","6.0","3.5","3.2","2.5","0.0","2.8","5.5","4.5","91.5","4.2","8.5","4.2","0.0","2.8","59.9","8.6","40.1","8.6","760","120","145","87","231","76","99","47","5.47","0.58","5.59","2.05","6.76","1.37","1.79","0.76","760","120","145","87","231","76","(X)","(X)","5.13","0.50","5.12","2.05","5.39","0.94","(X)","(X)","494","131","27","34","107","61","(X)","(X)","6.3","6.1","74.1","53.8","19.6","27.7","(X)","(X)","27.9","12.9","0.0","59.2","67.3","31.9","(X)","(X)","65.8","13.6","25.9","53.8","13.1","20.1","(X)","(X)","760","120","145","87","231","76","99","47","78.9","7.6","44.1","28.3","60.6","19.3","0.0","29.0","29.1","9.1","65.5","27.7","39.4","17.4","46.5","29.2","(X)","(X)","(X)","(X)","(X)","(X)","74.7","23.6","(X)","(X)","(X)","(X)","(X)","(X)","39.4","28.5","(X)","(X)","(X)","(X)","(X)","(X)","(X)","(X)","(X)","(X)","(X)","(X)","(X)","(X)","(X)","(X)","93.4","5.4","95.2","7.9","93.5","8.5","66.7","26.2","6.6","5.4","4.8","7.9","6.5","8.5","33.3","26.2","0.0","4.5","0.0","21.2","0.0","14.0","0.0","29.0","62.8","11.1","46.9","27.8","54.1","20.2","70.7","28.6","37.2","11.1","53.1","27.8","45.9","20.2","29.3","28.6",
"1400000US06111003801","Census Tract 38.01, Ventura County, California","1100","88","4.43","0.39","993","100","4.51","0.34","612","111","5.2","5.1","31.2","15.1","63.6","15.4","1100","88","61.2","7.7","35.4","8.0","7.5","5.0","4.5","3.8","0.0","3.1","10.3","5.7","71.6","7.7","28.4","7.7","0.0","3.1","41.1","7.4","58.9","7.4","651","120","59","58","283","110","107","57","4.95","0.43","4.25","3.03","4.45","0.74","1.30","0.30","651","120","59","58","283","110","(X)","(X)","4.83","0.35","3.34","1.90","4.02","0.72","(X)","(X)","463","102","15","24","134","68","(X)","(X)","2.4","3.9","100.0","79.5","4.5","8.5","(X)","(X)","33.5","17.9","0.0","79.5","26.9","29.0","(X)","(X)","64.1","18.1","0.0","79.5","68.7","30.8","(X)","(X)","651","120","59","58","283","110","107","57","80.5","8.1","25.4","44.1","47.3","18.8","0.0","27.3","32.7","11.0","0.0","40.1","36.4","18.7","68.2","24.7","(X)","(X)","(X)","(X)","(X)","(X)","77.6","22.4","(X)","(X)","(X)","(X)","(X)","(X)","45.8","27.9","(X)","(X)","(X)","(X)","(X)","(X)","(X)","(X)","(X)","(X)","(X)","(X)","(X)","(X)","(X)","(X)","67.3","11.0","49.2","50.8","88.0","11.8","67.3","25.9","32.7","11.0","50.8","50.8","12.0","11.8","32.7","25.9","0.0","5.2","0.0","40.1","0.0","11.6","0.0","27.3","37.2","10.9","49.2","50.8","44.9","19.9","50.5","24.6","62.8","10.9","50.8","50.8","55.1","19.9","49.5","24.6",
"1400000US06111003802","Census Tract 38.02, Ventura County, California","545","34","4.75","0.37","485","45","4.69","0.39","296","47","8.4","7.0","22.6","12.0","68.9","12.9","545","34","63.5","7.2","26.4","9.5","4.4","3.9","4.4","3.9","0.0","6.2","10.6","5.8","61.1","9.4","36.0","9.0","2.9","3.5","41.3","9.2","58.7","9.2","318","54","16","20","151","47","60","33","5.14","0.67","3.81","1.35","4.85","0.98","2.67","1.28","318","54","16","20","151","47","(X)","(X)","5.09","0.62","2.94","0.73","4.04","0.63","(X)","(X)","212","53","0","12","84","34","(X)","(X)","7.5","8.9","-","**","10.7","12.3","(X)","(X)","19.3","13.2","-","**","31.0","26.6","(X)","(X)","73.1","14.8","-","**","58.3","28.1","(X)","(X)","318","54","16","20","151","47","60","33","73.0","10.6","0.0","76.9","66.9","16.9","21.7","28.2","28.9","13.3","0.0","76.9","18.5","13.6","40.0","33.6","(X)","(X)","(X)","(X)","(X)","(X)","40.0","33.6","(X)","(X)","(X)","(X)","(X)","(X)","40.0","33.6","(X)","(X)","(X)","(X)","(X)","(X)","(X)","(X)","(X)","(X)","(X)","(X)","(X)","(X)","(X)","(X)","66.7","11.5","0.0","76.9","58.9","20.7","53.3","35.0","33.3","11.5","100.0","76.9","39.1","21.1","25.0","28.6","0.0","10.4","0.0","76.9","2.0","4.5","21.7","28.2","50.9","11.0","0.0","76.9","20.5","14.1","53.3","35.0","49.1","11.0","100.0","76.9","79.5","14.1","46.7","35.0",
"1400000US06111003900","Census Tract 39, Ventura County, California","1457","115","4.99","0.42","1314","126","5.21","0.44","656","144","11.0","7.8","23.3","11.4","65.7","14.0","1457","115","59.1","7.6","29.9","6.7","9.5","4.5","1.4","1.3","0.0","2.4","7.8","4.1","82.5","5.7","17.5","5.7","0.0","2.4","59.0","6.6","41.0","6.6","817","137","172","85","325","107","143","63","5.10","0.53","6.52","2.35","5.59","1.17","1.10","0.18","817","137","172","85","325","107","(X)","(X)","4.98","0.50","6.16","2.25","5.28","1.20","(X)","(X)","402","130","15","20","239","101","(X)","(X)","6.2","6.6","100.0","79.5","13.4","16.8","(X)","(X)","17.4","12.2","0.0","79.5","34.7","19.9","(X)","(X)","76.4","15.5","0.0","79.5","51.9","24.3","(X)","(X)","817","137","172","85","325","107","143","63","61.4","11.1","54.7","27.5","81.5","13.7","0.0","21.5","33.3","8.2","32.6","21.3","20.9","14.1","28.0","24.2","(X)","(X)","(X)","(X)","(X)","(X)","96.5","6.2","(X)","(X)","(X)","(X)","(X)","(X)","14.7","14.0","(X)","(X)","(X)","(X)","(X)","(X)","(X)","(X)","(X)","(X)","(X)","(X)","(X)","(X)","(X)","(X)","87.0","7.3","84.9","22.4","79.1","15.7","61.5","23.5","13.0","7.3","15.1","22.4","20.9","15.7","38.5","23.5","0.0","4.2","0.0","18.3","0.0","10.2","0.0","21.5","69.0","9.9","69.8","26.7","26.5","16.9","62.2","28.2","31.0","9.9","30.2","26.7","73.5","16.9","37.8","28.2",
"1400000US06111004000","Census Tract 40, Ventura County, California","1391","86","5.33","0.50","1189","112","5.15","0.48","603","112","11.1","9.3","16.6","11.7","72.3","14.4","1391","86","56.8","8.5","52.4","7.0","8.0","3.9","4.7","2.3","0.0","2.5","13.4","7.0","76.6","6.2","10.4","6.3","13.1","4.7","68.2","8.3","31.8","8.3","817","129","87","61","285","111","202","86","5.71","0.70","4.94","2.02","5.96","0.62","3.09","1.63","817","129","87","61","285","111","(X)","(X)","5.22","0.63","4.49","1.64","5.13","0.56","(X)","(X)","383","104","39","50","181","99","(X)","(X)","1.6","2.3","17.9","49.5","29.8","28.7","(X)","(X)","10.4","9.8","82.1","49.5","15.5","24.6","(X)","(X)","88.0","10.1","0.0","49.3","54.7","32.8","(X)","(X)","817","129","87","61","285","111","202","86","59.0","10.8","44.8","43.7","87.4","9.8","9.9","13.8","51.3","9.8","51.7","43.5","38.6","18.0","76.7","21.9","(X)","(X)","(X)","(X)","(X)","(X)","55.0","23.5","(X)","(X)","(X)","(X)","(X)","(X)","32.7","17.6","(X)","(X)","(X)","(X)","(X)","(X)","(X)","(X)","(X)","(X)","(X)","(X)","(X)","(X)","(X)","(X)","87.8","7.1","43.7","43.1","74.4","18.5","48.5","22.7","6.0","5.8","48.3","43.5","18.6","18.6","0.0","15.9","6.2","4.7","8.0","18.1","7.0","8.0","51.5","22.7","74.4","9.0","36.8","37.4","57.5","20.7","71.3","19.9","25.6","9.0","63.2","37.4","42.5","20.7","28.7","19.9",
"1400000US06111004101","Census Tract 41.01, Ventura County, California","1320","79","5.16","0.37","1194","94","5.18","0.34","589","104","15.6","10.4","25.3","11.8","59.1","13.9","1320","79","65.5","7.3","40.6","7.5","7.0","3.6","4.2","2.9","0.0","2.6","6.4","5.1","81.4","5.3","18.6","5.3","0.0","2.6","66.0","6.4","34.0","6.4","855","121","108","58","231","81","126","64","5.55","0.41","7.19","1.32","4.94","0.85","1.25","0.24","855","121","108","58","231","81","(X)","(X)","5.32","0.41","5.48","1.04","4.53","0.89","(X)","(X)","461","111","44","43","84","54","(X)","(X)","6.9","10.2","75.0","41.5","32.1","31.0","(X)","(X)","29.3","15.2","0.0","46.4","16.7","24.8","(X)","(X)","63.8","15.9","25.0","41.5","51.2","34.9","(X)","(X)","855","121","108","58","231","81","126","64","71.3","8.7","87.0","16.8","69.7","18.3","0.0","23.9","36.1","9.8","47.2","25.3","48.9","21.5","50.0","26.4","(X)","(X)","(X)","(X)","(X)","(X)","73.0","25.4","(X)","(X)","(X)","(X)","(X)","(X)","43.7","25.5","(X)","(X)","(X)","(X)","(X)","(X)","(X)","(X)","(X)","(X)","(X)","(X)","(X)","(X)","(X)","(X)","82.2","7.6","82.4","25.0","82.7","17.0","72.2","20.3","17.8","7.6","17.6","25.0","17.3","17.0","27.8","20.3","0.0","4.0","0.0","27.1","0.0","14.0","0.0","23.9","65.5","8.5","57.4","26.0","72.3","18.3","65.1","20.7","34.5","8.5","42.6","26.0","27.7","18.3","34.9","20.7",
"1400000US06111004200","Census Tract 42, Ventura County, California","1173","88","4.67","0.52","1022","95","4.75","0.34","427","92","17.1","12.4","20.8","12.5","62.1","15.9","1173","88","56.1","6.6","41.9","7.0","10.1","5.7","6.1","4.8","0.0","2.9","8.8","5.4","93.2","5.3","4.8","4.8","2.0","2.3","81.7","7.0","18.3","7.0","756","121","107","63","159","75","151","77","4.66","0.47","6.01","1.62","6.73","1.94","1.60","0.72","756","121","107","63","159","75","(X)","(X)","4.62","0.45","5.36","1.47","4.96","1.09","(X)","(X)","328","87","25","28","74","57","(X)","(X)","12.5","11.9","36.0","53.9","31.1","39.7","(X)","(X)","27.1","16.6","0.0","61.6","0.0","35.5","(X)","(X)","60.4","19.2","64.0","53.9","68.9","39.7","(X)","(X)","756","121","107","63","159","75","151","77","58.1","9.1","78.5","30.6","84.9","12.6","0.0","20.5","43.1","9.9","29.0","26.1","21.4","15.0","66.9","22.9","(X)","(X)","(X)","(X)","(X)","(X)","78.1","18.3","(X)","(X)","(X)","(X)","(X)","(X)","47.0","25.8","(X)","(X)","(X)","(X)","(X)","(X)","(X)","(X)","(X)","(X)","(X)","(X)","(X)","(X)","(X)","(X)","93.3","6.5","79.4","28.5","100.0","19.6","95.4","7.3","3.6","5.4","20.6","28.5","0.0","19.6","4.6","7.3","3.2","3.6","0.0","27.3","0.0","19.6","0.0","20.5","79.1","10.3","84.1","20.2","79.2","16.1","95.4","7.3","20.9","10.3","15.9","20.2","20.8","16.1","4.6","7.3",
"1400000US06111004304","Census Tract 43.04, Ventura County, California","2316","185","2.63","0.26","1279","159","3.65","0.35","622","136","16.6","12.2","43.7","13.5","39.7","16.6","2316","185","27.5","5.3","37.0","4.9","38.3","6.4","15.5","4.8","0.0","1.5","7.8","4.6","60.1","6.6","39.4","6.7","0.5","0.7","50.6","8.6","49.4","8.6","941","149","132","89","206","97","1037","190","3.85","0.45","3.60","0.50","3.26","0.51","1.27","0.15","941","149","132","89","206","97","(X)","(X)","3.85","0.45","2.95","0.38","3.17","0.42","(X)","(X)","504","130","74","67","44","43","(X)","(X)","13.5","10.5","47.3","48.4","0.0","46.4","(X)","(X)","46.8","15.1","24.3","41.5","40.9","52.0","(X)","(X)","39.7","19.0","28.4","43.0","59.1","52.0","(X)","(X)","941","149","132","89","206","97","1037","190","53.6","10.7","68.2","28.5","21.4","19.9","0.0","3.3","27.0","10.1","26.5","27.2","45.1","26.1","45.9","10.7","(X)","(X)","(X)","(X)","(X)","(X)","85.6","7.6","(X)","(X)","(X)","(X)","(X)","(X)","34.6","10.1","(X)","(X)","(X)","(X)","(X)","(X)","(X)","(X)","(X)","(X)","(X)","(X)","(X)","(X)","(X)","(X)","57.0","13.5","84.1","23.3","65.5","27.3","58.8","11.4","41.9","13.5","15.9","23.3","34.5","27.3","41.2","11.4","1.2","1.8","0.0","23.0","0.0","15.6","0.0","3.3","46.9","13.5","68.9","31.9","31.6","25.1","55.4","11.5","53.1","13.5","31.1","31.9","68.4","25.1","44.6","11.5",
"1400000US06111004305","Census Tract 43.05, Ventura County, California","386","73","3.27","0.32","352","73","3.46","0.31","266","65","48.1","14.4","20.3","13.9","31.6","13.9","386","73","68.9","9.4","1.0","1.5","8.8","6.2","0.0","8.7","0.0","8.7","1.3","1.7","80.3","9.9","19.7","9.9","0.0","8.7","0.0","8.7","100.0","8.7","301","71","16","20","35","32","34","24","3.53","0.30","2.81","1.28","3.37","1.02","-","**","301","71","16","20","35","32","(X)","(X)","3.52","0.31","2.56","0.89","3.37","1.02","(X)","(X)","215","61","16","20","35","32","(X)","(X)","50.2","15.9","18.8","42.1","48.6","43.4","(X)","(X)","25.1","16.9","0.0","76.9","0.0","52.0","(X)","(X)","24.7","14.9","81.3","42.1","51.4","43.4","(X)","(X)","301","71","16","20","35","32","34","24","71.4","10.0","100.0","76.9","100.0","52.0","0.0","52.8","1.3","2.0","0.0","76.9","0.0","52.0","0.0","52.8","(X)","(X)","(X)","(X)","(X)","(X)","100.0","52.8","(X)","(X)","(X)","(X)","(X)","(X)","0.0","52.8","(X)","(X)","(X)","(X)","(X)","(X)","(X)","(X)","(X)","(X)","(X)","(X)","(X)","(X)","(X)","(X)","81.4","11.1","87.5","25.5","62.9","42.4","85.3","25.7","18.6","11.1","12.5","25.5","37.1","42.4","14.7","25.7","0.0","11.0","0.0","76.9","0.0","52.0","0.0","52.8","0.0","11.0","0.0","76.9","0.0","52.0","0.0","52.8","100.0","11.0","100.0","76.9","100.0","52.0","100.0","52.8",
"1400000US06111004400","Census Tract 44, Ventura County, California","2718","229","3.09","0.31","1769","219","3.67","0.37","838","159","26.8","13.1","10.7","9.5","62.4","13.9","2718","229","33.2","5.8","35.8","5.9","25.9","6.1","9.7","3.5","0.0","1.3","8.1","4.2","59.5","7.2","40.5","7.2","0.0","1.3","38.3","5.4","61.7","5.4","1155","227","79","49","535","187","949","210","3.84","0.52","6.08","3.81","3.93","0.51","1.46","0.22","1155","227","79","49","535","187","(X)","(X)","3.63","0.43","5.72","3.38","3.47","0.49","(X)","(X)","475","138","18","21","345","155","(X)","(X)","20.6","16.5","44.4","55.6","34.5","22.5","(X)","(X)","7.6","11.4","0.0","72.5","15.7","18.3","(X)","(X)","71.8","18.9","55.6","55.6","49.9","24.0","(X)","(X)","1155","227","79","49","535","187","949","210","44.1","10.2","49.4","30.9","66.2","14.7","0.0","3.6","37.5","10.8","54.4","36.8","25.6","13.3","37.8","11.1","(X)","(X)","(X)","(X)","(X)","(X)","74.1","11.5","(X)","(X)","(X)","(X)","(X)","(X)","27.8","9.9","(X)","(X)","(X)","(X)","(X)","(X)","(X)","(X)","(X)","(X)","(X)","(X)","(X)","(X)","(X)","(X)","81.9","6.9","27.8","33.3","53.3","16.4","38.3","12.0","18.1","6.9","72.2","33.3","46.7","16.4","61.7","12.0","0.0","3.0","0.0","34.0","0.0","6.3","0.0","3.6","49.0","8.2","26.6","29.3","14.6","10.6","39.7","11.6","51.0","8.2","73.4","29.3","85.4","10.6","60.3","11.6",
"1400000US06111004503","Census Tract 45.03, Ventura County, California","1094","66","4.48","0.48","987","72","4.64","0.46","554","109","26.9","11.2","35.6","12.5","37.5","11.7","1094","66","59.7","8.8","25.7","6.3","7.4","4.4","1.9","2.5","0.0","3.1","10.2","5.9","47.3","10.6","29.6","8.3","23.1","8.0","48.9","8.9","51.1","8.9","621","105","140","77","226","93","107","57","4.72","0.69","4.57","1.23","5.20","1.05","1.43","0.44","621","105","140","77","226","93","(X)","(X)","4.63","0.65","4.19","1.31","4.94","1.07","(X)","(X)","365","103","75","57","114","63","(X)","(X)","35.3","16.1","26.7","30.4","0.0","26.0","(X)","(X)","29.9","15.5","73.3","30.4","28.9","27.4","(X)","(X)","34.8","14.9","0.0","35.2","71.1","27.4","(X)","(X)","621","105","140","77","226","93","107","57","66.5","14.9","53.6","29.1","70.8","17.3","4.7","9.2","24.5","11.1","14.3","19.0","38.9","17.8","19.6","25.5","(X)","(X)","(X)","(X)","(X)","(X)","75.7","25.2","(X)","(X)","(X)","(X)","(X)","(X)","19.6","25.5","(X)","(X)","(X)","(X)","(X)","(X)","(X)","(X)","(X)","(X)","(X)","(X)","(X)","(X)","(X)","(X)","48.6","14.5","39.3","26.1","46.5","22.1","51.4","26.4","24.2","12.6","55.7","25.9","35.0","19.3","15.9","16.8","27.2","13.0","5.0","9.1","18.6","16.6","32.7","23.9","60.2","14.2","31.4","21.6","26.1","16.9","54.2","29.4","39.8","14.2","68.6","21.6","73.9","16.9","45.8","29.4",
"1400000US06111004504","Census Tract 45.04, Ventura County, California","1136","76","4.78","0.37","1014","85","4.80","0.43","483","90","27.3","14.5","25.1","13.4","47.6","14.8","1136","76","50.3","7.0","35.1","6.0","6.9","3.8","5.5","3.1","0.8","1.2","7.9","5.2","72.4","7.3","27.6","7.3","0.0","3.0","46.0","7.7","54.0","7.7","679","106","142","72","193","89","122","55","5.06","0.50","6.32","1.47","4.77","1.36","1.43","0.24","679","106","142","72","193","89","(X)","(X)","5.01","0.51","4.86","1.44","4.03","1.13","(X)","(X)","358","99","41","43","84","53","(X)","(X)","15.1","12.3","63.4","56.0","61.9","36.7","(X)","(X)","33.8","17.0","0.0","48.1","0.0","32.7","(X)","(X)","51.1","17.2","36.6","56.0","38.1","36.7","(X)","(X)","679","106","142","72","193","89","122","55","60.2","9.8","51.4","27.3","46.1","20.7","0.0","24.6","33.0","9.8","42.3","28.2","27.5","18.5","50.8","19.7","(X)","(X)","(X)","(X)","(X)","(X)","63.9","19.9","(X)","(X)","(X)","(X)","(X)","(X)","50.8","19.7","(X)","(X)","(X)","(X)","(X)","(X)","(X)","(X)","(X)","(X)","(X)","(X)","(X)","(X)","(X)","(X)","80.0","9.3","100.0","21.6","36.8","21.5","54.9","20.1","20.0","9.3","0.0","21.6","63.2","21.5","45.1","20.1","0.0","5.0","0.0","21.6","0.0","16.5","0.0","24.6","51.0","11.2","35.9","27.0","27.5","17.4","59.0","18.8","49.0","11.2","64.1","27.0","72.5","17.4","41.0","18.8",
"1400000US06111004505","Census Tract 45.05, Ventura County, California","477","28","4.70","0.45","406","42","4.64","0.47","237","52","21.5","15.7","4.6","5.1","73.8","16.2","477","28","61.4","9.6","32.3","8.8","10.1","5.3","1.9","1.9","0.0","7.1","8.8","6.1","70.4","7.6","28.5","7.5","1.0","1.8","49.3","9.0","50.7","9.0","219","41","40","30","147","47","71","33","5.01","0.59","7.50","2.21","4.86","1.00","1.83","0.70","219","41","40","30","147","47","(X)","(X)","4.87","0.56","7.28","2.19","3.57","0.50","(X)","(X)","121","43","23","27","93","42","(X)","(X)","16.5","16.5","60.9","59.3","18.3","19.8","(X)","(X)","0.0","24.7","0.0","64.2","11.8","14.8","(X)","(X)","83.5","16.5","39.1","59.3","69.9","24.1","(X)","(X)","219","41","40","30","147","47","71","33","62.6","15.3","90.0","17.0","75.5","15.7","12.7","18.0","33.3","13.0","65.0","41.9","26.5","15.9","22.5","15.6","(X)","(X)","(X)","(X)","(X)","(X)","67.6","25.7","(X)","(X)","(X)","(X)","(X)","(X)","12.7","12.5","(X)","(X)","(X)","(X)","(X)","(X)","(X)","(X)","(X)","(X)","(X)","(X)","(X)","(X)","(X)","(X)","82.2","11.9","100.0","48.7","59.9","16.5","39.4","25.5","17.8","11.9","0.0","48.7","36.7","16.7","60.6","25.5","0.0","14.7","0.0","48.7","3.4","5.8","0.0","36.4","70.3","12.6","42.5","36.5","32.0","15.9","23.9","19.7","29.7","12.6","57.5","36.5","68.0","15.9","76.1","19.7",
"1400000US06111004506","Census Tract 45.06, Ventura County, California","1445","67","5.26","0.41","1237","92","4.90","0.38","850","101","11.1","6.0","42.4","10.8","46.6","10.4","1445","67","69.7","6.2","15.1","4.6","7.5","4.0","0.0","2.4","0.0","2.4","23.1","6.5","27.7","6.5","72.3","6.5","0.0","2.4","15.0","4.4","85.0","4.4","602","136","323","88","312","101","208","74","5.00","0.57","6.41","0.97","5.65","0.77","3.65","1.40","602","136","323","88","312","101","(X)","(X)","4.95","0.53","5.03","0.84","4.69","0.58","(X)","(X)","416","108","163","69","271","98","(X)","(X)","5.0","4.6","9.8","15.4","21.0","16.2","(X)","(X)","36.3","14.1","25.8","23.3","61.6","20.5","(X)","(X)","58.7","14.5","64.4","23.4","17.3","13.7","(X)","(X)","602","136","323","88","312","101","208","74","73.9","10.8","85.4","12.5","91.7","9.2","0.0","15.4","20.9","10.2","2.8","4.2","4.8","7.4","32.7","18.1","(X)","(X)","(X)","(X)","(X)","(X)","51.9","19.5","(X)","(X)","(X)","(X)","(X)","(X)","0.0","15.4","(X)","(X)","(X)","(X)","(X)","(X)","(X)","(X)","(X)","(X)","(X)","(X)","(X)","(X)","(X)","(X)","39.7","12.0","8.7","10.0","18.9","14.9","35.6","22.3","60.3","12.0","91.3","10.0","81.1","14.9","64.4","22.3","0.0","5.6","0.0","10.3","0.0","10.6","0.0","15.4","21.1","9.8","3.7","6.1","4.5","8.6","30.8","19.3","78.9","9.8","96.3","6.1","95.5","8.6","69.2","19.3",
"1400000US06111004600","Census Tract 46, Ventura County, California","551","70","3.37","0.27","551","70","3.29","0.25","378","64","53.2","11.5","23.8","9.0","23.0","9.0","551","70","73.3","8.6","2.4","3.1","0.0","6.2","0.0","6.2","0.0","6.2","1.3","1.9","95.1","4.6","4.9","4.6","0.0","6.2","0.0","6.2","100.0","6.2","453","75","13","14","85","43","0","12","3.32","0.31","3.69","1.39","3.59","0.46","-","**","453","75","13","14","85","43","(X)","(X)","3.30","0.30","3.69","1.39","3.18","0.24","(X)","(X)","306","65","13","14","59","35","(X)","(X)","59.5","12.7","0.0","85.4","32.2","27.2","(X)","(X)","22.9","9.7","0.0","85.4","33.9","33.4","(X)","(X)","17.6","9.2","100.0","85.4","33.9","34.0","(X)","(X)","453","75","13","14","85","43","0","12","67.5","9.9","100.0","85.4","100.0","32.4","-","**","0.0","7.4","0.0","85.4","15.3","20.6","-","**","(X)","(X)","(X)","(X)","(X)","(X)","-","**","(X)","(X)","(X)","(X)","(X)","(X)","-","**","(X)","(X)","(X)","(X)","(X)","(X)","(X)","(X)","(X)","(X)","(X)","(X)","(X)","(X)","(X)","(X)","95.6","5.2","46.2","53.8","100.0","32.4","-","**","4.4","5.2","53.8","53.8","0.0","32.4","-","**","0.0","7.4","0.0","85.4","0.0","32.4","-","**","0.0","7.4","0.0","85.4","0.0","32.4","-","**","100.0","7.4","100.0","85.4","100.0","32.4","-","**",
"1400000US06111004704","Census Tract 47.04, Ventura County, California","403","36","3.42","0.27","333","41","3.63","0.27","145","38","0.0","21.2","6.2","9.9","93.8","9.9","403","36","41.2","10.2","50.9","9.4","11.7","6.6","5.2","4.9","0.0","8.3","9.4","5.8","39.7","9.7","0.7","1.2","59.6","9.4","64.0","9.4","36.0","9.4","175","56","65","41","93","37","70","35","4.25","0.47","2.69","0.56","3.82","0.58","1.50","0.39","175","56","65","41","93","37","(X)","(X)","4.17","0.49","2.49","0.33","3.41","0.49","(X)","(X)","99","42","16","15","30","18","(X)","(X)","0.0","29.0","0.0","76.9","0.0","56.2","(X)","(X)","3.0","9.1","0.0","76.9","20.0","38.7","(X)","(X)","97.0","9.1","100.0","76.9","80.0","38.7","(X)","(X)","175","56","65","41","93","37","70","35","64.0","14.7","24.6","25.2","40.9","19.0","0.0","36.7","46.9","18.4","41.5","36.6","46.2","23.4","75.7","21.6","(X)","(X)","(X)","(X)","(X)","(X)","67.1","21.0","(X)","(X)","(X)","(X)","(X)","(X)","30.0","21.0","(X)","(X)","(X)","(X)","(X)","(X)","(X)","(X)","(X)","(X)","(X)","(X)","(X)","(X)","(X)","(X)","54.9","14.9","61.5","32.5","8.6","10.7","22.9","17.6","0.0","18.0","0.0","38.2","0.0","30.4","4.3","6.8","45.1","14.9","38.5","32.5","91.4","10.7","72.9","16.8","55.4","13.9","83.1","22.7","53.8","19.6","81.4","20.8","44.6","13.9","16.9","22.7","46.2","19.6","18.6","20.8",
"1400000US06111004710","Census Tract 47.10, Ventura County, California","1310","60","3.95","0.41","958","93","4.46","0.38","457","88","7.0","6.3","32.6","16.0","60.4","16.5","1310","60","42.7","6.3","39.6","5.9","21.5","6.1","11.8","4.9","0.0","2.6","9.8","5.2","42.4","6.1","16.4","6.9","41.1","7.3","69.6","8.1","30.4","8.1","668","114","120","59","170","74","352","86","4.25","0.36","5.15","1.00","7.35","1.96","1.33","0.24","668","114","120","59","170","74","(X)","(X)","4.19","0.36","4.78","0.81","5.28","1.56","(X)","(X)","268","78","68","41","121","69","(X)","(X)","3.0","5.0","22.1","26.3","7.4","12.7","(X)","(X)","40.7","23.1","20.6","37.7","21.5","28.8","(X)","(X)","56.3","23.0","57.4","40.8","71.1","27.9","(X)","(X)","668","114","120","59","170","74","352","86","46.4","9.0","74.2","23.5","94.7","9.2","0.0","9.5","38.9","8.5","28.3","24.5","13.5","15.7","57.4","14.8","(X)","(X)","(X)","(X)","(X)","(X)","80.1","13.0","(X)","(X)","(X)","(X)","(X)","(X)","44.0","15.8","(X)","(X)","(X)","(X)","(X)","(X)","(X)","(X)","(X)","(X)","(X)","(X)","(X)","(X)","(X)","(X)","50.0","10.6","37.5","26.8","41.8","20.7","30.1","12.6","17.1","9.5","17.5","24.2","33.5","23.9","6.5","10.1","32.9","12.1","45.0","28.5","24.7","15.0","63.4","13.0","74.9","10.5","82.5","24.2","42.4","21.2","68.5","16.4","25.1","10.5","17.5","24.2","57.6","21.2","31.5","16.4",
"1400000US06111004711","Census Tract 47.11, Ventura County, California","796","47","4.35","0.43","677","57","4.64","0.42","285","55","18.9","10.8","35.4","14.7","45.6","15.1","796","47","40.5","5.9","45.5","7.3","11.7","5.0","8.3","3.9","0.0","4.3","4.4","4.3","72.9","6.7","26.4","6.6","0.8","1.2","58.9","6.1","41.1","6.1","531","64","15","18","131","47","119","46","4.77","0.41","13.40","5.86","4.45","0.89","1.24","0.23","531","64","15","18","131","47","(X)","(X)","4.65","0.42","10.93","4.30","3.87","0.60","(X)","(X)","217","49","12","18","56","35","(X)","(X)","12.9","12.1","100.0","88.8","25.0","37.5","(X)","(X)","35.9","17.9","0.0","88.8","41.1","39.8","(X)","(X)","51.2","18.2","0.0","88.8","33.9","33.8","(X)","(X)","531","64","15","18","131","47","119","46","45.8","7.9","80.0","55.0","51.1","19.4","0.0","25.1","44.1","9.6","20.0","55.0","25.2","15.7","77.3","23.4","(X)","(X)","(X)","(X)","(X)","(X)","78.2","20.8","(X)","(X)","(X)","(X)","(X)","(X)","55.5","25.3","(X)","(X)","(X)","(X)","(X)","(X)","(X)","(X)","(X)","(X)","(X)","(X)","(X)","(X)","(X)","(X)","73.6","9.5","80.0","55.0","61.8","23.1","80.7","21.0","26.4","9.5","20.0","55.0","38.2","23.1","14.3","19.3","0.0","6.4","0.0","79.5","0.0","23.2","5.0","8.1","57.4","9.1","0.0","79.5","53.4","21.9","79.0","20.4","42.6","9.1","100.0","79.5","46.6","21.9","21.0","20.4",
"1400000US06111004715","Census Tract 47.15, Ventura County, California","1246","56","4.33","0.38","1089","82","4.53","0.36","449","95","13.8","10.6","31.6","14.1","54.6","15.0","1246","56","45.5","7.8","47.2","5.5","9.9","4.2","5.5","3.2","0.0","2.8","3.7","3.2","53.5","6.7","20.1","6.0","26.3","6.3","58.5","6.8","41.5","6.8","656","108","148","64","285","96","157","65","4.67","0.58","4.90","1.29","4.66","0.95","1.77","0.95","656","108","148","64","285","96","(X)","(X)","4.52","0.55","4.77","1.28","4.45","0.96","(X)","(X)","309","86","22","26","118","63","(X)","(X)","15.2","14.2","0.0","65.6","12.7","17.2","(X)","(X)","33.3","18.5","0.0","65.6","33.1","27.8","(X)","(X)","51.5","19.4","100.0","65.6","54.2","28.0","(X)","(X)","656","108","148","64","285","96","157","65","54.3","10.4","59.5","28.8","43.2","16.2","0.0","19.8","44.1","9.9","23.0","16.9","49.1","16.5","79.6","18.4","(X)","(X)","(X)","(X)","(X)","(X)","78.3","19.4","(X)","(X)","(X)","(X)","(X)","(X)","43.9","22.3","(X)","(X)","(X)","(X)","(X)","(X)","(X)","(X)","(X)","(X)","(X)","(X)","(X)","(X)","(X)","(X)","55.3","11.2","52.0","22.1","62.1","19.4","31.8","19.9","16.6","8.5","31.1","19.4","13.7","14.6","36.3","20.3","28.0","11.3","16.9","15.8","24.2","16.7","31.8","18.8","64.2","11.9","38.5","21.1","53.7","15.2","62.4","21.8","35.8","11.9","61.5","21.1","46.3","15.2","37.6","21.8",
"1400000US06111004716","Census Tract 47.16, Ventura County, California","914","33","5.56","0.36","853","42","5.50","0.37","408","66","4.2","4.8","30.1","11.5","65.7","11.2","914","33","63.6","6.4","44.9","6.0","4.7","3.0","1.5","1.2","0.0","3.8","3.6","3.1","73.0","5.9","9.2","3.9","17.8","4.7","75.8","6.0","24.2","6.0","646","58","66","31","141","49","61","31","6.09","0.49","4.65","1.22","5.30","0.81","1.51","0.58","646","58","66","31","141","49","(X)","(X)","5.87","0.47","3.42","0.76","4.77","0.55","(X)","(X)","340","60","9","10","59","38","(X)","(X)","5.0","5.7","0.0","100.0","0.0","40.1","(X)","(X)","28.8","12.7","0.0","100.0","42.4","36.4","(X)","(X)","66.2","12.0","100.0","100.0","57.6","36.4","(X)","(X)","646","58","66","31","141","49","61","31","72.8","6.4","27.3","26.7","57.4","19.2","19.7","29.1","43.5","8.5","40.9","28.6","58.9","18.8","31.1","21.7","(X)","(X)","(X)","(X)","(X)","(X)","70.5","30.8","(X)","(X)","(X)","(X)","(X)","(X)","23.0","17.6","(X)","(X)","(X)","(X)","(X)","(X)","(X)","(X)","(X)","(X)","(X)","(X)","(X)","(X)","(X)","(X)","84.8","5.8","50.0","25.4","40.4","15.2","47.5","24.4","4.3","3.7","19.7","23.8","12.8","13.1","41.0","24.0","10.8","4.7","30.3","27.4","46.8","16.8","11.5","12.9","84.1","5.8","69.7","26.8","53.2","21.1","47.5","24.4","15.9","5.8","30.3","26.8","46.8","21.1","52.5","24.4",
"1400000US06111004717","Census Tract 47.17, Ventura County, California","682","53","5.62","0.72","636","58","5.20","0.57","290","64","5.9","8.2","28.3","13.5","65.9","14.2","682","53","66.0","7.8","28.7","7.9","4.3","2.9","4.3","2.9","0.0","5.0","11.1","5.6","83.1","7.1","14.2","6.4","2.6","3.8","72.3","8.3","27.7","8.3","434","67","124","54","78","39","46","25","5.92","1.03","6.47","0.79","4.74","1.57","2.07","1.08","434","67","124","54","78","39","(X)","(X)","5.35","0.78","5.69","0.75","3.64","0.76","(X)","(X)","246","57","12","13","32","28","(X)","(X)","0.0","13.2","0.0","88.8","53.1","52.3","(X)","(X)","33.3","15.8","0.0","88.8","0.0","54.4","(X)","(X)","66.7","15.8","100.0","88.8","46.9","52.3","(X)","(X)","434","67","124","54","78","39","46","25","65.2","9.9","87.1","11.5","75.6","27.5","0.0","45.4","30.2","10.8","15.3","11.0","7.7","11.6","87.0","17.6","(X)","(X)","(X)","(X)","(X)","(X)","63.0","26.4","(X)","(X)","(X)","(X)","(X)","(X)","63.0","26.4","(X)","(X)","(X)","(X)","(X)","(X)","(X)","(X)","(X)","(X)","(X)","(X)","(X)","(X)","(X)","(X)","85.3","8.0","77.4","22.8","78.2","28.3","87.0","17.6","14.7","8.0","8.1","8.7","21.8","28.3","13.0","17.6","0.0","7.7","14.5","19.2","0.0","34.3","0.0","45.4","76.7","8.7","48.4","24.7","69.2","27.5","100.0","45.4","23.3","8.7","51.6","24.7","30.8","27.5","0.0","45.4",
"1400000US06111004901","Census Tract 49.01, Ventura County, California","1974","86","3.72","0.24","1527","127","4.11","0.25","830","126","24.2","9.3","19.6","8.3","56.1","10.8","1974","86","50.0","6.3","15.3","3.8","11.7","4.5","0.0","1.8","0.0","1.8","7.1","3.1","60.7","6.0","39.3","6.0","0.0","1.8","46.5","5.1","53.5","5.1","1083","139","94","60","350","125","447","111","4.13","0.34","4.48","1.04","4.37","0.68","2.07","0.55","1083","139","94","60","350","125","(X)","(X)","4.08","0.32","4.40","1.09","4.11","0.64","(X)","(X)","623","104","21","22","186","89","(X)","(X)","27.0","11.3","33.3","47.7","14.0","19.7","(X)","(X)","19.4","8.8","0.0","67.2","22.6","22.1","(X)","(X)","53.6","11.6","66.7","47.7","63.4","26.9","(X)","(X)","1083","139","94","60","350","125","447","111","60.7","8.2","41.5","27.5","72.6","14.7","8.3","8.0","16.1","5.4","58.5","27.5","12.9","10.7","6.3","5.2","(X)","(X)","(X)","(X)","(X)","(X)","51.5","15.7","(X)","(X)","(X)","(X)","(X)","(X)","0.0","7.5","(X)","(X)","(X)","(X)","(X)","(X)","(X)","(X)","(X)","(X)","(X)","(X)","(X)","(X)","(X)","(X)","75.3","7.2","77.7","24.6","45.4","17.1","34.0","13.6","24.7","7.2","22.3","24.6","54.6","17.1","66.0","13.6","0.0","3.2","0.0","30.1","0.0","9.5","0.0","7.5","69.0","7.3","77.7","24.6","15.1","9.8","10.1","6.4","31.0","7.3","22.3","24.6","84.9","9.8","89.9","6.4",
"1400000US06111004902","Census Tract 49.02, Ventura County, California","1049","39","4.83","0.38","831","71","5.09","0.45","422","66","13.7","11.3","24.9","13.1","61.4","15.0","1049","39","54.8","6.5","44.6","6.4","13.5","5.5","10.1","3.8","0.0","3.3","14.2","8.1","63.5","6.8","36.5","6.8","0.0","3.3","46.0","7.3","54.0","7.3","501","94","128","63","202","88","218","67","5.77","0.82","5.52","1.26","5.69","1.38","1.44","0.29","501","94","128","63","202","88","(X)","(X)","5.31","0.65","4.27","0.58","5.08","1.08","(X)","(X)","253","76","66","52","103","67","(X)","(X)","15.8","15.4","0.0","37.9","17.5","24.3","(X)","(X)","26.9","17.2","0.0","37.9","35.9","31.7","(X)","(X)","57.3","19.1","100.0","37.9","46.6","29.3","(X)","(X)","501","94","128","63","202","88","218","67","66.1","11.4","88.3","16.7","61.4","20.6","3.2","5.2","49.7","12.4","16.4","18.4","28.2","14.0","64.7","25.5","(X)","(X)","(X)","(X)","(X)","(X)","65.1","25.2","(X)","(X)","(X)","(X)","(X)","(X)","48.6","21.7","(X)","(X)","(X)","(X)","(X)","(X)","(X)","(X)","(X)","(X)","(X)","(X)","(X)","(X)","(X)","(X)","85.0","8.7","78.9","23.5","56.4","23.2","11.5","13.8","15.0","8.7","21.1","23.5","43.6","23.2","88.5","13.8","0.0","6.7","0.0","23.6","0.0","15.9","0.0","14.8","65.3","11.9","38.3","26.2","40.6","19.5","11.5","13.8","34.7","11.9","61.7","26.2","59.4","19.5","88.5","13.8",
"1400000US06111005002","Census Tract 50.02, Ventura County, California","704","46","4.70","0.55","526","70","5.12","0.70","273","67","17.9","11.0","18.3","11.7","63.7","15.4","704","46","53.7","9.4","30.7","8.6","13.5","6.7","7.0","4.9","0.0","4.8","13.8","6.7","63.1","8.8","11.6","6.5","25.3","7.7","39.5","9.4","60.5","9.4","318","74","57","39","151","60","178","67","4.70","0.70","5.23","2.25","7.24","2.29","2.35","1.20","318","74","57","39","151","60","(X)","(X)","4.67","0.71","5.23","2.25","6.03","2.26","(X)","(X)","149","53","26","30","98","49","(X)","(X)","21.5","16.6","26.9","47.8","10.2","16.1","(X)","(X)","20.8","18.6","0.0","60.4","19.4","21.8","(X)","(X)","57.7","22.8","73.1","47.8","70.4","26.1","(X)","(X)","318","74","57","39","151","60","178","67","56.3","14.7","80.7","30.2","82.8","14.6","15.7","16.8","33.3","15.4","0.0","40.8","24.5","15.3","41.0","19.4","(X)","(X)","(X)","(X)","(X)","(X)","53.4","20.8","(X)","(X)","(X)","(X)","(X)","(X)","27.5","17.4","(X)","(X)","(X)","(X)","(X)","(X)","(X)","(X)","(X)","(X)","(X)","(X)","(X)","(X)","(X)","(X)","61.6","14.8","50.9","40.4","73.5","17.9","60.7","17.2","11.0","9.4","49.1","40.4","3.3","5.2","7.9","8.6","27.4","13.5","0.0","40.8","23.2","17.9","31.5","18.8","50.0","13.9","0.0","40.8","37.7","20.5","34.8","18.3","50.0","13.9","100.0","40.8","62.3","20.5","65.2","18.3",
"1400000US06111005003","Census Tract 50.03, Ventura County, California","1868","97","4.21","0.27","1598","115","4.26","0.27","818","127","12.0","7.2","30.3","11.8","57.7","10.5","1868","97","50.6","6.7","37.8","6.6","11.4","4.6","6.4","3.4","0.2","0.4","12.2","4.1","71.0","6.1","14.1","5.4","14.9","4.0","48.6","7.5","51.4","7.5","1062","151","146","66","390","106","270","100","4.53","0.37","5.29","1.02","4.65","0.51","1.74","0.64","1062","151","146","66","390","106","(X)","(X)","4.38","0.34","4.33","1.10","3.92","0.39","(X)","(X)","530","109","69","47","219","90","(X)","(X)","8.5","7.2","27.5","44.4","15.5","16.4","(X)","(X)","21.9","12.6","26.1","42.9","52.1","24.4","(X)","(X)","69.6","12.6","46.4","39.3","32.4","23.5","(X)","(X)","1062","151","146","66","390","106","270","100","54.2","8.4","69.2","21.8","67.2","15.8","2.6","4.1","39.1","8.7","30.8","21.8","24.1","13.4","56.3","18.5","(X)","(X)","(X)","(X)","(X)","(X)","78.9","17.4","(X)","(X)","(X)","(X)","(X)","(X)","44.4","19.8","(X)","(X)","(X)","(X)","(X)","(X)","(X)","(X)","(X)","(X)","(X)","(X)","(X)","(X)","(X)","(X)","69.1","8.4","70.5","26.4","67.2","18.2","84.1","15.2","12.9","6.4","11.6","18.4","16.9","13.4","15.9","15.2","18.0","6.0","17.8","22.0","15.9","11.5","0.0","12.1","56.9","10.1","55.5","28.1","31.3","16.6","37.0","18.7","43.1","10.1","44.5","28.1","68.7","16.6","63.0","18.7",
"1400000US06111005004","Census Tract 50.04, Ventura County, California","2851","139","3.23","0.21","2038","192","3.68","0.26","1158","170","20.0","8.2","21.0","9.1","59.0","11.5","2851","139","43.5","6.2","18.6","4.9","16.6","5.7","1.3","1.5","1.6","1.5","12.8","5.7","48.4","4.9","51.6","4.9","0.0","1.2","42.6","5.6","57.4","5.6","1332","194","269","125","437","152","813","192","4.03","0.34","3.11","0.59","3.79","0.49","1.67","0.26","1332","194","269","125","437","152","(X)","(X)","3.99","0.33","2.75","0.45","3.30","0.48","(X)","(X)","819","129","136","108","203","95","(X)","(X)","19.4","8.0","53.7","42.4","0.0","15.8","(X)","(X)","22.3","10.6","0.0","22.4","29.6","28.0","(X)","(X)","58.2","12.8","46.3","42.4","70.4","28.0","(X)","(X)","1332","194","269","125","437","152","813","192","62.7","8.0","62.5","28.0","54.2","20.2","0.0","4.2","23.9","6.7","28.3","29.6","12.6","12.4","9.7","6.5","(X)","(X)","(X)","(X)","(X)","(X)","58.3","13.7","(X)","(X)","(X)","(X)","(X)","(X)","4.4","5.1","(X)","(X)","(X)","(X)","(X)","(X)","(X)","(X)","(X)","(X)","(X)","(X)","(X)","(X)","(X)","(X)","68.1","8.8","27.9","24.6","39.1","16.9","28.0","10.1","31.9","8.8","72.1","24.6","60.9","16.9","72.0","10.1","0.0","2.6","0.0","12.2","0.0","7.7","0.0","4.2","65.1","8.8","3.3","6.7","35.2","16.9","22.6","10.1","34.9","8.8","96.7","6.7","64.8","16.9","77.4","10.1",
"1400000US06111005100","Census Tract 51, Ventura County, California","1094","57","3.11","0.25","910","62","3.33","0.25","274","64","4.0","4.4","11.7","11.0","84.3","12.1","1094","57","27.7","5.8","50.7","5.0","12.7","4.4","4.5","2.1","0.7","1.1","1.2","1.2","89.3","3.8","2.1","1.5","8.6","3.6","63.5","6.2","36.5","6.2","768","77","95","46","47","26","184","50","3.35","0.26","3.44","0.83","4.38","1.07","1.57","0.37","768","77","95","46","47","26","(X)","(X)","3.29","0.25","3.38","0.86","3.83","0.86","(X)","(X)","240","64","28","25","6","9","(X)","(X)","4.6","5.0","0.0","58.2","0.0","100.0","(X)","(X)","13.3","12.8","0.0","58.2","0.0","100.0","(X)","(X)","82.1","14.2","100.0","58.2","100.0","100.0","(X)","(X)","768","77","95","46","47","26","184","50","34.0","6.9","29.5","30.1","29.8","26.5","0.0","17.2","50.3","6.7","46.3","35.8","70.2","29.2","50.0","16.1","(X)","(X)","(X)","(X)","(X)","(X)","75.5","13.0","(X)","(X)","(X)","(X)","(X)","(X)","26.6","11.8","(X)","(X)","(X)","(X)","(X)","(X)","(X)","(X)","(X)","(X)","(X)","(X)","(X)","(X)","(X)","(X)","89.8","4.3","92.6","11.0","87.2","18.6","85.9","13.2","0.7","0.9","0.0","29.9","12.8","18.6","6.5","7.2","9.5","4.4","7.4","11.0","0.0","44.9","7.6","10.9","68.4","7.0","53.7","33.2","68.1","28.3","47.3","16.0","31.6","7.0","46.3","33.2","31.9","28.3","52.7","16.0",
"1400000US06111005202","Census Tract 52.02, Ventura County, California","1106","78","2.38","0.25","667","89","3.05","0.37","207","68","15.5","10.6","5.8","8.8","78.7","12.3","1106","78","20.4","6.3","50.1","7.5","35.1","7.1","15.6","4.6","0.0","3.1","6.2","4.8","85.3","4.5","14.7","4.5","0.0","3.1","66.7","6.6","33.3","6.6","484","79","54","55","129","69","439","82","3.02","0.31","2.76","1.02","3.82","1.18","1.20","0.15","484","79","54","55","129","69","(X)","(X)","2.98","0.28","2.61","0.88","3.49","1.38","(X)","(X)","129","43","13","15","65","55","(X)","(X)","18.6","15.2","61.5","60.1","0.0","38.2","(X)","(X)","7.0","12.3","0.0","85.4","4.6","11.2","(X)","(X)","74.4","18.1","38.5","60.1","95.4","11.2","(X)","(X)","484","79","54","55","129","69","439","82","30.6","9.8","24.1","39.9","50.4","24.3","0.0","7.7","51.2","10.7","59.3","51.0","38.0","29.8","51.3","11.8","(X)","(X)","(X)","(X)","(X)","(X)","88.4","8.0","(X)","(X)","(X)","(X)","(X)","(X)","39.2","11.9","(X)","(X)","(X)","(X)","(X)","(X)","(X)","(X)","(X)","(X)","(X)","(X)","(X)","(X)","(X)","(X)","96.9","2.8","85.2","28.1","100.0","23.5","68.1","10.9","3.1","2.8","14.8","28.1","0.0","23.5","31.9","10.9","0.0","7.0","0.0","41.9","0.0","23.5","0.0","7.7","81.6","9.2","74.1","39.5","70.5","27.5","48.3","12.9","18.4","9.2","25.9","39.5","29.5","27.5","51.7","12.9",
"1400000US06111005203","Census Tract 52.03, Ventura County, California","1903","79","2.99","0.15","1532","124","3.29","0.16","500","90","11.8","7.7","21.2","12.4","67.0","13.7","1903","79","28.2","4.7","56.6","5.8","14.8","4.0","8.2","3.0","0.0","1.8","4.8","4.2","95.4","3.4","4.6","3.4","0.0","1.8","67.5","5.6","32.5","5.6","1286","125","104","60","142","59","371","103","3.46","0.18","3.60","0.48","2.72","0.40","1.30","0.19","1286","125","104","60","142","59","(X)","(X)","3.39","0.18","2.87","0.41","2.65","0.39","(X)","(X)","398","92","48","53","54","38","(X)","(X)","12.8","8.7","0.0","44.4","14.8","22.7","(X)","(X)","26.6","14.7","0.0","44.4","0.0","41.9","(X)","(X)","60.6","14.8","100.0","44.4","85.2","22.7","(X)","(X)","1286","125","104","60","142","59","371","103","33.3","6.5","46.2","41.9","43.0","20.3","0.0","9.0","59.4","7.5","74.0","24.9","42.3","19.8","47.4","14.8","(X)","(X)","(X)","(X)","(X)","(X)","75.7","15.4","(X)","(X)","(X)","(X)","(X)","(X)","42.0","14.7","(X)","(X)","(X)","(X)","(X)","(X)","(X)","(X)","(X)","(X)","(X)","(X)","(X)","(X)","(X)","(X)","98.7","1.5","100.0","27.9","94.4","8.4","83.0","13.4","1.3","1.5","0.0","27.9","5.6","8.4","17.0","13.4","0.0","2.7","0.0","27.9","0.0","21.6","0.0","9.0","74.8","7.1","57.7","41.5","73.2","19.7","42.9","14.2","25.2","7.1","42.3","41.5","26.8","19.7","57.1","14.2",
"1400000US06111005204","Census Tract 52.04, Ventura County, California","1240","40","2.75","0.20","892","93","3.29","0.24","254","69","15.0","12.2","18.5","12.8","66.5","16.2","1240","40","22.7","5.0","61.6","6.0","20.2","6.5","11.5","4.8","0.0","2.8","7.3","4.1","97.4","2.5","2.6","2.5","0.0","2.8","91.8","4.7","8.2","4.7","818","93","30","29","44","27","348","86","3.26","0.27","3.67","0.71","3.93","0.74","1.34","0.17","818","93","30","29","44","27","(X)","(X)","3.25","0.27","3.67","0.71","3.75","0.87","(X)","(X)","220","69","23","26","11","15","(X)","(X)","9.1","10.6","43.5","56.0","72.7","72.2","(X)","(X)","21.4","14.3","0.0","64.2","0.0","92.8","(X)","(X)","69.5","16.8","56.5","56.0","27.3","72.2","(X)","(X)","818","93","30","29","44","27","348","86","28.0","7.8","76.7","40.4","65.9","31.5","0.0","9.6","59.0","9.5","23.3","40.4","27.3","30.0","75.3","10.0","(X)","(X)","(X)","(X)","(X)","(X)","71.8","14.4","(X)","(X)","(X)","(X)","(X)","(X)","41.1","13.3","(X)","(X)","(X)","(X)","(X)","(X)","(X)","(X)","(X)","(X)","(X)","(X)","(X)","(X)","(X)","(X)","100.0","4.2","100.0","56.2","81.8","26.9","93.1","8.0","0.0","4.2","0.0","56.2","18.2","26.9","6.9","8.0","0.0","4.2","0.0","56.2","0.0","46.4","0.0","9.6","91.3","5.6","100.0","56.2","81.8","26.9","93.4","7.9","8.7","5.6","0.0","56.2","18.2","26.9","6.6","7.9",
"1400000US06111005205","Census Tract 52.05, Ventura County, California","2422","105","2.48","0.17","1819","162","2.85","0.19","579","151","46.8","18.6","7.6","9.2","45.6","17.0","2422","105","26.1","5.9","54.5","5.2","21.9","6.6","10.7","4.8","0.0","1.4","1.2","1.3","79.5","5.0","15.7","5.2","4.8","2.1","71.0","5.8","29.0","5.8","1491","168","59","58","269","116","603","171","2.87","0.21","2.59","0.53","3.04","0.51","1.26","0.22","1491","168","59","58","269","116","(X)","(X)","2.85","0.20","2.59","0.53","2.90","0.47","(X)","(X)","392","112","26","33","161","100","(X)","(X)","56.4","22.9","0.0","60.4","31.1","42.0","(X)","(X)","11.2","13.9","0.0","60.4","0.0","19.4","(X)","(X)","32.4","18.0","100.0","60.4","68.9","42.0","(X)","(X)","1491","168","59","58","269","116","603","171","29.4","6.9","44.1","42.5","62.8","22.6","0.0","5.6","56.8","6.1","10.2","21.4","34.9","20.6","61.9","15.4","(X)","(X)","(X)","(X)","(X)","(X)","87.9","8.9","(X)","(X)","(X)","(X)","(X)","(X)","43.0","15.2","(X)","(X)","(X)","(X)","(X)","(X)","(X)","(X)","(X)","(X)","(X)","(X)","(X)","(X)","(X)","(X)","88.5","6.3","59.3","43.2","62.1","26.3","67.0","13.3","6.6","5.5","40.7","43.2","34.2","27.2","27.4","12.9","4.9","3.9","0.0","40.1","3.7","6.7","5.6","5.1","81.2","7.1","40.7","43.6","50.2","22.5","58.2","12.7","18.8","7.1","59.3","43.6","49.8","22.5","41.8","12.7",
"1400000US06111005303","Census Tract 53.03, Ventura County, California","3239","83","2.91","0.15","2425","157","3.43","0.19","1117","154","16.3","7.8","12.5","6.2","71.2","8.7","3239","83","36.7","4.4","38.0","4.7","21.5","5.0","9.6","3.3","0.0","1.1","3.0","2.2","83.5","3.1","9.5","2.8","7.0","2.1","79.0","4.6","21.0","4.6","2108","186","136","97","181","91","814","170","3.55","0.21","2.76","0.67","2.98","0.59","1.26","0.18","2108","186","136","97","181","91","(X)","(X)","3.54","0.21","2.44","0.42","2.89","0.51","(X)","(X)","987","152","43","49","87","69","(X)","(X)","18.4","8.4","0.0","46.9","0.0","31.9","(X)","(X)","11.8","6.3","0.0","46.9","27.6","34.0","(X)","(X)","69.8","9.0","100.0","46.9","72.4","34.0","(X)","(X)","2108","186","136","97","181","91","814","170","47.4","6.2","42.6","36.4","59.1","27.2","2.8","4.3","29.3","5.3","44.1","39.8","35.4","26.7","60.1","12.4","(X)","(X)","(X)","(X)","(X)","(X)","85.7","8.4","(X)","(X)","(X)","(X)","(X)","(X)","38.2","10.5","(X)","(X)","(X)","(X)","(X)","(X)","(X)","(X)","(X)","(X)","(X)","(X)","(X)","(X)","(X)","(X)","89.5","3.4","74.3","30.4","100.0","17.5","65.7","11.4","7.7","3.3","14.0","23.2","0.0","17.5","15.7","8.8","2.8","1.9","11.8","20.6","0.0","17.5","18.6","9.2","81.4","6.5","55.1","35.1","58.6","25.0","81.2","9.1","18.6","6.5","44.9","35.1","41.4","25.0","18.8","9.1",
"1400000US06111005304","Census Tract 53.04, Ventura County, California","2824","135","1.86","0.10","1467","176","2.51","0.17","286","55","67.1","22.3","0.0","11.5","32.9","22.3","2824","135","12.8","3.4","79.0","3.1","45.0","6.0","38.8","6.1","0.5","0.8","3.2","3.1","86.6","5.3","13.0","5.2","0.4","0.6","70.4","6.4","29.6","6.4","1160","190","30","37","277","119","1357","179","2.47","0.19","2.23","0.20","3.01","0.36","1.09","0.06","1160","190","30","37","277","119","(X)","(X)","2.47","0.19","2.23","0.20","2.72","0.38","(X)","(X)","177","99","0","17","109","85","(X)","(X)","65.5","26.8","-","**","69.7","44.5","(X)","(X)","0.0","17.8","-","**","0.0","26.9","(X)","(X)","34.5","26.8","-","**","30.3","44.5","(X)","(X)","1160","190","30","37","277","119","1357","179","19.0","9.0","46.7","53.3","45.8","20.3","0.0","2.5","75.2","8.6","100.0","56.2","42.6","19.2","89.2","6.0","(X)","(X)","(X)","(X)","(X)","(X)","93.7","3.8","(X)","(X)","(X)","(X)","(X)","(X)","80.8","7.5","(X)","(X)","(X)","(X)","(X)","(X)","(X)","(X)","(X)","(X)","(X)","(X)","(X)","(X)","(X)","(X)","93.3","4.8","100.0","56.2","61.4","25.6","85.7","8.7","6.7","4.8","0.0","56.2","38.6","25.6","13.4","8.7","0.0","3.0","0.0","56.2","0.0","11.9","0.9","1.3","71.8","8.1","100.0","56.2","57.4","26.0","71.3","11.2","28.2","8.1","0.0","56.2","42.6","26.0","28.7","11.2",
"1400000US06111005305","Census Tract 53.05, Ventura County, California","1880","79","3.01","0.16","1656","103","3.18","0.16","565","78","12.7","8.7","6.2","6.0","81.1","9.6","1880","79","30.6","4.1","53.4","4.9","10.4","4.1","4.1","2.7","0.0","1.8","1.1","1.8","99.3","0.8","0.4","0.7","0.3","0.4","94.3","2.8","5.7","2.8","1569","105","29","28","58","38","224","77","3.26","0.19","3.31","0.94","3.19","0.76","1.14","0.16","1569","105","29","28","58","38","(X)","(X)","3.17","0.17","3.31","0.94","3.19","0.76","(X)","(X)","546","75","10","16","9","13","(X)","(X)","13.2","8.9","0.0","97.3","0.0","100.0","(X)","(X)","6.4","6.2","0.0","97.3","0.0","100.0","(X)","(X)","80.4","9.8","100.0","97.3","100.0","100.0","(X)","(X)","1569","105","29","28","58","38","224","77","35.4","4.5","34.5","43.6","15.5","21.7","0.0","14.4","53.2","5.2","65.5","43.6","24.1","24.6","61.2","19.3","(X)","(X)","(X)","(X)","(X)","(X)","87.1","16.2","(X)","(X)","(X)","(X)","(X)","(X)","34.8","17.8","(X)","(X)","(X)","(X)","(X)","(X)","(X)","(X)","(X)","(X)","(X)","(X)","(X)","(X)","(X)","(X)","99.2","0.9","100.0","57.1","100.0","40.4","100.0","14.4","0.5","0.8","0.0","57.1","0.0","40.4","0.0","14.4","0.3","0.5","0.0","57.1","0.0","40.4","0.0","14.4","97.6","1.9","100.0","57.1","100.0","40.4","68.3","20.0","2.4","1.9","0.0","57.1","0.0","40.4","31.7","20.0",
"1400000US06111005306","Census Tract 53.06, Ventura County, California","1635","75","2.94","0.16","1272","88","3.33","0.18","448","65","12.1","7.1","23.0","10.1","65.0","11.1","1635","75","31.7","3.8","43.2","4.9","19.3","4.6","9.0","3.8","0.7","1.0","3.8","2.2","93.8","3.6","5.7","3.5","0.5","0.7","82.0","5.6","18.0","5.6","1111","103","53","39","108","64","363","80","3.48","0.20","3.40","0.48","2.83","0.40","1.23","0.14","1111","103","53","39","108","64","(X)","(X)","3.41","0.19","2.98","0.41","2.69","0.36","(X)","(X)","420","64","20","24","8","13","(X)","(X)","12.9","7.6","0.0","68.8","0.0","100.0","(X)","(X)","24.5","10.6","0.0","68.8","0.0","100.0","(X)","(X)","62.6","11.5","100.0","68.8","100.0","100.0","(X)","(X)","1111","103","53","39","108","64","363","80","40.2","5.5","37.7","36.5","39.8","27.7","2.2","3.3","44.6","6.1","45.3","37.2","11.1","15.8","48.5","16.8","(X)","(X)","(X)","(X)","(X)","(X)","86.8","8.4","(X)","(X)","(X)","(X)","(X)","(X)","40.5","16.4","(X)","(X)","(X)","(X)","(X)","(X)","(X)","(X)","(X)","(X)","(X)","(X)","(X)","(X)","(X)","(X)","98.5","1.6","100.0","42.3","78.7","27.7","82.9","14.4","1.5","1.6","0.0","42.3","21.3","27.7","14.9","14.2","0.0","3.1","0.0","42.3","0.0","27.1","2.2","3.3","83.9","6.5","88.7","19.2","72.2","29.3","78.2","17.5","16.1","6.5","11.3","19.2","27.8","29.3","21.8","17.5",
"1400000US06111005401","Census Tract 54.01, Ventura County, California","1308","47","3.06","0.19","1112","70","3.26","0.19","417","67","13.4","13.2","17.3","11.2","69.3","16.7","1308","47","34.2","5.2","47.1","6.1","8.1","3.8","2.6","1.6","0.5","0.8","3.1","2.3","90.7","4.2","9.3","4.2","0.0","2.6","85.2","6.0","14.8","6.0","1020","76","32","35","60","37","196","68","3.30","0.17","3.03","1.61","3.38","1.00","1.69","0.28","1020","76","32","35","60","37","(X)","(X)","3.26","0.18","2.84","1.68","3.38","1.00","(X)","(X)","408","67","6","17","3","13","(X)","(X)","13.7","13.3","0.0","100.0","0.0","100.0","(X)","(X)","17.4","11.4","0.0","100.0","33.3","66.7","(X)","(X)","68.9","16.6","100.0","100.0","66.7","66.7","(X)","(X)","1020","76","32","35","60","37","196","68","40.9","5.4","18.8","49.4","40.0","37.2","0.0","16.3","45.4","6.4","0.0","54.4","76.7","28.3","54.6","20.3","(X)","(X)","(X)","(X)","(X)","(X)","54.1","15.9","(X)","(X)","(X)","(X)","(X)","(X)","17.3","10.4","(X)","(X)","(X)","(X)","(X)","(X)","(X)","(X)","(X)","(X)","(X)","(X)","(X)","(X)","(X)","(X)","92.0","4.7","100.0","54.4","95.0","23.9","81.1","16.4","8.0","4.7","0.0","54.4","5.0","23.9","18.9","16.4","0.0","3.4","0.0","54.4","0.0","39.7","0.0","16.3","85.6","7.4","81.3","49.4","95.0","23.9","81.1","13.1","14.4","7.4","18.8","49.4","5.0","23.9","18.9","13.1",
"1400000US06111005403","Census Tract 54.03, Ventura County, California","974","43","2.79","0.28","504","66","4.17","0.38","246","51","18.3","12.1","29.7","13.6","52.0","16.1","974","43","29.5","5.6","48.3","6.0","44.7","6.7","26.1","4.3","0.0","3.5","1.5","1.4","60.6","5.0","39.4","5.0","0.0","3.5","43.7","5.5","56.3","5.5","361","55","45","35","98","45","470","66","4.58","0.45","6.22","1.78","2.71","0.57","1.09","0.07","361","55","45","35","98","45","(X)","(X)","4.46","0.46","5.24","1.41","2.61","0.46","(X)","(X)","191","53","25","24","30","28","(X)","(X)","17.3","13.7","24.0","38.9","20.0","30.3","(X)","(X)","38.2","14.3","0.0","61.6","0.0","56.2","(X)","(X)","44.5","15.4","76.0","38.9","80.0","30.3","(X)","(X)","361","55","45","35","98","45","470","66","59.6","10.7","84.4","24.1","30.6","27.6","0.9","1.4","31.6","11.0","22.2","30.9","55.1","28.0","62.1","9.6","(X)","(X)","(X)","(X)","(X)","(X)","92.6","5.1","(X)","(X)","(X)","(X)","(X)","(X)","54.0","9.9","(X)","(X)","(X)","(X)","(X)","(X)","(X)","(X)","(X)","(X)","(X)","(X)","(X)","(X)","(X)","(X)","92.0","5.9","86.7","22.4","79.6","23.6","30.0","9.5","8.0","5.9","13.3","22.4","20.4","23.6","70.0","9.5","0.0","9.2","0.0","45.9","0.0","29.2","0.0","7.2","69.5","12.3","57.8","39.0","48.0","29.9","21.7","8.0","30.5","12.3","42.2","39.0","52.0","29.9","78.3","8.0",
"1400000US06111005404","Census Tract 54.04, Ventura County, California","1178","53","3.39","0.20","977","92","3.69","0.23","386","70","10.6","6.8","23.6","12.2","65.8","13.2","1178","53","35.2","6.2","40.2","8.6","14.2","5.9","8.7","4.6","0.0","2.9","4.2","3.6","100.0","2.9","0.0","2.9","0.0","2.9","82.3","6.6","17.7","6.6","732","104","32","26","213","77","201","80","3.92","0.26","3.34","1.25","3.54","0.63","1.35","0.33","732","104","32","26","213","77","(X)","(X)","3.86","0.26","3.09","0.93","3.20","0.49","(X)","(X)","303","77","0","12","83","49","(X)","(X)","13.5","8.8","-","**","0.0","32.9","(X)","(X)","15.2","13.0","-","**","54.2","35.3","(X)","(X)","71.3","14.6","-","**","45.8","35.3","(X)","(X)","732","104","32","26","213","77","201","80","42.6","8.8","0.0","54.4","39.0","17.2","10.0","14.3","37.7","11.1","53.1","42.6","32.9","13.9","54.7","22.6","(X)","(X)","(X)","(X)","(X)","(X)","83.1","15.2","(X)","(X)","(X)","(X)","(X)","(X)","50.7","23.7","(X)","(X)","(X)","(X)","(X)","(X)","(X)","(X)","(X)","(X)","(X)","(X)","(X)","(X)","(X)","(X)","100.0","4.7","100.0","54.4","100.0","15.1","100.0","15.9","0.0","4.7","0.0","54.4","0.0","15.1","0.0","15.9","0.0","4.7","0.0","54.4","0.0","15.1","0.0","15.9","86.7","6.9","53.1","42.6","67.6","18.4","86.6","14.8","13.3","6.9","46.9","42.6","32.4","18.4","13.4","14.8",
"1400000US06111005502","Census Tract 55.02, Ventura County, California","2059","104","2.54","0.21","1124","141","3.33","0.36","434","106","32.5","16.2","29.0","15.9","38.5","16.1","2059","104","24.4","5.8","20.6","5.7","32.6","7.3","4.9","3.9","0.0","1.7","9.3","4.2","36.0","6.5","64.0","6.5","0.0","1.7","18.9","5.1","81.1","5.1","839","154","116","75","169","100","935","166","3.24","0.41","4.10","0.60","4.34","1.47","1.39","0.17","839","154","116","75","169","100","(X)","(X)","3.20","0.41","3.59","0.44","3.79","1.24","(X)","(X)","259","93","70","45","105","74","(X)","(X)","37.1","22.1","40.0","39.7","16.2","25.0","(X)","(X)","21.2","17.0","40.0","38.3","41.0","36.1","(X)","(X)","41.7","21.4","20.0","32.7","42.9","34.3","(X)","(X)","839","154","116","75","169","100","935","166","30.9","11.1","67.2","41.9","92.3","12.5","1.1","1.8","25.1","12.2","0.0","25.6","0.0","18.6","22.9","10.6","(X)","(X)","(X)","(X)","(X)","(X)","71.9","11.3","(X)","(X)","(X)","(X)","(X)","(X)","10.7","8.4","(X)","(X)","(X)","(X)","(X)","(X)","(X)","(X)","(X)","(X)","(X)","(X)","(X)","(X)","(X)","(X)","50.5","12.3","13.8","18.7","39.1","26.0","25.1","8.6","49.5","12.3","86.2","18.7","60.9","26.0","74.9","8.6","0.0","4.1","0.0","25.6","0.0","18.6","0.0","3.7","21.3","9.5","6.9","13.4","6.5","12.4","20.4","9.5","78.7","9.5","93.1","13.4","93.5","12.4","79.6","9.5",
"1400000US06111005503","Census Tract 55.03, Ventura County, California","1359","88","3.09","0.22","1016","98","3.65","0.24","516","83","19.4","11.6","32.0","12.4","48.6","13.1","1359","88","45.8","6.5","44.6","7.3","20.4","5.7","19.1","5.5","0.0","2.5","3.6","3.1","80.4","6.2","19.6","6.2","0.0","2.5","45.5","4.8","54.5","4.8","781","113","106","72","129","62","343","87","3.81","0.33","3.54","1.05","3.17","0.50","1.29","0.19","781","113","106","72","129","62","(X)","(X)","3.80","0.32","3.24","0.87","3.12","0.50","(X)","(X)","405","88","69","51","42","41","(X)","(X)","24.7","14.6","0.0","37.0","0.0","47.5","(X)","(X)","35.3","14.4","31.9","36.8","0.0","47.5","(X)","(X)","40.0","13.4","68.1","36.8","100.0","47.5","(X)","(X)","781","113","106","72","129","62","343","87","62.1","9.4","70.8","37.8","42.6","27.5","2.0","3.6","33.0","9.3","5.7","11.6","49.6","21.9","81.0","11.7","(X)","(X)","(X)","(X)","(X)","(X)","80.8","12.6","(X)","(X)","(X)","(X)","(X)","(X)","75.5","13.3","(X)","(X)","(X)","(X)","(X)","(X)","(X)","(X)","(X)","(X)","(X)","(X)","(X)","(X)","(X)","(X)","95.9","3.9","94.3","11.6","79.8","23.6","40.8","15.5","4.1","3.9","5.7","11.6","20.2","23.6","59.2","15.5","0.0","4.4","0.0","27.5","0.0","23.5","0.0","9.7","50.4","8.7","34.9","30.0","62.0","27.5","31.5","14.1","49.6","8.7","65.1","30.0","38.0","27.5","68.5","14.1",
"1400000US06111005504","Census Tract 55.04, Ventura County, California","1499","60","2.79","0.14","1072","87","3.34","0.19","466","68","18.0","9.7","20.0","10.9","62.0","12.1","1499","60","31.1","4.3","47.8","6.0","25.6","5.3","13.7","4.6","0.0","2.3","3.4","2.5","88.9","3.8","9.5","3.6","1.6","2.6","75.5","5.7","24.5","5.7","902","98","40","38","130","50","427","83","3.48","0.25","3.25","0.95","3.05","0.41","1.21","0.16","902","98","40","38","130","50","(X)","(X)","3.45","0.24","2.93","0.62","2.68","0.39","(X)","(X)","408","69","12","21","46","29","(X)","(X)","17.2","11.0","0.0","88.8","30.4","37.3","(X)","(X)","20.8","12.0","0.0","88.8","17.4","29.7","(X)","(X)","62.0","13.6","100.0","88.8","52.2","37.2","(X)","(X)","902","98","40","38","130","50","427","83","45.2","7.3","30.0","45.1","35.4","19.9","0.0","7.9","38.2","7.4","70.0","45.1","58.5","19.4","62.8","15.8","(X)","(X)","(X)","(X)","(X)","(X)","89.7","7.3","(X)","(X)","(X)","(X)","(X)","(X)","48.2","15.2","(X)","(X)","(X)","(X)","(X)","(X)","(X)","(X)","(X)","(X)","(X)","(X)","(X)","(X)","(X)","(X)","95.8","3.3","75.0","32.3","88.5","12.0","75.9","11.0","4.2","3.3","25.0","32.3","11.5","12.0","18.5","8.6","0.0","3.8","0.0","48.7","0.0","23.3","5.6","9.2","81.4","7.4","25.0","32.4","88.5","12.0","63.7","12.4","18.6","7.4","75.0","32.4","11.5","12.0","36.3","12.4",
"1400000US06111005600","Census Tract 56, Ventura County, California","3941","140","2.48","0.22","2332","219","3.21","0.22","914","205","27.4","12.6","15.9","10.5","56.8","13.5","3941","140","24.8","5.4","39.1","5.2","35.0","6.0","14.6","3.6","0.0","0.9","2.2","2.2","70.5","4.5","15.5","4.0","14.1","2.9","60.7","5.6","39.3","5.6","1828","228","88","74","416","133","1609","252","3.37","0.26","2.69","0.57","2.91","0.33","1.35","0.25","1828","228","88","74","416","133","(X)","(X)","3.32","0.25","2.53","0.47","2.91","0.33","(X)","(X)","796","205","16","26","102","58","(X)","(X)","29.6","14.0","0.0","76.9","13.7","20.4","(X)","(X)","16.3","11.5","0.0","76.9","14.7","25.3","(X)","(X)","54.0","14.5","100.0","76.9","71.6","30.2","(X)","(X)","1828","228","88","74","416","133","1609","252","44.2","8.2","63.6","37.9","24.5","13.8","0.7","1.2","33.2","6.8","81.8","30.6","24.3","12.0","47.3","8.9","(X)","(X)","(X)","(X)","(X)","(X)","85.8","8.1","(X)","(X)","(X)","(X)","(X)","(X)","35.7","7.4","(X)","(X)","(X)","(X)","(X)","(X)","(X)","(X)","(X)","(X)","(X)","(X)","(X)","(X)","(X)","(X)","81.1","5.4","54.5","49.3","72.8","18.9","58.7","9.2","9.0","3.9","0.0","31.6","21.9","18.3","21.9","8.7","9.9","3.9","45.5","49.3","5.3","6.7","19.4","4.7","69.8","7.6","81.8","30.6","69.2","19.6","46.9","10.4","30.2","7.6","18.2","30.6","30.8","19.6","53.1","10.4",
"1400000US06111005700","Census Tract 57, Ventura County, California","654","42","2.41","0.17","363","52","3.09","0.18","199","39","34.7","14.8","14.6","9.9","50.8","16.5","654","42","31.0","6.1","16.1","5.7","32.0","7.4","6.6","3.7","0.5","0.8","7.2","5.6","35.2","5.6","64.2","5.6","0.6","1.0","27.5","6.4","72.5","6.4","311","43","0","12","52","34","291","57","3.28","0.26","-","**","2.56","0.46","1.44","0.24","311","43","0","12","52","34","(X)","(X)","3.18","0.21","-","**","2.56","0.46","(X)","(X)","151","28","0","12","48","33","(X)","(X)","33.1","18.9","-","**","39.6","39.4","(X)","(X)","19.2","14.1","-","**","0.0","44.4","(X)","(X)","47.7","19.7","-","**","60.4","39.4","(X)","(X)","311","43","0","12","52","34","291","57","49.8","10.0","-","**","92.3","11.8","0.0","11.3","16.1","8.5","-","**","0.0","42.7","18.9","9.0","(X)","(X)","(X)","(X)","(X)","(X)","71.8","12.6","(X)","(X)","(X)","(X)","(X)","(X)","14.8","7.9","(X)","(X)","(X)","(X)","(X)","(X)","(X)","(X)","(X)","(X)","(X)","(X)","(X)","(X)","(X)","(X)","48.6","10.3","-","**","42.3","32.9","19.6","8.1","51.4","10.3","-","**","57.7","32.9","79.0","8.2","0.0","10.6","-","**","0.0","42.7","1.4","2.3","35.0","9.9","-","**","25.0","30.5","19.9","9.3","65.0","9.9","-","**","75.0","30.5","80.1","9.3",
"1400000US06111005801","Census Tract 58.01, Ventura County, California","1697","56","3.07","0.14","1444","91","3.32","0.13","724","57","14.6","7.5","13.1","6.5","72.2","7.1","1697","56","43.3","3.5","34.9","5.5","11.0","4.7","4.3","2.7","0.0","2.0","1.4","1.4","100.0","2.0","0.0","2.0","0.0","2.0","84.6","4.5","15.4","4.5","1310","89","32","29","102","61","253","80","3.37","0.13","3.13","0.95","2.74","0.50","1.64","0.51","1310","89","32","29","102","61","(X)","(X)","3.37","0.13","3.13","0.95","2.74","0.50","(X)","(X)","673","69","13","20","38","33","(X)","(X)","14.1","7.7","0.0","85.4","28.9","33.8","(X)","(X)","14.1","6.9","0.0","85.4","0.0","49.9","(X)","(X)","71.8","7.4","100.0","85.4","71.1","33.8","(X)","(X)","1310","89","32","29","102","61","253","80","51.4","4.8","40.6","47.2","37.3","28.7","4.0","7.0","36.3","6.0","0.0","54.4","27.5","22.5","35.6","18.8","(X)","(X)","(X)","(X)","(X)","(X)","73.5","18.9","(X)","(X)","(X)","(X)","(X)","(X)","28.9","17.0","(X)","(X)","(X)","(X)","(X)","(X)","(X)","(X)","(X)","(X)","(X)","(X)","(X)","(X)","(X)","(X)","100.0","2.6","100.0","54.4","100.0","28.3","100.0","12.9","0.0","2.6","0.0","54.4","0.0","28.3","0.0","12.9","0.0","2.6","0.0","54.4","0.0","28.3","0.0","12.9","86.0","5.0","65.6","48.6","62.7","34.2","88.1","17.2","14.0","5.0","34.4","48.6","37.3","34.2","11.9","17.2",
"1400000US06111005802","Census Tract 58.02, Ventura County, California","2978","143","3.12","0.15","2448","168","3.45","0.14","1221","157","12.4","7.3","8.6","5.0","79.0","8.5","2978","143","45.7","4.7","38.9","4.6","14.5","4.7","5.4","2.2","0.0","1.2","4.3","3.0","90.2","3.5","1.4","1.6","8.4","3.2","87.8","5.2","12.2","5.2","2072","176","29","35","347","118","530","149","3.51","0.16","4.79","2.18","3.25","0.24","1.43","0.36","2072","176","29","35","347","118","(X)","(X)","3.49","0.16","3.28","0.28","3.17","0.23","(X)","(X)","990","152","29","35","202","103","(X)","(X)","15.4","9.0","0.0","57.1","0.0","15.9","(X)","(X)","10.6","5.9","0.0","57.1","0.0","15.9","(X)","(X)","74.0","10.1","100.0","57.1","100.0","15.9","(X)","(X)","2072","176","29","35","347","118","530","149","53.7","5.3","100.0","57.1","63.1","21.5","0.0","6.4","38.3","5.5","0.0","57.1","36.9","23.0","44.7","13.2","(X)","(X)","(X)","(X)","(X)","(X)","81.5","14.6","(X)","(X)","(X)","(X)","(X)","(X)","30.6","12.2","(X)","(X)","(X)","(X)","(X)","(X)","(X)","(X)","(X)","(X)","(X)","(X)","(X)","(X)","(X)","(X)","94.0","4.0","100.0","57.1","79.5","20.0","81.7","11.5","0.0","1.7","0.0","57.1","0.0","9.6","7.9","8.6","6.0","4.0","0.0","57.1","20.5","20.0","10.4","8.2","93.6","3.9","100.0","57.1","81.8","15.5","68.5","16.2","6.4","3.9","0.0","57.1","18.2","15.5","31.5","16.2",
"1400000US06111005901","Census Tract 59.01, Ventura County, California","2191","118","3.02","0.21","1859","133","3.34","0.17","701","150","15.7","10.7","17.8","14.7","66.5","14.7","2191","118","35.1","7.1","47.3","6.7","14.7","6.3","6.9","3.3","0.0","1.6","1.5","1.8","100.0","1.6","0.0","1.6","0.0","1.6","82.8","7.6","17.2","7.6","1655","151","62","58","142","73","332","150","3.41","0.20","2.08","0.24","3.39","0.41","1.07","0.11","1655","151","62","58","142","73","(X)","(X)","3.41","0.20","2.08","0.24","3.18","0.36","(X)","(X)","673","136","28","43","0","17","(X)","(X)","16.3","11.2","0.0","58.2","-","**","(X)","(X)","18.6","15.2","0.0","58.2","-","**","(X)","(X)","65.1","14.9","100.0","58.2","-","**","(X)","(X)","1655","151","62","58","142","73","332","150","44.8","7.6","45.2","53.8","0.0","21.6","0.0","10.0","41.8","8.2","54.8","53.8","75.4","26.2","61.4","18.8","(X)","(X)","(X)","(X)","(X)","(X)","97.0","5.2","(X)","(X)","(X)","(X)","(X)","(X)","45.5","18.3","(X)","(X)","(X)","(X)","(X)","(X)","(X)","(X)","(X)","(X)","(X)","(X)","(X)","(X)","(X)","(X)","100.0","2.1","100.0","39.1","100.0","21.6","100.0","10.0","0.0","2.1","0.0","39.1","0.0","21.6","0.0","10.0","0.0","2.1","0.0","39.1","0.0","21.6","0.0","10.0","79.9","9.6","100.0","39.1","83.1","16.6","93.7","7.8","20.1","9.6","0.0","39.1","16.9","16.6","6.3","7.8",
"1400000US06111005906","Census Tract 59.06, Ventura County, California","2515","97","2.58","0.14","1673","139","3.16","0.16","732","102","22.3","10.7","19.1","10.5","58.6","14.3","2515","97","29.1","4.1","39.0","5.8","26.0","5.8","4.5","2.3","0.5","0.9","4.5","3.1","73.5","4.2","26.5","4.2","0.0","1.4","65.5","5.1","34.5","5.1","1497","149","31","35","145","80","842","141","3.25","0.20","3.00","0.58","2.84","0.37","1.33","0.16","1497","149","31","35","145","80","(X)","(X)","3.22","0.18","2.45","0.18","2.68","0.29","(X)","(X)","689","107","0","17","43","38","(X)","(X)","23.7","11.0","-","**","0.0","46.9","(X)","(X)","19.2","11.0","-","**","18.6","33.9","(X)","(X)","57.2","14.8","-","**","81.4","33.9","(X)","(X)","1497","149","31","35","145","80","842","141","46.0","6.9","0.0","55.3","29.7","22.7","0.0","4.1","40.7","7.2","100.0","55.3","51.7","29.1","31.5","11.7","(X)","(X)","(X)","(X)","(X)","(X)","77.8","11.6","(X)","(X)","(X)","(X)","(X)","(X)","13.3","6.7","(X)","(X)","(X)","(X)","(X)","(X)","(X)","(X)","(X)","(X)","(X)","(X)","(X)","(X)","(X)","(X)","87.9","5.4","100.0","55.3","86.2","18.5","44.8","13.0","12.1","5.4","0.0","55.3","13.8","18.5","55.2","13.0","0.0","2.3","0.0","55.3","0.0","21.2","0.0","4.1","81.4","6.7","100.0","55.3","80.7","19.6","33.3","11.8","18.6","6.7","0.0","55.3","19.3","19.6","66.7","11.8",
"1400000US06111005907","Census Tract 59.07, Ventura County, California","1766","111","2.01","0.11","971","109","2.63","0.13","269","69","27.9","20.4","8.6","9.2","63.6","20.1","1766","111","15.2","3.8","61.7","4.4","39.2","5.8","23.4","5.1","0.0","2.0","2.6","1.8","88.1","4.5","11.6","4.5","0.3","0.6","76.7","5.7","23.3","5.7","823","112","53","46","95","49","795","124","2.65","0.15","3.15","0.77","2.47","0.22","1.21","0.17","823","112","53","46","95","49","(X)","(X)","2.65","0.15","2.47","0.28","2.47","0.22","(X)","(X)","218","61","23","32","28","28","(X)","(X)","34.4","24.3","0.0","64.2","0.0","58.2","(X)","(X)","6.4","9.4","39.1","36.2","0.0","58.2","(X)","(X)","59.2","24.7","60.9","36.2","100.0","58.2","(X)","(X)","823","112","53","46","95","49","795","124","26.5","7.0","43.4","46.3","29.5","25.4","0.0","4.3","56.7","8.0","35.8","36.8","53.7","26.2","69.6","8.9","(X)","(X)","(X)","(X)","(X)","(X)","87.0","7.3","(X)","(X)","(X)","(X)","(X)","(X)","51.9","9.4","(X)","(X)","(X)","(X)","(X)","(X)","(X)","(X)","(X)","(X)","(X)","(X)","(X)","(X)","(X)","(X)","92.1","6.1","73.6","33.1","67.4","24.7","87.3","7.0","7.2","6.0","26.4","33.1","32.6","24.7","12.7","7.0","0.7","1.2","0.0","42.3","0.0","29.9","0.0","4.3","80.3","8.6","35.8","36.8","83.2","20.1","74.8","9.1","19.7","8.6","64.2","36.8","16.8","20.1","25.2","9.1",
"1400000US06111005908","Census Tract 59.08, Ventura County, California","973","36","3.21","0.25","765","55","3.62","0.31","379","67","18.2","10.1","32.7","12.3","49.1","12.3","973","36","40.5","7.0","45.3","7.9","16.1","4.7","4.6","2.3","0.0","3.5","3.1","2.7","94.3","2.0","5.1","1.8","0.5","0.7","76.4","6.6","23.6","6.6","650","64","56","38","59","27","208","45","3.61","0.34","4.11","0.93","4.36","1.30","1.40","0.20","650","64","56","38","59","27","(X)","(X)","3.60","0.34","3.21","0.83","4.24","1.34","(X)","(X)","339","65","25","26","15","14","(X)","(X)","18.9","11.0","20.0","39.2","0.0","79.5","(X)","(X)","36.6","13.7","0.0","61.6","0.0","79.5","(X)","(X)","44.5","13.1","80.0","39.2","100.0","79.5","(X)","(X)","650","64","56","38","59","27","208","45","52.2","9.1","53.6","34.6","33.9","23.6","2.4","3.7","43.7","9.1","73.2","29.0","71.2","21.0","35.6","12.4","(X)","(X)","(X)","(X)","(X)","(X)","75.5","11.1","(X)","(X)","(X)","(X)","(X)","(X)","21.6","9.5","(X)","(X)","(X)","(X)","(X)","(X)","(X)","(X)","(X)","(X)","(X)","(X)","(X)","(X)","(X)","(X)","96.5","1.9","100.0","41.1","91.5","12.7","87.0","7.6","3.5","1.9","0.0","41.1","8.5","12.7","10.6","6.8","0.0","5.2","0.0","41.1","0.0","40.1","2.4","3.4","78.9","7.9","53.6","33.9","72.9","20.0","75.5","12.3","21.1","7.9","46.4","33.9","27.1","20.0","24.5","12.3",
"1400000US06111005909","Census Tract 59.09, Ventura County, California","1487","56","2.50","0.21","916","115","3.11","0.27","315","71","23.2","10.3","10.8","9.0","66.0","11.2","1487","56","23.1","5.0","51.6","7.5","28.6","6.7","16.6","5.8","0.0","2.3","6.4","3.7","72.2","6.6","4.8","3.9","22.9","5.4","77.3","6.3","22.7","6.3","733","120","74","42","109","63","571","112","3.14","0.29","3.70","1.12","3.55","0.83","1.33","0.15","733","120","74","42","109","63","(X)","(X)","3.08","0.28","3.41","1.14","3.07","0.94","(X)","(X)","233","66","26","25","56","35","(X)","(X)","23.2","13.1","0.0","60.4","33.9","30.4","(X)","(X)","14.6","12.3","0.0","60.4","0.0","41.1","(X)","(X)","62.2","13.6","100.0","60.4","66.1","30.4","(X)","(X)","733","120","74","42","109","63","571","112","31.8","9.4","62.2","27.0","58.7","29.7","0.0","5.9","45.8","10.3","51.4","29.4","41.3","29.7","61.1","13.5","(X)","(X)","(X)","(X)","(X)","(X)","74.6","11.4","(X)","(X)","(X)","(X)","(X)","(X)","43.3","14.4","(X)","(X)","(X)","(X)","(X)","(X)","(X)","(X)","(X)","(X)","(X)","(X)","(X)","(X)","(X)","(X)","76.9","10.5","59.5","28.6","93.6","11.1","63.7","12.7","2.5","2.9","13.5","20.5","0.0","26.9","7.7","8.8","20.6","10.3","27.0","25.4","6.4","11.1","28.5","8.5","90.5","6.0","86.5","20.5","67.0","30.3","61.3","11.9","9.5","6.0","13.5","20.5","33.0","30.3","38.7","11.9",
"1400000US06111005910","Census Tract 59.10, Ventura County, California","614","23","2.91","0.17","531","34","3.08","0.15","186","36","19.4","15.1","9.7","7.0","71.0","15.3","614","23","31.6","5.7","49.0","5.7","10.6","4.6","3.3","1.8","0.7","1.1","2.0","2.0","100.0","5.5","0.0","5.5","0.0","5.5","88.3","6.6","11.7","6.6","502","32","19","20","10","12","83","33","3.07","0.14","4.58","0.98","4.80","1.94","1.35","0.34","502","32","19","20","10","12","(X)","(X)","3.04","0.14","4.05","1.34","3.30","0.70","(X)","(X)","167","36","9","15","10","12","(X)","(X)","21.6","17.0","0.0","100.0","0.0","97.3","(X)","(X)","10.8","8.0","0.0","100.0","0.0","97.3","(X)","(X)","67.7","17.7","100.0","100.0","100.0","97.3","(X)","(X)","502","32","19","20","10","12","83","33","34.3","6.6","63.2","44.9","100.0","97.3","0.0","32.9","54.0","6.5","15.8","30.8","0.0","97.3","32.5","16.1","(X)","(X)","(X)","(X)","(X)","(X)","78.3","17.2","(X)","(X)","(X)","(X)","(X)","(X)","24.1","13.6","(X)","(X)","(X)","(X)","(X)","(X)","(X)","(X)","(X)","(X)","(X)","(X)","(X)","(X)","(X)","(X)","100.0","6.7","100.0","70.6","100.0","97.3","100.0","32.9","0.0","6.7","0.0","70.6","0.0","97.3","0.0","32.9","0.0","6.7","0.0","70.6","0.0","97.3","0.0","32.9","92.0","6.5","63.2","44.9","50.0","50.0","75.9","19.9","8.0","6.5","36.8","44.9","50.0","50.0","24.1","19.9",
"1400000US06111005911","Census Tract 59.11, Ventura County, California","1519","92","2.30","0.20","848","109","2.84","0.22","230","83","5.7","9.2","5.2","8.6","89.1","12.7","1519","92","15.8","5.8","46.7","4.9","32.5","6.8","12.4","4.7","0.0","2.3","6.1","3.4","77.1","6.2","22.9","6.2","0.0","2.3","63.6","7.2","36.4","7.2","772","109","10","17","66","54","671","123","2.80","0.24","3.20","0.68","3.65","0.48","1.59","0.32","772","109","10","17","66","54","(X)","(X)","2.78","0.24","3.20","0.68","3.42","0.40","(X)","(X)","198","80","10","17","22","25","(X)","(X)","6.6","10.6","0.0","97.3","0.0","65.6","(X)","(X)","6.1","10.3","0.0","97.3","0.0","65.6","(X)","(X)","87.4","14.8","100.0","97.3","100.0","65.6","(X)","(X)","772","109","10","17","66","54","671","123","25.6","9.8","100.0","97.3","48.5","44.7","0.0","5.1","51.0","8.5","0.0","97.3","24.2","31.8","44.7","10.1","(X)","(X)","(X)","(X)","(X)","(X)","73.6","9.7","(X)","(X)","(X)","(X)","(X)","(X)","28.2","10.6","(X)","(X)","(X)","(X)","(X)","(X)","(X)","(X)","(X)","(X)","(X)","(X)","(X)","(X)","(X)","(X)","88.5","8.5","100.0","97.3","24.2","31.8","68.9","10.2","11.5","8.5","0.0","97.3","75.8","31.8","31.1","10.2","0.0","4.4","0.0","97.3","0.0","37.9","0.0","5.1","79.7","8.7","100.0","97.3","15.2","27.4","49.3","11.5","20.3","8.7","0.0","97.3","84.8","27.4","50.7","11.5",
"1400000US06111006000","Census Tract 60, Ventura County, California","1548","57","3.17","0.21","1262","107","3.58","0.19","596","79","23.7","10.3","18.1","9.8","58.2","11.5","1548","57","42.6","4.7","37.0","6.8","17.3","5.9","5.7","3.8","0.5","0.9","0.5","0.8","99.1","1.2","0.9","1.2","0.0","2.2","84.6","4.9","15.4","4.9","1050","110","65","38","147","67","286","93","3.59","0.22","3.55","0.79","3.76","0.67","1.23","0.26","1050","110","65","38","147","67","(X)","(X)","3.56","0.22","3.55","0.79","3.70","0.69","(X)","(X)","528","78","17","19","51","32","(X)","(X)","26.7","11.6","0.0","74.6","0.0","43.1","(X)","(X)","20.5","11.0","0.0","74.6","0.0","43.1","(X)","(X)","52.8","12.8","100.0","74.6","100.0","43.1","(X)","(X)","1050","110","65","38","147","67","286","93","52.5","6.8","40.0","31.3","51.0","23.8","2.8","4.4","31.2","7.1","58.5","26.7","66.0","20.5","38.5","19.7","(X)","(X)","(X)","(X)","(X)","(X)","93.7","6.6","(X)","(X)","(X)","(X)","(X)","(X)","31.1","19.2","(X)","(X)","(X)","(X)","(X)","(X)","(X)","(X)","(X)","(X)","(X)","(X)","(X)","(X)","(X)","(X)","98.7","1.7","100.0","38.2","100.0","21.0","100.0","11.5","1.3","1.7","0.0","38.2","0.0","21.0","0.0","11.5","0.0","3.3","0.0","38.2","0.0","21.0","0.0","11.5","88.4","5.7","73.8","25.3","83.0","16.8","73.8","18.1","11.6","5.7","26.2","25.3","17.0","16.8","26.2","18.1",
"1400000US06111006100","Census Tract 61, Ventura County, California","2771","131","3.13","0.23","2118","188","3.56","0.24","1267","220","16.4","8.4","32.2","13.1","51.4","11.1","2771","131","46.9","7.6","22.5","3.8","18.7","5.8","2.0","1.6","0.0","1.3","11.7","5.2","54.5","7.2","44.4","7.0","1.1","1.6","44.6","7.4","55.4","7.4","1725","176","81","60","312","167","653","176","3.59","0.30","4.11","1.10","4.19","0.76","1.29","0.22","1725","176","81","60","312","167","(X)","(X)","3.59","0.30","3.21","0.56","3.47","0.51","(X)","(X)","954","210","44","48","269","160","(X)","(X)","13.0","8.4","0.0","46.4","31.2","27.4","(X)","(X)","30.4","13.3","36.4","42.9","37.9","31.0","(X)","(X)","56.6","12.6","63.6","42.9","30.9","25.5","(X)","(X)","1725","176","81","60","312","167","653","176","56.3","9.6","74.1","33.4","86.2","13.1","0.0","5.2","26.0","4.9","0.0","33.5","9.6","11.0","22.4","12.8","(X)","(X)","(X)","(X)","(X)","(X)","79.3","13.6","(X)","(X)","(X)","(X)","(X)","(X)","8.4","6.2","(X)","(X)","(X)","(X)","(X)","(X)","(X)","(X)","(X)","(X)","(X)","(X)","(X)","(X)","(X)","(X)","67.3","9.5","61.7","38.4","57.1","27.8","18.7","9.9","32.7","9.5","38.3","38.4","33.3","25.6","81.3","9.9","0.0","2.0","0.0","33.5","9.6","14.3","0.0","5.2","58.5","10.3","60.5","28.2","13.8","13.1","20.8","10.5","41.5","10.3","39.5","28.2","86.2","13.1","79.2","10.5",
"1400000US06111006200","Census Tract 62, Ventura County, California","1081","43","2.72","0.18","876","81","3.03","0.19","292","64","2.4","4.1","15.1","11.6","82.5","12.4","1081","43","28.9","6.0","57.2","6.1","14.3","5.3","6.0","4.0","0.0","3.2","6.2","6.1","100.0","3.2","0.0","3.2","0.0","3.2","89.7","5.0","10.3","5.0","783","90","5","11","88","45","205","76","3.06","0.21","2.60","1.34","3.23","0.43","1.22","0.23","783","90","5","11","88","45","(X)","(X)","3.03","0.21","2.60","1.34","3.03","0.47","(X)","(X)","244","57","0","12","48","37","(X)","(X)","2.9","5.0","-","**","0.0","44.4","(X)","(X)","18.0","13.8","-","**","0.0","44.4","(X)","(X)","79.1","14.7","-","**","100.0","44.4","(X)","(X)","783","90","5","11","88","45","205","76","33.7","6.3","0.0","100.0","54.5","31.1","0.0","15.6","57.1","6.4","0.0","100.0","64.8","35.1","55.6","21.9","(X)","(X)","(X)","(X)","(X)","(X)","75.6","24.4","(X)","(X)","(X)","(X)","(X)","(X)","31.7","22.6","(X)","(X)","(X)","(X)","(X)","(X)","(X)","(X)","(X)","(X)","(X)","(X)","(X)","(X)","(X)","(X)","100.0","4.4","100.0","100.0","100.0","31.6","100.0","15.6","0.0","4.4","0.0","100.0","0.0","31.6","0.0","15.6","0.0","4.4","0.0","100.0","0.0","31.6","0.0","15.6","92.2","4.3","100.0","100.0","100.0","31.6","75.6","23.1","7.8","4.3","0.0","100.0","0.0","31.6","24.4","23.1",
"1400000US06111006301","Census Tract 63.01, Ventura County, California","2632","100","2.51","0.12","1756","146","3.04","0.20","558","76","5.9","6.9","16.8","12.6","77.2","14.1","2632","100","23.1","3.3","54.4","4.8","24.8","4.6","16.3","4.2","0.0","1.3","5.4","3.5","77.0","5.5","23.0","5.5","0.0","1.3","67.6","6.5","32.4","6.5","1604","144","53","77","99","54","876","145","3.11","0.20","1.89","0.12","2.85","0.53","1.42","0.14","1604","144","53","77","99","54","(X)","(X)","3.09","0.20","1.89","0.12","2.85","0.53","(X)","(X)","493","82","53","77","12","18","(X)","(X)","6.7","7.7","0.0","42.3","0.0","88.8","(X)","(X)","19.1","14.6","0.0","42.3","0.0","88.8","(X)","(X)","74.2","16.2","100.0","42.3","100.0","88.8","(X)","(X)","1604","144","53","77","99","54","876","145","31.9","5.4","100.0","42.3","28.3","27.6","1.7","2.7","48.4","5.9","0.0","42.3","77.8","24.3","65.9","11.4","(X)","(X)","(X)","(X)","(X)","(X)","74.4","9.4","(X)","(X)","(X)","(X)","(X)","(X)","49.1","10.8","(X)","(X)","(X)","(X)","(X)","(X)","(X)","(X)","(X)","(X)","(X)","(X)","(X)","(X)","(X)","(X)","79.3","6.3","100.0","42.3","87.9","19.2","70.2","9.9","20.7","6.3","0.0","42.3","12.1","19.2","29.8","9.9","0.0","2.2","0.0","42.3","0.0","29.0","0.0","3.9","75.7","7.2","0.0","42.3","73.7","31.0","56.2","10.6","24.3","7.2","100.0","42.3","26.3","31.0","43.8","10.6",
"1400000US06111006302","Census Tract 63.02, Ventura County, California","783","44","3.11","0.26","663","53","3.35","0.28","278","61","16.2","10.3","24.1","13.7","59.7","13.5","783","44","39.6","7.8","47.6","5.5","13.5","5.1","8.2","4.2","0.0","4.4","3.3","3.6","79.3","5.0","20.7","5.0","0.0","4.4","69.7","6.4","30.3","6.4","559","63","27","20","77","42","120","44","3.26","0.24","3.00","0.60","5.04","1.10","1.16","0.15","559","63","27","20","77","42","(X)","(X)","3.24","0.25","2.81","0.55","4.35","1.42","(X)","(X)","224","57","10","14","44","37","(X)","(X)","20.1","12.2","0.0","97.3","0.0","46.4","(X)","(X)","21.9","15.0","0.0","97.3","40.9","46.1","(X)","(X)","58.0","15.7","100.0","97.3","59.1","46.1","(X)","(X)","559","63","27","20","77","42","120","44","44.7","9.6","59.3","39.4","57.1","26.3","0.0","24.9","43.8","6.8","44.4","37.3","48.1","29.6","65.8","18.2","(X)","(X)","(X)","(X)","(X)","(X)","88.3","10.7","(X)","(X)","(X)","(X)","(X)","(X)","53.3","19.7","(X)","(X)","(X)","(X)","(X)","(X)","(X)","(X)","(X)","(X)","(X)","(X)","(X)","(X)","(X)","(X)","79.8","7.8","100.0","59.2","71.4","31.7","77.5","13.4","20.2","7.8","0.0","59.2","28.6","31.7","22.5","13.4","0.0","6.1","0.0","59.2","0.0","34.6","0.0","24.9","71.6","8.0","66.7","38.1","40.3","25.4","80.8","13.9","28.4","8.0","33.3","38.1","59.7","25.4","19.2","13.9",
"1400000US06111006400","Census Tract 64, Ventura County, California","2434","93","2.65","0.16","1864","139","3.03","0.14","579","105","10.9","8.6","27.1","13.2","62.0","14.3","2434","93","24.4","4.3","50.2","6.1","19.8","5.3","9.2","3.4","0.5","0.8","5.5","3.2","99.4","1.0","0.0","1.4","0.6","1.0","86.6","4.8","13.4","4.8","1560","139","114","82","190","105","570","142","3.04","0.16","3.29","0.67","3.26","0.72","1.26","0.22","1560","139","114","82","190","105","(X)","(X)","3.04","0.16","3.20","0.67","2.88","0.45","(X)","(X)","441","89","45","59","93","63","(X)","(X)","11.6","10.6","0.0","45.9","12.9","19.3","(X)","(X)","35.6","15.4","0.0","45.9","0.0","30.4","(X)","(X)","52.8","15.8","100.0","45.9","87.1","19.3","(X)","(X)","1560","139","114","82","190","105","570","142","28.3","5.4","53.5","35.3","48.9","28.9","0.0","6.0","46.6","6.2","60.5","36.4","32.1","26.2","64.0","17.7","(X)","(X)","(X)","(X)","(X)","(X)","84.6","10.4","(X)","(X)","(X)","(X)","(X)","(X)","39.3","14.1","(X)","(X)","(X)","(X)","(X)","(X)","(X)","(X)","(X)","(X)","(X)","(X)","(X)","(X)","(X)","(X)","99.0","1.7","100.0","26.0","100.0","16.8","100.0","6.0","0.0","2.2","0.0","26.0","0.0","16.8","0.0","6.0","1.0","1.7","0.0","26.0","0.0","16.8","0.0","6.0","90.6","4.9","60.5","36.4","68.9","23.2","86.7","13.8","9.4","4.9","39.5","36.4","31.1","23.2","13.3","13.8",
"1400000US06111006500","Census Tract 65, Ventura County, California","1012","71","3.68","0.31","846","77","3.90","0.31","303","67","21.5","13.6","29.4","12.7","49.2","15.1","1012","71","38.4","5.8","40.6","6.3","14.4","6.4","9.2","5.7","0.0","3.4","4.8","3.0","89.9","4.8","10.1","4.8","0.0","3.4","77.0","7.5","23.0","7.5","611","89","53","31","182","67","166","69","4.05","0.44","5.68","1.30","4.14","0.52","1.14","0.13","611","89","53","31","182","67","(X)","(X)","3.85","0.39","4.38","1.11","3.93","0.53","(X)","(X)","234","55","20","17","49","37","(X)","(X)","24.8","16.6","0.0","68.8","14.3","22.0","(X)","(X)","25.2","13.1","70.0","44.1","32.7","59.6","(X)","(X)","50.0","18.0","30.0","44.1","53.1","53.1","(X)","(X)","611","89","53","31","182","67","166","69","47.8","9.9","37.7","26.2","42.3","20.3","0.0","18.9","27.3","7.9","56.6","31.0","63.7","18.4","59.0","19.8","(X)","(X)","(X)","(X)","(X)","(X)","88.0","11.9","(X)","(X)","(X)","(X)","(X)","(X)","56.0","20.1","(X)","(X)","(X)","(X)","(X)","(X)","(X)","(X)","(X)","(X)","(X)","(X)","(X)","(X)","(X)","(X)","98.7","2.1","90.6","16.7","73.1","17.5","75.9","17.8","1.3","2.1","9.4","16.7","26.9","17.5","24.1","17.8","0.0","5.6","0.0","42.3","0.0","17.4","0.0","18.9","89.5","6.7","60.4","33.7","64.3","19.1","50.0","22.9","10.5","6.7","39.6","33.7","35.7","19.1","50.0","22.9",
"1400000US06111006600","Census Tract 66, Ventura County, California","1361","26","3.16","0.24","997","72","3.73","0.34","395","90","22.5","11.3","16.2","11.2","61.3","14.7","1361","26","30.8","7.3","57.1","7.8","22.3","5.4","15.2","4.7","0.0","2.5","2.5","2.5","98.5","2.4","1.5","2.4","0.0","2.5","90.2","4.7","9.8","4.7","861","79","21","26","115","51","364","66","3.71","0.34","2.81","0.84","5.19","2.18","1.23","0.16","861","79","21","26","115","51","(X)","(X)","3.60","0.32","2.81","0.84","4.83","1.89","(X)","(X)","342","94","0","12","53","39","(X)","(X)","26.0","12.7","-","**","0.0","42.3","(X)","(X)","11.4","9.6","-","**","47.2","41.5","(X)","(X)","62.6","14.7","-","**","52.8","41.5","(X)","(X)","861","79","21","26","115","51","364","66","42.5","10.4","0.0","67.2","46.1","28.1","0.0","9.2","49.5","8.7","61.9","57.3","68.7","20.5","71.2","11.5","(X)","(X)","(X)","(X)","(X)","(X)","83.5","10.9","(X)","(X)","(X)","(X)","(X)","(X)","56.9","11.8","(X)","(X)","(X)","(X)","(X)","(X)","(X)","(X)","(X)","(X)","(X)","(X)","(X)","(X)","(X)","(X)","100.0","4.0","100.0","67.2","100.0","25.8","94.2","9.0","0.0","4.0","0.0","67.2","0.0","25.8","5.8","9.0","0.0","4.0","0.0","67.2","0.0","25.8","0.0","9.2","94.2","5.6","100.0","67.2","72.2","18.6","86.0","9.5","5.8","5.6","0.0","67.2","27.8","18.6","14.0","9.5",
"1400000US06111006700","Census Tract 67, Ventura County, California","1142","52","2.88","0.22","773","72","3.52","0.28","279","63","19.4","10.2","15.4","16.6","65.2","14.1","1142","52","27.4","4.6","46.0","7.8","27.5","6.2","8.8","4.2","0.0","3.0","0.7","1.3","81.4","5.3","18.6","5.3","0.0","3.0","68.7","6.9","31.3","6.9","698","82","11","17","64","44","369","65","3.62","0.31","2.45","0.33","3.02","0.60","1.46","0.46","698","82","11","17","64","44","(X)","(X)","3.62","0.31","2.45","0.33","2.67","0.53","(X)","(X)","262","65","0","12","17","17","(X)","(X)","20.6","11.1","-","**","0.0","74.6","(X)","(X)","16.4","17.6","-","**","0.0","74.6","(X)","(X)","63.0","14.7","-","**","100.0","74.6","(X)","(X)","698","82","11","17","64","44","369","65","42.4","8.4","0.0","92.8","26.6","24.7","0.0","9.0","53.6","10.2","100.0","92.8","0.0","38.5","37.9","14.4","(X)","(X)","(X)","(X)","(X)","(X)","85.1","11.5","(X)","(X)","(X)","(X)","(X)","(X)","27.1","12.4","(X)","(X)","(X)","(X)","(X)","(X)","(X)","(X)","(X)","(X)","(X)","(X)","(X)","(X)","(X)","(X)","95.6","3.6","100.0","92.8","100.0","38.5","50.9","16.0","4.4","3.6","0.0","92.8","0.0","38.5","49.1","16.0","0.0","4.9","0.0","92.8","0.0","38.5","0.0","9.0","86.4","8.1","100.0","92.8","31.3","39.4","40.9","14.2","13.6","8.1","0.0","92.8","68.8","39.4","59.1","14.2",
"1400000US06111006800","Census Tract 68, Ventura County, California","1196","85","3.16","0.25","908","107","3.56","0.27","319","62","4.4","7.3","16.3","14.3","79.3","16.7","1196","85","33.2","6.0","35.8","7.5","15.8","5.7","5.7","3.4","0.0","2.9","6.0","4.4","89.7","5.8","9.4","5.7","0.9","1.4","71.2","8.8","28.8","8.8","653","96","58","43","197","65","288","99","3.71","0.32","5.91","2.83","2.69","0.33","1.69","0.49","653","96","58","43","197","65","(X)","(X)","3.69","0.32","5.47","2.57","2.58","0.31","(X)","(X)","232","63","37","35","50","35","(X)","(X)","6.0","10.3","0.0","50.6","0.0","43.5","(X)","(X)","22.4","19.9","0.0","50.6","0.0","43.5","(X)","(X)","71.6","23.8","100.0","50.6","100.0","43.5","(X)","(X)","653","96","58","43","197","65","288","99","43.3","9.4","74.1","26.6","32.0","21.0","2.8","4.0","40.0","10.3","20.7","24.6","27.9","17.4","34.7","16.6","(X)","(X)","(X)","(X)","(X)","(X)","65.6","20.8","(X)","(X)","(X)","(X)","(X)","(X)","23.6","14.7","(X)","(X)","(X)","(X)","(X)","(X)","(X)","(X)","(X)","(X)","(X)","(X)","(X)","(X)","(X)","(X)","96.9","3.2","81.0","27.3","91.9","12.5","73.6","18.5","1.4","2.1","19.0","27.3","8.1","12.5","26.4","18.5","1.7","2.6","0.0","40.4","0.0","16.2","0.0","11.4","81.0","11.1","81.0","27.3","62.9","22.4","52.4","19.7","19.0","11.1","19.0","27.3","37.1","22.4","47.6","19.7",
"1400000US06111006900","Census Tract 69, Ventura County, California","1769","82","2.27","0.17","881","110","3.21","0.23","444","95","5.0","6.0","9.2","8.1","85.8","9.7","1769","82","26.2","5.6","41.4","6.3","43.8","6.3","20.2","5.5","0.5","0.8","3.1","3.1","42.8","6.5","57.2","6.5","0.0","2.0","39.3","5.1","60.7","5.1","639","112","55","37","187","69","888","109","3.46","0.30","3.65","0.94","2.86","0.35","1.20","0.13","639","112","55","37","187","69","(X)","(X)","3.37","0.28","3.11","0.49","2.68","0.35","(X)","(X)","324","85","55","37","65","36","(X)","(X)","6.8","8.1","0.0","41.5","0.0","38.2","(X)","(X)","9.0","10.0","21.8","30.7","0.0","38.2","(X)","(X)","84.3","12.7","78.2","30.7","100.0","38.2","(X)","(X)","639","112","55","37","187","69","888","109","50.7","9.3","100.0","41.5","34.8","18.6","2.1","2.3","36.0","9.7","0.0","41.5","18.7","13.8","52.6","10.9","(X)","(X)","(X)","(X)","(X)","(X)","87.3","8.3","(X)","(X)","(X)","(X)","(X)","(X)","40.2","10.0","(X)","(X)","(X)","(X)","(X)","(X)","(X)","(X)","(X)","(X)","(X)","(X)","(X)","(X)","(X)","(X)","58.1","11.1","40.0","35.3","61.5","18.6","28.2","10.1","41.9","11.1","60.0","35.3","38.5","18.6","71.8","10.1","0.0","5.3","0.0","41.5","0.0","17.0","0.0","3.9","45.9","9.6","40.0","35.3","46.5","22.2","33.1","8.6","54.1","9.6","60.0","35.3","53.5","22.2","66.9","8.6",
"1400000US06111007000","Census Tract 70, Ventura County, California","1603","91","2.58","0.19","924","119","3.47","0.30","411","76","27.7","15.0","15.8","11.6","56.4","17.3","1603","91","28.9","5.1","42.5","6.9","35.4","6.1","18.7","6.0","0.0","2.2","6.7","4.2","34.4","6.1","64.6","5.6","1.0","1.2","20.7","5.0","79.3","5.0","694","106","41","39","189","83","679","112","3.64","0.40","3.27","0.90","3.55","0.55","1.19","0.10","694","106","41","39","189","83","(X)","(X)","3.52","0.37","2.46","0.62","3.51","0.56","(X)","(X)","308","87","32","36","71","45","(X)","(X)","25.6","14.9","0.0","54.4","49.3","35.6","(X)","(X)","21.1","14.6","0.0","54.4","0.0","36.4","(X)","(X)","53.2","19.4","100.0","54.4","50.7","35.6","(X)","(X)","694","106","41","39","189","83","679","112","44.4","9.7","78.0","39.1","65.1","23.1","0.0","5.0","29.0","8.6","0.0","48.1","36.0","20.9","60.8","12.6","(X)","(X)","(X)","(X)","(X)","(X)","83.5","8.8","(X)","(X)","(X)","(X)","(X)","(X)","44.2","13.3","(X)","(X)","(X)","(X)","(X)","(X)","(X)","(X)","(X)","(X)","(X)","(X)","(X)","(X)","(X)","(X)","46.8","11.5","100.0","48.1","25.9","19.2","20.2","9.2","50.9","11.2","0.0","48.1","74.1","19.2","79.8","9.2","2.3","2.9","0.0","48.1","0.0","16.8","0.0","5.0","30.3","8.9","19.5","35.2","0.0","16.8","16.8","8.6","69.7","8.9","80.5","35.2","100.0","16.8","83.2","8.6",
"1400000US06111007100","Census Tract 71, Ventura County, California","2728","193","2.40","0.26","1234","180","3.62","0.55","479","182","31.1","18.5","18.2","12.5","50.7","19.7","2728","193","22.5","5.5","36.0","6.1","45.6","6.1","16.2","5.3","0.0","1.3","11.0","5.1","30.5","7.5","59.1","8.1","10.4","4.1","30.3","6.5","69.7","6.5","680","175","180","118","374","161","1494","230","4.08","0.94","2.72","0.72","4.05","0.77","1.19","0.09","680","175","180","118","374","161","(X)","(X)","4.02","0.98","2.59","0.58","3.38","0.61","(X)","(X)","237","134","42","47","200","152","(X)","(X)","24.1","21.4","0.0","47.5","46.0","34.7","(X)","(X)","36.7","22.7","0.0","47.5","0.0","16.0","(X)","(X)","39.2","25.9","100.0","47.5","54.0","34.7","(X)","(X)","680","175","180","118","374","161","1494","230","43.4","12.3","58.9","28.9","57.0","26.8","0.0","2.3","45.7","15.2","22.8","22.8","26.7","17.2","35.4","9.4","(X)","(X)","(X)","(X)","(X)","(X)","83.3","7.5","(X)","(X)","(X)","(X)","(X)","(X)","29.7","8.7","(X)","(X)","(X)","(X)","(X)","(X)","(X)","(X)","(X)","(X)","(X)","(X)","(X)","(X)","(X)","(X)","46.2","13.4","47.2","33.9","22.7","16.0","23.3","10.2","49.3","14.5","52.8","33.9","67.6","18.0","62.2","10.6","4.6","4.3","0.0","17.6","9.6","10.2","14.5","7.0","21.6","11.4","28.3","29.6","33.4","21.5","33.7","9.5","78.4","11.4","71.7","29.6","66.6","21.5","66.3","9.5",
"1400000US06111007201","Census Tract 72.01, Ventura County, California","1217","36","2.88","0.14","948","83","3.22","0.16","323","63","13.9","8.7","12.7","10.7","73.4","11.0","1217","36","30.0","4.6","48.1","6.5","13.1","5.4","3.8","2.4","0.0","2.8","3.0","2.5","100.0","2.8","0.0","2.8","0.0","2.8","95.2","4.2","4.8","4.2","835","82","29","26","84","49","269","85","3.27","0.17","3.38","0.86","3.24","0.65","1.50","0.21","835","82","29","26","84","49","(X)","(X)","3.22","0.17","3.38","0.86","3.19","0.56","(X)","(X)","289","57","9","14","25","26","(X)","(X)","15.6","9.7","0.0","100.0","0.0","61.6","(X)","(X)","14.2","12.0","0.0","100.0","0.0","61.6","(X)","(X)","70.2","12.2","100.0","100.0","100.0","61.6","(X)","(X)","835","82","29","26","84","49","269","85","38.2","5.7","31.0","44.7","44.0","28.5","0.0","12.2","42.3","7.7","69.0","44.7","67.9","27.3","57.6","20.3","(X)","(X)","(X)","(X)","(X)","(X)","59.1","17.7","(X)","(X)","(X)","(X)","(X)","(X)","17.1","12.0","(X)","(X)","(X)","(X)","(X)","(X)","(X)","(X)","(X)","(X)","(X)","(X)","(X)","(X)","(X)","(X)","100.0","4.1","100.0","57.1","100.0","32.7","100.0","12.2","0.0","4.1","0.0","57.1","0.0","32.7","0.0","12.2","0.0","4.1","0.0","57.1","0.0","32.7","0.0","12.2","98.8","1.9","100.0","57.1","79.8","24.5","88.5","16.4","1.2","1.9","0.0","57.1","20.2","24.5","11.5","16.4",
"1400000US06111007202","Census Tract 72.02, Ventura County, California","1591","95","2.62","0.18","1152","108","3.08","0.17","376","72","15.4","9.8","7.7","6.3","76.9","10.9","1591","95","24.3","4.2","62.7","4.9","21.9","4.9","12.1","4.6","0.0","2.2","3.5","2.4","98.4","2.0","1.6","2.0","0.0","2.2","84.5","5.1","15.5","5.1","975","114","8","15","169","77","439","93","3.09","0.19","3.88","0.91","3.41","0.71","1.28","0.16","975","114","8","15","169","77","(X)","(X)","3.09","0.19","2.38","0.50","3.08","0.46","(X)","(X)","339","67","0","12","37","31","(X)","(X)","15.0","10.8","-","**","18.9","30.8","(X)","(X)","8.6","6.9","-","**","0.0","50.6","(X)","(X)","76.4","12.2","-","**","81.1","30.8","(X)","(X)","975","114","8","15","169","77","439","93","34.8","6.2","0.0","100.0","27.8","19.5","0.0","7.7","55.7","7.1","100.0","100.0","59.8","20.6","78.6","10.2","(X)","(X)","(X)","(X)","(X)","(X)","79.5","11.2","(X)","(X)","(X)","(X)","(X)","(X)","44.0","14.5","(X)","(X)","(X)","(X)","(X)","(X)","(X)","(X)","(X)","(X)","(X)","(X)","(X)","(X)","(X)","(X)","100.0","3.5","100.0","100.0","100.0","18.6","94.1","7.3","0.0","3.5","0.0","100.0","0.0","18.6","5.9","7.3","0.0","3.5","0.0","100.0","0.0","18.6","0.0","7.7","88.7","4.3","100.0","100.0","60.9","24.4","84.1","10.2","11.3","4.3","0.0","100.0","39.1","24.4","15.9","10.2",
"1400000US06111007300","Census Tract 73, Ventura County, California","821","64","2.54","0.21","600","53","2.89","0.18","183","41","20.2","15.7","7.7","8.9","72.1","13.3","821","64","22.3","4.7","58.2","7.1","24.6","6.5","10.8","4.7","0.0","4.2","3.0","2.3","89.3","4.4","9.1","4.2","1.6","1.5","78.9","5.5","21.1","5.5","547","57","8","12","45","27","221","62","2.96","0.20","3.13","0.60","4.27","0.93","1.11","0.08","547","57","8","12","45","27","(X)","(X)","2.90","0.20","2.13","0.38","2.91","0.42","(X)","(X)","167","38","8","12","8","11","(X)","(X)","22.2","17.0","0.0","100.0","0.0","100.0","(X)","(X)","8.4","9.8","0.0","100.0","0.0","100.0","(X)","(X)","69.5","14.3","100.0","100.0","100.0","100.0","(X)","(X)","547","57","8","12","45","27","221","62","30.5","6.8","100.0","100.0","17.8","24.1","0.0","14.6","58.0","7.7","100.0","100.0","66.7","27.9","55.7","17.0","(X)","(X)","(X)","(X)","(X)","(X)","91.4","7.0","(X)","(X)","(X)","(X)","(X)","(X)","40.3","15.6","(X)","(X)","(X)","(X)","(X)","(X)","(X)","(X)","(X)","(X)","(X)","(X)","(X)","(X)","(X)","(X)","95.6","3.2","100.0","100.0","64.4","28.8","78.3","12.2","3.8","2.9","0.0","100.0","35.6","28.8","17.2","12.6","0.5","1.1","0.0","100.0","0.0","45.9","4.5","4.8","81.9","6.0","100.0","100.0","62.2","30.3","74.2","14.1","18.1","6.0","0.0","100.0","37.8","30.3","25.8","14.1",
"1400000US06111007402","Census Tract 74.02, Ventura County, California","2530","128","2.40","0.19","1646","176","2.96","0.22","511","136","11.7","10.1","13.5","11.5","74.8","14.0","2530","128","23.6","4.4","59.6","6.0","30.6","6.7","14.1","4.9","0.0","1.4","3.7","3.9","87.6","5.1","11.8","4.9","0.6","1.0","85.7","6.2","14.3","6.2","1448","194","45","47","153","106","884","201","2.95","0.25","2.60","0.52","3.52","0.55","1.27","0.28","1448","194","45","47","153","106","(X)","(X)","2.95","0.25","2.60","0.52","3.17","0.44","(X)","(X)","377","135","37","40","97","101","(X)","(X)","15.9","13.6","0.0","50.6","0.0","29.4","(X)","(X)","18.3","15.4","0.0","50.6","0.0","29.4","(X)","(X)","65.8","18.5","100.0","50.6","100.0","29.4","(X)","(X)","1448","194","45","47","153","106","884","201","27.1","7.3","100.0","45.9","63.4","33.6","7.0","10.1","65.6","7.2","44.4","53.4","30.7","33.8","55.5","12.1","(X)","(X)","(X)","(X)","(X)","(X)","87.6","9.5","(X)","(X)","(X)","(X)","(X)","(X)","40.4","13.1","(X)","(X)","(X)","(X)","(X)","(X)","(X)","(X)","(X)","(X)","(X)","(X)","(X)","(X)","(X)","(X)","100.0","2.4","100.0","45.9","90.2","17.6","66.2","13.6","0.0","2.4","0.0","45.9","9.8","17.6","32.0","13.0","0.0","2.4","0.0","45.9","0.0","20.3","1.8","2.9","91.6","5.4","100.0","45.9","36.6","33.6","83.7","9.1","8.4","5.4","0.0","45.9","63.4","33.6","16.3","9.1",
"1400000US06111007403","Census Tract 74.03, Ventura County, California","2189","83","2.67","0.19","1527","149","3.34","0.24","871","112","19.1","10.8","19.2","12.4","61.8","14.9","2189","83","40.8","5.0","38.5","6.5","27.2","5.9","11.9","4.9","0.0","1.6","2.4","2.1","85.1","4.7","14.9","4.7","0.0","1.6","72.9","6.8","27.1","6.8","1310","154","82","80","135","79","662","142","3.48","0.25","2.13","0.27","2.77","0.32","1.11","0.08","1310","154","82","80","135","79","(X)","(X)","3.47","0.25","2.13","0.27","2.77","0.32","(X)","(X)","748","110","45","67","78","72","(X)","(X)","22.2","12.2","0.0","45.9","0.0","34.3","(X)","(X)","22.3","13.9","0.0","45.9","0.0","34.3","(X)","(X)","55.5","15.8","100.0","45.9","100.0","34.3","(X)","(X)","1310","154","82","80","135","79","662","142","57.9","7.2","54.9","54.9","67.4","29.2","0.0","5.1","33.5","8.2","45.1","54.9","8.1","13.6","53.8","13.9","(X)","(X)","(X)","(X)","(X)","(X)","90.0","7.4","(X)","(X)","(X)","(X)","(X)","(X)","39.4","13.4","(X)","(X)","(X)","(X)","(X)","(X)","(X)","(X)","(X)","(X)","(X)","(X)","(X)","(X)","(X)","(X)","90.2","5.7","45.1","54.9","89.6","16.1","78.9","12.8","9.8","5.7","54.9","54.9","10.4","16.1","21.1","12.8","0.0","2.6","0.0","33.2","0.0","22.6","0.0","5.1","79.0","7.8","45.1","54.9","73.3","27.1","64.2","18.3","21.0","7.8","54.9","54.9","26.7","27.1","35.8","18.3",
"1400000US06111007405","Census Tract 74.05, Ventura County, California","2371","131","2.51","0.12","1600","166","3.07","0.16","846","131","11.1","8.0","12.4","8.0","76.5","10.4","2371","131","38.0","4.4","42.1","8.2","25.6","6.8","9.6","4.3","0.7","1.2","2.7","2.3","77.4","5.8","22.6","5.8","0.0","1.5","69.3","7.1","30.7","7.1","1448","173","57","48","95","57","771","162","3.11","0.18","3.35","1.01","3.15","0.69","1.25","0.15","1448","173","57","48","95","57","(X)","(X)","3.08","0.17","2.75","0.71","2.96","0.61","(X)","(X)","732","118","43","43","71","48","(X)","(X)","9.3","8.5","60.5","52.3","0.0","36.4","(X)","(X)","14.3","9.2","0.0","46.9","0.0","36.4","(X)","(X)","76.4","11.5","39.5","52.3","100.0","36.4","(X)","(X)","1448","173","57","48","95","57","771","162","50.6","7.4","75.4","34.7","89.5","15.9","5.4","8.4","39.7","9.3","40.4","43.1","40.0","31.3","47.1","16.1","(X)","(X)","(X)","(X)","(X)","(X)","78.9","13.3","(X)","(X)","(X)","(X)","(X)","(X)","29.4","13.7","(X)","(X)","(X)","(X)","(X)","(X)","(X)","(X)","(X)","(X)","(X)","(X)","(X)","(X)","(X)","(X)","87.3","6.4","75.4","34.7","85.3","21.9","57.8","15.1","12.7","6.4","24.6","34.7","14.7","21.9","42.2","15.1","0.0","2.4","0.0","40.8","0.0","29.9","0.0","4.4","75.6","10.3","70.2","42.5","63.2","39.2","58.1","13.4","24.4","10.3","29.8","42.5","36.8","39.2","41.9","13.4",
"1400000US06111007406","Census Tract 74.06, Ventura County, California","875","42","2.76","0.18","625","53","3.35","0.21","346","51","22.3","11.1","11.0","7.2","66.8","12.5","875","42","39.5","5.5","30.4","4.5","24.0","5.3","7.8","3.6","0.0","3.9","5.3","3.8","76.5","4.7","23.5","4.7","0.0","3.9","75.1","4.8","24.9","4.8","600","56","6","9","19","16","250","51","3.40","0.23","5.67","1.80","2.79","0.79","1.16","0.12","600","56","6","9","19","16","(X)","(X)","3.36","0.22","4.50","1.25","2.79","0.79","(X)","(X)","335","52","6","9","5","8","(X)","(X)","23.0","11.5","0.0","100.0","0.0","100.0","(X)","(X)","11.3","7.5","0.0","100.0","0.0","100.0","(X)","(X)","65.7","13.0","100.0","100.0","100.0","100.0","(X)","(X)","600","56","6","9","19","16","250","51","55.8","7.3","100.0","100.0","26.3","39.0","0.0","13.0","24.7","6.2","0.0","100.0","0.0","70.6","47.2","15.2","(X)","(X)","(X)","(X)","(X)","(X)","84.0","11.6","(X)","(X)","(X)","(X)","(X)","(X)","27.2","12.0","(X)","(X)","(X)","(X)","(X)","(X)","(X)","(X)","(X)","(X)","(X)","(X)","(X)","(X)","(X)","(X)","85.3","4.9","100.0","100.0","100.0","70.6","52.8","14.8","14.7","4.9","0.0","100.0","0.0","70.6","47.2","14.8","0.0","5.7","0.0","100.0","0.0","70.6","0.0","13.0","83.3","5.5","100.0","100.0","100.0","70.6","52.8","14.8","16.7","5.5","0.0","100.0","0.0","70.6","47.2","14.8",
"1400000US06111007505","Census Tract 75.05, Ventura County, California","1112","32","2.96","0.26","848","66","3.35","0.29","244","58","30.3","19.0","11.1","12.1","58.6","18.7","1112","32","26.3","4.1","48.2","6.9","21.0","5.7","11.2","5.8","0.0","3.1","2.3","2.9","91.1","4.5","8.9","4.5","0.0","3.1","86.1","5.9","13.9","5.9","605","94","87","57","156","70","264","67","3.63","0.39","3.01","0.49","3.40","0.88","1.14","0.10","605","94","87","57","156","70","(X)","(X)","3.61","0.39","2.76","0.56","2.67","0.30","(X)","(X)","168","62","17","28","59","43","(X)","(X)","17.9","20.3","100.0","74.6","45.8","47.8","(X)","(X)","10.7","14.6","0.0","74.6","15.3","26.8","(X)","(X)","71.4","23.1","0.0","74.6","39.0","41.8","(X)","(X)","605","94","87","57","156","70","264","67","29.4","8.8","54.0","36.2","42.9","24.1","0.0","12.4","38.3","10.4","27.6","28.9","62.2","22.9","69.3","14.3","(X)","(X)","(X)","(X)","(X)","(X)","88.6","9.3","(X)","(X)","(X)","(X)","(X)","(X)","47.3","18.1","(X)","(X)","(X)","(X)","(X)","(X)","(X)","(X)","(X)","(X)","(X)","(X)","(X)","(X)","(X)","(X)","98.2","2.7","100.0","31.9","74.4","19.4","81.8","14.0","1.8","2.7","0.0","31.9","25.6","19.4","18.2","14.0","0.0","5.6","0.0","31.9","0.0","19.9","0.0","12.4","94.2","5.6","80.5","31.0","67.9","23.2","79.9","16.6","5.8","5.6","19.5","31.0","32.1","23.2","20.1","16.6",
"1400000US06111007506","Census Tract 75.06, Ventura County, California","2441","76","2.95","0.21","1907","174","3.40","0.19","687","109","12.8","9.7","13.5","9.2","73.7","11.9","2441","76","30.9","4.2","44.2","5.8","19.0","6.5","8.6","4.0","0.0","1.4","3.7","3.0","97.1","2.3","2.3","2.0","0.6","1.0","88.7","5.8","11.3","5.8","1628","187","149","96","130","96","534","169","3.41","0.21","3.93","0.61","3.57","0.82","1.16","0.13","1628","187","149","96","130","96","(X)","(X)","3.38","0.21","3.48","0.55","3.57","0.82","(X)","(X)","605","117","71","65","11","19","(X)","(X)","10.9","9.9","31.0","45.9","0.0","92.8","(X)","(X)","15.4","10.4","0.0","36.4","0.0","92.8","(X)","(X)","73.7","12.8","69.0","45.9","100.0","92.8","(X)","(X)","1628","187","149","96","130","96","534","169","40.2","5.7","47.7","29.7","22.3","28.8","0.0","6.3","44.0","7.3","48.3","29.1","27.7","33.8","47.6","18.4","(X)","(X)","(X)","(X)","(X)","(X)","86.9","10.9","(X)","(X)","(X)","(X)","(X)","(X)","39.1","17.1","(X)","(X)","(X)","(X)","(X)","(X)","(X)","(X)","(X)","(X)","(X)","(X)","(X)","(X)","(X)","(X)","100.0","2.1","100.0","20.8","88.5","20.6","89.7","9.8","0.0","2.1","0.0","20.8","11.5","20.6","7.5","8.0","0.0","2.1","0.0","20.8","0.0","23.3","2.8","5.0","94.5","4.2","77.9","30.0","88.5","20.6","74.2","19.5","5.5","4.2","22.1","30.0","11.5","20.6","25.8","19.5",
"1400000US06111007507","Census Tract 75.07, Ventura County, California","2340","53","2.86","0.16","1944","112","3.20","0.16","721","139","15.7","9.4","14.8","10.2","69.5","11.2","2340","53","34.4","5.9","51.1","6.8","15.1","4.6","10.0","4.0","0.0","1.5","1.8","1.3","97.3","2.2","2.7","2.2","0.0","1.5","93.3","3.8","6.7","3.8","1700","151","17","26","227","155","396","116","3.21","0.17","2.47","0.34","3.30","0.71","1.11","0.08","1700","151","17","26","227","155","(X)","(X)","3.19","0.16","2.47","0.34","3.30","0.71","(X)","(X)","661","134","0","17","60","94","(X)","(X)","17.1","10.7","-","**","0.0","39.7","(X)","(X)","16.2","10.4","-","**","0.0","39.7","(X)","(X)","66.7","11.5","-","**","100.0","39.7","(X)","(X)","1700","151","17","26","227","155","396","116","40.8","6.3","0.0","74.6","48.9","39.1","0.0","8.5","46.2","6.9","100.0","74.6","51.1","39.1","69.9","20.2","(X)","(X)","(X)","(X)","(X)","(X)","89.1","7.5","(X)","(X)","(X)","(X)","(X)","(X)","59.1","19.4","(X)","(X)","(X)","(X)","(X)","(X)","(X)","(X)","(X)","(X)","(X)","(X)","(X)","(X)","(X)","(X)","98.2","2.1","100.0","74.6","92.5","12.7","96.2","6.9","1.8","2.1","0.0","74.6","7.5","12.7","3.8","6.9","0.0","2.0","0.0","74.6","0.0","14.3","0.0","8.5","96.6","2.7","100.0","74.6","92.5","12.7","79.3","18.8","3.4","2.7","0.0","74.6","7.5","12.7","20.7","18.8",
"1400000US06111007508","Census Tract 75.08, Ventura County, California","1468","45","2.59","0.14","981","95","3.08","0.18","342","60","16.4","11.1","22.8","16.1","60.8","16.6","1468","45","27.5","3.7","44.6","5.0","26.2","6.5","7.7","3.8","0.0","2.4","8.4","4.1","92.0","3.7","8.0","3.7","0.0","2.4","71.5","7.2","28.5","7.2","654","104","84","47","243","85","487","93","3.20","0.24","3.63","0.74","3.19","0.45","1.30","0.16","654","104","84","47","243","85","(X)","(X)","3.12","0.20","3.07","0.58","3.00","0.38","(X)","(X)","235","53","28","27","79","51","(X)","(X)","11.1","10.3","67.9","44.7","13.9","25.8","(X)","(X)","28.9","20.7","0.0","58.2","12.7","23.0","(X)","(X)","60.0","20.4","32.1","44.7","73.4","27.0","(X)","(X)","654","104","84","47","243","85","487","93","39.8","6.1","41.7","27.6","41.2","16.5","1.8","3.2","43.6","6.6","66.7","30.0","56.4","14.2","36.1","13.6","(X)","(X)","(X)","(X)","(X)","(X)","78.9","10.5","(X)","(X)","(X)","(X)","(X)","(X)","23.2","10.0","(X)","(X)","(X)","(X)","(X)","(X)","(X)","(X)","(X)","(X)","(X)","(X)","(X)","(X)","(X)","(X)","96.3","4.0","100.0","32.7","84.0","17.3","88.7","6.9","3.7","4.0","0.0","32.7","16.0","17.3","11.3","6.9","0.0","5.2","0.0","32.7","0.0","13.4","0.0","6.9","73.7","9.9","88.1","18.6","54.7","20.5","74.1","12.6","26.3","9.9","11.9","18.6","45.3","20.5","25.9","12.6",
"1400000US06111007509","Census Tract 75.09, Ventura County, California","1512","88","3.01","0.20","1067","101","3.44","0.21","485","76","12.6","10.3","16.7","11.4","70.7","14.4","1512","88","33.5","4.9","43.2","6.1","18.7","6.2","10.1","4.4","1.0","1.4","6.5","4.7","69.9","6.3","30.1","6.3","0.0","2.3","58.6","7.5","41.4","7.5","821","98","89","55","157","71","445","124","3.70","0.24","3.40","1.02","2.77","0.32","1.74","0.43","821","98","89","55","157","71","(X)","(X)","3.70","0.24","2.38","0.49","2.69","0.31","(X)","(X)","387","68","48","48","50","45","(X)","(X)","6.2","6.6","56.3","53.5","20.0","32.7","(X)","(X)","20.9","14.1","0.0","44.4","0.0","43.5","(X)","(X)","72.9","15.0","43.8","53.5","80.0","32.7","(X)","(X)","821","98","89","55","157","71","445","124","49.7","6.8","53.9","32.6","31.8","26.9","0.0","7.6","36.8","7.4","46.1","32.6","43.3","20.8","54.4","14.7","(X)","(X)","(X)","(X)","(X)","(X)","63.4","14.6","(X)","(X)","(X)","(X)","(X)","(X)","34.2","13.2","(X)","(X)","(X)","(X)","(X)","(X)","(X)","(X)","(X)","(X)","(X)","(X)","(X)","(X)","(X)","(X)","86.4","7.7","77.5","25.4","56.7","30.7","42.7","14.4","13.6","7.7","22.5","25.4","43.3","30.7","57.3","14.4","0.0","4.2","0.0","31.4","0.0","19.8","0.0","7.6","79.4","8.5","23.6","28.1","52.9","29.8","29.2","12.3","20.6","8.5","76.4","28.1","47.1","29.8","70.8","12.3",
"1400000US06111007510","Census Tract 75.10, Ventura County, California","2027","99","2.98","0.12","1786","128","3.18","0.13","737","127","17.6","8.7","10.9","8.0","71.5","11.4","2027","99","38.8","5.9","42.0","6.7","7.7","3.6","0.8","1.3","0.0","1.7","3.2","2.4","99.5","0.9","0.5","0.9","0.0","1.7","91.6","4.4","8.4","4.4","1580","134","69","56","137","89","241","88","3.26","0.15","2.74","0.97","2.61","0.42","1.39","0.21","1580","134","69","56","137","89","(X)","(X)","3.25","0.15","2.74","0.97","2.61","0.42","(X)","(X)","702","127","35","38","0","17","(X)","(X)","16.1","8.2","48.6","51.4","-","**","(X)","(X)","11.4","8.6","0.0","52.0","-","**","(X)","(X)","72.5","11.7","51.4","51.4","-","**","(X)","(X)","1580","134","69","56","137","89","241","88","47.6","7.4","50.7","42.8","0.0","22.3","0.0","13.5","44.2","8.3","0.0","37.0","60.6","30.7","29.0","17.1","(X)","(X)","(X)","(X)","(X)","(X)","65.1","19.3","(X)","(X)","(X)","(X)","(X)","(X)","6.6","10.3","(X)","(X)","(X)","(X)","(X)","(X)","(X)","(X)","(X)","(X)","(X)","(X)","(X)","(X)","(X)","(X)","99.4","1.1","100.0","37.0","100.0","22.3","100.0","13.5","0.6","1.1","0.0","37.0","0.0","22.3","0.0","13.5","0.0","2.2","0.0","37.0","0.0","22.3","0.0","13.5","94.1","4.0","100.0","37.0","86.1","20.0","76.3","19.5","5.9","4.0","0.0","37.0","13.9","20.0","23.7","19.5",
"1400000US06111007511","Census Tract 75.11, Ventura County, California","832","44","2.94","0.18","699","54","3.08","0.17","246","49","13.4","11.2","12.2","10.5","74.4","12.6","832","44","32.1","5.5","50.2","6.5","8.9","4.0","1.0","1.1","0.0","4.1","6.3","4.2","97.7","2.0","1.3","1.4","1.0","1.3","85.9","4.9","14.1","4.9","615","58","27","21","57","35","133","42","3.22","0.20","2.19","0.30","3.18","1.18","1.66","0.33","615","58","27","21","57","35","(X)","(X)","3.12","0.18","2.19","0.30","3.00","0.95","(X)","(X)","246","49","0","12","0","12","(X)","(X)","13.4","11.2","-","**","-","**","(X)","(X)","12.2","10.5","-","**","-","**","(X)","(X)","74.4","12.6","-","**","-","**","(X)","(X)","615","58","27","21","57","35","133","42","42.1","6.4","0.0","59.2","14.0","18.3","0.0","22.9","52.5","7.2","51.9","39.5","64.9","32.7","33.1","13.3","(X)","(X)","(X)","(X)","(X)","(X)","55.6","19.6","(X)","(X)","(X)","(X)","(X)","(X)","6.0","6.5","(X)","(X)","(X)","(X)","(X)","(X)","(X)","(X)","(X)","(X)","(X)","(X)","(X)","(X)","(X)","(X)","99.2","1.2","100.0","59.2","100.0","40.8","89.5","10.7","0.8","1.2","0.0","59.2","0.0","40.8","4.5","6.4","0.0","5.5","0.0","59.2","0.0","40.8","6.0","8.2","93.7","5.4","85.2","25.0","91.2","13.8","48.1","16.5","6.3","5.4","14.8","25.0","8.8","13.8","51.9","16.5",
"1400000US06111007512","Census Tract 75.12, Ventura County, California","1762","83","3.09","0.17","1439","115","3.34","0.17","589","103","19.9","11.1","9.0","5.6","71.1","11.4","1762","83","34.3","5.6","28.9","3.9","12.4","4.6","1.6","1.4","0.0","2.0","9.0","4.7","85.8","4.0","13.2","3.9","1.0","1.1","76.7","4.7","23.3","4.7","1055","123","123","50","261","91","323","93","3.44","0.19","3.96","0.59","3.43","0.57","1.33","0.18","1055","123","123","50","261","91","(X)","(X)","3.40","0.19","3.46","0.54","3.04","0.46","(X)","(X)","383","75","22","21","184","88","(X)","(X)","11.0","6.8","0.0","65.6","40.8","27.7","(X)","(X)","9.9","6.8","68.2","45.3","0.0","17.2","(X)","(X)","79.1","8.3","31.8","45.3","59.2","27.7","(X)","(X)","1055","123","123","50","261","91","323","93","37.1","5.8","24.4","18.9","70.5","17.7","0.0","10.3","32.4","5.9","69.1","20.6","10.7","8.6","16.7","10.5","(X)","(X)","(X)","(X)","(X)","(X)","67.8","16.8","(X)","(X)","(X)","(X)","(X)","(X)","9.0","7.0","(X)","(X)","(X)","(X)","(X)","(X)","(X)","(X)","(X)","(X)","(X)","(X)","(X)","(X)","(X)","(X)","95.9","2.8","86.2","14.0","65.5","17.7","69.0","14.5","3.2","2.5","7.3","10.4","34.5","17.7","31.0","14.5","0.9","1.4","6.5","10.3","0.0","12.5","0.0","10.3","88.2","5.7","87.0","12.9","40.6","16.4","64.4","15.6","11.8","5.7","13.0","12.9","59.4","16.4","35.6","15.6",
"1400000US06111007513","Census Tract 75.13, Ventura County, California","524","22","3.16","0.24","388","40","3.69","0.35","149","34","14.1","9.8","10.7","16.0","75.2","15.9","524","22","32.3","6.2","51.5","9.0","21.9","7.5","11.8","7.2","0.0","6.5","4.0","4.0","98.9","1.6","0.0","6.5","1.1","1.6","95.2","3.8","4.8","3.8","354","40","0","12","34","22","136","40","3.84","0.38","-","**","4.09","1.06","1.15","0.16","354","40","0","12","34","22","(X)","(X)","3.75","0.36","-","**","3.03","0.47","(X)","(X)","149","34","0","12","0","12","(X)","(X)","14.1","9.8","-","**","-","**","(X)","(X)","10.7","16.0","-","**","-","**","(X)","(X)","75.2","15.9","-","**","-","**","(X)","(X)","354","40","0","12","34","22","136","40","46.3","8.8","-","**","14.7","21.7","0.0","22.4","41.0","9.9","-","**","82.4","23.7","71.3","17.4","(X)","(X)","(X)","(X)","(X)","(X)","84.6","15.2","(X)","(X)","(X)","(X)","(X)","(X)","45.6","21.4","(X)","(X)","(X)","(X)","(X)","(X)","(X)","(X)","(X)","(X)","(X)","(X)","(X)","(X)","(X)","(X)","100.0","9.4","-","**","100.0","52.8","95.6","6.4","0.0","9.4","-","**","0.0","52.8","0.0","22.4","0.0","9.4","-","**","0.0","52.8","4.4","6.4","97.7","3.0","-","**","100.0","52.8","87.5","13.4","2.3","3.0","-","**","0.0","52.8","12.5","13.4",
"1400000US06111007514","Census Tract 75.14, Ventura County, California","2829","141","2.25","0.12","1705","173","2.89","0.18","554","83","11.9","8.4","15.0","10.2","73.1","12.7","2829","141","20.8","3.0","49.3","5.5","31.8","6.8","22.8","6.2","0.5","0.8","7.7","4.6","58.4","5.2","41.0","5.2","0.5","0.8","49.0","7.1","51.0","7.1","1335","159","98","79","272","99","1124","202","2.88","0.21","2.96","0.58","3.25","0.62","1.21","0.11","1335","159","98","79","272","99","(X)","(X)","2.88","0.21","2.59","0.54","3.07","0.56","(X)","(X)","412","102","48","51","94","70","(X)","(X)","10.9","9.9","14.6","28.8","14.9","23.6","(X)","(X)","15.3","11.4","0.0","44.4","21.3","33.3","(X)","(X)","73.8","14.0","85.4","28.8","63.8","37.9","(X)","(X)","1335","159","98","79","272","99","1124","202","30.9","8.0","49.0","42.0","47.1","24.4","0.0","3.1","35.9","8.2","51.0","42.0","40.8","21.9","67.2","10.4","(X)","(X)","(X)","(X)","(X)","(X)","80.2","11.0","(X)","(X)","(X)","(X)","(X)","(X)","57.5","12.3","(X)","(X)","(X)","(X)","(X)","(X)","(X)","(X)","(X)","(X)","(X)","(X)","(X)","(X)","(X)","(X)","74.5","6.7","92.9","14.5","77.9","15.1","31.7","9.8","25.5","6.7","7.1","14.5","22.1","15.1","67.0","9.9","0.0","2.6","0.0","29.2","0.0","12.1","1.3","2.0","67.9","9.6","92.9","14.5","39.7","21.3","24.9","9.2","32.1","9.6","7.1","14.5","60.3","21.3","75.1","9.2",
"1400000US06111007606","Census Tract 76.06, Ventura County, California","483","26","3.29","0.32","427","44","3.54","0.25","157","30","0.0","19.8","31.8","22.8","68.2","22.8","483","26","34.0","6.7","50.7","8.5","10.1","8.0","1.9","3.0","0.0","7.0","1.2","1.9","100.0","7.0","0.0","7.0","0.0","7.0","91.5","7.2","8.5","7.2","387","51","13","14","27","29","56","39","3.66","0.30","2.92","1.42","2.67","0.71","1.14","0.30","387","51","13","14","27","29","(X)","(X)","3.63","0.30","2.46","0.89","2.67","0.71","(X)","(X)","151","29","6","9","0","12","(X)","(X)","0.0","20.5","0.0","100.0","-","**","(X)","(X)","29.1","23.0","100.0","100.0","-","**","(X)","(X)","70.9","23.0","0.0","100.0","-","**","(X)","(X)","387","51","13","14","27","29","56","39","40.8","7.6","46.2","53.8","0.0","59.2","0.0","41.1","51.9","9.2","53.8","53.8","40.7","52.2","46.4","31.2","(X)","(X)","(X)","(X)","(X)","(X)","87.5","22.4","(X)","(X)","(X)","(X)","(X)","(X)","16.1","24.0","(X)","(X)","(X)","(X)","(X)","(X)","(X)","(X)","(X)","(X)","(X)","(X)","(X)","(X)","(X)","(X)","100.0","8.6","100.0","85.4","100.0","59.2","100.0","41.1","0.0","8.6","0.0","85.4","0.0","59.2","0.0","41.1","0.0","8.6","0.0","85.4","0.0","59.2","0.0","41.1","91.7","7.9","100.0","85.4","100.0","59.2","83.9","24.0","8.3","7.9","0.0","85.4","0.0","59.2","16.1","24.0",
"1400000US06111007607","Census Tract 76.07, Ventura County, California","2027","124","3.10","0.22","1803","139","3.27","0.22","635","146","35.9","17.2","9.9","8.4","54.2","16.4","2027","124","31.3","7.1","41.1","7.3","8.4","4.8","4.3","3.5","0.0","1.7","3.7","3.3","99.3","1.4","0.7","1.4","0.0","1.7","84.2","5.6","15.8","5.6","1629","165","105","90","69","57","224","112","3.38","0.20","2.85","1.15","2.90","1.04","1.25","0.20","1629","165","105","90","69","57","(X)","(X)","3.35","0.20","2.63","0.72","2.28","0.26","(X)","(X)","593","153","22","34","20","32","(X)","(X)","34.7","18.5","100.0","65.6","0.0","68.8","(X)","(X)","10.6","9.1","0.0","65.6","0.0","68.8","(X)","(X)","54.6","17.7","0.0","65.6","100.0","68.8","(X)","(X)","1629","165","105","90","69","57","224","112","36.4","7.5","21.0","41.5","29.0","40.9","0.0","14.4","38.8","8.6","14.3","27.9","23.2","34.9","75.9","20.5","(X)","(X)","(X)","(X)","(X)","(X)","75.9","20.0","(X)","(X)","(X)","(X)","(X)","(X)","38.8","25.1","(X)","(X)","(X)","(X)","(X)","(X)","(X)","(X)","(X)","(X)","(X)","(X)","(X)","(X)","(X)","(X)","100.0","2.1","100.0","27.7","100.0","37.0","93.3","11.6","0.0","2.1","0.0","27.7","0.0","37.0","6.7","11.6","0.0","2.1","0.0","27.7","0.0","37.0","0.0","14.4","84.7","6.1","100.0","27.7","71.0","40.9","76.8","19.3","15.3","6.1","0.0","27.7","29.0","40.9","23.2","19.3",
"1400000US06111007609","Census Tract 76.09, Ventura County, California","831","48","3.07","0.22","738","53","3.22","0.20","246","32","9.8","8.0","22.4","10.7","67.9","12.0","831","48","30.9","4.5","43.3","4.7","9.4","4.8","3.4","2.1","0.0","4.1","1.9","1.8","100.0","4.1","0.0","4.1","0.0","4.1","89.4","5.6","10.6","5.6","666","62","21","19","51","33","93","41","3.30","0.22","4.00","1.22","2.69","0.46","1.38","0.39","666","62","21","19","51","33","(X)","(X)","3.27","0.22","3.33","0.43","2.47","0.30","(X)","(X)","224","31","5","8","17","14","(X)","(X)","10.7","8.7","0.0","100.0","0.0","74.6","(X)","(X)","21.4","11.3","0.0","100.0","41.2","40.6","(X)","(X)","67.9","13.0","100.0","100.0","58.8","40.6","(X)","(X)","666","62","21","19","51","33","93","41","35.3","5.6","23.8","39.8","33.3","28.9","0.0","30.4","39.8","5.2","42.9","47.6","47.1","38.6","66.7","17.8","(X)","(X)","(X)","(X)","(X)","(X)","83.9","16.7","(X)","(X)","(X)","(X)","(X)","(X)","30.1","21.4","(X)","(X)","(X)","(X)","(X)","(X)","(X)","(X)","(X)","(X)","(X)","(X)","(X)","(X)","(X)","(X)","100.0","5.1","100.0","67.2","100.0","43.1","100.0","30.4","0.0","5.1","0.0","67.2","0.0","43.1","0.0","30.4","0.0","5.1","0.0","67.2","0.0","43.1","0.0","30.4","92.9","4.2","76.2","39.8","94.1","11.7","64.5","29.0","7.1","4.2","23.8","39.8","5.9","11.7","35.5","29.0",
"1400000US06111007610","Census Tract 76.10, Ventura County, California","1796","59","3.03","0.13","1503","91","3.32","0.14","590","67","11.7","6.8","9.3","6.2","79.0","8.6","1796","59","37.0","3.2","45.2","4.5","13.6","4.3","5.1","3.0","0.0","1.9","3.5","2.6","99.4","0.9","0.6","0.9","0.0","1.9","91.2","3.2","8.8","3.2","1324","108","99","61","80","42","293","88","3.41","0.16","3.39","0.66","2.86","0.59","1.22","0.13","1324","108","99","61","80","42","(X)","(X)","3.38","0.16","3.00","0.66","2.70","0.56","(X)","(X)","539","76","44","49","7","13","(X)","(X)","12.8","7.3","0.0","46.4","0.0","100.0","(X)","(X)","10.2","6.6","0.0","46.4","0.0","100.0","(X)","(X)","77.0","9.1","100.0","46.4","100.0","100.0","(X)","(X)","1324","108","99","61","80","42","293","88","43.5","4.8","70.7","33.1","22.5","24.1","0.0","11.2","44.8","5.5","41.4","33.4","78.8","24.3","38.9","15.7","(X)","(X)","(X)","(X)","(X)","(X)","83.3","9.3","(X)","(X)","(X)","(X)","(X)","(X)","31.1","15.8","(X)","(X)","(X)","(X)","(X)","(X)","(X)","(X)","(X)","(X)","(X)","(X)","(X)","(X)","(X)","(X)","99.2","1.3","100.0","29.0","100.0","33.7","100.0","11.2","0.8","1.3","0.0","29.0","0.0","33.7","0.0","11.2","0.0","2.6","0.0","29.0","0.0","33.7","0.0","11.2","93.7","3.7","78.8","29.8","62.5","29.4","92.2","8.1","6.3","3.7","21.2","29.8","37.5","29.4","7.8","8.1",
"1400000US06111007611","Census Tract 76.11, Ventura County, California","936","60","4.03","0.37","770","68","4.40","0.39","429","68","22.1","11.4","21.0","12.0","56.9","13.8","936","60","50.7","7.1","28.8","6.6","12.9","5.2","3.0","3.0","0.0","3.7","2.9","3.0","66.9","6.4","32.6","6.3","0.5","0.8","45.0","7.1","55.0","7.1","582","80","78","42","110","55","166","54","4.59","0.51","4.31","0.79","4.64","1.33","1.51","0.28","582","80","78","42","110","55","(X)","(X)","4.47","0.47","4.31","0.79","4.13","1.07","(X)","(X)","353","73","22","18","54","42","(X)","(X)","21.0","12.4","72.7","39.4","9.3","15.2","(X)","(X)","16.7","11.8","0.0","65.6","57.4","32.9","(X)","(X)","62.3","14.4","27.3","39.4","33.3","28.2","(X)","(X)","582","80","78","42","110","55","166","54","65.3","9.5","52.6","25.2","49.1","26.2","0.0","18.9","30.6","10.2","37.2","26.5","11.8","12.7","30.1","18.9","(X)","(X)","(X)","(X)","(X)","(X)","72.9","15.9","(X)","(X)","(X)","(X)","(X)","(X)","16.9","15.9","(X)","(X)","(X)","(X)","(X)","(X)","(X)","(X)","(X)","(X)","(X)","(X)","(X)","(X)","(X)","(X)","68.7","8.5","87.2","19.5","50.9","25.8","61.4","18.7","30.4","8.3","12.8","19.5","49.1","25.8","38.6","18.7","0.9","1.3","0.0","34.3","0.0","26.7","0.0","18.9","54.3","10.4","37.2","26.5","39.1","23.0","19.9","16.3","45.7","10.4","62.8","26.5","60.9","23.0","80.1","16.3",
"1400000US06111007612","Census Tract 76.12, Ventura County, California","1757","81","2.87","0.28","1098","141","3.72","0.33","555","125","17.5","9.3","16.2","11.1","66.3","13.8","1757","81","32.8","7.3","35.9","5.5","32.2","7.8","12.0","4.8","0.0","2.0","2.5","1.8","45.1","5.6","54.9","5.6","0.0","2.0","38.7","5.5","61.3","5.5","840","130","61","63","197","89","659","143","3.89","0.37","4.02","1.15","3.36","0.90","1.32","0.23","840","130","61","63","197","89","(X)","(X)","3.86","0.37","3.30","0.75","3.25","0.92","(X)","(X)","371","106","48","62","136","81","(X)","(X)","17.8","13.0","27.1","52.9","13.2","19.7","(X)","(X)","24.3","16.0","0.0","44.4","0.0","22.4","(X)","(X)","58.0","18.9","72.9","52.9","86.8","19.7","(X)","(X)","840","130","61","63","197","89","659","143","46.2","9.1","85.2","27.6","69.0","19.8","0.0","5.2","43.7","8.9","14.8","27.6","14.7","13.2","34.3","12.1","(X)","(X)","(X)","(X)","(X)","(X)","85.7","9.2","(X)","(X)","(X)","(X)","(X)","(X)","32.0","11.9","(X)","(X)","(X)","(X)","(X)","(X)","(X)","(X)","(X)","(X)","(X)","(X)","(X)","(X)","(X)","(X)","53.9","9.5","14.8","27.6","27.9","18.4","41.9","13.2","46.1","9.5","85.2","27.6","72.1","18.4","58.1","13.2","0.0","4.1","0.0","39.4","0.0","16.2","0.0","5.2","53.0","10.1","14.8","27.6","13.7","12.3","30.2","11.2","47.0","10.1","85.2","27.6","86.3","12.3","69.8","11.2",
"1400000US06111007613","Census Tract 76.13, Ventura County, California","1367","104","3.41","0.21","1198","96","3.65","0.22","579","85","24.4","11.8","18.0","11.2","57.7","14.0","1367","104","44.9","6.4","35.7","5.9","8.0","4.1","2.6","2.6","0.0","2.5","2.3","2.7","97.5","2.6","2.5","2.6","0.0","2.5","88.1","5.4","11.9","5.4","1068","101","55","54","75","41","169","75","3.78","0.25","3.02","0.78","2.93","0.59","1.41","0.30","1068","101","55","54","75","41","(X)","(X)","3.74","0.25","3.02","0.78","2.84","0.50","(X)","(X)","562","86","0","12","17","19","(X)","(X)","25.1","12.2","-","**","0.0","74.6","(X)","(X)","18.5","11.5","-","**","0.0","74.6","(X)","(X)","56.4","14.5","-","**","100.0","74.6","(X)","(X)","1068","101","55","54","75","41","169","75","54.7","7.1","0.0","41.5","40.0","28.7","0.0","18.6","29.1","6.0","92.7","17.9","42.7","31.4","55.6","24.2","(X)","(X)","(X)","(X)","(X)","(X)","65.1","25.1","(X)","(X)","(X)","(X)","(X)","(X)","21.3","19.5","(X)","(X)","(X)","(X)","(X)","(X)","(X)","(X)","(X)","(X)","(X)","(X)","(X)","(X)","(X)","(X)","99.1","1.4","100.0","41.5","100.0","35.2","85.8","18.1","0.9","1.4","0.0","41.5","0.0","35.2","14.2","18.1","0.0","3.2","0.0","41.5","0.0","35.2","0.0","18.6","90.3","5.3","100.0","41.5","89.3","17.4","69.8","23.0","9.7","5.3","0.0","41.5","10.7","17.4","30.2","23.0",
"1400000US06111007614","Census Tract 76.14, Ventura County, California","2480","113","3.39","0.19","2085","166","3.73","0.25","833","141","12.4","8.0","18.6","10.3","69.0","11.8","2480","113","38.5","4.9","35.5","5.0","12.1","5.0","4.7","3.5","0.0","1.4","1.9","1.9","88.1","5.2","4.0","3.5","7.9","3.9","81.9","6.6","18.1","6.6","1753","166","41","37","291","128","395","133","3.75","0.29","2.27","0.22","4.08","1.12","1.44","0.30","1753","166","41","37","291","128","(X)","(X)","3.74","0.29","2.27","0.22","3.89","1.12","(X)","(X)","774","126","0","17","59","59","(X)","(X)","11.9","8.3","-","**","18.6","41.2","(X)","(X)","20.0","10.8","-","**","0.0","40.1","(X)","(X)","68.1","12.2","-","**","81.4","41.2","(X)","(X)","1753","166","41","37","291","128","395","133","48.0","6.4","0.0","48.1","38.8","23.7","0.0","8.5","31.4","5.4","24.4","45.0","45.7","24.7","47.3","19.9","(X)","(X)","(X)","(X)","(X)","(X)","76.2","15.4","(X)","(X)","(X)","(X)","(X)","(X)","29.4","19.2","(X)","(X)","(X)","(X)","(X)","(X)","(X)","(X)","(X)","(X)","(X)","(X)","(X)","(X)","(X)","(X)","91.2","5.4","100.0","48.1","78.7","25.1","80.0","17.2","3.6","4.6","0.0","48.1","0.0","11.3","9.1","8.0","5.2","3.1","0.0","48.1","21.3","25.1","10.9","16.1","81.7","8.2","100.0","48.1","78.7","21.3","83.0","17.1","18.3","8.2","0.0","48.1","21.3","21.3","17.0","17.1",
"1400000US06111007700","Census Tract 77, Ventura County, California","1996","86","2.96","0.21","1281","117","3.55","0.22","612","125","14.5","8.7","27.3","11.4","58.2","11.9","1996","86","35.6","6.1","40.1","5.4","27.8","4.9","12.2","3.8","0.6","0.9","12.5","5.9","75.1","4.1","15.9","3.7","9.1","2.1","68.5","5.5","31.5","5.5","883","132","133","79","265","107","715","129","3.57","0.28","3.83","0.93","4.18","0.66","1.58","0.33","883","132","133","79","265","107","(X)","(X)","3.51","0.27","3.50","0.98","3.74","0.57","(X)","(X)","413","119","36","47","163","83","(X)","(X)","18.9","12.0","0.0","51.3","6.7","11.5","(X)","(X)","23.7","13.2","19.4","48.9","38.0","26.7","(X)","(X)","57.4","13.8","80.6","48.9","55.2","26.1","(X)","(X)","883","132","133","79","265","107","715","129","51.6","10.0","33.8","28.2","64.5","18.4","5.5","5.8","39.3","7.9","18.8","21.2","29.1","14.4","49.2","11.4","(X)","(X)","(X)","(X)","(X)","(X)","77.5","9.4","(X)","(X)","(X)","(X)","(X)","(X)","34.0","9.8","(X)","(X)","(X)","(X)","(X)","(X)","(X)","(X)","(X)","(X)","(X)","(X)","(X)","(X)","(X)","(X)","87.5","5.2","70.7","29.1","77.4","15.6","59.6","10.4","5.0","3.7","29.3","29.1","19.2","15.3","25.6","9.4","7.5","4.1","0.0","22.9","3.4","5.0","14.8","5.9","76.6","8.3","60.9","31.6","35.8","14.9","72.2","9.6","23.4","8.3","39.1","31.6","64.2","14.9","27.8","9.6",
"1400000US06111007800","Census Tract 78, Ventura County, California","1426","74","2.91","0.21","939","94","3.67","0.27","618","112","22.2","10.7","26.5","13.2","51.3","15.2","1426","74","45.2","7.1","25.5","3.8","26.2","6.1","13.2","3.9","0.4","0.6","8.6","5.2","43.0","6.6","57.0","6.6","0.0","2.4","36.0","6.8","64.0","6.8","566","102","108","56","265","94","487","92","3.79","0.29","2.59","0.34","4.22","0.58","1.26","0.15","566","102","108","56","265","94","(X)","(X)","3.79","0.29","2.53","0.34","3.89","0.67","(X)","(X)","361","106","29","27","228","86","(X)","(X)","15.8","12.7","20.7","37.9","32.5","20.0","(X)","(X)","37.7","17.8","0.0","57.1","12.3","13.6","(X)","(X)","46.5","18.1","79.3","37.9","55.3","22.9","(X)","(X)","566","102","108","56","265","94","487","92","68.6","11.1","26.9","27.8","86.0","12.0","0.0","6.9","19.8","8.5","0.0","27.1","1.9","3.1","50.5","10.8","(X)","(X)","(X)","(X)","(X)","(X)","76.8","12.5","(X)","(X)","(X)","(X)","(X)","(X)","38.6","9.7","(X)","(X)","(X)","(X)","(X)","(X)","(X)","(X)","(X)","(X)","(X)","(X)","(X)","(X)","(X)","(X)","73.0","13.6","42.6","28.4","37.4","18.8","11.3","7.0","27.0","13.6","57.4","28.4","62.6","18.8","88.7","7.0","0.0","6.0","0.0","27.1","0.0","12.4","0.0","6.9","66.8","10.0","23.1","24.5","18.1","15.4","12.7","7.5","33.2","10.0","76.9","24.5","81.9","15.4","87.3","7.5",
"1400000US06111007901","Census Tract 79.01, Ventura County, California","1716","60","3.18","0.24","1167","97","3.92","0.26","585","100","25.1","10.9","8.9","7.3","66.0","12.9","1716","60","38.6","5.7","32.2","5.8","24.4","5.9","7.2","3.9","0.0","2.0","9.3","4.4","77.6","4.6","22.4","4.6","0.0","2.0","59.1","6.4","40.9","6.4","883","120","100","55","184","74","549","106","3.82","0.36","4.58","1.63","5.00","1.25","1.30","0.13","883","120","100","55","184","74","(X)","(X)","3.72","0.36","4.23","1.67","4.72","1.06","(X)","(X)","435","112","46","45","104","64","(X)","(X)","32.0","14.2","0.0","45.4","7.7","12.9","(X)","(X)","9.4","8.8","23.9","41.2","0.0","27.9","(X)","(X)","58.6","15.8","76.1","41.2","92.3","12.9","(X)","(X)","883","120","100","55","184","74","549","106","53.1","9.4","70.0","23.8","67.4","16.7","0.0","6.2","26.4","9.5","39.0","27.2","33.7","17.5","39.9","13.5","(X)","(X)","(X)","(X)","(X)","(X)","76.3","10.5","(X)","(X)","(X)","(X)","(X)","(X)","22.6","11.8","(X)","(X)","(X)","(X)","(X)","(X)","(X)","(X)","(X)","(X)","(X)","(X)","(X)","(X)","(X)","(X)","78.6","7.4","81.0","21.1","80.4","14.6","74.3","10.8","21.4","7.4","19.0","21.1","19.6","14.6","25.7","10.8","0.0","3.9","0.0","28.8","0.0","17.2","0.0","6.2","58.7","10.8","81.0","21.1","43.5","20.0","61.0","12.6","41.3","10.8","19.0","21.1","56.5","20.0","39.0","12.6",
"1400000US06111007903","Census Tract 79.03, Ventura County, California","1530","44","3.17","0.20","1343","70","3.23","0.16","637","71","20.7","9.0","8.8","5.2","70.5","10.4","1530","44","42.7","4.8","38.2","4.9","9.2","3.9","6.6","2.9","0.0","2.3","2.4","2.8","96.6","2.9","2.3","2.5","1.1","1.3","89.1","4.6","10.9","4.6","1217","90","13","14","113","56","187","65","3.27","0.20","5.08","1.74","3.54","0.89","2.14","1.16","1217","90","13","14","113","56","(X)","(X)","3.23","0.19","5.08","1.74","3.03","0.50","(X)","(X)","592","62","0","12","45","32","(X)","(X)","22.3","9.7","-","**","0.0","45.9","(X)","(X)","9.5","5.6","-","**","0.0","45.9","(X)","(X)","68.2","11.2","-","**","100.0","45.9","(X)","(X)","1217","90","13","14","113","56","187","65","48.6","5.5","53.8","53.8","47.8","23.9","0.0","17.0","33.3","6.0","100.0","85.4","23.0","20.8","74.9","15.8","(X)","(X)","(X)","(X)","(X)","(X)","74.9","24.5","(X)","(X)","(X)","(X)","(X)","(X)","54.0","21.1","(X)","(X)","(X)","(X)","(X)","(X)","(X)","(X)","(X)","(X)","(X)","(X)","(X)","(X)","(X)","(X)","98.1","1.9","100.0","85.4","100.0","26.1","84.5","18.8","0.5","0.9","0.0","85.4","0.0","26.1","15.5","18.8","1.4","1.7","0.0","85.4","0.0","26.1","0.0","17.0","90.6","4.2","100.0","85.4","94.7","9.5","74.9","24.5","9.4","4.2","0.0","85.4","5.3","9.5","25.1","24.5",
"1400000US06111007904","Census Tract 79.04, Ventura County, California","1722","44","3.35","0.26","1388","120","3.71","0.30","610","107","26.7","12.7","18.4","12.3","54.9","13.5","1722","44","39.3","6.2","46.1","5.4","13.5","4.2","8.0","3.2","0.0","2.0","2.8","2.4","99.7","0.5","0.3","0.5","0.0","2.0","75.7","6.5","24.3","6.5","1071","143","124","72","193","84","334","111","3.89","0.35","2.94","0.38","3.78","0.68","1.50","0.33","1071","143","124","72","193","84","(X)","(X)","3.87","0.36","2.41","0.30","3.71","0.69","(X)","(X)","509","105","22","35","79","55","(X)","(X)","30.6","14.1","0.0","65.6","8.9","14.6","(X)","(X)","22.0","14.1","0.0","65.6","0.0","34.0","(X)","(X)","47.3","13.3","100.0","65.6","91.1","14.6","(X)","(X)","1071","143","124","72","193","84","334","111","51.3","7.1","17.7","26.3","54.9","21.8","0.0","9.9","40.1","7.6","39.5","31.7","65.8","16.8","56.0","17.4","(X)","(X)","(X)","(X)","(X)","(X)","69.5","20.0","(X)","(X)","(X)","(X)","(X)","(X)","41.0","15.7","(X)","(X)","(X)","(X)","(X)","(X)","(X)","(X)","(X)","(X)","(X)","(X)","(X)","(X)","(X)","(X)","100.0","3.2","100.0","24.2","100.0","16.5","98.5","2.5","0.0","3.2","0.0","24.2","0.0","16.5","1.5","2.5","0.0","3.2","0.0","24.2","0.0","16.5","0.0","9.9","79.6","7.9","44.4","33.1","82.9","20.2","70.7","20.1","20.4","7.9","55.6","33.1","17.1","20.2","29.3","20.1",
"1400000US06111008001","Census Tract 80.01, Ventura County, California","961","58","3.88","0.32","787","62","4.05","0.34","337","52","15.1","8.2","19.9","13.2","65.0","14.0","961","58","43.5","5.9","43.5","7.1","12.2","3.5","5.7","2.3","0.0","3.6","4.8","3.9","93.0","3.0","6.3","2.9","0.6","1.0","72.5","7.2","27.5","7.2","532","77","60","36","195","62","174","54","4.23","0.39","4.02","0.64","4.41","1.19","2.17","0.68","532","77","60","36","195","62","(X)","(X)","4.11","0.38","3.17","0.68","4.15","1.02","(X)","(X)","237","56","11","14","89","51","(X)","(X)","21.5","10.9","0.0","92.8","0.0","31.4","(X)","(X)","28.3","17.3","0.0","92.8","0.0","31.4","(X)","(X)","50.2","16.2","100.0","92.8","100.0","31.4","(X)","(X)","532","77","60","36","195","62","174","54","56.0","9.4","33.3","28.1","48.7","18.6","2.9","5.2","43.8","7.6","46.7","35.6","44.6","18.5","40.2","14.4","(X)","(X)","(X)","(X)","(X)","(X)","67.2","17.0","(X)","(X)","(X)","(X)","(X)","(X)","31.6","13.5","(X)","(X)","(X)","(X)","(X)","(X)","(X)","(X)","(X)","(X)","(X)","(X)","(X)","(X)","(X)","(X)","97.0","2.7","93.3","10.8","94.9","6.4","78.7","13.3","1.9","2.1","6.7","10.8","5.1","6.4","21.3","13.3","1.1","1.8","0.0","39.7","0.0","16.4","0.0","18.1","83.6","7.9","85.0","17.7","53.3","16.9","55.7","15.2","16.4","7.9","15.0","17.7","46.7","16.9","44.3","15.2",
"1400000US06111008002","Census Tract 80.02, Ventura County, California","1567","46","3.24","0.25","1184","108","3.63","0.29","442","79","12.2","8.5","39.4","17.4","48.4","15.2","1567","46","34.7","5.1","32.3","5.5","16.7","6.1","3.5","2.3","0.0","2.2","6.1","4.1","78.0","6.1","22.0","6.1","0.0","2.2","60.4","7.2","39.6","7.2","835","137","74","47","275","99","383","106","3.75","0.37","4.05","0.99","3.92","0.63","1.50","0.25","835","137","74","47","275","99","(X)","(X)","3.62","0.37","3.19","0.97","3.80","0.66","(X)","(X)","306","87","24","22","112","67","(X)","(X)","9.5","9.6","0.0","62.8","22.3","23.4","(X)","(X)","49.7","20.8","0.0","62.8","19.6","29.6","(X)","(X)","40.8","17.1","100.0","62.8","58.0","30.0","(X)","(X)","835","137","74","47","275","99","383","106","43.2","10.0","52.7","37.0","52.4","19.6","0.0","8.7","37.4","7.7","0.0","35.5","27.3","15.9","31.1","13.5","(X)","(X)","(X)","(X)","(X)","(X)","68.4","14.4","(X)","(X)","(X)","(X)","(X)","(X)","14.4","9.5","(X)","(X)","(X)","(X)","(X)","(X)","(X)","(X)","(X)","(X)","(X)","(X)","(X)","(X)","(X)","(X)","91.6","7.6","66.2","36.0","63.6","19.8","61.1","17.9","8.4","7.6","33.8","36.0","36.4","19.8","38.9","17.9","0.0","4.1","0.0","35.5","0.0","11.9","0.0","8.7","76.9","7.6","45.9","38.5","29.8","15.6","49.1","16.7","23.1","7.6","54.1","38.5","70.2","15.6","50.9","16.7",
"1400000US06111008004","Census Tract 80.04, Ventura County, California","1498","73","3.53","0.23","1269","87","3.74","0.27","572","78","7.2","5.3","18.2","8.6","74.7","9.1","1498","73","44.4","4.8","28.4","5.4","10.1","4.2","4.4","3.0","0.3","0.7","8.0","4.1","97.2","2.5","2.8","2.5","0.0","2.3","87.7","5.3","12.3","5.3","961","119","180","78","128","61","229","66","3.70","0.33","4.42","0.67","4.83","1.31","1.39","0.22","961","119","180","78","128","61","(X)","(X)","3.69","0.33","3.43","0.85","4.61","1.27","(X)","(X)","417","87","87","50","68","52","(X)","(X)","8.2","6.5","0.0","31.9","10.3","20.2","(X)","(X)","24.9","11.9","0.0","31.9","0.0","37.3","(X)","(X)","66.9","12.1","100.0","31.9","89.7","20.2","(X)","(X)","961","119","180","78","128","61","229","66","47.1","7.2","67.2","19.8","71.1","18.2","0.0","14.1","24.2","7.2","28.3","22.9","32.0","23.0","44.1","20.3","(X)","(X)","(X)","(X)","(X)","(X)","65.9","18.9","(X)","(X)","(X)","(X)","(X)","(X)","28.8","19.2","(X)","(X)","(X)","(X)","(X)","(X)","(X)","(X)","(X)","(X)","(X)","(X)","(X)","(X)","(X)","(X)","98.3","2.5","100.0","17.6","79.7","18.6","100.0","14.1","1.7","2.5","0.0","17.6","20.3","18.6","0.0","14.1","0.0","3.6","0.0","17.6","0.0","23.6","0.0","14.1","90.8","5.4","78.3","24.0","71.9","21.3","90.8","10.9","9.2","5.4","21.7","24.0","28.1","21.3","9.2","10.9",
"1400000US06111008005","Census Tract 80.05, Ventura County, California","727","51","3.47","0.30","546","59","3.91","0.37","238","43","17.2","11.0","18.5","9.8","64.3","13.4","727","51","38.2","5.2","40.3","7.3","20.4","6.2","8.7","4.3","0.0","4.7","8.4","4.5","97.7","2.4","1.7","2.2","0.7","0.9","85.1","5.3","14.9","5.3","380","68","61","29","105","43","181","45","4.17","0.55","3.66","1.09","4.39","1.00","1.40","0.31","380","68","61","29","105","43","(X)","(X)","4.07","0.53","3.05","0.99","3.86","0.74","(X)","(X)","169","48","40","27","29","17","(X)","(X)","17.2","12.7","12.5","20.2","24.1","29.3","(X)","(X)","21.3","12.2","20.0","28.4","0.0","57.1","(X)","(X)","61.5","15.5","67.5","32.0","75.9","29.3","(X)","(X)","380","68","61","29","105","43","181","45","46.6","10.1","65.6","25.0","54.3","20.8","2.2","3.2","32.1","8.5","8.2","11.6","37.1","19.4","70.2","13.9","(X)","(X)","(X)","(X)","(X)","(X)","81.8","12.4","(X)","(X)","(X)","(X)","(X)","(X)","34.8","14.2","(X)","(X)","(X)","(X)","(X)","(X)","(X)","(X)","(X)","(X)","(X)","(X)","(X)","(X)","(X)","(X)","98.7","1.8","80.3","26.0","100.0","27.7","100.0","17.5","0.0","8.8","19.7","26.0","0.0","27.7","0.0","17.5","1.3","1.8","0.0","39.4","0.0","27.7","0.0","17.5","92.1","5.5","57.4","30.5","74.3","18.0","86.2","12.1","7.9","5.5","42.6","30.5","25.7","18.0","13.8","12.1",
"1400000US06111008101","Census Tract 81.01, Ventura County, California","1096","50","2.80","0.19","816","83","3.24","0.21","328","78","32.9","13.3","11.3","9.8","55.8","13.5","1096","50","36.0","7.0","42.1","5.4","22.4","6.7","10.7","4.7","1.9","2.6","5.2","4.3","94.1","3.0","5.9","3.0","0.0","3.1","80.8","5.9","19.2","5.9","582","80","80","39","154","70","280","83","3.45","0.26","3.40","1.08","3.03","0.50","1.14","0.12","582","80","80","39","154","70","(X)","(X)","3.37","0.24","3.16","1.12","2.76","0.38","(X)","(X)","233","52","11","16","84","61","(X)","(X)","35.2","15.6","0.0","92.8","31.0","38.5","(X)","(X)","15.9","14.3","0.0","92.8","0.0","32.7","(X)","(X)","48.9","14.9","100.0","92.8","69.0","38.5","(X)","(X)","582","80","80","39","154","70","280","83","46.4","7.4","41.3","30.0","59.7","25.4","0.0","11.7","40.2","8.7","30.0","23.9","29.9","22.2","56.1","17.5","(X)","(X)","(X)","(X)","(X)","(X)","87.5","10.9","(X)","(X)","(X)","(X)","(X)","(X)","41.8","16.1","(X)","(X)","(X)","(X)","(X)","(X)","(X)","(X)","(X)","(X)","(X)","(X)","(X)","(X)","(X)","(X)","98.6","2.0","100.0","33.7","84.4","14.9","88.2","9.2","1.4","2.0","0.0","33.7","15.6","14.9","11.8","9.2","0.0","5.8","0.0","33.7","0.0","20.2","0.0","11.7","95.9","3.9","86.3","18.9","57.1","26.0","61.1","14.5","4.1","3.9","13.8","18.9","42.9","26.0","38.9","14.5",
"1400000US06111008201","Census Tract 82.01, Ventura County, California","1539","55","3.05","0.20","1038","102","3.85","0.33","616","85","29.4","11.3","13.6","7.7","57.0","13.4","1539","55","40.7","5.4","46.6","6.9","25.5","6.1","18.3","6.7","0.4","0.7","5.5","3.7","84.9","3.9","12.4","3.9","2.7","2.9","61.2","7.6","38.8","7.6","816","120","42","44","180","106","501","108","4.03","0.37","3.86","0.81","3.36","0.29","1.27","0.16","816","120","42","44","180","106","(X)","(X)","4.00","0.37","3.17","1.09","3.30","0.27","(X)","(X)","475","106","16","19","125","101","(X)","(X)","38.1","11.6","0.0","76.9","0.0","24.1","(X)","(X)","17.7","9.1","0.0","76.9","0.0","24.1","(X)","(X)","44.2","11.6","100.0","76.9","100.0","24.1","(X)","(X)","816","120","42","44","180","106","501","108","59.2","9.4","38.1","50.8","71.1","25.0","0.0","6.7","32.2","8.1","26.2","45.9","18.9","17.2","81.6","12.6","(X)","(X)","(X)","(X)","(X)","(X)","78.4","12.3","(X)","(X)","(X)","(X)","(X)","(X)","56.3","16.9","(X)","(X)","(X)","(X)","(X)","(X)","(X)","(X)","(X)","(X)","(X)","(X)","(X)","(X)","(X)","(X)","93.6","4.8","100.0","47.5","96.7","6.2","65.1","12.0","6.4","4.8","0.0","47.5","3.3","6.2","26.5","13.5","0.0","4.2","0.0","47.5","0.0","17.6","8.4","9.3","80.6","8.8","88.1","25.1","18.3","19.2","42.7","13.4","19.4","8.8","11.9","25.1","81.7","19.2","57.3","13.4",
"1400000US06111008202","Census Tract 82.02, Ventura County, California","1478","42","3.00","0.20","1101","88","3.37","0.21","457","81","21.9","10.5","14.9","10.4","63.2","14.2","1478","42","34.2","5.6","36.1","6.2","18.9","5.8","5.1","3.0","0.0","2.3","8.8","4.2","94.9","3.1","5.1","3.1","0.0","2.3","81.7","6.4","18.3","6.4","828","97","112","55","161","70","377","92","3.52","0.24","4.38","1.31","3.07","0.49","1.41","0.21","828","97","112","55","161","70","(X)","(X)","3.47","0.23","3.21","0.50","2.94","0.54","(X)","(X)","346","72","25","28","86","63","(X)","(X)","21.7","12.1","100.0","61.6","0.0","32.1","(X)","(X)","19.7","12.0","0.0","61.6","0.0","32.1","(X)","(X)","58.7","15.8","0.0","61.6","100.0","32.1","(X)","(X)","828","97","112","55","161","70","377","92","43.1","7.7","31.3","26.1","60.2","22.6","4.5","7.2","34.2","8.2","42.9","29.1","41.6","25.2","35.8","15.1","(X)","(X)","(X)","(X)","(X)","(X)","74.3","12.7","(X)","(X)","(X)","(X)","(X)","(X)","19.9","11.7","(X)","(X)","(X)","(X)","(X)","(X)","(X)","(X)","(X)","(X)","(X)","(X)","(X)","(X)","(X)","(X)","95.5","4.1","100.0","26.3","87.0","12.4","95.2","4.4","4.5","4.1","0.0","26.3","13.0","12.4","4.8","4.4","0.0","4.1","0.0","26.3","0.0","19.4","0.0","8.9","87.9","6.6","87.5","20.2","63.4","24.5","74.0","14.5","12.1","6.6","12.5","20.2","36.6","24.5","26.0","14.5",
"1400000US06111008302","Census Tract 83.02, Ventura County, California","1975","49","2.87","0.14","1484","92","3.27","0.15","564","75","19.0","8.3","31.4","10.0","49.6","11.1","1975","49","32.4","4.5","44.3","4.9","19.1","4.3","13.9","3.7","0.3","0.4","6.8","2.8","81.4","4.7","18.3","4.8","0.4","0.5","68.1","5.8","31.9","5.8","1184","109","122","67","178","63","491","88","3.38","0.18","3.57","0.70","3.19","0.43","1.36","0.17","1184","109","122","67","178","63","(X)","(X)","3.35","0.18","2.86","0.70","3.00","0.48","(X)","(X)","442","70","82","54","40","29","(X)","(X)","19.0","9.5","17.1","21.8","22.5","32.3","(X)","(X)","36.0","12.0","11.0","16.0","22.5","31.4","(X)","(X)","45.0","12.8","72.0","26.6","55.0","36.2","(X)","(X)","1184","109","122","67","178","63","491","88","39.7","6.8","85.2","16.3","36.5","19.5","0.0","6.9","38.9","7.0","24.6","22.7","52.2","18.7","59.5","12.0","(X)","(X)","(X)","(X)","(X)","(X)","76.8","10.7","(X)","(X)","(X)","(X)","(X)","(X)","55.8","12.1","(X)","(X)","(X)","(X)","(X)","(X)","(X)","(X)","(X)","(X)","(X)","(X)","(X)","(X)","(X)","(X)","88.9","5.4","72.1","20.8","79.2","13.5","66.2","11.1","11.1","5.4","27.9","20.8","20.8","13.5","32.4","11.2","0.0","2.9","0.0","24.6","0.0","17.8","1.4","2.1","74.7","7.1","56.6","24.9","57.3","20.3","59.1","12.0","25.3","7.1","43.4","24.9","42.7","20.3","40.9","12.0",
"1400000US06111008303","Census Tract 83.03, Ventura County, California","1354","83","2.67","0.25","851","120","3.30","0.25","305","87","28.5","16.8","11.5","8.7","60.0","16.7","1354","83","26.1","6.2","53.0","7.4","29.2","8.1","21.4","7.4","1.8","2.9","7.2","4.6","56.9","7.0","35.0","7.0","8.1","4.3","54.9","7.0","45.1","7.0","593","107","107","63","151","67","503","116","3.50","0.36","3.38","0.35","3.45","0.68","1.30","0.15","593","107","107","63","151","67","(X)","(X)","3.45","0.34","2.67","0.39","3.14","0.48","(X)","(X)","219","70","43","49","43","37","(X)","(X)","21.5","17.0","69.8","52.9","23.3","35.8","(X)","(X)","16.0","11.3","0.0","46.9","0.0","46.9","(X)","(X)","62.6","18.8","30.2","52.9","76.7","35.8","(X)","(X)","593","107","107","63","151","67","503","116","40.5","8.7","48.6","33.6","41.1","22.6","0.0","6.7","43.3","10.8","49.5","31.0","60.3","22.9","62.8","13.6","(X)","(X)","(X)","(X)","(X)","(X)","78.5","11.3","(X)","(X)","(X)","(X)","(X)","(X)","57.7","13.8","(X)","(X)","(X)","(X)","(X)","(X)","(X)","(X)","(X)","(X)","(X)","(X)","(X)","(X)","(X)","(X)","72.0","10.1","50.5","32.8","48.3","22.1","43.1","13.4","25.1","10.2","21.5","24.9","32.5","21.7","50.3","13.9","2.9","2.4","28.0","35.7","19.2","20.0","6.6","4.6","64.4","10.3","32.7","30.8","50.3","23.1","49.7","13.9","35.6","10.3","67.3","30.8","49.7","23.1","50.3","13.9",
"1400000US06111008304","Census Tract 83.04, Ventura County, California","2092","83","2.78","0.17","1479","151","3.28","0.20","611","127","35.0","19.1","11.1","8.7","53.8","18.0","2092","83","32.3","6.2","39.5","6.7","20.5","6.4","8.4","3.4","0.0","1.7","5.9","3.6","69.8","6.0","8.6","3.8","21.7","5.1","81.0","5.9","19.0","5.9","1274","142","91","58","114","66","613","143","3.32","0.23","3.90","1.33","3.01","0.68","1.44","0.23","1274","142","91","58","114","66","(X)","(X)","3.31","0.23","3.59","1.11","2.73","0.39","(X)","(X)","580","124","8","17","23","27","(X)","(X)","36.9","19.5","0.0","100.0","0.0","64.2","(X)","(X)","11.7","9.1","0.0","100.0","0.0","64.2","(X)","(X)","51.4","18.3","100.0","100.0","100.0","64.2","(X)","(X)","1274","142","91","58","114","66","613","143","49.7","8.6","22.0","30.1","20.2","22.7","0.0","5.5","30.4","7.8","50.5","39.7","71.1","26.9","51.1","16.3","(X)","(X)","(X)","(X)","(X)","(X)","70.0","15.3","(X)","(X)","(X)","(X)","(X)","(X)","28.7","10.6","(X)","(X)","(X)","(X)","(X)","(X)","(X)","(X)","(X)","(X)","(X)","(X)","(X)","(X)","(X)","(X)","84.4","7.4","42.9","37.6","31.6","30.2","50.6","14.7","4.3","4.2","14.3","22.4","0.0","26.0","18.1","9.5","11.3","6.6","42.9","31.4","68.4","30.2","31.3","13.0","84.8","7.1","86.8","23.4","71.1","27.9","74.2","12.2","15.2","7.1","13.2","23.4","28.9","27.9","25.8","12.2",
"1400000US06111008305","Census Tract 83.05, Ventura County, California","1208","65","3.27","0.20","1101","62","3.34","0.20","412","60","8.3","5.8","10.7","7.6","81.1","9.2","1208","65","37.2","5.5","49.4","7.0","5.2","3.3","2.4","2.2","0.0","2.9","4.1","4.4","99.2","1.3","0.8","1.3","0.0","2.9","92.8","5.5","7.2","5.5","1018","72","31","26","52","32","107","66","3.31","0.22","2.94","0.60","5.79","1.71","1.79","0.73","1018","72","31","26","52","32","(X)","(X)","3.31","0.22","2.55","0.54","4.50","1.06","(X)","(X)","367","61","10","15","35","31","(X)","(X)","9.3","6.5","0.0","97.3","0.0","52.0","(X)","(X)","10.9","8.2","0.0","97.3","11.4","19.9","(X)","(X)","79.8","9.8","100.0","97.3","88.6","19.9","(X)","(X)","1018","72","31","26","52","32","107","66","39.0","6.5","32.3","44.8","80.8","29.4","0.0","27.3","50.9","7.2","0.0","55.3","76.9","30.0","36.4","29.5","(X)","(X)","(X)","(X)","(X)","(X)","58.9","36.0","(X)","(X)","(X)","(X)","(X)","(X)","27.1","25.6","(X)","(X)","(X)","(X)","(X)","(X)","(X)","(X)","(X)","(X)","(X)","(X)","(X)","(X)","(X)","(X)","100.0","3.4","67.7","44.8","100.0","42.7","100.0","27.3","0.0","3.4","32.3","44.8","0.0","42.7","0.0","27.3","0.0","3.4","0.0","55.3","0.0","42.7","0.0","27.3","94.8","4.5","100.0","55.3","100.0","42.7","68.2","39.1","5.2","4.5","0.0","55.3","0.0","42.7","31.8","39.1",
"1400000US06111008306","Census Tract 83.06, Ventura County, California","1540","55","2.55","0.18","1010","103","3.17","0.21","466","93","17.4","12.2","34.1","13.4","48.5","14.9","1540","55","31.4","6.3","38.8","5.8","27.6","6.1","9.0","3.4","0.0","2.2","6.4","4.7","57.0","6.5","43.0","6.5","0.0","2.2","46.5","6.6","53.5","6.6","749","114","51","32","210","89","530","100","3.31","0.26","2.25","0.28","3.10","0.49","1.28","0.20","749","114","51","32","210","89","(X)","(X)","3.31","0.26","2.25","0.28","2.88","0.43","(X)","(X)","325","86","18","20","123","76","(X)","(X)","24.9","16.7","0.0","72.5","0.0","24.4","(X)","(X)","40.0","15.9","0.0","72.5","23.6","31.2","(X)","(X)","35.1","16.9","100.0","72.5","76.4","31.2","(X)","(X)","749","114","51","32","210","89","530","100","45.0","8.3","35.3","35.6","61.0","24.0","0.0","6.4","43.9","7.9","23.5","31.9","19.5","21.6","40.6","13.7","(X)","(X)","(X)","(X)","(X)","(X)","80.2","13.1","(X)","(X)","(X)","(X)","(X)","(X)","26.0","9.7","(X)","(X)","(X)","(X)","(X)","(X)","(X)","(X)","(X)","(X)","(X)","(X)","(X)","(X)","(X)","(X)","70.6","9.1","100.0","43.1","31.9","23.7","43.6","12.5","29.4","9.1","0.0","43.1","68.1","23.7","56.4","12.5","0.0","4.6","0.0","43.1","0.0","15.3","0.0","6.4","57.1","9.4","72.5","29.1","20.0","15.3","39.4","12.7","42.9","9.4","27.5","29.1","80.0","15.3","60.6","12.7",
"1400000US06111008401","Census Tract 84.01, Ventura County, California","1805","81","2.87","0.22","1181","135","3.47","0.23","500","107","21.6","13.3","12.4","8.5","66.0","13.9","1805","81","30.9","6.5","43.3","6.3","25.5","6.0","12.9","4.8","0.0","1.9","7.6","4.7","74.3","6.2","25.7","6.2","0.0","1.9","61.9","7.6","38.1","7.6","861","126","140","65","180","74","624","142","3.56","0.27","3.94","0.75","3.61","1.24","1.47","0.28","861","126","140","65","180","74","(X)","(X)","3.47","0.26","3.78","0.73","3.19","0.84","(X)","(X)","367","103","83","57","50","39","(X)","(X)","29.4","17.0","0.0","32.9","0.0","43.5","(X)","(X)","16.9","10.9","0.0","32.9","0.0","43.5","(X)","(X)","53.7","16.3","100.0","32.9","100.0","43.5","(X)","(X)","861","126","140","65","180","74","624","142","44.8","9.5","74.3","20.7","33.3","18.5","1.3","2.1","43.4","8.9","21.4","18.9","27.8","26.7","52.4","12.4","(X)","(X)","(X)","(X)","(X)","(X)","73.9","13.8","(X)","(X)","(X)","(X)","(X)","(X)","37.3","11.3","(X)","(X)","(X)","(X)","(X)","(X)","(X)","(X)","(X)","(X)","(X)","(X)","(X)","(X)","(X)","(X)","81.9","7.9","82.9","18.4","83.3","16.6","59.3","11.5","18.1","7.9","17.1","18.4","16.7","16.6","40.7","11.5","0.0","4.0","0.0","21.9","0.0","17.6","0.0","5.5","67.4","11.3","70.7","26.2","32.8","18.5","60.7","12.2","32.6","11.3","29.3","26.2","67.2","18.5","39.3","12.2",
"1400000US06111008402","Census Tract 84.02, Ventura County, California","1597","73","3.54","0.22","1388","90","3.62","0.23","545","84","11.9","7.6","11.7","7.7","76.3","9.2","1597","73","38.8","4.7","46.4","6.3","10.6","3.7","4.8","2.3","0.0","2.2","5.1","3.1","99.6","0.7","0.0","2.2","0.4","0.7","86.1","4.4","13.9","4.4","1139","96","102","65","147","69","209","72","3.88","0.27","3.62","0.76","3.96","0.68","1.35","0.38","1139","96","102","65","147","69","(X)","(X)","3.66","0.27","3.49","0.67","3.33","0.51","(X)","(X)","438","86","52","52","55","46","(X)","(X)","10.3","7.1","0.0","42.7","36.4","43.6","(X)","(X)","14.6","9.1","0.0","42.7","0.0","41.5","(X)","(X)","75.1","10.8","100.0","42.7","63.6","43.6","(X)","(X)","1139","96","102","65","147","69","209","72","42.1","6.2","51.0","31.4","60.5","23.7","0.0","15.4","44.9","7.3","26.5","25.3","39.5","21.8","69.4","16.0","(X)","(X)","(X)","(X)","(X)","(X)","80.9","16.0","(X)","(X)","(X)","(X)","(X)","(X)","36.4","16.9","(X)","(X)","(X)","(X)","(X)","(X)","(X)","(X)","(X)","(X)","(X)","(X)","(X)","(X)","(X)","(X)","99.5","1.0","100.0","28.3","100.0","21.0","100.0","15.4","0.0","3.0","0.0","28.3","0.0","21.0","0.0","15.4","0.5","1.0","0.0","28.3","0.0","21.0","0.0","15.4","88.0","5.3","90.2","15.7","68.7","20.2","86.1","15.1","12.0","5.3","9.8","15.7","31.3","20.2","13.9","15.1",
"1400000US06111008500","Census Tract 85, Ventura County, California","3074","82","2.73","0.16","2226","202","3.21","0.17","844","122","32.7","16.2","10.8","7.2","56.5","14.5","3074","82","28.5","3.8","43.3","4.5","24.0","6.3","7.7","3.9","1.0","1.1","1.8","1.6","81.3","3.6","18.7","3.6","0.0","1.1","72.1","4.3","27.9","4.3","1748","181","88","91","390","161","848","199","3.39","0.21","2.45","0.37","2.93","0.33","1.31","0.25","1748","181","88","91","390","161","(X)","(X)","3.38","0.21","2.45","0.37","2.61","0.32","(X)","(X)","716","126","20","33","108","103","(X)","(X)","27.1","15.7","0.0","68.8","75.9","40.5","(X)","(X)","12.7","8.5","0.0","68.8","0.0","27.1","(X)","(X)","60.2","13.7","100.0","68.8","24.1","40.5","(X)","(X)","1748","181","88","91","390","161","848","199","42.7","7.2","22.7","40.2","27.7","21.4","0.0","4.0","40.0","6.9","14.8","26.9","52.8","22.0","48.6","14.4","(X)","(X)","(X)","(X)","(X)","(X)","87.1","7.7","(X)","(X)","(X)","(X)","(X)","(X)","27.9","12.8","(X)","(X)","(X)","(X)","(X)","(X)","(X)","(X)","(X)","(X)","(X)","(X)","(X)","(X)","(X)","(X)","91.8","5.3","77.3","40.2","56.7","20.6","71.2","11.7","8.2","5.3","22.7","40.2","43.3","20.6","28.8","11.7","0.0","2.0","0.0","31.6","0.0","8.6","0.0","4.0","87.8","6.0","77.3","40.2","36.2","15.0","55.8","13.2","12.2","6.0","22.7","40.2","63.8","15.0","44.2","13.2",
"1400000US06111008600","Census Tract 86, Ventura County, California","2139","109","3.60","0.30","1543","156","4.14","0.34","789","159","9.1","7.3","30.3","16.1","60.6","16.5","2139","109","46.1","7.0","30.6","6.1","19.4","5.8","6.5","2.8","0.4","0.6","16.5","6.6","38.8","8.3","57.3","7.5","3.9","4.3","24.5","5.7","75.5","5.7","707","174","294","111","542","146","596","151","4.50","0.73","3.56","0.61","4.72","0.43","1.52","0.29","707","174","294","111","542","146","(X)","(X)","4.50","0.73","3.07","0.40","4.25","0.40","(X)","(X)","339","121","89","79","361","131","(X)","(X)","12.1","13.7","0.0","31.4","8.6","9.8","(X)","(X)","21.5","19.4","24.7","37.2","39.9","25.3","(X)","(X)","66.4","21.1","75.3","37.2","51.5","25.8","(X)","(X)","707","174","294","111","542","146","596","151","61.8","10.4","37.4","26.4","78.4","14.8","2.5","4.2","37.3","10.1","44.9","26.2","9.2","9.7","34.9","13.7","(X)","(X)","(X)","(X)","(X)","(X)","69.5","14.0","(X)","(X)","(X)","(X)","(X)","(X)","23.3","10.3","(X)","(X)","(X)","(X)","(X)","(X)","(X)","(X)","(X)","(X)","(X)","(X)","(X)","(X)","(X)","(X)","64.4","13.9","31.3","22.8","16.8","12.4","32.2","15.9","35.6","13.9","68.7","22.8","83.2","12.4","53.9","13.1","0.0","4.8","0.0","11.2","0.0","6.2","13.9","15.1","32.1","9.5","25.5","16.9","5.9","7.4","31.7","15.3","67.9","9.5","74.5","16.9","94.1","7.4","68.3","15.3",
"1400000US06111008700","Census Tract 87, Ventura County, California","1858","93","3.13","0.24","1212","130","3.91","0.30","566","128","26.7","13.8","22.6","12.6","50.7","15.9","1858","93","36.0","6.7","44.1","5.5","28.3","5.6","14.2","3.5","0.0","1.9","9.5","4.9","61.5","5.7","36.4","5.8","2.0","2.2","32.9","6.8","67.1","6.8","695","137","266","107","251","98","646","115","4.53","0.44","3.88","0.70","3.40","0.51","1.20","0.13","695","137","266","107","251","98","(X)","(X)","4.46","0.44","3.03","0.40","3.31","0.51","(X)","(X)","384","113","96","83","86","71","(X)","(X)","14.3","8.9","75.0","32.9","27.9","37.4","(X)","(X)","32.0","16.7","0.0","29.7","5.8","11.2","(X)","(X)","53.6","17.9","25.0","32.9","66.3","37.2","(X)","(X)","695","137","266","107","251","98","646","115","61.4","9.5","38.3","24.6","55.4","19.9","0.0","5.3","31.7","9.0","26.7","16.8","47.4","18.1","63.3","12.0","(X)","(X)","(X)","(X)","(X)","(X)","81.3","11.1","(X)","(X)","(X)","(X)","(X)","(X)","40.7","10.0","(X)","(X)","(X)","(X)","(X)","(X)","(X)","(X)","(X)","(X)","(X)","(X)","(X)","(X)","(X)","(X)","77.1","9.4","51.5","23.3","72.5","16.0","44.6","12.8","17.4","8.5","48.5","23.3","27.5","16.0","55.4","12.8","5.5","5.6","0.0","12.3","0.0","13.0","0.0","5.3","47.2","11.9","28.2","21.9","18.3","11.8","25.1","11.3","52.8","11.9","71.8","21.9","81.7","11.8","74.9","11.3",
"1400000US06111008800","Census Tract 88, Ventura County, California","1407","54","3.90","0.24","1259","74","4.04","0.24","494","93","10.3","8.3","15.0","11.7","74.7","13.7","1407","54","46.9","7.0","46.9","7.6","6.8","3.9","2.3","1.9","0.7","1.1","1.9","1.9","94.8","4.0","5.2","4.0","0.0","2.5","75.2","7.1","24.8","7.1","887","127","76","47","296","101","148","64","4.12","0.30","4.88","0.86","3.92","0.56","2.01","1.03","887","127","76","47","296","101","(X)","(X)","4.08","0.29","4.30","0.95","3.86","0.56","(X)","(X)","358","93","34","32","102","65","(X)","(X)","11.5","10.5","29.4","37.1","0.0","28.3","(X)","(X)","18.2","15.0","0.0","52.8","8.8","16.2","(X)","(X)","70.4","16.5","70.6","37.1","91.2","16.2","(X)","(X)","887","127","76","47","296","101","148","64","46.8","8.7","68.4","24.4","65.2","19.1","0.0","20.9","43.4","8.8","46.1","27.9","42.9","19.9","76.4","18.7","(X)","(X)","(X)","(X)","(X)","(X)","64.9","28.6","(X)","(X)","(X)","(X)","(X)","(X)","22.3","17.8","(X)","(X)","(X)","(X)","(X)","(X)","(X)","(X)","(X)","(X)","(X)","(X)","(X)","(X)","(X)","(X)","98.9","1.8","100.0","34.9","81.4","18.7","94.6","8.4","1.1","1.8","0.0","34.9","18.6","18.7","5.4","8.4","0.0","3.9","0.0","34.9","0.0","11.1","0.0","20.9","82.8","8.5","69.7","22.7","46.6","19.2","89.9","11.7","17.2","8.5","30.3","22.7","53.4","19.2","10.1","11.7",
"1400000US06111008900","Census Tract 89, Ventura County, California","695","50","4.83","0.42","590","72","5.00","0.40","202","65","13.9","14.3","46.0","19.9","40.1","18.1","695","50","44.7","7.9","58.3","8.7","8.8","5.9","3.7","3.0","0.0","4.9","2.3","3.0","97.1","4.5","2.9","4.5","0.0","4.9","67.9","8.0","32.1","8.0","370","83","59","46","161","57","105","54","5.09","0.60","4.92","1.10","5.60","1.14","2.70","1.24","370","83","59","46","161","57","(X)","(X)","4.81","0.55","4.78","0.84","5.52","1.19","(X)","(X)","148","62","2","5","52","40","(X)","(X)","17.6","18.8","100.0","100.0","0.0","42.7","(X)","(X)","42.6","23.2","0.0","100.0","57.7","34.4","(X)","(X)","39.9","22.0","0.0","100.0","42.3","34.4","(X)","(X)","370","83","59","46","161","57","105","54","47.0","12.2","33.9","37.5","60.2","19.3","19.0","22.9","51.4","11.5","69.5","36.3","52.2","19.7","85.7","17.1","(X)","(X)","(X)","(X)","(X)","(X)","58.1","28.1","(X)","(X)","(X)","(X)","(X)","(X)","24.8","19.4","(X)","(X)","(X)","(X)","(X)","(X)","(X)","(X)","(X)","(X)","(X)","(X)","(X)","(X)","(X)","(X)","100.0","9.0","100.0","40.1","100.0","19.4","81.0","27.3","0.0","9.0","0.0","40.1","0.0","19.4","19.0","27.3","0.0","9.0","0.0","40.1","0.0","19.4","0.0","27.7","71.4","11.7","69.5","36.3","71.4","18.1","49.5","28.5","28.6","11.7","30.5","36.3","28.6","18.1","50.5","28.5",
"1400000US06111009100","Census Tract 91, Ventura County, California","1030","85","4.43","0.41","895","100","4.49","0.39","517","101","5.4","6.2","19.5","10.6","75.0","11.4","1030","85","57.3","8.9","30.9","6.2","12.4","6.5","5.3","3.8","0.0","3.3","9.5","8.0","44.7","10.8","34.0","10.0","21.4","6.4","38.9","7.2","61.1","7.2","516","105","68","62","311","96","135","69","5.21","0.53","3.74","0.65","4.75","0.74","1.07","0.12","516","105","68","62","311","96","(X)","(X)","4.73","0.39","3.19","0.42","4.39","0.78","(X)","(X)","388","102","0","12","129","76","(X)","(X)","1.8","3.0","-","**","16.3","21.8","(X)","(X)","22.4","13.0","-","**","10.9","14.2","(X)","(X)","75.8","12.9","-","**","72.9","22.1","(X)","(X)","516","105","68","62","311","96","135","69","77.5","11.2","29.4","42.8","54.7","18.9","0.0","22.6","13.2","8.7","70.6","42.8","47.3","16.2","40.7","22.3","(X)","(X)","(X)","(X)","(X)","(X)","94.8","8.6","(X)","(X)","(X)","(X)","(X)","(X)","40.7","22.3","(X)","(X)","(X)","(X)","(X)","(X)","(X)","(X)","(X)","(X)","(X)","(X)","(X)","(X)","(X)","(X)","31.0","15.0","54.4","44.5","73.0","15.2","26.7","24.6","47.1","14.7","0.0","37.3","19.3","13.5","34.8","29.8","21.9","9.9","45.6","44.5","7.7","9.4","38.5","28.2","32.9","10.5","45.6","44.5","41.5","17.1","52.6","28.5","67.1","10.5","54.4","44.5","58.5","17.1","47.4","28.5",
"1400000US06111980000","Census Tract 9800, Ventura County, California","0","12","-","**","0","12","-","**","0","12","-","**","-","**","-","**","0","12","-","**","-","**","-","**","-","**","-","**","-","**","-","**","-","**","-","**","-","**","-","**","0","12","0","12","0","12","0","12","-","**","-","**","-","**","-","**","0","12","0","12","0","12","(X)","(X)","-","**","-","**","-","**","(X)","(X)","0","12","0","12","0","12","(X)","(X)","-","**","-","**","-","**","(X)","(X)","-","**","-","**","-","**","(X)","(X)","-","**","-","**","-","**","(X)","(X)","0","12","0","12","0","12","0","12","-","**","-","**","-","**","-","**","-","**","-","**","-","**","-","**","(X)","(X)","(X)","(X)","(X)","(X)","-","**","(X)","(X)","(X)","(X)","(X)","(X)","-","**","(X)","(X)","(X)","(X)","(X)","(X)","(X)","(X)","(X)","(X)","(X)","(X)","(X)","(X)","(X)","(X)","-","**","-","**","-","**","-","**","-","**","-","**","-","**","-","**","-","**","-","**","-","**","-","**","-","**","-","**","-","**","-","**","-","**","-","**","-","**","-","**",
"1400000US06111990100","Census Tract 9901, Ventura County, California","0","12","-","**","0","12","-","**","0","12","-","**","-","**","-","**","0","12","-","**","-","**","-","**","-","**","-","**","-","**","-","**","-","**","-","**","-","**","-","**","0","12","0","12","0","12","0","12","-","**","-","**","-","**","-","**","0","12","0","12","0","12","(X)","(X)","-","**","-","**","-","**","(X)","(X)","0","12","0","12","0","12","(X)","(X)","-","**","-","**","-","**","(X)","(X)","-","**","-","**","-","**","(X)","(X)","-","**","-","**","-","**","(X)","(X)","0","12","0","12","0","12","0","12","-","**","-","**","-","**","-","**","-","**","-","**","-","**","-","**","(X)","(X)","(X)","(X)","(X)","(X)","-","**","(X)","(X)","(X)","(X)","(X)","(X)","-","**","(X)","(X)","(X)","(X)","(X)","(X)","(X)","(X)","(X)","(X)","(X)","(X)","(X)","(X)","(X)","(X)","-","**","-","**","-","**","-","**","-","**","-","**","-","**","-","**","-","**","-","**","-","**","-","**","-","**","-","**","-","**","-","**","-","**","-","**","-","**","-","**",
