"GEO_ID","NAME","S1101_C01_001E","S1101_C01_001M","S1101_C01_002E","S1101_C01_002M","S1101_C01_003E","S1101_C01_003M","S1101_C01_004E","S1101_C01_004M","S1101_C01_005E","S1101_C01_005M","S1101_C01_006E","S1101_C01_006M","S1101_C01_007E","S1101_C01_007M","S1101_C01_008E","S1101_C01_008M","S1101_C01_009E","S1101_C01_009M","S1101_C01_010E","S1101_C01_010M","S1101_C01_011E","S1101_C01_011M","S1101_C01_012E","S1101_C01_012M","S1101_C01_013E","S1101_C01_013M","S1101_C01_014E","S1101_C01_014M","S1101_C01_015E","S1101_C01_015M","S1101_C01_016E","S1101_C01_016M","S1101_C01_017E","S1101_C01_017M","S1101_C01_018E","S1101_C01_018M","S1101_C01_019E","S1101_C01_019M","S1101_C01_020E","S1101_C01_020M","S1101_C02_001E","S1101_C02_001M","S1101_C02_002E","S1101_C02_002M","S1101_C02_003E","S1101_C02_003M","S1101_C02_004E","S1101_C02_004M","S1101_C02_005E","S1101_C02_005M","S1101_C02_006E","S1101_C02_006M","S1101_C02_007E","S1101_C02_007M","S1101_C02_008E","S1101_C02_008M","S1101_C02_009E","S1101_C02_009M","S1101_C02_010E","S1101_C02_010M","S1101_C02_011E","S1101_C02_011M","S1101_C02_012E","S1101_C02_012M","S1101_C02_013E","S1101_C02_013M","S1101_C02_014E","S1101_C02_014M","S1101_C02_015E","S1101_C02_015M","S1101_C02_016E","S1101_C02_016M","S1101_C02_017E","S1101_C02_017M","S1101_C02_018E","S1101_C02_018M","S1101_C02_019E","S1101_C02_019M","S1101_C02_020E","S1101_C02_020M","S1101_C03_001E","S1101_C03_001M","S1101_C03_002E","S1101_C03_002M","S1101_C03_003E","S1101_C03_003M","S1101_C03_004E","S1101_C03_004M","S1101_C03_005E","S1101_C03_005M","S1101_C03_006E","S1101_C03_006M","S1101_C03_007E","S1101_C03_007M","S1101_C03_008E","S1101_C03_008M","S1101_C03_009E","S1101_C03_009M","S1101_C03_010E","S1101_C03_010M","S1101_C03_011E","S1101_C03_011M","S1101_C03_012E","S1101_C03_012M","S1101_C03_013E","S1101_C03_013M","S1101_C03_014E","S1101_C03_014M","S1101_C03_015E","S1101_C03_015M","S1101_C03_016E","S1101_C03_016M","S1101_C03_017E","S1101_C03_017M","S1101_C03_018E","S1101_C03_018M","S1101_C03_019E","S1101_C03_019M","S1101_C03_020E","S1101_C03_020M","S1101_C04_001E","S1101_C04_001M","S1101_C04_002E","S1101_C04_002M","S1101_C04_003E","S1101_C04_003M","S1101_C04_004E","S1101_C04_004M","S1101_C04_005E","S1101_C04_005M","S1101_C04_006E","S1101_C04_006M","S1101_C04_007E","S1101_C04_007M","S1101_C04_008E","S1101_C04_008M","S1101_C04_009E","S1101_C04_009M","S1101_C04_010E","S1101_C04_010M","S1101_C04_011E","S1101_C04_011M","S1101_C04_012E","S1101_C04_012M","S1101_C04_013E","S1101_C04_013M","S1101_C04_014E","S1101_C04_014M","S1101_C04_015E","S1101_C04_015M","S1101_C04_016E","S1101_C04_016M","S1101_C04_017E","S1101_C04_017M","S1101_C04_018E","S1101_C04_018M","S1101_C04_019E","S1101_C04_019M","S1101_C04_020E","S1101_C04_020M","S1101_C05_001E","S1101_C05_001M","S1101_C05_002E","S1101_C05_002M","S1101_C05_003E","S1101_C05_003M","S1101_C05_004E","S1101_C05_004M","S1101_C05_005E","S1101_C05_005M","S1101_C05_006E","S1101_C05_006M","S1101_C05_007E","S1101_C05_007M","S1101_C05_008E","S1101_C05_008M","S1101_C05_009E","S1101_C05_009M","S1101_C05_010E","S1101_C05_010M","S1101_C05_011E","S1101_C05_011M","S1101_C05_012E","S1101_C05_012M","S1101_C05_013E","S1101_C05_013M","S1101_C05_014E","S1101_C05_014M","S1101_C05_015E","S1101_C05_015M","S1101_C05_016E","S1101_C05_016M","S1101_C05_017E","S1101_C05_017M","S1101_C05_018E","S1101_C05_018M","S1101_C05_019E","S1101_C05_019M","S1101_C05_020E","S1101_C05_020M",
"Geography","Geographic Area Name","Estimate!!Total!!HOUSEHOLDS!!Total households","Margin of Error!!Total MOE!!HOUSEHOLDS!!Total households","Estimate!!Total!!HOUSEHOLDS!!Average household size","Margin of Error!!Total MOE!!HOUSEHOLDS!!Average household size","Estimate!!Total!!FAMILIES!!Total families","Margin of Error!!Total MOE!!FAMILIES!!Total families","Estimate!!Total!!FAMILIES!!Average family size","Margin of Error!!Total MOE!!FAMILIES!!Average family size","Estimate!!Total!!AGE OF OWN CHILDREN!!Households with own children of the householder under 18 years","Margin of Error!!Total MOE!!AGE OF OWN CHILDREN!!Households with own children of the householder under 18 years","Estimate!!Total!!AGE OF OWN CHILDREN!!Households with own children of the householder under 18 years!!Under 6 years only","Margin of Error!!Total MOE!!AGE OF OWN CHILDREN!!Households with own children of the householder under 18 years!!Under 6 years only","Estimate!!Total!!AGE OF OWN CHILDREN!!Households with own children of the householder under 18 years!!Under 6 years and 6 to 17 years","Margin of Error!!Total MOE!!AGE OF OWN CHILDREN!!Households with own children of the householder under 18 years!!Under 6 years and 6 to 17 years","Estimate!!Total!!AGE OF OWN CHILDREN!!Households with own children of the householder under 18 years!!6 to 17 years only","Margin of Error!!Total MOE!!AGE OF OWN CHILDREN!!Households with own children of the householder under 18 years!!6 to 17 years only","Estimate!!Total!!Total households","Margin of Error!!Total MOE!!Total households","Estimate!!Total!!Total households!!SELECTED HOUSEHOLDS BY TYPE!!Households with one or more people under 18 years","Margin of Error!!Total MOE!!Total households!!SELECTED HOUSEHOLDS BY TYPE!!Households with one or more people under 18 years","Estimate!!Total!!Total households!!SELECTED HOUSEHOLDS BY TYPE!!Households with one or more people 60 years and over","Margin of Error!!Total MOE!!Total households!!SELECTED HOUSEHOLDS BY TYPE!!Households with one or more people 60 years and over","Estimate!!Total!!Total households!!SELECTED HOUSEHOLDS BY TYPE!!Householder living alone","Margin of Error!!Total MOE!!Total households!!SELECTED HOUSEHOLDS BY TYPE!!Householder living alone","Estimate!!Total!!Total households!!SELECTED HOUSEHOLDS BY TYPE!!Householder living alone!!65 years and over","Margin of Error!!Total MOE!!Total households!!SELECTED HOUSEHOLDS BY TYPE!!Householder living alone!!65 years and over","Estimate!!Total!!Total households!!UNMARRIED-PARTNER HOUSEHOLDS!!Same sex","Margin of Error!!Total MOE!!Total households!!UNMARRIED-PARTNER HOUSEHOLDS!!Same sex","Estimate!!Total!!Total households!!UNMARRIED-PARTNER HOUSEHOLDS!!Opposite sex","Margin of Error!!Total MOE!!Total households!!UNMARRIED-PARTNER HOUSEHOLDS!!Opposite sex","Estimate!!Total!!Total households!!UNITS IN STRUCTURE!!1-unit structures","Margin of Error!!Total MOE!!Total households!!UNITS IN STRUCTURE!!1-unit structures","Estimate!!Total!!Total households!!UNITS IN STRUCTURE!!2-or-more-unit structures","Margin of Error!!Total MOE!!Total households!!UNITS IN STRUCTURE!!2-or-more-unit structures","Estimate!!Total!!Total households!!UNITS IN STRUCTURE!!Mobile homes and all other types of units","Margin of Error!!Total MOE!!Total households!!UNITS IN STRUCTURE!!Mobile homes and all other types of units","Estimate!!Total!!Total households!!HOUSING TENURE!!Owner-occupied housing units","Margin of Error!!Total MOE!!Total households!!HOUSING TENURE!!Owner-occupied housing units","Estimate!!Total!!Total households!!HOUSING TENURE!!Renter-occupied housing units","Margin of Error!!Total MOE!!Total households!!HOUSING TENURE!!Renter-occupied housing units","Estimate!!Married-couple family household!!HOUSEHOLDS!!Total households","Margin of Error!!Married-couple family household MOE!!HOUSEHOLDS!!Total households","Estimate!!Married-couple family household!!HOUSEHOLDS!!Average household size","Margin of Error!!Married-couple family household MOE!!HOUSEHOLDS!!Average household size","Estimate!!Married-couple family household!!FAMILIES!!Total families","Margin of Error!!Married-couple family household MOE!!FAMILIES!!Total families","Estimate!!Married-couple family household!!FAMILIES!!Average family size","Margin of Error!!Married-couple family household MOE!!FAMILIES!!Average family size","Estimate!!Married-couple family household!!AGE OF OWN CHILDREN!!Households with own children of the householder under 18 years","Margin of Error!!Married-couple family household MOE!!AGE OF OWN CHILDREN!!Households with own children of the householder under 18 years","Estimate!!Married-couple family household!!AGE OF OWN CHILDREN!!Households with own children of the householder under 18 years!!Under 6 years only","Margin of Error!!Married-couple family household MOE!!AGE OF OWN CHILDREN!!Households with own children of the householder under 18 years!!Under 6 years only","Estimate!!Married-couple family household!!AGE OF OWN CHILDREN!!Households with own children of the householder under 18 years!!Under 6 years and 6 to 17 years","Margin of Error!!Married-couple family household MOE!!AGE OF OWN CHILDREN!!Households with own children of the householder under 18 years!!Under 6 years and 6 to 17 years","Estimate!!Married-couple family household!!AGE OF OWN CHILDREN!!Households with own children of the householder under 18 years!!6 to 17 years only","Margin of Error!!Married-couple family household MOE!!AGE OF OWN CHILDREN!!Households with own children of the householder under 18 years!!6 to 17 years only","Estimate!!Married-couple family household!!Total households","Margin of Error!!Married-couple family household MOE!!Total households","Estimate!!Married-couple family household!!Total households!!SELECTED HOUSEHOLDS BY TYPE!!Households with one or more people under 18 years","Margin of Error!!Married-couple family household MOE!!Total households!!SELECTED HOUSEHOLDS BY TYPE!!Households with one or more people under 18 years","Estimate!!Married-couple family household!!Total households!!SELECTED HOUSEHOLDS BY TYPE!!Households with one or more people 60 years and over","Margin of Error!!Married-couple family household MOE!!Total households!!SELECTED HOUSEHOLDS BY TYPE!!Households with one or more people 60 years and over","Estimate!!Married-couple family household!!Total households!!SELECTED HOUSEHOLDS BY TYPE!!Householder living alone","Margin of Error!!Married-couple family household MOE!!Total households!!SELECTED HOUSEHOLDS BY TYPE!!Householder living alone","Estimate!!Married-couple family household!!Total households!!SELECTED HOUSEHOLDS BY TYPE!!Householder living alone!!65 years and over","Margin of Error!!Married-couple family household MOE!!Total households!!SELECTED HOUSEHOLDS BY TYPE!!Householder living alone!!65 years and over","Estimate!!Married-couple family household!!Total households!!UNMARRIED-PARTNER HOUSEHOLDS!!Same sex","Margin of Error!!Married-couple family household MOE!!Total households!!UNMARRIED-PARTNER HOUSEHOLDS!!Same sex","Estimate!!Married-couple family household!!Total households!!UNMARRIED-PARTNER HOUSEHOLDS!!Opposite sex","Margin of Error!!Married-couple family household MOE!!Total households!!UNMARRIED-PARTNER HOUSEHOLDS!!Opposite sex","Estimate!!Married-couple family household!!Total households!!UNITS IN STRUCTURE!!1-unit structures","Margin of Error!!Married-couple family household MOE!!Total households!!UNITS IN STRUCTURE!!1-unit structures","Estimate!!Married-couple family household!!Total households!!UNITS IN STRUCTURE!!2-or-more-unit structures","Margin of Error!!Married-couple family household MOE!!Total households!!UNITS IN STRUCTURE!!2-or-more-unit structures","Estimate!!Married-couple family household!!Total households!!UNITS IN STRUCTURE!!Mobile homes and all other types of units","Margin of Error!!Married-couple family household MOE!!Total households!!UNITS IN STRUCTURE!!Mobile homes and all other types of units","Estimate!!Married-couple family household!!Total households!!HOUSING TENURE!!Owner-occupied housing units","Margin of Error!!Married-couple family household MOE!!Total households!!HOUSING TENURE!!Owner-occupied housing units","Estimate!!Married-couple family household!!Total households!!HOUSING TENURE!!Renter-occupied housing units","Margin of Error!!Married-couple family household MOE!!Total households!!HOUSING TENURE!!Renter-occupied housing units","Estimate!!Male householder, no wife present, family household!!HOUSEHOLDS!!Total households","Margin of Error!!Male householder, no wife present, family household MOE!!HOUSEHOLDS!!Total households","Estimate!!Male householder, no wife present, family household!!HOUSEHOLDS!!Average household size","Margin of Error!!Male householder, no wife present, family household MOE!!HOUSEHOLDS!!Average household size","Estimate!!Male householder, no wife present, family household!!FAMILIES!!Total families","Margin of Error!!Male householder, no wife present, family household MOE!!FAMILIES!!Total families","Estimate!!Male householder, no wife present, family household!!FAMILIES!!Average family size","Margin of Error!!Male householder, no wife present, family household MOE!!FAMILIES!!Average family size","Estimate!!Male householder, no wife present, family household!!AGE OF OWN CHILDREN!!Households with own children of the householder under 18 years","Margin of Error!!Male householder, no wife present, family household MOE!!AGE OF OWN CHILDREN!!Households with own children of the householder under 18 years","Estimate!!Male householder, no wife present, family household!!AGE OF OWN CHILDREN!!Households with own children of the householder under 18 years!!Under 6 years only","Margin of Error!!Male householder, no wife present, family household MOE!!AGE OF OWN CHILDREN!!Households with own children of the householder under 18 years!!Under 6 years only","Estimate!!Male householder, no wife present, family household!!AGE OF OWN CHILDREN!!Households with own children of the householder under 18 years!!Under 6 years and 6 to 17 years","Margin of Error!!Male householder, no wife present, family household MOE!!AGE OF OWN CHILDREN!!Households with own children of the householder under 18 years!!Under 6 years and 6 to 17 years","Estimate!!Male householder, no wife present, family household!!AGE OF OWN CHILDREN!!Households with own children of the householder under 18 years!!6 to 17 years only","Margin of Error!!Male householder, no wife present, family household MOE!!AGE OF OWN CHILDREN!!Households with own children of the householder under 18 years!!6 to 17 years only","Estimate!!Male householder, no wife present, family household!!Total households","Margin of Error!!Male householder, no wife present, family household MOE!!Total households","Estimate!!Male householder, no wife present, family household!!Total households!!SELECTED HOUSEHOLDS BY TYPE!!Households with one or more people under 18 years","Margin of Error!!Male householder, no wife present, family household MOE!!Total households!!SELECTED HOUSEHOLDS BY TYPE!!Households with one or more people under 18 years","Estimate!!Male householder, no wife present, family household!!Total households!!SELECTED HOUSEHOLDS BY TYPE!!Households with one or more people 60 years and over","Margin of Error!!Male householder, no wife present, family household MOE!!Total households!!SELECTED HOUSEHOLDS BY TYPE!!Households with one or more people 60 years and over","Estimate!!Male householder, no wife present, family household!!Total households!!SELECTED HOUSEHOLDS BY TYPE!!Householder living alone","Margin of Error!!Male householder, no wife present, family household MOE!!Total households!!SELECTED HOUSEHOLDS BY TYPE!!Householder living alone","Estimate!!Male householder, no wife present, family household!!Total households!!SELECTED HOUSEHOLDS BY TYPE!!Householder living alone!!65 years and over","Margin of Error!!Male householder, no wife present, family household MOE!!Total households!!SELECTED HOUSEHOLDS BY TYPE!!Householder living alone!!65 years and over","Estimate!!Male householder, no wife present, family household!!Total households!!UNMARRIED-PARTNER HOUSEHOLDS!!Same sex","Margin of Error!!Male householder, no wife present, family household MOE!!Total households!!UNMARRIED-PARTNER HOUSEHOLDS!!Same sex","Estimate!!Male householder, no wife present, family household!!Total households!!UNMARRIED-PARTNER HOUSEHOLDS!!Opposite sex","Margin of Error!!Male householder, no wife present, family household MOE!!Total households!!UNMARRIED-PARTNER HOUSEHOLDS!!Opposite sex","Estimate!!Male householder, no wife present, family household!!Total households!!UNITS IN STRUCTURE!!1-unit structures","Margin of Error!!Male householder, no wife present, family household MOE!!Total households!!UNITS IN STRUCTURE!!1-unit structures","Estimate!!Male householder, no wife present, family household!!Total households!!UNITS IN STRUCTURE!!2-or-more-unit structures","Margin of Error!!Male householder, no wife present, family household MOE!!Total households!!UNITS IN STRUCTURE!!2-or-more-unit structures","Estimate!!Male householder, no wife present, family household!!Total households!!UNITS IN STRUCTURE!!Mobile homes and all other types of units","Margin of Error!!Male householder, no wife present, family household MOE!!Total households!!UNITS IN STRUCTURE!!Mobile homes and all other types of units","Estimate!!Male householder, no wife present, family household!!Total households!!HOUSING TENURE!!Owner-occupied housing units","Margin of Error!!Male householder, no wife present, family household MOE!!Total households!!HOUSING TENURE!!Owner-occupied housing units","Estimate!!Male householder, no wife present, family household!!Total households!!HOUSING TENURE!!Renter-occupied housing units","Margin of Error!!Male householder, no wife present, family household MOE!!Total households!!HOUSING TENURE!!Renter-occupied housing units","Estimate!!Female householder, no husband present, family household!!HOUSEHOLDS!!Total households","Margin of Error!!Female householder, no husband present, family household MOE!!HOUSEHOLDS!!Total households","Estimate!!Female householder, no husband present, family household!!HOUSEHOLDS!!Average household size","Margin of Error!!Female householder, no husband present, family household MOE!!HOUSEHOLDS!!Average household size","Estimate!!Female householder, no husband present, family household!!FAMILIES!!Total families","Margin of Error!!Female householder, no husband present, family household MOE!!FAMILIES!!Total families","Estimate!!Female householder, no husband present, family household!!FAMILIES!!Average family size","Margin of Error!!Female householder, no husband present, family household MOE!!FAMILIES!!Average family size","Estimate!!Female householder, no husband present, family household!!AGE OF OWN CHILDREN!!Households with own children of the householder under 18 years","Margin of Error!!Female householder, no husband present, family household MOE!!AGE OF OWN CHILDREN!!Households with own children of the householder under 18 years","Estimate!!Female householder, no husband present, family household!!AGE OF OWN CHILDREN!!Households with own children of the householder under 18 years!!Under 6 years only","Margin of Error!!Female householder, no husband present, family household MOE!!AGE OF OWN CHILDREN!!Households with own children of the householder under 18 years!!Under 6 years only","Estimate!!Female householder, no husband present, family household!!AGE OF OWN CHILDREN!!Households with own children of the householder under 18 years!!Under 6 years and 6 to 17 years","Margin of Error!!Female householder, no husband present, family household MOE!!AGE OF OWN CHILDREN!!Households with own children of the householder under 18 years!!Under 6 years and 6 to 17 years","Estimate!!Female householder, no husband present, family household!!AGE OF OWN CHILDREN!!Households with own children of the householder under 18 years!!6 to 17 years only","Margin of Error!!Female householder, no husband present, family household MOE!!AGE OF OWN CHILDREN!!Households with own children of the householder under 18 years!!6 to 17 years only","Estimate!!Female householder, no husband present, family household!!Total households","Margin of Error!!Female householder, no husband present, family household MOE!!Total households","Estimate!!Female householder, no husband present, family household!!Total households!!SELECTED HOUSEHOLDS BY TYPE!!Households with one or more people under 18 years","Margin of Error!!Female householder, no husband present, family household MOE!!Total households!!SELECTED HOUSEHOLDS BY TYPE!!Households with one or more people under 18 years","Estimate!!Female householder, no husband present, family household!!Total households!!SELECTED HOUSEHOLDS BY TYPE!!Households with one or more people 60 years and over","Margin of Error!!Female householder, no husband present, family household MOE!!Total households!!SELECTED HOUSEHOLDS BY TYPE!!Households with one or more people 60 years and over","Estimate!!Female householder, no husband present, family household!!Total households!!SELECTED HOUSEHOLDS BY TYPE!!Householder living alone","Margin of Error!!Female householder, no husband present, family household MOE!!Total households!!SELECTED HOUSEHOLDS BY TYPE!!Householder living alone","Estimate!!Female householder, no husband present, family household!!Total households!!SELECTED HOUSEHOLDS BY TYPE!!Householder living alone!!65 years and over","Margin of Error!!Female householder, no husband present, family household MOE!!Total households!!SELECTED HOUSEHOLDS BY TYPE!!Householder living alone!!65 years and over","Estimate!!Female householder, no husband present, family household!!Total households!!UNMARRIED-PARTNER HOUSEHOLDS!!Same sex","Margin of Error!!Female householder, no husband present, family household MOE!!Total households!!UNMARRIED-PARTNER HOUSEHOLDS!!Same sex","Estimate!!Female householder, no husband present, family household!!Total households!!UNMARRIED-PARTNER HOUSEHOLDS!!Opposite sex","Margin of Error!!Female householder, no husband present, family household MOE!!Total households!!UNMARRIED-PARTNER HOUSEHOLDS!!Opposite sex","Estimate!!Female householder, no husband present, family household!!Total households!!UNITS IN STRUCTURE!!1-unit structures","Margin of Error!!Female householder, no husband present, family household MOE!!Total households!!UNITS IN STRUCTURE!!1-unit structures","Estimate!!Female householder, no husband present, family household!!Total households!!UNITS IN STRUCTURE!!2-or-more-unit structures","Margin of Error!!Female householder, no husband present, family household MOE!!Total households!!UNITS IN STRUCTURE!!2-or-more-unit structures","Estimate!!Female householder, no husband present, family household!!Total households!!UNITS IN STRUCTURE!!Mobile homes and all other types of units","Margin of Error!!Female householder, no husband present, family household MOE!!Total households!!UNITS IN STRUCTURE!!Mobile homes and all other types of units","Estimate!!Female householder, no husband present, family household!!Total households!!HOUSING TENURE!!Owner-occupied housing units","Margin of Error!!Female householder, no husband present, family household MOE!!Total households!!HOUSING TENURE!!Owner-occupied housing units","Estimate!!Female householder, no husband present, family household!!Total households!!HOUSING TENURE!!Renter-occupied housing units","Margin of Error!!Female householder, no husband present, family household MOE!!Total households!!HOUSING TENURE!!Renter-occupied housing units","Estimate!!Nonfamily household!!HOUSEHOLDS!!Total households","Margin of Error!!Nonfamily household MOE!!HOUSEHOLDS!!Total households","Estimate!!Nonfamily household!!HOUSEHOLDS!!Average household size","Margin of Error!!Nonfamily household MOE!!HOUSEHOLDS!!Average household size","Estimate!!Nonfamily household!!FAMILIES!!Total families","Margin of Error!!Nonfamily household MOE!!FAMILIES!!Total families","Estimate!!Nonfamily household!!FAMILIES!!Average family size","Margin of Error!!Nonfamily household MOE!!FAMILIES!!Average family size","Estimate!!Nonfamily household!!AGE OF OWN CHILDREN!!Households with own children of the householder under 18 years","Margin of Error!!Nonfamily household MOE!!AGE OF OWN CHILDREN!!Households with own children of the householder under 18 years","Estimate!!Nonfamily household!!AGE OF OWN CHILDREN!!Households with own children of the householder under 18 years!!Under 6 years only","Margin of Error!!Nonfamily household MOE!!AGE OF OWN CHILDREN!!Households with own children of the householder under 18 years!!Under 6 years only","Estimate!!Nonfamily household!!AGE OF OWN CHILDREN!!Households with own children of the householder under 18 years!!Under 6 years and 6 to 17 years","Margin of Error!!Nonfamily household MOE!!AGE OF OWN CHILDREN!!Households with own children of the householder under 18 years!!Under 6 years and 6 to 17 years","Estimate!!Nonfamily household!!AGE OF OWN CHILDREN!!Households with own children of the householder under 18 years!!6 to 17 years only","Margin of Error!!Nonfamily household MOE!!AGE OF OWN CHILDREN!!Households with own children of the householder under 18 years!!6 to 17 years only","Estimate!!Nonfamily household!!Total households","Margin of Error!!Nonfamily household MOE!!Total households","Estimate!!Nonfamily household!!Total households!!SELECTED HOUSEHOLDS BY TYPE!!Households with one or more people under 18 years","Margin of Error!!Nonfamily household MOE!!Total households!!SELECTED HOUSEHOLDS BY TYPE!!Households with one or more people under 18 years","Estimate!!Nonfamily household!!Total households!!SELECTED HOUSEHOLDS BY TYPE!!Households with one or more people 60 years and over","Margin of Error!!Nonfamily household MOE!!Total households!!SELECTED HOUSEHOLDS BY TYPE!!Households with one or more people 60 years and over","Estimate!!Nonfamily household!!Total households!!SELECTED HOUSEHOLDS BY TYPE!!Householder living alone","Margin of Error!!Nonfamily household MOE!!Total households!!SELECTED HOUSEHOLDS BY TYPE!!Householder living alone","Estimate!!Nonfamily household!!Total households!!SELECTED HOUSEHOLDS BY TYPE!!Householder living alone!!65 years and over","Margin of Error!!Nonfamily household MOE!!Total households!!SELECTED HOUSEHOLDS BY TYPE!!Householder living alone!!65 years and over","Estimate!!Nonfamily household!!Total households!!UNMARRIED-PARTNER HOUSEHOLDS!!Same sex","Margin of Error!!Nonfamily household MOE!!Total households!!UNMARRIED-PARTNER HOUSEHOLDS!!Same sex","Estimate!!Nonfamily household!!Total households!!UNMARRIED-PARTNER HOUSEHOLDS!!Opposite sex","Margin of Error!!Nonfamily household MOE!!Total households!!UNMARRIED-PARTNER HOUSEHOLDS!!Opposite sex","Estimate!!Nonfamily household!!Total households!!UNITS IN STRUCTURE!!1-unit structures","Margin of Error!!Nonfamily household MOE!!Total households!!UNITS IN STRUCTURE!!1-unit structures","Estimate!!Nonfamily household!!Total households!!UNITS IN STRUCTURE!!2-or-more-unit structures","Margin of Error!!Nonfamily household MOE!!Total households!!UNITS IN STRUCTURE!!2-or-more-unit structures","Estimate!!Nonfamily household!!Total households!!UNITS IN STRUCTURE!!Mobile homes and all other types of units","Margin of Error!!Nonfamily household MOE!!Total households!!UNITS IN STRUCTURE!!Mobile homes and all other types of units","Estimate!!Nonfamily household!!Total households!!HOUSING TENURE!!Owner-occupied housing units","Margin of Error!!Nonfamily household MOE!!Total households!!HOUSING TENURE!!Owner-occupied housing units","Estimate!!Nonfamily household!!Total households!!HOUSING TENURE!!Renter-occupied housing units","Margin of Error!!Nonfamily household MOE!!Total households!!HOUSING TENURE!!Renter-occupied housing units",
"1400000US06111000100","Census Tract 1, Ventura County, California","259","48","2.13","0.33","132","43","3.05","0.39","21","13","0.0","67.2","52.4","47.9","47.6","47.9","259","48","8.1","4.6","48.3","12.1","43.2","11.4","11.2","6.4","0.0","12.6","4.2","5.2","93.1","6.8","0.0","12.6","6.9","6.8","73.0","12.7","27.0","12.7","106","38","3.04","0.49","106","38","3.04","0.49","21","13","0.0","67.2","52.4","47.9","47.6","47.9","106","38","19.8","11.1","51.9","17.2","(X)","(X)","(X)","(X)","(X)","(X)","(X)","(X)","94.3","6.0","0.0","27.5","5.7","6.0","78.3","14.4","21.7","14.4","23","21","3.39","0.62","23","21","3.17","0.58","0","12","-","**","-","**","-","**","23","21","0.0","64.2","43.5","52.5","(X)","(X)","(X)","(X)","(X)","(X)","(X)","(X)","100.0","64.2","0.0","64.2","0.0","64.2","100.0","64.2","0.0","64.2","3","6","2.67","1.20","3","6","2.67","1.20","0","12","-","**","-","**","-","**","3","6","0.0","100.0","100.0","100.0","(X)","(X)","(X)","(X)","(X)","(X)","(X)","(X)","0.0","100.0","0.0","100.0","100.0","100.0","100.0","100.0","0.0","100.0","127","44","1.13","0.11","(X)","(X)","(X)","(X)","(X)","(X)","(X)","(X)","(X)","(X)","(X)","(X)","127","44","0.0","23.8","44.9","16.8","88.2","10.2","22.8","11.6","(X)","(X)","(X)","(X)","92.9","11.8","0.0","23.8","7.1","11.8","63.0","17.5","37.0","17.5",
"1400000US06111000200","Census Tract 2, Ventura County, California","751","48","3.35","0.33","596","63","3.92","0.38","240","58","14.2","9.8","14.2","10.7","71.7","14.0","751","48","41.8","7.5","46.7","8.1","18.9","5.8","8.4","4.8","0.0","4.5","2.7","1.8","75.0","6.8","22.2","6.4","2.8","2.0","55.9","8.1","44.1","8.1","447","68","4.10","0.44","447","68","4.10","0.44","198","57","7.6","6.8","17.2","12.8","75.3","14.0","447","68","55.9","10.0","43.6","11.0","(X)","(X)","(X)","(X)","(X)","(X)","(X)","(X)","72.5","8.2","23.9","7.7","3.6","3.0","59.7","9.9","40.3","9.9","30","24","4.00","1.61","30","24","4.00","1.61","6","8","0.0","100.0","0.0","100.0","100.0","100.0","30","24","20.0","32.6","80.0","32.6","(X)","(X)","(X)","(X)","(X)","(X)","(X)","(X)","63.3","43.3","36.7","43.3","0.0","56.2","36.7","46.2","63.3","46.2","119","47","3.33","0.71","119","47","3.19","0.66","36","26","52.8","38.7","0.0","51.3","47.2","38.7","119","47","48.7","23.7","38.7","20.8","(X)","(X)","(X)","(X)","(X)","(X)","(X)","(X)","76.5","18.6","23.5","18.6","0.0","25.1","36.1","21.1","63.9","21.1","155","44","1.09","0.07","(X)","(X)","(X)","(X)","(X)","(X)","(X)","(X)","(X)","(X)","(X)","(X)","155","44","0.0","20.1","55.5","18.9","91.6","6.4","40.6","19.6","(X)","(X)","(X)","(X)","83.2","14.1","13.5","13.2","3.2","5.0","63.9","16.0","36.1","16.0",
"1400000US06111000302","Census Tract 3.02, Ventura County, California","2313","180","3.38","0.25","1788","171","3.98","0.32","856","141","25.8","15.3","21.5","13.5","52.7","17.3","2313","180","44.6","6.5","46.1","7.0","21.0","6.1","8.9","3.4","0.0","1.5","1.7","2.1","77.3","6.6","15.0","5.7","7.7","2.9","61.3","8.9","38.7","8.9","1422","203","4.05","0.41","1422","203","4.05","0.41","636","154","33.3","19.9","14.9","12.2","51.7","18.9","1422","203","55.5","11.5","44.0","9.4","(X)","(X)","(X)","(X)","(X)","(X)","(X)","(X)","78.3","8.0","12.6","7.2","9.1","4.2","67.2","11.6","32.8","11.6","117","88","3.88","1.46","117","88","3.79","1.49","77","78","11.7","25.5","0.0","34.6","88.3","25.5","117","88","76.1","30.0","22.2","26.1","(X)","(X)","(X)","(X)","(X)","(X)","(X)","(X)","41.0","30.7","51.3","33.1","7.7","14.7","38.5","33.5","61.5","33.5","249","121","4.18","0.88","249","121","3.66","0.64","143","91","0.0","21.5","62.2","33.2","37.8","33.2","249","121","61.8","23.2","38.2","23.2","(X)","(X)","(X)","(X)","(X)","(X)","(X)","(X)","95.6","7.4","4.4","7.4","0.0","13.1","48.6","25.5","51.4","25.5","525","171","1.10","0.11","(X)","(X)","(X)","(X)","(X)","(X)","(X)","(X)","(X)","(X)","(X)","(X)","525","171","0.0","6.4","60.8","21.1","92.6","8.3","39.4","15.3","(X)","(X)","(X)","(X)","74.3","15.0","18.3","13.4","7.4","8.8","56.8","20.7","43.2","20.7",
"1400000US06111000303","Census Tract 3.03, Ventura County, California","1388","83","3.49","0.22","1159","87","3.84","0.23","519","100","6.2","6.5","20.2","12.1","73.6","12.9","1388","83","43.0","5.5","40.1","6.3","13.5","4.9","7.4","3.5","0.0","2.5","9.3","5.4","94.7","3.0","5.3","3.0","0.0","2.5","77.1","7.2","22.9","7.2","943","108","3.79","0.29","943","108","3.78","0.29","398","99","8.0","8.3","14.1","12.2","77.9","14.4","943","108","44.5","8.0","34.3","7.9","(X)","(X)","(X)","(X)","(X)","(X)","(X)","(X)","95.7","3.8","4.3","3.8","0.0","3.6","85.9","7.3","14.1","7.3","60","51","4.30","1.13","60","51","3.57","1.17","35","43","0.0","52.0","25.7","50.6","74.3","50.6","60","51","65.0","40.1","43.3","47.1","(X)","(X)","(X)","(X)","(X)","(X)","(X)","(X)","100.0","39.7","0.0","39.7","0.0","39.7","35.0","40.1","65.0","40.1","156","74","4.71","0.86","156","74","4.28","0.61","86","51","0.0","32.1","46.5","29.6","53.5","29.6","156","74","88.5","13.1","48.7","27.3","(X)","(X)","(X)","(X)","(X)","(X)","(X)","(X)","100.0","19.9","0.0","19.9","0.0","19.9","71.2","17.4","28.8","17.4","229","77","1.18","0.17","(X)","(X)","(X)","(X)","(X)","(X)","(X)","(X)","(X)","(X)","(X)","(X)","229","77","0.0","14.1","57.6","22.4","82.1","17.1","45.0","20.3","(X)","(X)","(X)","(X)","85.6","16.1","14.4","16.1","0.0","14.1","55.9","20.6","44.1","20.6",
"1400000US06111000304","Census Tract 3.04, Ventura County, California","1169","98","3.71","0.39","1012","87","3.83","0.40","537","96","13.8","10.0","6.3","7.0","79.9","11.5","1169","98","52.3","8.2","28.1","5.8","9.8","4.5","5.0","3.1","0.0","2.9","11.4","7.4","85.5","7.7","13.8","7.6","0.7","1.0","68.4","7.9","31.6","7.9","631","120","4.54","0.55","631","120","4.49","0.51","317","100","23.3","15.3","3.5","4.4","73.2","15.5","631","120","57.5","10.8","33.9","8.5","(X)","(X)","(X)","(X)","(X)","(X)","(X)","(X)","95.6","4.1","4.4","4.1","0.0","5.4","79.7","9.1","20.3","9.1","156","94","3.37","1.10","156","94","2.82","0.79","67","65","0.0","37.6","34.3","43.8","65.7","43.8","156","94","50.6","38.0","0.0","19.9","(X)","(X)","(X)","(X)","(X)","(X)","(X)","(X)","69.9","33.7","30.1","33.7","0.0","19.9","48.7","36.0","51.3","36.0","225","106","3.20","0.29","225","106","2.67","0.42","153","99","0.0","20.3","0.0","20.3","100.0","20.3","225","106","75.1","16.2","13.3","15.2","(X)","(X)","(X)","(X)","(X)","(X)","(X)","(X)","73.8","25.1","26.2","25.1","0.0","14.4","53.3","24.3","46.7","24.3","157","65","1.45","0.35","(X)","(X)","(X)","(X)","(X)","(X)","(X)","(X)","(X)","(X)","(X)","(X)","157","65","0.0","19.8","53.5","22.9","73.2","18.7","37.6","21.3","(X)","(X)","(X)","(X)","77.7","23.0","17.2","22.8","5.1","7.5","64.3","23.9","35.7","23.9",
"1400000US06111000400","Census Tract 4, Ventura County, California","1733","91","3.80","0.30","1383","105","4.25","0.32","642","118","10.1","7.5","26.2","11.8","63.7","12.6","1733","91","45.9","6.4","41.6","6.1","15.7","3.9","9.1","3.4","0.0","2.0","5.8","4.2","88.1","5.0","6.9","4.4","5.0","2.7","66.9","6.7","33.1","6.7","1137","130","4.44","0.37","1137","130","4.42","0.37","516","112","2.5","2.9","32.6","14.3","64.9","14.7","1137","130","55.7","7.8","33.5","7.8","(X)","(X)","(X)","(X)","(X)","(X)","(X)","(X)","88.8","7.3","6.9","5.9","4.3","4.4","67.4","9.6","32.6","9.6","121","55","4.55","0.90","121","55","4.07","0.90","65","50","80.0","34.1","0.0","38.2","20.0","34.1","121","55","67.8","25.9","50.4","31.0","(X)","(X)","(X)","(X)","(X)","(X)","(X)","(X)","100.0","24.7","0.0","24.7","0.0","24.7","88.4","17.9","11.6","17.9","125","69","3.22","0.59","125","69","2.80","0.62","61","54","0.0","39.4","0.0","39.4","100.0","39.4","125","69","56.0","22.7","44.8","25.8","(X)","(X)","(X)","(X)","(X)","(X)","(X)","(X)","88.8","17.0","11.2","17.0","0.0","24.1","58.4","26.6","41.6","26.6","350","74","1.70","0.60","(X)","(X)","(X)","(X)","(X)","(X)","(X)","(X)","(X)","(X)","(X)","(X)","350","74","2.9","4.6","63.7","15.1","77.7","13.2","44.9","14.2","(X)","(X)","(X)","(X)","81.4","12.3","8.0","11.8","10.6","5.0","60.9","15.2","39.1","15.2",
"1400000US06111000500","Census Tract 5, Ventura County, California","554","52","2.81","0.33","343","56","3.57","0.36","154","46","0.0","20.2","25.3","12.2","74.7","12.2","554","52","31.0","8.2","52.9","7.7","31.4","8.8","12.3","5.2","0.5","0.9","1.4","2.4","47.3","6.4","16.8","6.1","35.9","5.8","56.5","8.5","43.5","8.5","246","52","3.68","0.51","246","52","3.53","0.47","106","41","0.0","27.5","36.8","16.2","63.2","16.2","246","52","45.9","12.3","52.4","11.3","(X)","(X)","(X)","(X)","(X)","(X)","(X)","(X)","63.0","13.3","11.4","11.6","25.6","10.7","56.9","15.1","43.1","15.1","35","23","3.00","0.62","35","23","3.00","0.62","16","20","0.0","76.9","0.0","76.9","100.0","76.9","35","23","45.7","39.0","54.3","39.0","(X)","(X)","(X)","(X)","(X)","(X)","(X)","(X)","54.3","35.0","0.0","52.0","45.7","35.0","45.7","35.0","54.3","35.0","62","31","4.45","1.01","62","31","4.05","0.89","32","27","0.0","54.4","0.0","54.4","100.0","54.4","62","31","64.5","28.2","30.6","27.0","(X)","(X)","(X)","(X)","(X)","(X)","(X)","(X)","62.9","28.7","30.6","29.7","6.5","10.4","32.3","27.4","67.7","27.4","211","53","1.28","0.19","(X)","(X)","(X)","(X)","(X)","(X)","(X)","(X)","(X)","(X)","(X)","(X)","211","53","1.4","2.5","59.7","16.1","82.5","10.8","32.2","12.7","(X)","(X)","(X)","(X)","23.2","12.1","21.8","13.4","55.0","14.9","64.9","14.6","35.1","14.6",
"1400000US06111000600","Census Tract 6, Ventura County, California","1910","100","3.31","0.20","1437","138","3.77","0.24","878","134","20.6","9.1","35.6","11.6","43.7","11.0","1910","100","49.8","6.8","30.1","6.1","20.1","6.4","7.9","3.6","0.0","1.8","11.7","4.5","55.3","5.9","43.7","5.6","1.0","1.6","24.2","4.7","75.8","4.7","784","130","4.10","0.31","784","130","4.05","0.31","460","100","22.4","12.0","30.0","13.5","47.6","15.4","784","130","65.3","9.4","23.6","7.8","(X)","(X)","(X)","(X)","(X)","(X)","(X)","(X)","55.9","10.2","41.6","9.5","2.6","4.0","29.1","9.1","70.9","9.1","257","105","3.44","0.66","257","105","3.13","0.56","144","79","23.6","23.3","32.6","28.0","43.8","27.9","257","105","56.0","21.8","16.3","12.3","(X)","(X)","(X)","(X)","(X)","(X)","(X)","(X)","43.6","19.6","56.4","19.6","0.0","12.7","23.7","18.6","76.3","18.6","396","125","4.11","0.57","396","125","3.63","0.44","274","115","16.1","15.5","46.7","21.1","37.2","17.2","396","125","74.7","12.4","18.7","10.9","(X)","(X)","(X)","(X)","(X)","(X)","(X)","(X)","62.9","16.6","37.1","16.6","0.0","8.5","18.4","11.1","81.6","11.1","473","128","1.26","0.16","(X)","(X)","(X)","(X)","(X)","(X)","(X)","(X)","(X)","(X)","(X)","(X)","473","128","0.0","7.1","57.9","13.5","81.2","11.5","31.7","13.4","(X)","(X)","(X)","(X)","54.3","13.0","45.7","13.0","0.0","7.1","21.1","11.6","78.9","11.6",
"1400000US06111000701","Census Tract 7.01, Ventura County, California","1865","86","3.82","0.31","1506","108","4.28","0.34","813","134","16.7","10.1","17.3","7.6","65.9","11.5","1865","86","53.4","6.2","34.6","6.5","17.5","4.7","3.4","2.3","0.6","1.1","8.2","3.7","46.5","6.1","42.6","6.4","10.9","3.9","49.3","7.1","50.7","7.1","987","129","4.87","0.61","987","129","4.74","0.53","568","126","16.5","12.8","19.2","10.3","64.3","14.2","987","129","68.0","8.4","35.5","12.8","(X)","(X)","(X)","(X)","(X)","(X)","(X)","(X)","53.6","9.2","34.4","8.6","12.0","6.7","62.1","9.9","37.9","9.9","75","53","3.43","0.57","75","53","2.88","0.66","30","29","43.3","53.0","0.0","56.2","56.7","53.0","75","53","58.7","36.1","20.0","25.0","(X)","(X)","(X)","(X)","(X)","(X)","(X)","(X)","64.0","30.3","36.0","30.3","0.0","35.2","73.3","27.3","26.7","27.3","444","132","3.77","0.53","444","132","3.48","0.48","215","80","13.5","17.0","14.9","15.7","71.6","21.6","444","132","63.3","14.7","29.7","13.1","(X)","(X)","(X)","(X)","(X)","(X)","(X)","(X)","29.1","15.6","56.5","16.9","14.4","12.0","31.8","13.9","68.2","13.9","359","99","1.09","0.08","(X)","(X)","(X)","(X)","(X)","(X)","(X)","(X)","(X)","(X)","(X)","(X)","359","99","0.0","9.3","41.2","15.1","91.1","7.3","17.5","11.0","(X)","(X)","(X)","(X)","45.1","16.2","49.0","15.4","5.8","5.7","30.9","13.3","69.1","13.3",
"1400000US06111000702","Census Tract 7.02, Ventura County, California","893","54","3.77","0.28","747","73","4.07","0.27","297","66","11.1","9.0","23.2","11.6","65.7","14.5","893","54","44.7","6.7","40.6","6.3","11.6","4.4","6.3","2.4","0.0","3.8","6.3","3.8","86.6","4.2","13.4","4.2","0.0","3.8","75.8","6.5","24.2","6.5","579","80","3.97","0.32","579","80","3.95","0.31","235","62","8.1","8.9","26.4","13.4","65.5","15.9","579","80","46.8","8.3","30.7","8.0","(X)","(X)","(X)","(X)","(X)","(X)","(X)","(X)","90.0","6.4","10.0","6.4","0.0","5.9","84.8","6.6","15.2","6.6","51","28","4.92","1.15","51","28","4.80","1.15","18","15","0.0","72.5","0.0","72.5","100.0","72.5","51","28","66.7","25.6","52.9","29.8","(X)","(X)","(X)","(X)","(X)","(X)","(X)","(X)","94.1","13.5","5.9","13.5","0.0","43.1","37.3","27.4","62.7","27.4","117","40","4.67","0.72","117","40","4.33","0.63","44","29","31.8","40.0","15.9","22.0","52.3","41.2","117","40","68.4","20.4","63.2","21.4","(X)","(X)","(X)","(X)","(X)","(X)","(X)","(X)","100.0","25.4","0.0","25.4","0.0","25.4","57.3","23.0","42.7","23.0","146","52","1.86","0.68","(X)","(X)","(X)","(X)","(X)","(X)","(X)","(X)","(X)","(X)","(X)","(X)","146","52","9.6","13.6","57.5","17.0","71.2","17.4","38.4","17.5","(X)","(X)","(X)","(X)","59.6","17.5","40.4","17.5","0.0","21.1","68.5","17.1","31.5","17.1",
"1400000US06111000800","Census Tract 8, Ventura County, California","2632","125","3.08","0.20","2071","161","3.43","0.20","803","130","19.3","9.2","30.9","10.9","49.8","12.6","2632","125","34.4","5.4","34.8","5.6","14.9","5.3","6.0","3.0","0.1","0.3","6.1","3.8","80.6","5.0","9.8","4.8","9.6","2.5","60.5","6.2","39.5","6.2","1579","192","3.54","0.23","1579","192","3.51","0.23","579","127","24.2","11.3","27.8","11.0","48.0","13.4","1579","192","39.5","6.8","35.1","6.8","(X)","(X)","(X)","(X)","(X)","(X)","(X)","(X)","87.3","4.8","4.1","4.0","8.7","3.5","71.4","7.9","28.6","7.9","145","101","3.83","1.00","145","101","3.00","0.88","63","63","23.8","45.1","0.0","38.8","76.2","45.1","145","101","55.2","35.3","13.1","18.5","(X)","(X)","(X)","(X)","(X)","(X)","(X)","(X)","30.3","31.0","56.6","37.4","13.1","19.4","17.2","20.7","82.8","20.7","347","132","3.35","0.36","347","132","3.24","0.32","161","95","0.0","19.4","54.0","35.3","46.0","35.3","347","132","57.9","20.0","32.9","18.6","(X)","(X)","(X)","(X)","(X)","(X)","(X)","(X)","85.6","11.5","3.5","5.8","11.0","10.4","35.7","18.5","64.3","18.5","561","150","1.44","0.25","(X)","(X)","(X)","(X)","(X)","(X)","(X)","(X)","(X)","(X)","(X)","(X)","561","150","0.0","6.0","40.6","13.9","69.7","16.8","28.2","13.1","(X)","(X)","(X)","(X)","71.8","14.3","17.6","14.2","10.5","7.1","56.5","16.4","43.5","16.4",
"1400000US06111000901","Census Tract 9.01, Ventura County, California","1053","112","2.38","0.34","596","100","3.10","0.42","187","62","6.4","7.9","18.2","25.4","75.4","23.9","1053","112","18.6","6.3","66.3","6.7","37.3","8.9","26.6","7.4","0.9","1.5","3.1","2.8","76.5","6.9","22.7","6.9","0.8","1.3","62.0","8.3","38.0","8.3","465","105","3.06","0.32","465","105","2.89","0.26","111","41","10.8","12.5","0.9","13.7","88.3","18.6","465","105","25.8","7.6","62.8","10.9","(X)","(X)","(X)","(X)","(X)","(X)","(X)","(X)","92.7","5.6","5.6","4.9","1.7","2.9","83.9","8.6","16.1","8.6","54","46","3.24","0.75","54","46","2.69","0.36","43","43","0.0","46.9","0.0","46.9","100.0","46.9","54","46","79.6","34.5","48.1","50.0","(X)","(X)","(X)","(X)","(X)","(X)","(X)","(X)","100.0","41.9","0.0","41.9","0.0","41.9","68.5","40.0","31.5","40.0","77","60","4.79","2.05","77","60","4.66","2.17","33","51","0.0","53.6","100.0","53.6","0.0","53.6","77","60","42.9","46.8","29.9","31.9","(X)","(X)","(X)","(X)","(X)","(X)","(X)","(X)","100.0","34.6","0.0","34.6","0.0","34.6","42.9","39.6","57.1","39.6","457","112","1.18","0.14","(X)","(X)","(X)","(X)","(X)","(X)","(X)","(X)","(X)","(X)","(X)","(X)","457","112","0.0","7.4","78.1","11.7","86.0","10.6","61.3","13.9","(X)","(X)","(X)","(X)","53.4","12.1","46.6","12.1","0.0","7.4","42.2","12.8","57.8","12.8",
"1400000US06111000902","Census Tract 9.02, Ventura County, California","841","72","2.40","0.18","517","63","2.75","0.19","133","35","6.0","7.5","12.0","9.6","82.0","11.9","841","72","20.0","4.1","55.2","5.9","27.3","5.7","12.4","3.7","0.0","4.1","7.5","4.8","84.3","4.7","14.7","4.8","1.0","1.5","65.2","7.0","34.8","7.0","448","59","2.94","0.24","448","59","2.82","0.21","110","33","7.3","8.8","14.5","11.5","78.2","14.1","448","59","25.7","6.7","64.3","7.3","(X)","(X)","(X)","(X)","(X)","(X)","(X)","(X)","94.2","5.6","5.8","5.6","0.0","7.5","83.9","8.2","16.1","8.2","16","14","2.81","0.99","16","14","2.81","0.99","6","8","0.0","100.0","0.0","100.0","100.0","100.0","16","14","37.5","50.0","62.5","50.0","(X)","(X)","(X)","(X)","(X)","(X)","(X)","(X)","68.8","48.6","31.3","48.6","0.0","76.9","68.8","48.6","31.3","48.6","53","28","2.96","0.90","53","28","2.17","0.22","17","14","0.0","74.6","0.0","74.6","100.0","74.6","53","28","58.5","28.9","7.5","12.5","(X)","(X)","(X)","(X)","(X)","(X)","(X)","(X)","75.5","23.8","9.4","13.5","15.1","22.4","47.2","29.9","52.8","29.9","324","66","1.53","0.32","(X)","(X)","(X)","(X)","(X)","(X)","(X)","(X)","(X)","(X)","(X)","(X)","324","66","4.9","7.5","50.0","12.7","71.0","10.8","32.1","9.7","(X)","(X)","(X)","(X)","72.8","10.0","27.2","10.0","0.0","10.2","42.0","11.7","58.0","11.7",
"1400000US06111000903","Census Tract 9.03, Ventura County, California","2074","185","2.62","0.21","1246","154","3.26","0.21","455","108","6.8","7.6","34.9","16.0","58.2","16.4","2074","185","26.0","6.1","45.5","7.6","33.3","6.9","12.4","4.9","0.0","1.7","4.1","3.9","88.7","6.3","11.3","6.3","0.0","1.7","57.5","8.7","42.5","8.7","998","142","3.26","0.22","998","142","3.21","0.22","376","96","8.2","9.0","32.7","16.0","59.0","17.4","998","142","39.6","7.7","48.6","9.6","(X)","(X)","(X)","(X)","(X)","(X)","(X)","(X)","92.7","6.5","7.3","6.5","0.0","3.4","79.3","9.3","20.7","9.3","41","44","4.61","1.90","41","44","4.15","1.25","13","20","0.0","85.4","0.0","85.4","100.0","85.4","41","44","68.3","52.3","100.0","48.1","(X)","(X)","(X)","(X)","(X)","(X)","(X)","(X)","100.0","48.1","0.0","48.1","0.0","48.1","31.7","52.3","68.3","52.3","207","94","3.83","0.75","207","94","3.35","0.71","66","62","0.0","37.9","54.5","54.5","45.5","54.5","207","94","48.3","24.1","35.3","21.6","(X)","(X)","(X)","(X)","(X)","(X)","(X)","(X)","93.7","10.6","6.3","10.6","0.0","15.5","50.2","23.4","49.8","23.4","828","199","1.45","0.30","(X)","(X)","(X)","(X)","(X)","(X)","(X)","(X)","(X)","(X)","(X)","(X)","828","199","1.9","3.1","41.5","15.6","83.3","9.8","31.2","13.6","(X)","(X)","(X)","(X)","82.1","13.2","17.9","13.2","0.0","4.1","34.4","14.9","65.6","14.9",
"1400000US06111001001","Census Tract 10.01, Ventura County, California","1021","71","2.67","0.25","719","95","3.08","0.27","320","65","35.6","17.8","8.1","10.6","56.3","18.1","1021","71","31.3","5.9","50.3","8.0","25.1","8.2","8.1","4.5","0.0","3.4","7.2","4.6","80.8","7.5","5.6","4.9","13.6","5.1","62.5","9.6","37.5","9.6","643","92","3.19","0.33","643","92","3.11","0.30","262","62","29.4","17.2","6.1","11.6","64.5","17.5","643","92","40.7","9.1","50.5","10.3","(X)","(X)","(X)","(X)","(X)","(X)","(X)","(X)","91.3","7.3","3.0","4.6","5.8","5.9","76.7","10.7","23.3","10.7","18","22","3.22","0.75","18","22","2.39","0.25","0","12","-","**","-","**","-","**","18","22","0.0","72.5","16.7","58.5","(X)","(X)","(X)","(X)","(X)","(X)","(X)","(X)","83.3","58.5","0.0","72.5","16.7","58.5","100.0","72.5","0.0","72.5","58","45","4.40","0.83","58","45","2.98","0.52","58","45","63.8","38.6","17.2","31.1","19.0","31.1","58","45","100.0","40.4","0.0","40.4","(X)","(X)","(X)","(X)","(X)","(X)","(X)","(X)","81.0","31.1","0.0","40.4","19.0","31.1","25.9","41.4","74.1","41.4","302","80","1.18","0.15","(X)","(X)","(X)","(X)","(X)","(X)","(X)","(X)","(X)","(X)","(X)","(X)","302","80","0.0","10.9","61.6","16.9","84.8","12.0","27.5","13.0","(X)","(X)","(X)","(X)","58.3","16.3","12.6","11.6","29.1","11.4","37.1","13.0","62.9","13.0",
"1400000US06111001002","Census Tract 10.02, Ventura County, California","2467","158","2.58","0.24","1520","191","3.03","0.28","386","110","11.9","9.6","35.0","17.7","53.1","18.2","2467","158","17.3","4.9","54.4","6.0","28.3","6.5","17.7","5.1","0.0","1.4","2.8","2.3","76.5","6.0","6.2","3.8","17.3","5.0","70.6","6.8","29.4","6.8","1226","192","3.06","0.28","1226","192","3.00","0.26","335","117","13.7","11.4","40.3","19.2","46.0","19.8","1226","192","30.7","8.6","53.8","9.1","(X)","(X)","(X)","(X)","(X)","(X)","(X)","(X)","82.2","7.4","4.7","4.2","13.1","6.4","74.4","9.6","25.6","9.6","19","27","1.95","0.15","19","27","1.95","0.15","0","17","-","**","-","**","-","**","19","27","0.0","70.6","0.0","70.6","(X)","(X)","(X)","(X)","(X)","(X)","(X)","(X)","0.0","70.6","100.0","70.6","0.0","70.6","0.0","70.6","100.0","70.6","275","137","3.33","0.89","275","137","3.20","0.91","51","37","0.0","43.1","0.0","43.1","100.0","43.1","275","137","18.5","14.8","42.5","24.1","(X)","(X)","(X)","(X)","(X)","(X)","(X)","(X)","82.9","19.4","5.1","8.2","12.0","18.0","70.5","26.6","29.5","26.6","947","213","1.75","0.39","(X)","(X)","(X)","(X)","(X)","(X)","(X)","(X)","(X)","(X)","(X)","(X)","947","213","0.0","3.6","59.8","12.1","73.7","10.6","46.0","11.4","(X)","(X)","(X)","(X)","68.8","12.3","6.4","8.0","24.7","10.7","67.2","12.0","32.8","12.0",
"1400000US06111001101","Census Tract 11.01, Ventura County, California","1811","69","2.78","0.20","1169","107","3.45","0.23","399","71","20.1","10.8","24.1","14.0","55.9","14.0","1811","69","25.7","3.9","47.0","5.2","29.4","5.8","15.5","4.6","0.9","1.0","8.0","3.5","83.5","4.7","3.9","3.1","12.6","4.0","77.7","5.6","22.3","5.6","946","112","3.66","0.30","946","112","3.58","0.31","313","66","14.4","10.4","20.8","15.4","64.9","15.3","946","112","39.2","8.1","44.6","7.5","(X)","(X)","(X)","(X)","(X)","(X)","(X)","(X)","92.2","5.2","0.8","1.4","7.0","5.0","89.7","6.2","10.3","6.2","65","37","3.74","1.09","65","37","2.97","0.84","65","37","38.5","34.9","30.8","37.2","30.8","35.2","65","37","100.0","38.2","0.0","38.2","(X)","(X)","(X)","(X)","(X)","(X)","(X)","(X)","100.0","38.2","0.0","38.2","0.0","38.2","30.8","35.2","69.2","35.2","158","65","3.47","0.51","158","65","2.86","0.53","21","24","47.6","52.4","52.4","52.4","0.0","67.2","158","65","19.0","16.1","50.6","24.9","(X)","(X)","(X)","(X)","(X)","(X)","(X)","(X)","77.2","17.2","0.0","19.7","22.8","17.2","76.6","17.1","23.4","17.1","642","113","1.21","0.12","(X)","(X)","(X)","(X)","(X)","(X)","(X)","(X)","(X)","(X)","(X)","(X)","642","113","0.0","5.3","54.4","10.6","82.9","8.1","43.6","12.1","(X)","(X)","(X)","(X)","70.7","10.9","9.7","8.2","19.6","8.4","65.0","10.7","35.0","10.7",
"1400000US06111001102","Census Tract 11.02, Ventura County, California","1343","91","2.71","0.21","923","107","3.27","0.22","323","86","13.6","8.9","17.6","15.1","68.7","16.4","1343","91","27.4","6.4","52.6","6.5","24.3","7.6","15.7","5.8","0.9","1.4","5.7","3.1","93.7","4.7","2.8","2.2","3.5","4.0","75.7","7.3","24.3","7.3","835","112","3.32","0.23","835","112","3.31","0.24","304","87","10.9","9.0","16.1","16.0","73.0","17.0","835","112","41.8","8.3","50.3","7.9","(X)","(X)","(X)","(X)","(X)","(X)","(X)","(X)","97.8","2.8","2.2","2.8","0.0","4.1","84.0","8.5","16.0","8.5","50","51","3.26","0.51","50","51","3.10","0.37","8","13","0.0","100.0","100.0","100.0","0.0","100.0","50","51","16.0","29.2","0.0","43.5","(X)","(X)","(X)","(X)","(X)","(X)","(X)","(X)","84.0","29.2","0.0","43.5","16.0","29.2","100.0","43.5","0.0","43.5","38","30","3.29","0.75","38","30","2.76","0.64","11","17","100.0","92.8","0.0","92.8","0.0","92.8","38","30","28.9","38.2","0.0","49.9","(X)","(X)","(X)","(X)","(X)","(X)","(X)","(X)","55.3","41.1","23.7","35.4","21.1","33.3","47.4","41.0","52.6","41.0","420","116","1.39","0.21","(X)","(X)","(X)","(X)","(X)","(X)","(X)","(X)","(X)","(X)","(X)","(X)","420","116","0.0","8.0","68.3","14.9","77.9","11.3","50.2","13.6","(X)","(X)","(X)","(X)","90.0","12.8","2.6","4.5","7.4","11.9","58.8","17.3","41.2","17.3",
"1400000US06111001201","Census Tract 12.01, Ventura County, California","1819","89","2.65","0.13","1091","109","3.30","0.27","567","96","22.6","12.7","20.8","12.0","56.6","14.6","1819","89","32.2","5.1","45.7","4.6","30.3","4.8","22.3","4.3","0.0","1.9","11.7","4.3","46.2","4.7","44.6","4.4","9.2","2.5","47.6","4.6","52.4","4.6","733","102","3.54","0.33","733","102","3.50","0.34","349","83","2.3","3.7","24.9","16.3","72.8","15.3","733","102","50.1","8.9","35.2","8.2","(X)","(X)","(X)","(X)","(X)","(X)","(X)","(X)","85.0","8.0","12.6","7.9","2.5","1.6","69.6","9.5","30.4","9.5","134","71","3.84","0.55","134","71","2.78","0.44","95","68","91.6","15.7","0.0","29.9","8.4","15.7","134","71","70.9","26.0","41.0","30.0","(X)","(X)","(X)","(X)","(X)","(X)","(X)","(X)","11.2","13.1","73.1","22.9","15.7","17.7","26.9","22.9","73.1","22.9","224","85","3.05","0.59","224","85","2.94","0.49","123","79","26.8","36.3","25.2","31.1","48.0","35.6","224","85","54.9","28.2","20.5","16.1","(X)","(X)","(X)","(X)","(X)","(X)","(X)","(X)","30.8","18.5","69.2","18.5","0.0","14.4","25.0","17.3","75.0","17.3","728","101","1.42","0.23","(X)","(X)","(X)","(X)","(X)","(X)","(X)","(X)","(X)","(X)","(X)","(X)","728","101","0.0","4.7","65.0","10.5","75.7","9.4","55.8","9.4","(X)","(X)","(X)","(X)","18.4","6.3","64.0","8.0","17.6","6.1","36.3","7.8","63.7","7.8",
"1400000US06111001202","Census Tract 12.02, Ventura County, California","2402","73","2.84","0.17","1869","131","3.26","0.17","718","108","19.2","9.3","16.2","11.6","64.6","12.7","2402","73","33.5","4.0","45.6","6.7","17.9","5.9","10.5","4.7","0.0","1.4","2.4","2.1","96.2","3.8","3.8","3.8","0.0","1.4","81.9","6.2","18.1","6.2","1633","146","3.30","0.18","1633","146","3.30","0.18","600","95","17.8","10.8","19.3","13.6","62.8","14.2","1633","146","40.4","5.5","41.4","7.9","(X)","(X)","(X)","(X)","(X)","(X)","(X)","(X)","98.6","2.0","1.4","2.0","0.0","2.1","81.8","7.9","18.2","7.9","58","53","2.16","0.62","58","53","1.90","0.34","43","49","0.0","46.9","0.0","46.9","100.0","46.9","58","53","74.1","43.8","25.9","43.8","(X)","(X)","(X)","(X)","(X)","(X)","(X)","(X)","100.0","40.4","0.0","40.4","0.0","40.4","74.1","43.8","25.9","43.8","178","85","3.50","0.75","178","85","3.29","0.71","75","52","41.3","33.8","0.0","35.2","58.7","33.8","178","85","56.7","23.7","40.4","23.7","(X)","(X)","(X)","(X)","(X)","(X)","(X)","(X)","100.0","17.8","0.0","17.8","0.0","17.8","64.6","22.5","35.4","22.5","533","136","1.27","0.25","(X)","(X)","(X)","(X)","(X)","(X)","(X)","(X)","(X)","(X)","(X)","(X)","533","136","0.0","6.4","62.3","20.5","80.7","17.6","47.5","17.9","(X)","(X)","(X)","(X)","87.2","15.3","12.8","15.3","0.0","6.4","88.9","12.1","11.1","12.1",
"1400000US06111001204","Census Tract 12.04, Ventura County, California","863","45","3.52","0.29","654","68","3.73","0.36","203","58","26.6","16.9","25.1","17.8","48.3","21.3","863","45","33.1","6.8","40.7","5.9","12.1","4.3","8.1","3.6","0.5","0.7","15.1","6.3","75.4","5.9","1.3","1.3","23.3","5.7","71.6","6.8","28.4","6.8","398","72","3.93","0.53","398","72","3.82","0.50","102","46","24.5","27.5","24.5","27.0","51.0","29.2","398","72","33.9","11.6","32.4","9.2","(X)","(X)","(X)","(X)","(X)","(X)","(X)","(X)","80.2","9.7","1.8","2.6","18.1","9.7","77.4","9.7","22.6","9.7","133","61","4.65","0.76","133","61","3.57","0.62","76","50","25.0","28.5","31.6","27.5","43.4","31.7","133","61","82.0","14.0","28.6","21.2","(X)","(X)","(X)","(X)","(X)","(X)","(X)","(X)","69.9","22.1","0.0","22.9","30.1","22.1","69.2","22.5","30.8","22.5","123","43","3.89","0.85","123","43","3.64","0.79","25","19","40.0","45.1","8.0","18.6","52.0","46.0","123","43","25.2","15.3","50.4","18.0","(X)","(X)","(X)","(X)","(X)","(X)","(X)","(X)","70.7","17.9","3.3","5.1","26.0","17.2","59.3","17.1","40.7","17.1","209","57","1.81","0.31","(X)","(X)","(X)","(X)","(X)","(X)","(X)","(X)","(X)","(X)","(X)","(X)","209","57","5.3","5.3","58.4","17.1","49.8","16.3","33.5","13.4","(X)","(X)","(X)","(X)","72.7","14.3","0.0","15.4","27.3","14.3","69.4","14.1","30.6","14.1",
"1400000US06111001206","Census Tract 12.06, Ventura County, California","338","61","2.22","0.30","225","61","2.72","0.37","92","41","40.2","25.5","0.0","30.6","59.8","25.5","338","61","27.2","11.1","54.1","12.4","27.5","11.8","13.3","7.1","0.0","9.8","0.9","1.7","87.0","10.2","7.1","8.5","5.9","6.2","65.4","11.5","34.6","11.5","172","56","2.74","0.41","172","56","2.74","0.41","58","38","37.9","37.9","0.0","40.4","62.1","37.9","172","56","33.7","18.7","45.3","13.6","(X)","(X)","(X)","(X)","(X)","(X)","(X)","(X)","89.0","15.7","11.0","15.7","0.0","18.3","68.6","17.6","31.4","17.6","26","28","3.15","0.96","26","28","3.15","0.96","12","14","0.0","88.8","0.0","88.8","100.0","88.8","26","28","46.2","50.7","53.8","50.7","(X)","(X)","(X)","(X)","(X)","(X)","(X)","(X)","46.2","50.7","0.0","60.4","53.8","50.7","73.1","41.3","26.9","41.3","27","29","2.11","0.22","27","29","2.11","0.22","22","28","68.2","37.4","0.0","65.6","31.8","37.4","27","29","81.5","34.9","0.0","59.2","(X)","(X)","(X)","(X)","(X)","(X)","(X)","(X)","100.0","59.2","0.0","59.2","0.0","59.2","25.9","29.7","74.1","29.7","113","46","1.24","0.18","(X)","(X)","(X)","(X)","(X)","(X)","(X)","(X)","(X)","(X)","(X)","(X)","113","46","0.0","26.1","80.5","15.7","82.3","13.6","39.8","21.0","(X)","(X)","(X)","(X)","90.3","10.5","4.4","7.3","5.3","8.2","68.1","19.1","31.9","19.1",
"1400000US06111001301","Census Tract 13.01, Ventura County, California","2698","89","3.03","0.20","1842","168","3.65","0.26","947","191","9.2","7.9","11.4","7.2","79.4","9.7","2698","89","40.5","5.4","33.0","6.0","22.0","5.7","8.0","3.8","0.0","1.3","5.7","4.4","71.8","6.0","26.3","5.9","1.9","2.1","57.3","6.4","42.7","6.4","1406","205","3.57","0.28","1406","205","3.57","0.28","735","169","11.8","10.0","11.4","7.7","76.7","11.2","1406","205","53.3","8.9","38.0","9.2","(X)","(X)","(X)","(X)","(X)","(X)","(X)","(X)","89.0","5.7","11.0","5.7","0.0","2.5","76.7","8.8","23.3","8.8","147","115","2.62","1.13","147","115","2.62","1.13","112","112","0.0","26.3","21.4","43.4","78.6","43.4","147","115","76.2","31.6","0.0","21.0","(X)","(X)","(X)","(X)","(X)","(X)","(X)","(X)","49.7","50.3","50.3","50.3","0.0","21.0","49.7","50.3","50.3","50.3","289","131","5.02","1.42","289","131","4.56","1.55","100","82","0.0","28.8","0.0","28.8","100.0","28.8","289","131","73.0","18.9","22.8","18.3","(X)","(X)","(X)","(X)","(X)","(X)","(X)","(X)","62.6","25.6","24.9","24.0","12.5","17.0","32.2","21.0","67.8","21.0","856","178","1.54","0.24","(X)","(X)","(X)","(X)","(X)","(X)","(X)","(X)","(X)","(X)","(X)","(X)","856","178","2.3","3.5","33.8","12.4","69.4","13.5","25.4","12.3","(X)","(X)","(X)","(X)","50.4","13.2","47.8","13.5","1.9","2.9","35.2","11.3","64.8","11.3",
"1400000US06111001302","Census Tract 13.02, Ventura County, California","767","52","2.70","0.28","415","65","3.58","0.41","102","46","6.9","9.0","31.4","22.1","61.8","22.6","767","52","15.9","5.8","71.7","7.7","34.7","7.9","30.8","7.5","2.6","3.7","4.4","2.3","40.3","7.0","13.4","5.8","46.3","6.7","80.7","7.6","19.3","7.6","285","71","3.82","0.62","285","71","3.65","0.63","70","45","4.3","8.8","24.3","25.0","71.4","25.1","285","71","28.8","14.1","54.4","14.0","(X)","(X)","(X)","(X)","(X)","(X)","(X)","(X)","57.2","13.3","9.1","9.3","33.7","11.3","82.5","13.6","17.5","13.6","54","39","3.06","0.53","54","39","2.76","0.65","13","18","0.0","85.4","0.0","85.4","100.0","85.4","54","39","24.1","31.8","83.3","30.1","(X)","(X)","(X)","(X)","(X)","(X)","(X)","(X)","55.6","42.1","44.4","42.1","0.0","41.9","38.9","35.4","61.1","35.4","76","40","4.30","1.38","76","40","3.93","1.19","19","14","21.1","52.9","78.9","52.9","0.0","70.6","76","40","35.5","24.0","71.1","23.7","(X)","(X)","(X)","(X)","(X)","(X)","(X)","(X)","60.5","30.7","0.0","34.9","39.5","30.7","71.1","23.7","28.9","23.7","352","68","1.38","0.21","(X)","(X)","(X)","(X)","(X)","(X)","(X)","(X)","(X)","(X)","(X)","(X)","352","68","0.0","9.5","84.1","10.3","75.6","12.5","67.0","12.6","(X)","(X)","(X)","(X)","19.9","9.8","15.1","10.1","65.1","12.9","87.8","6.2","12.2","6.2",
"1400000US06111001401","Census Tract 14.01, Ventura County, California","1401","60","2.91","0.21","1095","87","3.25","0.22","512","75","20.5","8.7","18.6","8.1","60.9","9.1","1401","60","38.5","5.3","42.7","5.6","18.8","4.7","10.1","3.2","0.0","2.5","3.6","2.9","90.2","3.6","9.8","3.6","0.0","2.5","72.0","5.7","28.0","5.7","772","92","3.41","0.26","772","92","3.41","0.26","335","65","22.1","11.7","25.7","11.6","52.2","12.4","772","92","43.4","7.0","36.9","8.8","(X)","(X)","(X)","(X)","(X)","(X)","(X)","(X)","95.9","4.8","4.1","4.8","0.0","4.4","87.0","6.6","13.0","6.6","181","61","3.65","0.73","181","61","3.09","0.57","117","56","26.5","21.6","0.0","25.4","73.5","21.6","181","61","64.6","21.0","13.3","13.3","(X)","(X)","(X)","(X)","(X)","(X)","(X)","(X)","95.0","8.1","5.0","8.1","0.0","17.5","39.8","23.3","60.2","23.3","142","52","3.05","0.72","142","52","2.57","0.30","60","40","0.0","39.7","15.0","24.8","85.0","24.8","142","52","61.3","21.0","43.7","25.8","(X)","(X)","(X)","(X)","(X)","(X)","(X)","(X)","100.0","21.6","0.0","21.6","0.0","21.6","72.5","22.7","27.5","22.7","306","74","1.17","0.11","(X)","(X)","(X)","(X)","(X)","(X)","(X)","(X)","(X)","(X)","(X)","(X)","306","74","0.0","10.8","74.2","10.2","85.9","9.1","46.4","13.1","(X)","(X)","(X)","(X)","68.6","11.1","31.4","11.1","0.0","10.8","52.9","12.9","47.1","12.9",
"1400000US06111001402","Census Tract 14.02, Ventura County, California","2064","114","2.51","0.17","1380","137","3.12","0.24","468","110","37.2","15.1","23.9","12.8","38.9","15.7","2064","114","25.4","6.0","41.5","6.0","28.2","5.8","12.5","4.5","0.7","1.1","4.5","3.4","69.5","6.5","30.0","6.3","0.5","0.8","58.5","6.4","41.5","6.4","1180","153","3.16","0.24","1180","153","3.12","0.23","368","118","41.3","17.9","24.5","14.9","34.2","18.3","1180","153","34.4","9.2","41.5","8.1","(X)","(X)","(X)","(X)","(X)","(X)","(X)","(X)","90.9","5.7","9.1","5.7","0.0","2.9","79.9","7.9","20.1","7.9","53","41","4.23","1.05","53","41","3.47","1.40","53","41","41.5","41.6","0.0","42.3","58.5","41.6","53","41","100.0","42.3","0.0","42.3","(X)","(X)","(X)","(X)","(X)","(X)","(X)","(X)","100.0","42.3","0.0","42.3","0.0","42.3","58.5","41.6","41.5","41.6","147","100","2.97","0.85","147","100","2.97","0.85","47","42","0.0","44.9","46.8","53.2","53.2","53.2","147","100","44.9","39.5","12.9","23.0","(X)","(X)","(X)","(X)","(X)","(X)","(X)","(X)","29.9","35.0","70.1","35.0","0.0","21.0","16.3","23.8","83.7","23.8","684","130","1.17","0.12","(X)","(X)","(X)","(X)","(X)","(X)","(X)","(X)","(X)","(X)","(X)","(X)","684","130","0.0","5.0","50.9","12.7","85.2","10.1","37.9","11.2","(X)","(X)","(X)","(X)","38.6","12.6","59.9","12.7","1.5","2.4","30.7","10.5","69.3","10.5",
"1400000US06111001502","Census Tract 15.02, Ventura County, California","3695","158","2.47","0.13","2171","221","3.21","0.20","1097","204","19.1","10.7","22.0","9.5","59.0","12.2","3695","158","32.5","4.9","37.5","4.5","34.3","5.5","14.4","4.2","0.0","0.9","5.5","3.1","33.5","5.9","48.8","5.5","17.8","4.2","47.3","5.7","52.7","5.7","1342","193","3.53","0.30","1342","193","3.44","0.26","737","188","26.9","14.3","26.3","14.8","46.8","14.6","1342","193","58.3","10.4","21.4","8.1","(X)","(X)","(X)","(X)","(X)","(X)","(X)","(X)","39.3","10.7","44.3","10.8","16.5","6.6","50.1","10.3","49.9","10.3","290","136","3.19","0.51","290","136","2.64","0.42","136","106","8.1","16.5","16.2","26.9","75.7","32.7","290","136","67.2","24.6","12.4","14.4","(X)","(X)","(X)","(X)","(X)","(X)","(X)","(X)","48.6","28.3","31.0","23.8","20.3","27.3","33.4","26.4","66.6","26.4","539","173","2.98","0.41","539","173","2.92","0.43","224","133","0.0","14.4","11.2","18.0","88.8","18.0","539","173","41.6","18.8","43.2","17.6","(X)","(X)","(X)","(X)","(X)","(X)","(X)","(X)","44.2","18.6","21.9","14.8","34.0","16.3","70.5","16.4","29.5","16.4","1524","225","1.21","0.10","(X)","(X)","(X)","(X)","(X)","(X)","(X)","(X)","(X)","(X)","(X)","(X)","1524","225","0.0","2.3","54.4","10.0","83.1","8.1","35.0","9.3","(X)","(X)","(X)","(X)","21.7","8.0","65.7","9.2","12.7","5.8","39.3","10.3","60.7","10.3",
"1400000US06111001503","Census Tract 15.03, Ventura County, California","1781","115","2.56","0.21","1012","128","3.48","0.29","534","111","35.4","15.0","21.2","11.4","43.4","14.6","1781","115","31.3","6.2","37.4","5.0","34.0","6.0","15.0","4.1","0.0","1.9","6.0","3.6","36.6","6.0","50.4","6.5","13.0","2.7","37.3","6.3","62.7","6.3","715","112","3.52","0.36","715","112","3.50","0.36","353","89","28.6","16.2","28.9","15.9","42.5","15.8","715","112","51.3","10.2","28.8","7.9","(X)","(X)","(X)","(X)","(X)","(X)","(X)","(X)","60.8","8.7","31.6","8.3","7.6","4.9","42.9","10.2","57.1","10.2","44","35","4.57","1.71","44","35","4.57","1.71","0","17","-","**","-","**","-","**","44","35","20.5","31.5","18.2","28.5","(X)","(X)","(X)","(X)","(X)","(X)","(X)","(X)","29.5","34.7","65.9","37.7","4.5","16.4","18.2","28.5","81.8","28.5","253","101","3.29","0.50","253","101","3.24","0.45","181","98","48.6","26.7","6.1","10.1","45.3","26.7","253","101","71.5","17.3","21.3","15.4","(X)","(X)","(X)","(X)","(X)","(X)","(X)","(X)","11.1","12.5","80.6","15.2","8.3","8.8","19.4","15.2","80.6","15.2","769","141","1.32","0.19","(X)","(X)","(X)","(X)","(X)","(X)","(X)","(X)","(X)","(X)","(X)","(X)","769","141","0.0","4.4","51.8","10.8","78.8","10.2","34.9","10.0","(X)","(X)","(X)","(X)","22.9","8.2","57.0","9.4","20.2","6.6","39.0","8.6","61.0","8.6",
"1400000US06111001506","Census Tract 15.06, Ventura County, California","1719","70","3.13","0.22","1269","106","3.56","0.27","408","78","12.7","8.2","16.2","10.1","71.1","12.3","1719","70","28.7","4.0","49.0","4.7","21.3","5.2","10.4","4.1","0.0","2.0","7.4","3.7","90.0","4.2","8.3","4.1","1.7","1.3","77.1","6.1","22.9","6.1","931","109","3.63","0.34","931","109","3.49","0.28","326","79","10.7","7.7","17.2","11.7","72.1","13.0","931","109","37.3","5.6","43.0","7.0","(X)","(X)","(X)","(X)","(X)","(X)","(X)","(X)","96.0","3.1","2.9","2.7","1.1","1.7","76.0","9.6","24.0","9.6","125","61","5.91","2.18","125","61","5.48","2.27","20","21","0.0","68.8","0.0","68.8","100.0","68.8","125","61","58.4","27.7","54.4","26.5","(X)","(X)","(X)","(X)","(X)","(X)","(X)","(X)","91.2","12.7","8.8","12.7","0.0","24.1","51.2","27.6","48.8","27.6","213","65","3.36","0.44","213","65","2.72","0.29","62","37","27.4","32.9","16.1","24.5","56.5","34.6","213","65","34.7","15.6","49.8","17.6","(X)","(X)","(X)","(X)","(X)","(X)","(X)","(X)","82.6","12.3","17.4","12.3","0.0","15.1","69.5","17.1","30.5","17.1","450","103","1.22","0.12","(X)","(X)","(X)","(X)","(X)","(X)","(X)","(X)","(X)","(X)","(X)","(X)","450","103","0.0","7.5","59.8","12.9","81.6","10.7","39.8","13.8","(X)","(X)","(X)","(X)","80.7","13.0","15.1","12.9","4.2","3.6","90.2","9.1","9.8","9.1",
"1400000US06111001507","Census Tract 15.07, Ventura County, California","1444","99","2.94","0.23","1005","108","3.46","0.25","422","95","12.8","12.2","12.8","7.7","74.4","12.7","1444","99","35.2","5.8","39.0","5.9","27.1","6.2","16.1","4.4","0.0","2.4","2.4","2.2","72.6","6.5","26.5","6.3","0.8","1.2","53.7","7.4","46.3","7.4","680","122","3.67","0.32","680","122","3.54","0.29","294","74","18.4","17.3","18.4","10.9","63.3","17.7","680","122","46.3","8.6","28.4","9.3","(X)","(X)","(X)","(X)","(X)","(X)","(X)","(X)","81.0","10.3","19.0","10.3","0.0","5.0","67.4","11.8","32.6","11.8","120","72","4.64","1.75","120","72","4.10","1.61","32","51","0.0","54.4","0.0","54.4","100.0","54.4","120","72","81.7","21.9","34.2","25.6","(X)","(X)","(X)","(X)","(X)","(X)","(X)","(X)","43.3","32.7","56.7","32.7","0.0","24.9","25.0","27.8","75.0","27.8","205","73","3.29","0.96","205","73","2.81","0.42","96","53","0.0","29.7","0.0","29.7","100.0","29.7","205","73","46.8","21.9","33.2","20.8","(X)","(X)","(X)","(X)","(X)","(X)","(X)","(X)","76.6","21.1","23.4","21.1","0.0","15.6","30.7","17.7","69.3","17.7","439","97","1.18","0.16","(X)","(X)","(X)","(X)","(X)","(X)","(X)","(X)","(X)","(X)","(X)","(X)","439","97","0.0","7.7","59.5","14.1","89.3","9.9","52.8","13.5","(X)","(X)","(X)","(X)","65.8","14.3","31.4","13.3","2.7","3.9","51.0","15.6","49.0","15.6",
"1400000US06111001601","Census Tract 16.01, Ventura County, California","500","37","2.71","0.33","271","52","3.99","0.45","123","58","22.0","17.9","19.5","20.8","58.5","25.8","500","37","30.6","9.4","24.4","8.1","40.8","9.9","13.8","6.7","0.0","6.8","6.2","4.3","32.2","6.7","67.8","6.7","0.0","6.8","24.6","5.7","75.4","5.7","227","56","4.05","0.48","227","56","4.02","0.49","100","49","27.0","22.0","24.0","25.6","49.0","31.9","227","56","57.3","10.1","23.3","13.3","(X)","(X)","(X)","(X)","(X)","(X)","(X)","(X)","48.9","12.5","51.1","12.5","0.0","14.3","39.6","14.4","60.4","14.4","26","21","4.35","1.37","26","21","4.19","1.61","22","22","0.0","65.6","0.0","65.6","100.0","65.6","26","21","84.6","34.7","0.0","60.4","(X)","(X)","(X)","(X)","(X)","(X)","(X)","(X)","0.0","60.4","100.0","60.4","0.0","60.4","0.0","60.4","100.0","60.4","18","16","3.39","0.99","18","16","3.28","0.99","1","7","0.0","100.0","0.0","100.0","100.0","100.0","18","16","5.6","44.3","0.0","72.5","(X)","(X)","(X)","(X)","(X)","(X)","(X)","(X)","33.3","35.6","66.7","35.6","0.0","72.5","16.7","28.5","83.3","28.5","229","55","1.14","0.11","(X)","(X)","(X)","(X)","(X)","(X)","(X)","(X)","(X)","(X)","(X)","(X)","229","55","0.0","14.1","30.1","13.8","89.1","8.2","30.1","13.8","(X)","(X)","(X)","(X)","19.2","10.2","80.8","10.2","0.0","14.1","13.1","7.2","86.9","7.2",
"1400000US06111001602","Census Tract 16.02, Ventura County, California","908","43","2.63","0.19","593","54","3.10","0.20","214","43","47.7","14.2","16.8","13.3","35.5","12.5","908","43","23.6","4.8","54.5","6.0","30.0","5.4","18.9","4.4","0.0","3.8","6.9","4.0","74.0","4.7","11.2","4.4","14.8","3.6","80.6","4.7","19.4","4.7","456","55","3.38","0.35","456","55","3.11","0.27","154","49","44.8","17.4","23.4","16.0","31.8","12.9","456","55","33.8","8.8","55.9","8.7","(X)","(X)","(X)","(X)","(X)","(X)","(X)","(X)","87.3","5.8","4.6","3.1","8.1","5.2","81.6","7.8","18.4","7.8","35","27","3.97","1.18","35","27","3.31","1.08","14","16","50.0","50.0","0.0","82.3","50.0","50.0","35","27","40.0","29.9","28.6","27.1","(X)","(X)","(X)","(X)","(X)","(X)","(X)","(X)","85.7","22.0","14.3","22.0","0.0","52.0","85.7","22.0","14.3","22.0","102","43","3.44","0.56","102","43","3.03","0.38","46","29","56.5","34.9","0.0","45.4","43.5","34.9","102","43","45.1","21.1","30.4","19.1","(X)","(X)","(X)","(X)","(X)","(X)","(X)","(X)","65.7","21.7","29.4","21.9","4.9","7.4","36.3","20.7","63.7","20.7","315","49","1.15","0.12","(X)","(X)","(X)","(X)","(X)","(X)","(X)","(X)","(X)","(X)","(X)","(X)","315","49","0.0","10.5","63.2","11.2","86.3","10.7","54.6","11.8","(X)","(X)","(X)","(X)","56.2","10.9","14.6","10.3","29.2","10.0","93.0","6.0","7.0","6.0",
"1400000US06111001700","Census Tract 17, Ventura County, California","1266","58","2.68","0.12","1026","74","2.98","0.12","315","47","15.2","13.8","29.5","11.4","55.2","16.7","1266","58","26.2","3.6","58.5","5.8","16.0","4.1","11.1","3.7","0.0","2.7","2.9","1.9","100.0","2.7","0.0","2.7","0.0","2.7","89.9","4.6","10.1","4.6","956","81","2.93","0.11","956","81","2.92","0.12","290","48","14.8","14.4","29.3","11.3","55.9","15.8","956","81","31.2","4.7","54.2","6.7","(X)","(X)","(X)","(X)","(X)","(X)","(X)","(X)","100.0","3.6","0.0","3.6","0.0","3.6","89.3","5.5","10.7","5.5","16","20","3.63","0.73","16","20","3.25","0.96","5","8","100.0","100.0","0.0","100.0","0.0","100.0","16","20","31.3","55.5","68.8","55.5","(X)","(X)","(X)","(X)","(X)","(X)","(X)","(X)","100.0","76.9","0.0","76.9","0.0","76.9","31.3","55.5","68.8","55.5","54","37","4.67","0.94","54","37","4.07","1.05","20","23","0.0","68.8","40.0","53.9","60.0","53.9","54","37","53.7","34.9","63.0","35.2","(X)","(X)","(X)","(X)","(X)","(X)","(X)","(X)","100.0","41.9","0.0","41.9","0.0","41.9","100.0","41.9","0.0","41.9","240","57","1.18","0.13","(X)","(X)","(X)","(X)","(X)","(X)","(X)","(X)","(X)","(X)","(X)","(X)","240","57","0.0","13.5","73.8","12.3","84.6","10.8","58.8","15.5","(X)","(X)","(X)","(X)","100.0","13.5","0.0","13.5","0.0","13.5","93.8","6.5","6.3","6.5",
"1400000US06111001800","Census Tract 18, Ventura County, California","1583","71","2.85","0.23","1155","82","3.38","0.25","391","61","17.9","11.6","20.7","14.1","61.4","14.9","1583","71","28.6","3.7","60.4","6.4","22.2","5.2","13.1","4.4","0.0","2.2","4.1","3.3","89.5","3.6","6.4","2.9","4.1","2.0","80.7","5.1","19.3","5.1","970","86","3.54","0.34","970","86","3.47","0.28","334","64","13.2","10.2","21.3","15.6","65.6","16.3","970","86","40.0","5.4","58.0","7.1","(X)","(X)","(X)","(X)","(X)","(X)","(X)","(X)","94.6","3.6","3.3","2.6","2.1","2.4","83.9","6.3","16.1","6.3","66","47","2.77","0.34","66","47","2.77","0.34","36","43","72.2","51.5","27.8","51.5","0.0","51.3","66","47","54.5","41.6","28.8","37.8","(X)","(X)","(X)","(X)","(X)","(X)","(X)","(X)","83.3","25.3","16.7","25.3","0.0","37.9","83.3","25.3","16.7","25.3","119","54","3.08","0.47","119","54","3.00","0.49","21","22","0.0","67.2","0.0","67.2","100.0","67.2","119","54","24.4","19.9","60.5","22.7","(X)","(X)","(X)","(X)","(X)","(X)","(X)","(X)","92.4","11.4","0.0","25.1","7.6","11.4","85.7","15.9","14.3","15.9","428","89","1.23","0.16","(X)","(X)","(X)","(X)","(X)","(X)","(X)","(X)","(X)","(X)","(X)","(X)","428","89","0.0","7.8","70.6","10.3","82.0","12.1","48.4","13.2","(X)","(X)","(X)","(X)","78.0","10.0","13.6","9.3","8.4","6.0","71.5","11.6","28.5","11.6",
"1400000US06111001900","Census Tract 19, Ventura County, California","1656","73","2.52","0.23","968","92","3.24","0.40","426","82","37.3","14.5","12.7","9.4","50.0","14.9","1656","73","31.4","4.4","44.1","6.3","32.3","6.1","15.0","4.6","0.7","1.2","3.1","1.9","74.5","5.5","25.5","5.5","0.0","2.1","54.4","5.7","45.6","5.7","766","95","3.48","0.47","766","95","3.42","0.49","299","81","42.1","16.0","15.1","12.6","42.8","16.3","766","95","46.2","8.1","36.2","6.3","(X)","(X)","(X)","(X)","(X)","(X)","(X)","(X)","92.8","5.6","7.2","5.6","0.0","4.5","67.8","9.7","32.2","9.7","24","37","2.13","0.17","24","37","2.13","0.17","24","37","100.0","62.8","0.0","62.8","0.0","62.8","24","37","100.0","62.8","0.0","62.8","(X)","(X)","(X)","(X)","(X)","(X)","(X)","(X)","100.0","62.8","0.0","62.8","0.0","62.8","0.0","62.8","100.0","62.8","178","70","3.16","0.54","178","70","2.60","0.40","103","61","8.7","15.5","8.7","14.5","82.5","21.4","178","70","79.8","18.1","36.0","22.1","(X)","(X)","(X)","(X)","(X)","(X)","(X)","(X)","83.1","13.9","16.9","13.9","0.0","17.8","43.8","23.3","56.2","23.3","688","108","1.30","0.12","(X)","(X)","(X)","(X)","(X)","(X)","(X)","(X)","(X)","(X)","(X)","(X)","688","108","0.0","5.0","56.5","11.8","77.8","8.2","36.0","9.5","(X)","(X)","(X)","(X)","50.9","10.9","49.1","10.9","0.0","5.0","44.2","10.6","55.8","10.6",
"1400000US06111002000","Census Tract 20, Ventura County, California","1056","74","2.44","0.16","733","73","2.91","0.20","254","52","15.4","12.1","7.9","9.5","76.8","12.4","1056","74","24.8","5.1","44.2","5.4","23.9","6.4","7.8","3.3","0.0","3.3","6.0","3.5","82.5","5.0","17.5","5.0","0.0","3.3","71.3","6.1","28.7","6.1","616","68","3.00","0.23","616","68","2.95","0.25","210","45","18.6","13.5","9.5","11.7","71.9","13.8","616","68","34.1","6.8","47.9","7.1","(X)","(X)","(X)","(X)","(X)","(X)","(X)","(X)","91.1","6.0","8.9","6.0","0.0","5.5","79.9","8.8","20.1","8.8","32","30","2.28","0.30","32","30","2.28","0.30","0","12","-","**","-","**","-","**","32","30","0.0","54.4","21.9","35.6","(X)","(X)","(X)","(X)","(X)","(X)","(X)","(X)","75.0","41.0","25.0","41.0","0.0","54.4","75.0","41.0","25.0","41.0","85","41","2.91","0.54","85","41","2.91","0.54","44","38","0.0","46.4","0.0","46.4","100.0","46.4","85","41","51.8","32.7","45.9","32.6","(X)","(X)","(X)","(X)","(X)","(X)","(X)","(X)","82.4","23.6","17.6","23.6","0.0","32.4","82.4","23.6","17.6","23.6","323","78","1.25","0.14","(X)","(X)","(X)","(X)","(X)","(X)","(X)","(X)","(X)","(X)","(X)","(X)","323","78","2.5","3.9","39.0","12.4","78.0","11.8","25.4","10.1","(X)","(X)","(X)","(X)","66.9","12.9","33.1","12.9","0.0","10.3","51.7","14.1","48.3","14.1",
"1400000US06111002102","Census Tract 21.02, Ventura County, California","979","82","1.61","0.11","273","70","2.44","0.16","72","23","34.7","33.6","12.5","20.9","52.8","34.4","979","82","7.4","2.4","39.0","8.8","56.5","8.0","18.2","7.4","0.0","3.5","8.2","4.9","33.9","7.7","66.1","7.7","0.0","3.5","20.3","6.5","79.7","6.5","183","56","2.47","0.28","183","56","2.39","0.27","37","20","40.5","49.9","24.3","40.7","35.1","47.2","183","56","20.2","10.3","42.6","16.1","(X)","(X)","(X)","(X)","(X)","(X)","(X)","(X)","65.6","15.9","34.4","15.9","0.0","17.3","51.9","21.6","48.1","21.6","35","26","3.09","0.34","35","26","2.86","0.46","35","26","28.6","44.4","0.0","52.0","71.4","44.4","35","26","100.0","52.0","0.0","52.0","(X)","(X)","(X)","(X)","(X)","(X)","(X)","(X)","31.4","41.0","68.6","41.0","0.0","52.0","31.4","41.0","68.6","41.0","55","37","2.31","0.20","55","37","2.31","0.20","0","12","-","**","-","**","-","**","55","37","0.0","41.5","54.5","38.3","(X)","(X)","(X)","(X)","(X)","(X)","(X)","(X)","25.5","26.0","74.5","26.0","0.0","41.5","10.9","21.7","89.1","21.7","706","98","1.26","0.09","(X)","(X)","(X)","(X)","(X)","(X)","(X)","(X)","(X)","(X)","(X)","(X)","706","98","0.0","4.8","38.8","10.9","78.3","7.3","25.2","9.9","(X)","(X)","(X)","(X)","26.5","9.1","73.5","9.1","0.0","4.8","12.3","5.2","87.7","5.2",
"1400000US06111002200","Census Tract 22, Ventura County, California","2147","71","3.14","0.26","1578","159","3.64","0.27","853","124","29.0","13.5","45.6","15.0","25.4","13.1","2147","71","43.8","6.2","29.9","5.8","25.4","7.2","6.3","2.7","0.0","1.6","14.0","7.4","67.2","10.1","31.5","10.1","1.3","1.5","40.1","10.5","59.9","10.5","824","187","3.64","0.45","824","187","3.54","0.44","351","156","41.3","22.8","31.9","26.1","26.8","19.2","824","187","48.9","14.4","27.8","11.2","(X)","(X)","(X)","(X)","(X)","(X)","(X)","(X)","77.4","14.6","20.4","14.6","2.2","3.4","43.6","13.8","56.4","13.8","298","138","4.21","1.58","298","138","3.79","1.32","246","131","23.2","32.2","32.9","38.7","43.9","41.8","298","138","82.6","16.6","12.4","16.1","(X)","(X)","(X)","(X)","(X)","(X)","(X)","(X)","43.6","32.3","56.4","32.3","0.0","11.1","44.0","33.6","56.0","33.6","456","163","4.17","0.91","456","163","3.72","0.80","256","164","17.6","23.4","76.6","21.2","5.9","12.0","456","163","63.8","24.8","36.6","17.9","(X)","(X)","(X)","(X)","(X)","(X)","(X)","(X)","76.3","18.9","23.7","18.9","0.0","7.4","42.1","24.3","57.9","24.3","569","163","1.04","0.05","(X)","(X)","(X)","(X)","(X)","(X)","(X)","(X)","(X)","(X)","(X)","(X)","569","163","0.0","6.0","36.9","13.2","96.0","4.8","23.7","11.0","(X)","(X)","(X)","(X)","57.3","16.6","40.9","16.7","1.8","2.9","31.6","15.2","68.4","15.2",
"1400000US06111002300","Census Tract 23, Ventura County, California","2126","108","3.33","0.61","1586","173","3.83","0.76","843","172","16.3","12.4","18.0","14.5","65.7","18.8","2126","108","44.4","7.5","24.7","6.7","18.8","6.6","3.7","3.0","0.0","1.6","1.8","1.6","72.3","8.6","27.2","8.7","0.5","0.9","40.9","6.4","59.1","6.4","1190","191","4.10","1.03","1190","191","4.03","1.02","643","208","19.0","16.0","18.8","17.8","62.2","22.4","1190","191","60.7","11.0","26.9","9.1","(X)","(X)","(X)","(X)","(X)","(X)","(X)","(X)","84.0","10.5","16.0","10.5","0.0","2.9","47.7","9.7","52.3","9.7","35","50","3.34","1.98","35","50","2.91","2.30","14","23","0.0","82.3","100.0","82.2","0.0","82.3","35","50","40.0","60.0","0.0","52.0","(X)","(X)","(X)","(X)","(X)","(X)","(X)","(X)","62.9","62.9","37.1","62.9","0.0","52.0","0.0","52.0","100.0","52.0","361","148","3.64","0.73","361","148","3.22","0.76","186","108","8.1","13.7","9.1","14.8","82.8","19.3","361","148","57.3","22.4","21.6","18.1","(X)","(X)","(X)","(X)","(X)","(X)","(X)","(X)","59.6","26.1","40.4","26.1","0.0","9.2","33.8","19.7","66.2","19.7","540","147","1.42","0.32","(X)","(X)","(X)","(X)","(X)","(X)","(X)","(X)","(X)","(X)","(X)","(X)","540","147","0.0","6.3","23.5","11.9","74.1","17.0","14.4","10.5","(X)","(X)","(X)","(X)","55.6","18.6","42.4","18.4","2.0","3.6","33.1","17.5","66.9","17.5",
"1400000US06111002400","Census Tract 24, Ventura County, California","1380","91","1.83","0.15","496","96","2.64","0.22","206","76","16.5","12.6","7.3","10.4","76.2","15.7","1380","91","14.9","5.4","34.9","7.2","54.0","6.9","14.9","5.2","0.0","2.5","5.8","3.6","17.1","5.7","82.4","5.8","0.5","0.8","5.4","2.4","94.6","2.4","267","71","3.00","0.37","267","71","2.93","0.34","81","41","30.9","26.1","18.5","25.0","50.6","30.8","267","71","30.3","14.8","39.3","20.3","(X)","(X)","(X)","(X)","(X)","(X)","(X)","(X)","25.8","15.4","71.5","15.2","2.6","4.1","10.5","8.9","89.5","8.9","63","49","2.17","0.19","63","49","2.08","0.22","31","39","0.0","55.3","0.0","55.3","100.0","55.3","63","49","49.2","41.9","36.5","37.0","(X)","(X)","(X)","(X)","(X)","(X)","(X)","(X)","23.8","31.4","76.2","31.4","0.0","38.8","0.0","38.8","100.0","38.8","166","66","2.92","0.54","166","66","2.38","0.24","94","57","9.6","15.0","0.0","30.1","90.4","15.0","166","66","56.6","26.7","23.5","16.1","(X)","(X)","(X)","(X)","(X)","(X)","(X)","(X)","27.1","19.6","72.9","19.6","0.0","18.9","6.6","9.0","93.4","9.0","884","119","1.24","0.16","(X)","(X)","(X)","(X)","(X)","(X)","(X)","(X)","(X)","(X)","(X)","(X)","884","119","0.0","3.9","35.6","9.4","84.3","6.9","23.2","8.3","(X)","(X)","(X)","(X)","12.1","7.0","87.9","7.0","0.0","3.9","4.1","2.9","95.9","2.9",
"1400000US06111002500","Census Tract 25, Ventura County, California","2056","182","2.36","0.15","1364","178","2.78","0.21","410","96","17.3","11.5","2.4","4.8","80.2","12.5","2056","182","22.3","5.3","51.1","7.7","24.4","6.7","9.8","3.7","0.0","1.7","7.6","4.2","62.3","7.2","26.8","6.5","10.9","4.5","45.3","7.5","54.7","7.5","999","176","2.75","0.23","999","176","2.75","0.23","283","89","25.1","17.4","3.5","6.6","71.4","18.1","999","176","30.7","9.3","49.8","10.6","(X)","(X)","(X)","(X)","(X)","(X)","(X)","(X)","64.6","10.3","25.9","10.0","9.5","6.4","54.8","11.4","45.2","11.4","158","100","3.77","0.82","158","100","3.65","0.86","16","26","0.0","76.9","0.0","76.9","100.0","76.9","158","100","25.9","24.9","65.8","28.4","(X)","(X)","(X)","(X)","(X)","(X)","(X)","(X)","74.1","24.9","25.9","24.9","0.0","19.7","23.4","26.3","76.6","26.3","207","112","2.58","0.35","207","112","2.26","0.21","111","85","0.0","26.5","0.0","26.5","100.0","26.5","207","112","53.6","27.1","36.7","24.0","(X)","(X)","(X)","(X)","(X)","(X)","(X)","(X)","62.8","23.4","37.2","23.4","0.0","15.5","23.2","20.5","76.8","20.5","692","173","1.40","0.20","(X)","(X)","(X)","(X)","(X)","(X)","(X)","(X)","(X)","(X)","(X)","(X)","692","173","0.0","4.9","53.8","14.2","72.5","13.4","29.0","11.5","(X)","(X)","(X)","(X)","56.2","12.6","25.1","11.2","18.6","9.0","43.2","11.9","56.8","11.9",
"1400000US06111002600","Census Tract 26, Ventura County, California","1352","72","2.29","0.17","713","104","3.07","0.22","298","69","25.2","15.8","9.7","7.5","65.1","16.6","1352","72","22.9","4.8","25.4","5.7","36.6","6.3","3.8","2.2","0.0","2.6","7.9","4.1","73.7","6.3","26.3","6.3","0.0","2.6","37.6","7.2","62.4","7.2","525","101","3.02","0.26","525","101","2.99","0.26","192","54","34.4","18.8","10.4","9.8","55.2","18.9","525","101","38.9","8.5","26.7","8.9","(X)","(X)","(X)","(X)","(X)","(X)","(X)","(X)","88.2","9.3","11.8","9.3","0.0","6.4","53.7","10.4","46.3","10.4","33","25","4.55","2.40","33","25","4.27","2.51","16","17","56.3","56.3","0.0","76.9","43.8","56.2","33","25","48.5","41.1","51.5","41.1","(X)","(X)","(X)","(X)","(X)","(X)","(X)","(X)","72.7","37.5","27.3","37.5","0.0","53.6","45.5","43.9","54.5","43.9","155","84","3.35","0.35","155","84","3.09","0.25","90","66","0.0","31.1","10.0","13.6","90.0","13.6","155","84","58.1","26.4","31.0","23.3","(X)","(X)","(X)","(X)","(X)","(X)","(X)","(X)","72.9","25.3","27.1","25.3","0.0","20.1","31.0","25.3","69.0","25.3","639","99","1.33","0.14","(X)","(X)","(X)","(X)","(X)","(X)","(X)","(X)","(X)","(X)","(X)","(X)","639","99","0.0","5.3","21.8","8.2","77.5","8.5","8.1","4.9","(X)","(X)","(X)","(X)","62.1","10.3","37.9","10.3","0.0","5.3","25.7","11.1","74.3","11.1",
"1400000US06111002700","Census Tract 27, Ventura County, California","1645","111","2.51","0.16","858","127","3.38","0.22","401","89","24.4","12.6","15.7","13.8","59.9","17.8","1645","111","27.4","4.7","47.4","5.4","36.2","5.4","22.2","5.2","1.8","1.3","8.0","4.1","56.6","6.2","43.4","6.2","0.0","2.1","44.6","6.6","55.4","6.6","539","89","3.61","0.26","539","89","3.55","0.27","261","70","31.4","18.2","9.2","10.2","59.4","21.3","539","89","51.6","11.0","32.1","8.3","(X)","(X)","(X)","(X)","(X)","(X)","(X)","(X)","79.0","9.9","21.0","9.9","0.0","6.3","61.2","11.5","38.8","11.5","35","27","2.77","0.77","35","27","2.54","0.51","35","27","0.0","52.0","0.0","52.0","100.0","52.0","35","27","100.0","52.0","0.0","52.0","(X)","(X)","(X)","(X)","(X)","(X)","(X)","(X)","57.1","40.0","42.9","40.0","0.0","52.0","57.1","40.0","42.9","40.0","284","100","3.52","0.43","284","100","3.16","0.37","105","69","15.2","19.4","37.1","36.6","47.6","36.1","284","100","45.4","17.6","39.1","16.2","(X)","(X)","(X)","(X)","(X)","(X)","(X)","(X)","68.7","16.2","31.3","16.2","0.0","11.6","36.6","17.4","63.4","17.4","787","129","1.38","0.15","(X)","(X)","(X)","(X)","(X)","(X)","(X)","(X)","(X)","(X)","(X)","(X)","787","129","1.1","1.7","63.0","9.8","75.7","8.5","46.4","10.0","(X)","(X)","(X)","(X)","36.8","9.1","63.2","9.1","0.0","4.3","35.6","9.1","64.4","9.1",
"1400000US06111002800","Census Tract 28, Ventura County, California","2504","106","2.63","0.18","1661","158","3.18","0.17","653","132","39.2","15.2","24.2","14.2","36.6","14.0","2504","106","29.7","5.1","32.4","6.2","28.2","5.8","7.7","4.2","0.0","1.4","7.3","3.4","71.6","6.3","26.2","6.2","2.2","1.6","47.1","7.1","52.9","7.1","992","155","3.15","0.26","992","155","3.07","0.24","331","131","50.8","21.2","18.7","17.0","30.5","16.9","992","155","36.9","11.6","37.7","12.4","(X)","(X)","(X)","(X)","(X)","(X)","(X)","(X)","92.2","8.3","6.4","8.1","1.4","2.2","67.7","12.2","32.3","12.2","146","85","2.99","0.46","146","85","2.70","0.40","71","58","56.3","43.7","0.0","36.4","43.7","43.7","146","85","58.2","33.8","18.5","23.8","(X)","(X)","(X)","(X)","(X)","(X)","(X)","(X)","48.6","32.6","41.8","34.6","9.6","17.1","18.5","23.8","81.5","23.8","523","164","3.77","0.47","523","164","3.53","0.48","251","131","19.1","26.5","38.2","30.8","42.6","29.6","523","164","55.8","15.4","25.4","13.1","(X)","(X)","(X)","(X)","(X)","(X)","(X)","(X)","75.0","20.2","22.4","19.2","2.7","4.2","43.2","17.4","56.8","17.4","843","178","1.25","0.18","(X)","(X)","(X)","(X)","(X)","(X)","(X)","(X)","(X)","(X)","(X)","(X)","843","178","0.0","4.1","32.9","11.2","83.6","8.0","23.0","10.4","(X)","(X)","(X)","(X)","49.3","11.6","49.1","11.9","1.5","2.4","30.2","10.4","69.8","10.4",
"1400000US06111002901","Census Tract 29.01, Ventura County, California","1734","68","3.40","0.27","1484","89","3.59","0.28","602","134","8.8","7.3","4.5","5.7","86.7","8.8","1734","68","42.6","6.3","50.7","6.3","12.1","3.4","7.8","2.8","0.5","0.7","6.5","4.0","87.5","3.3","12.5","3.3","0.0","2.0","74.7","4.6","25.3","4.6","1099","120","3.62","0.32","1099","120","3.57","0.33","359","120","9.2","10.6","7.5","9.0","83.3","13.0","1099","120","39.2","8.7","50.9","8.1","(X)","(X)","(X)","(X)","(X)","(X)","(X)","(X)","96.4","3.1","3.6","3.1","0.0","3.1","84.3","6.6","15.7","6.6","173","93","5.39","1.30","173","93","4.67","0.85","64","60","17.2","34.8","0.0","38.5","82.8","34.8","173","93","74.6","21.5","54.9","28.0","(X)","(X)","(X)","(X)","(X)","(X)","(X)","(X)","81.5","26.0","18.5","26.0","0.0","18.2","62.4","28.0","37.6","28.0","212","75","3.29","0.27","212","75","2.86","0.38","179","69","5.0","8.4","0.0","17.7","95.0","8.4","212","75","84.4","11.4","20.3","13.9","(X)","(X)","(X)","(X)","(X)","(X)","(X)","(X)","32.1","20.9","67.9","20.9","0.0","15.2","20.3","13.9","79.7","13.9","250","64","1.15","0.10","(X)","(X)","(X)","(X)","(X)","(X)","(X)","(X)","(X)","(X)","(X)","(X)","250","64","0.0","13.0","73.2","13.5","84.0","11.4","54.0","14.8","(X)","(X)","(X)","(X)","100.0","13.0","0.0","13.0","0.0","13.0","87.6","10.8","12.4","10.8",
"1400000US06111002905","Census Tract 29.05, Ventura County, California","1556","93","3.49","0.26","1299","97","3.74","0.29","506","86","19.2","12.0","23.3","14.8","57.5","16.8","1556","93","38.2","6.0","47.4","5.0","12.6","4.2","5.3","3.5","0.0","2.2","4.0","2.7","90.7","3.4","9.3","3.4","0.0","2.2","75.8","6.4","24.2","6.4","913","149","3.73","0.26","913","149","3.67","0.29","381","80","23.1","15.0","29.1","17.9","47.8","18.7","913","149","46.1","7.0","45.2","8.2","(X)","(X)","(X)","(X)","(X)","(X)","(X)","(X)","92.3","5.0","7.7","5.0","0.0","3.8","77.8","7.6","22.2","7.6","132","83","4.62","1.03","132","83","4.21","0.70","35","36","0.0","52.0","20.0","36.8","80.0","36.8","132","83","26.5","25.3","37.1","31.7","(X)","(X)","(X)","(X)","(X)","(X)","(X)","(X)","100.0","23.0","0.0","23.0","0.0","23.0","63.6","33.1","36.4","33.1","254","104","4.00","0.93","254","104","3.73","0.94","90","65","10.0","16.3","0.0","31.1","90.0","16.3","254","104","54.3","22.4","50.0","21.4","(X)","(X)","(X)","(X)","(X)","(X)","(X)","(X)","91.7","7.4","8.3","7.4","0.0","12.8","70.5","19.5","29.5","19.5","257","71","1.58","0.34","(X)","(X)","(X)","(X)","(X)","(X)","(X)","(X)","(X)","(X)","(X)","(X)","257","71","0.0","12.7","57.6","16.8","76.3","11.9","31.9","17.9","(X)","(X)","(X)","(X)","79.0","13.9","21.0","13.9","0.0","12.7","80.2","13.4","19.8","13.4",
"1400000US06111003010","Census Tract 30.10, Ventura County, California","982","41","3.25","0.24","738","57","3.59","0.23","392","63","18.6","9.8","14.8","10.0","66.6","13.0","982","41","46.0","6.0","27.6","4.6","18.5","4.7","5.3","2.3","0.0","3.5","6.8","4.2","54.3","5.8","45.4","5.8","0.3","0.6","51.2","6.6","48.8","6.6","422","79","3.80","0.40","422","79","3.68","0.33","205","58","20.5","11.8","28.3","16.5","51.2","15.4","422","79","52.8","10.7","19.0","8.2","(X)","(X)","(X)","(X)","(X)","(X)","(X)","(X)","60.2","9.5","39.8","9.5","0.0","8.0","50.5","9.9","49.5","9.9","91","52","2.91","0.44","91","52","2.80","0.46","50","42","8.0","17.1","0.0","43.5","92.0","17.1","91","52","67.0","27.8","15.4","20.4","(X)","(X)","(X)","(X)","(X)","(X)","(X)","(X)","27.5","23.4","72.5","23.4","0.0","30.9","57.1","33.3","42.9","33.3","225","56","4.07","0.65","225","56","3.75","0.64","137","53","19.7","20.6","0.0","22.3","80.3","20.6","225","56","72.0","12.9","29.8","13.5","(X)","(X)","(X)","(X)","(X)","(X)","(X)","(X)","40.9","17.1","57.8","16.7","1.3","2.7","48.9","17.1","51.1","17.1","244","50","1.65","0.46","(X)","(X)","(X)","(X)","(X)","(X)","(X)","(X)","(X)","(X)","(X)","(X)","244","50","2.5","3.4","45.1","11.5","74.6","11.8","21.3","8.3","(X)","(X)","(X)","(X)","66.4","12.4","33.6","12.4","0.0","13.3","52.5","12.8","47.5","12.8",
"1400000US06111003011","Census Tract 30.11, Ventura County, California","1593","53","3.56","0.25","1209","115","4.14","0.29","651","89","14.7","9.4","33.5","13.5","51.8","12.9","1593","53","50.7","6.2","31.8","6.1","20.4","6.6","7.6","3.7","0.0","2.2","7.8","4.8","50.4","6.5","49.6","6.5","0.0","2.2","36.0","6.2","64.0","6.2","740","119","4.45","0.38","740","119","4.38","0.39","440","89","12.0","9.7","38.0","16.4","50.0","15.9","740","119","69.2","8.1","39.3","8.3","(X)","(X)","(X)","(X)","(X)","(X)","(X)","(X)","54.9","10.0","45.1","10.0","0.0","4.6","45.5","10.5","54.5","10.5","71","65","3.17","0.44","71","65","2.49","0.31","5","9","0.0","100.0","0.0","100.0","100.0","100.0","71","65","7.0","13.8","29.6","43.4","(X)","(X)","(X)","(X)","(X)","(X)","(X)","(X)","28.2","26.9","71.8","26.9","0.0","36.4","7.0","13.8","93.0","13.8","398","103","4.27","0.62","398","103","3.99","0.59","206","73","20.9","19.9","24.8","18.5","54.4","22.9","398","103","72.9","16.1","18.3","12.3","(X)","(X)","(X)","(X)","(X)","(X)","(X)","(X)","44.0","16.2","56.0","16.2","0.0","8.4","17.6","13.8","82.4","13.8","384","110","1.20","0.13","(X)","(X)","(X)","(X)","(X)","(X)","(X)","(X)","(X)","(X)","(X)","(X)","384","110","0.0","8.7","31.5","13.0","84.6","10.2","31.5","13.0","(X)","(X)","(X)","(X)","52.6","15.3","47.4","15.3","0.0","8.7","41.9","15.4","58.1","15.4",
"1400000US06111003012","Census Tract 30.12, Ventura County, California","162","112","4.63","1.18","162","112","4.55","1.20","135","114","30.4","51.1","59.3","55.7","10.4","17.7","162","112","83.3","23.4","2.5","5.3","0.0","19.3","0.0","19.3","0.0","19.3","0.0","19.3","8.6","13.7","82.7","19.6","8.6","15.5","11.1","14.6","88.9","14.6","109","96","4.51","1.09","109","96","4.39","1.07","95","94","43.2","52.6","42.1","53.3","14.7","28.1","109","96","87.2","26.0","3.7","8.7","(X)","(X)","(X)","(X)","(X)","(X)","(X)","(X)","12.8","23.1","74.3","35.2","12.8","26.0","16.5","26.4","83.5","26.4","13","20","2.46","0.44","13","20","2.46","0.44","0","12","-","**","-","**","-","**","13","20","0.0","85.4","0.0","85.4","(X)","(X)","(X)","(X)","(X)","(X)","(X)","(X)","0.0","85.4","100.0","85.4","0.0","85.4","0.0","85.4","100.0","85.4","40","64","5.65","0.36","40","64","5.65","0.36","40","64","0.0","48.7","100.0","48.7","0.0","48.7","40","64","100.0","48.7","0.0","48.7","(X)","(X)","(X)","(X)","(X)","(X)","(X)","(X)","0.0","48.7","100.0","48.7","0.0","48.7","0.0","48.7","100.0","48.7","0","12","-","**","(X)","(X)","(X)","(X)","(X)","(X)","(X)","(X)","(X)","(X)","(X)","(X)","0","12","-","**","-","**","-","**","-","**","(X)","(X)","(X)","(X)","-","**","-","**","-","**","-","**","-","**",
"1400000US06111003013","Census Tract 30.13, Ventura County, California","1563","66","3.31","0.39","1223","115","3.71","0.39","529","116","28.4","12.6","16.6","12.1","55.0","14.9","1563","66","42.7","8.2","33.1","7.2","16.6","5.5","4.4","3.2","1.2","1.3","8.1","5.2","41.0","5.2","46.2","6.0","12.8","4.3","47.9","6.5","52.1","6.5","947","134","3.96","0.49","947","134","3.84","0.43","405","102","29.4","14.1","14.8","12.2","55.8","16.1","947","134","50.6","11.3","33.2","10.3","(X)","(X)","(X)","(X)","(X)","(X)","(X)","(X)","52.3","9.4","37.1","9.0","10.7","6.3","53.1","10.3","46.9","10.3","124","87","3.81","1.21","124","87","3.20","1.19","62","68","50.0","50.0","0.0","39.1","50.0","50.0","124","87","73.4","29.8","17.7","26.0","(X)","(X)","(X)","(X)","(X)","(X)","(X)","(X)","8.9","15.4","91.1","15.4","0.0","24.2","8.9","15.4","91.1","15.4","152","82","3.37","0.60","152","82","3.28","0.51","62","57","0.0","39.1","45.2","48.7","54.8","48.7","152","82","63.8","26.3","45.4","28.0","(X)","(X)","(X)","(X)","(X)","(X)","(X)","(X)","23.0","22.5","58.6","28.7","18.4","20.6","41.4","28.7","58.6","28.7","340","100","1.31","0.18","(X)","(X)","(X)","(X)","(X)","(X)","(X)","(X)","(X)","(X)","(X)","(X)","340","100","0.0","9.8","32.9","15.6","76.5","14.1","20.0","12.7","(X)","(X)","(X)","(X)","29.4","14.6","49.7","16.7","20.9","13.5","50.3","16.7","49.7","16.7",
"1400000US06111003100","Census Tract 31, Ventura County, California","3417","131","4.38","0.37","3058","182","4.42","0.39","1528","178","8.8","5.4","20.5","9.3","70.7","10.2","3417","131","51.8","5.3","31.5","4.4","6.1","3.0","2.2","1.4","0.0","1.0","7.8","3.5","98.4","1.3","0.8","0.9","0.9","0.9","81.1","5.2","18.9","5.2","2212","242","4.86","0.48","2212","242","4.69","0.47","1022","193","9.3","6.8","24.1","11.2","66.6","11.7","2212","242","54.7","7.2","33.5","5.5","(X)","(X)","(X)","(X)","(X)","(X)","(X)","(X)","98.6","1.4","0.6","1.0","0.8","1.0","87.1","5.8","12.9","5.8","193","112","4.67","0.92","193","112","4.13","0.64","91","82","30.8","46.8","39.6","51.5","29.7","46.2","193","112","61.1","33.5","19.7","20.1","(X)","(X)","(X)","(X)","(X)","(X)","(X)","(X)","100.0","16.5","0.0","16.5","0.0","16.5","57.5","34.4","42.5","34.4","653","191","4.15","0.53","653","191","3.61","0.40","415","161","2.7","4.3","7.5","10.2","89.9","11.3","653","191","67.8","15.7","27.0","13.0","(X)","(X)","(X)","(X)","(X)","(X)","(X)","(X)","100.0","5.2","0.0","5.2","0.0","5.2","66.2","18.0","33.8","18.0","359","159","1.71","0.38","(X)","(X)","(X)","(X)","(X)","(X)","(X)","(X)","(X)","(X)","(X)","(X)","359","159","0.0","9.3","34.3","21.0","57.9","21.9","20.9","15.6","(X)","(X)","(X)","(X)","93.3","8.8","3.3","5.6","3.3","5.5","84.4","17.4","15.6","17.4",
"1400000US06111003201","Census Tract 32.01, Ventura County, California","759","43","5.80","0.55","692","51","5.09","0.53","412","69","8.5","6.7","26.7","11.4","64.8","12.2","759","43","68.4","6.4","20.9","6.1","5.1","2.8","3.4","2.5","0.0","4.5","9.2","4.7","79.8","8.3","18.4","8.2","1.7","2.5","28.1","6.9","71.9","6.9","388","83","5.72","0.65","388","83","5.43","0.65","266","71","1.1","1.9","34.2","15.7","64.7","15.6","388","83","77.8","9.0","10.8","6.6","(X)","(X)","(X)","(X)","(X)","(X)","(X)","(X)","76.5","11.3","20.1","10.7","3.4","4.8","21.9","10.2","78.1","10.2","94","46","7.54","2.99","94","46","4.56","1.32","52","35","25.0","36.3","0.0","42.7","75.0","36.3","94","46","84.0","15.5","19.1","16.9","(X)","(X)","(X)","(X)","(X)","(X)","(X)","(X)","100.0","30.1","0.0","30.1","0.0","30.1","24.5","21.5","75.5","21.5","210","72","6.14","1.17","210","72","4.68","0.74","94","52","20.2","21.0","20.2","20.2","59.6","24.8","210","72","65.7","14.4","30.0","13.6","(X)","(X)","(X)","(X)","(X)","(X)","(X)","(X)","82.4","12.9","17.6","12.9","0.0","15.3","35.7","15.4","64.3","15.4","67","31","2.70","1.18","(X)","(X)","(X)","(X)","(X)","(X)","(X)","(X)","(X)","(X)","(X)","(X)","67","31","0.0","37.6","53.7","29.7","58.2","23.5","38.8","26.9","(X)","(X)","(X)","(X)","62.7","29.3","37.3","29.3","0.0","37.6","44.8","27.7","55.2","27.7",
"1400000US06111003300","Census Tract 33, Ventura County, California","2275","140","4.12","0.35","1960","174","4.14","0.26","997","158","16.3","10.3","34.3","12.2","49.3","13.2","2275","140","51.6","7.0","34.8","6.0","11.6","4.6","5.2","2.7","0.0","1.5","6.7","4.8","60.0","6.3","40.0","6.3","0.0","1.5","47.4","7.1","52.6","7.1","1311","210","4.85","0.62","1311","210","4.34","0.31","756","144","19.8","12.7","43.3","14.2","36.9","14.0","1311","210","63.5","6.5","29.8","7.3","(X)","(X)","(X)","(X)","(X)","(X)","(X)","(X)","69.6","8.4","30.4","8.4","0.0","2.6","56.3","9.6","43.7","9.6","110","69","3.59","0.76","110","69","3.09","0.62","28","24","46.4","53.6","53.6","53.6","0.0","58.2","110","69","25.5","23.5","44.5","31.3","(X)","(X)","(X)","(X)","(X)","(X)","(X)","(X)","70.0","37.6","30.0","37.6","0.0","26.7","70.0","37.6","30.0","37.6","539","173","4.15","0.54","539","173","3.89","0.54","213","116","0.0","15.1","0.0","15.1","100.0","15.1","539","173","58.1","15.9","32.5","17.3","(X)","(X)","(X)","(X)","(X)","(X)","(X)","(X)","40.1","15.6","59.9","15.6","0.0","6.3","28.9","15.0","71.1","15.0","315","122","1.21","0.22","(X)","(X)","(X)","(X)","(X)","(X)","(X)","(X)","(X)","(X)","(X)","(X)","315","122","0.0","10.5","55.9","20.9","83.5","17.1","37.8","16.8","(X)","(X)","(X)","(X)","50.8","20.3","49.2","20.3","0.0","10.5","34.3","18.7","65.7","18.7",
"1400000US06111003605","Census Tract 36.05, Ventura County, California","2842","122","3.27","0.20","2152","175","3.50","0.25","1132","162","23.3","9.7","12.5","6.1","64.2","10.3","2842","122","46.8","5.7","38.0","5.5","16.1","4.9","7.8","4.0","1.6","1.9","7.2","3.9","77.4","6.0","22.1","5.9","0.4","0.7","54.5","7.3","45.5","7.3","1305","218","3.59","0.33","1305","218","3.57","0.33","650","175","25.8","12.2","12.3","7.5","61.8","13.3","1305","218","52.9","10.5","29.3","8.7","(X)","(X)","(X)","(X)","(X)","(X)","(X)","(X)","88.7","7.0","10.3","7.0","0.9","1.6","68.0","10.0","32.0","10.0","249","113","4.44","1.22","249","113","3.38","0.49","130","97","4.6","9.0","43.1","34.0","52.3","33.4","249","113","65.1","24.0","34.9","24.1","(X)","(X)","(X)","(X)","(X)","(X)","(X)","(X)","86.3","12.0","13.7","12.0","0.0","13.1","35.3","25.0","64.7","25.0","598","156","3.85","0.49","598","156","3.38","0.44","352","133","25.6","20.4","1.4","4.0","73.0","20.4","598","156","73.1","10.6","33.1","13.9","(X)","(X)","(X)","(X)","(X)","(X)","(X)","(X)","67.4","15.1","32.6","15.1","0.0","5.7","42.6","14.7","57.4","14.7","690","176","1.73","0.38","(X)","(X)","(X)","(X)","(X)","(X)","(X)","(X)","(X)","(X)","(X)","(X)","690","176","5.8","7.9","59.7","16.5","66.2","13.8","32.2","15.2","(X)","(X)","(X)","(X)","61.6","13.0","38.4","13.0","0.0","4.9","46.2","13.9","53.8","13.9",
"1400000US06111003608","Census Tract 36.08, Ventura County, California","1011","39","3.97","0.31","857","52","4.29","0.35","476","58","18.9","9.9","14.7","9.2","66.4","11.4","1011","39","55.1","5.8","30.1","4.6","11.2","3.7","2.7","1.6","0.0","3.4","7.3","5.2","84.5","4.4","15.5","4.4","0.0","3.4","59.1","5.5","40.9","5.5","691","68","4.49","0.41","691","68","4.45","0.41","390","66","18.5","10.0","17.9","11.1","63.6","11.6","691","68","64.8","7.3","34.4","6.6","(X)","(X)","(X)","(X)","(X)","(X)","(X)","(X)","89.6","5.5","10.4","5.5","0.0","4.9","67.3","8.0","32.7","8.0","63","43","4.29","1.51","63","43","3.24","0.86","50","43","36.0","50.6","0.0","43.5","64.0","50.6","63","43","79.4","28.4","0.0","38.8","(X)","(X)","(X)","(X)","(X)","(X)","(X)","(X)","33.3","36.2","66.7","36.2","0.0","38.8","0.0","38.8","100.0","38.8","103","39","4.21","0.65","103","39","3.83","0.65","36","22","0.0","51.3","0.0","51.3","100.0","51.3","103","39","57.3","20.2","29.1","16.8","(X)","(X)","(X)","(X)","(X)","(X)","(X)","(X)","81.6","17.7","18.4","17.7","0.0","28.1","35.0","17.1","65.0","17.1","154","48","1.32","0.21","(X)","(X)","(X)","(X)","(X)","(X)","(X)","(X)","(X)","(X)","(X)","(X)","154","48","0.0","20.2","23.4","12.0","73.4","16.6","17.5","10.2","(X)","(X)","(X)","(X)","84.4","11.0","15.6","11.0","0.0","20.2","62.3","16.3","37.7","16.3",
"1400000US06111003609","Census Tract 36.09, Ventura County, California","3023","244","1.91","0.13","1504","207","2.33","0.12","240","101","52.9","23.6","6.7","9.8","40.4","22.0","3023","244","7.9","3.3","51.6","5.5","35.5","7.2","15.0","4.9","1.3","1.8","6.7","3.3","63.4","6.2","26.9","5.9","9.7","2.4","62.6","6.8","37.4","6.8","1259","197","2.29","0.13","1259","197","2.29","0.13","125","66","54.4","29.1","12.8","18.9","32.8","26.8","1259","197","9.9","5.0","62.9","8.3","(X)","(X)","(X)","(X)","(X)","(X)","(X)","(X)","69.1","7.7","23.6","7.3","7.3","4.0","70.5","8.9","29.5","8.9","79","63","2.96","0.61","79","63","2.77","0.52","37","46","0.0","50.6","0.0","50.6","100.0","50.6","79","63","46.8","39.1","36.7","37.0","(X)","(X)","(X)","(X)","(X)","(X)","(X)","(X)","100.0","34.0","0.0","34.0","0.0","34.0","46.8","35.7","53.2","35.7","166","90","2.81","0.27","166","90","2.45","0.21","78","71","75.6","37.7","0.0","34.3","24.4","37.7","166","90","47.0","26.2","45.8","24.7","(X)","(X)","(X)","(X)","(X)","(X)","(X)","(X)","74.7","21.2","20.5","21.3","4.8","8.7","46.4","25.6","53.6","25.6","1519","288","1.43","0.22","(X)","(X)","(X)","(X)","(X)","(X)","(X)","(X)","(X)","(X)","(X)","(X)","1519","288","0.0","2.3","43.6","9.6","70.7","10.4","29.8","9.0","(X)","(X)","(X)","(X)","55.6","10.3","31.8","8.9","12.6","5.2","58.7","10.9","41.3","10.9",
"1400000US06111003612","Census Tract 36.12, Ventura County, California","1878","189","2.46","0.27","1169","185","3.02","0.30","459","136","15.0","17.5","16.3","23.3","68.6","21.6","1878","189","24.4","6.3","35.3","6.0","25.7","8.1","4.2","3.0","0.9","1.5","8.5","5.0","59.7","7.6","40.3","7.6","0.0","1.8","37.7","7.8","62.3","7.8","785","162","3.01","0.37","785","162","3.01","0.37","238","130","29.0","28.1","0.0","13.6","71.0","28.1","785","162","30.3","12.8","55.5","9.9","(X)","(X)","(X)","(X)","(X)","(X)","(X)","(X)","85.2","7.9","14.8","7.9","0.0","4.4","64.3","13.0","35.7","13.0","174","94","3.10","0.65","174","94","2.31","0.18","45","64","0.0","45.9","0.0","45.9","100.0","45.9","174","94","25.9","36.5","0.0","18.1","(X)","(X)","(X)","(X)","(X)","(X)","(X)","(X)","15.5","26.0","84.5","26.0","0.0","18.1","0.0","18.1","100.0","18.1","210","139","3.62","1.20","210","139","3.62","1.20","176","135","0.0","17.9","42.6","47.0","57.4","47.0","210","139","83.8","22.6","10.0","19.1","(X)","(X)","(X)","(X)","(X)","(X)","(X)","(X)","24.3","29.5","75.7","29.5","0.0","15.3","10.0","19.1","90.0","19.1","709","143","1.35","0.18","(X)","(X)","(X)","(X)","(X)","(X)","(X)","(X)","(X)","(X)","(X)","(X)","709","143","0.0","4.8","29.1","10.7","68.0","15.1","11.1","7.3","(X)","(X)","(X)","(X)","52.9","15.7","47.1","15.7","0.0","4.8","25.7","12.0","74.3","12.0",
"1400000US06111003700","Census Tract 37, Ventura County, California","1214","81","5.63","0.41","1147","92","5.36","0.36","624","111","12.5","7.7","31.4","12.0","56.1","11.5","1214","81","66.4","6.3","36.9","7.0","4.0","3.2","0.7","1.0","0.7","1.1","5.4","3.9","92.5","4.4","7.5","4.4","0.0","2.8","60.0","9.7","40.0","9.7","735","121","5.85","0.46","735","121","5.49","0.36","483","104","7.5","7.2","26.3","12.5","66.3","13.5","735","121","80.7","7.1","28.7","9.0","(X)","(X)","(X)","(X)","(X)","(X)","(X)","(X)","94.3","5.6","5.7","5.6","0.0","4.6","62.3","12.2","37.7","12.2","144","69","5.24","2.00","144","69","4.76","2.04","26","31","73.1","51.6","0.0","60.4","26.9","51.6","144","69","39.6","28.4","64.6","27.0","(X)","(X)","(X)","(X)","(X)","(X)","(X)","(X)","95.1","8.0","4.9","8.0","0.0","21.4","51.4","29.9","48.6","29.9","268","91","6.18","1.23","268","91","5.32","0.95","115","74","20.0","28.8","60.0","32.4","20.0","24.8","268","91","58.2","19.6","48.1","19.6","(X)","(X)","(X)","(X)","(X)","(X)","(X)","(X)","97.0","4.8","3.0","4.8","0.0","12.2","59.7","20.9","40.3","20.9","67","36","1.82","1.13","(X)","(X)","(X)","(X)","(X)","(X)","(X)","(X)","(X)","(X)","(X)","(X)","67","36","0.0","37.6","22.4","23.8","73.1","29.6","11.9","16.9","(X)","(X)","(X)","(X)","49.3","37.0","50.7","37.0","0.0","37.6","55.2","30.0","44.8","30.0",
"1400000US06111003801","Census Tract 38.01, Ventura County, California","1107","87","4.72","0.42","1006","91","4.57","0.34","592","100","4.1","4.8","32.4","15.8","63.5","16.2","1107","87","60.6","8.2","37.6","8.2","7.5","4.3","5.0","4.1","0.0","3.1","8.5","5.0","68.1","9.3","31.9","9.3","0.0","3.1","43.6","9.2","56.4","9.2","600","110","5.45","0.56","600","110","4.97","0.31","421","98","0.0","8.0","35.6","19.1","64.4","19.1","600","110","81.3","8.3","35.8","12.1","(X)","(X)","(X)","(X)","(X)","(X)","(X)","(X)","63.8","13.7","36.2","13.7","0.0","5.7","40.8","12.3","59.2","12.3","124","85","4.39","1.64","124","85","3.57","0.99","47","56","31.9","55.1","0.0","44.9","68.1","55.1","124","85","47.6","37.9","22.6","26.3","(X)","(X)","(X)","(X)","(X)","(X)","(X)","(X)","48.4","35.1","51.6","35.1","0.0","24.2","38.7","31.3","61.3","31.3","282","115","4.55","0.68","282","115","4.17","0.65","124","68","7.3","12.0","33.9","32.1","58.9","32.4","282","115","44.0","17.6","39.4","20.6","(X)","(X)","(X)","(X)","(X)","(X)","(X)","(X)","85.8","15.2","14.2","15.2","0.0","11.7","50.4","22.3","49.6","22.3","101","50","1.26","0.29","(X)","(X)","(X)","(X)","(X)","(X)","(X)","(X)","(X)","(X)","(X)","(X)","101","50","0.0","28.5","61.4","29.5","82.2","20.8","54.5","31.9","(X)","(X)","(X)","(X)","68.3","30.8","31.7","30.8","0.0","28.5","47.5","30.3","52.5","30.3",
"1400000US06111003802","Census Tract 38.02, Ventura County, California","541","39","5.01","0.42","468","51","5.07","0.42","276","52","16.3","11.2","28.6","12.6","55.1","13.0","541","39","64.7","8.8","22.9","7.9","6.8","5.2","6.8","5.2","0.0","6.3","12.6","6.9","58.2","8.8","37.9","8.2","3.9","4.3","40.5","8.8","59.5","8.8","293","59","5.84","0.62","293","59","5.74","0.59","175","51","19.4","15.7","27.4","16.3","53.1","16.9","293","59","72.4","11.1","24.2","12.0","(X)","(X)","(X)","(X)","(X)","(X)","(X)","(X)","75.4","11.3","24.6","11.3","0.0","11.2","57.7","14.7","42.3","14.7","43","35","4.42","0.94","43","35","3.53","0.87","20","24","0.0","68.8","30.0","52.3","70.0","52.3","43","35","46.5","46.0","14.0","22.2","(X)","(X)","(X)","(X)","(X)","(X)","(X)","(X)","0.0","46.9","100.0","46.9","0.0","46.9","0.0","46.9","100.0","46.9","132","42","4.77","0.87","132","42","4.09","0.59","81","35","13.6","15.8","30.9","23.9","55.6","23.4","132","42","78.8","18.4","7.6","10.5","(X)","(X)","(X)","(X)","(X)","(X)","(X)","(X)","49.2","19.4","45.5","21.0","5.3","8.4","15.9","13.1","84.1","13.1","73","35","2.45","1.31","(X)","(X)","(X)","(X)","(X)","(X)","(X)","(X)","(X)","(X)","(X)","(X)","73","35","19.2","26.2","50.7","35.5","50.7","35.5","50.7","35.5","(X)","(X)","(X)","(X)","39.7","26.6","41.1","25.6","19.2","26.2","39.7","26.6","60.3","26.6",
"1400000US06111003900","Census Tract 39, Ventura County, California","1508","85","4.97","0.41","1384","97","4.90","0.34","794","141","11.6","7.4","24.8","10.4","63.6","11.6","1508","85","63.7","7.0","27.4","6.1","8.2","4.4","1.6","1.4","0.0","2.3","9.7","5.2","80.9","4.7","19.1","4.7","0.0","2.3","56.9","5.3","43.1","5.3","746","115","5.11","0.52","746","115","4.98","0.52","413","119","6.3","6.6","19.1","11.6","74.6","13.9","746","115","66.5","9.9","32.2","9.1","(X)","(X)","(X)","(X)","(X)","(X)","(X)","(X)","84.7","8.6","15.3","8.6","0.0","4.6","69.8","9.9","30.2","9.9","158","84","5.05","1.19","158","84","4.80","1.26","33","24","57.6","57.6","0.0","53.6","42.4","57.6","158","84","51.3","24.8","31.0","22.9","(X)","(X)","(X)","(X)","(X)","(X)","(X)","(X)","82.9","24.0","17.1","24.0","0.0","19.7","82.9","24.0","17.1","24.0","480","110","5.76","1.02","480","110","4.80","0.88","348","107","13.5","14.6","33.9","20.2","52.6","21.5","480","110","79.8","10.1","17.7","11.3","(X)","(X)","(X)","(X)","(X)","(X)","(X)","(X)","81.7","12.8","18.3","12.8","0.0","7.0","29.4","12.6","70.6","12.6","124","67","-","**","(X)","(X)","(X)","(X)","(X)","(X)","(X)","(X)","(X)","(X)","(X)","(X)","124","67","0.0","24.2","31.5","20.6","100.0","24.2","19.4","16.2","(X)","(X)","(X)","(X)","52.4","23.5","47.6","23.5","0.0","24.2","52.4","29.7","47.6","29.7",
"1400000US06111004000","Census Tract 40, Ventura County, California","1419","58","4.85","0.46","1265","84","4.68","0.39","683","112","19.0","13.2","17.1","10.9","63.8","15.3","1419","58","61.1","7.8","46.2","7.1","6.9","3.6","4.2","2.3","0.0","2.4","10.2","6.5","79.1","7.4","11.5","6.8","9.4","3.8","68.4","9.6","31.6","9.6","853","132","4.71","0.64","853","132","4.47","0.54","478","119","14.0","13.6","13.4","12.0","72.6","17.4","853","132","62.5","11.1","42.7","10.2","(X)","(X)","(X)","(X)","(X)","(X)","(X)","(X)","85.3","8.5","8.6","7.2","6.1","4.4","71.5","12.5","28.5","12.5","85","66","4.65","1.84","85","66","4.33","1.49","29","48","0.0","57.1","100.0","57.1","0.0","57.1","85","66","34.1","41.4","54.1","41.1","(X)","(X)","(X)","(X)","(X)","(X)","(X)","(X)","54.1","41.1","45.9","41.1","0.0","32.4","38.8","38.0","61.2","38.0","327","114","6.00","0.61","327","114","5.30","0.61","176","97","35.8","27.3","13.6","21.2","50.6","30.0","327","114","87.5","10.1","38.8","19.2","(X)","(X)","(X)","(X)","(X)","(X)","(X)","(X)","79.2","14.9","15.6","14.8","5.2","6.3","65.1","18.2","34.9","18.2","154","59","3.29","2.35","(X)","(X)","(X)","(X)","(X)","(X)","(X)","(X)","(X)","(X)","(X)","(X)","154","59","12.3","17.7","76.6","19.8","63.6","24.6","38.3","21.3","(X)","(X)","(X)","(X)","58.4","21.8","0.0","20.2","41.6","21.8","74.7","25.1","25.3","25.1",
"1400000US06111004101","Census Tract 41.01, Ventura County, California","1311","82","5.15","0.43","1171","100","5.16","0.38","665","115","17.7","11.3","26.8","13.5","55.5","15.3","1311","82","69.3","6.8","38.2","5.5","5.9","3.1","3.7","2.3","0.0","2.6","6.9","5.5","80.5","6.3","19.5","6.3","0.0","2.6","63.7","6.6","36.3","6.6","784","124","5.59","0.45","784","124","5.36","0.44","483","112","11.4","12.2","33.1","16.3","55.5","16.2","784","124","77.9","8.7","33.5","7.6","(X)","(X)","(X)","(X)","(X)","(X)","(X)","(X)","76.7","10.8","23.3","10.8","0.0","4.4","58.5","10.4","41.5","10.4","116","64","6.56","1.27","116","64","4.91","0.74","38","38","81.6","34.5","0.0","49.9","18.4","34.5","116","64","69.0","23.6","52.6","28.6","(X)","(X)","(X)","(X)","(X)","(X)","(X)","(X)","86.2","18.2","13.8","18.2","0.0","25.6","58.6","31.3","41.4","31.3","271","101","5.09","0.95","271","101","4.67","1.00","144","81","22.2","26.4","12.5","18.9","65.3","30.6","271","101","80.1","13.2","44.6","17.9","(X)","(X)","(X)","(X)","(X)","(X)","(X)","(X)","89.3","14.0","10.7","14.0","0.0","12.1","83.4","15.0","16.6","15.0","140","69","1.70","0.60","(X)","(X)","(X)","(X)","(X)","(X)","(X)","(X)","(X)","(X)","(X)","(X)","140","69","0.0","21.9","40.0","22.7","55.7","30.1","35.0","22.4","(X)","(X)","(X)","(X)","80.0","16.3","20.0","16.3","0.0","21.9","58.6","23.7","41.4","23.7",
"1400000US06111004200","Census Tract 42, Ventura County, California","1207","98","4.60","0.47","1057","105","4.63","0.37","416","90","14.2","10.9","14.9","10.9","70.9","13.6","1207","98","51.4","8.3","43.0","6.5","9.2","4.7","5.3","4.0","0.0","2.9","5.1","3.8","94.5","4.6","4.0","3.9","1.5","1.9","80.3","7.9","19.7","7.9","771","121","4.73","0.45","771","121","4.68","0.45","336","96","12.2","12.0","16.1","12.4","71.7","14.5","771","121","56.0","9.0","41.2","9.3","(X)","(X)","(X)","(X)","(X)","(X)","(X)","(X)","94.4","5.6","3.2","4.8","2.3","2.9","78.7","10.7","21.3","10.7","125","75","5.30","1.00","125","75","4.86","1.03","17","13","52.9","52.9","47.1","52.9","0.0","74.6","125","75","57.6","29.3","46.4","27.9","(X)","(X)","(X)","(X)","(X)","(X)","(X)","(X)","88.0","19.1","12.0","19.1","0.0","24.1","79.2","22.5","20.8","22.5","161","72","5.80","1.96","161","72","4.25","0.89","63","55","14.3","25.9","0.0","38.8","85.7","25.9","161","72","72.7","17.9","35.4","19.6","(X)","(X)","(X)","(X)","(X)","(X)","(X)","(X)","100.0","19.4","0.0","19.4","0.0","19.4","75.2","17.9","24.8","17.9","150","71","2.09","0.87","(X)","(X)","(X)","(X)","(X)","(X)","(X)","(X)","(X)","(X)","(X)","(X)","150","71","0.0","20.6","57.3","21.6","74.0","17.6","42.7","23.3","(X)","(X)","(X)","(X)","94.7","8.3","5.3","8.3","0.0","20.6","94.7","8.3","5.3","8.3",
"1400000US06111004304","Census Tract 43.04, Ventura County, California","2370","172","2.70","0.23","1536","194","3.44","0.30","662","132","11.0","10.4","37.3","16.2","51.7","17.8","2370","172","29.0","5.7","38.2","5.1","30.4","7.1","14.2","4.1","0.0","1.5","3.8","2.6","63.2","7.2","36.4","7.3","0.4","0.7","46.8","7.8","53.2","7.8","1109","206","3.71","0.37","1109","206","3.69","0.38","583","132","12.5","11.7","38.1","18.8","49.4","20.1","1109","206","52.6","11.1","26.1","7.9","(X)","(X)","(X)","(X)","(X)","(X)","(X)","(X)","67.3","12.4","31.8","12.4","0.9","1.6","44.2","11.6","55.8","11.6","144","93","2.68","0.40","144","93","2.49","0.30","30","35","0.0","56.2","43.3","56.7","56.7","56.7","144","93","31.3","31.1","34.7","30.0","(X)","(X)","(X)","(X)","(X)","(X)","(X)","(X)","70.1","38.8","29.9","38.8","0.0","21.4","26.4","26.8","73.6","26.8","283","131","3.19","0.54","283","131","2.97","0.39","49","44","0.0","44.0","24.5","39.0","75.5","39.0","283","131","21.2","15.1","42.0","24.4","(X)","(X)","(X)","(X)","(X)","(X)","(X)","(X)","46.6","22.8","53.4","22.8","0.0","11.6","31.4","20.3","68.6","20.3","834","199","1.19","0.11","(X)","(X)","(X)","(X)","(X)","(X)","(X)","(X)","(X)","(X)","(X)","(X)","834","199","0.0","4.1","53.6","10.1","86.3","7.7","40.4","10.1","(X)","(X)","(X)","(X)","62.1","12.2","37.9","12.2","0.0","4.1","59.0","12.4","41.0","12.4",
"1400000US06111004305","Census Tract 43.05, Ventura County, California","365","59","3.14","0.34","319","65","3.42","0.35","247","65","45.3","15.5","17.4","11.0","37.2","14.9","365","59","67.7","11.3","1.9","3.0","12.6","7.6","0.0","9.1","0.0","9.1","2.5","1.4","78.1","8.1","21.9","8.1","0.0","9.1","0.0","9.1","100.0","9.1","277","61","3.55","0.38","277","61","3.55","0.38","209","62","45.9","16.5","18.7","12.7","35.4","16.0","277","61","75.5","12.4","1.1","2.3","(X)","(X)","(X)","(X)","(X)","(X)","(X)","(X)","81.6","9.2","18.4","9.2","0.0","11.9","0.0","11.9","100.0","11.9","21","19","3.24","1.57","21","19","2.81","1.11","21","19","14.3","26.8","0.0","67.2","85.7","26.8","21","19","100.0","67.2","0.0","67.2","(X)","(X)","(X)","(X)","(X)","(X)","(X)","(X)","71.4","33.1","28.6","33.1","0.0","67.2","0.0","67.2","100.0","67.2","21","21","2.38","0.47","21","21","2.38","0.47","17","20","76.5","51.6","23.5","51.6","0.0","74.6","21","21","81.0","41.9","19.0","41.9","(X)","(X)","(X)","(X)","(X)","(X)","(X)","(X)","81.0","41.9","19.0","41.9","0.0","67.2","0.0","67.2","100.0","67.2","46","27","-","**","(X)","(X)","(X)","(X)","(X)","(X)","(X)","(X)","(X)","(X)","(X)","(X)","46","27","0.0","45.4","0.0","45.4","100.0","45.4","0.0","45.4","(X)","(X)","(X)","(X)","58.7","29.5","41.3","29.5","0.0","45.4","0.0","45.4","100.0","45.4",
"1400000US06111004400","Census Tract 44, Ventura County, California","2623","190","3.14","0.29","1698","178","3.72","0.31","877","152","24.2","11.0","21.2","12.9","54.6","13.8","2623","190","34.8","6.6","38.6","6.3","25.7","6.1","10.6","3.4","0.0","1.3","7.1","4.3","61.2","6.4","38.8","6.4","0.0","1.3","35.9","6.5","64.1","6.5","1083","193","4.00","0.49","1083","193","3.77","0.42","515","145","16.1","13.6","24.7","17.1","59.2","18.2","1083","193","48.8","11.4","39.1","12.7","(X)","(X)","(X)","(X)","(X)","(X)","(X)","(X)","78.1","8.2","21.9","8.2","0.0","3.2","41.4","10.6","58.6","10.6","83","66","5.48","3.43","83","66","5.23","3.06","23","27","47.8","52.2","0.0","64.2","52.2","52.2","83","66","45.8","37.7","54.2","40.1","(X)","(X)","(X)","(X)","(X)","(X)","(X)","(X)","36.1","37.6","63.9","37.6","0.0","32.9","27.7","27.4","72.3","27.4","532","147","3.92","0.48","532","147","3.39","0.44","339","125","34.8","20.6","17.4","17.5","47.8","20.4","532","147","65.4","15.0","28.4","14.3","(X)","(X)","(X)","(X)","(X)","(X)","(X)","(X)","67.1","14.5","32.9","14.5","0.0","6.4","21.2","13.2","78.8","13.2","925","214","1.48","0.21","(X)","(X)","(X)","(X)","(X)","(X)","(X)","(X)","(X)","(X)","(X)","(X)","925","214","0.0","3.7","42.5","9.9","72.9","11.1","30.1","10.0","(X)","(X)","(X)","(X)","40.3","10.8","59.7","10.8","0.0","3.7","38.6","10.6","61.4","10.6",
"1400000US06111004503","Census Tract 45.03, Ventura County, California","1003","85","4.39","0.38","867","93","4.70","0.39","489","93","17.2","9.9","33.5","13.4","49.3","14.4","1003","85","61.3","8.1","26.5","8.1","9.3","5.0","2.8","3.2","0.0","3.4","9.5","6.0","47.6","9.0","29.1","7.5","23.3","6.7","44.6","8.9","55.4","8.9","569","114","4.71","0.49","569","114","4.69","0.48","331","87","20.8","13.1","34.4","17.1","44.7","16.6","569","114","70.5","12.1","25.7","10.0","(X)","(X)","(X)","(X)","(X)","(X)","(X)","(X)","45.3","11.2","26.2","12.4","28.5","11.0","51.3","13.7","48.7","13.7","87","60","4.61","1.18","87","60","4.14","1.33","39","38","38.5","51.1","61.5","51.1","0.0","49.3","87","60","44.8","33.7","35.6","34.2","(X)","(X)","(X)","(X)","(X)","(X)","(X)","(X)","63.2","33.9","36.8","33.9","0.0","31.9","43.7","35.1","56.3","35.1","211","86","5.23","0.92","211","86","4.97","0.90","119","60","0.0","25.1","21.8","24.3","78.2","24.3","211","86","78.2","14.3","28.9","16.2","(X)","(X)","(X)","(X)","(X)","(X)","(X)","(X)","44.1","20.3","41.7","21.7","14.2","12.1","23.2","14.0","76.8","14.0","136","66","1.63","0.58","(X)","(X)","(X)","(X)","(X)","(X)","(X)","(X)","(X)","(X)","(X)","(X)","136","66","7.4","12.3","20.6","24.2","68.4","28.1","20.6","24.2","(X)","(X)","(X)","(X)","52.2","25.0","16.9","14.9","30.9","20.0","50.0","24.7","50.0","24.7",
"1400000US06111004504","Census Tract 45.04, Ventura County, California","1134","82","4.62","0.37","1005","98","4.81","0.36","423","91","17.3","12.0","35.0","14.1","47.8","14.3","1134","82","49.6","7.8","31.0","5.9","8.4","4.9","5.2","3.0","0.7","1.1","5.6","4.3","74.9","8.2","25.1","8.2","0.0","3.0","42.2","7.4","57.8","7.4","641","114","5.04","0.47","641","114","4.98","0.47","301","96","8.3","9.2","42.2","17.9","49.5","17.5","641","114","58.7","11.1","29.6","8.5","(X)","(X)","(X)","(X)","(X)","(X)","(X)","(X)","83.2","9.3","16.8","9.3","0.0","5.3","47.9","11.3","52.1","11.3","111","55","5.16","1.50","111","55","4.66","1.68","18","21","0.0","72.5","0.0","72.5","100.0","72.5","111","55","44.1","29.4","36.9","29.1","(X)","(X)","(X)","(X)","(X)","(X)","(X)","(X)","100.0","26.5","0.0","26.5","0.0","26.5","50.5","29.5","49.5","29.5","253","96","5.02","0.97","253","96","4.43","0.84","104","57","46.2","36.3","20.2","28.8","33.7","30.3","253","96","54.2","19.5","24.1","13.4","(X)","(X)","(X)","(X)","(X)","(X)","(X)","(X)","49.0","22.2","51.0","22.2","0.0","12.9","22.1","10.9","77.9","10.9","129","60","1.29","0.21","(X)","(X)","(X)","(X)","(X)","(X)","(X)","(X)","(X)","(X)","(X)","(X)","129","60","0.0","23.5","45.7","25.4","73.6","17.3","45.7","25.4","(X)","(X)","(X)","(X)","62.8","23.0","37.2","23.0","0.0","23.5","45.7","22.6","54.3","22.6",
"1400000US06111004505","Census Tract 45.05, Ventura County, California","466","42","4.87","0.55","389","50","4.87","0.47","228","51","21.5","14.5","4.4","5.0","74.1","15.4","466","42","62.4","9.4","40.1","8.4","11.4","6.4","2.1","2.6","0.0","7.2","6.9","5.9","74.5","6.1","24.5","5.8","1.1","1.8","53.0","8.1","47.0","8.1","224","52","5.34","0.85","224","52","5.13","0.82","135","43","14.1","14.2","0.0","22.6","85.9","14.2","224","52","64.7","13.2","39.7","13.3","(X)","(X)","(X)","(X)","(X)","(X)","(X)","(X)","83.5","11.4","16.5","11.4","0.0","14.4","72.3","15.3","27.7","15.3","45","32","7.38","2.25","45","32","7.07","2.15","24","26","54.2","54.2","0.0","62.8","45.8","54.2","45","32","93.3","10.7","71.1","37.4","(X)","(X)","(X)","(X)","(X)","(X)","(X)","(X)","100.0","45.9","0.0","45.9","0.0","45.9","46.7","37.5","53.3","37.5","120","42","5.02","1.36","120","42","3.55","0.60","69","31","24.6","28.9","14.5","18.6","60.9","34.5","120","42","78.3","15.4","35.8","17.0","(X)","(X)","(X)","(X)","(X)","(X)","(X)","(X)","68.3","16.7","27.5","15.8","4.2","7.0","33.3","19.5","66.7","19.5","77","38","1.78","0.66","(X)","(X)","(X)","(X)","(X)","(X)","(X)","(X)","(X)","(X)","(X)","(X)","77","38","13.0","18.5","29.9","21.7","68.8","23.9","13.0","15.1","(X)","(X)","(X)","(X)","42.9","23.7","57.1","23.7","0.0","34.6","31.2","21.5","68.8","21.5",
"1400000US06111004506","Census Tract 45.06, Ventura County, California","1442","61","5.40","0.55","1231","92","5.14","0.56","846","99","13.1","7.5","49.1","8.6","37.8","9.4","1442","61","68.9","6.3","13.7","4.3","7.4","3.7","0.0","2.4","0.0","2.4","21.9","6.9","25.1","5.6","73.9","5.8","1.0","1.5","16.0","4.6","84.0","4.6","631","120","5.64","0.95","631","120","5.54","0.89","417","91","11.3","8.4","39.1","14.1","49.6","14.8","631","120","73.5","11.5","19.2","8.8","(X)","(X)","(X)","(X)","(X)","(X)","(X)","(X)","30.7","10.4","66.9","11.3","2.4","3.5","25.2","10.7","74.8","10.7","253","84","5.82","1.02","253","84","4.55","0.91","129","65","11.6","17.0","33.3","24.1","55.0","27.2","253","84","83.0","11.9","3.6","5.6","(X)","(X)","(X)","(X)","(X)","(X)","(X)","(X)","5.9","8.9","94.1","8.9","0.0","12.9","5.9","8.9","94.1","8.9","347","93","5.74","0.82","347","93","4.84","0.66","300","85","16.3","15.2","69.7","18.7","14.0","12.7","347","93","91.9","7.0","5.5","5.5","(X)","(X)","(X)","(X)","(X)","(X)","(X)","(X)","26.5","13.7","73.5","13.7","0.0","9.6","3.2","5.4","96.8","5.4","211","81","3.64","1.33","(X)","(X)","(X)","(X)","(X)","(X)","(X)","(X)","(X)","(X)","(X)","(X)","211","81","0.0","15.2","23.2","14.5","50.2","19.2","0.0","15.2","(X)","(X)","(X)","(X)","28.9","20.3","71.1","20.3","0.0","15.2","21.8","16.3","78.2","16.3",
"1400000US06111004600","Census Tract 46, Ventura County, California","521","65","3.40","0.25","521","65","3.32","0.23","368","61","55.7","12.9","24.7","11.4","19.6","9.1","521","65","75.4","8.1","2.7","3.6","0.0","6.5","0.0","6.5","0.0","6.5","1.2","1.7","95.4","4.5","4.6","4.5","0.0","6.5","0.0","6.5","100.0","6.5","438","70","3.32","0.27","438","70","3.31","0.26","310","66","60.6","13.2","21.0","10.5","18.4","9.2","438","70","70.8","9.6","0.0","7.7","(X)","(X)","(X)","(X)","(X)","(X)","(X)","(X)","95.2","5.2","4.8","5.2","0.0","7.7","0.0","7.7","100.0","7.7","10","11","4.00","1.10","10","11","4.00","1.10","10","11","0.0","97.3","0.0","97.3","100.0","97.3","10","11","100.0","97.3","0.0","97.3","(X)","(X)","(X)","(X)","(X)","(X)","(X)","(X)","70.0","61.1","30.0","61.1","0.0","97.3","0.0","97.3","100.0","97.3","73","34","3.77","0.48","73","34","3.29","0.36","48","25","35.4","30.4","54.2","37.4","10.4","17.8","73","34","100.0","35.8","19.2","21.0","(X)","(X)","(X)","(X)","(X)","(X)","(X)","(X)","100.0","35.8","0.0","35.8","0.0","35.8","0.0","35.8","100.0","35.8","0","12","-","**","(X)","(X)","(X)","(X)","(X)","(X)","(X)","(X)","(X)","(X)","(X)","(X)","0","12","-","**","-","**","-","**","-","**","(X)","(X)","(X)","(X)","-","**","-","**","-","**","-","**","-","**",
"1400000US06111004704","Census Tract 47.04, Ventura County, California","409","30","3.49","0.28","318","42","3.87","0.35","131","37","0.0","23.2","18.3","15.6","81.7","15.6","409","30","41.6","8.7","50.9","9.6","12.7","6.7","6.8","5.0","0.0","8.2","8.8","5.4","34.5","9.7","0.7","1.2","64.8","9.7","65.3","9.6","34.7","9.6","187","58","4.42","0.42","187","58","4.35","0.43","113","38","0.0","26.1","17.7","17.1","82.3","17.1","187","58","69.0","13.5","39.0","17.1","(X)","(X)","(X)","(X)","(X)","(X)","(X)","(X)","39.0","14.6","0.0","17.0","61.0","14.6","55.1","13.7","44.9","13.7","70","52","2.94","0.64","70","52","2.89","0.64","5","7","0.0","100.0","0.0","100.0","100.0","100.0","70","52","27.1","25.4","38.6","39.0","(X)","(X)","(X)","(X)","(X)","(X)","(X)","(X)","62.9","31.7","0.0","36.7","37.1","31.7","92.9","11.7","7.1","11.7","61","32","4.08","0.69","61","32","3.52","0.69","13","13","0.0","85.4","30.8","61.7","69.2","61.7","61","32","36.1","25.5","67.2","26.3","(X)","(X)","(X)","(X)","(X)","(X)","(X)","(X)","19.7","19.5","0.0","39.4","80.3","19.5","54.1","24.9","45.9","24.9","91","38","1.59","0.35","(X)","(X)","(X)","(X)","(X)","(X)","(X)","(X)","(X)","(X)","(X)","(X)","91","38","0.0","30.9","73.6","18.3","57.1","22.1","30.8","16.8","(X)","(X)","(X)","(X)","13.2","12.4","3.3","5.9","83.5","11.6","72.5","22.7","27.5","22.7",
"1400000US06111004710","Census Tract 47.10, Ventura County, California","1281","75","3.98","0.43","974","100","4.35","0.45","509","111","10.6","8.4","31.4","14.6","58.0","15.2","1281","75","46.7","6.4","34.0","8.0","20.6","6.1","10.9","4.9","0.0","2.7","8.7","6.0","40.1","6.8","18.6","8.3","41.3","7.6","66.6","9.2","33.4","9.2","678","140","4.19","0.48","678","140","4.14","0.47","282","108","10.3","12.4","29.4","19.3","60.3","19.2","678","140","47.8","11.2","29.2","9.8","(X)","(X)","(X)","(X)","(X)","(X)","(X)","(X)","40.9","8.8","23.3","11.6","35.8","11.5","71.7","12.9","28.3","12.9","135","69","5.28","1.32","135","69","4.72","1.27","98","70","15.3","23.0","51.0","46.1","33.7","46.0","135","69","85.2","17.8","31.1","25.4","(X)","(X)","(X)","(X)","(X)","(X)","(X)","(X)","50.4","31.9","5.9","9.3","43.7","31.2","73.3","34.1","26.7","34.1","161","86","7.35","2.32","161","86","4.91","1.68","129","84","7.8","14.1","20.9","28.0","71.3","29.2","161","86","98.8","4.6","6.2","9.2","(X)","(X)","(X)","(X)","(X)","(X)","(X)","(X)","52.2","27.8","30.4","28.1","17.4","15.9","43.5","29.5","56.5","29.5","307","84","1.16","0.13","(X)","(X)","(X)","(X)","(X)","(X)","(X)","(X)","(X)","(X)","(X)","(X)","307","84","0.0","10.8","60.3","15.8","86.0","10.8","45.6","16.0","(X)","(X)","(X)","(X)","27.7","12.6","7.5","11.4","64.8","13.8","64.5","19.9","35.5","19.9",
"1400000US06111004711","Census Tract 47.11, Ventura County, California","777","49","4.49","0.51","661","55","4.73","0.49","278","57","18.3","11.6","33.5","15.0","48.2","15.0","777","49","42.7","6.4","46.6","8.3","12.7","5.7","10.0","5.3","0.0","4.4","3.5","3.6","73.2","6.2","26.0","6.2","0.8","1.1","59.2","7.5","40.8","7.5","492","72","4.79","0.46","492","72","4.64","0.45","188","57","16.5","14.0","28.2","16.1","55.3","17.1","492","72","46.5","8.7","44.7","10.9","(X)","(X)","(X)","(X)","(X)","(X)","(X)","(X)","74.2","8.4","25.8","8.4","0.0","6.9","60.4","11.2","39.6","11.2","31","29","10.81","5.20","31","29","8.90","3.97","27","29","44.4","55.6","0.0","59.2","55.6","55.6","31","29","87.1","25.3","61.3","51.4","(X)","(X)","(X)","(X)","(X)","(X)","(X)","(X)","87.1","25.3","12.9","25.3","0.0","55.3","48.4","51.6","51.6","51.6","138","56","4.77","0.94","138","56","4.11","0.81","63","41","12.7","22.1","63.5","30.1","23.8","25.3","138","56","55.1","21.8","20.3","13.8","(X)","(X)","(X)","(X)","(X)","(X)","(X)","(X)","67.4","20.4","32.6","20.4","0.0","22.2","50.0","20.4","50.0","20.4","116","48","1.22","0.24","(X)","(X)","(X)","(X)","(X)","(X)","(X)","(X)","(X)","(X)","(X)","(X)","116","48","0.0","25.6","81.9","21.8","85.3","15.4","67.2","23.8","(X)","(X)","(X)","(X)","72.4","21.9","22.4","20.1","5.2","7.6","68.1","20.8","31.9","20.8",
"1400000US06111004715","Census Tract 47.15, Ventura County, California","1228","53","4.36","0.27","1067","71","4.63","0.30","503","94","8.3","5.7","35.2","13.5","56.5","13.6","1228","53","48.2","6.7","43.2","7.3","9.9","3.9","4.8","2.4","0.0","2.8","3.0","3.5","51.2","6.5","21.4","5.6","27.4","7.1","56.7","7.9","43.3","7.9","675","108","4.65","0.49","675","108","4.52","0.49","371","91","8.9","7.4","34.8","16.9","56.3","15.9","675","108","57.8","9.5","38.1","10.8","(X)","(X)","(X)","(X)","(X)","(X)","(X)","(X)","51.3","10.2","23.3","8.5","25.5","10.7","56.4","10.5","43.6","10.5","135","67","5.16","1.36","135","67","5.07","1.37","23","26","0.0","64.2","0.0","64.2","100.0","64.2","135","67","64.4","27.3","34.8","25.0","(X)","(X)","(X)","(X)","(X)","(X)","(X)","(X)","48.1","27.1","13.3","21.4","38.5","24.9","52.6","28.9","47.4","28.9","257","87","4.82","1.11","257","87","4.68","1.08","109","53","8.3","15.2","44.0","31.6","47.7","35.7","257","87","44.7","15.8","45.5","12.5","(X)","(X)","(X)","(X)","(X)","(X)","(X)","(X)","62.3","17.8","15.2","15.1","22.6","16.6","48.2","17.5","51.8","17.5","161","57","1.78","0.83","(X)","(X)","(X)","(X)","(X)","(X)","(X)","(X)","(X)","(X)","(X)","(X)","161","57","0.0","19.4","68.3","19.0","75.8","17.2","36.6","17.5","(X)","(X)","(X)","(X)","36.0","17.6","30.4","16.9","33.5","17.1","74.5","19.1","25.5","19.1",
"1400000US06111004716","Census Tract 47.16, Ventura County, California","907","36","5.58","0.34","852","40","5.41","0.37","428","60","9.3","8.1","28.3","10.8","62.4","9.2","907","36","66.5","5.4","39.4","6.4","4.0","2.9","1.2","1.0","0.0","3.8","4.4","3.3","73.9","5.3","9.2","3.4","17.0","4.1","75.1","5.5","24.9","5.5","641","57","6.07","0.47","641","57","5.76","0.47","348","58","11.5","9.9","25.9","12.2","62.6","10.4","641","57","74.6","6.1","39.0","6.9","(X)","(X)","(X)","(X)","(X)","(X)","(X)","(X)","85.0","5.5","4.1","3.5","10.9","4.4","83.2","5.2","16.8","5.2","90","39","4.91","0.95","90","39","3.90","0.82","17","17","0.0","74.6","41.2","42.4","58.8","42.4","90","39","34.4","26.2","27.8","21.0","(X)","(X)","(X)","(X)","(X)","(X)","(X)","(X)","48.9","24.5","15.6","17.6","35.6","21.6","76.7","23.0","23.3","23.0","121","44","5.31","0.82","121","44","4.65","0.59","63","34","0.0","38.8","38.1","32.3","61.9","32.3","121","44","67.8","18.0","58.7","18.9","(X)","(X)","(X)","(X)","(X)","(X)","(X)","(X)","49.6","18.1","13.2","14.3","37.2","17.8","47.1","21.0","52.9","21.0","55","25","1.58","0.66","(X)","(X)","(X)","(X)","(X)","(X)","(X)","(X)","(X)","(X)","(X)","(X)","55","25","21.8","34.5","20.0","15.9","65.5","36.0","20.0","15.9","(X)","(X)","(X)","(X)","38.2","31.6","49.1","30.6","12.7","15.7","40.0","20.6","60.0","20.6",
"1400000US06111004717","Census Tract 47.17, Ventura County, California","714","52","5.88","0.65","677","48","5.48","0.59","308","63","6.2","9.0","23.7","10.4","70.1","12.5","714","52","65.3","7.7","36.7","7.7","4.1","3.0","4.1","3.0","0.0","4.8","11.3","6.4","85.0","7.2","11.9","5.7","3.1","4.5","68.8","7.4","31.2","7.4","423","58","5.91","1.02","423","58","5.43","0.82","236","56","0.0","13.8","30.9","13.0","69.1","13.0","423","58","63.8","10.0","34.8","10.3","(X)","(X)","(X)","(X)","(X)","(X)","(X)","(X)","89.6","7.2","10.4","7.2","0.0","7.9","76.4","8.5","23.6","8.5","128","56","6.55","1.00","128","56","5.73","0.79","31","23","0.0","55.3","0.0","55.3","100.0","55.3","128","56","75.8","21.3","40.6","23.5","(X)","(X)","(X)","(X)","(X)","(X)","(X)","(X)","72.7","27.7","10.2","11.3","17.2","22.9","53.9","24.9","46.1","24.9","126","45","6.40","1.42","126","45","5.40","1.31","41","33","46.3","47.7","0.0","48.1","53.7","47.7","126","45","78.6","18.4","20.6","22.4","(X)","(X)","(X)","(X)","(X)","(X)","(X)","(X)","77.8","21.2","22.2","21.2","0.0","23.9","49.2","20.4","50.8","20.4","37","23","1.41","0.84","(X)","(X)","(X)","(X)","(X)","(X)","(X)","(X)","(X)","(X)","(X)","(X)","37","23","0.0","50.6","100.0","50.6","78.4","29.3","78.4","29.3","(X)","(X)","(X)","(X)","100.0","50.6","0.0","50.6","0.0","50.6","100.0","50.6","0.0","50.6",
"1400000US06111004901","Census Tract 49.01, Ventura County, California","1902","111","3.86","0.22","1523","122","4.17","0.24","837","135","25.4","8.9","21.5","8.4","53.0","10.6","1902","111","54.4","5.5","18.1","4.8","11.0","3.8","0.0","1.8","0.0","1.8","5.9","2.6","64.1","6.4","35.9","6.4","0.0","1.8","49.6","5.7","50.4","5.7","1063","129","4.30","0.29","1063","129","4.22","0.28","623","113","27.8","10.3","20.1","10.2","52.2","12.5","1063","129","64.3","7.5","20.0","6.8","(X)","(X)","(X)","(X)","(X)","(X)","(X)","(X)","77.7","7.1","22.3","7.1","0.0","3.2","66.8","8.2","33.2","8.2","107","63","4.50","0.90","107","63","4.23","1.03","24","21","75.0","41.8","0.0","62.8","25.0","41.8","107","63","42.1","30.1","57.9","30.1","(X)","(X)","(X)","(X)","(X)","(X)","(X)","(X)","87.9","15.0","12.1","15.0","0.0","27.3","87.9","15.0","12.1","15.0","353","117","4.28","0.45","353","117","4.00","0.49","190","87","11.6","17.9","28.9","21.1","59.5","24.6","353","117","75.1","13.0","10.8","10.7","(X)","(X)","(X)","(X)","(X)","(X)","(X)","(X)","47.6","18.9","52.4","18.9","0.0","9.4","23.5","12.0","76.5","12.0","379","101","2.08","0.58","(X)","(X)","(X)","(X)","(X)","(X)","(X)","(X)","(X)","(X)","(X)","(X)","379","101","10.8","9.9","8.2","6.3","55.1","14.3","0.0","8.8","(X)","(X)","(X)","(X)","34.6","13.1","65.4","13.1","0.0","8.8","14.8","9.1","85.2","9.1",
"1400000US06111004902","Census Tract 49.02, Ventura County, California","1036","41","4.61","0.36","888","61","4.82","0.37","418","76","15.3","12.2","19.4","12.6","65.3","14.3","1036","41","56.2","6.1","47.8","6.1","8.9","4.0","8.9","4.0","0.0","3.3","12.5","7.4","61.9","6.7","38.1","6.7","0.0","3.3","48.3","8.5","51.7","8.5","533","108","4.67","0.46","533","108","4.64","0.46","273","81","15.8","15.0","15.0","13.3","69.2","17.9","533","108","60.8","10.1","50.8","10.2","(X)","(X)","(X)","(X)","(X)","(X)","(X)","(X)","66.8","12.7","33.2","12.7","0.0","6.4","55.9","12.7","44.1","12.7","106","54","5.65","1.55","106","54","4.37","0.70","38","40","0.0","49.9","0.0","49.9","100.0","49.9","106","54","86.8","20.3","17.0","21.3","(X)","(X)","(X)","(X)","(X)","(X)","(X)","(X)","93.4","12.6","6.6","12.6","0.0","27.5","56.6","28.1","43.4","28.1","249","92","5.92","1.25","249","92","5.39","1.03","107","62","19.6","31.3","37.4","34.3","43.0","34.8","249","92","64.3","17.4","37.3","15.3","(X)","(X)","(X)","(X)","(X)","(X)","(X)","(X)","66.3","19.0","33.7","19.0","0.0","13.1","48.6","20.2","51.4","20.2","148","54","1.47","0.33","(X)","(X)","(X)","(X)","(X)","(X)","(X)","(X)","(X)","(X)","(X)","(X)","148","54","4.1","7.6","76.4","30.3","62.2","28.7","62.2","28.7","(X)","(X)","(X)","(X)","14.2","16.8","85.8","16.8","0.0","20.9","14.2","16.8","85.8","16.8",
"1400000US06111005002","Census Tract 50.02, Ventura County, California","704","40","4.54","0.61","533","68","4.81","0.74","324","61","27.2","13.1","19.1","10.4","53.7","14.8","704","40","57.2","7.1","27.4","6.6","15.1","7.0","7.2","4.2","0.0","4.8","16.5","7.7","64.9","7.3","12.2","6.6","22.9","7.2","33.1","8.2","66.9","8.2","299","72","4.66","0.67","299","72","4.45","0.68","182","58","29.7","16.8","24.7","16.6","45.6","18.6","299","72","64.2","10.4","28.8","10.9","(X)","(X)","(X)","(X)","(X)","(X)","(X)","(X)","64.5","12.3","12.7","11.3","22.7","13.1","44.5","12.6","55.5","12.6","83","44","5.14","1.50","83","44","4.61","1.49","40","35","20.0","34.1","0.0","48.7","80.0","34.1","83","44","73.5","25.2","6.0","10.0","(X)","(X)","(X)","(X)","(X)","(X)","(X)","(X)","60.2","30.8","33.7","31.3","6.0","10.0","6.0","10.0","94.0","10.0","151","52","6.79","2.03","151","52","5.63","1.89","102","40","25.5","23.3","16.7","19.5","57.8","27.1","151","52","85.4","13.9","19.2","14.0","(X)","(X)","(X)","(X)","(X)","(X)","(X)","(X)","71.5","18.4","4.0","5.7","24.5","17.8","25.8","16.4","74.2","16.4","171","64","2.04","0.94","(X)","(X)","(X)","(X)","(X)","(X)","(X)","(X)","(X)","(X)","(X)","(X)","171","64","12.3","12.9","42.7","19.0","62.0","20.1","29.8","15.6","(X)","(X)","(X)","(X)","62.0","14.0","8.2","9.6","29.8","15.8","32.7","19.7","67.3","19.7",
"1400000US06111005003","Census Tract 50.03, Ventura County, California","1914","91","4.39","0.30","1658","113","4.45","0.27","895","132","12.7","7.4","29.2","11.5","58.1","12.2","1914","91","53.8","6.3","35.7","6.4","10.5","4.1","6.3","3.4","0.3","0.5","9.6","4.0","75.0","6.0","9.5","4.4","15.5","4.6","51.5","7.5","48.5","7.5","1140","136","4.74","0.35","1140","136","4.56","0.33","637","116","9.7","7.9","24.2","12.1","66.1","12.9","1140","136","60.7","8.0","32.3","7.9","(X)","(X)","(X)","(X)","(X)","(X)","(X)","(X)","72.3","8.3","10.0","5.2","17.7","6.8","56.6","9.3","43.4","9.3","173","78","4.95","1.09","173","78","4.12","0.93","100","63","16.0","25.6","18.0","27.9","66.0","33.1","173","78","76.3","19.5","23.7","19.5","(X)","(X)","(X)","(X)","(X)","(X)","(X)","(X)","75.1","22.8","9.8","15.4","15.0","18.5","39.9","25.0","60.1","25.0","345","106","4.96","0.79","345","106","4.28","0.62","158","77","22.8","18.6","56.3","25.8","20.9","19.1","345","106","59.7","14.3","33.3","14.9","(X)","(X)","(X)","(X)","(X)","(X)","(X)","(X)","74.8","14.6","5.2","7.5","20.0","12.9","38.0","15.1","62.0","15.1","256","84","1.67","0.61","(X)","(X)","(X)","(X)","(X)","(X)","(X)","(X)","(X)","(X)","(X)","(X)","256","84","0.0","12.8","62.1","19.8","78.5","17.7","46.9","21.2","(X)","(X)","(X)","(X)","87.5","14.5","12.5","14.5","0.0","12.8","54.7","20.7","45.3","20.7",
"1400000US06111005004","Census Tract 50.04, Ventura County, California","2597","116","3.17","0.25","1896","175","3.63","0.26","1077","182","27.4","9.5","17.4","7.7","55.2","10.9","2597","116","44.9","7.2","19.9","5.3","18.6","5.7","1.7","1.9","1.8","1.4","10.5","5.0","45.4","5.1","54.6","5.1","0.0","1.3","40.1","4.5","59.9","4.5","1142","140","3.98","0.39","1142","140","3.93","0.38","675","124","28.0","9.7","18.2","8.3","53.8","12.2","1142","140","60.4","9.2","23.6","6.4","(X)","(X)","(X)","(X)","(X)","(X)","(X)","(X)","65.8","9.0","34.2","9.0","0.0","3.0","61.6","7.9","38.4","7.9","268","143","3.04","0.66","268","143","2.72","0.49","132","113","61.4","42.1","0.0","23.0","38.6","42.1","268","143","58.6","24.8","31.3","29.4","(X)","(X)","(X)","(X)","(X)","(X)","(X)","(X)","23.5","26.6","76.5","26.6","0.0","12.2","0.0","12.2","100.0","12.2","486","175","3.77","0.50","486","175","3.41","0.50","270","137","9.3","15.1","23.7","22.6","67.0","24.8","486","175","65.4","18.2","10.3","12.9","(X)","(X)","(X)","(X)","(X)","(X)","(X)","(X)","36.8","16.4","63.2","16.4","0.0","6.9","32.7","17.3","67.3","17.3","701","151","1.47","0.22","(X)","(X)","(X)","(X)","(X)","(X)","(X)","(X)","(X)","(X)","(X)","(X)","701","151","0.0","4.9","16.3","9.3","69.0","13.3","6.4","6.9","(X)","(X)","(X)","(X)","26.5","10.3","73.5","10.3","0.0","4.9","25.7","10.2","74.3","10.2",
"1400000US06111005100","Census Tract 51, Ventura County, California","1086","65","3.14","0.23","895","72","3.37","0.24","287","67","3.1","3.9","11.5","11.1","85.4","11.1","1086","65","28.3","5.7","55.9","5.8","12.4","4.2","6.4","3.4","0.8","1.1","1.0","1.1","89.3","4.3","2.0","1.6","8.7","3.9","60.4","6.1","39.6","6.1","732","71","3.36","0.26","732","71","3.29","0.26","231","65","3.9","4.7","14.3","14.1","81.8","14.0","732","71","33.7","7.3","54.0","6.6","(X)","(X)","(X)","(X)","(X)","(X)","(X)","(X)","88.9","5.4","0.7","1.1","10.4","5.3","63.7","7.4","36.3","7.4","115","64","3.70","0.84","115","64","3.67","0.83","42","42","0.0","47.5","0.0","47.5","100.0","47.5","115","64","36.5","34.1","41.7","34.7","(X)","(X)","(X)","(X)","(X)","(X)","(X)","(X)","93.9","9.2","0.0","25.8","6.1","9.2","44.3","29.9","55.7","29.9","48","27","4.40","1.38","48","27","3.81","1.16","14","14","0.0","82.3","0.0","82.3","100.0","82.2","48","27","37.5","27.3","72.9","25.7","(X)","(X)","(X)","(X)","(X)","(X)","(X)","(X)","87.5","18.0","12.5","18.0","0.0","44.4","66.7","25.3","33.3","25.3","191","57","1.67","0.34","(X)","(X)","(X)","(X)","(X)","(X)","(X)","(X)","(X)","(X)","(X)","(X)","191","57","0.0","16.7","67.5","18.1","70.7","14.1","36.1","15.8","(X)","(X)","(X)","(X)","88.5","10.0","5.8","6.2","5.8","8.2","56.0","16.0","44.0","16.0",
"1400000US06111005202","Census Tract 52.02, Ventura County, California","1112","63","2.55","0.25","666","99","3.27","0.34","275","80","18.2","11.2","25.8","16.0","56.0","15.8","1112","63","28.1","7.6","47.1","7.8","34.0","7.8","15.9","4.3","0.0","3.1","8.3","5.7","82.5","5.0","16.2","4.8","1.3","2.1","62.0","8.1","38.0","8.1","482","92","3.28","0.32","482","92","3.24","0.29","184","67","23.9","15.7","28.3","21.1","47.8","20.2","482","92","45.9","11.8","47.5","12.6","(X)","(X)","(X)","(X)","(X)","(X)","(X)","(X)","92.1","5.8","4.8","3.7","3.1","4.8","75.3","10.9","24.7","10.9","43","42","2.91","0.96","43","42","2.74","0.83","11","13","54.5","54.5","0.0","92.8","45.5","54.5","43","42","25.6","43.9","60.5","56.8","(X)","(X)","(X)","(X)","(X)","(X)","(X)","(X)","86.0","33.7","14.0","33.7","0.0","46.9","74.4","35.4","25.6","35.4","141","67","3.95","0.99","141","67","3.52","1.08","80","57","0.0","33.7","23.8","28.2","76.3","28.2","141","67","56.7","25.0","27.7","22.7","(X)","(X)","(X)","(X)","(X)","(X)","(X)","(X)","83.7","17.6","16.3","17.6","0.0","21.8","62.4","28.2","37.6","28.2","446","86","1.29","0.17","(X)","(X)","(X)","(X)","(X)","(X)","(X)","(X)","(X)","(X)","(X)","(X)","446","86","0.0","7.5","51.6","11.8","84.8","9.5","39.7","10.0","(X)","(X)","(X)","(X)","71.3","9.5","28.7","9.5","0.0","7.5","46.2","10.5","53.8","10.5",
"1400000US06111005203","Census Tract 52.03, Ventura County, California","1895","78","3.09","0.16","1514","96","3.38","0.17","540","89","15.0","8.2","24.4","10.8","60.6","12.3","1895","78","31.0","4.6","53.2","5.9","14.5","3.8","8.9","3.1","0.0","1.8","6.0","4.2","97.6","2.3","2.4","2.3","0.0","1.8","69.7","5.9","30.3","5.9","1267","121","3.44","0.19","1267","121","3.38","0.19","430","101","18.8","9.5","23.3","10.0","57.9","11.4","1267","121","35.4","6.5","54.2","7.8","(X)","(X)","(X)","(X)","(X)","(X)","(X)","(X)","98.9","1.4","1.1","1.4","0.0","2.7","75.8","7.4","24.2","7.4","124","69","4.41","1.33","124","69","3.85","1.16","73","65","0.0","35.8","43.8","46.3","56.2","46.3","124","69","58.9","32.0","63.7","30.3","(X)","(X)","(X)","(X)","(X)","(X)","(X)","(X)","100.0","24.2","0.0","24.2","0.0","24.2","76.6","22.1","23.4","22.1","123","55","2.90","0.43","123","55","2.83","0.41","37","30","0.0","50.6","0.0","50.6","100.0","50.6","123","55","35.8","17.9","43.9","20.3","(X)","(X)","(X)","(X)","(X)","(X)","(X)","(X)","100.0","24.4","0.0","24.4","0.0","24.4","75.6","18.2","24.4","18.2","381","97","1.55","0.35","(X)","(X)","(X)","(X)","(X)","(X)","(X)","(X)","(X)","(X)","(X)","(X)","381","97","5.5","8.9","49.3","13.9","72.2","15.9","44.1","14.5","(X)","(X)","(X)","(X)","91.6","10.3","8.4","10.3","0.0","8.8","44.9","14.2","55.1","14.2",
"1400000US06111005204","Census Tract 52.04, Ventura County, California","1243","36","2.75","0.20","910","78","3.19","0.22","276","66","12.0","10.8","17.0","11.0","71.0","16.1","1243","36","23.1","5.3","60.7","5.6","19.5","6.3","11.4","4.6","0.0","2.8","7.6","4.6","97.3","2.6","2.7","2.6","0.0","2.8","92.0","4.7","8.0","4.7","821","89","3.23","0.23","821","89","3.22","0.23","222","68","7.7","9.3","21.2","14.1","71.2","17.3","821","89","28.1","7.4","58.5","8.1","(X)","(X)","(X)","(X)","(X)","(X)","(X)","(X)","100.0","4.2","0.0","4.2","0.0","4.2","90.7","6.1","9.3","6.1","55","37","3.16","0.40","55","37","2.75","0.54","47","34","19.1","28.9","0.0","44.9","80.9","28.9","55","37","85.5","22.5","14.5","22.5","(X)","(X)","(X)","(X)","(X)","(X)","(X)","(X)","100.0","41.5","0.0","41.5","0.0","41.5","100.0","41.5","0.0","41.5","34","26","3.47","1.04","34","26","3.21","1.04","7","13","100.0","100.0","0.0","100.0","0.0","100.0","34","26","26.5","37.4","58.8","41.3","(X)","(X)","(X)","(X)","(X)","(X)","(X)","(X)","79.4","33.5","20.6","33.5","0.0","52.8","79.4","33.5","20.6","33.5","333","86","1.44","0.27","(X)","(X)","(X)","(X)","(X)","(X)","(X)","(X)","(X)","(X)","(X)","(X)","333","86","0.0","10.0","73.9","13.0","73.0","15.3","42.6","15.9","(X)","(X)","(X)","(X)","92.2","8.7","7.8","8.7","0.0","10.0","95.2","7.6","4.8","7.6",
"1400000US06111005205","Census Tract 52.05, Ventura County, California","2264","136","2.63","0.25","1778","147","2.88","0.22","482","140","42.3","17.3","2.5","4.5","55.2","17.4","2264","136","23.9","5.5","53.1","5.8","17.9","5.2","8.3","3.9","0.1","0.2","2.1","1.8","81.6","4.4","12.6","4.7","5.7","2.8","71.3","6.1","28.7","6.1","1471","151","2.80","0.23","1471","151","2.78","0.22","341","106","57.5","19.3","3.5","6.4","39.0","19.1","1471","151","26.6","6.5","57.8","6.7","(X)","(X)","(X)","(X)","(X)","(X)","(X)","(X)","88.0","6.3","5.5","5.4","6.5","4.2","79.4","7.6","20.6","7.6","56","48","2.52","0.54","56","48","2.38","0.45","28","34","28.6","52.7","0.0","58.2","71.4","52.7","56","48","50.0","48.7","12.5","23.1","(X)","(X)","(X)","(X)","(X)","(X)","(X)","(X)","62.5","50.2","37.5","50.2","0.0","41.1","50.0","48.7","50.0","48.7","251","110","4.25","1.04","251","110","3.53","0.50","113","83","0.0","26.1","0.0","26.1","100.0","26.1","251","110","48.2","23.3","49.0","25.2","(X)","(X)","(X)","(X)","(X)","(X)","(X)","(X)","76.5","24.7","19.5","25.4","4.0","6.9","64.5","25.8","35.5","25.8","486","139","1.28","0.21","(X)","(X)","(X)","(X)","(X)","(X)","(X)","(X)","(X)","(X)","(X)","(X)","486","139","0.0","6.9","45.7","15.3","83.5","10.8","38.7","15.2","(X)","(X)","(X)","(X)","67.3","12.6","27.8","13.2","4.9","5.6","52.7","13.1","47.3","13.1",
"1400000US06111005303","Census Tract 53.03, Ventura County, California","3314","87","2.93","0.16","2503","171","3.40","0.17","1232","144","17.1","7.3","13.2","6.3","69.6","9.4","3314","87","39.0","4.4","32.2","4.5","19.2","5.3","7.6","3.0","0.0","1.0","3.4","2.3","82.3","2.8","11.5","2.6","6.3","1.6","72.7","5.5","27.3","5.5","2126","187","3.54","0.20","2126","187","3.54","0.20","1076","156","19.6","8.1","13.4","7.0","67.0","10.2","2126","187","51.5","6.3","24.7","5.9","(X)","(X)","(X)","(X)","(X)","(X)","(X)","(X)","86.7","4.3","10.5","4.0","2.8","2.0","74.8","7.0","25.2","7.0","189","110","2.87","0.62","189","110","2.57","0.52","82","64","0.0","33.2","0.0","33.2","100.0","33.2","189","110","50.8","32.3","35.4","33.2","(X)","(X)","(X)","(X)","(X)","(X)","(X)","(X)","67.7","26.3","22.8","20.9","9.5","16.2","42.9","33.6","57.1","33.6","188","85","2.93","0.59","188","85","2.76","0.49","74","55","0.0","35.5","25.7","34.3","74.3","34.3","188","85","44.1","24.7","34.0","21.5","(X)","(X)","(X)","(X)","(X)","(X)","(X)","(X)","85.6","17.0","10.1","15.2","4.3","7.9","72.9","20.7","27.1","20.7","811","188","1.35","0.19","(X)","(X)","(X)","(X)","(X)","(X)","(X)","(X)","(X)","(X)","(X)","(X)","811","188","2.3","4.0","50.6","11.6","78.3","11.6","31.1","11.3","(X)","(X)","(X)","(X)","73.2","11.3","11.7","8.4","15.0","8.0","74.1","12.6","25.9","12.6",
"1400000US06111005304","Census Tract 53.04, Ventura County, California","2799","146","1.77","0.12","1240","174","2.48","0.17","178","86","49.4","27.1","0.0","17.8","50.6","27.1","2799","146","9.0","4.3","80.2","5.0","49.9","5.9","41.8","6.0","0.5","0.8","2.4","3.0","88.5","4.3","11.1","4.3","0.5","0.7","72.2","6.2","27.8","6.2","1009","179","2.48","0.20","1009","179","2.44","0.18","128","77","50.0","34.4","0.0","23.6","50.0","34.4","1009","179","16.9","10.1","78.0","9.0","(X)","(X)","(X)","(X)","(X)","(X)","(X)","(X)","91.5","8.0","8.5","8.0","0.0","3.4","65.6","11.8","34.4","11.8","31","38","2.13","0.13","31","38","2.13","0.13","0","12","-","**","-","**","-","**","31","38","51.6","51.6","100.0","55.3","(X)","(X)","(X)","(X)","(X)","(X)","(X)","(X)","100.0","55.3","0.0","55.3","0.0","55.3","100.0","55.3","0.0","55.3","200","87","2.88","0.38","200","87","2.76","0.35","50","49","48.0","52.0","0.0","43.5","52.0","52.0","200","87","32.0","19.8","54.0","19.8","(X)","(X)","(X)","(X)","(X)","(X)","(X)","(X)","86.0","15.6","14.0","15.6","0.0","16.0","72.0","21.9","28.0","21.9","1559","207","1.16","0.11","(X)","(X)","(X)","(X)","(X)","(X)","(X)","(X)","(X)","(X)","(X)","(X)","1559","207","0.0","2.2","84.6","6.7","89.7","6.7","75.1","8.5","(X)","(X)","(X)","(X)","86.6","5.6","12.6","5.4","0.8","1.3","75.9","8.1","24.1","8.1",
"1400000US06111005305","Census Tract 53.05, Ventura County, California","1868","68","2.96","0.14","1650","86","3.08","0.15","508","80","8.9","6.9","5.3","5.6","85.8","8.6","1868","68","29.2","4.1","49.2","5.1","9.0","3.4","4.8","3.1","0.0","1.9","3.3","3.5","100.0","1.9","0.0","1.9","0.0","1.9","95.9","2.9","4.1","2.9","1522","97","3.15","0.15","1522","97","3.08","0.14","486","81","9.3","7.1","5.6","5.9","85.2","8.9","1522","97","32.5","4.6","48.3","5.6","(X)","(X)","(X)","(X)","(X)","(X)","(X)","(X)","100.0","2.3","0.0","2.3","0.0","2.3","98.2","1.6","1.8","1.6","48","47","4.13","0.39","48","47","2.83","0.86","0","17","-","**","-","**","-","**","48","47","60.4","52.3","39.6","52.3","(X)","(X)","(X)","(X)","(X)","(X)","(X)","(X)","100.0","44.4","0.0","44.4","0.0","44.4","39.6","52.3","60.4","52.3","80","54","3.19","0.63","80","54","3.19","0.63","22","26","0.0","65.6","0.0","65.6","100.0","65.6","80","54","27.5","30.0","23.8","26.4","(X)","(X)","(X)","(X)","(X)","(X)","(X)","(X)","100.0","33.7","0.0","33.7","0.0","33.7","100.0","33.7","0.0","33.7","218","71","1.25","0.22","(X)","(X)","(X)","(X)","(X)","(X)","(X)","(X)","(X)","(X)","(X)","(X)","218","71","0.0","14.8","67.0","20.1","77.1","22.8","41.3","22.0","(X)","(X)","(X)","(X)","100.0","14.8","0.0","14.8","0.0","14.8","90.8","11.3","9.2","11.3",
"1400000US06111005306","Census Tract 53.06, Ventura County, California","1656","74","2.97","0.14","1295","83","3.34","0.17","483","56","11.4","7.9","21.7","10.5","66.9","11.6","1656","74","33.2","3.5","39.3","4.7","17.9","4.5","8.8","3.3","0.8","1.1","3.7","2.4","94.6","3.4","5.4","3.4","0.0","2.1","84.6","5.6","15.4","5.6","1108","104","3.48","0.18","1108","104","3.44","0.19","454","57","12.1","8.4","23.1","11.1","64.8","12.2","1108","104","42.9","4.6","39.0","5.2","(X)","(X)","(X)","(X)","(X)","(X)","(X)","(X)","98.6","1.6","1.4","1.6","0.0","3.1","86.3","4.9","13.7","4.9","48","37","3.48","0.50","48","37","3.06","0.45","17","20","0.0","74.6","0.0","74.6","100.0","74.6","48","37","35.4","33.5","47.9","36.6","(X)","(X)","(X)","(X)","(X)","(X)","(X)","(X)","100.0","44.4","0.0","44.4","0.0","44.4","89.6","17.6","10.4","17.6","139","65","2.74","0.31","139","65","2.62","0.31","12","17","0.0","88.8","0.0","88.8","100.0","88.8","139","65","41.0","22.5","20.9","17.5","(X)","(X)","(X)","(X)","(X)","(X)","(X)","(X)","82.0","22.5","18.0","22.5","0.0","22.0","74.8","26.0","25.2","26.0","361","90","1.40","0.37","(X)","(X)","(X)","(X)","(X)","(X)","(X)","(X)","(X)","(X)","(X)","(X)","361","90","0.0","9.2","46.3","15.6","82.3","11.5","40.2","15.0","(X)","(X)","(X)","(X)","86.4","14.4","13.6","14.4","0.0","9.2","82.5","16.6","17.5","16.6",
"1400000US06111005401","Census Tract 54.01, Ventura County, California","1327","50","3.06","0.17","1151","76","3.25","0.17","429","65","8.6","10.8","19.8","12.4","71.6","16.1","1327","50","34.1","5.0","48.0","5.4","7.3","3.6","3.8","2.4","0.5","0.8","2.7","2.1","91.9","4.7","8.1","4.7","0.0","2.6","83.1","6.3","16.9","6.3","1053","85","3.30","0.18","1053","85","3.28","0.18","410","66","9.0","11.3","20.7","13.0","70.2","16.8","1053","85","40.0","5.7","46.5","6.2","(X)","(X)","(X)","(X)","(X)","(X)","(X)","(X)","93.4","4.9","6.6","4.9","0.0","3.3","83.3","7.4","16.7","7.4","46","45","3.09","1.46","46","45","2.91","1.42","11","19","0.0","92.8","0.0","92.8","100.0","92.8","46","45","23.9","43.5","0.0","45.4","(X)","(X)","(X)","(X)","(X)","(X)","(X)","(X)","100.0","45.4","0.0","45.4","0.0","45.4","76.1","43.5","23.9","43.5","52","36","2.94","0.88","52","36","2.94","0.88","8","11","0.0","100.0","0.0","100.0","100.0","100.0","52","36","40.4","36.9","73.1","29.2","(X)","(X)","(X)","(X)","(X)","(X)","(X)","(X)","94.2","11.4","5.8","11.4","0.0","42.7","94.2","11.4","5.8","11.4","176","62","1.69","0.31","(X)","(X)","(X)","(X)","(X)","(X)","(X)","(X)","(X)","(X)","(X)","(X)","176","62","0.0","17.9","61.9","19.1","55.1","17.2","28.4","16.7","(X)","(X)","(X)","(X)","80.1","17.2","19.9","17.2","0.0","17.9","80.7","14.9","19.3","14.9",
"1400000US06111005403","Census Tract 54.03, Ventura County, California","958","44","2.74","0.29","554","63","3.69","0.32","253","53","11.9","8.5","23.7","12.9","64.4","17.3","958","44","30.9","5.6","45.3","6.7","37.9","6.5","24.7","4.8","0.0","3.6","2.7","2.7","62.8","5.8","37.2","5.8","0.0","3.6","40.4","6.0","59.6","6.0","381","63","4.14","0.32","381","63","4.02","0.34","199","56","9.0","8.0","30.2","14.6","60.8","17.0","381","63","56.4","11.1","30.4","10.1","(X)","(X)","(X)","(X)","(X)","(X)","(X)","(X)","84.3","8.2","15.7","8.2","0.0","8.8","60.1","10.7","39.9","10.7","34","31","5.53","2.47","34","31","4.47","1.85","15","21","20.0","50.7","0.0","79.5","80.0","50.7","34","31","82.4","27.5","0.0","52.8","(X)","(X)","(X)","(X)","(X)","(X)","(X)","(X)","91.2","22.6","8.8","22.6","0.0","52.8","52.9","44.5","47.1","44.5","139","55","2.75","0.27","139","55","2.59","0.24","39","28","23.1","30.2","0.0","49.3","76.9","30.2","139","55","31.7","18.4","43.2","22.6","(X)","(X)","(X)","(X)","(X)","(X)","(X)","(X)","83.5","17.8","16.5","17.8","0.0","22.0","46.0","22.3","54.0","22.3","404","64","1.18","0.18","(X)","(X)","(X)","(X)","(X)","(X)","(X)","(X)","(X)","(X)","(X)","(X)","404","64","2.2","3.0","63.9","10.2","89.9","8.2","58.7","10.6","(X)","(X)","(X)","(X)","33.2","9.9","66.8","9.9","0.0","8.3","18.8","8.6","81.2","8.6",
"1400000US06111005404","Census Tract 54.04, Ventura County, California","1166","58","3.33","0.22","1030","76","3.51","0.20","412","67","7.5","7.2","31.1","14.0","61.4","13.5","1166","58","36.5","5.6","36.2","6.4","10.6","4.8","5.9","3.4","0.0","3.0","3.6","3.3","100.0","3.0","0.0","3.0","0.0","3.0","84.9","6.3","15.1","6.3","774","96","3.66","0.25","774","96","3.60","0.23","296","74","10.5","9.8","25.3","19.6","64.2","17.9","774","96","40.1","7.8","36.0","9.3","(X)","(X)","(X)","(X)","(X)","(X)","(X)","(X)","100.0","4.4","0.0","4.4","0.0","4.4","90.4","5.9","9.6","5.9","71","43","3.32","0.92","71","43","3.15","0.64","35","38","0.0","52.0","34.3","55.1","65.7","55.1","71","43","49.3","38.1","22.5","28.1","(X)","(X)","(X)","(X)","(X)","(X)","(X)","(X)","100.0","36.4","0.0","36.4","0.0","36.4","57.7","37.4","42.3","37.4","185","61","3.58","0.72","185","61","3.27","0.59","81","51","0.0","33.5","50.6","31.8","49.4","31.8","185","61","43.8","22.0","25.9","15.7","(X)","(X)","(X)","(X)","(X)","(X)","(X)","(X)","100.0","17.2","0.0","17.2","0.0","17.2","63.8","20.7","36.2","20.7","136","58","1.17","0.22","(X)","(X)","(X)","(X)","(X)","(X)","(X)","(X)","(X)","(X)","(X)","(X)","136","58","0.0","22.4","58.1","21.3","91.2","10.6","50.7","21.3","(X)","(X)","(X)","(X)","100.0","22.4","0.0","22.4","0.0","22.4","96.3","5.4","3.7","5.4",
"1400000US06111005502","Census Tract 55.02, Ventura County, California","2006","131","2.43","0.25","1021","162","3.19","0.38","460","94","19.8","12.2","33.3","17.9","47.0","17.0","2006","131","25.7","5.5","23.3","6.6","33.0","9.6","5.6","4.7","0.0","1.7","11.2","5.1","32.8","6.6","67.2","6.6","0.0","1.7","19.9","4.8","80.1","4.8","672","165","3.21","0.46","672","165","3.14","0.46","192","81","22.4","19.7","27.6","22.5","50.0","22.6","672","165","28.6","11.7","36.0","12.5","(X)","(X)","(X)","(X)","(X)","(X)","(X)","(X)","54.8","10.5","45.2","10.5","0.0","5.1","31.1","8.1","68.9","8.1","145","103","3.86","0.71","145","103","3.23","0.81","106","80","28.3","34.0","17.0","30.6","54.7","41.2","145","103","73.1","35.2","0.0","21.2","(X)","(X)","(X)","(X)","(X)","(X)","(X)","(X)","4.8","12.1","95.2","12.1","0.0","21.2","4.8","12.1","95.2","12.1","204","111","3.56","1.11","204","111","3.34","0.96","162","90","11.1","17.9","50.6","31.3","38.3","29.7","204","111","100.0","15.7","0.0","15.7","(X)","(X)","(X)","(X)","(X)","(X)","(X)","(X)","28.9","21.3","71.1","21.3","0.0","15.7","8.8","11.5","91.2","11.5","985","188","1.46","0.17","(X)","(X)","(X)","(X)","(X)","(X)","(X)","(X)","(X)","(X)","(X)","(X)","985","188","1.3","2.1","22.9","11.1","67.2","13.0","11.5","8.6","(X)","(X)","(X)","(X)","22.6","8.9","77.4","8.9","0.0","3.5","16.9","8.3","83.1","8.3",
"1400000US06111005503","Census Tract 55.03, Ventura County, California","1311","86","3.15","0.21","1011","85","3.65","0.25","493","63","23.9","10.8","26.4","12.3","49.7","13.4","1311","86","44.9","5.7","45.0","6.7","19.6","5.2","17.5","5.3","0.0","2.6","4.0","2.8","82.2","5.5","17.8","5.5","0.0","2.6","48.5","6.1","51.5","6.1","789","112","3.73","0.28","789","112","3.70","0.27","381","78","26.8","13.1","31.5","14.2","41.7","14.4","789","112","57.3","7.5","36.0","7.9","(X)","(X)","(X)","(X)","(X)","(X)","(X)","(X)","95.4","4.2","4.6","4.2","0.0","4.3","54.2","8.6","45.8","8.6","77","61","4.01","1.69","77","61","3.75","1.58","46","40","0.0","45.4","21.7","30.3","78.3","30.3","77","61","59.7","46.1","0.0","34.6","(X)","(X)","(X)","(X)","(X)","(X)","(X)","(X)","100.0","34.6","0.0","34.6","0.0","34.6","24.7","32.4","75.3","32.4","145","74","3.50","0.45","145","74","3.35","0.44","66","55","24.2","34.0","0.0","37.9","75.8","34.0","145","74","57.2","21.3","42.8","21.4","(X)","(X)","(X)","(X)","(X)","(X)","(X)","(X)","81.4","20.3","18.6","20.3","0.0","21.2","60.0","24.2","40.0","24.2","300","76","1.22","0.15","(X)","(X)","(X)","(X)","(X)","(X)","(X)","(X)","(X)","(X)","(X)","(X)","300","76","2.3","4.0","81.3","12.7","85.7","9.5","76.3","13.5","(X)","(X)","(X)","(X)","43.0","12.9","57.0","12.9","0.0","11.0","34.0","11.8","66.0","11.8",
"1400000US06111005504","Census Tract 55.04, Ventura County, California","1548","46","2.76","0.16","1100","88","3.35","0.20","511","72","16.8","10.9","22.3","11.6","60.9","14.2","1548","46","33.7","4.6","47.4","6.2","26.5","4.9","13.9","4.2","0.0","2.2","1.9","1.7","89.1","3.7","9.9","3.5","1.0","1.6","74.0","5.4","26.0","5.4","914","109","3.41","0.23","914","109","3.41","0.23","428","85","17.1","12.2","22.4","12.2","60.5","15.0","914","109","47.9","7.9","40.7","8.2","(X)","(X)","(X)","(X)","(X)","(X)","(X)","(X)","97.6","2.2","2.4","2.2","0.0","3.8","79.5","7.3","20.5","7.3","29","25","3.03","0.86","29","25","3.03","0.86","5","10","0.0","100.0","0.0","100.0","100.0","100.0","29","25","17.2","29.4","82.8","29.4","(X)","(X)","(X)","(X)","(X)","(X)","(X)","(X)","65.5","40.3","34.5","40.3","0.0","57.1","44.8","40.9","55.2","40.9","157","63","3.36","0.47","157","63","3.07","0.50","78","56","16.7","28.0","23.1","29.6","60.3","35.7","157","63","49.7","26.6","43.9","24.5","(X)","(X)","(X)","(X)","(X)","(X)","(X)","(X)","89.8","10.9","10.2","10.9","0.0","19.8","89.8","10.9","10.2","10.9","448","78","1.19","0.18","(X)","(X)","(X)","(X)","(X)","(X)","(X)","(X)","(X)","(X)","(X)","(X)","448","78","0.0","7.5","59.8","13.0","91.5","7.2","48.0","12.6","(X)","(X)","(X)","(X)","73.0","10.8","23.4","10.6","3.6","5.5","58.9","13.3","41.1","13.3",
"1400000US06111005600","Census Tract 56, Ventura County, California","3850","141","2.43","0.16","2414","203","3.10","0.19","951","195","25.9","9.9","18.1","10.6","56.0","10.1","3850","141","27.0","4.9","37.7","4.3","33.3","5.5","12.9","3.3","0.0","0.9","3.1","2.1","67.5","5.4","17.6","4.8","14.9","3.2","64.4","5.0","35.6","5.0","1771","226","3.35","0.22","1771","226","3.31","0.22","734","166","24.0","10.7","21.5","13.8","54.5","12.9","1771","226","43.1","7.2","32.9","6.5","(X)","(X)","(X)","(X)","(X)","(X)","(X)","(X)","80.7","6.3","7.0","3.7","12.3","5.2","72.6","7.2","27.4","7.2","158","89","2.56","0.45","158","89","2.38","0.30","42","41","69.0","45.5","0.0","47.5","31.0","45.5","158","89","57.0","34.6","73.4","24.0","(X)","(X)","(X)","(X)","(X)","(X)","(X)","(X)","51.3","34.4","0.0","19.7","48.7","34.4","81.0","21.2","19.0","21.2","485","154","2.64","0.26","485","154","2.58","0.25","175","97","23.4","25.7","8.0","13.5","68.6","26.1","485","154","36.1","19.2","17.9","10.3","(X)","(X)","(X)","(X)","(X)","(X)","(X)","(X)","64.5","19.2","28.7","18.5","6.8","7.8","71.8","18.2","28.2","18.2","1436","231","1.21","0.13","(X)","(X)","(X)","(X)","(X)","(X)","(X)","(X)","(X)","(X)","(X)","(X)","1436","231","0.7","1.3","46.4","11.6","89.2","6.2","34.5","8.8","(X)","(X)","(X)","(X)","54.0","12.3","28.8","11.1","17.2","6.0","50.1","10.4","49.9","10.4",
"1400000US06111005700","Census Tract 57, Ventura County, California","617","43","2.39","0.19","378","47","3.01","0.20","202","34","32.7","11.9","26.2","11.4","41.1","14.6","617","43","33.7","5.8","18.5","7.8","31.0","8.7","8.4","6.2","0.0","5.5","5.0","3.5","34.8","6.8","64.5","6.9","0.6","0.9","29.3","7.4","70.7","7.4","298","52","3.29","0.29","298","52","3.19","0.24","153","30","32.0","12.6","31.4","14.7","36.6","15.8","298","52","53.4","11.1","20.8","11.0","(X)","(X)","(X)","(X)","(X)","(X)","(X)","(X)","52.3","9.5","47.7","9.5","0.0","11.1","41.6","10.2","58.4","10.2","0","12","-","**","0","12","-","**","0","12","-","**","-","**","-","**","0","12","-","**","-","**","(X)","(X)","(X)","(X)","(X)","(X)","(X)","(X)","-","**","-","**","-","**","-","**","-","**","80","40","2.41","0.42","80","40","2.35","0.40","49","32","34.7","41.3","10.2","16.9","55.1","39.1","80","40","61.3","30.3","0.0","33.7","(X)","(X)","(X)","(X)","(X)","(X)","(X)","(X)","25.0","22.0","75.0","22.0","0.0","33.7","21.3","20.8","78.8","20.8","239","60","1.26","0.16","(X)","(X)","(X)","(X)","(X)","(X)","(X)","(X)","(X)","(X)","(X)","(X)","239","60","0.0","13.6","21.8","14.6","79.9","12.6","21.8","14.6","(X)","(X)","(X)","(X)","16.3","8.1","82.0","8.6","1.7","2.5","16.7","9.1","83.3","9.1",
"1400000US06111005801","Census Tract 58.01, Ventura County, California","1705","60","3.11","0.14","1502","90","3.31","0.15","750","67","11.6","5.0","16.0","7.9","72.4","8.8","1705","60","44.5","4.0","36.2","5.1","8.7","4.1","4.5","2.8","0.0","2.0","1.5","1.4","100.0","2.0","0.0","2.0","0.0","2.0","84.0","5.2","16.0","5.2","1342","97","3.37","0.16","1342","97","3.37","0.16","686","68","11.2","5.4","17.5","8.5","71.3","9.4","1342","97","51.1","5.2","36.9","5.8","(X)","(X)","(X)","(X)","(X)","(X)","(X)","(X)","100.0","2.6","0.0","2.6","0.0","2.6","85.2","5.8","14.8","5.8","33","26","3.12","0.65","33","26","3.12","0.65","19","20","0.0","70.6","0.0","70.6","100.0","70.6","33","26","57.6","38.6","0.0","53.6","(X)","(X)","(X)","(X)","(X)","(X)","(X)","(X)","100.0","53.6","0.0","53.6","0.0","53.6","51.5","42.7","48.5","42.7","127","59","2.70","0.49","127","59","2.70","0.49","45","31","22.2","28.9","0.0","45.9","77.8","28.9","127","59","35.4","21.5","24.4","22.6","(X)","(X)","(X)","(X)","(X)","(X)","(X)","(X)","100.0","23.8","0.0","23.8","0.0","23.8","70.9","26.3","29.1","26.3","203","72","1.63","0.45","(X)","(X)","(X)","(X)","(X)","(X)","(X)","(X)","(X)","(X)","(X)","(X)","203","72","4.4","7.9","45.3","18.6","72.9","17.8","37.4","18.2","(X)","(X)","(X)","(X)","100.0","15.8","0.0","15.8","0.0","15.8","89.2","15.4","10.8","15.4",
"1400000US06111005802","Census Tract 58.02, Ventura County, California","3039","101","3.10","0.15","2456","166","3.47","0.15","1358","145","13.2","7.9","10.5","7.0","76.4","9.6","3039","101","48.0","4.5","38.2","4.3","15.6","4.5","6.2","2.4","0.0","1.1","4.8","3.1","90.2","3.4","1.7","1.2","8.1","3.3","89.8","4.3","10.2","4.3","2093","181","3.55","0.16","2093","181","3.55","0.16","1137","162","15.7","9.4","12.5","8.3","71.8","11.3","2093","181","58.5","5.5","34.9","5.2","(X)","(X)","(X)","(X)","(X)","(X)","(X)","(X)","94.1","4.2","0.6","1.0","5.3","4.1","94.2","3.4","5.8","3.4","32","40","4.84","2.05","32","40","3.16","0.28","32","40","0.0","54.4","0.0","54.4","100.0","54.4","32","40","100.0","54.4","0.0","54.4","(X)","(X)","(X)","(X)","(X)","(X)","(X)","(X)","100.0","54.4","0.0","54.4","0.0","54.4","100.0","54.4","0.0","54.4","331","124","3.10","0.32","331","124","3.02","0.32","189","104","0.0","16.8","0.0","16.8","100.0","16.8","331","124","61.3","20.9","35.0","21.3","(X)","(X)","(X)","(X)","(X)","(X)","(X)","(X)","79.2","19.1","0.0","10.0","20.8","19.1","82.2","15.2","17.8","15.2","583","146","1.40","0.35","(X)","(X)","(X)","(X)","(X)","(X)","(X)","(X)","(X)","(X)","(X)","(X)","583","146","0.0","5.8","54.0","16.8","81.1","14.8","32.1","13.0","(X)","(X)","(X)","(X)","81.8","9.7","6.9","4.9","11.3","8.9","77.7","13.8","22.3","13.8",
"1400000US06111005901","Census Tract 59.01, Ventura County, California","2219","139","3.15","0.21","1847","144","3.45","0.22","666","129","13.5","12.2","23.3","16.4","63.2","17.6","2219","139","34.3","5.2","51.3","6.4","12.9","5.4","5.8","3.0","0.0","1.6","5.5","4.1","100.0","1.6","0.0","1.6","0.0","1.6","85.0","7.3","15.0","7.3","1640","149","3.53","0.25","1640","149","3.51","0.24","619","125","14.5","13.0","25.0","17.5","60.4","18.4","1640","149","43.6","7.3","49.4","7.3","(X)","(X)","(X)","(X)","(X)","(X)","(X)","(X)","100.0","2.1","0.0","2.1","0.0","2.1","85.8","8.0","14.2","8.0","68","63","2.63","0.81","68","63","2.63","0.81","47","53","0.0","44.9","0.0","44.9","100.0","44.9","68","63","69.1","45.5","30.9","45.5","(X)","(X)","(X)","(X)","(X)","(X)","(X)","(X)","100.0","37.3","0.0","37.3","0.0","37.3","100.0","37.3","0.0","37.3","139","71","4.01","0.98","139","71","3.14","0.35","0","17","-","**","-","**","-","**","139","71","0.0","22.0","66.9","31.2","(X)","(X)","(X)","(X)","(X)","(X)","(X)","(X)","100.0","22.0","0.0","22.0","0.0","22.0","77.7","21.4","22.3","21.4","372","134","1.27","0.22","(X)","(X)","(X)","(X)","(X)","(X)","(X)","(X)","(X)","(X)","(X)","(X)","372","134","0.0","9.0","57.5","19.6","77.2","19.9","34.4","17.8","(X)","(X)","(X)","(X)","100.0","9.0","0.0","9.0","0.0","9.0","81.5","20.0","18.5","20.0",
"1400000US06111005906","Census Tract 59.06, Ventura County, California","2545","106","2.65","0.13","1792","135","3.17","0.13","791","106","19.3","10.3","20.4","11.0","60.3","12.8","2545","106","31.6","4.2","37.7","5.4","21.7","5.7","5.2","3.2","0.0","1.4","4.7","3.0","73.5","4.3","26.5","4.3","0.0","1.4","66.1","4.8","33.9","4.8","1592","161","3.26","0.14","1592","161","3.24","0.14","749","107","20.4","10.8","20.2","11.3","59.4","13.0","1592","161","47.9","6.2","41.7","7.5","(X)","(X)","(X)","(X)","(X)","(X)","(X)","(X)","87.2","5.5","12.8","5.5","0.0","2.2","81.2","5.7","18.8","5.7","56","52","2.50","0.54","56","52","2.27","0.22","0","17","-","**","-","**","-","**","56","52","0.0","41.1","50.0","50.0","(X)","(X)","(X)","(X)","(X)","(X)","(X)","(X)","100.0","41.1","0.0","41.1","0.0","41.1","100.0","41.1","0.0","41.1","144","77","2.83","0.38","144","77","2.70","0.31","42","36","0.0","47.5","23.8","46.0","76.2","46.0","144","77","29.2","26.9","30.6","30.5","(X)","(X)","(X)","(X)","(X)","(X)","(X)","(X)","72.9","23.7","27.1","23.7","0.0","21.4","66.0","25.1","34.0","25.1","753","160","1.34","0.17","(X)","(X)","(X)","(X)","(X)","(X)","(X)","(X)","(X)","(X)","(X)","(X)","753","160","0.0","4.5","29.7","13.6","73.3","12.8","17.5","10.0","(X)","(X)","(X)","(X)","42.6","13.2","57.4","13.2","0.0","4.5","31.7","10.1","68.3","10.1",
"1400000US06111005907","Census Tract 59.07, Ventura County, California","1835","85","2.00","0.15","968","143","2.65","0.18","304","103","26.6","15.1","7.2","7.7","66.1","15.7","1835","85","16.6","5.2","61.3","6.0","39.5","6.3","25.2","5.9","0.0","1.9","5.0","3.6","84.4","5.4","15.6","5.4","0.0","1.9","75.3","5.0","24.7","5.0","814","119","2.66","0.20","814","119","2.66","0.20","209","72","38.8","19.8","6.2","8.5","55.0","19.7","814","119","25.7","7.3","56.4","8.7","(X)","(X)","(X)","(X)","(X)","(X)","(X)","(X)","91.5","6.3","8.5","6.3","0.0","4.2","80.0","8.6","20.0","8.6","40","32","3.08","1.23","40","32","2.55","0.45","21","23","0.0","67.2","42.9","57.1","57.1","57.1","40","32","52.5","42.8","47.5","42.8","(X)","(X)","(X)","(X)","(X)","(X)","(X)","(X)","70.0","39.0","30.0","39.0","0.0","48.7","47.5","42.8","52.5","42.8","114","71","2.65","0.34","114","71","2.65","0.34","74","62","0.0","35.5","0.0","35.5","100.0","35.5","114","71","64.9","27.0","28.9","24.7","(X)","(X)","(X)","(X)","(X)","(X)","(X)","(X)","52.6","34.5","47.4","34.5","0.0","26.0","53.5","33.2","46.5","33.2","867","110","1.24","0.15","(X)","(X)","(X)","(X)","(X)","(X)","(X)","(X)","(X)","(X)","(X)","(X)","867","110","0.0","4.0","70.8","8.9","83.6","8.7","53.3","11.0","(X)","(X)","(X)","(X)","82.6","9.3","17.4","9.3","0.0","4.0","75.0","9.4","25.0","9.4",
"1400000US06111005908","Census Tract 59.08, Ventura County, California","985","34","3.09","0.28","767","61","3.48","0.31","352","80","20.2","11.3","28.4","13.1","51.4","13.3","985","34","38.0","8.1","44.9","8.1","16.8","5.1","4.8","2.2","0.0","3.5","2.6","2.8","95.0","2.0","4.5","1.9","0.5","0.8","69.3","7.6","30.7","7.6","625","66","3.48","0.35","625","66","3.47","0.35","303","76","21.8","12.4","33.0","14.4","45.2","13.7","625","66","48.5","10.1","42.7","10.3","(X)","(X)","(X)","(X)","(X)","(X)","(X)","(X)","96.5","2.8","3.5","2.8","0.0","5.4","67.2","10.5","32.8","10.5","75","38","3.71","0.50","75","38","3.01","0.52","26","28","19.2","38.3","0.0","60.4","80.8","38.3","75","38","42.7","29.3","78.7","16.2","(X)","(X)","(X)","(X)","(X)","(X)","(X)","(X)","92.0","12.0","8.0","12.0","0.0","35.2","56.0","27.2","44.0","27.2","67","27","4.34","1.13","67","27","4.10","1.23","23","19","0.0","64.2","0.0","64.2","100.0","64.2","67","27","41.8","23.7","56.7","20.3","(X)","(X)","(X)","(X)","(X)","(X)","(X)","(X)","91.0","12.3","9.0","12.3","0.0","37.6","74.6","20.4","25.4","20.4","218","56","1.39","0.17","(X)","(X)","(X)","(X)","(X)","(X)","(X)","(X)","(X)","(X)","(X)","(X)","218","56","5.0","5.4","35.8","12.4","75.7","10.1","21.6","8.9","(X)","(X)","(X)","(X)","93.1","6.0","4.6","5.0","2.3","3.5","78.4","13.1","21.6","13.1",
"1400000US06111005909","Census Tract 59.09, Ventura County, California","1479","60","2.50","0.19","1008","109","2.95","0.20","298","78","24.5","13.4","4.7","6.9","70.8","14.0","1479","60","21.6","5.3","54.3","5.8","24.6","7.5","15.4","5.6","0.0","2.3","3.5","2.4","70.9","6.2","3.5","3.1","25.6","6.3","82.4","5.9","17.6","5.9","838","108","2.99","0.23","838","108","2.94","0.22","244","74","26.6","15.2","0.0","13.3","73.4","15.2","838","108","29.1","9.3","47.9","9.2","(X)","(X)","(X)","(X)","(X)","(X)","(X)","(X)","71.1","10.0","4.2","4.0","24.7","9.7","93.7","3.6","6.3","3.6","57","42","3.70","1.36","57","42","3.37","1.44","5","8","0.0","100.0","0.0","100.0","100.0","100.0","57","42","47.4","37.4","68.4","36.4","(X)","(X)","(X)","(X)","(X)","(X)","(X)","(X)","64.9","34.9","0.0","40.8","35.1","34.9","100.0","40.8","0.0","40.8","113","57","3.22","0.44","113","57","2.76","0.46","49","32","16.3","26.7","28.6","33.3","55.1","36.0","113","57","43.4","25.1","50.4","25.4","(X)","(X)","(X)","(X)","(X)","(X)","(X)","(X)","85.8","15.7","6.2","10.2","8.0","13.3","66.4","29.1","33.6","29.1","471","118","1.30","0.15","(X)","(X)","(X)","(X)","(X)","(X)","(X)","(X)","(X)","(X)","(X)","(X)","471","118","0.0","7.2","65.0","11.7","77.3","10.8","48.4","13.0","(X)","(X)","(X)","(X)","67.7","11.2","2.1","3.5","30.1","11.5","63.9","13.4","36.1","13.4",
"1400000US06111005910","Census Tract 59.10, Ventura County, California","597","32","2.96","0.17","539","37","3.03","0.17","190","34","19.5","14.2","8.9","8.2","71.6","15.8","597","32","33.3","5.4","48.9","5.9","6.9","3.6","2.8","2.2","0.3","0.8","1.8","1.9","100.0","5.7","0.0","5.7","0.0","5.7","91.1","5.4","8.9","5.4","506","37","3.01","0.17","506","37","2.97","0.17","171","37","21.6","15.7","9.9","9.2","68.4","17.4","506","37","34.4","6.8","51.8","6.6","(X)","(X)","(X)","(X)","(X)","(X)","(X)","(X)","100.0","6.7","0.0","6.7","0.0","6.7","93.1","5.5","6.9","5.5","29","26","4.45","0.79","29","26","4.03","1.19","15","21","0.0","79.5","0.0","79.5","100.0","79.5","29","26","72.4","37.3","20.7","31.6","(X)","(X)","(X)","(X)","(X)","(X)","(X)","(X)","100.0","57.1","0.0","57.1","0.0","57.1","72.4","37.3","27.6","37.3","4","6","6.25","4.17","4","6","3.25","1.76","4","6","0.0","100.0","0.0","100.0","100.0","100.0","4","6","100.0","100.0","0.0","100.0","(X)","(X)","(X)","(X)","(X)","(X)","(X)","(X)","100.0","100.0","0.0","100.0","0.0","100.0","0.0","100.0","100.0","100.0","58","31","1.57","0.48","(X)","(X)","(X)","(X)","(X)","(X)","(X)","(X)","(X)","(X)","(X)","(X)","58","31","0.0","40.4","41.4","24.1","70.7","23.8","29.3","22.1","(X)","(X)","(X)","(X)","100.0","40.4","0.0","40.4","0.0","40.4","89.7","16.4","10.3","16.4",
"1400000US06111005911","Census Tract 59.11, Ventura County, California","1503","91","2.42","0.24","803","116","3.02","0.26","245","90","6.1","9.9","8.6","8.4","85.3","12.1","1503","91","17.0","5.9","42.1","6.1","33.2","7.1","12.1","4.2","0.0","2.3","6.4","3.0","73.3","5.3","26.7","5.3","0.0","2.3","64.1","6.3","35.9","6.3","713","102","3.02","0.28","713","102","2.98","0.27","205","83","7.3","11.8","5.9","7.9","86.8","12.9","713","102","28.8","10.1","44.9","8.3","(X)","(X)","(X)","(X)","(X)","(X)","(X)","(X)","87.4","7.1","12.6","7.1","0.0","4.8","85.8","6.1","14.2","6.1","9","15","3.11","0.70","9","15","3.11","0.70","9","15","0.0","100.0","0.0","100.0","100.0","100.0","9","15","100.0","100.0","0.0","100.0","(X)","(X)","(X)","(X)","(X)","(X)","(X)","(X)","100.0","100.0","0.0","100.0","0.0","100.0","100.0","100.0","0.0","100.0","81","54","3.70","0.62","81","54","3.40","0.45","31","29","0.0","55.3","29.0","41.0","71.0","41.0","81","54","51.9","36.7","30.9","26.7","(X)","(X)","(X)","(X)","(X)","(X)","(X)","(X)","30.9","26.7","69.1","26.7","0.0","33.5","13.6","19.7","86.4","19.7","700","120","1.66","0.40","(X)","(X)","(X)","(X)","(X)","(X)","(X)","(X)","(X)","(X)","(X)","(X)","700","120","0.0","4.9","41.1","10.7","71.3","11.2","26.0","8.8","(X)","(X)","(X)","(X)","63.6","10.5","36.4","10.5","0.0","4.9","47.3","11.7","52.7","11.7",
"1400000US06111006000","Census Tract 60, Ventura County, California","1565","41","3.04","0.17","1207","104","3.46","0.18","539","74","21.7","8.8","17.6","9.1","60.7","9.2","1565","41","38.5","4.7","38.6","6.3","19.6","6.7","8.2","4.5","0.6","1.0","2.6","2.1","99.3","1.2","0.7","1.2","0.0","2.2","86.2","4.8","13.8","4.8","1056","115","3.57","0.20","1056","115","3.47","0.22","483","72","24.2","9.9","19.7","10.1","56.1","10.2","1056","115","48.2","5.9","33.9","7.3","(X)","(X)","(X)","(X)","(X)","(X)","(X)","(X)","99.0","1.8","1.0","1.8","0.0","3.3","91.4","4.7","8.6","4.7","42","33","3.74","1.01","42","33","3.74","1.01","16","20","0.0","76.9","0.0","76.9","100.0","76.9","42","33","59.5","35.5","61.9","34.3","(X)","(X)","(X)","(X)","(X)","(X)","(X)","(X)","100.0","47.5","0.0","47.5","0.0","47.5","61.9","34.3","38.1","34.3","109","56","3.38","0.74","109","56","3.28","0.77","40","32","0.0","48.7","0.0","48.7","100.0","48.7","109","56","55.0","24.1","61.5","23.7","(X)","(X)","(X)","(X)","(X)","(X)","(X)","(X)","100.0","26.9","0.0","26.9","0.0","26.9","77.1","18.7","22.9","18.7","358","103","1.29","0.27","(X)","(X)","(X)","(X)","(X)","(X)","(X)","(X)","(X)","(X)","(X)","(X)","358","103","2.5","3.7","42.7","16.9","85.8","10.6","36.0","16.5","(X)","(X)","(X)","(X)","100.0","9.3","0.0","9.3","0.0","9.3","76.5","14.8","23.5","14.8",
"1400000US06111006100","Census Tract 61, Ventura County, California","2783","115","3.13","0.22","2160","184","3.52","0.22","1251","176","20.3","9.0","30.5","11.8","49.2","10.8","2783","115","46.2","6.6","24.1","3.9","18.8","5.9","2.2","1.7","0.0","1.2","10.7","5.2","51.7","6.8","47.1","6.5","1.2","1.7","41.4","6.5","58.6","6.5","1838","179","3.60","0.26","1838","179","3.60","0.26","1012","185","20.4","10.0","32.1","12.7","47.5","10.8","1838","179","56.0","7.9","27.7","5.6","(X)","(X)","(X)","(X)","(X)","(X)","(X)","(X)","62.4","9.0","37.6","9.0","0.0","1.9","49.4","8.2","50.6","8.2","95","89","3.37","1.04","95","89","2.45","0.53","48","75","0.0","44.4","0.0","44.4","100.0","44.4","95","89","68.4","43.0","0.0","29.9","(X)","(X)","(X)","(X)","(X)","(X)","(X)","(X)","31.6","43.0","68.4","43.0","0.0","29.9","31.6","43.0","68.4","43.0","227","130","4.44","0.88","227","130","3.37","0.64","191","131","25.1","25.1","29.3","38.4","45.5","39.3","227","130","84.1","19.3","12.3","16.2","(X)","(X)","(X)","(X)","(X)","(X)","(X)","(X)","34.4","28.3","51.1","29.0","14.5","20.5","15.9","19.3","84.1","19.3","623","177","1.25","0.20","(X)","(X)","(X)","(X)","(X)","(X)","(X)","(X)","(X)","(X)","(X)","(X)","623","177","0.0","5.5","21.5","10.2","83.8","11.3","9.6","7.2","(X)","(X)","(X)","(X)","29.7","12.8","70.3","12.8","0.0","5.5","28.4","11.4","71.6","11.4",
"1400000US06111006200","Census Tract 62, Ventura County, California","1073","48","2.76","0.16","890","80","3.01","0.19","305","49","6.9","8.7","12.1","9.7","81.0","12.3","1073","48","29.2","4.5","57.9","6.0","13.5","6.0","8.1","5.5","0.0","3.2","5.9","4.8","100.0","3.2","0.0","3.2","0.0","3.2","95.1","3.7","4.9","3.7","775","95","3.07","0.22","775","95","3.05","0.22","257","46","8.2","10.1","14.4","11.3","77.4","14.1","775","95","34.2","5.7","53.2","5.9","(X)","(X)","(X)","(X)","(X)","(X)","(X)","(X)","100.0","4.4","0.0","4.4","0.0","4.4","96.1","3.5","3.9","3.5","0","12","-","**","0","12","-","**","0","12","-","**","-","**","-","**","0","12","-","**","-","**","(X)","(X)","(X)","(X)","(X)","(X)","(X)","(X)","-","**","-","**","-","**","-","**","-","**","115","51","3.15","0.38","115","51","2.80","0.50","48","33","0.0","44.4","0.0","44.4","100.0","44.4","115","51","41.7","27.3","60.0","26.9","(X)","(X)","(X)","(X)","(X)","(X)","(X)","(X)","100.0","25.8","0.0","25.8","0.0","25.8","100.0","25.8","0.0","25.8","183","67","1.18","0.21","(X)","(X)","(X)","(X)","(X)","(X)","(X)","(X)","(X)","(X)","(X)","(X)","183","67","0.0","17.3","76.5","18.3","79.2","23.3","47.5","26.3","(X)","(X)","(X)","(X)","100.0","17.3","0.0","17.3","0.0","17.3","87.4","14.8","12.6","14.8",
"1400000US06111006301","Census Tract 63.01, Ventura County, California","2644","99","2.45","0.14","1748","149","3.01","0.18","563","88","11.9","8.8","16.9","11.3","71.2","14.9","2644","99","22.5","3.6","53.4","4.8","25.6","5.2","16.7","4.4","0.0","1.3","5.6","3.8","76.0","5.6","24.0","5.6","0.0","1.3","67.6","5.9","32.4","5.9","1604","142","3.06","0.19","1604","142","3.06","0.19","511","73","13.1","10.3","18.6","12.7","68.3","17.6","1604","142","33.0","4.9","47.4","5.4","(X)","(X)","(X)","(X)","(X)","(X)","(X)","(X)","80.5","7.7","19.5","7.7","0.0","2.2","74.8","7.7","25.2","7.7","38","58","1.97","0.13","38","58","1.97","0.13","38","58","0.0","49.9","0.0","49.9","100.0","49.9","38","58","100.0","49.9","0.0","49.9","(X)","(X)","(X)","(X)","(X)","(X)","(X)","(X)","100.0","49.9","0.0","49.9","0.0","49.9","0.0","49.9","100.0","49.9","106","62","2.63","0.42","106","62","2.63","0.42","14","23","0.0","82.3","0.0","82.3","100.0","82.2","106","62","13.2","20.4","75.5","25.6","(X)","(X)","(X)","(X)","(X)","(X)","(X)","(X)","75.5","25.3","24.5","25.3","0.0","27.5","76.4","25.5","23.6","25.5","896","161","1.36","0.18","(X)","(X)","(X)","(X)","(X)","(X)","(X)","(X)","(X)","(X)","(X)","(X)","896","161","1.7","2.6","63.8","11.4","75.7","11.1","49.2","12.0","(X)","(X)","(X)","(X)","67.1","10.2","32.9","10.2","0.0","3.8","56.7","11.0","43.3","11.0",
"1400000US06111006302","Census Tract 63.02, Ventura County, California","800","37","2.98","0.25","663","50","3.23","0.26","261","60","19.5","9.9","21.8","13.1","58.6","14.2","800","37","37.4","7.3","47.6","5.5","14.6","5.4","7.4","3.8","0.0","4.3","3.8","3.8","80.8","5.1","19.3","5.1","0.0","4.3","69.1","6.0","30.9","6.0","562","56","3.19","0.22","562","56","3.17","0.21","210","53","24.3","11.6","18.6","13.3","57.1","15.4","562","56","42.9","8.9","44.7","7.4","(X)","(X)","(X)","(X)","(X)","(X)","(X)","(X)","79.2","7.2","20.8","7.2","0.0","6.0","71.5","7.1","28.5","7.1","29","22","2.97","0.49","29","22","2.66","0.57","7","10","0.0","100.0","0.0","100.0","100.0","100.0","29","22","48.3","44.3","41.4","45.1","(X)","(X)","(X)","(X)","(X)","(X)","(X)","(X)","100.0","57.1","0.0","57.1","0.0","57.1","65.5","43.6","34.5","43.6","72","44","4.65","1.02","72","44","3.93","1.41","44","39","0.0","46.4","40.9","48.5","59.1","48.5","72","44","61.1","27.6","48.6","29.9","(X)","(X)","(X)","(X)","(X)","(X)","(X)","(X)","73.6","31.2","26.4","31.2","0.0","36.1","40.3","28.8","59.7","28.8","137","47","1.25","0.21","(X)","(X)","(X)","(X)","(X)","(X)","(X)","(X)","(X)","(X)","(X)","(X)","137","47","0.0","22.3","60.6","17.9","85.4","11.2","43.1","17.9","(X)","(X)","(X)","(X)","86.9","11.1","13.1","11.1","0.0","22.3","75.2","13.7","24.8","13.7",
"1400000US06111006400","Census Tract 64, Ventura County, California","2510","71","2.82","0.23","1986","164","3.11","0.20","595","130","9.6","8.0","22.4","11.0","68.1","12.7","2510","71","26.6","4.8","50.8","5.9","18.1","5.7","8.6","4.0","0.2","0.5","3.8","2.6","98.4","1.9","0.0","1.4","1.6","1.9","82.7","5.7","17.3","5.7","1547","204","3.14","0.23","1547","204","3.04","0.16","406","93","10.1","9.8","32.8","14.8","57.1","16.0","1547","204","27.5","5.5","47.4","6.9","(X)","(X)","(X)","(X)","(X)","(X)","(X)","(X)","99.2","1.3","0.0","2.2","0.8","1.3","88.2","5.9","11.8","5.9","143","90","3.39","0.57","143","90","3.32","0.58","45","57","0.0","45.9","0.0","45.9","100.0","45.9","143","90","44.1","32.8","68.5","32.3","(X)","(X)","(X)","(X)","(X)","(X)","(X)","(X)","80.4","28.0","0.0","21.5","19.6","28.0","68.5","32.3","31.5","32.3","296","143","3.59","1.06","296","143","3.39","1.02","144","103","11.1","20.2","0.0","21.4","88.9","20.2","296","143","60.5","26.0","31.1","27.0","(X)","(X)","(X)","(X)","(X)","(X)","(X)","(X)","100.0","11.1","0.0","11.1","0.0","11.1","63.9","30.6","36.1","30.6","524","163","1.29","0.28","(X)","(X)","(X)","(X)","(X)","(X)","(X)","(X)","(X)","(X)","(X)","(X)","524","163","0.0","6.5","67.2","17.8","86.6","9.9","41.0","17.8","(X)","(X)","(X)","(X)","100.0","6.5","0.0","6.5","0.0","6.5","81.1","16.3","18.9","16.3",
"1400000US06111006500","Census Tract 65, Ventura County, California","1017","72","3.50","0.27","771","82","3.92","0.31","301","70","19.3","13.0","36.9","16.1","43.9","14.5","1017","72","36.6","6.2","35.5","4.3","15.8","6.0","10.4","4.9","0.0","3.4","8.2","4.5","89.2","4.8","10.8","4.8","0.0","3.4","73.8","7.2","26.2","7.2","572","93","3.87","0.37","572","93","3.80","0.36","240","66","24.2","15.5","30.8","18.4","45.0","17.2","572","93","49.1","9.1","24.0","6.9","(X)","(X)","(X)","(X)","(X)","(X)","(X)","(X)","98.8","2.2","1.2","2.2","0.0","5.9","86.9","7.1","13.1","7.1","46","30","5.93","1.40","46","30","4.74","1.15","19","18","0.0","70.6","73.7","40.9","26.3","40.9","46","30","41.3","32.3","50.0","38.7","(X)","(X)","(X)","(X)","(X)","(X)","(X)","(X)","87.0","20.2","13.0","20.2","0.0","45.4","47.8","33.7","52.2","33.7","153","64","4.51","0.78","153","64","4.13","0.74","42","28","0.0","47.5","54.8","47.3","45.2","47.3","153","64","47.1","24.2","58.8","20.4","(X)","(X)","(X)","(X)","(X)","(X)","(X)","(X)","77.8","15.6","22.2","15.6","0.0","20.3","74.5","18.0","25.5","18.0","246","85","1.57","0.45","(X)","(X)","(X)","(X)","(X)","(X)","(X)","(X)","(X)","(X)","(X)","(X)","246","85","0.0","13.2","45.1","17.0","65.4","19.4","43.1","16.9","(X)","(X)","(X)","(X)","74.4","15.6","25.6","15.6","0.0","13.2","48.0","17.3","52.0","17.3",
"1400000US06111006600","Census Tract 66, Ventura County, California","1367","34","3.11","0.24","1026","70","3.55","0.26","406","75","20.4","9.1","16.3","8.8","63.3","11.6","1367","34","30.4","5.5","55.2","6.7","18.7","5.2","12.7","4.5","0.0","2.5","2.4","2.3","98.7","2.0","1.3","2.0","0.0","2.5","91.1","3.8","8.9","3.8","875","75","3.49","0.28","875","75","3.40","0.24","341","80","24.3","11.2","11.7","8.5","63.9","12.2","875","75","39.0","8.2","49.4","9.2","(X)","(X)","(X)","(X)","(X)","(X)","(X)","(X)","100.0","3.9","0.0","3.9","0.0","3.9","95.8","3.1","4.2","3.1","22","24","2.95","0.87","22","24","2.95","0.87","0","12","-","**","-","**","-","**","22","24","0.0","65.6","63.6","63.6","(X)","(X)","(X)","(X)","(X)","(X)","(X)","(X)","100.0","65.6","0.0","65.6","0.0","65.6","100.0","65.6","0.0","65.6","129","50","5.04","1.89","129","50","4.70","1.63","65","37","0.0","38.2","40.0","32.0","60.0","32.0","129","50","57.4","26.9","69.8","18.2","(X)","(X)","(X)","(X)","(X)","(X)","(X)","(X)","100.0","23.5","0.0","23.5","0.0","23.5","81.4","16.0","18.6","16.0","341","65","1.43","0.31","(X)","(X)","(X)","(X)","(X)","(X)","(X)","(X)","(X)","(X)","(X)","(X)","341","65","0.0","9.7","64.2","13.4","74.8","15.7","51.0","14.4","(X)","(X)","(X)","(X)","94.7","8.2","5.3","8.2","0.0","9.7","82.1","11.7","17.9","11.7",
"1400000US06111006700","Census Tract 67, Ventura County, California","1173","33","2.55","0.17","803","74","3.20","0.23","302","62","18.2","12.5","11.9","14.4","69.9","16.0","1173","33","28.5","5.2","44.8","5.4","29.2","6.3","8.8","4.4","0.4","0.7","0.0","2.9","82.4","4.8","17.6","4.8","0.0","2.9","73.0","6.8","27.0","6.8","730","87","3.14","0.26","730","87","3.14","0.26","254","68","21.7","14.7","14.2","17.6","64.2","20.0","730","87","39.2","7.8","53.6","7.7","(X)","(X)","(X)","(X)","(X)","(X)","(X)","(X)","96.6","3.5","3.4","3.5","0.0","4.7","86.6","8.1","13.4","8.1","40","50","4.48","0.27","40","50","4.48","0.27","40","50","0.0","48.7","0.0","48.7","100.0","48.7","40","50","100.0","48.7","0.0","48.7","(X)","(X)","(X)","(X)","(X)","(X)","(X)","(X)","100.0","48.7","0.0","48.7","0.0","48.7","100.0","48.7","0.0","48.7","33","37","2.97","0.73","33","37","2.97","0.73","8","13","0.0","100.0","0.0","100.0","100.0","100.0","33","37","24.2","46.6","0.0","53.6","(X)","(X)","(X)","(X)","(X)","(X)","(X)","(X)","100.0","53.6","0.0","53.6","0.0","53.6","18.2","46.5","81.8","46.5","370","78","1.15","0.13","(X)","(X)","(X)","(X)","(X)","(X)","(X)","(X)","(X)","(X)","(X)","(X)","370","78","0.0","9.0","36.2","12.4","92.4","6.8","27.8","11.8","(X)","(X)","(X)","(X)","50.8","13.9","49.2","13.9","0.0","9.0","48.1","13.3","51.9","13.3",
"1400000US06111006800","Census Tract 68, Ventura County, California","1183","87","3.19","0.26","900","105","3.56","0.28","347","57","2.9","4.7","14.7","16.3","82.4","16.3","1183","87","34.4","6.2","34.3","7.3","13.8","5.6","6.3","3.3","0.0","2.9","9.5","6.2","91.5","5.4","7.9","5.3","0.6","1.0","69.4","8.7","30.6","8.7","664","113","3.78","0.31","664","113","3.72","0.31","250","64","4.0","6.8","20.4","21.8","75.6","21.8","664","113","44.6","8.9","38.7","9.7","(X)","(X)","(X)","(X)","(X)","(X)","(X)","(X)","97.9","1.8","1.1","1.6","1.1","1.7","80.4","10.5","19.6","10.5","47","38","6.32","3.31","47","38","5.74","3.06","40","39","0.0","48.7","0.0","48.7","100.0","48.7","47","38","85.1","27.6","0.0","44.9","(X)","(X)","(X)","(X)","(X)","(X)","(X)","(X)","76.6","34.2","23.4","34.2","0.0","44.9","76.6","34.2","23.4","34.2","189","78","2.61","0.31","189","78","2.48","0.29","57","41","0.0","40.8","0.0","40.8","100.0","40.8","189","78","33.9","19.7","27.0","15.3","(X)","(X)","(X)","(X)","(X)","(X)","(X)","(X)","93.7","9.7","6.3","9.7","0.0","16.8","65.6","23.5","34.4","23.5","283","104","1.68","0.44","(X)","(X)","(X)","(X)","(X)","(X)","(X)","(X)","(X)","(X)","(X)","(X)","283","104","2.5","4.4","34.6","17.1","57.6","20.8","26.1","13.7","(X)","(X)","(X)","(X)","77.4","18.7","22.6","18.7","0.0","11.6","44.9","19.2","55.1","19.2",
"1400000US06111006900","Census Tract 69, Ventura County, California","1767","80","2.25","0.16","888","123","3.06","0.18","398","97","12.6","9.4","24.1","16.7","63.3","17.1","1767","80","22.9","5.5","44.5","6.3","42.2","6.7","22.0","5.1","0.7","1.1","6.6","3.8","38.6","6.1","61.4","6.1","0.0","2.0","38.4","6.0","61.6","6.0","624","114","3.17","0.25","624","114","3.10","0.22","254","78","11.4","11.5","18.1","16.3","70.5","17.5","624","114","40.7","9.9","40.2","10.2","(X)","(X)","(X)","(X)","(X)","(X)","(X)","(X)","54.0","13.1","46.0","13.1","0.0","5.5","43.8","13.3","56.3","13.3","82","62","4.63","0.58","82","62","3.71","0.73","82","62","0.0","33.2","61.0","49.0","39.0","49.0","82","62","100.0","33.2","11.0","14.2","(X)","(X)","(X)","(X)","(X)","(X)","(X)","(X)","32.9","24.6","67.1","24.6","0.0","33.2","32.9","24.6","67.1","24.6","182","77","2.91","0.35","182","77","2.64","0.32","62","44","33.9","33.9","0.0","39.1","66.1","33.9","182","77","34.1","21.2","22.5","16.1","(X)","(X)","(X)","(X)","(X)","(X)","(X)","(X)","63.2","18.7","36.8","18.7","0.0","17.4","57.7","24.8","42.3","24.8","879","129","1.23","0.15","(X)","(X)","(X)","(X)","(X)","(X)","(X)","(X)","(X)","(X)","(X)","(X)","879","129","0.8","1.3","55.2","9.3","84.9","7.9","44.3","9.7","(X)","(X)","(X)","(X)","23.1","7.3","76.9","7.3","0.0","3.9","31.1","7.6","68.9","7.6",
"1400000US06111007000","Census Tract 70, Ventura County, California","1610","79","2.60","0.21","883","116","3.58","0.32","459","99","29.8","14.2","22.4","9.8","47.7","14.6","1610","79","30.2","6.0","43.9","6.5","38.4","6.9","22.2","5.8","0.0","2.1","6.9","4.2","37.1","5.3","62.9","5.3","0.0","2.1","23.2","4.4","76.8","4.4","643","119","3.90","0.43","643","119","3.73","0.38","322","101","24.8","17.3","28.0","13.7","47.2","19.6","643","119","50.1","11.4","29.1","10.3","(X)","(X)","(X)","(X)","(X)","(X)","(X)","(X)","59.4","10.8","40.6","10.8","0.0","5.3","39.3","8.5","60.7","8.5","60","51","4.28","1.48","60","51","3.62","1.74","28","39","0.0","58.2","0.0","58.2","100.0","58.2","60","51","78.3","37.8","0.0","39.7","(X)","(X)","(X)","(X)","(X)","(X)","(X)","(X)","68.3","48.7","31.7","48.7","0.0","39.7","0.0","39.7","100.0","39.7","180","66","3.13","0.45","180","66","3.02","0.41","109","50","52.3","31.1","11.9","14.0","35.8","26.8","180","66","65.6","20.0","24.4","17.7","(X)","(X)","(X)","(X)","(X)","(X)","(X)","(X)","25.6","18.4","74.4","18.4","0.0","17.6","3.3","5.8","96.7","5.8","727","114","1.18","0.09","(X)","(X)","(X)","(X)","(X)","(X)","(X)","(X)","(X)","(X)","(X)","(X)","727","114","0.0","4.7","65.5","10.8","85.1","7.9","49.1","11.0","(X)","(X)","(X)","(X)","17.7","7.2","82.3","7.2","0.0","4.7","15.7","6.6","84.3","6.6",
"1400000US06111007100","Census Tract 71, Ventura County, California","2737","142","2.24","0.21","1224","207","3.18","0.28","614","174","30.0","19.0","14.5","10.5","55.5","18.9","2737","142","25.1","6.8","34.8","8.2","45.3","7.1","16.2","6.2","0.0","1.3","10.7","5.0","26.2","7.5","63.1","7.9","10.7","4.2","31.6","6.4","68.4","6.4","579","167","3.43","0.38","579","167","3.29","0.34","248","119","14.1","16.4","35.9","23.5","50.0","26.4","579","167","44.0","13.8","48.5","17.0","(X)","(X)","(X)","(X)","(X)","(X)","(X)","(X)","33.5","15.4","56.8","15.8","9.7","6.9","30.6","11.7","69.4","11.7","142","102","2.90","0.81","142","102","2.79","0.65","34","41","0.0","52.8","0.0","52.8","100.0","52.8","142","102","60.6","35.2","19.7","24.4","(X)","(X)","(X)","(X)","(X)","(X)","(X)","(X)","51.4","37.6","48.6","37.6","0.0","21.6","29.6","28.8","70.4","28.8","503","183","3.75","0.67","503","183","3.16","0.52","332","178","44.9","30.7","0.0","10.0","55.1","30.7","503","183","69.0","17.7","15.3","13.0","(X)","(X)","(X)","(X)","(X)","(X)","(X)","(X)","24.1","17.4","70.8","18.5","5.2","6.0","23.7","14.9","76.3","14.9","1513","257","1.22","0.11","(X)","(X)","(X)","(X)","(X)","(X)","(X)","(X)","(X)","(X)","(X)","(X)","1513","257","0.0","2.3","37.4","11.4","82.0","8.9","29.3","11.1","(X)","(X)","(X)","(X)","21.8","11.0","64.2","11.2","13.9","7.2","34.9","10.3","65.1","10.3",
"1400000US06111007201","Census Tract 72.01, Ventura County, California","1234","28","2.92","0.14","967","83","3.21","0.16","341","60","14.7","10.4","13.8","10.7","71.6","12.8","1234","28","29.9","4.7","44.4","5.3","11.7","4.9","3.0","2.6","0.0","2.8","5.3","4.4","100.0","2.8","0.0","2.8","0.0","2.8","93.8","4.0","6.2","4.0","835","90","3.34","0.18","835","90","3.27","0.17","295","57","16.9","11.7","15.9","12.2","67.1","14.4","835","90","37.5","5.2","40.2","5.9","(X)","(X)","(X)","(X)","(X)","(X)","(X)","(X)","100.0","4.1","0.0","4.1","0.0","4.1","97.7","2.5","2.3","2.5","14","19","3.07","1.02","14","19","3.07","1.02","0","12","-","**","-","**","-","**","14","19","0.0","82.3","100.0","82.2","(X)","(X)","(X)","(X)","(X)","(X)","(X)","(X)","100.0","82.2","0.0","82.3","0.0","82.3","100.0","82.2","0.0","82.3","118","71","3.07","0.47","118","71","2.77","0.55","46","50","0.0","45.4","0.0","45.4","100.0","45.4","118","71","47.5","28.0","49.2","31.1","(X)","(X)","(X)","(X)","(X)","(X)","(X)","(X)","100.0","25.2","0.0","25.2","0.0","25.2","82.2","22.8","17.8","22.8","267","83","1.55","0.20","(X)","(X)","(X)","(X)","(X)","(X)","(X)","(X)","(X)","(X)","(X)","(X)","267","83","0.0","12.3","52.4","15.5","53.9","17.1","13.9","10.7","(X)","(X)","(X)","(X)","100.0","12.3","0.0","12.3","0.0","12.3","86.5","12.9","13.5","12.9",
"1400000US06111007202","Census Tract 72.02, Ventura County, California","1610","84","2.61","0.18","1158","113","3.08","0.18","364","60","11.0","8.3","8.0","5.9","81.0","9.9","1610","84","24.2","3.2","59.3","5.5","21.8","4.9","12.4","4.2","0.0","2.1","4.2","2.7","98.4","2.0","1.6","2.0","0.0","2.1","81.3","6.0","18.7","6.0","982","115","3.09","0.19","982","115","3.09","0.19","316","61","12.7","9.3","9.2","6.8","78.2","11.2","982","115","32.2","5.2","52.1","7.1","(X)","(X)","(X)","(X)","(X)","(X)","(X)","(X)","100.0","3.5","0.0","3.5","0.0","3.5","84.8","6.9","15.2","6.9","0","12","-","**","0","12","-","**","0","12","-","**","-","**","-","**","0","12","-","**","-","**","(X)","(X)","(X)","(X)","(X)","(X)","(X)","(X)","-","**","-","**","-","**","-","**","-","**","176","80","3.29","0.67","176","80","3.01","0.44","48","34","0.0","44.4","0.0","44.4","100.0","44.4","176","80","36.4","18.7","54.0","20.1","(X)","(X)","(X)","(X)","(X)","(X)","(X)","(X)","100.0","17.9","0.0","17.9","0.0","17.9","63.6","22.1","36.4","22.1","452","90","1.31","0.17","(X)","(X)","(X)","(X)","(X)","(X)","(X)","(X)","(X)","(X)","(X)","(X)","452","90","2.0","3.5","77.0","11.3","77.7","10.9","44.2","13.3","(X)","(X)","(X)","(X)","94.5","6.9","5.5","6.9","0.0","7.4","80.5","11.1","19.5","11.1",
"1400000US06111007300","Census Tract 73, Ventura County, California","788","65","2.37","0.17","538","75","2.78","0.15","170","40","10.6","11.3","9.4","7.8","80.0","13.0","788","65","22.2","5.1","53.6","7.6","27.4","7.0","8.9","4.1","0.0","4.3","5.5","3.2","90.6","4.3","8.4","4.2","1.0","1.1","82.7","6.0","17.3","6.0","478","74","2.92","0.17","478","74","2.85","0.17","149","36","12.1","12.9","10.7","9.1","77.2","15.1","478","74","31.2","6.4","58.8","7.5","(X)","(X)","(X)","(X)","(X)","(X)","(X)","(X)","94.6","3.6","4.6","3.4","0.8","1.3","88.1","5.5","11.9","5.5","36","33","2.72","0.55","36","33","2.17","0.19","11","13","0.0","92.8","0.0","92.8","100.0","92.8","36","33","30.6","40.5","44.4","45.4","(X)","(X)","(X)","(X)","(X)","(X)","(X)","(X)","100.0","51.3","0.0","51.3","0.0","51.3","52.8","50.6","47.2","50.6","24","19","3.25","1.28","24","19","2.21","0.30","10","14","0.0","97.3","0.0","97.3","100.0","97.3","24","19","41.7","42.7","58.3","42.7","(X)","(X)","(X)","(X)","(X)","(X)","(X)","(X)","100.0","62.8","0.0","62.8","0.0","62.8","100.0","62.8","0.0","62.8","250","67","1.18","0.13","(X)","(X)","(X)","(X)","(X)","(X)","(X)","(X)","(X)","(X)","(X)","(X)","250","67","2.0","3.3","44.4","16.9","86.4","9.3","28.0","14.1","(X)","(X)","(X)","(X)","80.8","12.2","17.6","12.1","1.6","2.3","75.2","13.3","24.8","13.3",
"1400000US06111007402","Census Tract 74.02, Ventura County, California","2583","123","2.44","0.19","1726","166","3.01","0.20","561","169","11.6","14.7","17.6","13.4","70.8","17.7","2583","123","24.4","6.3","55.8","6.9","29.5","5.9","11.4","4.0","0.0","1.3","1.7","2.6","82.7","6.0","17.3","6.0","0.0","1.3","82.3","5.8","17.7","5.8","1569","167","3.05","0.22","1569","167","3.05","0.22","453","166","14.3","17.5","21.9","16.8","63.8","20.4","1569","167","30.1","8.6","63.0","8.9","(X)","(X)","(X)","(X)","(X)","(X)","(X)","(X)","93.7","6.5","6.3","6.5","0.0","2.2","87.6","7.3","12.4","7.3","54","49","2.44","0.56","54","49","2.44","0.56","50","48","0.0","43.5","0.0","43.5","100.0","43.5","54","49","100.0","41.9","29.6","42.2","(X)","(X)","(X)","(X)","(X)","(X)","(X)","(X)","100.0","41.9","0.0","41.9","0.0","41.9","100.0","41.9","0.0","41.9","103","70","3.14","0.67","103","70","2.68","0.31","58","49","0.0","40.4","0.0","40.4","100.0","40.4","103","70","56.3","30.2","33.0","27.3","(X)","(X)","(X)","(X)","(X)","(X)","(X)","(X)","84.5","23.2","15.5","23.2","0.0","28.1","59.2","31.5","40.8","31.5","857","170","1.23","0.24","(X)","(X)","(X)","(X)","(X)","(X)","(X)","(X)","(X)","(X)","(X)","(X)","857","170","5.3","7.8","47.0","13.8","89.0","9.2","34.3","11.9","(X)","(X)","(X)","(X)","61.1","12.7","38.9","12.7","0.0","4.0","74.3","12.3","25.7","12.3",
"1400000US06111007403","Census Tract 74.03, Ventura County, California","2162","87","2.77","0.20","1651","133","3.27","0.23","922","134","16.4","10.3","24.4","12.8","59.2","9.9","2162","87","44.1","5.6","35.0","5.8","20.6","5.1","8.8","4.0","0.6","1.0","1.2","1.5","85.5","5.7","14.5","5.7","0.0","1.6","73.0","6.8","27.0","6.8","1386","133","3.44","0.25","1386","133","3.44","0.25","802","120","18.8","11.5","28.1","14.1","53.1","9.5","1386","133","59.1","6.9","31.2","7.9","(X)","(X)","(X)","(X)","(X)","(X)","(X)","(X)","88.9","6.6","11.1","6.6","0.0","2.5","76.4","8.2","23.6","8.2","111","85","2.14","0.23","111","85","2.14","0.23","54","82","0.0","41.9","0.0","41.9","100.0","41.9","111","85","48.6","51.4","36.9","38.6","(X)","(X)","(X)","(X)","(X)","(X)","(X)","(X)","51.4","51.4","48.6","51.4","0.0","26.5","51.4","51.4","48.6","51.4","154","81","2.56","0.31","154","81","2.56","0.31","66","63","0.0","37.9","0.0","37.9","100.0","37.9","154","81","51.9","28.4","21.4","23.5","(X)","(X)","(X)","(X)","(X)","(X)","(X)","(X)","78.6","20.0","21.4","20.0","0.0","20.2","72.1","23.7","27.9","23.7","511","114","1.15","0.11","(X)","(X)","(X)","(X)","(X)","(X)","(X)","(X)","(X)","(X)","(X)","(X)","511","114","0.0","6.6","48.9","14.1","87.1","9.7","37.4","15.1","(X)","(X)","(X)","(X)","85.7","9.8","14.3","9.8","0.0","6.6","68.9","14.5","31.1","14.5",
"1400000US06111007405","Census Tract 74.05, Ventura County, California","2373","124","2.67","0.20","1669","177","3.22","0.22","947","127","9.4","6.1","20.2","10.7","70.4","11.0","2373","124","40.8","4.7","39.1","6.6","25.3","6.7","10.9","5.2","0.5","0.8","1.3","1.6","78.4","4.9","21.6","4.9","0.0","1.5","65.2","8.3","34.8","8.3","1448","194","3.34","0.26","1448","194","3.30","0.24","769","133","7.4","5.8","24.8","12.8","67.8","12.7","1448","194","53.1","7.2","35.6","8.3","(X)","(X)","(X)","(X)","(X)","(X)","(X)","(X)","88.7","6.5","11.3","6.5","0.0","2.4","69.7","10.6","30.3","10.6","60","52","3.28","1.01","60","52","2.68","0.71","47","48","68.1","47.2","0.0","44.9","31.9","47.2","60","52","78.3","32.4","38.3","40.8","(X)","(X)","(X)","(X)","(X)","(X)","(X)","(X)","78.3","32.4","21.7","32.4","0.0","39.7","63.3","44.6","36.7","44.6","161","80","2.83","0.53","161","80","2.75","0.49","131","78","0.0","23.2","0.0","23.2","100.0","23.2","161","80","93.8","10.0","25.5","24.5","(X)","(X)","(X)","(X)","(X)","(X)","(X)","(X)","83.2","22.0","16.8","22.0","0.0","19.4","47.8","31.1","52.2","31.1","704","168","1.22","0.16","(X)","(X)","(X)","(X)","(X)","(X)","(X)","(X)","(X)","(X)","(X)","(X)","704","168","0.0","4.8","49.4","17.1","85.2","10.7","36.6","16.3","(X)","(X)","(X)","(X)","56.3","13.7","43.8","13.7","0.0","4.8","60.1","14.4","39.9","14.4",
"1400000US06111007406","Census Tract 74.06, Ventura County, California","860","36","2.76","0.15","648","52","3.26","0.17","319","37","19.1","12.3","14.4","8.7","66.5","13.4","860","36","37.1","4.5","29.7","4.1","22.3","5.5","9.3","4.2","0.0","4.0","3.0","2.5","79.5","4.3","20.5","4.3","0.0","4.0","78.3","4.4","21.7","4.4","623","55","3.31","0.18","623","55","3.26","0.17","307","35","19.9","12.8","15.0","8.9","65.1","14.0","623","55","49.3","6.0","24.4","5.7","(X)","(X)","(X)","(X)","(X)","(X)","(X)","(X)","85.6","4.5","14.4","4.5","0.0","5.5","83.8","4.8","16.2","4.8","6","9","5.33","1.59","6","9","4.33","1.27","6","9","0.0","100.0","0.0","100.0","100.0","100.0","6","9","100.0","100.0","0.0","100.0","(X)","(X)","(X)","(X)","(X)","(X)","(X)","(X)","100.0","100.0","0.0","100.0","0.0","100.0","100.0","100.0","0.0","100.0","19","16","2.74","0.75","19","16","2.74","0.75","6","9","0.0","100.0","0.0","100.0","100.0","100.0","19","16","31.6","40.7","0.0","70.6","(X)","(X)","(X)","(X)","(X)","(X)","(X)","(X)","100.0","70.6","0.0","70.6","0.0","70.6","100.0","70.6","0.0","70.6","212","52","1.10","0.09","(X)","(X)","(X)","(X)","(X)","(X)","(X)","(X)","(X)","(X)","(X)","(X)","212","52","0.0","15.2","48.6","16.2","90.6","8.6","37.7","15.7","(X)","(X)","(X)","(X)","59.4","13.6","40.6","13.6","0.0","15.2","59.4","13.6","40.6","13.6",
"1400000US06111007505","Census Tract 75.05, Ventura County, California","1120","32","2.76","0.23","827","79","3.19","0.27","239","55","30.1","21.2","28.0","18.5","41.8","17.9","1120","32","25.2","4.6","44.6","7.4","25.3","6.6","12.9","5.9","0.0","3.1","1.2","1.9","90.4","4.3","9.6","4.3","0.0","3.1","82.0","6.9","18.0","6.9","573","89","3.36","0.35","573","89","3.36","0.35","145","57","18.6","19.0","35.2","22.6","46.2","22.8","573","89","26.4","8.9","34.2","10.6","(X)","(X)","(X)","(X)","(X)","(X)","(X)","(X)","97.9","3.2","2.1","3.2","0.0","5.9","91.3","6.8","8.7","6.8","80","48","3.03","0.50","80","48","2.73","0.45","13","21","100.0","85.4","0.0","85.4","0.0","85.4","80","48","47.5","35.2","36.3","33.4","(X)","(X)","(X)","(X)","(X)","(X)","(X)","(X)","100.0","33.7","0.0","33.7","0.0","33.7","83.8","26.3","16.3","26.3","174","75","3.59","0.89","174","75","2.83","0.44","81","56","39.5","46.5","19.8","31.6","40.7","41.9","174","75","53.4","22.7","53.4","22.8","(X)","(X)","(X)","(X)","(X)","(X)","(X)","(X)","77.0","17.8","23.0","17.8","0.0","18.1","62.6","25.3","37.4","25.3","293","80","1.04","0.07","(X)","(X)","(X)","(X)","(X)","(X)","(X)","(X)","(X)","(X)","(X)","(X)","293","80","0.0","11.2","62.1","15.5","96.6","4.9","49.5","17.6","(X)","(X)","(X)","(X)","80.9","13.2","19.1","13.2","0.0","11.2","74.7","17.3","25.3","17.3",
"1400000US06111007506","Census Tract 75.06, Ventura County, California","2442","69","2.94","0.15","1986","158","3.28","0.17","807","99","11.5","8.3","8.6","7.8","79.9","10.3","2442","69","35.6","4.1","46.5","4.6","16.7","5.5","8.9","3.3","0.0","1.4","3.4","3.1","98.2","1.7","1.3","1.4","0.5","0.8","88.7","5.5","11.3","5.5","1766","176","3.32","0.17","1766","176","3.28","0.18","738","119","12.6","9.1","9.3","8.5","78.0","10.9","1766","176","45.4","6.2","44.5","6.2","(X)","(X)","(X)","(X)","(X)","(X)","(X)","(X)","100.0","2.0","0.0","2.0","0.0","2.0","91.6","6.2","8.4","6.2","87","77","3.49","0.73","87","77","2.99","0.44","43","67","0.0","46.9","0.0","46.9","100.0","46.9","87","77","49.4","48.7","32.2","46.9","(X)","(X)","(X)","(X)","(X)","(X)","(X)","(X)","100.0","31.9","0.0","31.9","0.0","31.9","50.6","48.7","49.4","48.7","133","85","3.73","0.68","133","85","3.46","0.52","26","32","0.0","60.4","0.0","60.4","100.0","60.4","133","85","19.5","25.7","35.3","30.0","(X)","(X)","(X)","(X)","(X)","(X)","(X)","(X)","91.0","17.3","9.0","17.3","0.0","22.9","91.0","17.3","9.0","17.3","456","144","1.12","0.11","(X)","(X)","(X)","(X)","(X)","(X)","(X)","(X)","(X)","(X)","(X)","(X)","456","144","0.0","7.4","60.1","19.2","89.7","9.9","47.6","18.0","(X)","(X)","(X)","(X)","93.0","7.7","4.2","6.0","2.9","4.6","84.0","15.1","16.0","15.1",
"1400000US06111007507","Census Tract 75.07, Ventura County, California","2372","55","3.04","0.18","2071","115","3.26","0.16","832","139","19.6","9.2","16.5","8.5","63.9","11.4","2372","55","42.1","5.6","44.2","5.9","10.7","4.7","6.3","3.0","0.0","1.5","2.0","1.4","96.8","2.5","2.9","2.4","0.3","0.7","93.5","4.0","6.5","4.0","1796","190","3.25","0.17","1796","190","3.23","0.16","797","145","20.5","9.5","17.2","8.8","62.4","11.6","1796","190","45.8","5.8","39.9","6.7","(X)","(X)","(X)","(X)","(X)","(X)","(X)","(X)","97.7","2.3","1.9","2.1","0.4","0.9","95.0","3.2","5.0","3.2","59","76","4.68","0.33","59","76","3.41","0.23","0","17","-","**","-","**","-","**","59","76","100.0","40.1","0.0","40.1","(X)","(X)","(X)","(X)","(X)","(X)","(X)","(X)","100.0","40.1","0.0","40.1","0.0","40.1","100.0","40.1","0.0","40.1","216","124","3.47","0.66","216","124","3.47","0.66","35","54","0.0","52.0","0.0","52.0","100.0","52.0","216","124","54.2","31.8","62.5","32.0","(X)","(X)","(X)","(X)","(X)","(X)","(X)","(X)","92.6","11.1","7.4","11.1","0.0","14.9","92.6","11.1","7.4","11.1","301","116","1.16","0.12","(X)","(X)","(X)","(X)","(X)","(X)","(X)","(X)","(X)","(X)","(X)","(X)","301","116","0.0","11.0","65.8","22.8","84.1","11.9","49.8","20.6","(X)","(X)","(X)","(X)","94.0","9.4","6.0","9.4","0.0","11.0","84.4","22.7","15.6","22.7",
"1400000US06111007508","Census Tract 75.08, Ventura County, California","1443","65","2.61","0.16","1019","83","3.02","0.16","386","81","11.4","8.0","28.2","16.6","60.4","17.3","1443","65","29.8","5.6","42.8","5.9","23.4","5.7","6.2","3.1","0.0","2.4","10.1","4.6","93.4","3.8","6.6","3.8","0.0","2.4","73.3","7.8","26.7","7.8","678","83","3.16","0.22","678","83","3.10","0.21","233","60","6.9","7.7","24.0","19.2","69.1","20.3","678","83","37.6","8.2","42.8","7.0","(X)","(X)","(X)","(X)","(X)","(X)","(X)","(X)","96.8","4.4","3.2","4.4","0.0","5.0","77.4","10.6","22.6","10.6","113","63","3.36","0.49","113","63","2.74","0.32","69","54","26.1","32.0","47.8","48.2","26.1","29.5","113","63","61.1","30.8","38.9","30.8","(X)","(X)","(X)","(X)","(X)","(X)","(X)","(X)","100.0","26.1","0.0","26.1","0.0","26.1","91.2","14.8","8.8","14.8","228","80","3.07","0.50","228","80","2.91","0.41","84","48","11.9","19.8","23.8","26.6","64.3","28.3","228","80","46.5","17.7","50.9","16.2","(X)","(X)","(X)","(X)","(X)","(X)","(X)","(X)","83.8","17.5","16.2","17.5","0.0","14.2","57.5","21.2","42.5","21.2","424","94","1.29","0.16","(X)","(X)","(X)","(X)","(X)","(X)","(X)","(X)","(X)","(X)","(X)","(X)","424","94","0.0","7.9","39.6","13.9","79.7","10.6","21.0","9.9","(X)","(X)","(X)","(X)","91.5","7.0","8.5","7.0","0.0","7.9","70.3","14.3","29.7","14.3",
"1400000US06111007509","Census Tract 75.09, Ventura County, California","1517","82","2.96","0.20","1111","101","3.36","0.20","551","79","8.3","5.9","14.5","10.5","77.1","11.9","1517","82","37.8","5.2","37.8","5.5","16.9","5.7","8.6","4.4","3.9","4.4","3.8","3.3","71.8","5.9","28.2","5.9","0.0","2.3","59.9","7.2","40.1","7.2","860","111","3.54","0.25","860","111","3.54","0.25","407","78","8.1","6.7","19.7","13.7","72.2","14.9","860","111","50.0","7.8","33.3","7.0","(X)","(X)","(X)","(X)","(X)","(X)","(X)","(X)","87.9","7.1","12.1","7.1","0.0","4.0","75.9","9.8","24.1","9.8","70","41","2.50","0.54","70","41","2.50","0.54","30","29","0.0","56.2","0.0","56.2","100.0","56.2","70","41","42.9","33.7","64.3","33.0","(X)","(X)","(X)","(X)","(X)","(X)","(X)","(X)","74.3","28.0","25.7","28.0","0.0","36.7","54.3","27.1","45.7","27.1","181","97","3.11","0.28","181","97","2.82","0.40","114","81","11.4","20.0","0.0","26.0","88.6","20.0","181","97","63.0","21.1","29.3","20.4","(X)","(X)","(X)","(X)","(X)","(X)","(X)","(X)","56.4","24.8","43.6","24.8","0.0","17.5","47.0","22.9","53.0","22.9","406","112","1.75","0.46","(X)","(X)","(X)","(X)","(X)","(X)","(X)","(X)","(X)","(X)","(X)","(X)","406","112","0.0","8.3","46.6","15.0","63.1","15.8","32.0","13.2","(X)","(X)","(X)","(X)","44.1","14.6","55.9","14.6","0.0","8.3","32.8","12.6","67.2","12.6",
"1400000US06111007510","Census Tract 75.10, Ventura County, California","2059","101","2.95","0.16","1848","134","3.12","0.14","829","130","13.5","7.7","15.9","9.2","70.6","10.1","2059","101","41.4","6.0","42.9","6.4","7.5","3.8","0.8","1.3","0.0","1.7","2.3","1.8","99.4","1.0","0.6","1.0","0.0","1.7","93.2","4.1","6.8","4.1","1675","141","3.20","0.15","1675","141","3.17","0.14","795","128","11.9","7.6","16.6","9.6","71.4","10.3","1675","141","48.8","6.2","45.4","7.6","(X)","(X)","(X)","(X)","(X)","(X)","(X)","(X)","99.3","1.2","0.7","1.2","0.0","2.1","93.7","4.1","6.3","4.1","63","52","2.71","0.86","63","52","2.71","0.86","34","38","50.0","50.0","0.0","52.8","50.0","50.0","63","52","54.0","40.8","0.0","38.8","(X)","(X)","(X)","(X)","(X)","(X)","(X)","(X)","100.0","38.8","0.0","38.8","0.0","38.8","100.0","38.8","0.0","38.8","110","78","2.54","0.35","110","78","2.54","0.35","0","17","-","**","-","**","-","**","110","78","0.0","26.7","62.7","32.8","(X)","(X)","(X)","(X)","(X)","(X)","(X)","(X)","100.0","26.7","0.0","26.7","0.0","26.7","80.9","28.3","19.1","28.3","211","91","1.28","0.19","(X)","(X)","(X)","(X)","(X)","(X)","(X)","(X)","(X)","(X)","(X)","(X)","211","91","0.0","15.2","25.6","18.8","73.5","17.3","7.6","12.0","(X)","(X)","(X)","(X)","100.0","15.2","0.0","15.2","0.0","15.2","92.9","12.1","7.1","12.1",
"1400000US06111007511","Census Tract 75.11, Ventura County, California","805","38","2.94","0.20","658","50","3.05","0.18","219","39","12.8","8.1","13.2","9.9","74.0","12.1","805","38","33.2","5.3","50.2","6.2","11.4","4.2","1.0","1.1","0.5","0.8","5.2","2.8","97.9","1.9","0.9","1.1","1.2","1.7","85.8","5.7","14.2","5.7","554","58","3.21","0.21","554","58","3.11","0.19","196","43","14.3","9.2","9.2","8.5","76.5","11.7","554","58","39.7","7.3","54.5","8.0","(X)","(X)","(X)","(X)","(X)","(X)","(X)","(X)","99.5","0.8","0.5","0.8","0.0","6.1","91.9","6.8","8.1","6.8","17","17","2.12","0.26","17","17","2.12","0.26","0","12","-","**","-","**","-","**","17","17","0.0","74.6","47.1","52.9","(X)","(X)","(X)","(X)","(X)","(X)","(X)","(X)","100.0","74.6","0.0","74.6","0.0","74.6","100.0","74.6","0.0","74.6","87","45","3.07","0.61","87","45","2.85","0.49","23","24","0.0","64.2","47.8","52.2","52.2","52.2","87","45","39.1","21.3","51.7","21.7","(X)","(X)","(X)","(X)","(X)","(X)","(X)","(X)","100.0","31.9","0.0","31.9","0.0","31.9","90.8","11.3","9.2","11.3","147","42","1.97","0.57","(X)","(X)","(X)","(X)","(X)","(X)","(X)","(X)","(X)","(X)","(X)","(X)","147","42","8.8","11.3","33.3","13.9","62.6","15.9","5.4","5.9","(X)","(X)","(X)","(X)","90.5","9.8","2.7","4.4","6.8","9.0","58.5","16.4","41.5","16.4",
"1400000US06111007512","Census Tract 75.12, Ventura County, California","1767","83","3.09","0.17","1462","97","3.30","0.14","607","91","15.3","8.4","11.0","6.6","73.6","10.1","1767","83","34.8","4.8","26.3","4.6","10.7","4.4","1.2","1.1","0.0","2.0","8.6","4.5","86.3","3.3","12.9","3.3","0.8","1.0","76.5","5.4","23.5","5.4","1110","100","3.32","0.18","1110","100","3.28","0.17","428","71","11.2","7.1","11.2","8.1","77.6","9.0","1110","100","38.6","5.0","28.6","6.5","(X)","(X)","(X)","(X)","(X)","(X)","(X)","(X)","95.3","3.1","4.0","2.9","0.7","1.2","87.7","5.8","12.3","5.8","104","51","4.32","0.47","104","51","3.66","0.52","27","25","0.0","59.2","70.4","41.0","29.6","41.0","104","51","33.7","21.1","57.7","25.2","(X)","(X)","(X)","(X)","(X)","(X)","(X)","(X)","94.2","9.8","0.0","27.9","5.8","9.8","92.3","11.0","7.7","11.0","248","79","3.60","0.63","248","79","3.19","0.48","152","63","29.6","28.5","0.0","20.4","70.4","28.5","248","79","61.3","15.9","12.9","10.0","(X)","(X)","(X)","(X)","(X)","(X)","(X)","(X)","68.5","16.2","31.5","16.2","0.0","13.1","50.4","18.3","49.6","18.3","305","85","1.43","0.22","(X)","(X)","(X)","(X)","(X)","(X)","(X)","(X)","(X)","(X)","(X)","(X)","305","85","0.0","10.8","18.0","11.4","62.0","19.9","6.9","7.0","(X)","(X)","(X)","(X)","65.2","15.9","34.8","15.9","0.0","10.8","51.1","18.7","48.9","18.7",
"1400000US06111007513","Census Tract 75.13, Ventura County, California","530","18","2.84","0.31","388","43","3.26","0.37","119","35","7.6","8.8","20.2","24.4","72.3","25.4","530","18","27.7","6.4","53.6","7.7","24.2","7.6","12.5","7.9","0.0","6.4","3.8","3.4","98.9","2.0","0.0","6.4","1.1","2.0","97.0","3.2","3.0","3.2","353","49","3.43","0.50","353","49","3.29","0.41","119","35","7.6","8.8","20.2","24.4","72.3","25.4","353","49","39.4","9.4","43.1","9.3","(X)","(X)","(X)","(X)","(X)","(X)","(X)","(X)","100.0","9.4","0.0","9.4","0.0","9.4","100.0","9.4","0.0","9.4","0","12","-","**","0","12","-","**","0","12","-","**","-","**","-","**","0","12","-","**","-","**","(X)","(X)","(X)","(X)","(X)","(X)","(X)","(X)","-","**","-","**","-","**","-","**","-","**","35","24","3.94","1.00","35","24","3.03","0.52","0","12","-","**","-","**","-","**","35","24","22.9","28.6","68.6","31.1","(X)","(X)","(X)","(X)","(X)","(X)","(X)","(X)","100.0","52.0","0.0","52.0","0.0","52.0","100.0","52.0","0.0","52.0","142","41","1.10","0.11","(X)","(X)","(X)","(X)","(X)","(X)","(X)","(X)","(X)","(X)","(X)","(X)","142","41","0.0","21.6","76.1","13.8","90.1","10.7","46.5","21.6","(X)","(X)","(X)","(X)","95.8","7.7","0.0","21.6","4.2","7.7","88.7","12.1","11.3","12.1",
"1400000US06111007514","Census Tract 75.14, Ventura County, California","2809","153","2.28","0.13","1673","185","2.97","0.20","517","88","0.0","6.5","21.5","13.7","78.5","13.7","2809","153","20.3","3.3","50.9","6.1","32.9","6.6","23.8","5.7","0.5","0.7","7.3","4.2","58.5","5.7","41.1","5.7","0.4","0.7","48.3","6.0","51.7","6.0","1363","169","3.03","0.24","1363","169","3.03","0.24","417","98","0.0","8.0","21.8","13.9","78.2","13.9","1363","169","32.8","7.1","36.5","8.4","(X)","(X)","(X)","(X)","(X)","(X)","(X)","(X)","76.0","8.7","24.0","8.7","0.0","2.5","66.7","12.2","33.3","12.2","110","91","2.95","0.61","110","91","2.54","0.49","47","53","0.0","44.9","0.0","44.9","100.0","44.9","110","91","42.7","43.6","57.3","43.6","(X)","(X)","(X)","(X)","(X)","(X)","(X)","(X)","100.0","26.7","0.0","26.7","0.0","26.7","100.0","26.7","0.0","26.7","200","97","2.94","0.67","200","97","2.83","0.63","53","52","0.0","42.3","37.7","54.2","62.3","54.2","200","97","38.0","24.9","51.5","26.5","(X)","(X)","(X)","(X)","(X)","(X)","(X)","(X)","81.5","17.0","18.5","17.0","0.0","16.0","33.0","24.4","67.0","24.4","1136","213","1.19","0.10","(X)","(X)","(X)","(X)","(X)","(X)","(X)","(X)","(X)","(X)","(X)","(X)","1136","213","0.0","3.0","67.5","10.7","81.4","9.7","58.9","11.5","(X)","(X)","(X)","(X)","29.4","10.0","69.5","10.3","1.1","1.7","24.0","8.6","76.0","8.6",
"1400000US06111007606","Census Tract 76.06, Ventura County, California","468","25","3.38","0.45","403","49","3.72","0.34","172","32","1.7","2.9","20.9","16.0","77.3","15.9","468","25","37.8","7.3","45.7","9.1","12.8","9.2","1.9","3.2","0.0","7.2","0.6","1.1","100.0","7.2","0.0","7.2","0.0","7.2","86.8","9.3","13.2","9.3","358","57","3.92","0.39","358","57","3.90","0.39","157","31","0.0","19.8","22.9","17.4","77.1","17.4","358","57","45.3","8.4","47.8","9.1","(X)","(X)","(X)","(X)","(X)","(X)","(X)","(X)","100.0","9.3","0.0","9.3","0.0","9.3","86.0","10.7","14.0","10.7","12","13","2.08","0.50","12","13","2.08","0.50","5","8","0.0","100.0","0.0","100.0","100.0","100.0","12","13","41.7","58.3","58.3","58.3","(X)","(X)","(X)","(X)","(X)","(X)","(X)","(X)","100.0","88.8","0.0","88.8","0.0","88.8","100.0","88.8","0.0","88.8","33","30","2.42","0.40","33","30","2.33","0.29","10","11","30.0","50.4","0.0","97.3","70.0","50.4","33","30","30.3","34.7","30.3","42.2","(X)","(X)","(X)","(X)","(X)","(X)","(X)","(X)","100.0","53.6","0.0","53.6","0.0","53.6","90.9","16.5","9.1","16.5","65","44","1.11","0.22","(X)","(X)","(X)","(X)","(X)","(X)","(X)","(X)","(X)","(X)","(X)","(X)","65","44","0.0","38.2","40.0","26.8","92.3","17.7","13.8","21.2","(X)","(X)","(X)","(X)","100.0","38.2","0.0","38.2","0.0","38.2","86.2","21.2","13.8","21.2",
"1400000US06111007607","Census Tract 76.07, Ventura County, California","2072","111","3.02","0.21","1878","140","3.15","0.20","632","147","23.9","13.2","8.2","7.7","67.9","15.4","2072","111","30.5","7.0","37.1","6.1","7.7","3.9","3.5","3.2","0.0","1.7","2.6","2.6","99.4","1.0","0.6","1.0","0.0","1.7","87.2","5.1","12.8","5.1","1723","158","3.24","0.21","1723","158","3.21","0.21","599","155","22.2","13.7","8.7","8.2","69.1","16.1","1723","158","34.8","8.0","36.6","6.2","(X)","(X)","(X)","(X)","(X)","(X)","(X)","(X)","100.0","2.0","0.0","2.0","0.0","2.0","88.3","5.7","11.7","5.7","91","76","2.86","1.12","91","76","2.64","0.71","18","30","100.0","72.5","0.0","72.5","0.0","72.5","91","76","19.8","38.3","17.6","29.4","(X)","(X)","(X)","(X)","(X)","(X)","(X)","(X)","100.0","30.9","0.0","30.9","0.0","30.9","100.0","30.9","0.0","30.9","64","50","2.95","1.06","64","50","2.25","0.21","15","28","0.0","79.5","0.0","79.5","100.0","79.5","64","50","23.4","35.0","21.9","36.9","(X)","(X)","(X)","(X)","(X)","(X)","(X)","(X)","100.0","38.5","0.0","38.5","0.0","38.5","76.6","35.0","23.4","35.0","194","92","1.19","0.20","(X)","(X)","(X)","(X)","(X)","(X)","(X)","(X)","(X)","(X)","(X)","(X)","194","92","0.0","16.4","55.2","25.2","82.0","19.6","37.1","26.1","(X)","(X)","(X)","(X)","93.3","11.1","6.7","11.1","0.0","16.4","74.7","21.2","25.3","21.2",
"1400000US06111007609","Census Tract 76.09, Ventura County, California","837","33","3.10","0.20","745","44","3.26","0.19","282","32","14.5","8.6","19.5","8.2","66.0","9.8","837","33","36.2","4.1","35.1","4.7","9.2","4.2","3.3","2.2","0.0","4.1","2.6","2.1","99.2","1.2","0.0","4.1","0.8","1.2","89.4","5.2","10.6","5.2","667","53","3.35","0.23","667","53","3.33","0.23","249","35","16.5","9.7","18.9","8.2","64.7","10.5","667","53","40.5","5.6","30.4","5.5","(X)","(X)","(X)","(X)","(X)","(X)","(X)","(X)","100.0","5.1","0.0","5.1","0.0","5.1","92.7","4.6","7.3","4.6","22","17","3.77","0.97","22","17","3.18","0.39","9","10","0.0","100.0","0.0","100.0","100.0","100.0","22","17","40.9","42.6","36.4","40.0","(X)","(X)","(X)","(X)","(X)","(X)","(X)","(X)","100.0","65.6","0.0","65.6","0.0","65.6","77.3","29.8","22.7","29.8","56","34","2.80","0.46","56","34","2.46","0.30","24","15","0.0","62.8","33.3","35.4","66.7","35.4","56","34","42.9","29.4","53.6","32.2","(X)","(X)","(X)","(X)","(X)","(X)","(X)","(X)","100.0","41.1","0.0","41.1","0.0","41.1","94.6","10.5","5.4","10.5","92","39","1.32","0.33","(X)","(X)","(X)","(X)","(X)","(X)","(X)","(X)","(X)","(X)","(X)","(X)","92","39","0.0","30.6","57.6","18.7","83.7","13.9","30.4","18.3","(X)","(X)","(X)","(X)","92.4","10.3","0.0","30.6","7.6","10.3","65.2","24.0","34.8","24.0",
"1400000US06111007610","Census Tract 76.10, Ventura County, California","1785","61","3.04","0.14","1517","83","3.33","0.14","595","86","11.4","6.7","22.2","11.3","66.4","12.1","1785","61","38.1","4.2","40.1","5.2","13.3","4.2","3.1","2.2","0.0","1.9","3.2","2.8","97.9","2.5","2.1","2.5","0.0","1.9","85.3","4.3","14.7","4.3","1349","102","3.42","0.14","1349","102","3.40","0.14","540","79","12.6","7.5","24.4","12.2","63.0","13.1","1349","102","44.6","4.9","39.1","5.8","(X)","(X)","(X)","(X)","(X)","(X)","(X)","(X)","97.2","3.2","2.8","3.2","0.0","2.6","87.6","5.3","12.4","5.3","104","67","3.22","0.58","104","67","2.81","0.51","47","53","0.0","44.9","0.0","44.9","100.0","44.9","104","67","60.6","29.7","40.4","31.2","(X)","(X)","(X)","(X)","(X)","(X)","(X)","(X)","100.0","27.9","0.0","27.9","0.0","27.9","79.8","19.4","20.2","19.4","64","38","2.78","0.55","64","38","2.78","0.55","8","12","0.0","100.0","0.0","100.0","100.0","100.0","64","38","25.0","26.1","59.4","29.4","(X)","(X)","(X)","(X)","(X)","(X)","(X)","(X)","100.0","38.5","0.0","38.5","0.0","38.5","70.3","27.8","29.7","27.8","268","81","1.13","0.09","(X)","(X)","(X)","(X)","(X)","(X)","(X)","(X)","(X)","(X)","(X)","(X)","268","81","0.0","12.2","39.9","17.7","88.4","8.2","20.9","12.7","(X)","(X)","(X)","(X)","100.0","12.2","0.0","12.2","0.0","12.2","79.5","14.5","20.5","14.5",
"1400000US06111007611","Census Tract 76.11, Ventura County, California","960","51","4.38","0.43","829","62","4.61","0.44","454","77","23.3","12.4","21.1","12.7","55.5","15.9","960","51","53.3","8.4","28.5","6.2","8.1","4.7","3.4","2.9","0.0","3.6","5.3","4.6","69.8","5.8","30.2","5.8","0.0","3.6","39.4","6.9","60.6","6.9","587","74","4.98","0.57","587","74","4.87","0.54","365","79","23.3","14.0","16.2","13.0","60.5","17.2","587","74","67.5","10.6","28.1","9.5","(X)","(X)","(X)","(X)","(X)","(X)","(X)","(X)","74.4","8.4","25.6","8.4","0.0","5.8","45.1","9.7","54.9","9.7","85","53","4.38","0.62","85","53","4.38","0.62","23","18","69.6","38.6","0.0","64.2","30.4","38.6","85","53","58.8","28.2","29.4","21.0","(X)","(X)","(X)","(X)","(X)","(X)","(X)","(X)","85.9","19.3","14.1","19.3","0.0","32.4","37.6","23.7","62.4","23.7","157","68","4.30","1.28","157","68","3.74","1.08","66","43","7.6","14.4","56.1","47.8","36.4","47.0","157","68","42.0","21.9","15.9","11.3","(X)","(X)","(X)","(X)","(X)","(X)","(X)","(X)","53.5","22.1","46.5","22.1","0.0","19.8","35.7","19.8","64.3","19.8","131","59","1.73","0.43","(X)","(X)","(X)","(X)","(X)","(X)","(X)","(X)","(X)","(X)","(X)","(X)","131","59","0.0","23.2","45.0","18.5","59.5","23.2","25.2","17.8","(X)","(X)","(X)","(X)","58.0","19.8","42.0","19.8","0.0","23.2","19.1","12.5","80.9","12.5",
"1400000US06111007612","Census Tract 76.12, Ventura County, California","1755","77","2.90","0.27","1152","145","3.69","0.25","609","139","19.4","9.9","18.2","13.1","62.4","13.8","1755","77","35.6","7.7","33.5","5.3","29.5","7.9","9.5","3.6","0.0","2.0","3.6","3.2","46.6","5.4","53.4","5.4","0.0","2.0","39.8","5.9","60.2","5.9","860","111","3.82","0.34","860","111","3.79","0.33","390","92","20.3","11.9","20.8","16.5","59.0","17.0","860","111","47.1","7.8","40.6","8.3","(X)","(X)","(X)","(X)","(X)","(X)","(X)","(X)","54.3","8.4","45.7","8.4","0.0","4.0","51.6","8.6","48.4","8.6","66","65","2.80","0.39","66","65","2.80","0.39","32","51","0.0","54.4","0.0","54.4","100.0","54.4","66","65","48.5","51.5","51.5","51.5","(X)","(X)","(X)","(X)","(X)","(X)","(X)","(X)","6.1","17.1","93.9","17.1","0.0","37.9","6.1","17.1","93.9","17.1","226","92","3.74","1.03","226","92","3.54","1.00","187","95","20.9","17.5","16.0","23.7","63.1","23.6","226","92","82.7","16.1","6.2","8.0","(X)","(X)","(X)","(X)","(X)","(X)","(X)","(X)","30.1","19.3","69.9","19.3","0.0","14.3","5.8","6.9","94.2","6.9","603","142","1.29","0.22","(X)","(X)","(X)","(X)","(X)","(X)","(X)","(X)","(X)","(X)","(X)","(X)","603","142","0.0","5.6","31.7","10.1","85.9","9.3","27.5","9.4","(X)","(X)","(X)","(X)","46.3","12.6","53.7","12.6","0.0","5.6","39.3","13.3","60.7","13.3",
"1400000US06111007613","Census Tract 76.13, Ventura County, California","1299","96","3.53","0.24","1131","102","3.79","0.25","563","126","17.8","10.4","19.9","12.9","62.3","15.3","1299","96","45.3","7.3","34.7","5.7","8.9","4.2","4.2","3.3","0.0","2.7","3.0","2.9","97.1","3.1","2.9","3.1","0.0","2.7","83.4","7.1","16.6","7.1","1032","101","3.94","0.29","1032","101","3.90","0.28","549","124","18.2","10.6","20.4","13.2","61.4","15.7","1032","101","55.7","8.6","28.5","6.4","(X)","(X)","(X)","(X)","(X)","(X)","(X)","(X)","100.0","3.3","0.0","3.3","0.0","3.3","86.6","7.9","13.4","7.9","39","34","3.18","1.50","39","34","2.69","0.76","0","12","-","**","-","**","-","**","39","34","0.0","49.3","82.1","36.7","(X)","(X)","(X)","(X)","(X)","(X)","(X)","(X)","100.0","49.3","0.0","49.3","0.0","49.3","100.0","49.3","0.0","49.3","60","40","2.80","0.56","60","40","2.73","0.49","14","15","0.0","82.3","0.0","82.3","100.0","82.2","60","40","23.3","25.3","28.3","23.0","(X)","(X)","(X)","(X)","(X)","(X)","(X)","(X)","100.0","39.7","0.0","39.7","0.0","39.7","88.3","20.0","11.7","20.0","168","69","1.37","0.26","(X)","(X)","(X)","(X)","(X)","(X)","(X)","(X)","(X)","(X)","(X)","(X)","168","69","0.0","18.7","64.3","22.1","69.0","21.6","32.1","23.0","(X)","(X)","(X)","(X)","77.4","22.0","22.6","22.0","0.0","18.7","57.7","24.6","42.3","24.6",
"1400000US06111007614","Census Tract 76.14, Ventura County, California","2463","116","3.20","0.18","2035","140","3.51","0.21","803","116","16.1","13.4","8.7","7.3","75.2","16.8","2463","116","36.5","5.3","32.5","4.9","15.1","4.7","4.9","3.2","0.0","1.4","3.9","3.4","87.4","5.5","5.6","4.4","7.0","3.5","82.3","6.9","17.7","6.9","1648","199","3.60","0.27","1648","199","3.58","0.27","683","149","9.1","8.8","10.2","8.6","80.7","14.1","1648","199","44.1","7.5","33.4","6.6","(X)","(X)","(X)","(X)","(X)","(X)","(X)","(X)","92.4","6.1","4.2","5.9","3.5","2.1","83.1","9.0","16.9","9.0","102","86","3.98","0.70","102","86","3.38","0.67","67","80","100.0","37.6","0.0","37.6","0.0","37.6","102","86","65.7","44.5","16.7","29.8","(X)","(X)","(X)","(X)","(X)","(X)","(X)","(X)","100.0","28.3","0.0","28.3","0.0","28.3","100.0","28.3","0.0","28.3","285","159","3.47","0.69","285","159","3.19","0.68","53","64","0.0","42.3","0.0","42.3","100.0","42.3","285","159","37.2","22.0","30.9","22.4","(X)","(X)","(X)","(X)","(X)","(X)","(X)","(X)","77.9","21.7","0.0","11.5","22.1","21.7","70.9","29.9","29.1","29.9","428","130","1.33","0.27","(X)","(X)","(X)","(X)","(X)","(X)","(X)","(X)","(X)","(X)","(X)","(X)","428","130","0.0","7.8","33.9","17.7","87.1","9.9","28.0","16.6","(X)","(X)","(X)","(X)","71.7","15.9","15.9","11.4","12.4","13.4","82.5","14.7","17.5","14.7",
"1400000US06111007700","Census Tract 77, Ventura County, California","2006","76","3.02","0.20","1388","118","3.55","0.18","667","106","19.2","9.3","24.3","11.2","56.5","11.7","2006","76","37.8","4.8","37.8","5.1","25.2","4.8","9.2","3.4","0.4","0.7","11.7","6.1","76.1","4.6","15.6","4.2","8.4","2.6","64.9","6.4","35.1","6.4","973","126","3.63","0.24","973","126","3.59","0.24","470","109","25.7","11.8","21.9","11.8","52.3","13.2","973","126","51.4","7.3","38.4","8.2","(X)","(X)","(X)","(X)","(X)","(X)","(X)","(X)","86.1","6.0","6.9","4.7","7.0","4.3","69.0","9.3","31.0","9.3","146","82","3.60","0.93","146","82","3.23","0.91","45","50","0.0","45.9","20.0","39.6","80.0","39.6","146","82","37.7","32.9","6.8","10.8","(X)","(X)","(X)","(X)","(X)","(X)","(X)","(X)","74.7","26.7","25.3","26.7","0.0","21.1","76.7","29.3","23.3","29.3","269","106","3.98","0.56","269","106","3.59","0.44","152","88","4.6","7.9","32.9","29.3","62.5","30.1","269","106","61.0","23.0","30.5","19.6","(X)","(X)","(X)","(X)","(X)","(X)","(X)","(X)","79.9","17.0","16.4","15.7","3.7","6.5","37.5","19.9","62.5","19.9","618","117","1.52","0.35","(X)","(X)","(X)","(X)","(X)","(X)","(X)","(X)","(X)","(X)","(X)","(X)","618","117","6.5","7.7","47.2","11.5","81.7","10.3","29.9","10.0","(X)","(X)","(X)","(X)","58.9","11.3","26.5","10.7","14.6","7.2","67.5","11.4","32.5","11.4",
"1400000US06111007800","Census Tract 78, Ventura County, California","1451","87","2.90","0.27","1029","134","3.47","0.26","592","142","28.9","11.7","25.8","13.2","45.3","14.5","1451","87","45.0","7.5","29.6","5.9","25.2","7.1","11.9","4.6","0.3","0.6","5.2","3.9","43.8","8.3","56.2","8.3","0.0","2.4","37.8","7.5","62.2","7.5","590","129","3.64","0.34","590","129","3.55","0.31","332","115","28.9","18.1","37.0","20.1","34.0","18.8","590","129","64.7","9.0","25.6","8.0","(X)","(X)","(X)","(X)","(X)","(X)","(X)","(X)","69.2","14.9","30.8","14.9","0.0","5.8","63.1","13.7","36.9","13.7","150","73","2.53","0.29","150","73","2.47","0.28","45","33","20.0","29.7","0.0","45.9","80.0","29.7","150","73","30.0","22.9","4.0","6.1","(X)","(X)","(X)","(X)","(X)","(X)","(X)","(X)","48.0","26.0","52.0","26.0","0.0","20.6","34.0","24.2","66.0","24.2","289","104","4.03","0.69","289","104","3.84","0.70","215","101","30.7","20.6","14.0","16.4","55.3","24.9","289","104","74.4","16.9","10.7","12.5","(X)","(X)","(X)","(X)","(X)","(X)","(X)","(X)","28.4","18.2","71.6","18.2","0.0","11.4","12.8","9.7","87.2","9.7","422","104","1.23","0.18","(X)","(X)","(X)","(X)","(X)","(X)","(X)","(X)","(X)","(X)","(X)","(X)","422","104","2.6","4.5","57.1","14.5","86.7","9.2","40.8","12.4","(X)","(X)","(X)","(X)","17.3","10.1","82.7","10.1","0.0","8.0","20.9","9.1","79.1","9.1",
"1400000US06111007901","Census Tract 79.01, Ventura County, California","1722","50","3.14","0.24","1174","116","3.87","0.32","586","114","34.0","12.9","8.9","6.2","57.2","13.6","1722","50","39.3","5.9","33.4","6.1","23.6","6.2","6.2","3.5","0.6","0.9","8.4","4.0","75.7","4.4","24.3","4.4","0.0","2.0","61.0","6.8","39.0","6.8","880","116","3.86","0.41","880","116","3.78","0.41","457","121","42.0","15.8","9.4","7.0","48.6","16.4","880","116","56.5","9.7","28.9","9.5","(X)","(X)","(X)","(X)","(X)","(X)","(X)","(X)","76.1","7.6","23.9","7.6","0.0","3.9","57.0","11.0","43.0","11.0","126","69","4.45","1.63","126","69","4.00","1.67","56","50","0.0","41.1","16.1","29.1","83.9","29.1","126","69","69.0","20.2","36.5","26.8","(X)","(X)","(X)","(X)","(X)","(X)","(X)","(X)","67.5","25.7","32.5","25.7","0.0","23.9","67.5","25.7","32.5","25.7","168","68","4.47","1.20","168","68","4.21","1.02","73","49","9.6","15.5","0.0","35.8","90.4","15.5","168","68","55.4","18.1","47.6","19.9","(X)","(X)","(X)","(X)","(X)","(X)","(X)","(X)","82.1","13.5","17.9","13.5","0.0","18.7","61.9","21.2","38.1","21.2","548","115","1.29","0.13","(X)","(X)","(X)","(X)","(X)","(X)","(X)","(X)","(X)","(X)","(X)","(X)","548","115","0.0","6.2","35.8","12.9","74.3","11.0","19.3","10.7","(X)","(X)","(X)","(X)","75.0","9.7","25.0","9.7","0.0","6.2","65.5","14.7","34.5","14.7",
"1400000US06111007903","Census Tract 79.03, Ventura County, California","1531","43","3.15","0.20","1362","67","3.25","0.18","603","76","17.6","8.7","8.0","5.9","74.5","9.7","1531","43","40.7","4.8","38.2","4.4","9.1","3.3","6.9","2.8","0.5","0.8","0.0","2.3","96.9","2.7","1.9","2.3","1.2","1.4","91.4","3.5","8.6","3.5","1266","75","3.29","0.19","1266","75","3.26","0.18","582","74","18.2","9.0","8.2","6.1","73.5","10.0","1266","75","46.4","5.5","33.6","4.8","(X)","(X)","(X)","(X)","(X)","(X)","(X)","(X)","98.5","1.7","0.0","2.7","1.5","1.7","92.0","3.7","8.0","3.7","5","10","6.80","3.07","5","10","6.80","3.07","0","12","-","**","-","**","-","**","5","10","100.0","100.0","100.0","100.0","(X)","(X)","(X)","(X)","(X)","(X)","(X)","(X)","100.0","100.0","0.0","100.0","0.0","100.0","100.0","100.0","0.0","100.0","91","54","3.40","0.89","91","54","2.92","0.50","21","20","0.0","67.2","0.0","67.2","100.0","67.2","91","54","33.0","28.0","33.0","23.7","(X)","(X)","(X)","(X)","(X)","(X)","(X)","(X)","100.0","30.9","0.0","30.9","0.0","30.9","91.2","14.8","8.8","14.8","169","61","1.88","1.16","(X)","(X)","(X)","(X)","(X)","(X)","(X)","(X)","(X)","(X)","(X)","(X)","169","61","0.0","18.6","73.4","19.9","82.8","19.4","62.7","20.3","(X)","(X)","(X)","(X)","82.8","19.4","17.2","19.4","0.0","18.6","87.0","18.6","13.0","18.6",
"1400000US06111007904","Census Tract 79.04, Ventura County, California","1758","47","3.36","0.27","1426","111","3.73","0.32","657","109","22.4","9.8","18.1","11.4","59.5","12.0","1758","47","41.9","6.8","42.5","5.0","12.6","4.4","8.1","3.0","0.7","1.1","2.8","2.3","99.7","0.5","0.3","0.5","0.0","2.0","76.6","7.0","23.4","7.0","1074","141","3.84","0.35","1074","141","3.84","0.35","536","109","26.1","11.4","22.2","13.2","51.7","13.3","1074","141","54.4","8.1","37.2","7.5","(X)","(X)","(X)","(X)","(X)","(X)","(X)","(X)","100.0","3.2","0.0","3.2","0.0","3.2","80.1","7.8","19.9","7.8","137","80","2.91","0.33","137","80","2.45","0.28","33","42","0.0","53.6","0.0","53.6","100.0","53.6","137","80","24.1","26.3","32.8","27.2","(X)","(X)","(X)","(X)","(X)","(X)","(X)","(X)","100.0","22.3","0.0","22.3","0.0","22.3","50.4","29.9","49.6","29.9","215","95","4.09","0.76","215","95","4.03","0.78","88","54","8.0","13.9","0.0","31.6","92.0","13.9","215","95","55.3","22.0","62.8","19.7","(X)","(X)","(X)","(X)","(X)","(X)","(X)","(X)","100.0","15.0","0.0","15.0","0.0","15.0","88.8","13.5","11.2","13.5","332","106","1.55","0.30","(X)","(X)","(X)","(X)","(X)","(X)","(X)","(X)","(X)","(X)","(X)","(X)","332","106","0.0","10.0","50.3","15.4","66.9","16.8","43.1","14.6","(X)","(X)","(X)","(X)","98.5","2.8","1.5","2.8","0.0","10.0","68.4","19.5","31.6","19.5",
"1400000US06111008001","Census Tract 80.01, Ventura County, California","950","39","3.82","0.29","785","57","4.04","0.29","363","48","13.8","8.2","13.2","8.5","73.0","10.7","950","39","47.2","5.2","40.9","5.9","10.9","3.6","5.1","2.3","0.0","3.6","5.8","4.1","91.4","3.8","8.1","3.7","0.5","0.8","77.6","6.3","22.4","6.3","539","79","4.10","0.34","539","79","4.04","0.33","247","60","20.2","11.0","19.4","12.1","60.3","13.7","539","79","55.5","8.3","43.0","8.1","(X)","(X)","(X)","(X)","(X)","(X)","(X)","(X)","96.3","3.3","2.8","2.6","0.9","1.3","91.1","6.1","8.9","6.1","55","33","5.47","1.29","55","33","4.33","1.24","20","18","0.0","68.8","0.0","68.8","100.0","68.8","55","33","85.5","17.6","32.7","28.3","(X)","(X)","(X)","(X)","(X)","(X)","(X)","(X)","61.8","33.1","38.2","33.1","0.0","41.5","67.3","26.4","32.7","26.4","191","64","4.18","1.01","191","64","3.96","0.82","96","51","0.0","29.7","0.0","29.7","100.0","29.7","191","64","53.4","17.4","38.7","19.1","(X)","(X)","(X)","(X)","(X)","(X)","(X)","(X)","97.4","4.7","2.6","4.7","0.0","16.7","52.4","19.3","47.6","19.3","165","54","1.92","0.58","(X)","(X)","(X)","(X)","(X)","(X)","(X)","(X)","(X)","(X)","(X)","(X)","165","54","0.0","19.0","39.4","17.3","63.0","18.9","29.1","14.4","(X)","(X)","(X)","(X)","78.2","14.9","21.8","14.9","0.0","19.0","66.1","17.4","33.9","17.4",
"1400000US06111008002","Census Tract 80.02, Ventura County, California","1552","56","3.30","0.25","1230","122","3.59","0.27","510","84","18.4","9.5","30.0","14.6","51.6","14.4","1552","56","37.8","6.1","30.0","5.2","13.7","6.1","2.6","1.9","0.0","2.2","7.7","4.2","79.4","5.6","20.6","5.6","0.0","2.2","63.5","5.7","36.5","5.7","845","135","3.74","0.37","845","135","3.59","0.37","321","89","12.8","11.4","37.4","19.0","49.8","16.4","845","135","43.7","10.7","35.9","8.5","(X)","(X)","(X)","(X)","(X)","(X)","(X)","(X)","92.4","7.5","7.6","7.5","0.0","4.1","77.6","8.4","22.4","8.4","78","44","4.10","0.87","78","44","3.15","0.82","26","25","0.0","60.4","0.0","60.4","100.0","60.4","78","44","50.0","40.6","0.0","34.3","(X)","(X)","(X)","(X)","(X)","(X)","(X)","(X)","69.2","31.6","30.8","31.6","0.0","34.3","43.6","35.1","56.4","35.1","307","90","3.79","0.46","307","90","3.67","0.50","163","77","32.5","22.9","20.2","27.6","47.2","28.6","307","90","58.3","18.5","23.5","12.1","(X)","(X)","(X)","(X)","(X)","(X)","(X)","(X)","60.6","18.0","39.4","18.0","0.0","10.8","37.5","17.0","62.5","17.0","322","107","1.48","0.22","(X)","(X)","(X)","(X)","(X)","(X)","(X)","(X)","(X)","(X)","(X)","(X)","322","107","0.0","10.3","28.0","14.4","66.1","14.0","12.4","10.1","(X)","(X)","(X)","(X)","65.5","19.3","34.5","19.3","0.0","10.3","55.9","19.2","44.1","19.2",
"1400000US06111008004","Census Tract 80.04, Ventura County, California","1472","63","3.40","0.22","1188","108","3.73","0.25","504","87","5.0","3.9","24.4","13.4","70.6","13.7","1472","63","39.6","5.7","30.2","4.8","12.7","4.8","4.3","2.8","0.3","0.6","7.5","5.3","100.0","2.3","0.0","2.3","0.0","2.3","87.6","7.3","12.4","7.3","928","136","3.64","0.31","928","136","3.64","0.31","392","101","4.8","4.4","29.6","14.5","65.6","14.7","928","136","45.6","8.4","26.4","6.4","(X)","(X)","(X)","(X)","(X)","(X)","(X)","(X)","100.0","3.7","0.0","3.7","0.0","3.7","92.0","5.6","8.0","5.6","152","78","4.40","0.88","152","78","3.46","1.16","52","60","0.0","42.7","0.0","42.7","100.0","42.7","152","78","50.7","28.7","19.7","24.4","(X)","(X)","(X)","(X)","(X)","(X)","(X)","(X)","100.0","20.4","0.0","20.4","0.0","20.4","69.1","38.2","30.9","38.2","108","58","5.08","1.36","108","58","4.88","1.40","60","50","10.0","17.5","11.7","23.4","78.3","29.2","108","58","67.6","23.1","50.0","28.2","(X)","(X)","(X)","(X)","(X)","(X)","(X)","(X)","100.0","27.1","0.0","27.1","0.0","27.1","92.6","13.8","7.4","13.8","284","86","1.43","0.22","(X)","(X)","(X)","(X)","(X)","(X)","(X)","(X)","(X)","(X)","(X)","(X)","284","86","3.5","5.2","40.5","17.1","65.8","17.7","22.5","15.4","(X)","(X)","(X)","(X)","100.0","11.6","0.0","11.6","0.0","11.6","81.0","18.1","19.0","18.1",
"1400000US06111008005","Census Tract 80.05, Ventura County, California","730","48","3.49","0.31","598","56","3.79","0.38","273","40","13.9","8.0","16.8","9.6","69.2","10.0","730","48","40.4","5.0","37.4","6.9","15.3","5.3","6.0","3.2","0.0","4.7","9.6","5.1","97.5","2.5","1.8","2.3","0.7","1.0","79.3","7.2","20.7","7.2","437","58","4.08","0.51","437","58","4.03","0.51","202","41","13.9","9.4","17.8","11.8","68.3","11.7","437","58","47.4","7.8","35.2","9.4","(X)","(X)","(X)","(X)","(X)","(X)","(X)","(X)","98.9","1.7","0.0","7.7","1.1","1.7","84.9","8.8","15.1","8.8","76","37","3.62","1.00","76","37","2.99","0.90","43","28","11.6","18.5","23.3","31.6","65.1","34.1","76","37","56.6","23.1","13.2","13.4","(X)","(X)","(X)","(X)","(X)","(X)","(X)","(X)","82.9","20.8","17.1","20.8","0.0","34.9","50.0","26.3","50.0","26.3","85","41","3.79","0.82","85","41","3.32","0.51","28","23","17.9","31.7","0.0","58.2","82.1","31.7","85","41","50.6","24.7","27.1","21.5","(X)","(X)","(X)","(X)","(X)","(X)","(X)","(X)","100.0","32.4","0.0","32.4","0.0","32.4","69.4","22.4","30.6","22.4","132","41","1.30","0.27","(X)","(X)","(X)","(X)","(X)","(X)","(X)","(X)","(X)","(X)","(X)","(X)","132","41","1.5","3.0","65.2","16.4","84.8","11.8","33.3","16.7","(X)","(X)","(X)","(X)","100.0","23.0","0.0","23.0","0.0","23.0","84.1","17.1","15.9","17.1",
"1400000US06111008101","Census Tract 81.01, Ventura County, California","1116","48","3.15","0.30","841","73","3.64","0.34","361","75","26.0","11.9","11.4","9.1","62.6","14.8","1116","48","39.2","6.6","41.1","5.5","18.9","5.8","8.2","3.5","1.9","2.7","6.6","4.9","90.9","3.9","9.1","3.9","0.0","3.1","79.8","5.8","20.2","5.8","642","80","3.76","0.42","642","80","3.69","0.42","265","57","24.5","13.3","15.5","11.8","60.0","17.1","642","80","46.7","7.4","44.4","8.8","(X)","(X)","(X)","(X)","(X)","(X)","(X)","(X)","96.0","3.5","4.0","3.5","0.0","5.3","93.3","5.2","6.7","5.2","82","46","4.17","1.35","82","46","3.93","1.40","10","16","0.0","97.3","0.0","97.3","100.0","97.3","82","46","57.3","24.7","29.3","24.3","(X)","(X)","(X)","(X)","(X)","(X)","(X)","(X)","100.0","33.2","0.0","33.2","0.0","33.2","85.4","20.6","14.6","20.6","117","63","3.50","0.71","117","63","3.15","0.58","86","58","33.7","36.3","0.0","32.1","66.3","36.3","117","63","76.9","19.8","17.1","19.3","(X)","(X)","(X)","(X)","(X)","(X)","(X)","(X)","91.5","13.2","8.5","13.2","0.0","25.4","53.8","28.5","46.2","28.5","275","79","1.28","0.18","(X)","(X)","(X)","(X)","(X)","(X)","(X)","(X)","(X)","(X)","(X)","(X)","275","79","0.0","11.9","47.3","15.4","76.7","15.8","33.5","13.5","(X)","(X)","(X)","(X)","76.0","15.7","24.0","15.7","0.0","11.9","57.8","16.2","42.2","16.2",
"1400000US06111008201","Census Tract 82.01, Ventura County, California","1497","66","3.07","0.21","1045","103","3.76","0.27","530","92","22.8","9.3","21.7","11.5","55.5","13.7","1497","66","37.0","5.8","43.4","6.8","23.6","6.1","15.0","4.9","0.5","0.9","4.7","3.0","84.5","4.1","14.7","3.8","0.8","1.2","62.8","7.7","37.2","7.7","814","124","3.95","0.32","814","124","3.93","0.32","403","88","28.8","10.9","28.5","13.6","42.7","13.2","814","124","50.4","8.6","34.4","8.1","(X)","(X)","(X)","(X)","(X)","(X)","(X)","(X)","92.8","5.1","7.2","5.1","0.0","4.2","81.6","7.7","18.4","7.7","54","44","4.00","0.75","54","44","2.91","0.80","23","23","21.7","40.8","0.0","64.2","78.3","40.8","54","44","68.5","35.8","50.0","42.3","(X)","(X)","(X)","(X)","(X)","(X)","(X)","(X)","100.0","41.9","0.0","41.9","0.0","41.9","64.8","35.2","35.2","35.2","177","93","3.32","0.40","177","93","3.24","0.38","104","86","0.0","27.9","0.0","27.9","100.0","27.9","177","93","60.5","24.3","22.0","17.9","(X)","(X)","(X)","(X)","(X)","(X)","(X)","(X)","96.6","5.9","3.4","5.9","0.0","17.8","22.0","17.6","78.0","17.6","452","91","1.29","0.20","(X)","(X)","(X)","(X)","(X)","(X)","(X)","(X)","(X)","(X)","(X)","(X)","452","91","0.0","7.4","67.3","16.4","78.3","14.7","49.8","15.0","(X)","(X)","(X)","(X)","63.1","13.8","34.3","13.4","2.7","4.0","44.7","15.5","55.3","15.5",
"1400000US06111008202","Census Tract 82.02, Ventura County, California","1469","52","3.12","0.22","1133","82","3.39","0.21","464","83","27.2","12.0","17.5","9.5","55.4","14.5","1469","52","34.4","5.7","35.1","6.1","17.5","5.2","4.1","2.4","0.0","2.4","7.1","4.1","91.7","4.3","8.3","4.3","0.0","2.4","81.1","6.1","18.9","6.1","830","104","3.63","0.25","830","104","3.54","0.25","359","78","27.6","14.0","19.8","10.7","52.6","15.4","830","104","44.0","7.9","31.9","8.3","(X)","(X)","(X)","(X)","(X)","(X)","(X)","(X)","95.1","4.6","4.9","4.6","0.0","4.1","89.9","5.5","10.1","5.5","164","68","4.15","1.03","164","68","3.15","0.38","37","33","73.0","41.1","27.0","41.1","0.0","50.6","164","68","29.3","20.0","52.4","22.9","(X)","(X)","(X)","(X)","(X)","(X)","(X)","(X)","76.8","23.7","23.2","23.7","0.0","19.1","61.0","29.4","39.0","29.4","139","70","3.00","0.52","139","70","2.74","0.58","68","61","0.0","37.3","0.0","37.3","100.0","37.3","139","70","56.1","25.3","41.0","27.4","(X)","(X)","(X)","(X)","(X)","(X)","(X)","(X)","83.5","18.6","16.5","18.6","0.0","22.0","74.1","18.6","25.9","18.6","336","81","1.40","0.24","(X)","(X)","(X)","(X)","(X)","(X)","(X)","(X)","(X)","(X)","(X)","(X)","336","81","4.5","7.0","31.8","14.5","76.5","13.4","17.9","10.3","(X)","(X)","(X)","(X)","94.0","5.7","6.0","5.7","0.0","9.9","72.0","13.3","28.0","13.3",
"1400000US06111008302","Census Tract 83.02, Ventura County, California","1980","51","2.80","0.14","1439","96","3.19","0.18","529","87","14.7","10.0","35.3","12.7","49.9","13.8","1980","51","29.6","4.9","46.3","4.9","18.7","4.2","13.0","3.5","0.4","0.6","7.1","3.7","79.2","5.0","20.4","5.0","0.5","0.7","61.8","6.2","38.2","6.2","1118","106","3.34","0.21","1118","106","3.31","0.21","415","82","14.5","11.0","42.9","15.2","42.7","14.7","1118","106","39.0","7.3","42.8","7.8","(X)","(X)","(X)","(X)","(X)","(X)","(X)","(X)","88.2","6.7","11.8","6.7","0.0","3.1","69.1","8.5","30.9","8.5","123","65","3.36","0.75","123","65","2.73","0.71","74","52","12.2","24.9","12.2","19.1","75.7","32.4","123","65","78.9","20.1","32.5","23.2","(X)","(X)","(X)","(X)","(X)","(X)","(X)","(X)","69.1","25.9","30.9","25.9","0.0","24.4","52.0","26.1","48.0","26.1","198","62","2.92","0.37","198","62","2.76","0.41","40","28","22.5","32.8","0.0","48.7","77.5","32.8","198","62","26.8","17.4","59.6","19.4","(X)","(X)","(X)","(X)","(X)","(X)","(X)","(X)","78.3","20.9","21.7","20.9","0.0","16.1","56.6","19.5","43.4","19.5","541","92","1.50","0.24","(X)","(X)","(X)","(X)","(X)","(X)","(X)","(X)","(X)","(X)","(X)","(X)","541","92","0.0","6.3","51.9","11.6","68.4","12.7","47.5","11.6","(X)","(X)","(X)","(X)","63.2","10.9","35.1","10.6","1.7","2.7","50.6","12.0","49.4","12.0",
"1400000US06111008303","Census Tract 83.03, Ventura County, California","1345","80","2.70","0.24","881","116","3.22","0.28","350","88","30.6","15.1","11.4","10.1","58.0","15.6","1345","80","29.6","6.8","51.9","8.2","25.8","6.7","19.8","6.2","1.8","2.8","9.7","5.1","51.2","6.2","40.8","7.3","8.0","4.5","48.8","6.4","51.2","6.4","530","100","3.55","0.40","530","100","3.49","0.38","208","69","20.7","17.0","14.4","14.0","64.9","20.6","530","100","42.8","10.6","40.4","10.6","(X)","(X)","(X)","(X)","(X)","(X)","(X)","(X)","73.0","11.2","25.3","11.1","1.7","2.6","67.2","12.3","32.8","12.3","91","48","3.40","0.40","91","48","2.74","0.50","41","43","65.9","54.9","0.0","48.1","34.1","54.9","91","48","60.4","35.6","37.4","31.2","(X)","(X)","(X)","(X)","(X)","(X)","(X)","(X)","56.0","34.7","14.3","18.2","29.7","38.4","30.8","31.5","69.2","31.5","260","93","3.21","0.50","260","93","2.84","0.41","101","68","36.6","37.5","9.9","17.9","53.5","36.0","260","93","44.6","20.5","60.4","20.6","(X)","(X)","(X)","(X)","(X)","(X)","(X)","(X)","35.0","18.6","50.0","21.5","15.0","16.6","30.8","16.2","69.2","16.2","464","98","1.33","0.14","(X)","(X)","(X)","(X)","(X)","(X)","(X)","(X)","(X)","(X)","(X)","(X)","464","98","0.0","7.3","63.1","13.1","74.8","12.0","57.3","13.1","(X)","(X)","(X)","(X)","34.5","12.6","58.6","12.1","6.9","4.0","41.4","12.1","58.6","12.1",
"1400000US06111008304","Census Tract 83.04, Ventura County, California","2060","87","2.72","0.18","1455","154","3.28","0.18","558","108","26.7","15.8","16.8","9.3","56.5","14.3","2060","87","30.0","5.6","38.3","6.4","23.0","6.3","8.5","3.5","0.0","1.7","6.0","3.7","67.8","5.6","12.3","4.6","19.9","4.5","80.4","5.4","19.6","5.4","1229","143","3.32","0.20","1229","143","3.31","0.20","521","111","28.6","16.7","18.0","10.2","53.4","15.5","1229","143","46.5","8.2","30.2","8.6","(X)","(X)","(X)","(X)","(X)","(X)","(X)","(X)","82.9","7.8","6.1","5.0","11.0","7.0","87.6","6.3","12.4","6.3","123","79","3.50","0.96","123","79","3.32","0.84","13","20","0.0","85.4","0.0","85.4","100.0","85.4","123","79","17.9","20.8","37.4","34.0","(X)","(X)","(X)","(X)","(X)","(X)","(X)","(X)","61.8","35.0","8.1","14.9","30.1","31.1","60.2","36.7","39.8","36.7","103","59","3.18","0.84","103","59","2.94","0.58","24","27","0.0","62.8","0.0","62.8","100.0","62.8","103","59","23.3","23.8","76.7","23.8","(X)","(X)","(X)","(X)","(X)","(X)","(X)","(X)","15.5","24.6","0.0","28.1","84.5","24.6","88.3","17.5","11.7","17.5","605","141","1.27","0.17","(X)","(X)","(X)","(X)","(X)","(X)","(X)","(X)","(X)","(X)","(X)","(X)","605","141","0.0","5.6","48.3","15.5","78.3","12.6","29.1","10.7","(X)","(X)","(X)","(X)","47.3","15.7","27.8","12.4","25.0","12.7","68.6","13.9","31.4","13.9",
"1400000US06111008305","Census Tract 83.05, Ventura County, California","1225","52","3.24","0.17","1100","74","3.33","0.18","443","74","10.8","8.5","8.6","6.3","80.6","10.2","1225","52","39.1","5.4","49.0","8.1","5.8","3.0","2.5","2.0","0.0","2.8","5.1","4.5","99.3","1.2","0.7","1.2","0.0","2.8","92.0","4.9","8.0","4.9","966","83","3.35","0.20","966","83","3.35","0.20","351","65","8.0","6.1","9.4","7.4","82.6","9.4","966","83","39.3","5.2","52.5","8.7","(X)","(X)","(X)","(X)","(X)","(X)","(X)","(X)","100.0","3.6","0.0","3.6","0.0","3.6","93.2","4.7","6.8","4.7","53","42","3.28","0.57","53","42","3.02","0.71","28","33","71.4","54.1","0.0","58.2","28.6","54.1","53","42","52.8","41.7","0.0","42.3","(X)","(X)","(X)","(X)","(X)","(X)","(X)","(X)","84.9","27.1","15.1","27.1","0.0","42.3","100.0","42.3","0.0","42.3","81","48","4.26","2.01","81","48","3.37","1.25","64","49","0.0","38.5","7.8","12.3","92.2","12.3","81","48","87.7","22.3","35.8","33.8","(X)","(X)","(X)","(X)","(X)","(X)","(X)","(X)","100.0","33.5","0.0","33.5","0.0","33.5","100.0","33.5","0.0","33.5","125","62","1.73","0.56","(X)","(X)","(X)","(X)","(X)","(X)","(X)","(X)","(X)","(X)","(X)","(X)","125","62","0.0","24.1","51.2","29.1","56.8","29.4","24.8","19.6","(X)","(X)","(X)","(X)","100.0","24.1","0.0","24.1","0.0","24.1","74.4","31.3","25.6","31.3",
"1400000US06111008306","Census Tract 83.06, Ventura County, California","1571","33","2.48","0.18","1033","95","3.06","0.19","561","91","8.0","6.6","25.3","12.3","66.7","13.6","1571","33","35.7","5.9","31.1","5.5","27.7","6.0","6.4","2.8","0.0","2.2","6.4","4.0","56.0","6.0","44.0","6.0","0.0","2.2","45.0","6.2","55.0","6.2","732","113","3.24","0.23","732","113","3.24","0.23","364","78","10.2","9.2","33.8","15.7","56.0","17.1","732","113","49.7","6.7","38.0","7.9","(X)","(X)","(X)","(X)","(X)","(X)","(X)","(X)","72.4","8.6","27.6","8.6","0.0","4.7","56.1","9.8","43.9","9.8","51","33","2.55","0.49","51","33","2.55","0.49","18","20","0.0","72.5","0.0","72.5","100.0","72.5","51","33","35.3","29.6","17.6","22.3","(X)","(X)","(X)","(X)","(X)","(X)","(X)","(X)","62.7","31.8","37.3","31.8","0.0","43.1","49.0","35.0","51.0","35.0","250","98","2.83","0.34","250","98","2.62","0.33","179","89","4.5","7.5","10.6","18.2","84.9","20.1","250","98","71.6","18.4","10.8","13.0","(X)","(X)","(X)","(X)","(X)","(X)","(X)","(X)","33.2","20.5","66.8","20.5","0.0","13.0","19.6","14.1","80.4","14.1","538","97","1.29","0.20","(X)","(X)","(X)","(X)","(X)","(X)","(X)","(X)","(X)","(X)","(X)","(X)","538","97","0.0","6.3","32.3","11.0","80.9","11.5","18.8","8.1","(X)","(X)","(X)","(X)","43.5","12.0","56.5","12.0","0.0","6.3","41.3","12.1","58.7","12.1",
"1400000US06111008401","Census Tract 84.01, Ventura County, California","1833","83","2.84","0.19","1210","142","3.41","0.22","537","97","27.7","12.4","10.6","7.0","61.6","12.6","1833","83","31.9","4.9","45.0","4.8","25.2","5.6","13.1","3.8","0.0","1.9","7.0","4.6","74.5","5.3","25.5","5.3","0.0","1.9","60.8","6.4","39.2","6.4","878","141","3.60","0.28","878","141","3.51","0.26","407","92","34.6","15.2","14.0","9.1","51.4","14.7","878","141","47.2","7.9","42.8","7.2","(X)","(X)","(X)","(X)","(X)","(X)","(X)","(X)","82.5","8.2","17.5","8.2","0.0","3.9","68.3","10.3","31.7","10.3","136","69","3.70","0.64","136","69","3.61","0.62","75","56","0.0","35.2","0.0","35.2","100.0","35.2","136","69","69.9","23.6","27.9","18.2","(X)","(X)","(X)","(X)","(X)","(X)","(X)","(X)","77.9","19.2","22.1","19.2","0.0","22.4","61.8","27.2","38.2","27.2","196","75","3.34","0.84","196","75","2.86","0.59","55","36","14.5","22.4","0.0","41.5","85.5","22.4","196","75","33.2","19.9","16.3","17.8","(X)","(X)","(X)","(X)","(X)","(X)","(X)","(X)","89.8","13.2","10.2","13.2","0.0","16.3","54.1","21.8","45.9","21.8","623","138","1.43","0.19","(X)","(X)","(X)","(X)","(X)","(X)","(X)","(X)","(X)","(X)","(X)","(X)","623","138","1.6","2.7","60.7","11.6","74.0","12.0","38.5","9.3","(X)","(X)","(X)","(X)","57.8","11.7","42.2","11.7","0.0","5.5","52.2","11.3","47.8","11.3",
"1400000US06111008402","Census Tract 84.02, Ventura County, California","1597","63","3.48","0.20","1370","82","3.57","0.21","615","77","9.6","6.0","13.5","8.0","76.9","9.0","1597","63","43.5","4.4","43.6","5.8","12.1","3.3","6.1","2.3","0.0","2.2","4.2","3.0","99.1","1.0","0.0","2.2","0.9","1.0","87.7","4.8","12.3","4.8","1154","81","3.88","0.27","1154","81","3.65","0.23","525","80","7.6","4.5","15.8","8.9","76.6","9.8","1154","81","50.0","6.3","38.8","7.6","(X)","(X)","(X)","(X)","(X)","(X)","(X)","(X)","99.5","0.8","0.0","3.0","0.5","0.8","88.1","5.1","11.9","5.1","77","53","3.39","0.85","77","53","3.12","0.50","34","42","0.0","52.8","0.0","52.8","100.0","52.8","77","53","44.2","35.8","44.2","34.0","(X)","(X)","(X)","(X)","(X)","(X)","(X)","(X)","89.6","17.6","0.0","34.6","10.4","17.6","88.3","20.0","11.7","20.0","139","64","3.73","0.65","139","64","3.11","0.49","56","43","33.9","43.8","0.0","41.1","66.1","43.8","139","64","59.7","24.7","36.0","22.2","(X)","(X)","(X)","(X)","(X)","(X)","(X)","(X)","100.0","22.0","0.0","22.0","0.0","22.0","80.6","20.8","19.4","20.8","227","65","1.34","0.39","(X)","(X)","(X)","(X)","(X)","(X)","(X)","(X)","(X)","(X)","(X)","(X)","227","65","0.0","14.3","72.7","13.1","85.5","14.2","43.2","15.4","(X)","(X)","(X)","(X)","100.0","14.3","0.0","14.3","0.0","14.3","89.9","13.7","10.1","13.7",
"1400000US06111008500","Census Tract 85, Ventura County, California","3071","114","2.81","0.17","2319","210","3.25","0.19","858","115","29.6","15.0","12.7","8.7","57.7","13.5","3071","114","29.3","3.9","40.8","4.6","21.5","6.5","4.6","2.8","1.5","1.3","0.7","1.1","82.0","4.2","18.0","4.2","0.0","1.1","74.0","5.3","26.0","5.3","1866","189","3.42","0.23","1866","189","3.40","0.24","752","121","31.1","16.3","14.5","10.0","54.4","14.3","1866","189","42.6","6.4","39.5","6.7","(X)","(X)","(X)","(X)","(X)","(X)","(X)","(X)","91.6","5.2","8.4","5.2","0.0","1.9","87.9","6.1","12.1","6.1","113","86","2.66","0.63","113","86","2.66","0.63","56","45","0.0","41.1","0.0","41.1","100.0","41.1","113","86","49.6","40.2","18.6","28.0","(X)","(X)","(X)","(X)","(X)","(X)","(X)","(X)","36.3","42.7","63.7","42.7","0.0","26.1","36.3","42.7","63.7","42.7","340","125","2.75","0.32","340","125","2.59","0.31","50","55","40.0","58.2","0.0","43.5","60.0","58.2","340","125","14.7","15.9","62.6","21.4","(X)","(X)","(X)","(X)","(X)","(X)","(X)","(X)","67.6","18.8","32.4","18.8","0.0","9.8","44.4","18.8","55.6","18.8","752","213","1.33","0.30","(X)","(X)","(X)","(X)","(X)","(X)","(X)","(X)","(X)","(X)","(X)","(X)","752","213","0.0","4.5","37.5","14.7","87.8","8.9","18.9","10.7","(X)","(X)","(X)","(X)","71.3","11.8","28.7","11.8","0.0","4.5","58.8","13.5","41.2","13.5",
"1400000US06111008600","Census Tract 86, Ventura County, California","2149","110","3.65","0.33","1540","163","4.19","0.38","842","145","11.8","7.7","36.8","14.0","51.4","16.1","2149","110","49.9","5.8","28.9","5.9","18.1","5.3","5.7","2.7","0.4","0.6","14.5","6.0","39.5","8.8","57.4","7.9","3.1","3.6","29.1","8.0","70.9","8.0","850","187","4.58","0.60","850","187","4.58","0.60","404","143","16.3","14.8","25.0","18.6","58.7","23.5","850","187","63.4","10.5","37.4","10.6","(X)","(X)","(X)","(X)","(X)","(X)","(X)","(X)","60.1","14.2","39.9","14.2","0.0","4.0","32.9","12.7","67.1","12.7","233","117","3.65","0.67","233","117","2.99","0.37","93","80","0.0","30.4","25.8","38.1","74.2","38.1","233","117","46.4","28.8","33.5","29.0","(X)","(X)","(X)","(X)","(X)","(X)","(X)","(X)","23.6","19.2","76.4","19.2","0.0","13.9","17.6","16.8","82.4","16.8","457","160","4.52","0.42","457","160","4.07","0.46","345","143","9.6","11.5","53.6","24.7","36.8","23.9","457","160","88.6","10.5","7.4","7.6","(X)","(X)","(X)","(X)","(X)","(X)","(X)","(X)","18.2","13.0","81.8","13.0","0.0","7.4","6.3","7.5","93.7","7.5","609","145","1.71","0.35","(X)","(X)","(X)","(X)","(X)","(X)","(X)","(X)","(X)","(X)","(X)","(X)","609","145","3.3","5.3","31.2","11.2","63.7","13.8","20.0","9.3","(X)","(X)","(X)","(X)","32.8","15.8","56.3","13.9","10.8","12.1","45.2","15.8","54.8","15.8",
"1400000US06111008700","Census Tract 87, Ventura County, California","1851","85","3.38","0.32","1261","109","4.14","0.45","634","115","29.0","11.3","23.7","11.3","47.3","15.0","1851","85","40.2","5.9","42.6","6.1","26.4","5.1","13.0","4.0","0.0","1.9","7.7","4.4","60.2","5.0","38.0","5.1","1.8","1.9","33.3","5.9","66.7","5.9","715","113","4.99","0.75","715","113","4.88","0.75","408","94","12.5","8.2","35.3","16.9","52.2","18.5","715","113","64.9","9.6","25.9","7.6","(X)","(X)","(X)","(X)","(X)","(X)","(X)","(X)","78.2","9.7","17.2","9.4","4.6","4.7","47.7","12.0","52.3","12.0","251","97","3.91","0.60","251","97","3.08","0.36","115","74","79.1","29.6","0.0","25.8","20.9","29.6","251","97","48.2","20.4","30.3","15.6","(X)","(X)","(X)","(X)","(X)","(X)","(X)","(X)","37.8","19.1","62.2","19.1","0.0","13.0","25.9","18.4","74.1","18.4","295","91","3.32","0.40","295","91","3.23","0.38","111","66","37.8","34.0","5.4","11.4","56.8","33.4","295","91","54.2","19.5","55.6","17.4","(X)","(X)","(X)","(X)","(X)","(X)","(X)","(X)","78.6","15.0","21.4","15.0","0.0","11.2","24.7","15.2","75.3","15.2","590","106","1.25","0.16","(X)","(X)","(X)","(X)","(X)","(X)","(X)","(X)","(X)","(X)","(X)","(X)","590","106","0.0","5.8","61.5","12.0","82.7","9.8","40.8","11.3","(X)","(X)","(X)","(X)","38.8","11.8","61.2","11.8","0.0","5.8","23.4","8.8","76.6","8.8",
"1400000US06111008800","Census Tract 88, Ventura County, California","1389","59","4.10","0.29","1179","92","4.33","0.31","487","99","12.7","7.3","16.2","11.4","71.0","14.2","1389","59","49.8","6.3","46.7","8.6","6.0","3.2","3.6","2.4","0.6","1.0","6.2","4.1","95.1","4.1","4.9","4.1","0.0","2.5","74.4","7.7","25.6","7.7","829","124","4.44","0.37","829","124","4.42","0.37","358","107","15.6","8.8","17.0","14.2","67.3","16.8","829","124","52.5","9.3","46.3","10.5","(X)","(X)","(X)","(X)","(X)","(X)","(X)","(X)","100.0","4.1","0.0","4.1","0.0","4.1","88.7","7.0","11.3","7.0","90","59","4.74","1.03","90","59","4.29","0.96","40","32","15.0","26.2","0.0","48.7","85.0","26.2","90","59","54.4","32.3","67.8","26.7","(X)","(X)","(X)","(X)","(X)","(X)","(X)","(X)","100.0","31.1","0.0","31.1","0.0","31.1","35.6","32.6","64.4","32.6","260","89","4.06","0.73","260","89","4.03","0.72","89","61","0.0","31.4","20.2","25.6","79.8","25.6","260","89","66.9","20.0","41.9","21.1","(X)","(X)","(X)","(X)","(X)","(X)","(X)","(X)","80.8","20.4","19.2","20.4","0.0","12.6","56.5","22.1","43.5","22.1","210","68","2.53","0.74","(X)","(X)","(X)","(X)","(X)","(X)","(X)","(X)","(X)","(X)","(X)","(X)","210","68","16.2","21.7","45.2","22.8","39.5","19.1","23.8","15.2","(X)","(X)","(X)","(X)","91.4","8.3","8.6","8.3","0.0","15.3","57.1","19.8","42.9","19.8",
"1400000US06111008900","Census Tract 89, Ventura County, California","657","60","5.05","0.45","587","61","5.36","0.44","220","73","12.7","14.9","39.1","20.1","48.2","20.5","657","60","49.9","8.5","54.6","7.8","8.8","4.9","5.2","3.4","0.0","5.2","1.7","2.1","98.3","2.7","1.7","2.7","0.0","5.2","72.1","8.4","27.9","8.4","368","71","5.31","0.61","368","71","5.24","0.62","145","61","15.2","20.2","35.9","22.9","49.0","25.2","368","71","51.1","10.4","50.3","11.8","(X)","(X)","(X)","(X)","(X)","(X)","(X)","(X)","100.0","9.1","0.0","9.1","0.0","9.1","75.3","11.9","24.7","11.9","58","45","5.33","2.32","58","45","4.83","1.55","11","14","54.5","54.2","0.0","92.8","45.5","54.2","58","45","56.9","35.3","39.7","34.6","(X)","(X)","(X)","(X)","(X)","(X)","(X)","(X)","100.0","40.4","0.0","40.4","0.0","40.4","48.3","37.3","51.7","37.3","161","63","5.83","1.08","161","63","5.83","1.08","64","47","0.0","38.5","53.1","35.9","46.9","35.9","161","63","66.5","18.2","58.4","18.9","(X)","(X)","(X)","(X)","(X)","(X)","(X)","(X)","100.0","19.4","0.0","19.4","0.0","19.4","70.8","17.4","29.2","17.4","70","36","1.70","1.19","(X)","(X)","(X)","(X)","(X)","(X)","(X)","(X)","(X)","(X)","(X)","(X)","70","36","0.0","36.7","81.4","18.5","82.9","26.1","48.6","27.0","(X)","(X)","(X)","(X)","84.3","23.3","15.7","23.3","0.0","36.7","78.6","25.8","21.4","25.8",
"1400000US06111009100","Census Tract 91, Ventura County, California","1074","68","3.89","0.43","837","118","4.28","0.33","543","127","11.4","10.5","13.1","11.0","75.5","15.5","1074","68","56.1","11.0","27.8","7.5","16.6","8.2","9.2","6.2","0.0","3.2","11.2","7.5","42.1","9.9","34.0","8.8","23.9","7.5","38.7","7.2","61.3","7.2","470","129","4.66","0.61","470","129","4.35","0.39","355","117","5.6","9.2","17.2","15.7","77.2","18.4","470","129","78.3","10.4","14.9","9.6","(X)","(X)","(X)","(X)","(X)","(X)","(X)","(X)","22.6","14.1","44.7","17.2","32.8","14.4","37.9","12.5","62.1","12.5","32","32","6.19","3.75","32","32","6.00","3.94","16","27","100.0","76.9","0.0","76.9","0.0","76.9","32","32","50.0","50.0","50.0","50.0","(X)","(X)","(X)","(X)","(X)","(X)","(X)","(X)","78.1","39.1","0.0","54.4","21.9","39.1","21.9","39.1","78.1","39.1","335","83","4.35","0.47","335","83","4.03","0.48","172","71","15.1","21.2","5.8","9.1","79.1","21.4","335","83","65.1","15.1","34.0","15.6","(X)","(X)","(X)","(X)","(X)","(X)","(X)","(X)","72.5","14.4","21.8","12.8","5.7","8.4","38.2","16.3","61.8","16.3","237","107","1.41","0.42","(X)","(X)","(X)","(X)","(X)","(X)","(X)","(X)","(X)","(X)","(X)","(X)","237","107","0.0","13.7","41.8","18.7","75.1","21.8","41.8","18.7","(X)","(X)","(X)","(X)","32.9","23.9","34.6","23.0","32.5","15.8","43.5","18.9","56.5","18.9",
"1400000US06111980000","Census Tract 9800, Ventura County, California","0","12","-","**","0","12","-","**","0","12","-","**","-","**","-","**","0","12","-","**","-","**","-","**","-","**","-","**","-","**","-","**","-","**","-","**","-","**","-","**","0","12","-","**","0","12","-","**","0","12","-","**","-","**","-","**","0","12","-","**","-","**","(X)","(X)","(X)","(X)","(X)","(X)","(X)","(X)","-","**","-","**","-","**","-","**","-","**","0","12","-","**","0","12","-","**","0","12","-","**","-","**","-","**","0","12","-","**","-","**","(X)","(X)","(X)","(X)","(X)","(X)","(X)","(X)","-","**","-","**","-","**","-","**","-","**","0","12","-","**","0","12","-","**","0","12","-","**","-","**","-","**","0","12","-","**","-","**","(X)","(X)","(X)","(X)","(X)","(X)","(X)","(X)","-","**","-","**","-","**","-","**","-","**","0","12","-","**","(X)","(X)","(X)","(X)","(X)","(X)","(X)","(X)","(X)","(X)","(X)","(X)","0","12","-","**","-","**","-","**","-","**","(X)","(X)","(X)","(X)","-","**","-","**","-","**","-","**","-","**",
"1400000US06111990100","Census Tract 9901, Ventura County, California","0","12","-","**","0","12","-","**","0","12","-","**","-","**","-","**","0","12","-","**","-","**","-","**","-","**","-","**","-","**","-","**","-","**","-","**","-","**","-","**","0","12","-","**","0","12","-","**","0","12","-","**","-","**","-","**","0","12","-","**","-","**","(X)","(X)","(X)","(X)","(X)","(X)","(X)","(X)","-","**","-","**","-","**","-","**","-","**","0","12","-","**","0","12","-","**","0","12","-","**","-","**","-","**","0","12","-","**","-","**","(X)","(X)","(X)","(X)","(X)","(X)","(X)","(X)","-","**","-","**","-","**","-","**","-","**","0","12","-","**","0","12","-","**","0","12","-","**","-","**","-","**","0","12","-","**","-","**","(X)","(X)","(X)","(X)","(X)","(X)","(X)","(X)","-","**","-","**","-","**","-","**","-","**","0","12","-","**","(X)","(X)","(X)","(X)","(X)","(X)","(X)","(X)","(X)","(X)","(X)","(X)","0","12","-","**","-","**","-","**","-","**","(X)","(X)","(X)","(X)","-","**","-","**","-","**","-","**","-","**",
